 ,Location:,37.878547,-122.241431
 ,Fail rate:,0.00
 ,ID:,805307380
Index,Time,Battery Level (mV)
0,2021-05-18 20:01:33,3450,21.5,21.289062,21.453125,21.59375,21.625,21.625,21.578125,21.648438,21.609375,21.609375,21.710938,21.773438,21.507812,21.453125,21.40625,21.335938,21.304688
1,2021-05-18 20:01:48,3468,21.507812,21.257812,21.414062,21.546875,21.59375,21.585938,21.539062,21.601562,21.578125,21.578125,21.671875,21.734375,21.484375,21.4375,21.375,21.3125,21.265625
2,2021-05-18 20:02:00,3468,21.492188,21.234375,21.382812,21.515625,21.5625,21.5625,21.507812,21.578125,21.554688,21.554688,21.648438,21.710938,21.476562,21.414062,21.351562,21.289062,21.25
3,2021-05-18 20:02:22,3462,21.484375,21.203125,21.34375,21.445312,21.507812,21.523438,21.460938,21.53125,21.5,21.515625,21.601562,21.671875,21.453125,21.382812,21.304688,21.242188,21.203125
4,2021-05-18 20:15:00,3480,21.289062,21.257812,21.234375,21.351562,21.421875,21.289062,21.1875,21.195312,21.179688,21.195312,21.265625,21.28125,21.265625,21.328125,21.265625,21.085938,21.046875
5,2021-05-18 20:30:00,3474,21.390625,21.484375,21.539062,21.578125,21.601562,21.546875,21.40625,21.382812,21.367188,21.367188,21.382812,21.40625,21.421875,21.398438,21.351562,21.320312,21.320312
6,2021-05-18 20:45:00,3486,21.46875,21.585938,21.671875,21.71875,21.71875,21.671875,21.554688,21.515625,21.492188,21.476562,21.492188,21.515625,21.53125,21.484375,21.429688,21.453125,21.460938
7,2021-05-18 21:00:00,3486,21.523438,21.65625,21.757812,21.8125,21.804688,21.765625,21.65625,21.609375,21.570312,21.5625,21.5625,21.59375,21.617188,21.546875,21.507812,21.539062,21.539062
8,2021-05-18 21:15:00,3486,21.617188,21.742188,21.835938,21.882812,21.890625,21.851562,21.742188,21.703125,21.65625,21.640625,21.648438,21.679688,21.703125,21.640625,21.59375,21.625,21.648438
9,2021-05-18 21:30:00,3492,21.671875,21.804688,21.914062,21.976562,21.96875,21.929688,21.828125,21.773438,21.734375,21.71875,21.71875,21.75,21.773438,21.703125,21.65625,21.695312,21.703125
10,2021-05-18 21:45:00,3486,21.710938,21.828125,21.960938,22.023438,22.03125,21.992188,21.882812,21.835938,21.789062,21.765625,21.757812,21.796875,21.820312,21.765625,21.734375,21.765625,21.789062
11,2021-05-18 22:00:00,3492,21.78125,21.9375,22.039062,22.101562,22.109375,22.0625,21.953125,21.90625,21.859375,21.835938,21.851562,21.867188,21.890625,21.835938,21.796875,21.835938,21.859375
12,2021-05-18 22:15:00,3492,21.875,22.046875,22.15625,22.210938,22.195312,22.164062,22.054688,21.992188,21.945312,21.921875,21.929688,21.960938,21.984375,21.921875,21.882812,21.914062,21.945312
13,2021-05-18 22:30:00,3486,21.9375,22.085938,22.203125,22.257812,22.257812,22.226562,22.125,22.0625,22.007812,21.984375,21.976562,22.015625,22.039062,21.976562,21.9375,21.976562,22.007812
14,2021-05-18 22:45:00,3486,21.976562,22.125,22.242188,22.296875,22.296875,22.273438,22.179688,22.117188,22.054688,22.023438,22.023438,22.046875,22.078125,22.023438,21.984375,22.023438,22.046875
15,2021-05-18 23:00:00,3498,22.007812,22.140625,22.25,22.320312,22.320312,22.296875,22.195312,22.140625,22.078125,22.054688,22.054688,22.085938,22.109375,22.046875,22.015625,22.0625,22.078125
16,2021-05-18 23:15:00,3492,22.023438,22.140625,22.25,22.320312,22.335938,22.320312,22.21875,22.164062,22.101562,22.078125,22.070312,22.101562,22.132812,22.078125,22.046875,22.085938,22.109375
17,2021-05-18 23:30:00,3492,22.03125,22.132812,22.25,22.335938,22.34375,22.328125,22.242188,22.179688,22.117188,22.09375,22.085938,22.125,22.148438,22.09375,22.070312,22.117188,22.125
18,2021-05-18 23:45:00,3492,22.015625,22.101562,22.242188,22.3125,22.335938,22.3125,22.21875,22.164062,22.109375,22.078125,22.078125,22.109375,22.140625,22.085938,22.070312,22.117188,22.132812
19,2021-05-19 00:00:00,3498,22.007812,22.101562,22.234375,22.320312,22.328125,22.3125,22.226562,22.164062,22.117188,22.085938,22.085938,22.117188,22.140625,22.101562,22.085938,22.117188,22.140625
20,2021-05-19 00:15:00,3498,22.0,22.101562,22.226562,22.320312,22.328125,22.3125,22.21875,22.164062,22.125,22.085938,22.085938,22.117188,22.140625,22.085938,22.085938,22.125,22.148438
21,2021-05-19 00:30:00,3498,22.0,22.085938,22.210938,22.296875,22.328125,22.3125,22.21875,22.148438,22.109375,22.078125,22.070312,22.101562,22.125,22.070312,22.0625,22.117188,22.132812
22,2021-05-19 00:45:00,3498,21.96875,22.054688,22.1875,22.265625,22.289062,22.265625,22.171875,22.117188,22.0625,22.03125,22.015625,22.039062,22.070312,22.023438,22.015625,22.070312,22.09375
23,2021-05-19 01:00:00,3498,21.929688,21.984375,22.140625,22.210938,22.242188,22.21875,22.132812,22.070312,22.023438,21.984375,21.96875,21.992188,22.023438,21.984375,21.976562,22.046875,22.070312
24,2021-05-19 01:15:00,3504,21.882812,21.9375,22.078125,22.164062,22.179688,22.164062,22.070312,22.015625,21.984375,21.9375,21.921875,21.9375,21.960938,21.921875,21.90625,21.984375,22.007812
25,2021-05-19 01:30:00,3498,21.820312,21.828125,21.976562,22.0625,22.09375,22.085938,22.0,21.945312,21.914062,21.867188,21.84375,21.859375,21.890625,21.84375,21.828125,21.90625,21.921875
26,2021-05-19 01:45:00,3498,21.695312,21.609375,21.796875,21.914062,21.96875,21.96875,21.890625,21.828125,21.804688,21.765625,21.734375,21.757812,21.789062,21.75,21.726562,21.804688,21.804688
27,2021-05-19 02:00:00,3498,21.570312,21.476562,21.664062,21.773438,21.828125,21.84375,21.765625,21.710938,21.703125,21.65625,21.617188,21.625,21.671875,21.625,21.585938,21.679688,21.671875
28,2021-05-19 02:15:00,3498,21.421875,21.34375,21.53125,21.65625,21.703125,21.710938,21.632812,21.585938,21.570312,21.523438,21.476562,21.476562,21.523438,21.492188,21.453125,21.546875,21.546875
29,2021-05-19 02:30:00,3510,21.28125,21.140625,21.359375,21.5,21.5625,21.5625,21.484375,21.421875,21.4375,21.390625,21.335938,21.335938,21.382812,21.351562,21.304688,21.421875,21.421875
30,2021-05-19 02:45:00,3504,21.078125,20.898438,21.140625,21.289062,21.351562,21.359375,21.289062,21.234375,21.265625,21.234375,21.164062,21.15625,21.226562,21.1875,21.125,21.25,21.257812
31,2021-05-19 03:00:00,3498,20.867188,20.601562,20.867188,21.0625,21.140625,21.15625,21.078125,21.023438,21.078125,21.046875,20.976562,20.945312,21.03125,20.992188,20.9375,21.085938,21.078125
32,2021-05-19 03:15:00,3498,20.609375,20.28125,20.585938,20.789062,20.875,20.882812,20.8125,20.75,20.828125,20.796875,20.710938,20.671875,20.765625,20.71875,20.664062,20.835938,20.804688
33,2021-05-19 03:30:00,3498,20.3125,19.914062,20.25,20.476562,20.578125,20.578125,20.5,20.476562,20.5625,20.5625,20.476562,20.429688,20.5,20.46875,20.398438,20.578125,20.53125
34,2021-05-19 03:45:00,3504,20.117188,19.804688,20.109375,20.328125,20.429688,20.429688,20.351562,20.328125,20.421875,20.429688,20.359375,20.3125,20.375,20.335938,20.265625,20.4375,20.414062
35,2021-05-19 04:00:00,3504,19.96875,19.671875,19.992188,20.195312,20.289062,20.289062,20.21875,20.203125,20.296875,20.3125,20.234375,20.179688,20.25,20.21875,20.140625,20.304688,20.257812
36,2021-05-19 04:15:00,3504,19.8125,19.5,19.820312,20.039062,20.15625,20.148438,20.070312,20.054688,20.171875,20.1875,20.125,20.0625,20.125,20.078125,20.0,20.179688,20.15625
37,2021-05-19 04:30:00,3498,19.671875,19.390625,19.695312,19.914062,20.023438,20.015625,19.9375,19.929688,20.03125,20.0625,20.0,19.953125,20.007812,19.953125,19.875,20.039062,20.007812
38,2021-05-19 04:45:00,3504,19.703125,19.554688,19.78125,19.9375,20.015625,20.007812,19.929688,19.929688,20.007812,20.046875,20.007812,19.976562,20.015625,19.960938,19.875,20.015625,20.0
39,2021-05-19 05:00:00,3498,19.664062,19.40625,19.726562,19.914062,20.0,19.992188,19.90625,19.890625,20.0,20.023438,19.976562,19.929688,19.960938,19.921875,19.84375,19.976562,19.9375
40,2021-05-19 05:15:00,3504,19.570312,19.320312,19.585938,19.78125,19.882812,19.882812,19.8125,19.804688,19.890625,19.929688,19.875,19.835938,19.882812,19.828125,19.75,19.890625,19.875
41,2021-05-19 05:30:00,3504,19.570312,19.390625,19.617188,19.78125,19.875,19.867188,19.78125,19.773438,19.867188,19.90625,19.867188,19.835938,19.882812,19.828125,19.75,19.867188,19.867188
42,2021-05-19 05:45:00,3504,19.554688,19.367188,19.59375,19.75,19.859375,19.84375,19.757812,19.742188,19.835938,19.867188,19.8125,19.78125,19.84375,19.8125,19.742188,19.851562,19.859375
43,2021-05-19 06:00:00,3498,19.664062,19.625,19.789062,19.898438,19.9375,19.914062,19.820312,19.84375,19.90625,19.960938,19.945312,19.921875,19.945312,19.890625,19.820312,19.914062,19.9375
44,2021-05-19 06:15:00,3498,19.945312,20.070312,20.195312,20.226562,20.21875,20.179688,20.078125,20.085938,20.132812,20.203125,20.21875,20.210938,20.203125,20.132812,20.039062,20.117188,20.164062
45,2021-05-19 06:30:00,3504,20.203125,20.3125,20.445312,20.46875,20.453125,20.421875,20.3125,20.320312,20.359375,20.40625,20.40625,20.398438,20.398438,20.320312,20.234375,20.304688,20.34375
46,2021-05-19 06:45:00,3504,20.1875,20.085938,20.28125,20.421875,20.476562,20.453125,20.367188,20.351562,20.40625,20.421875,20.382812,20.367188,20.398438,20.34375,20.273438,20.359375,20.367188
47,2021-05-19 07:00:00,3504,20.054688,19.820312,20.0625,20.242188,20.335938,20.335938,20.257812,20.226562,20.304688,20.296875,20.257812,20.234375,20.289062,20.242188,20.171875,20.289062,20.28125
48,2021-05-19 07:15:00,3504,19.914062,19.640625,19.882812,20.0625,20.164062,20.179688,20.117188,20.09375,20.171875,20.195312,20.148438,20.132812,20.179688,20.132812,20.0625,20.195312,20.195312
49,2021-05-19 07:30:00,3504,19.828125,19.601562,19.8125,19.976562,20.070312,20.078125,20.015625,20.0,20.09375,20.117188,20.09375,20.070312,20.117188,20.0625,20.0,20.117188,20.125
50,2021-05-19 07:45:00,3510,19.851562,19.773438,19.953125,20.0625,20.117188,20.117188,20.039062,20.054688,20.109375,20.15625,20.125,20.101562,20.125,20.070312,20.0,20.117188,20.125
51,2021-05-19 08:00:00,3504,20.046875,20.109375,20.242188,20.296875,20.320312,20.296875,20.203125,20.210938,20.25,20.304688,20.3125,20.304688,20.304688,20.234375,20.148438,20.234375,20.28125
52,2021-05-19 08:15:00,3510,20.273438,20.382812,20.5,20.546875,20.546875,20.523438,20.414062,20.414062,20.453125,20.492188,20.5,20.492188,20.492188,20.414062,20.328125,20.398438,20.453125
53,2021-05-19 08:30:00,3504,20.148438,19.851562,20.085938,20.351562,20.492188,20.46875,20.382812,20.351562,20.429688,20.398438,20.320312,20.289062,20.367188,20.328125,20.265625,20.382812,20.359375
54,2021-05-19 08:45:00,3504,19.664062,19.101562,19.453125,19.789062,20.0,20.0,19.9375,19.90625,20.054688,20.046875,19.929688,19.898438,19.992188,19.9375,19.859375,20.0625,20.023438
55,2021-05-19 09:00:00,3504,19.3125,18.90625,19.164062,19.4375,19.640625,19.632812,19.578125,19.585938,19.710938,19.726562,19.632812,19.609375,19.695312,19.632812,19.570312,19.765625,19.75
56,2021-05-19 09:15:00,3498,19.484375,19.46875,19.632812,19.726562,19.765625,19.757812,19.679688,19.710938,19.773438,19.820312,19.789062,19.773438,19.796875,19.75,19.671875,19.789062,19.828125
57,2021-05-19 09:30:00,3504,19.78125,19.890625,20.007812,20.039062,20.054688,20.023438,19.921875,19.9375,19.992188,20.0625,20.070312,20.0625,20.0625,19.992188,19.898438,19.976562,20.039062
58,2021-05-19 09:45:00,3510,20.09375,20.273438,20.390625,20.390625,20.367188,20.328125,20.210938,20.21875,20.257812,20.328125,20.351562,20.34375,20.335938,20.257812,20.15625,20.226562,20.289062
59,2021-05-19 10:00:00,3504,20.320312,20.460938,20.59375,20.617188,20.601562,20.5625,20.453125,20.4375,20.46875,20.5,20.523438,20.523438,20.523438,20.429688,20.335938,20.414062,20.46875
60,2021-05-19 10:15:00,3498,20.382812,20.34375,20.53125,20.625,20.65625,20.640625,20.539062,20.515625,20.539062,20.546875,20.523438,20.523438,20.539062,20.46875,20.398438,20.484375,20.492188
61,2021-05-19 10:30:00,3498,20.21875,20.015625,20.25,20.40625,20.476562,20.476562,20.40625,20.375,20.414062,20.414062,20.359375,20.351562,20.390625,20.34375,20.289062,20.382812,20.382812
62,2021-05-19 10:45:00,3504,20.046875,19.78125,20.03125,20.210938,20.304688,20.3125,20.242188,20.210938,20.265625,20.257812,20.203125,20.195312,20.234375,20.195312,20.140625,20.265625,20.257812
63,2021-05-19 11:00:00,3504,19.8125,19.429688,19.6875,19.914062,20.039062,20.0625,20.0,19.976562,20.0625,20.070312,20.007812,19.984375,20.054688,20.007812,19.96875,20.09375,20.078125
64,2021-05-19 11:15:00,3498,19.757812,19.609375,19.820312,19.9375,20.0,20.007812,19.945312,19.953125,20.007812,20.039062,20.0,19.976562,20.0,19.960938,19.898438,20.015625,20.015625
65,2021-05-19 11:30:00,3504,19.898438,19.875,20.023438,20.101562,20.140625,20.132812,20.046875,20.054688,20.109375,20.148438,20.140625,20.140625,20.140625,20.070312,20.0,20.09375,20.132812
66,2021-05-19 11:45:00,3498,20.09375,20.125,20.257812,20.304688,20.320312,20.304688,20.210938,20.203125,20.25,20.304688,20.3125,20.3125,20.304688,20.226562,20.148438,20.226562,20.289062
67,2021-05-19 12:00:00,3504,20.226562,20.25,20.382812,20.445312,20.453125,20.4375,20.34375,20.328125,20.367188,20.40625,20.40625,20.414062,20.40625,20.328125,20.25,20.328125,20.390625
68,2021-05-19 12:15:00,3510,20.078125,19.726562,19.875,20.132812,20.359375,20.351562,20.265625,20.203125,20.265625,20.21875,20.109375,20.0625,20.140625,20.140625,20.109375,20.234375,20.242188
69,2021-05-19 12:30:00,3498,19.40625,18.695312,19.070312,19.484375,19.765625,19.757812,19.695312,19.65625,19.796875,19.773438,19.625,19.578125,19.679688,19.648438,19.578125,19.820312,19.75
70,2021-05-19 12:45:00,3504,18.851562,18.117188,18.28125,18.679688,19.21875,19.21875,19.109375,19.054688,19.1875,19.117188,18.9375,18.835938,18.929688,18.992188,18.976562,19.242188,19.265625
71,2021-05-19 13:00:00,3504,18.84375,18.664062,18.71875,18.875,19.09375,19.09375,18.96875,18.96875,19.023438,19.0625,19.023438,18.960938,18.96875,18.945312,18.898438,19.015625,19.09375
72,2021-05-19 13:15:00,3498,19.148438,19.195312,19.28125,19.3125,19.34375,19.335938,19.242188,19.234375,19.289062,19.367188,19.375,19.328125,19.3125,19.257812,19.171875,19.242188,19.289062
73,2021-05-19 13:30:00,3504,19.328125,19.375,19.484375,19.523438,19.523438,19.523438,19.421875,19.421875,19.476562,19.539062,19.546875,19.523438,19.523438,19.460938,19.359375,19.421875,19.460938
74,2021-05-19 13:45:00,3504,19.523438,19.601562,19.703125,19.75,19.734375,19.71875,19.625,19.617188,19.671875,19.742188,19.765625,19.75,19.742188,19.679688,19.585938,19.632812,19.671875
75,2021-05-19 14:00:00,3504,19.6875,19.734375,19.859375,19.914062,19.90625,19.890625,19.796875,19.789062,19.828125,19.882812,19.898438,19.890625,19.898438,19.84375,19.75,19.796875,19.835938
76,2021-05-19 14:15:00,3504,19.601562,19.382812,19.554688,19.765625,19.851562,19.835938,19.757812,19.734375,19.796875,19.796875,19.726562,19.703125,19.75,19.742188,19.6875,19.773438,19.742188
77,2021-05-19 14:30:00,3498,19.320312,18.890625,19.015625,19.273438,19.570312,19.570312,19.476562,19.40625,19.5,19.476562,19.351562,19.289062,19.390625,19.398438,19.359375,19.484375,19.492188
78,2021-05-19 14:45:00,3498,19.351562,19.25,19.351562,19.460938,19.539062,19.539062,19.460938,19.445312,19.492188,19.546875,19.53125,19.492188,19.507812,19.46875,19.390625,19.46875,19.492188
79,2021-05-19 15:00:00,3504,19.53125,19.546875,19.648438,19.695312,19.710938,19.703125,19.632812,19.625,19.664062,19.71875,19.726562,19.71875,19.71875,19.664062,19.585938,19.632812,19.671875
80,2021-05-19 15:15:00,3504,19.695312,19.789062,19.890625,19.921875,19.90625,19.898438,19.804688,19.796875,19.835938,19.90625,19.921875,19.914062,19.921875,19.859375,19.78125,19.828125,19.867188
81,2021-05-19 15:30:00,3504,19.921875,20.046875,20.148438,20.164062,20.140625,20.117188,20.007812,20.007812,20.046875,20.109375,20.132812,20.140625,20.132812,20.070312,19.992188,20.039062,20.078125
82,2021-05-19 15:45:00,3498,20.09375,20.195312,20.289062,20.3125,20.296875,20.28125,20.195312,20.1875,20.203125,20.242188,20.257812,20.265625,20.265625,20.210938,20.15625,20.1875,20.21875
83,2021-05-19 16:00:00,3504,20.140625,20.148438,20.257812,20.320312,20.320312,20.320312,20.257812,20.226562,20.25,20.273438,20.265625,20.273438,20.28125,20.25,20.203125,20.25,20.273438
84,2021-05-19 16:15:00,3504,20.109375,20.039062,20.15625,20.21875,20.242188,20.242188,20.1875,20.171875,20.195312,20.210938,20.195312,20.195312,20.21875,20.179688,20.140625,20.21875,20.234375
85,2021-05-19 16:30:00,3504,20.039062,19.945312,20.039062,20.117188,20.140625,20.15625,20.101562,20.078125,20.117188,20.125,20.101562,20.09375,20.109375,20.078125,20.023438,20.140625,20.164062
86,2021-05-19 16:45:00,3498,19.984375,19.875,19.976562,20.039062,20.054688,20.078125,20.023438,20.015625,20.054688,20.054688,20.039062,20.023438,20.039062,20.007812,19.953125,20.070312,20.109375
87,2021-05-19 17:00:00,3504,19.921875,19.804688,19.914062,19.984375,20.015625,20.023438,19.976562,19.96875,20.007812,20.015625,19.984375,19.984375,19.992188,19.960938,19.90625,20.03125,20.054688
88,2021-05-19 17:15:00,3498,19.890625,19.820312,19.921875,19.984375,20.0,20.015625,19.960938,19.945312,19.984375,20.0,19.96875,19.960938,19.96875,19.9375,19.882812,20.007812,20.046875
89,2021-05-19 17:30:00,3498,19.890625,19.851562,19.953125,20.0,20.0,20.023438,19.960938,19.953125,19.992188,20.0,19.984375,19.96875,19.984375,19.945312,19.882812,20.007812,20.070312
90,2021-05-19 17:45:00,3504,19.914062,19.890625,19.992188,20.039062,20.046875,20.046875,19.992188,19.96875,20.015625,20.039062,20.023438,20.03125,20.046875,20.007812,19.953125,20.0625,20.109375
91,2021-05-19 18:00:00,3498,20.0,20.015625,20.101562,20.125,20.125,20.125,20.054688,20.054688,20.085938,20.109375,20.117188,20.117188,20.132812,20.09375,20.046875,20.132812,20.164062
92,2021-05-19 18:15:00,3504,20.101562,20.148438,20.226562,20.242188,20.234375,20.242188,20.171875,20.171875,20.1875,20.210938,20.210938,20.21875,20.21875,20.179688,20.140625,20.210938,20.234375
93,2021-05-19 18:30:00,3498,20.164062,20.1875,20.265625,20.289062,20.296875,20.304688,20.234375,20.234375,20.25,20.273438,20.257812,20.273438,20.273438,20.242188,20.203125,20.257812,20.289062
94,2021-05-19 18:45:00,3504,20.257812,20.304688,20.375,20.390625,20.390625,20.398438,20.335938,20.320312,20.34375,20.359375,20.359375,20.359375,20.367188,20.328125,20.289062,20.335938,20.359375
95,2021-05-19 19:00:00,3504,20.296875,20.335938,20.40625,20.4375,20.4375,20.445312,20.375,20.359375,20.382812,20.390625,20.390625,20.390625,20.40625,20.375,20.335938,20.398438,20.421875
96,2021-05-19 19:15:00,3498,20.398438,20.46875,20.539062,20.546875,20.539062,20.539062,20.46875,20.460938,20.46875,20.484375,20.492188,20.507812,20.507812,20.46875,20.4375,20.476562,20.5
97,2021-05-19 19:30:00,3498,20.523438,20.609375,20.679688,20.6875,20.664062,20.664062,20.59375,20.585938,20.59375,20.617188,20.617188,20.625,20.617188,20.578125,20.539062,20.578125,20.601562
98,2021-05-19 19:45:00,3504,20.59375,20.648438,20.742188,20.773438,20.765625,20.75,20.671875,20.664062,20.671875,20.679688,20.6875,20.6875,20.703125,20.664062,20.625,20.664062,20.695312
99,2021-05-19 20:00:00,3504,20.65625,20.710938,20.820312,20.859375,20.851562,20.84375,20.773438,20.742188,20.75,20.773438,20.773438,20.78125,20.796875,20.75,20.710938,20.75,20.796875
100,2021-05-19 20:15:00,3504,20.71875,20.78125,20.890625,20.945312,20.945312,20.929688,20.84375,20.828125,20.828125,20.84375,20.851562,20.84375,20.875,20.84375,20.8125,20.851562,20.890625
101,2021-05-19 20:30:00,3504,20.796875,20.882812,20.992188,21.039062,21.039062,21.023438,20.9375,20.914062,20.914062,20.929688,20.929688,20.9375,20.953125,20.914062,20.882812,20.9375,20.976562
102,2021-05-19 20:45:00,3522,20.929688,21.046875,21.117188,21.210938,21.179688,21.203125,21.164062,21.09375,21.070312,21.140625,21.148438,21.140625,21.15625,21.15625,21.132812,21.078125,21.0625
103,2021-05-19 21:00:00,3492,21.023438,21.109375,21.195312,21.242188,21.273438,21.3125,21.4375,21.570312,21.335938,21.367188,21.296875,21.273438,21.265625,21.242188,21.242188,21.210938,21.148438
104,2021-05-19 21:15:00,3492,21.0625,20.96875,21.023438,21.210938,21.289062,21.351562,21.375,21.40625,21.375,21.328125,21.3125,21.304688,21.328125,21.34375,21.296875,21.304688,21.234375
105,2021-05-19 21:30:00,3498,21.109375,21.007812,21.039062,21.234375,21.304688,21.375,21.390625,21.414062,21.398438,21.34375,21.34375,21.328125,21.359375,21.390625,21.34375,21.34375,21.273438
106,2021-05-19 21:45:00,3492,21.140625,20.992188,21.046875,21.242188,21.328125,21.375,21.382812,21.40625,21.40625,21.351562,21.34375,21.351562,21.375,21.414062,21.367188,21.367188,21.296875
107,2021-05-19 22:00:00,3528,20.835938,19.289062,19.179688,19.304688,19.445312,19.695312,20.203125,20.578125,21.5,24.703125,25.875,21.648438,21.40625,21.890625,22.617188,24.890625,24.023438
108,2021-05-19 22:15:00,3522,22.054688,20.84375,21.0625,21.03125,21.039062,21.148438,21.179688,21.28125,21.773438,23.5625,20.09375,16.710938,15.78125,15.7109375,15.6796875,15.453125,15.203125
109,2021-05-19 22:30:00,3522,21.898438,20.351562,20.476562,20.554688,20.679688,20.679688,20.820312,20.773438,20.859375,22.132812,19.867188,16.34375,15.3203125,15.2421875,15.2578125,15.15625,15.03125
110,2021-05-19 22:45:00,3522,22.523438,20.53125,20.648438,20.84375,21.117188,21.34375,21.601562,21.789062,22.210938,22.960938,19.867188,16.382812,15.28125,15.171875,15.1875,15.1171875,15.0078125
111,2021-05-19 23:00:00,3522,22.234375,19.8125,19.992188,20.21875,20.53125,20.757812,21.039062,21.242188,21.664062,22.6875,19.867188,16.46875,15.2890625,15.140625,15.1484375,15.1015625,15.0078125
112,2021-05-19 23:15:00,3528,21.585938,19.0625,18.984375,18.929688,18.9375,18.90625,18.828125,18.75,18.703125,21.578125,19.882812,16.570312,15.3125,15.125,15.1328125,15.078125,14.9921875
113,2021-05-19 23:30:00,3522,18.28125,16.539062,16.421875,16.414062,16.382812,16.390625,16.335938,16.273438,16.070312,20.21875,19.898438,16.671875,15.359375,15.1171875,15.125,15.078125,14.9921875
114,2021-05-19 23:45:00,3522,17.085938,16.398438,16.335938,16.320312,16.289062,16.296875,16.242188,16.171875,15.9921875,19.382812,19.875,16.773438,15.40625,15.1171875,15.109375,15.0703125,15.0
115,2021-05-20 00:00:00,3516,16.015625,15.46875,15.4140625,15.4140625,15.375,15.375,15.328125,15.25,15.0546875,18.8125,19.789062,16.867188,15.4453125,15.125,15.09375,15.0625,14.9921875
116,2021-05-20 00:15:00,3528,15.015625,14.59375,14.5234375,14.5234375,14.4921875,14.5,14.453125,14.3828125,14.1953125,18.15625,19.664062,16.953125,15.5,15.1328125,15.1015625,15.0625,14.984375
117,2021-05-20 00:30:00,3522,14.25,14.0390625,13.9609375,13.9375,13.875,13.90625,13.8359375,13.7421875,13.546875,17.726562,19.5,17.03125,15.5546875,15.140625,15.09375,15.0546875,14.984375
118,2021-05-20 00:45:00,3528,14.046875,14.0625,13.9453125,13.921875,13.84375,13.859375,13.796875,13.71875,13.5078125,17.375,19.320312,17.09375,15.609375,15.1484375,15.09375,15.0546875,14.9921875
119,2021-05-20 01:00:00,3522,13.4609375,13.4375,13.3671875,13.3515625,13.2890625,13.28125,13.2109375,13.1171875,12.9140625,17.007812,19.140625,17.148438,15.6484375,15.1640625,15.0859375,15.0546875,14.984375
120,2021-05-20 01:15:00,3522,12.9140625,12.7890625,12.71875,12.7109375,12.65625,12.65625,12.6015625,12.5,12.3203125,16.578125,18.945312,17.1875,15.703125,15.171875,15.0859375,15.046875,14.9921875
121,2021-05-20 01:30:00,3522,12.390625,12.4453125,12.3828125,12.375,12.3125,12.3125,12.2421875,12.1484375,11.953125,16.25,18.757812,17.210938,15.7578125,15.1953125,15.09375,15.046875,14.9921875
122,2021-05-20 01:45:00,3516,11.84375,11.953125,11.9140625,11.90625,11.859375,11.859375,11.8125,11.7265625,11.5625,16.007812,18.570312,17.234375,15.8046875,15.2109375,15.0859375,15.0390625,14.9921875
123,2021-05-20 02:00:00,3522,11.2734375,11.53125,11.4375,11.4375,11.359375,11.34375,11.2890625,11.1796875,10.9375,15.71875,18.390625,17.234375,15.84375,15.234375,15.09375,15.0390625,14.9921875
124,2021-05-20 02:15:00,3522,10.96875,11.3984375,11.328125,11.3046875,11.234375,11.2265625,11.15625,11.0390625,10.8203125,15.375,18.210938,17.234375,15.890625,15.2578125,15.1015625,15.046875,14.9921875
125,2021-05-20 02:30:00,3522,10.4765625,10.734375,10.6640625,10.6484375,10.6171875,10.6171875,10.5546875,10.484375,10.3046875,15.140625,18.039062,17.226562,15.9296875,15.2734375,15.1015625,15.0390625,15.0
126,2021-05-20 02:45:00,3510,10.25,10.7265625,10.6875,10.6484375,10.5703125,10.5390625,10.4453125,10.328125,10.0859375,14.8515625,17.875,17.210938,15.96875,15.296875,15.109375,15.046875,15.0
127,2021-05-20 03:00:00,3510,9.609375,9.796875,9.703125,9.6953125,9.6328125,9.609375,9.515625,9.3984375,9.15625,14.5234375,17.695312,17.1875,16.0,15.3203125,15.109375,15.046875,15.0078125
128,2021-05-20 03:15:00,3522,9.109375,9.53125,9.4140625,9.3984375,9.296875,9.28125,9.2109375,9.078125,8.8203125,14.171875,17.53125,17.164062,16.03125,15.34375,15.125,15.046875,15.0078125
129,2021-05-20 03:30:00,3516,8.6640625,8.984375,8.9375,8.9140625,8.8828125,8.875,8.8046875,8.71875,8.5625,13.84375,17.375,17.125,16.0625,15.359375,15.1328125,15.0546875,15.0078125
130,2021-05-20 03:45:00,3522,8.2421875,8.53125,8.4375,8.4140625,8.34375,8.34375,8.2890625,8.1953125,8.0390625,13.5703125,17.210938,17.09375,16.085938,15.3828125,15.1328125,15.0546875,15.0078125
131,2021-05-20 04:00:00,3522,7.7421875,8.140625,8.0703125,8.0546875,7.9921875,7.96875,7.8828125,7.7734375,7.5546875,13.3671875,17.046875,17.054688,16.109375,15.40625,15.1484375,15.0625,15.0234375
132,2021-05-20 04:15:00,3510,7.3671875,7.8515625,7.78125,7.765625,7.6953125,7.6875,7.6328125,7.53125,7.328125,13.1015625,16.882812,17.007812,16.132812,15.4296875,15.15625,15.0625,15.0234375
133,2021-05-20 04:30:00,3516,7.2109375,7.9609375,7.9296875,7.8984375,7.8359375,7.8046875,7.71875,7.59375,7.3671875,12.890625,16.726562,16.96875,16.140625,15.4453125,15.171875,15.0625,15.0234375
134,2021-05-20 04:45:00,3522,7.0,7.46875,7.40625,7.390625,7.3203125,7.3046875,7.2265625,7.125,6.953125,12.6875,16.5625,16.921875,16.15625,15.4765625,15.1796875,15.0625,15.03125
135,2021-05-20 05:00:00,3510,6.7265625,7.2265625,7.1640625,7.125,7.0390625,7.0,6.921875,6.8203125,6.671875,12.484375,16.414062,16.875,16.164062,15.4921875,15.1953125,15.0703125,15.0390625
136,2021-05-20 05:15:00,3510,6.46875,6.921875,6.859375,6.84375,6.7890625,6.78125,6.734375,6.671875,6.515625,12.2890625,16.265625,16.8125,16.171875,15.515625,15.203125,15.078125,15.0390625
137,2021-05-20 05:30:00,3522,6.3984375,6.953125,6.9140625,6.8671875,6.7890625,6.7421875,6.6640625,6.578125,6.4609375,12.0625,16.117188,16.757812,16.179688,15.53125,15.2109375,15.0859375,15.0390625
138,2021-05-20 05:45:00,3516,6.203125,6.734375,6.6796875,6.65625,6.5859375,6.5546875,6.5,6.421875,6.3125,11.859375,15.9609375,16.710938,16.1875,15.5546875,15.2265625,15.0859375,15.046875
139,2021-05-20 06:00:00,3510,6.125,6.71875,6.671875,6.6484375,6.578125,6.5625,6.5078125,6.4140625,6.28125,11.65625,15.8203125,16.648438,16.179688,15.5625,15.234375,15.1015625,15.0625
140,2021-05-20 06:15:00,3510,6.0078125,6.5625,6.5078125,6.484375,6.390625,6.359375,6.2890625,6.1796875,6.015625,11.515625,15.6875,16.585938,16.179688,15.578125,15.25,15.09375,15.0625
141,2021-05-20 06:30:00,3510,5.8046875,6.234375,6.1796875,6.1796875,6.1328125,6.1484375,6.0859375,6.0078125,5.8359375,11.34375,15.546875,16.523438,16.179688,15.6015625,15.2578125,15.1015625,15.0703125
142,2021-05-20 06:45:00,3498,5.609375,6.2421875,6.1875,6.171875,6.109375,6.109375,6.046875,5.9296875,5.7421875,11.140625,15.40625,16.460938,16.171875,15.609375,15.2734375,15.109375,15.078125
143,2021-05-20 07:00:00,3504,5.3828125,5.9609375,5.90625,5.875,5.8046875,5.7734375,5.71875,5.640625,5.4765625,10.96875,15.2734375,16.398438,16.15625,15.625,15.28125,15.1171875,15.078125
144,2021-05-20 07:15:00,3510,5.2890625,5.859375,5.78125,5.75,5.6796875,5.671875,5.6171875,5.5390625,5.390625,10.8359375,15.140625,16.34375,16.148438,15.640625,15.296875,15.1328125,15.0859375
145,2021-05-20 07:30:00,3504,5.0859375,5.59375,5.5546875,5.53125,5.484375,5.453125,5.375,5.2578125,5.0859375,10.71875,15.015625,16.273438,16.140625,15.6484375,15.3046875,15.140625,15.09375
146,2021-05-20 07:45:00,3504,4.8984375,5.4296875,5.390625,5.390625,5.359375,5.3671875,5.3046875,5.2421875,5.1015625,10.546875,14.8828125,16.210938,16.132812,15.6640625,15.3125,15.140625,15.1015625
147,2021-05-20 08:00:00,3504,4.875,5.4921875,5.4609375,5.4453125,5.3828125,5.359375,5.296875,5.1875,5.0546875,10.4375,14.7578125,16.140625,16.117188,15.671875,15.328125,15.15625,15.109375
148,2021-05-20 08:15:00,3510,4.796875,5.3359375,5.265625,5.2421875,5.1640625,5.140625,5.078125,4.9609375,4.7734375,10.3203125,14.640625,16.078125,16.101562,15.671875,15.3359375,15.15625,15.109375
149,2021-05-20 08:30:00,3498,4.71875,5.25,5.21875,5.1875,5.140625,5.1328125,5.0859375,5.0,4.859375,10.21875,14.515625,16.007812,16.078125,15.6796875,15.3515625,15.1640625,15.1171875
150,2021-05-20 08:45:00,3504,4.578125,5.0546875,5.0,4.9921875,4.953125,4.984375,4.953125,4.9140625,4.8125,10.078125,14.40625,15.9375,16.0625,15.6953125,15.359375,15.171875,15.1328125
151,2021-05-20 09:00:00,3504,4.5078125,4.984375,4.9375,4.921875,4.890625,4.9140625,4.8828125,4.8359375,4.71875,9.9296875,14.296875,15.875,16.039062,15.6875,15.3671875,15.1796875,15.1328125
152,2021-05-20 09:15:00,3498,4.484375,5.0859375,5.03125,5.0234375,4.9453125,4.9140625,4.84375,4.734375,4.5546875,9.8046875,14.1796875,15.8046875,16.015625,15.6953125,15.3828125,15.1953125,15.140625
153,2021-05-20 09:30:00,3504,4.4921875,4.8984375,4.84375,4.8046875,4.71875,4.703125,4.6484375,4.5703125,4.4609375,9.6953125,14.078125,15.7421875,15.9921875,15.703125,15.390625,15.1953125,15.1484375
154,2021-05-20 09:45:00,3504,4.4296875,5.015625,4.984375,4.953125,4.8828125,4.8515625,4.7890625,4.71875,4.6328125,9.546875,13.96875,15.6796875,15.96875,15.703125,15.40625,15.2109375,15.15625
155,2021-05-20 10:00:00,3498,4.3203125,4.7890625,4.75,4.703125,4.6171875,4.5625,4.484375,4.3828125,4.265625,9.4375,13.859375,15.6171875,15.9453125,15.7109375,15.40625,15.2109375,15.15625
156,2021-05-20 10:15:00,3498,4.1328125,4.4375,4.390625,4.375,4.3671875,4.40625,4.3671875,4.328125,4.203125,9.3671875,13.75,15.546875,15.921875,15.703125,15.421875,15.2265625,15.1640625
157,2021-05-20 10:30:00,3504,3.9140625,4.375,4.3359375,4.3046875,4.234375,4.1953125,4.1328125,4.03125,3.8671875,9.2265625,13.6484375,15.4765625,15.890625,15.703125,15.421875,15.234375,15.171875
158,2021-05-20 10:45:00,3492,3.765625,4.234375,4.1796875,4.1640625,4.125,4.1328125,4.0703125,4.015625,3.8984375,9.09375,13.546875,15.40625,15.8671875,15.703125,15.4296875,15.234375,15.1796875
159,2021-05-20 11:00:00,3492,3.765625,4.5625,4.53125,4.515625,4.421875,4.359375,4.2578125,4.1015625,3.8984375,9.0,13.453125,15.3359375,15.84375,15.703125,15.4375,15.2421875,15.1875
160,2021-05-20 11:15:00,3498,3.75,4.3515625,4.3359375,4.3203125,4.2578125,4.25,4.1484375,4.0390625,3.8046875,8.8984375,13.359375,15.2734375,15.8046875,15.6953125,15.4453125,15.25,15.1875
161,2021-05-20 11:30:00,3492,3.5,4.1484375,4.078125,4.0625,3.984375,3.9375,3.859375,3.765625,3.5703125,8.78125,13.25,15.2109375,15.78125,15.6875,15.4453125,15.2578125,15.1875
162,2021-05-20 11:45:00,3492,3.5234375,4.140625,4.109375,4.078125,4.015625,3.984375,3.890625,3.765625,3.5546875,8.71875,13.15625,15.140625,15.7421875,15.6875,15.453125,15.265625,15.203125
163,2021-05-20 12:00:00,3498,3.328125,3.84375,3.765625,3.75,3.6640625,3.65625,3.59375,3.484375,3.3125,8.609375,13.0625,15.078125,15.71875,15.6796875,15.4609375,15.2734375,15.203125
164,2021-05-20 12:15:00,3498,3.328125,3.8984375,3.8359375,3.8203125,3.7421875,3.75,3.6640625,3.5546875,3.3515625,8.5390625,12.96875,15.015625,15.6875,15.671875,15.4609375,15.28125,15.2109375
165,2021-05-20 12:30:00,3498,3.359375,4.1171875,4.078125,4.0546875,3.984375,3.9453125,3.8359375,3.6796875,3.421875,8.4296875,12.875,14.9453125,15.65625,15.6640625,15.46875,15.2890625,15.21875
166,2021-05-20 12:45:00,3492,3.4921875,4.453125,4.40625,4.40625,4.3125,4.296875,4.21875,4.1015625,3.9140625,8.2890625,12.78125,14.875,15.625,15.65625,15.46875,15.2890625,15.21875
167,2021-05-20 13:00:00,3498,3.359375,3.9296875,3.8828125,3.8359375,3.765625,3.734375,3.65625,3.59375,3.4453125,8.234375,12.6953125,14.8125,15.5859375,15.6484375,15.4765625,15.296875,15.21875
168,2021-05-20 13:15:00,3498,3.4609375,4.5078125,4.46875,4.4375,4.3359375,4.2890625,4.1796875,4.0234375,3.765625,8.203125,12.609375,14.7421875,15.5546875,15.640625,15.4765625,15.3046875,15.2265625
169,2021-05-20 13:30:00,3486,3.59375,4.4609375,4.3984375,4.3984375,4.2890625,4.234375,4.1328125,3.9765625,3.734375,8.1953125,12.515625,14.6875,15.515625,15.6328125,15.484375,15.3125,15.2265625
170,2021-05-20 13:45:00,3498,3.8984375,4.609375,4.5625,4.5390625,4.46875,4.4609375,4.3828125,4.25,4.015625,8.265625,12.4375,14.625,15.4765625,15.6171875,15.4765625,15.3125,15.234375
171,2021-05-20 14:00:00,3480,3.9609375,4.546875,4.515625,4.484375,4.4375,4.421875,4.34375,4.234375,4.046875,8.2734375,12.359375,14.5546875,15.4453125,15.6015625,15.4765625,15.3203125,15.234375
172,2021-05-20 14:15:00,3486,6.1796875,7.375,7.2734375,7.2109375,7.1796875,7.3046875,7.1328125,6.8984375,5.0859375,8.3515625,12.2890625,14.4921875,15.40625,15.6015625,15.4765625,15.328125,15.2421875
173,2021-05-20 14:30:00,3486,8.796875,9.3828125,9.1953125,9.1640625,9.1484375,9.34375,9.265625,9.2734375,7.1328125,8.578125,12.2109375,14.4296875,15.375,15.5859375,15.4765625,15.328125,15.2421875
174,2021-05-20 14:45:00,3492,10.7734375,10.59375,10.390625,10.359375,10.359375,10.578125,10.546875,10.65625,10.078125,8.859375,12.1484375,14.3671875,15.34375,15.5703125,15.4765625,15.328125,15.2421875
175,2021-05-20 15:00:00,3492,12.234375,11.734375,11.6484375,11.6484375,11.71875,11.984375,12.0,12.2109375,11.96875,9.3125,12.1015625,14.3046875,15.3046875,15.5546875,15.4765625,15.328125,15.2421875
176,2021-05-20 15:15:00,3492,13.40625,12.359375,12.2265625,12.234375,12.328125,12.6328125,12.6875,13.0,13.171875,9.953125,12.0625,14.25,15.265625,15.53125,15.46875,15.3359375,15.2421875
177,2021-05-20 15:30:00,3498,14.390625,13.4921875,13.3671875,13.359375,13.4140625,13.734375,13.78125,14.1484375,14.3671875,11.2265625,12.0390625,14.1953125,15.2265625,15.5234375,15.46875,15.3359375,15.25
178,2021-05-20 15:45:00,3486,15.2109375,13.921875,13.734375,13.75,13.8203125,14.140625,14.2265625,14.625,14.828125,12.6484375,12.046875,14.1328125,15.1953125,15.5,15.46875,15.3359375,15.25
179,2021-05-20 16:00:00,3498,16.070312,14.703125,14.53125,14.5390625,14.6484375,14.9765625,15.0859375,15.4921875,15.640625,13.65625,12.1015625,14.078125,15.15625,15.4921875,15.4609375,15.3359375,15.25
180,2021-05-20 16:15:00,3486,16.421875,14.4921875,14.4453125,14.484375,14.6640625,15.0546875,15.1953125,15.6640625,16.0625,14.2421875,12.1953125,14.03125,15.1171875,15.46875,15.4609375,15.34375,15.25
181,2021-05-20 16:30:00,3492,16.6875,14.8359375,14.8203125,14.9140625,15.0703125,15.4140625,15.609375,16.085938,16.59375,15.7578125,12.3046875,13.984375,15.078125,15.453125,15.453125,15.34375,15.25
182,2021-05-20 16:45:00,3492,16.726562,14.9375,14.875,14.9609375,15.0703125,15.453125,15.6328125,16.117188,16.632812,16.648438,12.453125,13.953125,15.046875,15.4375,15.4453125,15.34375,15.25
183,2021-05-20 17:00:00,3498,17.171875,14.7890625,14.8671875,15.015625,15.25,15.6640625,15.90625,16.367188,16.945312,17.828125,12.625,13.921875,15.0078125,15.4140625,15.4453125,15.34375,15.25
184,2021-05-20 17:15:00,3498,18.023438,15.9375,16.0,16.085938,16.296875,16.703125,16.890625,17.414062,18.085938,19.0625,12.8359375,13.8984375,14.96875,15.3984375,15.4453125,15.34375,15.2421875
185,2021-05-20 17:30:00,3498,18.671875,16.546875,16.554688,16.609375,16.765625,17.132812,17.359375,17.859375,18.484375,20.070312,13.0703125,13.890625,14.9296875,15.3828125,15.4296875,15.34375,15.2421875
186,2021-05-20 17:45:00,3498,19.15625,17.320312,17.367188,17.507812,17.695312,18.039062,18.28125,18.75,19.304688,20.664062,13.3203125,13.8828125,14.8984375,15.359375,15.4296875,15.34375,15.2421875
187,2021-05-20 18:00:00,3498,19.625,17.132812,17.140625,17.265625,17.460938,17.84375,18.109375,18.585938,19.125,21.0625,13.609375,13.890625,14.8671875,15.34375,15.421875,15.34375,15.2421875
188,2021-05-20 18:15:00,3492,19.90625,17.554688,17.5,17.585938,17.679688,17.96875,18.195312,18.601562,19.140625,21.59375,13.9140625,13.9140625,14.8359375,15.3203125,15.4140625,15.3359375,15.2421875
189,2021-05-20 18:30:00,3498,20.453125,18.304688,18.445312,18.578125,18.710938,19.039062,19.296875,19.710938,20.226562,22.984375,14.21875,13.9375,14.8125,15.3046875,15.3984375,15.328125,15.234375
190,2021-05-20 18:45:00,3498,20.421875,18.773438,19.0,19.164062,19.34375,19.695312,19.960938,20.375,20.851562,23.96875,14.546875,13.984375,14.7890625,15.28125,15.390625,15.3359375,15.234375
191,2021-05-20 19:00:00,3504,21.070312,18.851562,19.171875,19.34375,19.53125,19.828125,20.0625,20.421875,20.882812,24.820312,14.8828125,14.03125,14.765625,15.265625,15.3828125,15.328125,15.2265625
192,2021-05-20 17:45:00,3498,19.15625,17.320312,17.367188,17.507812,17.695312,18.039062,18.28125,18.75,19.304688,20.664062,13.3203125,13.8828125,14.8984375,15.359375,15.4296875,15.34375,15.2421875
193,2021-05-20 18:00:00,3498,19.625,17.132812,17.140625,17.265625,17.460938,17.84375,18.109375,18.585938,19.125,21.0625,13.609375,13.890625,14.8671875,15.34375,15.421875,15.34375,15.2421875
194,2021-05-20 18:15:00,3492,19.90625,17.554688,17.5,17.585938,17.679688,17.96875,18.195312,18.601562,19.140625,21.59375,13.9140625,13.9140625,14.8359375,15.3203125,15.4140625,15.3359375,15.2421875
195,2021-05-20 18:30:00,3498,20.453125,18.304688,18.445312,18.578125,18.710938,19.039062,19.296875,19.710938,20.226562,22.984375,14.21875,13.9375,14.8125,15.3046875,15.3984375,15.328125,15.234375
196,2021-05-20 18:45:00,3498,20.421875,18.773438,19.0,19.164062,19.34375,19.695312,19.960938,20.375,20.851562,23.96875,14.546875,13.984375,14.7890625,15.28125,15.390625,15.3359375,15.234375
197,2021-05-20 19:00:00,3504,21.070312,18.851562,19.171875,19.34375,19.53125,19.828125,20.0625,20.421875,20.882812,24.820312,14.8828125,14.03125,14.765625,15.265625,15.3828125,15.328125,15.2265625
198,2021-05-20 19:15:00,3504,20.945312,18.546875,18.976562,19.1875,19.398438,19.703125,19.945312,20.296875,20.773438,25.148438,15.21875,14.09375,14.7421875,15.2421875,15.375,15.328125,15.2265625
199,2021-05-20 19:30:00,3504,21.1875,18.96875,19.414062,19.648438,19.882812,20.203125,20.429688,20.734375,21.21875,25.664062,15.5625,14.171875,14.734375,15.21875,15.359375,15.3203125,15.2265625
200,2021-05-20 19:45:00,3504,21.335938,18.867188,19.242188,19.421875,19.5625,19.875,20.109375,20.445312,20.921875,25.828125,15.9140625,14.25,14.71875,15.203125,15.3515625,15.3203125,15.21875
201,2021-05-20 20:00:00,3504,20.960938,18.078125,18.40625,18.585938,18.78125,19.0625,19.289062,19.609375,20.070312,25.4375,16.257812,14.34375,14.71875,15.1875,15.34375,15.3125,15.21875
202,2021-05-20 20:15:00,3504,20.898438,18.359375,18.820312,19.09375,19.335938,19.65625,19.9375,20.28125,20.78125,26.007812,16.601562,14.4453125,14.7109375,15.171875,15.328125,15.3046875,15.2109375
203,2021-05-20 20:30:00,3504,21.359375,19.695312,20.039062,20.257812,20.445312,20.710938,20.9375,21.1875,21.671875,26.398438,16.914062,14.5546875,14.7109375,15.15625,15.3203125,15.3046875,15.2109375
204,2021-05-20 20:45:00,3504,21.851562,20.3125,20.539062,20.734375,20.914062,21.15625,21.367188,21.578125,21.96875,26.695312,17.21875,14.671875,14.71875,15.1328125,15.3125,15.296875,15.203125
205,2021-05-20 21:00:00,3510,22.023438,20.382812,20.546875,20.742188,20.914062,21.140625,21.351562,21.578125,22.015625,26.804688,17.507812,14.78125,14.734375,15.1171875,15.296875,15.2890625,15.203125
206,2021-05-20 21:15:00,3504,22.15625,20.453125,20.523438,20.726562,20.882812,21.132812,21.359375,21.609375,22.039062,26.664062,17.796875,14.9140625,14.7421875,15.109375,15.2890625,15.28125,15.1953125
207,2021-05-20 21:30:00,3510,22.375,20.28125,20.4375,20.710938,20.953125,21.1875,21.414062,21.648438,22.0625,26.445312,18.054688,15.0390625,14.765625,15.09375,15.28125,15.28125,15.1953125
208,2021-05-20 21:45:00,3510,22.273438,20.453125,20.617188,20.84375,21.070312,21.28125,21.5,21.640625,21.992188,25.984375,18.304688,15.171875,14.7890625,15.0859375,15.265625,15.2734375,15.1875
209,2021-05-20 22:00:00,3510,22.195312,20.289062,20.453125,20.710938,20.960938,21.203125,21.453125,21.617188,22.0,25.484375,18.523438,15.3046875,14.8125,15.078125,15.2578125,15.2734375,15.1875
210,2021-05-20 22:15:00,3510,22.265625,20.554688,20.734375,20.96875,21.234375,21.46875,21.710938,21.867188,22.234375,24.679688,18.71875,15.4375,14.84375,15.0703125,15.2421875,15.265625,15.1796875
211,2021-05-20 22:30:00,3510,22.179688,20.4375,20.539062,20.742188,20.945312,21.148438,21.382812,21.546875,21.90625,23.945312,18.890625,15.578125,14.8828125,15.0625,15.234375,15.265625,15.1796875
212,2021-05-20 22:45:00,3516,21.867188,19.664062,19.757812,19.921875,20.140625,20.3125,20.53125,20.695312,21.132812,23.234375,19.039062,15.7109375,14.921875,15.0546875,15.2265625,15.2578125,15.171875
213,2021-05-20 23:00:00,3510,21.875,20.039062,20.164062,20.390625,20.640625,20.804688,21.03125,21.21875,21.617188,22.726562,19.15625,15.84375,14.9609375,15.0546875,15.21875,15.25,15.171875
214,2021-05-20 23:15:00,3516,21.304688,18.710938,18.6875,18.6875,18.75,18.765625,18.765625,18.75,18.867188,21.882812,19.257812,15.96875,15.0078125,15.046875,15.2109375,15.2421875,15.1640625
215,2021-05-20 23:30:00,3510,18.375,16.664062,16.554688,16.539062,16.515625,16.539062,16.484375,16.421875,16.210938,20.46875,19.335938,16.09375,15.0546875,15.0625,15.1953125,15.2265625,15.1640625
216,2021-05-20 23:45:00,3510,17.617188,16.71875,16.71875,16.6875,16.710938,16.75,16.71875,16.6875,16.546875,19.9375,19.359375,16.21875,15.109375,15.0546875,15.1953125,15.2265625,15.1640625
217,2021-05-21 00:00:00,3516,17.546875,17.109375,17.109375,17.132812,17.148438,17.21875,17.203125,17.195312,17.070312,20.125,19.320312,16.328125,15.1484375,15.0703125,15.1875,15.2265625,15.15625
218,2021-05-21 00:15:00,3516,16.640625,15.671875,15.6796875,15.7109375,15.75,15.8125,15.8203125,15.828125,15.765625,19.617188,19.25,16.429688,15.203125,15.0703125,15.1796875,15.21875,15.15625
219,2021-05-21 00:30:00,3516,15.8125,14.8828125,14.859375,14.8046875,14.65625,14.8359375,14.8203125,14.8671875,14.625,18.84375,19.148438,16.523438,15.2578125,15.078125,15.171875,15.2109375,15.15625
220,2021-05-21 00:45:00,3510,15.2265625,14.8125,14.7109375,14.6796875,14.640625,14.765625,14.703125,14.6328125,14.484375,18.46875,19.046875,16.617188,15.3125,15.0859375,15.1640625,15.2109375,15.1484375
221,2021-05-21 01:00:00,3516,14.234375,13.96875,13.8671875,13.84375,13.7890625,13.7734375,13.6796875,13.53125,13.234375,17.765625,18.921875,16.6875,15.3671875,15.1015625,15.171875,15.203125,15.1484375
222,2021-05-21 01:15:00,3510,13.59375,13.7109375,13.65625,13.625,13.5625,13.515625,13.3984375,13.2421875,12.9140625,17.234375,18.78125,16.742188,15.421875,15.1171875,15.15625,15.1953125,15.1484375
223,2021-05-21 01:30:00,3516,13.34375,13.7421875,13.6640625,13.6796875,13.59375,13.5625,13.46875,13.3125,12.953125,16.8125,18.632812,16.796875,15.46875,15.1328125,15.1640625,15.1953125,15.1484375
224,2021-05-21 01:45:00,3510,13.046875,13.34375,13.2578125,13.234375,13.1640625,13.140625,13.046875,12.8828125,12.515625,16.539062,18.46875,16.835938,15.53125,15.140625,15.15625,15.1875,15.140625
225,2021-05-21 02:00:00,3516,12.5390625,12.71875,12.6171875,12.59375,12.5078125,12.4765625,12.3671875,12.203125,11.859375,16.257812,18.3125,16.859375,15.578125,15.15625,15.15625,15.1875,15.1484375
226,2021-05-21 02:15:00,3510,12.1640625,12.3671875,12.3125,12.265625,12.1796875,12.140625,12.03125,11.8828125,11.5390625,15.90625,18.148438,16.882812,15.625,15.1796875,15.15625,15.1875,15.140625
227,2021-05-21 02:30:00,3510,11.6796875,11.9921875,11.9453125,11.9140625,11.8515625,11.8203125,11.71875,11.59375,11.3203125,15.6015625,17.984375,16.890625,15.671875,15.1953125,15.15625,15.1796875,15.140625
228,2021-05-21 02:45:00,3510,11.3515625,11.8125,11.765625,11.765625,11.6640625,11.609375,11.4921875,11.3203125,11.0234375,15.2734375,17.828125,16.890625,15.7109375,15.21875,15.1640625,15.1796875,15.140625
229,2021-05-21 03:00:00,3516,11.078125,11.5390625,11.4921875,11.453125,11.3671875,11.328125,11.21875,11.078125,10.7890625,15.0078125,17.671875,16.890625,15.75,15.2421875,15.1640625,15.1796875,15.140625
230,2021-05-21 03:15:00,3510,11.015625,11.3671875,11.3203125,11.28125,11.2109375,11.1796875,11.0859375,10.953125,10.6640625,14.6796875,17.515625,16.882812,15.7890625,15.25,15.171875,15.171875,15.140625
231,2021-05-21 03:30:00,3510,10.5,10.8125,10.7578125,10.6953125,10.6015625,10.5390625,10.4375,10.3046875,10.0625,14.3828125,17.359375,16.867188,15.8203125,15.2734375,15.171875,15.171875,15.1484375
232,2021-05-21 03:45:00,3510,9.96875,10.109375,10.0390625,10.0078125,9.9375,9.9140625,9.8125,9.65625,9.375,14.125,17.210938,16.851562,15.8515625,15.296875,15.1796875,15.171875,15.140625
233,2021-05-21 04:00:00,3510,9.453125,9.6796875,9.6328125,9.625,9.59375,9.625,9.59375,9.546875,9.390625,13.7890625,17.054688,16.828125,15.875,15.3203125,15.1875,15.171875,15.140625
234,2021-05-21 04:15:00,3504,9.2421875,9.828125,9.7890625,9.78125,9.6796875,9.640625,9.5546875,9.4140625,9.171875,13.546875,16.898438,16.796875,15.8984375,15.34375,15.1875,15.171875,15.140625
235,2021-05-21 04:30:00,3510,8.9375,9.390625,9.34375,9.3125,9.25,9.234375,9.1484375,9.0390625,8.796875,13.390625,16.75,16.765625,15.9296875,15.3671875,15.1953125,15.171875,15.140625
236,2021-05-21 04:45:00,3510,8.609375,9.0625,9.0,8.96875,8.90625,8.8984375,8.8203125,8.71875,8.5078125,13.203125,16.601562,16.726562,15.9453125,15.3828125,15.203125,15.171875,15.1484375
237,2021-05-21 05:00:00,3510,8.28125,8.7421875,8.6953125,8.671875,8.640625,8.65625,8.59375,8.5078125,8.2890625,13.0234375,16.445312,16.679688,15.9609375,15.40625,15.2109375,15.171875,15.15625
238,2021-05-21 05:15:00,3504,8.2265625,8.8125,8.796875,8.765625,8.703125,8.6796875,8.6015625,8.484375,8.296875,12.7265625,16.320312,16.640625,15.9765625,15.421875,15.2265625,15.171875,15.15625
239,2021-05-21 05:30:00,3510,7.8515625,8.421875,8.359375,8.34375,8.2578125,8.2265625,8.125,7.96875,7.6875,12.5234375,16.179688,16.601562,15.984375,15.4375,15.234375,15.171875,15.15625
240,2021-05-21 05:45:00,3504,7.7890625,8.359375,8.328125,8.3125,8.265625,8.2734375,8.1875,8.078125,7.8203125,12.3671875,16.046875,16.546875,15.9921875,15.453125,15.2421875,15.1796875,15.1640625
241,2021-05-21 06:00:00,3504,7.5703125,8.125,8.09375,8.0703125,8.015625,7.9765625,7.875,7.7421875,7.484375,12.1796875,15.90625,16.507812,16.0,15.4765625,15.25,15.1875,15.1640625
242,2021-05-21 06:15:00,3504,7.3671875,8.015625,7.984375,7.96875,7.90625,7.8671875,7.765625,7.625,7.3671875,11.9765625,15.7734375,16.453125,16.007812,15.4921875,15.25,15.1875,15.1640625
243,2021-05-21 06:30:00,3504,7.5546875,8.2109375,8.1875,8.15625,8.1015625,8.0625,7.953125,7.8203125,7.5859375,11.8203125,15.6484375,16.40625,16.007812,15.5078125,15.2734375,15.1875,15.171875
244,2021-05-21 06:45:00,3510,8.1015625,8.9375,8.9140625,8.8671875,8.78125,8.734375,8.6171875,8.453125,8.1875,11.6796875,15.515625,16.351562,16.007812,15.5234375,15.28125,15.1953125,15.1796875
245,2021-05-21 07:00:00,3504,7.8515625,8.0078125,7.9375,7.921875,7.890625,7.8984375,7.8203125,7.71875,7.46875,11.578125,15.3828125,16.296875,16.0,15.5390625,15.2890625,15.1953125,15.171875
246,2021-05-21 07:15:00,3498,7.5703125,8.1796875,8.140625,8.1015625,8.015625,7.9765625,7.8828125,7.7109375,7.40625,11.4375,15.265625,16.242188,16.0,15.5546875,15.296875,15.203125,15.1875
247,2021-05-21 07:30:00,3504,7.421875,7.9921875,7.9453125,7.890625,7.8046875,7.7578125,7.65625,7.5234375,7.265625,11.3125,15.1484375,16.1875,15.9921875,15.5625,15.3125,15.2109375,15.1875
248,2021-05-21 07:45:00,3504,7.0859375,7.4609375,7.375,7.359375,7.265625,7.21875,7.1171875,7.0,6.75,11.1875,15.0234375,16.132812,15.9921875,15.578125,15.3125,15.2109375,15.1875
249,2021-05-21 08:00:00,3498,6.890625,7.4453125,7.3984375,7.3828125,7.3125,7.28125,7.1875,7.046875,6.8046875,11.0390625,14.9140625,16.078125,15.9765625,15.5859375,15.328125,15.21875,15.1953125
250,2021-05-21 08:15:00,3498,7.1484375,7.8671875,7.8203125,7.7734375,7.6953125,7.671875,7.5625,7.4140625,7.171875,10.953125,14.8046875,16.007812,15.96875,15.59375,15.3359375,15.2265625,15.203125
251,2021-05-21 08:30:00,3498,6.8359375,7.1953125,7.15625,7.1171875,7.0390625,6.9921875,6.890625,6.7421875,6.515625,10.8671875,14.6875,15.953125,15.9609375,15.6015625,15.34375,15.2265625,15.203125
252,2021-05-21 08:45:00,3498,6.671875,7.09375,7.0390625,7.0078125,6.9296875,6.890625,6.8046875,6.6875,6.484375,10.7265625,14.59375,15.8984375,15.9453125,15.609375,15.359375,15.234375,15.203125
253,2021-05-21 09:00:00,3498,6.4140625,6.890625,6.84375,6.8125,6.75,6.734375,6.65625,6.5390625,6.2890625,10.6484375,14.484375,15.8359375,15.9296875,15.6171875,15.359375,15.2421875,15.2109375
254,2021-05-21 09:15:00,3498,6.2109375,6.828125,6.765625,6.7578125,6.65625,6.625,6.53125,6.390625,6.1328125,10.5234375,14.3828125,15.78125,15.9140625,15.625,15.375,15.2421875,15.21875
255,2021-05-21 09:30:00,3504,6.1015625,6.6953125,6.625,6.625,6.5078125,6.4609375,6.3671875,6.21875,5.9140625,10.4375,14.2890625,15.71875,15.890625,15.625,15.390625,15.25,15.21875
256,2021-05-21 09:45:00,3498,6.046875,6.8046875,6.75,6.734375,6.6171875,6.5625,6.453125,6.265625,5.9453125,10.328125,14.1875,15.6640625,15.875,15.6328125,15.390625,15.2578125,15.2265625
257,2021-05-21 10:00:00,3498,5.8359375,6.25,6.1953125,6.171875,6.0859375,6.0625,5.953125,5.796875,5.5390625,10.2421875,14.09375,15.6015625,15.8515625,15.6328125,15.3984375,15.2578125,15.234375
258,2021-05-21 10:15:00,3498,5.7578125,6.21875,6.1875,6.1640625,6.125,6.1171875,6.0390625,5.9375,5.7109375,10.109375,14.0,15.5390625,15.8359375,15.6328125,15.40625,15.265625,15.234375
259,2021-05-21 10:30:00,3504,5.734375,6.2890625,6.2578125,6.234375,6.1484375,6.109375,6.015625,5.8359375,5.5078125,10.0390625,13.9140625,15.484375,15.8046875,15.640625,15.40625,15.2734375,15.2421875
260,2021-05-21 10:45:00,3498,5.6640625,6.21875,6.1640625,6.15625,6.078125,6.046875,5.96875,5.828125,5.5625,9.921875,13.8203125,15.4296875,15.796875,15.6328125,15.4296875,15.28125,15.2421875
261,2021-05-21 11:00:00,3498,5.5546875,6.1875,6.1171875,6.078125,5.9609375,5.890625,5.796875,5.640625,5.4140625,9.875,13.734375,15.3671875,15.765625,15.6328125,15.4296875,15.28125,15.2578125
262,2021-05-21 11:15:00,3498,5.5078125,6.078125,6.015625,6.0234375,5.9296875,5.8984375,5.7890625,5.578125,5.171875,9.7578125,13.640625,15.3046875,15.7421875,15.640625,15.4375,15.296875,15.25
263,2021-05-21 11:30:00,3498,5.4375,5.6796875,5.6328125,5.6171875,5.5546875,5.53125,5.421875,5.2890625,5.0546875,9.6953125,13.5625,15.25,15.71875,15.6328125,15.4375,15.296875,15.2578125
264,2021-05-21 11:45:00,3498,5.21875,5.4609375,5.40625,5.3828125,5.3203125,5.3203125,5.234375,5.109375,4.8671875,9.578125,13.484375,15.1953125,15.6953125,15.6328125,15.4453125,15.296875,15.2578125
265,2021-05-21 12:00:00,3492,4.7578125,5.296875,5.2421875,5.2265625,5.140625,5.1171875,5.0078125,4.859375,4.578125,9.4375,13.3984375,15.1328125,15.6640625,15.625,15.4453125,15.3125,15.265625
266,2021-05-21 12:15:00,3486,4.6171875,5.140625,5.0859375,5.0625,4.9765625,4.96875,4.875,4.7421875,4.5234375,9.3515625,13.3125,15.078125,15.640625,15.625,15.453125,15.3125,15.2734375
267,2021-05-21 12:30:00,3498,4.4296875,5.078125,5.0234375,5.0234375,4.953125,4.9453125,4.8671875,4.7109375,4.46875,9.2578125,13.234375,15.0234375,15.609375,15.6171875,15.4609375,15.3125,15.2734375
268,2021-05-21 12:45:00,3492,4.59375,5.4375,5.3984375,5.3984375,5.3125,5.2734375,5.1796875,5.0234375,4.734375,9.171875,13.1484375,14.9609375,15.59375,15.609375,15.4609375,15.328125,15.2734375
269,2021-05-21 13:00:00,3486,4.7421875,5.7734375,5.6875,5.703125,5.5625,5.53125,5.40625,5.2421875,4.9453125,9.1171875,13.0703125,14.90625,15.5546875,15.6015625,15.4609375,15.3359375,15.28125
270,2021-05-21 13:15:00,3480,4.8125,5.5,5.46875,5.4296875,5.375,5.3515625,5.234375,5.0859375,4.828125,9.078125,12.9921875,14.8515625,15.53125,15.59375,15.46875,15.3359375,15.28125
271,2021-05-21 13:30:00,3492,4.84375,5.5,5.4453125,5.4453125,5.359375,5.3203125,5.2265625,5.078125,4.828125,9.09375,12.9140625,14.796875,15.4921875,15.59375,15.4609375,15.3359375,15.28125
272,2021-05-21 13:45:00,3486,5.078125,5.6875,5.6484375,5.625,5.5625,5.5546875,5.4609375,5.3671875,5.1796875,9.046875,12.8359375,14.7421875,15.46875,15.578125,15.46875,15.34375,15.28125
273,2021-05-21 14:00:00,3498,5.1953125,6.0,5.9609375,5.9296875,5.84375,5.8046875,5.71875,5.59375,5.3671875,9.078125,12.765625,14.6875,15.4375,15.5703125,15.46875,15.34375,15.2890625
274,2021-05-21 14:15:00,3492,7.328125,8.53125,8.390625,8.3671875,8.3203125,8.4921875,8.3828125,8.109375,6.2421875,9.1640625,12.6953125,14.625,15.40625,15.5625,15.46875,15.34375,15.296875
275,2021-05-21 14:30:00,3486,9.875,10.203125,9.8828125,9.8359375,9.78125,9.9609375,9.890625,9.875,7.6953125,9.2890625,12.640625,14.578125,15.375,15.5546875,15.46875,15.3515625,15.2890625
276,2021-05-21 14:45:00,3486,11.9375,11.9140625,11.7109375,11.7109375,11.7421875,11.9765625,11.9296875,12.046875,11.3984375,9.6171875,12.578125,14.5234375,15.3515625,15.5390625,15.46875,15.3515625,15.296875
277,2021-05-21 15:00:00,3486,13.71875,13.3203125,13.1484375,13.1015625,13.140625,13.375,13.3359375,13.546875,13.5,10.109375,12.53125,14.46875,15.3125,15.53125,15.46875,15.359375,15.296875
278,2021-05-21 15:15:00,3486,15.03125,14.3671875,14.140625,14.15625,14.1796875,14.484375,14.546875,14.875,15.1015625,10.84375,12.5,14.4140625,15.28125,15.5234375,15.4609375,15.359375,15.296875
279,2021-05-21 15:30:00,3492,16.070312,15.0546875,14.875,14.8671875,14.90625,15.1640625,15.1953125,15.5234375,15.8046875,12.0859375,12.484375,14.359375,15.2578125,15.5,15.4609375,15.359375,15.296875
280,2021-05-21 15:45:00,3486,16.640625,15.265625,15.1171875,15.0859375,15.171875,15.515625,15.546875,15.8671875,16.132812,13.15625,12.5,14.3203125,15.21875,15.484375,15.4609375,15.359375,15.3046875
281,2021-05-21 16:00:00,3486,17.3125,15.7265625,15.625,15.6796875,15.8046875,16.164062,16.265625,16.664062,17.015625,14.3203125,12.5546875,14.265625,15.1875,15.46875,15.4609375,15.3671875,15.3046875
282,2021-05-21 16:15:00,3492,17.992188,16.203125,16.15625,16.203125,16.359375,16.695312,16.859375,17.304688,17.75,15.25,12.640625,14.2265625,15.1640625,15.46875,15.453125,15.3671875,15.3046875
283,2021-05-21 16:30:00,3486,18.59375,16.71875,16.710938,16.828125,17.023438,17.382812,17.5625,18.078125,18.585938,16.53125,12.7578125,14.1875,15.125,15.4453125,15.453125,15.3671875,15.3046875
284,2021-05-21 16:45:00,3498,19.671875,17.609375,17.554688,17.679688,17.796875,18.148438,18.359375,18.859375,19.367188,17.929688,12.9140625,14.15625,15.09375,15.4375,15.4453125,15.3671875,15.3046875
285,2021-05-21 17:00:00,3492,19.8125,17.867188,17.90625,18.046875,18.242188,18.632812,18.875,19.335938,19.859375,18.976562,13.1015625,14.1328125,15.0625,15.4140625,15.4453125,15.3671875,15.296875
286,2021-05-21 17:15:00,3492,20.257812,18.328125,18.273438,18.40625,18.515625,18.890625,19.078125,19.554688,20.0,19.929688,13.328125,14.109375,15.03125,15.40625,15.4375,15.3671875,15.3046875
287,2021-05-21 17:30:00,3492,20.53125,18.789062,18.875,19.03125,19.203125,19.570312,19.804688,20.273438,20.796875,20.890625,13.5859375,14.109375,15.0,15.3828125,15.4375,15.3671875,15.296875
288,2021-05-21 17:45:00,3498,20.6875,17.976562,17.859375,17.976562,18.078125,18.46875,18.742188,19.257812,19.820312,21.453125,13.859375,14.1171875,14.984375,15.375,15.4296875,15.3671875,15.296875
289,2021-05-21 18:00:00,3498,21.335938,18.90625,18.984375,19.117188,19.296875,19.632812,19.875,20.328125,20.882812,22.460938,14.15625,14.125,14.953125,15.3515625,15.421875,15.3671875,15.296875
290,2021-05-21 18:15:00,3498,21.460938,18.945312,19.070312,19.21875,19.367188,19.710938,20.0,20.5,21.03125,23.921875,14.4609375,14.15625,14.9140625,15.3359375,15.4140625,15.3671875,15.296875
291,2021-05-21 18:30:00,3492,21.546875,19.125,19.40625,19.617188,19.820312,20.179688,20.421875,20.859375,21.4375,24.984375,14.78125,14.1875,14.8984375,15.3203125,15.4140625,15.359375,15.296875
292,2021-05-21 18:45:00,3498,21.539062,19.164062,19.421875,19.601562,19.726562,20.085938,20.375,20.789062,21.304688,25.75,15.109375,14.234375,14.8828125,15.3046875,15.40625,15.359375,15.296875
293,2021-05-21 19:00:00,3498,21.601562,18.875,19.234375,19.4375,19.609375,19.945312,20.210938,20.585938,21.078125,26.15625,15.4609375,14.296875,14.8671875,15.2890625,15.3984375,15.359375,15.2890625
294,2021-05-21 19:15:00,3504,21.398438,19.085938,19.5,19.6875,19.851562,20.117188,20.367188,20.71875,21.210938,26.429688,15.8046875,14.3671875,14.8515625,15.2734375,15.390625,15.359375,15.2890625
295,2021-05-21 19:30:00,3504,21.421875,19.179688,19.546875,19.703125,19.820312,20.078125,20.320312,20.648438,21.117188,26.5625,16.15625,14.453125,14.84375,15.25,15.375,15.3515625,15.2890625
296,2021-05-21 19:45:00,3510,21.484375,18.703125,18.984375,19.09375,19.179688,19.398438,19.664062,20.023438,20.601562,27.125,16.492188,14.5390625,14.8359375,15.234375,15.375,15.3515625,15.28125
297,2021-05-21 20:00:00,3504,21.671875,19.15625,19.59375,19.765625,19.929688,20.226562,20.453125,20.828125,21.40625,27.375,16.84375,14.6328125,14.8359375,15.2265625,15.359375,15.34375,15.28125
298,2021-05-21 20:15:00,3504,22.0,19.351562,19.75,19.945312,20.09375,20.351562,20.585938,20.9375,21.476562,27.414062,17.179688,14.7421875,14.8359375,15.2109375,15.3515625,15.34375,15.28125
299,2021-05-21 20:30:00,3510,21.539062,18.742188,19.070312,19.3125,19.484375,19.835938,20.171875,20.523438,21.039062,27.289062,17.5,14.859375,14.84375,15.1953125,15.34375,15.3359375,15.2734375
300,2021-05-21 20:45:00,3510,21.375,19.140625,19.390625,19.632812,19.835938,20.132812,20.382812,20.671875,21.203125,27.320312,17.8125,14.984375,14.8515625,15.1875,15.3359375,15.3359375,15.2734375
301,2021-05-21 21:00:00,3510,21.617188,19.359375,19.507812,19.75,19.953125,20.242188,20.507812,20.796875,21.28125,27.320312,18.09375,15.109375,14.8671875,15.171875,15.328125,15.328125,15.265625
302,2021-05-21 21:15:00,3504,22.34375,20.53125,20.671875,20.921875,21.125,21.382812,21.609375,21.828125,22.226562,27.507812,18.359375,15.234375,14.890625,15.1640625,15.3203125,15.3203125,15.2578125
303,2021-05-21 21:30:00,3510,21.820312,19.335938,19.492188,19.726562,19.90625,20.148438,20.414062,20.664062,21.109375,26.695312,18.609375,15.3671875,14.9140625,15.15625,15.3125,15.328125,15.265625
304,2021-05-21 21:45:00,3516,21.929688,19.859375,20.054688,20.320312,20.53125,20.765625,21.0,21.203125,21.601562,26.382812,18.835938,15.515625,14.9375,15.1484375,15.3046875,15.3203125,15.265625
305,2021-05-21 22:00:00,3510,22.421875,20.851562,20.976562,21.1875,21.359375,21.546875,21.726562,21.851562,22.179688,25.890625,19.039062,15.640625,14.9765625,15.140625,15.2890625,15.3125,15.2578125
306,2021-05-21 22:15:00,3516,22.171875,20.164062,20.296875,20.539062,20.734375,20.976562,21.242188,21.4375,21.804688,25.007812,19.21875,15.7734375,15.015625,15.1328125,15.2890625,15.3046875,15.2578125
307,2021-05-21 22:30:00,3516,22.109375,20.296875,20.367188,20.578125,20.742188,20.953125,21.210938,21.445312,21.84375,24.242188,19.367188,15.9140625,15.046875,15.140625,15.28125,15.3046875,15.2578125
308,2021-05-21 22:45:00,3510,22.46875,20.554688,20.640625,20.867188,21.0625,21.265625,21.515625,21.695312,22.054688,23.945312,19.5,16.046875,15.09375,15.1328125,15.2734375,15.296875,15.2578125
309,2021-05-21 23:00:00,3522,22.070312,20.03125,20.15625,20.359375,20.601562,20.773438,21.015625,21.179688,21.59375,23.335938,19.601562,16.179688,15.140625,15.140625,15.265625,15.296875,15.25
310,2021-05-21 23:15:00,3510,21.695312,19.71875,19.75,19.796875,19.921875,19.992188,20.03125,20.078125,20.351562,22.84375,19.695312,16.304688,15.1875,15.140625,15.2578125,15.2890625,15.2421875
311,2021-05-21 23:30:00,3516,18.710938,17.117188,17.015625,16.984375,16.945312,16.945312,16.867188,16.78125,16.53125,21.078125,19.773438,16.421875,15.2421875,15.1484375,15.25,15.28125,15.25
312,2021-05-21 23:45:00,3522,17.476562,16.773438,16.671875,16.625,16.554688,16.515625,16.4375,16.328125,16.085938,20.148438,19.804688,16.539062,15.2890625,15.1484375,15.25,15.28125,15.25
313,2021-05-22 00:00:00,3510,16.742188,16.40625,16.328125,16.3125,16.242188,16.234375,16.148438,16.023438,15.7265625,19.4375,19.765625,16.664062,15.3515625,15.15625,15.2421875,15.28125,15.2421875
314,2021-05-22 00:15:00,3516,16.25,15.9296875,15.84375,15.8203125,15.7421875,15.71875,15.6171875,15.46875,15.1640625,18.867188,19.671875,16.765625,15.3984375,15.1640625,15.2421875,15.2734375,15.2421875
315,2021-05-22 00:30:00,3522,15.625,15.40625,15.3203125,15.2890625,15.2265625,15.1875,15.09375,14.9375,14.609375,18.40625,19.53125,16.851562,15.4609375,15.1875,15.234375,15.2734375,15.234375
316,2021-05-22 00:45:00,3516,15.2421875,14.9609375,14.8671875,14.8359375,14.78125,14.78125,14.6875,14.5390625,14.2265625,18.039062,19.367188,16.929688,15.515625,15.1953125,15.234375,15.265625,15.2421875
317,2021-05-22 01:00:00,3516,14.328125,13.984375,13.875,13.8671875,13.7890625,13.7890625,13.6953125,13.5546875,13.203125,17.640625,19.203125,17.0,15.578125,15.2109375,15.234375,15.265625,15.234375
318,2021-05-22 01:15:00,3510,13.8359375,14.078125,13.984375,13.96875,13.875,13.8515625,13.7578125,13.59375,13.1640625,17.335938,19.039062,17.054688,15.6328125,15.2265625,15.234375,15.265625,15.234375
319,2021-05-22 01:30:00,3510,13.3984375,13.765625,13.6796875,13.671875,13.5859375,13.5625,13.453125,13.28125,12.859375,17.070312,18.867188,17.101562,15.6796875,15.2421875,15.234375,15.265625,15.234375
320,2021-05-22 01:45:00,3510,13.171875,13.4453125,13.375,13.3515625,13.2578125,13.2421875,13.1328125,12.953125,12.4921875,16.796875,18.703125,17.132812,15.734375,15.2578125,15.234375,15.25,15.234375
321,2021-05-22 02:00:00,3522,13.0546875,13.5234375,13.4453125,13.4140625,13.3046875,13.265625,13.1484375,12.9609375,12.515625,16.523438,18.539062,17.15625,15.78125,15.28125,15.234375,15.25,15.2421875
322,2021-05-22 02:15:00,3510,12.78125,12.9765625,12.890625,12.875,12.796875,12.765625,12.65625,12.4765625,12.0390625,16.25,18.382812,17.164062,15.828125,15.296875,15.2421875,15.2578125,15.2421875
323,2021-05-22 02:30:00,3522,12.28125,12.5234375,12.4375,12.421875,12.3359375,12.3203125,12.203125,12.0234375,11.5859375,15.9609375,18.21875,17.171875,15.875,15.3203125,15.2421875,15.25,15.2421875
324,2021-05-22 02:45:00,3510,11.859375,12.21875,12.1328125,12.125,12.0390625,12.015625,11.921875,11.7578125,11.3046875,15.703125,18.0625,17.171875,15.921875,15.34375,15.25,15.2578125,15.2421875
325,2021-05-22 03:00:00,3516,11.6484375,11.96875,11.890625,11.8515625,11.7734375,11.75,11.65625,11.4921875,11.109375,15.4375,17.914062,17.164062,15.9609375,15.3671875,15.2578125,15.2578125,15.25
326,2021-05-22 03:15:00,3510,11.1484375,11.40625,11.3359375,11.2890625,11.1796875,11.109375,10.9921875,10.8203125,10.5,15.140625,17.773438,17.148438,16.0,15.3984375,15.265625,15.25,15.2421875
327,2021-05-22 03:30:00,3510,10.90625,11.3359375,11.2734375,11.234375,11.1171875,11.046875,10.921875,10.734375,10.375,14.8984375,17.625,17.125,16.03125,15.40625,15.265625,15.25,15.25
328,2021-05-22 03:45:00,3510,10.3125,10.4609375,10.375,10.3515625,10.2734375,10.2578125,10.125,9.9453125,9.5234375,14.625,17.484375,17.09375,16.0625,15.4375,15.2734375,15.2578125,15.2578125
329,2021-05-22 04:00:00,3510,9.859375,10.390625,10.3828125,10.3359375,10.296875,10.2578125,10.1640625,10.0390625,9.8359375,14.34375,17.34375,17.070312,16.085938,15.453125,15.28125,15.25,15.25
330,2021-05-22 04:15:00,3510,9.8046875,10.453125,10.4140625,10.390625,10.28125,10.2265625,10.109375,9.953125,9.640625,14.1484375,17.195312,17.039062,16.117188,15.484375,15.2890625,15.2578125,15.2578125
331,2021-05-22 04:30:00,3516,9.59375,10.0859375,10.0546875,10.0234375,9.9921875,9.96875,9.8828125,9.7578125,9.484375,13.9765625,17.054688,17.007812,16.132812,15.515625,15.3046875,15.265625,15.2578125
332,2021-05-22 04:45:00,3504,9.609375,10.0078125,9.96875,9.9375,9.8828125,9.859375,9.7734375,9.640625,9.390625,13.8203125,16.914062,16.96875,16.15625,15.53125,15.3125,15.2578125,15.2578125
333,2021-05-22 05:00:00,3510,9.5,10.140625,10.078125,10.0546875,9.9609375,9.9296875,9.8359375,9.6796875,9.3984375,13.6015625,16.78125,16.929688,16.171875,15.5546875,15.3203125,15.265625,15.265625
334,2021-05-22 05:15:00,3510,9.5,9.90625,9.8515625,9.8359375,9.765625,9.7578125,9.6640625,9.546875,9.21875,13.4765625,16.648438,16.890625,16.179688,15.578125,15.328125,15.265625,15.2734375
335,2021-05-22 05:30:00,3510,9.4140625,10.0,9.9609375,9.9140625,9.828125,9.75,9.6328125,9.4453125,9.1640625,13.28125,16.515625,16.851562,16.1875,15.59375,15.3359375,15.2734375,15.2734375
336,2021-05-22 05:45:00,3504,9.3046875,9.65625,9.6015625,9.59375,9.515625,9.5,9.4140625,9.296875,9.046875,13.109375,16.390625,16.796875,16.195312,15.609375,15.3515625,15.2734375,15.28125
337,2021-05-22 06:00:00,3510,8.9296875,9.2265625,9.1484375,9.1328125,9.0390625,9.015625,8.921875,8.7890625,8.515625,12.9765625,16.273438,16.757812,16.203125,15.6328125,15.3671875,15.28125,15.28125
338,2021-05-22 06:15:00,3510,8.4921875,8.875,8.8125,8.8203125,8.7421875,8.734375,8.6640625,8.546875,8.3203125,12.8359375,16.148438,16.710938,16.210938,15.6484375,15.3828125,15.2890625,15.2890625
339,2021-05-22 06:30:00,3504,8.3359375,8.6875,8.640625,8.6328125,8.5859375,8.5703125,8.5,8.3984375,8.2109375,12.7265625,16.03125,16.664062,16.210938,15.6640625,15.3828125,15.296875,15.2890625
340,2021-05-22 06:45:00,3504,8.140625,8.4765625,8.4296875,8.421875,8.359375,8.3359375,8.265625,8.15625,7.9765625,12.578125,15.9140625,16.609375,16.21875,15.6875,15.3984375,15.296875,15.296875
341,2021-05-22 07:00:00,3504,7.765625,8.09375,8.0390625,8.0390625,7.9609375,7.9609375,7.90625,7.796875,7.578125,12.4921875,15.8046875,16.5625,16.210938,15.6953125,15.40625,15.3046875,15.3046875
342,2021-05-22 07:15:00,3510,7.6796875,8.25,8.2109375,8.1875,8.1015625,8.09375,8.015625,7.90625,7.734375,12.3671875,15.6953125,16.507812,16.203125,15.7109375,15.4296875,15.3125,15.3125
343,2021-05-22 07:30:00,3504,7.796875,8.484375,8.4609375,8.4375,8.359375,8.3203125,8.234375,8.1171875,7.9140625,12.2578125,15.5859375,16.453125,16.203125,15.7265625,15.4375,15.3203125,15.3203125
344,2021-05-22 07:45:00,3504,7.9296875,8.453125,8.40625,8.3984375,8.328125,8.3203125,8.2421875,8.109375,7.875,12.203125,15.484375,16.40625,16.195312,15.734375,15.453125,15.328125,15.328125
345,2021-05-22 08:00:00,3504,7.84375,8.0859375,8.0234375,8.046875,7.96875,7.9765625,7.9296875,7.8359375,7.6796875,12.1484375,15.3828125,16.351562,16.1875,15.7421875,15.4609375,15.328125,15.328125
346,2021-05-22 08:15:00,3504,7.609375,7.9375,7.859375,7.859375,7.796875,7.8046875,7.75,7.6328125,7.390625,12.0546875,15.2890625,16.296875,16.1875,15.7578125,15.46875,15.34375,15.3359375
347,2021-05-22 08:30:00,3498,7.546875,7.890625,7.828125,7.8203125,7.7578125,7.75,7.6875,7.5625,7.3671875,11.953125,15.203125,16.25,16.171875,15.765625,15.4765625,15.34375,15.3359375
348,2021-05-22 08:45:00,3504,7.1875,7.5078125,7.4296875,7.4296875,7.3671875,7.3828125,7.3046875,7.21875,7.0,11.8046875,15.1171875,16.1875,16.15625,15.7734375,15.4921875,15.3515625,15.34375
349,2021-05-22 09:00:00,3504,7.4140625,8.0078125,7.9765625,7.9453125,7.8671875,7.8515625,7.75,7.6171875,7.3515625,11.703125,15.03125,16.140625,16.148438,15.78125,15.5078125,15.359375,15.3515625
350,2021-05-22 09:15:00,3498,7.3828125,8.015625,7.984375,7.96875,7.921875,7.921875,7.84375,7.7109375,7.3984375,11.6015625,14.9296875,16.085938,16.132812,15.78125,15.515625,15.3671875,15.359375
351,2021-05-22 09:30:00,3504,7.3046875,8.0703125,8.0390625,8.015625,7.9375,7.921875,7.8203125,7.6953125,7.3984375,11.4765625,14.84375,16.039062,16.117188,15.7890625,15.5234375,15.375,15.3671875
352,2021-05-22 09:45:00,3498,7.5078125,8.1796875,8.1484375,8.125,8.0625,8.0390625,7.9375,7.7734375,7.46875,11.4296875,14.7578125,15.984375,16.101562,15.796875,15.5390625,15.3828125,15.3671875
353,2021-05-22 10:00:00,3504,7.578125,8.28125,8.265625,8.2421875,8.1796875,8.1484375,8.0234375,7.859375,7.53125,11.359375,14.6796875,15.9375,16.078125,15.8046875,15.5390625,15.390625,15.375
354,2021-05-22 10:15:00,3498,7.59375,8.453125,8.3984375,8.375,8.2734375,8.2578125,8.1484375,7.9609375,7.59375,11.2734375,14.6015625,15.8828125,16.070312,15.8046875,15.5546875,15.3984375,15.3828125
355,2021-05-22 10:30:00,3504,7.34375,7.6796875,7.59375,7.6015625,7.5,7.453125,7.3359375,7.1171875,6.6953125,11.1796875,14.515625,15.828125,16.046875,15.8046875,15.5546875,15.3984375,15.3828125
356,2021-05-22 10:45:00,3498,7.296875,7.7109375,7.6640625,7.640625,7.546875,7.5078125,7.3984375,7.234375,6.9296875,11.140625,14.4453125,15.78125,16.023438,15.8125,15.5625,15.4140625,15.390625
357,2021-05-22 11:00:00,3498,6.9296875,7.3125,7.265625,7.21875,7.109375,7.0390625,6.9453125,6.796875,6.578125,11.0546875,14.359375,15.7265625,16.007812,15.8125,15.578125,15.421875,15.3984375
358,2021-05-22 11:15:00,3504,6.8828125,7.4296875,7.375,7.34375,7.234375,7.1953125,7.1171875,6.9921875,6.7734375,10.9921875,14.2890625,15.6796875,15.9765625,15.8125,15.5859375,15.4296875,15.40625
359,2021-05-22 11:30:00,3504,6.75,7.203125,7.1796875,7.171875,7.1171875,7.1015625,7.0078125,6.890625,6.65625,10.90625,14.21875,15.625,15.9609375,15.8125,15.59375,15.4375,15.40625
360,2021-05-22 11:45:00,3492,6.859375,7.390625,7.3515625,7.3515625,7.25,7.203125,7.125,6.984375,6.7578125,10.8359375,14.140625,15.578125,15.9375,15.8125,15.59375,15.4453125,15.4140625
361,2021-05-22 12:00:00,3498,6.7578125,7.1875,7.140625,7.1171875,7.0390625,7.03125,6.9375,6.8203125,6.5859375,10.7734375,14.078125,15.5234375,15.9140625,15.8125,15.6015625,15.4453125,15.421875
362,2021-05-22 12:15:00,3504,6.8984375,7.484375,7.4375,7.390625,7.28125,7.21875,7.109375,6.9609375,6.7421875,10.7265625,14.0,15.4765625,15.8984375,15.8125,15.609375,15.453125,15.421875
363,2021-05-22 12:30:00,3498,6.7734375,7.125,7.09375,7.0625,7.0,6.9765625,6.875,6.7578125,6.5703125,10.640625,13.9375,15.421875,15.875,15.8046875,15.6171875,15.46875,15.4296875
364,2021-05-22 12:45:00,3498,6.6015625,7.21875,7.171875,7.140625,7.0546875,6.9921875,6.8984375,6.734375,6.4609375,10.5625,13.875,15.375,15.8515625,15.8046875,15.625,15.46875,15.4296875
365,2021-05-22 13:00:00,3498,6.6015625,7.375,7.3125,7.3203125,7.21875,7.15625,7.046875,6.8515625,6.5390625,10.5234375,13.796875,15.328125,15.8203125,15.796875,15.6328125,15.4765625,15.4375
366,2021-05-22 13:15:00,3492,6.8828125,7.7109375,7.6875,7.671875,7.5625,7.4921875,7.375,7.21875,6.9921875,10.5234375,13.734375,15.28125,15.796875,15.7890625,15.6328125,15.4765625,15.4375
367,2021-05-22 13:30:00,3486,7.1875,7.71875,7.6796875,7.640625,7.546875,7.5234375,7.421875,7.28125,7.0546875,10.59375,13.671875,15.234375,15.78125,15.78125,15.6328125,15.484375,15.4453125
368,2021-05-22 13:45:00,3486,7.140625,7.6640625,7.6328125,7.6015625,7.5390625,7.515625,7.3984375,7.2421875,6.9765625,10.6015625,13.6171875,15.1875,15.7578125,15.7734375,15.6328125,15.4921875,15.4453125
369,2021-05-22 14:00:00,3498,7.2734375,7.8515625,7.8046875,7.78125,7.7265625,7.7265625,7.6484375,7.53125,7.3046875,10.609375,13.5546875,15.140625,15.7265625,15.7734375,15.640625,15.4921875,15.453125
370,2021-05-22 14:15:00,3498,8.84375,9.9921875,9.90625,9.8515625,9.8046875,9.9296875,9.8203125,9.65625,8.1015625,10.7109375,13.5078125,15.09375,15.703125,15.765625,15.640625,15.5078125,15.453125
371,2021-05-22 14:30:00,3492,11.2578125,11.765625,11.53125,11.515625,11.4765625,11.6640625,11.59375,11.6015625,9.625,10.921875,13.453125,15.046875,15.671875,15.7578125,15.640625,15.5078125,15.4609375
372,2021-05-22 14:45:00,3486,12.90625,12.6328125,12.390625,12.390625,12.40625,12.640625,12.6328125,12.796875,12.265625,11.21875,13.421875,15.0,15.6484375,15.75,15.640625,15.515625,15.4609375
373,2021-05-22 15:00:00,3498,14.0625,13.4765625,13.34375,13.359375,13.4375,13.71875,13.7578125,14.0234375,13.9921875,11.6484375,13.3828125,14.9453125,15.625,15.7421875,15.640625,15.5234375,15.4609375
374,2021-05-22 15:15:00,3492,14.28125,13.1875,13.171875,13.2421875,13.375,13.7109375,13.8046875,14.1640625,14.3359375,12.25,13.3671875,14.90625,15.59375,15.734375,15.640625,15.5234375,15.46875
375,2021-05-22 15:30:00,3492,15.046875,14.484375,14.5,14.578125,14.671875,14.9921875,15.0859375,15.4609375,15.734375,13.640625,13.375,14.8671875,15.5625,15.7265625,15.6484375,15.53125,15.46875
376,2021-05-22 15:45:00,3498,16.296875,15.515625,15.40625,15.453125,15.5234375,15.8203125,15.90625,16.273438,16.625,14.8671875,13.3984375,14.828125,15.5390625,15.7109375,15.640625,15.53125,15.46875
377,2021-05-22 16:00:00,3498,17.257812,15.890625,15.7265625,15.7734375,15.8515625,16.242188,16.398438,16.898438,17.367188,15.921875,13.4609375,14.78125,15.515625,15.703125,15.640625,15.53125,15.4765625
378,2021-05-22 16:15:00,3486,17.820312,15.8203125,15.7109375,15.7734375,15.890625,16.210938,16.359375,16.828125,17.453125,16.703125,13.546875,14.7578125,15.4921875,15.6875,15.640625,15.53125,15.4765625
379,2021-05-22 16:30:00,3498,18.226562,16.453125,16.382812,16.453125,16.5625,16.882812,17.039062,17.546875,18.117188,17.859375,13.671875,14.71875,15.4609375,15.6796875,15.640625,15.53125,15.46875
380,2021-05-22 16:45:00,3486,18.460938,16.328125,16.359375,16.476562,16.65625,17.046875,17.28125,17.828125,18.414062,18.71875,13.828125,14.6953125,15.4296875,15.671875,15.640625,15.53125,15.4765625
381,2021-05-22 17:00:00,3492,19.078125,17.351562,17.3125,17.4375,17.578125,17.96875,18.203125,18.75,19.34375,19.679688,14.0,14.6875,15.40625,15.6640625,15.640625,15.5390625,15.4765625
382,2021-05-22 17:15:00,3498,19.726562,17.578125,17.601562,17.726562,17.867188,18.21875,18.421875,18.945312,19.492188,20.609375,14.203125,14.6796875,15.3828125,15.640625,15.6328125,15.5390625,15.4765625
383,2021-05-22 17:30:00,3504,19.96875,17.992188,18.03125,18.171875,18.328125,18.679688,18.945312,19.484375,20.109375,21.601562,14.4375,14.6875,15.359375,15.6328125,15.6328125,15.546875,15.484375
384,2021-05-22 17:45:00,3498,20.3125,18.226562,18.25,18.382812,18.507812,18.867188,19.101562,19.632812,20.273438,22.601562,14.6953125,14.6953125,15.3359375,15.6171875,15.6328125,15.546875,15.484375
385,2021-05-22 18:00:00,3498,20.382812,18.328125,18.414062,18.585938,18.726562,19.101562,19.359375,19.875,20.492188,23.6875,14.96875,14.7109375,15.3125,15.6015625,15.625,15.546875,15.484375
386,2021-05-22 18:15:00,3498,20.578125,17.976562,18.125,18.34375,18.5,18.898438,19.1875,19.710938,20.367188,24.914062,15.265625,14.734375,15.2890625,15.59375,15.6171875,15.546875,15.484375
387,2021-05-22 18:30:00,3498,20.609375,17.890625,18.289062,18.53125,18.789062,19.125,19.414062,19.929688,20.570312,25.53125,15.578125,14.7734375,15.28125,15.578125,15.6171875,15.546875,15.4765625
388,2021-05-22 18:45:00,3504,20.335938,17.554688,17.921875,18.101562,18.289062,18.625,18.9375,19.460938,20.15625,26.234375,15.890625,14.8203125,15.2578125,15.5703125,15.609375,15.546875,15.4765625
389,2021-05-22 19:00:00,3498,20.117188,16.992188,17.390625,17.632812,17.8125,18.164062,18.484375,19.03125,19.765625,26.695312,16.226562,14.8828125,15.25,15.5546875,15.6015625,15.546875,15.4765625
390,2021-05-22 19:15:00,3504,20.132812,17.75,18.109375,18.304688,18.484375,18.789062,19.0625,19.515625,20.1875,26.828125,16.554688,14.953125,15.2421875,15.5390625,15.6015625,15.5390625,15.4765625
391,2021-05-22 19:30:00,3504,20.8125,18.71875,19.148438,19.34375,19.5,19.8125,20.046875,20.453125,21.070312,27.453125,16.882812,15.0390625,15.2421875,15.53125,15.59375,15.5390625,15.4765625
392,2021-05-22 19:45:00,3504,20.890625,17.664062,17.921875,18.132812,18.226562,18.5625,18.882812,19.304688,19.9375,27.90625,17.210938,15.125,15.2421875,15.515625,15.5859375,15.546875,15.46875
393,2021-05-22 20:00:00,3504,21.289062,18.898438,19.265625,19.429688,19.617188,19.890625,20.125,20.453125,21.039062,28.195312,17.539062,15.21875,15.234375,15.5078125,15.5859375,15.5390625,15.4765625
394,2021-05-22 20:15:00,3504,21.273438,18.90625,19.289062,19.453125,19.648438,19.945312,20.226562,20.554688,21.171875,28.257812,17.851562,15.328125,15.2421875,15.4921875,15.578125,15.5390625,15.46875
395,2021-05-22 20:30:00,3504,21.210938,18.921875,19.304688,19.515625,19.695312,20.0,20.265625,20.625,21.257812,28.179688,18.164062,15.4375,15.2578125,15.484375,15.5703125,15.53125,15.4765625
396,2021-05-22 20:45:00,3504,21.15625,18.375,18.679688,18.929688,19.171875,19.5,19.773438,20.125,20.773438,28.015625,18.46875,15.5546875,15.265625,15.46875,15.5625,15.53125,15.4765625
397,2021-05-22 21:00:00,3498,21.195312,18.773438,18.992188,19.210938,19.484375,19.804688,20.046875,20.335938,20.960938,27.960938,18.75,15.6796875,15.2890625,15.46875,15.5625,15.53125,15.46875
398,2021-05-22 21:15:00,3510,20.820312,18.367188,18.578125,18.875,19.148438,19.453125,19.726562,20.023438,20.664062,27.65625,19.0,15.8046875,15.3125,15.4609375,15.5546875,15.53125,15.46875
399,2021-05-22 21:30:00,3504,20.664062,18.117188,18.21875,18.429688,18.671875,18.953125,19.242188,19.570312,20.203125,27.414062,19.242188,15.9296875,15.3359375,15.453125,15.5390625,15.53125,15.46875
400,2021-05-22 21:45:00,3504,20.773438,18.179688,18.429688,18.695312,19.085938,19.4375,19.75,20.054688,20.679688,27.054688,19.460938,16.070312,15.3671875,15.453125,15.5390625,15.5234375,15.46875
401,2021-05-22 22:00:00,3516,20.453125,18.328125,18.546875,18.875,19.179688,19.460938,19.71875,19.992188,20.59375,26.578125,19.664062,16.203125,15.40625,15.453125,15.5390625,15.5234375,15.4609375
402,2021-05-22 22:15:00,3510,20.476562,18.257812,18.445312,18.71875,19.015625,19.296875,19.617188,19.890625,20.492188,25.796875,19.84375,16.335938,15.4375,15.453125,15.5390625,15.515625,15.46875
403,2021-05-22 22:30:00,3510,20.609375,18.601562,18.773438,19.007812,19.296875,19.554688,19.820312,20.039062,20.59375,25.21875,19.992188,16.460938,15.484375,15.4453125,15.5234375,15.5234375,15.46875
404,2021-05-22 22:45:00,3510,20.898438,19.3125,19.460938,19.710938,19.945312,20.171875,20.453125,20.695312,21.132812,24.492188,20.117188,16.601562,15.53125,15.453125,15.5234375,15.515625,15.4609375
405,2021-05-22 23:00:00,3510,21.242188,19.265625,19.46875,19.757812,20.125,20.375,20.65625,20.820312,21.242188,24.039062,20.226562,16.726562,15.578125,15.453125,15.515625,15.515625,15.4609375
406,2021-05-22 23:15:00,3516,20.890625,18.601562,18.59375,18.601562,18.710938,18.8125,18.875,19.039062,19.460938,23.320312,20.3125,16.851562,15.625,15.453125,15.515625,15.515625,15.4609375
407,2021-05-22 23:30:00,3510,17.335938,14.875,14.734375,14.7265625,14.734375,14.78125,14.765625,14.7578125,14.734375,21.609375,20.382812,16.96875,15.6796875,15.46875,15.5078125,15.5078125,15.46875
408,2021-05-22 23:45:00,3516,15.9296875,15.390625,15.3359375,15.296875,15.2578125,15.234375,15.15625,15.0546875,14.90625,20.710938,20.398438,17.078125,15.7265625,15.4765625,15.5078125,15.5078125,15.4609375
409,2021-05-23 00:00:00,3516,15.25,14.984375,14.90625,14.890625,14.859375,14.8515625,14.78125,14.6796875,14.453125,20.078125,20.359375,17.195312,15.78125,15.484375,15.5,15.4921875,15.4609375
410,2021-05-23 00:15:00,3510,14.9765625,14.6171875,14.5625,14.5546875,14.5078125,14.5234375,14.453125,14.3515625,14.140625,19.453125,20.257812,17.296875,15.8359375,15.5,15.5078125,15.4921875,15.4609375
411,2021-05-23 00:30:00,3504,13.96875,13.3671875,13.2890625,13.3046875,13.2890625,13.3046875,13.265625,13.21875,13.09375,18.9375,20.125,17.382812,15.890625,15.515625,15.5,15.5,15.46875
412,2021-05-23 00:45:00,3516,13.375,12.9296875,12.8125,12.8046875,12.765625,12.8125,12.765625,12.671875,12.5,18.546875,19.960938,17.46875,15.953125,15.53125,15.5,15.5,15.4609375
413,2021-05-23 01:00:00,3516,12.4765625,12.1484375,12.078125,12.0859375,12.0390625,12.0703125,12.03125,11.9609375,11.8359375,18.046875,19.796875,17.53125,16.007812,15.546875,15.5,15.4921875,15.4609375
414,2021-05-23 01:15:00,3504,11.671875,11.4375,11.3671875,11.359375,11.328125,11.359375,11.3203125,11.2890625,11.1796875,17.609375,19.617188,17.585938,16.0625,15.5703125,15.5078125,15.484375,15.4609375
415,2021-05-23 01:30:00,3510,11.1875,11.2265625,11.1484375,11.140625,11.1015625,11.1328125,11.0703125,10.9921875,10.84375,17.296875,19.4375,17.625,16.117188,15.5859375,15.5078125,15.4921875,15.4609375
416,2021-05-23 01:45:00,3510,10.9453125,11.046875,10.9765625,10.984375,10.9375,10.953125,10.90625,10.828125,10.6796875,16.96875,19.257812,17.65625,16.171875,15.609375,15.515625,15.4921875,15.4609375
417,2021-05-23 02:00:00,3510,10.6328125,10.765625,10.703125,10.7109375,10.65625,10.6796875,10.6328125,10.5625,10.4375,16.703125,19.078125,17.671875,16.226562,15.625,15.515625,15.4921875,15.46875
418,2021-05-23 02:15:00,3504,10.1484375,10.2265625,10.15625,10.1796875,10.125,10.1484375,10.109375,10.0390625,9.921875,16.335938,18.898438,17.6875,16.273438,15.6484375,15.5234375,15.484375,15.46875
419,2021-05-23 02:30:00,3510,9.921875,10.171875,10.1015625,10.109375,10.0546875,10.0859375,10.03125,9.9609375,9.8515625,16.09375,18.734375,17.6875,16.3125,15.671875,15.53125,15.4921875,15.4765625
420,2021-05-23 02:45:00,3504,9.703125,9.7734375,9.7265625,9.71875,9.6796875,9.7109375,9.6640625,9.609375,9.5234375,15.7890625,18.5625,17.679688,16.359375,15.6953125,15.5390625,15.4921875,15.46875
421,2021-05-23 03:00:00,3510,9.1875,9.1953125,9.1328125,9.140625,9.1015625,9.125,9.1015625,9.0625,8.9765625,15.515625,18.390625,17.664062,16.398438,15.7265625,15.5390625,15.4921875,15.46875
422,2021-05-23 03:15:00,3510,8.6171875,8.703125,8.625,8.625,8.578125,8.6171875,8.5703125,8.53125,8.4140625,15.265625,18.226562,17.648438,16.429688,15.7421875,15.546875,15.4921875,15.484375
423,2021-05-23 03:30:00,3504,8.2421875,8.4921875,8.4375,8.4375,8.3828125,8.390625,8.3515625,8.296875,8.203125,15.0234375,18.070312,17.617188,16.460938,15.7734375,15.5546875,15.5,15.4765625
424,2021-05-23 03:45:00,3510,8.0546875,8.3671875,8.3203125,8.34375,8.2890625,8.296875,8.2421875,8.171875,8.0390625,14.8046875,17.90625,17.59375,16.484375,15.7890625,15.5546875,15.5,15.484375
425,2021-05-23 04:00:00,3504,7.765625,8.109375,8.0546875,8.0625,8.0,7.9921875,7.9453125,7.8671875,7.7578125,14.6171875,17.75,17.554688,16.515625,15.8203125,15.578125,15.5078125,15.484375
426,2021-05-23 04:15:00,3498,7.5546875,7.84375,7.78125,7.7890625,7.7421875,7.765625,7.7265625,7.6640625,7.5859375,14.4453125,17.601562,17.515625,16.539062,15.84375,15.59375,15.515625,15.484375
427,2021-05-23 04:30:00,3504,7.4765625,7.9765625,7.9375,7.9453125,7.890625,7.9140625,7.875,7.828125,7.7578125,14.2421875,17.453125,17.476562,16.5625,15.8671875,15.6015625,15.515625,15.4921875
428,2021-05-23 04:45:00,3504,7.8046875,8.328125,8.265625,8.2734375,8.203125,8.2265625,8.1796875,8.125,7.984375,14.09375,17.3125,17.4375,16.578125,15.8828125,15.6015625,15.515625,15.5078125
429,2021-05-23 05:00:00,3504,8.0859375,8.5703125,8.5390625,8.546875,8.4921875,8.515625,8.46875,8.421875,8.328125,14.03125,17.179688,17.398438,16.59375,15.90625,15.6171875,15.5234375,15.5078125
430,2021-05-23 05:15:00,3498,8.4453125,8.78125,8.7734375,8.7734375,8.7421875,8.7890625,8.7578125,8.75,8.7109375,14.0390625,17.039062,17.34375,16.609375,15.921875,15.6328125,15.515625,15.515625
431,2021-05-23 05:30:00,3504,8.671875,8.8671875,8.8671875,8.8828125,8.875,8.9296875,8.9375,8.9609375,8.9921875,14.0234375,16.90625,17.296875,16.617188,15.9453125,15.640625,15.5390625,15.515625
432,2021-05-23 05:45:00,3504,8.8359375,9.046875,9.0546875,9.078125,9.0625,9.1171875,9.125,9.1640625,9.234375,14.0546875,16.789062,17.25,16.617188,15.9765625,15.6640625,15.5390625,15.5234375
433,2021-05-23 06:00:00,3498,8.875,8.7890625,8.8125,8.828125,8.8203125,8.8984375,8.9140625,8.9375,9.0,13.8984375,16.679688,17.203125,16.625,15.9921875,15.6640625,15.5390625,15.5234375
434,2021-05-23 06:15:00,3498,8.8671875,8.984375,9.0,9.03125,9.0234375,9.1015625,9.1015625,9.140625,9.1796875,13.8125,16.585938,17.148438,16.632812,16.0,15.6796875,15.546875,15.5234375
435,2021-05-23 06:30:00,3498,8.9765625,9.0703125,9.09375,9.1171875,9.109375,9.1796875,9.1796875,9.203125,9.2421875,13.7578125,16.476562,17.09375,16.632812,16.023438,15.6875,15.5546875,15.5390625
436,2021-05-23 06:45:00,3498,8.9453125,9.0703125,9.1015625,9.1171875,9.109375,9.171875,9.1640625,9.1875,9.2265625,13.640625,16.382812,17.046875,16.625,16.039062,15.7109375,15.5625,15.5390625
437,2021-05-23 07:00:00,3498,8.96875,9.0234375,9.046875,9.0703125,9.0703125,9.1328125,9.1328125,9.1640625,9.2109375,13.5390625,16.289062,17.0,16.617188,16.054688,15.7265625,15.5625,15.546875
438,2021-05-23 07:15:00,3504,9.0703125,9.1171875,9.1484375,9.1796875,9.1640625,9.234375,9.234375,9.2734375,9.3125,13.5,16.195312,16.9375,16.617188,16.078125,15.7265625,15.578125,15.5546875
439,2021-05-23 07:30:00,3498,8.9921875,8.9140625,8.9453125,8.96875,8.9765625,9.0390625,9.046875,9.09375,9.15625,13.3359375,16.101562,16.890625,16.617188,16.085938,15.7421875,15.5859375,15.5625
440,2021-05-23 07:45:00,3504,9.015625,8.9921875,9.03125,9.0625,9.0625,9.1328125,9.140625,9.1796875,9.2421875,13.2734375,16.015625,16.835938,16.609375,16.09375,15.7578125,15.5859375,15.5625
441,2021-05-23 08:00:00,3498,9.046875,9.078125,9.109375,9.1328125,9.125,9.1953125,9.1953125,9.234375,9.28125,13.2265625,15.9296875,16.789062,16.59375,16.109375,15.765625,15.6015625,15.5703125
442,2021-05-23 08:15:00,3498,8.984375,8.90625,8.9296875,8.9609375,8.953125,9.0234375,9.0390625,9.0859375,9.1640625,13.171875,15.84375,16.742188,16.585938,16.117188,15.78125,15.609375,15.578125
443,2021-05-23 08:30:00,3504,8.9609375,8.90625,8.9375,8.9609375,8.953125,9.0234375,9.03125,9.078125,9.1484375,13.0703125,15.765625,16.6875,16.570312,16.125,15.7890625,15.6171875,15.578125
444,2021-05-23 08:45:00,3498,8.890625,8.8359375,8.8671875,8.890625,8.890625,8.96875,8.9765625,9.0078125,9.0859375,12.9765625,15.6875,16.640625,16.554688,16.132812,15.796875,15.6171875,15.578125
445,2021-05-23 09:00:00,3498,8.9453125,8.984375,9.0078125,9.03125,9.03125,9.1015625,9.1015625,9.1328125,9.1875,12.9609375,15.609375,16.59375,16.539062,16.140625,15.8203125,15.625,15.5859375
446,2021-05-23 09:15:00,3498,9.0234375,8.953125,8.984375,9.015625,9.015625,9.0859375,9.1015625,9.140625,9.2109375,12.9453125,15.5390625,16.539062,16.523438,16.148438,15.828125,15.6328125,15.6015625
447,2021-05-23 09:30:00,3498,9.0078125,8.984375,9.0078125,9.0390625,9.03125,9.09375,9.1015625,9.1328125,9.1875,12.890625,15.4609375,16.492188,16.515625,16.15625,15.828125,15.640625,15.6015625
448,2021-05-23 09:45:00,3492,9.0078125,8.9921875,9.0234375,9.046875,9.0390625,9.109375,9.109375,9.140625,9.1875,12.828125,15.3984375,16.4375,16.492188,16.15625,15.84375,15.6484375,15.6015625
449,2021-05-23 10:00:00,3498,8.9453125,8.8828125,8.90625,8.9296875,8.9296875,8.9921875,9.0,9.0390625,9.0859375,12.734375,15.328125,16.390625,16.476562,16.164062,15.8515625,15.65625,15.609375
450,2021-05-23 10:15:00,3492,8.9296875,8.875,8.8984375,8.9296875,8.9296875,8.9921875,9.0,9.0390625,9.1015625,12.671875,15.265625,16.351562,16.46875,16.164062,15.859375,15.671875,15.6171875
451,2021-05-23 10:30:00,3486,8.8671875,8.8046875,8.828125,8.859375,8.8515625,8.921875,8.9375,8.96875,9.0234375,12.59375,15.203125,16.296875,16.445312,16.171875,15.8671875,15.671875,15.625
452,2021-05-23 10:45:00,3498,8.8359375,8.8046875,8.8203125,8.8515625,8.8515625,8.9140625,8.9140625,8.953125,9.0,12.5390625,15.140625,16.257812,16.421875,16.171875,15.875,15.6796875,15.625
453,2021-05-23 11:00:00,3486,8.796875,8.75,8.78125,8.8046875,8.796875,8.8671875,8.875,8.8984375,8.9453125,12.4765625,15.078125,16.210938,16.40625,16.171875,15.8828125,15.6875,15.6328125
454,2021-05-23 11:15:00,3492,8.8203125,8.8125,8.84375,8.859375,8.859375,8.921875,8.9140625,8.9375,8.96875,12.421875,15.0078125,16.164062,16.390625,16.171875,15.890625,15.6953125,15.6328125
455,2021-05-23 11:30:00,3492,8.8203125,8.8515625,8.875,8.890625,8.875,8.9375,8.9296875,8.9453125,8.96875,12.375,14.9453125,16.117188,16.367188,16.171875,15.8984375,15.703125,15.640625
456,2021-05-23 11:45:00,3498,8.8046875,8.7890625,8.8125,8.8359375,8.8203125,8.890625,8.8828125,8.90625,8.953125,12.359375,14.8828125,16.078125,16.34375,16.171875,15.90625,15.7109375,15.640625
457,2021-05-23 12:00:00,3492,8.765625,8.7265625,8.75,8.765625,8.7578125,8.8125,8.8125,8.828125,8.859375,12.3046875,14.8359375,16.03125,16.320312,16.164062,15.90625,15.71875,15.6484375
458,2021-05-23 12:15:00,3498,8.7578125,8.78125,8.796875,8.8203125,8.8046875,8.8671875,8.8515625,8.875,8.8984375,12.2734375,14.7734375,15.984375,16.296875,16.15625,15.921875,15.7265625,15.6484375
459,2021-05-23 12:30:00,3486,8.6875,8.7421875,8.765625,8.78125,8.7734375,8.8203125,8.8125,8.828125,8.8359375,12.1640625,14.71875,15.9453125,16.289062,16.15625,15.921875,15.7265625,15.65625
460,2021-05-23 12:45:00,3486,8.71875,8.6796875,8.703125,8.7265625,8.71875,8.78125,8.78125,8.796875,8.828125,12.125,14.6640625,15.90625,16.265625,16.15625,15.9296875,15.7265625,15.6640625
461,2021-05-23 13:00:00,3486,8.671875,8.71875,8.7421875,8.75,8.734375,8.78125,8.78125,8.7890625,8.8046875,12.109375,14.609375,15.8671875,16.234375,16.148438,15.9296875,15.734375,15.6640625
462,2021-05-23 13:15:00,3492,8.734375,8.75,8.765625,8.78125,8.765625,8.828125,8.8203125,8.8359375,8.8515625,12.09375,14.5546875,15.8203125,16.21875,16.148438,15.9375,15.7421875,15.671875
463,2021-05-23 13:30:00,3480,8.8125,8.875,8.8984375,8.921875,8.9140625,8.96875,8.9609375,8.9921875,9.0234375,12.15625,14.5078125,15.78125,16.195312,16.140625,15.9375,15.75,15.671875
464,2021-05-23 13:45:00,3486,9.0078125,9.0703125,9.09375,9.1171875,9.109375,9.1796875,9.1796875,9.203125,9.2421875,12.1953125,14.453125,15.7421875,16.171875,16.132812,15.9453125,15.75,15.671875
465,2021-05-23 14:00:00,3480,9.2265625,9.2265625,9.2578125,9.2890625,9.28125,9.34375,9.3515625,9.390625,9.4296875,12.265625,14.4140625,15.703125,16.148438,16.132812,15.9453125,15.765625,15.6796875
466,2021-05-23 14:15:00,3492,9.4609375,9.5,9.5234375,9.5546875,9.5625,9.6328125,9.6484375,9.6953125,9.7578125,12.421875,14.375,15.6640625,16.132812,16.125,15.9453125,15.765625,15.6875
467,2021-05-23 14:30:00,3486,9.7109375,9.6484375,9.6796875,9.703125,9.7109375,9.78125,9.8046875,9.8515625,9.9140625,12.515625,14.3359375,15.625,16.101562,16.117188,15.9453125,15.7734375,15.6875
468,2021-05-23 14:45:00,3492,10.0,9.921875,9.96875,10.0,10.0234375,10.1015625,10.1328125,10.1953125,10.296875,12.78125,14.3046875,15.578125,16.085938,16.109375,15.9453125,15.7734375,15.6796875
469,2021-05-23 15:00:00,3486,10.2578125,10.21875,10.265625,10.296875,10.328125,10.4140625,10.453125,10.53125,10.6484375,12.9453125,14.28125,15.5390625,16.054688,16.101562,15.9453125,15.7734375,15.6875
470,2021-05-23 15:15:00,3486,10.5625,10.4140625,10.4609375,10.5,10.5234375,10.6171875,10.6484375,10.7265625,10.84375,13.1171875,14.2734375,15.5078125,16.023438,16.09375,15.953125,15.78125,15.6875
471,2021-05-23 15:30:00,3498,10.8125,10.5078125,10.5546875,10.609375,10.640625,10.7578125,10.796875,10.8828125,11.03125,13.3671875,14.265625,15.46875,16.007812,16.085938,15.9453125,15.78125,15.6953125
472,2021-05-23 15:45:00,3492,10.890625,10.640625,10.6640625,10.7109375,10.7265625,10.8125,10.859375,10.9296875,11.0234375,13.3203125,14.265625,15.4375,15.9765625,16.070312,15.9453125,15.7890625,15.6875
473,2021-05-23 16:00:00,3492,11.140625,10.8203125,10.8671875,10.90625,10.9375,11.046875,11.0859375,11.1875,11.3359375,13.5546875,14.28125,15.40625,15.9609375,16.0625,15.9453125,15.7890625,15.6875
474,2021-05-23 16:15:00,3480,11.3671875,11.109375,11.125,11.1640625,11.1875,11.3046875,11.359375,11.46875,11.59375,13.828125,14.296875,15.375,15.9375,16.054688,15.953125,15.7890625,15.6953125
475,2021-05-23 16:30:00,3486,12.015625,11.875,11.953125,12.015625,12.078125,12.21875,12.3046875,12.5,12.765625,14.3125,14.3125,15.3515625,15.9140625,16.046875,15.9453125,15.7890625,15.6953125
476,2021-05-23 16:45:00,3486,12.3671875,11.84375,11.9375,12.0078125,12.078125,12.2109375,12.28125,12.4296875,12.65625,14.6640625,14.3359375,15.3203125,15.890625,16.03125,15.9453125,15.7890625,15.6953125
477,2021-05-23 17:00:00,3498,12.78125,12.1953125,12.296875,12.3671875,12.453125,12.609375,12.7109375,12.8984375,13.171875,15.0,14.3828125,15.296875,15.8671875,16.023438,15.9453125,15.796875,15.6953125
478,2021-05-23 17:15:00,3492,13.9609375,13.734375,13.8359375,13.953125,14.0625,14.2734375,14.3984375,14.703125,15.09375,15.9453125,14.4375,15.2890625,15.84375,16.007812,15.9375,15.796875,15.6953125
479,2021-05-23 17:30:00,3480,14.265625,13.4921875,13.5859375,13.6953125,13.796875,14.015625,14.1328125,14.4140625,14.796875,16.335938,14.5,15.265625,15.8203125,16.0,15.9375,15.796875,15.6953125
480,2021-05-23 17:45:00,3486,14.390625,13.40625,13.53125,13.625,13.75,13.9375,14.0625,14.3046875,14.6875,16.554688,14.59375,15.2578125,15.8046875,15.984375,15.9296875,15.796875,15.6953125
481,2021-05-23 18:00:00,3480,14.9140625,13.96875,14.046875,14.1640625,14.265625,14.484375,14.640625,14.890625,15.2890625,17.210938,14.6953125,15.25,15.7890625,15.9765625,15.9296875,15.796875,15.703125
482,2021-05-23 18:15:00,3486,14.875,14.0703125,14.2109375,14.328125,14.46875,14.6796875,14.8359375,15.1015625,15.4765625,17.304688,14.8125,15.234375,15.765625,15.96875,15.921875,15.796875,15.6953125
483,2021-05-23 18:30:00,3492,15.6953125,14.765625,14.921875,15.0546875,15.1796875,15.4296875,15.6484375,16.023438,16.507812,18.21875,14.9375,15.2421875,15.75,15.953125,15.921875,15.796875,15.6953125
484,2021-05-23 18:45:00,3486,16.148438,14.9296875,15.078125,15.203125,15.359375,15.5546875,15.6953125,16.0,16.46875,18.734375,15.0625,15.2421875,15.7265625,15.9453125,15.921875,15.796875,15.6953125
485,2021-05-23 19:00:00,3486,16.867188,15.7578125,15.859375,15.9609375,16.070312,16.273438,16.414062,16.671875,17.007812,19.140625,15.2109375,15.2578125,15.71875,15.9296875,15.9140625,15.796875,15.6875
486,2021-05-23 19:15:00,3486,17.359375,15.5,15.625,15.78125,15.9609375,16.210938,16.421875,16.757812,17.226562,20.335938,15.375,15.2734375,15.6953125,15.9140625,15.90625,15.796875,15.6953125
487,2021-05-23 19:30:00,3486,17.507812,15.953125,16.179688,16.335938,16.492188,16.75,16.929688,17.265625,17.742188,20.953125,15.5546875,15.2890625,15.6875,15.90625,15.90625,15.796875,15.6875
488,2021-05-23 19:45:00,3486,18.28125,16.359375,16.5625,16.765625,16.96875,17.304688,17.570312,17.953125,18.515625,22.125,15.75,15.3203125,15.671875,15.890625,15.8984375,15.7890625,15.6875
489,2021-05-23 20:00:00,3486,18.414062,15.90625,16.179688,16.375,16.625,16.992188,17.304688,17.804688,18.5,23.09375,15.9765625,15.359375,15.6640625,15.8828125,15.890625,15.796875,15.6875
490,2021-05-23 20:15:00,3492,18.90625,16.601562,16.875,17.078125,17.304688,17.570312,17.804688,18.203125,18.84375,23.554688,16.21875,15.390625,15.65625,15.875,15.890625,15.7890625,15.6875
491,2021-05-23 20:30:00,3498,19.242188,16.398438,16.765625,16.976562,17.210938,17.515625,17.8125,18.171875,18.820312,24.9375,16.476562,15.4375,15.6484375,15.8671875,15.8828125,15.7890625,15.6875
492,2021-05-23 20:45:00,3498,19.132812,16.476562,16.796875,17.070312,17.335938,17.648438,17.992188,18.40625,19.085938,25.070312,16.75,15.4921875,15.6484375,15.84375,15.875,15.7890625,15.6875
493,2021-05-23 21:00:00,3498,19.539062,17.109375,17.335938,17.578125,17.851562,18.21875,18.554688,18.945312,19.703125,25.75,17.03125,15.5546875,15.6484375,15.84375,15.875,15.78125,15.6796875
494,2021-05-23 21:15:00,3498,19.75,17.695312,17.820312,18.03125,18.21875,18.476562,18.757812,19.171875,19.898438,25.796875,17.320312,15.625,15.640625,15.8359375,15.859375,15.78125,15.6796875
495,2021-05-23 21:30:00,3498,20.25,18.265625,18.3125,18.523438,18.648438,18.96875,19.273438,19.671875,20.328125,25.84375,17.609375,15.703125,15.65625,15.8203125,15.859375,15.7734375,15.6796875
496,2021-05-23 21:45:00,3492,20.359375,17.75,17.835938,18.078125,18.273438,18.539062,18.84375,19.1875,19.820312,25.585938,17.890625,15.7890625,15.6640625,15.8125,15.8515625,15.78125,15.671875
497,2021-05-23 22:00:00,3510,20.257812,18.164062,18.296875,18.484375,18.671875,18.914062,19.21875,19.617188,20.296875,25.296875,18.15625,15.8828125,15.671875,15.8125,15.8515625,15.7734375,15.671875
498,2021-05-23 22:15:00,3504,20.546875,18.835938,18.992188,19.234375,19.46875,19.734375,19.984375,20.320312,20.96875,24.679688,18.414062,15.984375,15.6875,15.796875,15.84375,15.765625,15.671875
499,2021-05-23 22:30:00,3504,20.023438,17.984375,18.101562,18.328125,18.539062,18.765625,19.039062,19.351562,19.882812,23.835938,18.640625,16.085938,15.6953125,15.796875,15.828125,15.7734375,15.6640625
500,2021-05-23 22:45:00,3504,19.890625,17.9375,18.09375,18.359375,18.640625,18.859375,19.132812,19.40625,19.960938,23.265625,18.859375,16.195312,15.7109375,15.7890625,15.828125,15.765625,15.6640625
501,2021-05-23 23:00:00,3510,19.867188,17.9375,18.078125,18.320312,18.585938,18.851562,19.117188,19.445312,20.109375,22.992188,19.023438,16.3125,15.75,15.7890625,15.8203125,15.7578125,15.6640625
502,2021-05-23 23:15:00,3504,20.148438,18.257812,18.257812,18.414062,18.585938,18.78125,19.015625,19.265625,19.765625,22.59375,19.171875,16.421875,15.765625,15.78125,15.8203125,15.7578125,15.6484375
503,2021-05-23 23:30:00,3504,16.890625,14.9453125,14.828125,14.8359375,14.8125,14.8515625,14.828125,14.84375,14.8203125,20.96875,19.296875,16.53125,15.796875,15.78125,15.8125,15.7578125,15.6484375
504,2021-05-23 23:45:00,3504,15.4296875,14.6640625,14.6484375,14.6953125,14.6953125,14.7265625,14.6953125,14.671875,14.65625,20.203125,19.390625,16.648438,15.828125,15.7734375,15.8046875,15.75,15.6484375
505,2021-05-24 00:00:00,3504,14.6171875,14.0234375,13.984375,14.0078125,13.984375,14.0234375,13.9921875,13.9609375,13.8828125,19.539062,19.40625,16.757812,15.8671875,15.78125,15.796875,15.7421875,15.6484375
506,2021-05-24 00:15:00,3504,14.125,13.7109375,13.640625,13.6484375,13.609375,13.6328125,13.578125,13.53125,13.4140625,18.992188,19.367188,16.859375,15.90625,15.78125,15.796875,15.7421875,15.6484375
507,2021-05-24 00:30:00,3504,13.5390625,13.453125,13.3828125,13.375,13.328125,13.3359375,13.2734375,13.203125,13.0546875,18.523438,19.289062,16.953125,15.9453125,15.7890625,15.7890625,15.7421875,15.640625
508,2021-05-24 00:45:00,3510,13.4765625,13.4765625,13.421875,13.4296875,13.375,13.3984375,13.328125,13.2421875,13.03125,18.265625,19.179688,17.03125,15.984375,15.7890625,15.7890625,15.734375,15.640625
509,2021-05-24 01:00:00,3504,12.859375,12.7890625,12.7109375,12.71875,12.6640625,12.6953125,12.640625,12.578125,12.4140625,17.828125,19.0625,17.101562,16.03125,15.796875,15.7890625,15.734375,15.6328125
510,2021-05-24 01:15:00,3504,12.4296875,12.421875,12.359375,12.3515625,12.3203125,12.34375,12.2734375,12.1953125,12.046875,17.4375,18.929688,17.171875,16.070312,15.8046875,15.78125,15.7265625,15.6328125
511,2021-05-24 01:30:00,3504,12.1484375,12.2578125,12.1953125,12.1796875,12.1328125,12.1484375,12.09375,12.0078125,11.8359375,17.203125,18.789062,17.21875,16.117188,15.8125,15.78125,15.7265625,15.6328125
512,2021-05-24 01:45:00,3504,11.8203125,12.046875,11.9765625,11.96875,11.9140625,11.9296875,11.8671875,11.765625,11.5703125,16.96875,18.648438,17.265625,16.15625,15.8203125,15.7734375,15.71875,15.6328125
513,2021-05-24 02:00:00,3504,11.59375,11.8046875,11.71875,11.7109375,11.640625,11.640625,11.5859375,11.4921875,11.3125,16.742188,18.507812,17.289062,16.203125,15.8359375,15.7734375,15.7265625,15.625
514,2021-05-24 02:15:00,3504,11.25,11.328125,11.2421875,11.234375,11.1796875,11.1953125,11.140625,11.078125,10.921875,16.460938,18.375,17.304688,16.234375,15.84375,15.7734375,15.71875,15.625
515,2021-05-24 02:30:00,3504,10.765625,10.8046875,10.7109375,10.7109375,10.65625,10.703125,10.6484375,10.5703125,10.390625,16.234375,18.242188,17.320312,16.273438,15.859375,15.7734375,15.7109375,15.625
516,2021-05-24 02:45:00,3504,10.2734375,10.46875,10.390625,10.375,10.34375,10.34375,10.3046875,10.2421875,10.078125,16.007812,18.109375,17.320312,16.304688,15.875,15.7734375,15.7109375,15.6171875
517,2021-05-24 03:00:00,3510,9.9609375,10.1640625,10.1015625,10.09375,10.0546875,10.046875,10.0,9.921875,9.8046875,15.8125,17.984375,17.3125,16.34375,15.890625,15.7734375,15.703125,15.625
518,2021-05-24 03:15:00,3504,9.6796875,9.875,9.8203125,9.8125,9.75,9.7578125,9.7109375,9.65625,9.546875,15.5703125,17.851562,17.304688,16.375,15.8984375,15.7734375,15.703125,15.6171875
519,2021-05-24 03:30:00,3504,9.5,9.8203125,9.765625,9.765625,9.703125,9.7109375,9.6328125,9.546875,9.3984375,15.3359375,17.726562,17.296875,16.398438,15.921875,15.78125,15.6953125,15.6171875
520,2021-05-24 03:45:00,3498,9.21875,9.421875,9.3828125,9.3828125,9.359375,9.3828125,9.328125,9.28125,9.15625,15.125,17.601562,17.28125,16.421875,15.9375,15.78125,15.703125,15.6171875
521,2021-05-24 04:00:00,3498,9.03125,9.34375,9.3046875,9.2890625,9.2421875,9.265625,9.2109375,9.15625,9.0234375,14.9140625,17.476562,17.257812,16.445312,15.953125,15.7890625,15.6953125,15.6171875
522,2021-05-24 04:15:00,3498,8.96875,9.2890625,9.25,9.2421875,9.1953125,9.203125,9.1484375,9.09375,8.96875,14.7265625,17.34375,17.234375,16.460938,15.9609375,15.796875,15.6953125,15.6171875
523,2021-05-24 04:30:00,3498,8.9140625,9.265625,9.21875,9.203125,9.140625,9.140625,9.09375,9.0234375,8.9140625,14.6015625,17.226562,17.203125,16.484375,15.984375,15.796875,15.6953125,15.6171875
524,2021-05-24 04:45:00,3498,8.828125,9.1484375,9.1015625,9.078125,8.9921875,8.96875,8.8828125,8.8046875,8.703125,14.46875,17.109375,17.179688,16.5,15.9921875,15.8046875,15.6953125,15.6171875
525,2021-05-24 05:00:00,3504,8.6171875,8.953125,8.90625,8.8984375,8.8359375,8.8125,8.75,8.671875,8.578125,14.296875,16.992188,17.140625,16.507812,16.015625,15.8046875,15.703125,15.6171875
526,2021-05-24 05:15:00,3498,8.4609375,8.828125,8.78125,8.765625,8.6953125,8.671875,8.6015625,8.5390625,8.4765625,14.1328125,16.875,17.109375,16.515625,16.023438,15.8125,15.6953125,15.6171875
527,2021-05-24 05:30:00,3504,8.2890625,8.578125,8.5390625,8.5390625,8.5,8.53125,8.484375,8.4453125,8.3828125,13.9765625,16.765625,17.070312,16.53125,16.046875,15.8125,15.6953125,15.609375
528,2021-05-24 05:45:00,3498,8.3359375,8.8359375,8.8046875,8.8046875,8.71875,8.703125,8.640625,8.5546875,8.421875,13.7890625,16.65625,17.03125,16.53125,16.054688,15.8203125,15.6953125,15.6171875
529,2021-05-24 06:00:00,3498,8.375,8.7734375,8.7265625,8.7109375,8.6640625,8.6796875,8.6171875,8.53125,8.375,13.703125,16.539062,16.992188,16.539062,16.070312,15.828125,15.703125,15.609375
530,2021-05-24 06:15:00,3492,8.359375,8.953125,8.9296875,8.8984375,8.8046875,8.75,8.6484375,8.5390625,8.375,13.5859375,16.4375,16.953125,16.539062,16.078125,15.8359375,15.703125,15.6171875
531,2021-05-24 06:30:00,3498,8.3671875,8.765625,8.71875,8.6953125,8.625,8.6171875,8.53125,8.453125,8.2890625,13.5078125,16.335938,16.90625,16.539062,16.09375,15.84375,15.703125,15.6171875
532,2021-05-24 06:45:00,3492,8.1171875,8.5234375,8.4453125,8.4453125,8.375,8.375,8.3046875,8.203125,8.0234375,13.359375,16.242188,16.859375,16.546875,16.109375,15.8515625,15.703125,15.625
533,2021-05-24 07:00:00,3498,8.109375,8.5234375,8.5,8.484375,8.4453125,8.453125,8.40625,8.34375,8.25,13.21875,16.148438,16.820312,16.539062,16.117188,15.8515625,15.703125,15.6171875
534,2021-05-24 07:15:00,3498,8.4140625,8.984375,8.96875,8.9453125,8.859375,8.84375,8.765625,8.6328125,8.296875,13.125,16.046875,16.773438,16.53125,16.125,15.859375,15.703125,15.625
535,2021-05-24 07:30:00,3498,8.3828125,8.78125,8.7421875,8.71875,8.65625,8.65625,8.5859375,8.4765625,8.2109375,13.0625,15.953125,16.734375,16.53125,16.132812,15.8671875,15.7109375,15.6171875
536,2021-05-24 07:45:00,3492,8.1953125,8.7890625,8.7578125,8.7578125,8.6640625,8.625,8.5390625,8.3984375,8.1875,13.015625,15.8671875,16.679688,16.523438,16.132812,15.875,15.7109375,15.6171875
537,2021-05-24 08:00:00,3486,8.46875,9.109375,9.09375,9.09375,9.0,8.9453125,8.8515625,8.7109375,8.4296875,12.984375,15.78125,16.640625,16.515625,16.148438,15.8828125,15.7109375,15.625
538,2021-05-24 08:15:00,3492,8.40625,8.7734375,8.734375,8.75,8.671875,8.65625,8.5859375,8.4765625,8.2578125,12.90625,15.6953125,16.59375,16.5,16.15625,15.8828125,15.7109375,15.625
539,2021-05-24 08:30:00,3486,8.015625,8.0390625,7.984375,7.96875,7.921875,7.9375,7.875,7.796875,7.65625,12.75,15.609375,16.539062,16.484375,16.15625,15.8984375,15.71875,15.6328125
540,2021-05-24 08:45:00,3486,7.5859375,7.7421875,7.6953125,7.6953125,7.6328125,7.6484375,7.6171875,7.6015625,7.578125,12.6171875,15.53125,16.492188,16.484375,16.15625,15.8984375,15.71875,15.625
541,2021-05-24 09:00:00,3492,7.5078125,7.828125,7.7890625,7.78125,7.7109375,7.703125,7.65625,7.6015625,7.5234375,12.5703125,15.453125,16.445312,16.460938,16.171875,15.90625,15.7265625,15.6328125
542,2021-05-24 09:15:00,3480,7.359375,7.5859375,7.5546875,7.5625,7.5,7.515625,7.4765625,7.4140625,7.328125,12.5234375,15.375,16.398438,16.445312,16.171875,15.9140625,15.734375,15.6328125
543,2021-05-24 09:30:00,3480,7.2421875,7.5859375,7.546875,7.5625,7.484375,7.484375,7.421875,7.3515625,7.265625,12.3984375,15.296875,16.359375,16.4375,16.171875,15.921875,15.7265625,15.6328125
544,2021-05-24 09:45:00,3492,7.2578125,7.609375,7.59375,7.6015625,7.5390625,7.5390625,7.5,7.4296875,7.3515625,12.34375,15.2109375,16.304688,16.421875,16.179688,15.921875,15.7421875,15.640625
545,2021-05-24 10:00:00,3486,7.1484375,7.4140625,7.3828125,7.390625,7.34375,7.390625,7.375,7.3515625,7.2734375,12.203125,15.1484375,16.265625,16.398438,16.179688,15.9296875,15.7421875,15.640625
546,2021-05-24 10:15:00,3492,7.1171875,7.375,7.3515625,7.3359375,7.28125,7.296875,7.2421875,7.1875,7.1171875,12.140625,15.078125,16.21875,16.382812,16.179688,15.9296875,15.7421875,15.6328125
547,2021-05-24 10:30:00,3486,7.234375,7.6953125,7.6796875,7.6796875,7.625,7.6484375,7.609375,7.5703125,7.5,12.109375,15.0078125,16.164062,16.367188,16.171875,15.9375,15.75,15.640625
548,2021-05-24 10:45:00,3492,7.9375,8.421875,8.4140625,8.4296875,8.421875,8.484375,8.4765625,8.515625,8.5703125,12.3203125,14.921875,16.125,16.351562,16.179688,15.9375,15.7421875,15.6484375
549,2021-05-24 11:00:00,3486,8.421875,8.6796875,8.6640625,8.6953125,8.6875,8.7578125,8.7578125,8.8125,8.9296875,12.484375,14.859375,16.078125,16.320312,16.171875,15.9453125,15.75,15.640625
550,2021-05-24 11:15:00,3498,8.578125,8.6953125,8.65625,8.6796875,8.65625,8.71875,8.71875,8.7734375,8.8984375,12.5390625,14.8046875,16.023438,16.3125,16.171875,15.9453125,15.75,15.640625
551,2021-05-24 11:30:00,3492,8.59375,8.6171875,8.609375,8.6328125,8.609375,8.671875,8.671875,8.7109375,8.796875,12.53125,14.75,15.984375,16.289062,16.171875,15.9453125,15.7578125,15.65625
552,2021-05-24 11:45:00,3486,8.515625,8.5234375,8.5078125,8.5234375,8.484375,8.5234375,8.5078125,8.5234375,8.5546875,12.46875,14.7109375,15.9375,16.265625,16.164062,15.953125,15.7578125,15.6484375
553,2021-05-24 12:00:00,3486,8.4921875,8.6640625,8.671875,8.6875,8.65625,8.6796875,8.65625,8.6875,8.734375,12.46875,14.6640625,15.890625,16.25,16.164062,15.9609375,15.765625,15.65625
554,2021-05-24 12:15:00,3480,8.5546875,8.6015625,8.6171875,8.640625,8.6328125,8.6875,8.6484375,8.65625,8.6875,12.5,14.6328125,15.8515625,16.226562,16.15625,15.9609375,15.765625,15.65625
555,2021-05-24 12:30:00,3492,8.609375,8.6640625,8.6796875,8.7109375,8.703125,8.765625,8.75,8.7578125,8.828125,12.546875,14.59375,15.8046875,16.203125,16.148438,15.9609375,15.7734375,15.65625
556,2021-05-24 12:45:00,3486,8.625,8.65625,8.6875,8.7109375,8.71875,8.7890625,8.7890625,8.796875,8.84375,12.515625,14.5625,15.7578125,16.179688,16.140625,15.9609375,15.765625,15.65625
557,2021-05-24 13:00:00,3486,8.640625,8.6796875,8.6875,8.71875,8.703125,8.7734375,8.7890625,8.7890625,8.8359375,12.5,14.53125,15.7265625,16.15625,16.140625,15.953125,15.765625,15.65625
558,2021-05-24 13:15:00,3480,8.5546875,8.5,8.4921875,8.515625,8.5,8.5703125,8.5703125,8.5625,8.546875,12.453125,14.5,15.6875,16.132812,16.125,15.9609375,15.7734375,15.65625
559,2021-05-24 13:30:00,3486,8.28125,8.34375,8.3125,8.328125,8.2890625,8.3359375,8.3203125,8.3203125,8.328125,12.34375,14.46875,15.6484375,16.109375,16.117188,15.953125,15.7734375,15.6640625
560,2021-05-24 13:45:00,3486,8.5390625,8.5859375,8.6015625,8.6328125,8.6328125,8.7109375,8.7265625,8.78125,8.8203125,12.5234375,14.4296875,15.6171875,16.085938,16.109375,15.9609375,15.7734375,15.65625
561,2021-05-24 14:00:00,3486,8.640625,8.6015625,8.640625,8.6875,8.6875,8.7734375,8.8046875,8.890625,9.0,12.625,14.3984375,15.578125,16.0625,16.101562,15.9609375,15.7734375,15.6640625
562,2021-05-24 14:15:00,3492,8.890625,8.84375,8.890625,8.9375,8.9609375,9.0703125,9.1015625,9.2109375,9.3203125,12.828125,14.3671875,15.546875,16.03125,16.09375,15.953125,15.78125,15.6640625
563,2021-05-24 14:30:00,3480,9.3671875,9.4296875,9.4609375,9.484375,9.4921875,9.59375,9.6328125,9.7421875,9.8515625,13.0703125,14.3515625,15.515625,16.015625,16.085938,15.953125,15.78125,15.65625
564,2021-05-24 14:45:00,3480,9.75,9.6484375,9.6953125,9.734375,9.7734375,9.8828125,9.9453125,10.078125,10.2734375,13.328125,14.3359375,15.484375,15.9921875,16.078125,15.953125,15.78125,15.6640625
565,2021-05-24 15:00:00,3486,9.6953125,9.4140625,9.46875,9.53125,9.5625,9.703125,9.7734375,9.9140625,10.1640625,13.4140625,14.3359375,15.4453125,15.9609375,16.070312,15.9453125,15.78125,15.6640625
566,2021-05-24 15:15:00,3486,10.6015625,10.8515625,10.921875,10.96875,11.03125,11.1953125,11.265625,11.46875,11.734375,13.9140625,14.328125,15.4140625,15.9453125,16.054688,15.9453125,15.78125,15.65625
567,2021-05-24 15:30:00,3480,12.765625,12.65625,12.6875,12.75,12.859375,13.140625,13.2890625,13.6875,14.203125,14.6484375,14.34375,15.390625,15.921875,16.046875,15.9453125,15.78125,15.65625
568,2021-05-24 15:45:00,3486,14.5390625,13.4921875,13.3359375,13.46875,13.578125,13.953125,14.171875,14.6171875,15.1953125,15.4453125,14.375,15.359375,15.8984375,16.023438,15.9453125,15.78125,15.6640625
569,2021-05-24 16:00:00,3480,15.703125,14.25,14.109375,14.203125,14.3515625,14.6953125,14.9296875,15.40625,16.054688,16.203125,14.4296875,15.3359375,15.875,16.023438,15.9375,15.78125,15.65625
570,2021-05-24 16:15:00,3486,17.03125,15.9296875,15.828125,15.9140625,16.03125,16.40625,16.632812,17.195312,17.929688,16.953125,14.5,15.3125,15.8515625,16.007812,15.9375,15.78125,15.65625
571,2021-05-24 16:30:00,3486,17.5,15.0078125,14.90625,14.9140625,15.1015625,15.5546875,15.84375,16.453125,17.289062,17.6875,14.6015625,15.296875,15.8359375,15.9921875,15.9375,15.78125,15.6484375
572,2021-05-24 16:45:00,3486,18.335938,16.289062,16.320312,16.460938,16.6875,17.085938,17.398438,18.007812,18.84375,18.734375,14.71875,15.2890625,15.8125,15.984375,15.9296875,15.7734375,15.65625
573,2021-05-24 17:00:00,3492,19.09375,17.101562,17.015625,17.070312,17.148438,17.445312,17.71875,18.210938,18.9375,19.5,14.8671875,15.28125,15.7890625,15.96875,15.921875,15.7734375,15.65625
574,2021-05-24 17:15:00,3492,19.695312,17.75,17.734375,17.851562,17.984375,18.328125,18.625,19.195312,19.984375,20.351562,15.046875,15.28125,15.7734375,15.953125,15.9140625,15.78125,15.65625
575,2021-05-24 17:30:00,3492,20.367188,18.117188,18.085938,18.203125,18.335938,18.6875,18.976562,19.492188,20.195312,21.226562,15.2421875,15.2734375,15.75,15.9453125,15.9140625,15.7734375,15.65625
576,2021-05-24 17:45:00,3486,20.648438,18.054688,18.015625,18.085938,18.210938,18.53125,18.820312,19.328125,20.046875,22.273438,15.46875,15.2890625,15.734375,15.9375,15.90625,15.7734375,15.6484375
577,2021-05-24 18:00:00,3498,20.890625,17.882812,17.90625,18.007812,18.0625,18.398438,18.6875,19.195312,19.890625,23.140625,15.71875,15.3125,15.71875,15.921875,15.8984375,15.765625,15.6484375
578,2021-05-24 18:15:00,3498,21.390625,18.554688,18.75,18.867188,18.984375,19.359375,19.703125,20.265625,21.085938,24.203125,15.9765625,15.328125,15.703125,15.90625,15.890625,15.765625,15.640625
579,2021-05-24 18:30:00,3498,21.796875,19.492188,19.921875,20.078125,20.234375,20.546875,20.851562,21.34375,22.015625,24.90625,16.257812,15.359375,15.6953125,15.8984375,15.890625,15.765625,15.640625
580,2021-05-24 18:45:00,3498,22.0,19.398438,19.765625,19.890625,20.054688,20.367188,20.664062,21.1875,21.960938,25.632812,16.554688,15.4140625,15.6796875,15.890625,15.8828125,15.7578125,15.640625
581,2021-05-24 19:00:00,3504,22.46875,20.265625,20.601562,20.757812,20.882812,21.195312,21.46875,21.929688,22.585938,26.289062,16.867188,15.46875,15.671875,15.875,15.875,15.7578125,15.6328125
582,2021-05-24 19:15:00,3504,21.960938,19.453125,19.726562,19.859375,20.015625,20.320312,20.578125,21.046875,21.820312,26.765625,17.1875,15.5390625,15.6640625,15.859375,15.8671875,15.7578125,15.640625
583,2021-05-24 19:30:00,3504,22.226562,19.820312,20.125,20.320312,20.46875,20.75,21.007812,21.476562,22.179688,27.507812,17.507812,15.6171875,15.6640625,15.8515625,15.859375,15.75,15.625
584,2021-05-24 19:45:00,3504,22.46875,20.179688,20.5,20.703125,20.90625,21.21875,21.5,21.914062,22.5,27.96875,17.835938,15.6953125,15.6640625,15.84375,15.859375,15.75,15.625
585,2021-05-24 20:00:00,3498,22.453125,19.953125,20.34375,20.546875,20.734375,21.007812,21.304688,21.734375,22.40625,28.34375,18.148438,15.7890625,15.671875,15.828125,15.8515625,15.75,15.625
586,2021-05-24 20:15:00,3504,22.96875,20.992188,21.4375,21.617188,21.765625,22.007812,22.25,22.59375,23.171875,28.648438,18.460938,15.890625,15.6796875,15.8203125,15.8359375,15.7421875,15.6171875
587,2021-05-24 20:30:00,3510,23.34375,21.265625,21.71875,21.921875,22.109375,22.367188,22.601562,22.929688,23.5,28.695312,18.765625,16.0,15.6875,15.8046875,15.8359375,15.734375,15.6171875
588,2021-05-24 20:45:00,3510,23.375,21.21875,21.421875,21.578125,21.695312,21.945312,22.148438,22.515625,23.140625,28.84375,19.054688,16.117188,15.703125,15.8046875,15.828125,15.734375,15.6171875
589,2021-05-24 21:00:00,3510,23.296875,20.867188,21.007812,21.179688,21.328125,21.601562,21.828125,22.203125,22.90625,28.703125,19.335938,16.234375,15.71875,15.7890625,15.8125,15.7265625,15.6171875
590,2021-05-24 21:15:00,3510,23.03125,21.148438,21.351562,21.585938,21.78125,22.039062,22.28125,22.601562,23.1875,28.546875,19.601562,16.351562,15.7421875,15.7890625,15.8203125,15.7265625,15.609375
591,2021-05-24 21:30:00,3510,23.601562,21.335938,21.398438,21.578125,21.710938,21.96875,22.210938,22.609375,23.3125,28.554688,19.851562,16.484375,15.765625,15.78125,15.8046875,15.71875,15.6015625
592,2021-05-24 21:45:00,3510,23.75,21.625,21.648438,21.828125,21.96875,22.210938,22.421875,22.703125,23.234375,27.976562,20.085938,16.617188,15.796875,15.7890625,15.796875,15.71875,15.6015625
593,2021-05-24 22:00:00,3504,23.609375,21.335938,21.445312,21.6875,21.875,22.140625,22.398438,22.757812,23.375,27.421875,20.304688,16.742188,15.828125,15.78125,15.796875,15.71875,15.6015625
594,2021-05-24 22:15:00,3510,24.5625,22.59375,22.59375,22.742188,22.882812,23.085938,23.296875,23.695312,24.421875,27.328125,20.5,16.875,15.8671875,15.7734375,15.7890625,15.7109375,15.59375
595,2021-05-24 22:30:00,3522,24.539062,22.460938,22.554688,22.78125,23.0,23.210938,23.390625,23.625,24.078125,26.570312,20.679688,17.007812,15.90625,15.78125,15.78125,15.703125,15.59375
596,2021-05-24 22:45:00,3522,24.421875,22.328125,22.34375,22.554688,22.734375,22.921875,23.09375,23.289062,23.765625,25.976562,20.859375,17.148438,15.953125,15.78125,15.78125,15.6953125,15.59375
597,2021-05-24 23:00:00,3516,24.3125,22.023438,22.148438,22.375,22.632812,22.867188,23.085938,23.320312,23.789062,25.570312,21.015625,17.273438,16.0,15.7890625,15.765625,15.703125,15.5859375
598,2021-05-24 23:15:00,3522,23.8125,21.59375,21.523438,21.664062,21.75,21.914062,22.039062,22.273438,22.710938,25.085938,21.140625,17.398438,16.054688,15.7890625,15.765625,15.6953125,15.5859375
599,2021-05-24 23:30:00,3522,20.609375,18.125,17.992188,17.984375,17.984375,18.023438,17.960938,17.914062,17.75,23.453125,21.242188,17.523438,16.101562,15.796875,15.765625,15.6875,15.5859375
600,2021-05-24 23:45:00,3516,18.429688,17.125,17.085938,17.125,17.140625,17.1875,17.164062,17.164062,17.078125,22.492188,21.304688,17.648438,16.15625,15.8046875,15.7578125,15.6953125,15.578125
601,2021-05-25 00:00:00,3522,16.882812,16.039062,15.9609375,15.953125,15.9296875,15.9453125,15.8828125,15.8046875,15.609375,21.632812,21.296875,17.773438,16.210938,15.8125,15.7578125,15.6796875,15.5859375
602,2021-05-25 00:15:00,3516,15.6875,14.8984375,14.796875,14.7890625,14.75,14.7734375,14.7109375,14.6484375,14.5,20.992188,21.21875,17.882812,16.265625,15.828125,15.75,15.6796875,15.578125
603,2021-05-25 00:30:00,3516,15.046875,15.015625,14.9609375,14.9453125,14.890625,14.875,14.7890625,14.6953125,14.46875,20.476562,21.109375,17.984375,16.328125,15.84375,15.75,15.6796875,15.578125
604,2021-05-25 00:45:00,3516,14.7578125,14.375,14.3125,14.328125,14.3046875,14.359375,14.3125,14.2578125,14.078125,20.054688,20.960938,18.078125,16.382812,15.859375,15.7578125,15.671875,15.578125
605,2021-05-25 01:00:00,3516,13.9609375,13.75,13.6640625,13.671875,13.609375,13.6328125,13.5625,13.4765625,13.2890625,19.617188,20.804688,18.15625,16.4375,15.875,15.7578125,15.671875,15.578125
606,2021-05-25 01:15:00,3516,13.6328125,13.8515625,13.78125,13.8046875,13.7421875,13.7578125,13.6875,13.578125,13.296875,19.289062,20.625,18.210938,16.5,15.890625,15.75,15.6640625,15.578125
607,2021-05-25 01:30:00,3510,13.609375,13.9609375,13.890625,13.8671875,13.8046875,13.78125,13.6796875,13.5546875,13.265625,19.046875,20.453125,18.265625,16.554688,15.9140625,15.7578125,15.671875,15.578125
608,2021-05-25 01:45:00,3516,13.4453125,13.7734375,13.71875,13.7109375,13.640625,13.6328125,13.5390625,13.40625,13.125,18.789062,20.28125,18.304688,16.617188,15.9296875,15.7578125,15.6640625,15.578125
609,2021-05-25 02:00:00,3516,13.21875,13.546875,13.4921875,13.4765625,13.421875,13.40625,13.3046875,13.1875,12.921875,18.507812,20.109375,18.335938,16.671875,15.9609375,15.7578125,15.6640625,15.578125
610,2021-05-25 02:15:00,3516,12.8984375,13.15625,13.078125,13.046875,12.984375,12.9765625,12.8828125,12.75,12.4921875,18.25,19.945312,18.351562,16.71875,15.9765625,15.7734375,15.6640625,15.578125
611,2021-05-25 02:30:00,3510,12.6796875,12.9375,12.875,12.8515625,12.7890625,12.7734375,12.6796875,12.5546875,12.296875,17.992188,19.789062,18.351562,16.765625,16.0,15.7734375,15.6640625,15.578125
612,2021-05-25 02:45:00,3510,12.484375,12.9140625,12.8515625,12.875,12.7890625,12.7578125,12.65625,12.484375,12.1640625,17.773438,19.632812,18.359375,16.820312,16.023438,15.78125,15.6640625,15.578125
613,2021-05-25 03:00:00,3516,12.203125,12.6875,12.625,12.625,12.546875,12.515625,12.4296875,12.296875,11.9765625,17.5,19.484375,18.351562,16.859375,16.054688,15.7890625,15.65625,15.5859375
614,2021-05-25 03:15:00,3504,11.9375,12.3046875,12.2265625,12.203125,12.1015625,12.078125,11.96875,11.8203125,11.5234375,17.234375,19.328125,18.335938,16.898438,16.085938,15.796875,15.6640625,15.5859375
615,2021-05-25 03:30:00,3522,11.6953125,11.953125,11.890625,11.8671875,11.78125,11.78125,11.703125,11.578125,11.28125,16.953125,19.195312,18.320312,16.929688,16.101562,15.796875,15.6640625,15.5859375
616,2021-05-25 03:45:00,3510,11.375,11.71875,11.6953125,11.65625,11.6015625,11.578125,11.4765625,11.3359375,11.0390625,16.703125,19.039062,18.296875,16.960938,16.132812,15.8125,15.6640625,15.5859375
617,2021-05-25 04:00:00,3510,11.0625,11.390625,11.328125,11.3203125,11.2265625,11.1796875,11.078125,10.9296875,10.6640625,16.484375,18.898438,18.273438,16.992188,16.15625,15.8203125,15.6640625,15.59375
618,2021-05-25 04:15:00,3516,10.8515625,11.2109375,11.171875,11.15625,11.1015625,11.1015625,11.0234375,10.9296875,10.703125,16.226562,18.757812,18.242188,17.023438,16.179688,15.828125,15.671875,15.59375
619,2021-05-25 04:30:00,3510,11.0,11.78125,11.71875,11.6796875,11.546875,11.5,11.390625,11.234375,10.9140625,16.046875,18.617188,18.210938,17.039062,16.203125,15.84375,15.6796875,15.6015625
620,2021-05-25 04:45:00,3510,10.90625,11.5625,11.5078125,11.4921875,11.3828125,11.328125,11.21875,11.0390625,10.71875,15.8828125,18.476562,18.179688,17.0625,16.226562,15.8515625,15.6796875,15.609375
621,2021-05-25 05:00:00,3510,10.859375,11.4375,11.421875,11.3828125,11.3125,11.265625,11.1640625,11.0234375,10.7421875,15.6953125,18.34375,18.140625,17.085938,16.25,15.859375,15.6796875,15.609375
622,2021-05-25 05:15:00,3510,11.0546875,11.6484375,11.609375,11.5625,11.453125,11.3984375,11.28125,11.125,10.859375,15.5625,18.210938,18.101562,17.09375,16.28125,15.875,15.6875,15.6171875
623,2021-05-25 05:30:00,3510,11.1640625,11.671875,11.6484375,11.609375,11.53125,11.484375,11.375,11.2421875,10.984375,15.4296875,18.078125,18.054688,17.125,16.296875,15.890625,15.6953125,15.625
624,2021-05-25 05:45:00,3510,11.203125,11.625,11.578125,11.5234375,11.4375,11.3984375,11.296875,11.140625,10.8515625,15.265625,17.953125,18.015625,17.132812,16.320312,15.90625,15.703125,15.625
625,2021-05-25 06:00:00,3510,11.1640625,11.6171875,11.578125,11.5234375,11.4296875,11.40625,11.3046875,11.1796875,10.9453125,15.0859375,17.835938,17.976562,17.140625,16.335938,15.9140625,15.703125,15.6328125
626,2021-05-25 06:15:00,3504,11.0859375,11.484375,11.4375,11.3671875,11.2734375,11.2109375,11.078125,10.9375,10.6875,14.9921875,17.71875,17.929688,17.148438,16.359375,15.9296875,15.7109375,15.640625
627,2021-05-25 06:30:00,3510,10.90625,11.1875,11.140625,11.078125,10.96875,10.921875,10.796875,10.6484375,10.3984375,14.875,17.601562,17.882812,17.148438,16.375,15.9453125,15.7109375,15.640625
628,2021-05-25 06:45:00,3504,10.65625,11.0234375,10.984375,10.9296875,10.8359375,10.78125,10.671875,10.5234375,10.2734375,14.7734375,17.484375,17.835938,17.148438,16.390625,15.9609375,15.7265625,15.6484375
629,2021-05-25 07:00:00,3510,10.546875,10.921875,10.875,10.828125,10.75,10.7109375,10.6015625,10.4765625,10.2421875,14.671875,17.382812,17.789062,17.15625,16.414062,15.96875,15.7265625,15.6484375
630,2021-05-25 07:15:00,3504,10.6484375,11.078125,11.046875,11.0,10.9140625,10.875,10.78125,10.6640625,10.4453125,14.625,17.28125,17.742188,17.15625,16.429688,15.984375,15.734375,15.6640625
631,2021-05-25 07:30:00,3504,10.765625,11.1953125,11.171875,11.125,11.046875,11.0078125,10.921875,10.8203125,10.6328125,14.5625,17.179688,17.6875,17.148438,16.445312,15.9921875,15.7421875,15.6640625
632,2021-05-25 07:45:00,3510,10.8671875,11.2578125,11.2421875,11.203125,11.1171875,11.0859375,11.0,10.8828125,10.703125,14.5390625,17.078125,17.632812,17.140625,16.460938,16.0,15.7578125,15.671875
633,2021-05-25 08:00:00,3510,10.890625,11.2109375,11.1953125,11.1640625,11.1171875,11.1328125,11.0625,11.0,10.8359375,14.4921875,16.992188,17.585938,17.140625,16.476562,16.015625,15.765625,15.6796875
634,2021-05-25 08:15:00,3504,11.0546875,11.4453125,11.4375,11.40625,11.3359375,11.3203125,11.2421875,11.15625,10.9921875,14.4453125,16.898438,17.539062,17.132812,16.484375,16.039062,15.7734375,15.6875
635,2021-05-25 08:30:00,3504,11.1953125,11.5546875,11.53125,11.4921875,11.40625,11.3984375,11.3125,11.21875,11.0234375,14.4296875,16.820312,17.484375,17.125,16.492188,16.054688,15.7734375,15.6953125
636,2021-05-25 08:45:00,3504,11.15625,11.3671875,11.3359375,11.3203125,11.25,11.265625,11.1953125,11.109375,10.9296875,14.421875,16.742188,17.4375,17.109375,16.507812,16.0625,15.7890625,15.6953125
637,2021-05-25 09:00:00,3510,11.1015625,11.3359375,11.3046875,11.2734375,11.1875,11.171875,11.0859375,10.984375,10.8125,14.390625,16.664062,17.390625,17.09375,16.523438,16.078125,15.796875,15.7109375
638,2021-05-25 09:15:00,3510,11.015625,11.234375,11.203125,11.1640625,11.09375,11.0703125,10.9921875,10.8984375,10.7265625,14.3984375,16.601562,17.335938,17.085938,16.53125,16.085938,15.8125,15.7109375
639,2021-05-25 09:30:00,3504,10.890625,11.0859375,11.0625,11.0625,11.0,10.9921875,10.9296875,10.8359375,10.6484375,14.3671875,16.53125,17.289062,17.078125,16.539062,16.101562,15.8125,15.71875
640,2021-05-25 09:45:00,3510,10.7578125,10.96875,10.9453125,10.921875,10.8515625,10.84375,10.765625,10.671875,10.5078125,14.328125,16.46875,17.242188,17.0625,16.539062,16.109375,15.8203125,15.7265625
641,2021-05-25 10:00:00,3474,10.734375,10.984375,10.96875,10.9453125,10.8828125,10.890625,10.828125,10.7578125,10.6171875,14.296875,16.414062,17.203125,17.046875,16.554688,16.125,15.8359375,15.734375
642,2021-05-25 10:15:00,3504,10.7578125,11.0625,11.0546875,11.0390625,10.9921875,11.0,10.953125,10.890625,10.7734375,14.203125,16.351562,17.148438,17.039062,16.554688,16.132812,15.8359375,15.7421875
643,2021-05-25 10:30:00,3486,10.8046875,11.203125,11.1875,11.1484375,11.078125,11.0625,10.9921875,10.890625,10.7109375,14.1640625,16.296875,17.109375,17.015625,16.5625,16.140625,15.8515625,15.75
644,2021-05-25 10:45:00,3498,10.921875,11.2734375,11.25,11.21875,11.140625,11.125,11.0390625,10.9453125,10.7421875,14.140625,16.242188,17.0625,17.0,16.5625,16.148438,15.8515625,15.7578125
645,2021-05-25 11:00:00,3504,11.0,11.3203125,11.3046875,11.2734375,11.21875,11.21875,11.1328125,11.0546875,10.875,14.03125,16.1875,17.023438,16.984375,16.570312,16.164062,15.859375,15.7578125
646,2021-05-25 11:15:00,3498,11.15625,11.5390625,11.515625,11.4765625,11.3984375,11.390625,11.3046875,11.2109375,11.015625,13.984375,16.132812,16.984375,16.96875,16.570312,16.171875,15.875,15.765625
647,2021-05-25 11:30:00,3504,11.1328125,11.484375,11.46875,11.4140625,11.3359375,11.3046875,11.21875,11.109375,10.90625,13.8984375,16.085938,16.9375,16.945312,16.570312,16.179688,15.8828125,15.7734375
648,2021-05-25 11:45:00,3504,11.015625,11.171875,11.125,11.09375,11.0078125,11.0,10.890625,10.7578125,10.5,13.90625,16.03125,16.898438,16.929688,16.578125,16.1875,15.890625,15.78125
649,2021-05-25 12:00:00,3498,10.765625,10.953125,10.921875,10.9140625,10.8515625,10.8359375,10.7578125,10.625,10.3671875,13.875,15.9765625,16.859375,16.914062,16.570312,16.195312,15.8984375,15.7890625
650,2021-05-25 12:15:00,3498,10.578125,10.7890625,10.7578125,10.734375,10.6953125,10.6953125,10.609375,10.5078125,10.3203125,13.8359375,15.921875,16.820312,16.898438,16.570312,16.203125,15.90625,15.7890625
651,2021-05-25 12:30:00,3498,10.53125,10.8984375,10.8984375,10.8984375,10.828125,10.8125,10.7421875,10.640625,10.4609375,13.796875,15.875,16.78125,16.875,16.570312,16.210938,15.90625,15.8046875
652,2021-05-25 12:45:00,3498,10.546875,10.765625,10.734375,10.7109375,10.640625,10.6328125,10.5546875,10.4765625,10.328125,13.7734375,15.828125,16.742188,16.851562,16.570312,16.210938,15.921875,15.8046875
653,2021-05-25 13:00:00,3498,10.4453125,10.6328125,10.5859375,10.578125,10.5234375,10.5390625,10.484375,10.421875,10.2734375,13.7734375,15.78125,16.710938,16.835938,16.570312,16.226562,15.9296875,15.8203125
654,2021-05-25 13:15:00,3498,10.5234375,10.890625,10.8671875,10.8671875,10.8046875,10.8046875,10.75,10.65625,10.4921875,13.7890625,15.7265625,16.671875,16.820312,16.5625,16.234375,15.9375,15.8203125
655,2021-05-25 13:30:00,3504,10.6484375,10.984375,10.9609375,10.9609375,10.90625,10.921875,10.875,10.8203125,10.71875,13.8125,15.6953125,16.632812,16.796875,16.5625,16.234375,15.9453125,15.828125
656,2021-05-25 13:45:00,3498,11.0078125,11.2109375,11.2109375,11.21875,11.1953125,11.2578125,11.2421875,11.25,11.2421875,13.9921875,15.65625,16.59375,16.78125,16.5625,16.242188,15.953125,15.8359375
657,2021-05-25 14:00:00,3498,11.3671875,11.546875,11.5625,11.5703125,11.5625,11.6171875,11.6171875,11.65625,11.71875,14.1953125,15.609375,16.554688,16.757812,16.554688,16.242188,15.9609375,15.8359375
658,2021-05-25 14:15:00,3504,11.5625,11.5546875,11.5703125,11.5859375,11.5859375,11.65625,11.671875,11.7265625,11.8125,14.296875,15.59375,16.523438,16.734375,16.554688,16.25,15.96875,15.84375
659,2021-05-25 14:30:00,3504,11.7265625,11.6171875,11.6171875,11.640625,11.625,11.7109375,11.7265625,11.7734375,11.828125,14.359375,15.5703125,16.484375,16.726562,16.554688,16.25,15.96875,15.8515625
660,2021-05-25 14:45:00,3498,11.4140625,11.3203125,11.28125,11.2734375,11.2421875,11.3046875,11.2890625,11.296875,11.2734375,14.1484375,15.5625,16.453125,16.703125,16.546875,16.25,15.984375,15.8515625
661,2021-05-25 15:00:00,3504,12.4765625,12.6875,12.7109375,12.75,12.78125,12.890625,12.9140625,12.984375,13.046875,14.515625,15.5390625,16.421875,16.679688,16.539062,16.257812,15.984375,15.859375
662,2021-05-25 15:15:00,3498,12.609375,12.40625,12.40625,12.4375,12.4453125,12.53125,12.5625,12.640625,12.734375,14.7421875,15.53125,16.390625,16.664062,16.53125,16.257812,15.9921875,15.859375
663,2021-05-25 15:30:00,3498,13.1328125,13.171875,13.1953125,13.2109375,13.2421875,13.359375,13.4140625,13.5546875,13.734375,14.984375,15.5234375,16.359375,16.648438,16.523438,16.257812,15.9921875,15.8671875
664,2021-05-25 15:45:00,3504,14.1796875,13.9375,13.9140625,13.9375,13.96875,14.1484375,14.21875,14.3671875,14.546875,15.4921875,15.5234375,16.335938,16.617188,16.515625,16.265625,16.0,15.8671875
665,2021-05-25 16:00:00,3504,17.203125,17.070312,17.046875,17.085938,17.195312,17.46875,17.609375,17.960938,18.375,16.632812,15.546875,16.304688,16.609375,16.515625,16.265625,16.007812,15.875
666,2021-05-25 16:15:00,3504,18.914062,18.03125,18.0,18.046875,18.210938,18.578125,18.8125,19.28125,19.882812,17.632812,15.578125,16.28125,16.578125,16.507812,16.265625,16.015625,15.8828125
667,2021-05-25 16:30:00,3504,19.375,17.71875,17.71875,17.820312,18.0,18.359375,18.609375,19.109375,19.726562,18.5,15.640625,16.265625,16.5625,16.492188,16.265625,16.015625,15.890625
668,2021-05-25 16:45:00,3498,20.046875,18.257812,18.328125,18.453125,18.632812,18.945312,19.210938,19.640625,20.257812,19.382812,15.75,16.25,16.539062,16.492188,16.273438,16.015625,15.890625
669,2021-05-25 17:00:00,3498,20.140625,18.132812,18.140625,18.226562,18.34375,18.625,18.835938,19.226562,19.804688,20.132812,15.875,16.234375,16.523438,16.476562,16.273438,16.023438,15.890625
670,2021-05-25 17:15:00,3510,20.289062,18.5625,18.632812,18.765625,18.945312,19.296875,19.554688,20.046875,20.703125,20.640625,16.039062,16.21875,16.5,16.476562,16.273438,16.03125,15.8984375
671,2021-05-25 17:30:00,3498,20.085938,18.117188,18.195312,18.328125,18.46875,18.804688,19.054688,19.523438,20.148438,21.03125,16.21875,16.21875,16.484375,16.460938,16.273438,16.03125,15.8984375
672,2021-05-25 17:45:00,3504,21.03125,19.265625,19.390625,19.539062,19.710938,20.039062,20.320312,20.851562,21.617188,22.695312,16.40625,16.21875,16.46875,16.453125,16.273438,16.03125,15.8984375
673,2021-05-25 18:00:00,3504,21.210938,18.648438,18.960938,19.117188,19.320312,19.6875,20.007812,20.578125,21.40625,23.773438,16.617188,16.234375,16.453125,16.453125,16.265625,16.039062,15.90625
674,2021-05-25 18:15:00,3504,21.53125,19.070312,19.445312,19.585938,19.75,20.046875,20.34375,20.859375,21.578125,24.476562,16.859375,16.25,16.4375,16.4375,16.273438,16.046875,15.90625
675,2021-05-25 18:30:00,3504,21.726562,19.140625,19.484375,19.585938,19.742188,20.03125,20.3125,20.820312,21.625,25.296875,17.109375,16.289062,16.429688,16.429688,16.265625,16.046875,15.9140625
676,2021-05-25 18:45:00,3504,21.851562,19.320312,19.664062,19.859375,20.046875,20.367188,20.6875,21.179688,21.9375,25.976562,17.390625,16.320312,16.414062,16.429688,16.265625,16.054688,15.9140625
677,2021-05-25 19:00:00,3504,22.210938,19.71875,19.984375,20.1875,20.367188,20.664062,20.9375,21.414062,22.132812,26.664062,17.6875,16.367188,16.40625,16.414062,16.265625,16.046875,15.9140625
678,2021-05-25 19:15:00,3510,22.03125,19.195312,19.398438,19.65625,19.835938,20.195312,20.53125,21.09375,21.9375,27.273438,17.984375,16.421875,16.40625,16.414062,16.265625,16.054688,15.921875
679,2021-05-25 19:30:00,3504,22.398438,19.804688,20.03125,20.242188,20.382812,20.6875,20.96875,21.445312,22.226562,27.851562,18.304688,16.484375,16.40625,16.40625,16.265625,16.054688,15.921875
680,2021-05-25 19:45:00,3510,23.03125,21.25,21.515625,21.664062,21.789062,22.015625,22.242188,22.578125,23.140625,28.28125,18.609375,16.5625,16.398438,16.398438,16.257812,16.054688,15.9140625
681,2021-05-25 20:00:00,3516,23.15625,20.40625,20.78125,20.960938,21.132812,21.421875,21.6875,22.101562,22.71875,28.5625,18.921875,16.648438,16.398438,16.382812,16.257812,16.0625,15.921875
682,2021-05-25 20:15:00,3510,23.773438,21.71875,22.132812,22.257812,22.375,22.617188,22.828125,23.179688,23.742188,29.007812,19.234375,16.742188,16.40625,16.382812,16.25,16.0625,15.921875
683,2021-05-25 20:30:00,3510,24.070312,21.820312,22.15625,22.296875,22.390625,22.601562,22.789062,23.078125,23.570312,28.773438,19.53125,16.835938,16.421875,16.375,16.257812,16.0625,15.9296875
684,2021-05-25 19:15:00,3510,22.03125,19.195312,19.398438,19.65625,19.835938,20.195312,20.53125,21.09375,21.9375,27.273438,17.984375,16.421875,16.40625,16.414062,16.265625,16.054688,15.921875
685,2021-05-25 19:30:00,3504,22.398438,19.804688,20.03125,20.242188,20.382812,20.6875,20.96875,21.445312,22.226562,27.851562,18.304688,16.484375,16.40625,16.40625,16.265625,16.054688,15.921875
686,2021-05-25 19:45:00,3510,23.03125,21.25,21.515625,21.664062,21.789062,22.015625,22.242188,22.578125,23.140625,28.28125,18.609375,16.5625,16.398438,16.398438,16.257812,16.054688,15.9140625
687,2021-05-25 20:00:00,3516,23.15625,20.40625,20.78125,20.960938,21.132812,21.421875,21.6875,22.101562,22.71875,28.5625,18.921875,16.648438,16.398438,16.382812,16.257812,16.0625,15.921875
688,2021-05-25 20:15:00,3510,23.773438,21.71875,22.132812,22.257812,22.375,22.617188,22.828125,23.179688,23.742188,29.007812,19.234375,16.742188,16.40625,16.382812,16.25,16.0625,15.921875
689,2021-05-25 20:30:00,3510,24.070312,21.820312,22.15625,22.296875,22.390625,22.601562,22.789062,23.078125,23.570312,28.773438,19.53125,16.835938,16.421875,16.375,16.257812,16.0625,15.9296875
690,2021-05-25 20:45:00,3510,24.125,22.195312,22.34375,22.453125,22.539062,22.734375,22.929688,23.242188,23.734375,28.84375,19.820312,16.945312,16.429688,16.367188,16.25,16.0625,15.9296875
691,2021-05-25 21:00:00,3510,24.453125,22.242188,22.359375,22.523438,22.648438,22.867188,23.070312,23.382812,23.882812,28.9375,20.09375,17.054688,16.453125,16.367188,16.25,16.070312,15.9296875
692,2021-05-25 21:15:00,3510,24.445312,22.046875,22.257812,22.492188,22.710938,22.953125,23.1875,23.515625,24.085938,28.757812,20.351562,17.179688,16.46875,16.359375,16.242188,16.070312,15.9296875
693,2021-05-25 21:30:00,3516,24.648438,22.390625,22.546875,22.734375,22.898438,23.117188,23.320312,23.632812,24.226562,28.3125,20.601562,17.304688,16.5,16.359375,16.234375,16.0625,15.9296875
694,2021-05-25 21:45:00,3522,24.554688,22.484375,22.554688,22.726562,22.867188,23.054688,23.265625,23.546875,24.078125,27.679688,20.828125,17.414062,16.53125,16.359375,16.242188,16.0625,15.9375
695,2021-05-25 22:00:00,3516,24.367188,22.492188,22.59375,22.773438,22.9375,23.125,23.304688,23.578125,24.070312,27.328125,21.039062,17.539062,16.554688,16.367188,16.234375,16.0625,15.9296875
696,2021-05-25 22:15:00,3522,24.390625,22.921875,23.0625,23.273438,23.476562,23.664062,23.84375,23.960938,24.171875,26.117188,21.234375,17.671875,16.59375,16.359375,16.234375,16.070312,15.9375
697,2021-05-25 22:30:00,3522,24.289062,24.085938,25.921875,26.585938,26.4375,25.054688,25.601562,26.390625,25.421875,25.53125,21.398438,17.804688,16.632812,16.359375,16.234375,16.0625,15.9375
698,2021-05-25 22:45:00,3522,24.320312,22.234375,22.34375,22.601562,22.804688,23.054688,23.273438,23.53125,23.851562,25.328125,21.523438,17.929688,16.671875,16.367188,16.234375,16.0625,15.9375
699,2021-05-25 22:50:45,3522,24.445312,23.015625,23.179688,23.445312,23.679688,23.875,24.09375,24.320312,24.578125,25.234375,21.5625,17.976562,16.6875,16.367188,16.234375,16.0625,15.9375
700,2021-05-25 23:00:00,3522,24.742188,22.984375,22.945312,23.117188,23.28125,23.546875,23.773438,24.039062,24.28125,25.203125,21.617188,18.054688,16.726562,16.375,16.234375,16.070312,15.9453125
701,2021-05-25 23:15:00,3528,24.539062,22.53125,22.5625,22.679688,22.882812,23.007812,23.125,23.25,23.445312,24.84375,21.6875,18.171875,16.765625,16.382812,16.234375,16.078125,15.9453125
702,2021-05-25 23:30:00,3522,21.570312,19.359375,19.226562,19.21875,19.21875,19.226562,19.164062,19.09375,18.890625,23.289062,21.742188,18.296875,16.8125,16.390625,16.226562,16.070312,15.9453125
703,2021-05-25 23:45:00,3522,19.75,18.679688,18.585938,18.585938,18.570312,18.609375,18.578125,18.507812,18.25,22.4375,21.765625,18.40625,16.867188,16.398438,16.226562,16.070312,15.9453125
704,2021-05-26 00:00:00,3522,18.6875,18.210938,18.117188,18.109375,18.078125,18.085938,18.015625,17.890625,17.5625,21.8125,21.742188,18.507812,16.921875,16.414062,16.234375,16.070312,15.953125
705,2021-05-26 00:15:00,3522,18.289062,18.148438,18.054688,18.023438,17.960938,17.945312,17.835938,17.6875,17.328125,21.3125,21.664062,18.601562,16.976562,16.429688,16.234375,16.070312,15.953125
706,2021-05-26 00:30:00,3510,17.640625,17.320312,17.242188,17.234375,17.195312,17.164062,17.054688,16.90625,16.585938,20.796875,21.554688,18.6875,17.023438,16.4375,16.234375,16.070312,15.9609375
707,2021-05-26 00:45:00,3522,17.0625,16.867188,16.773438,16.757812,16.703125,16.6875,16.609375,16.484375,16.140625,20.40625,21.414062,18.773438,17.085938,16.460938,16.242188,16.078125,15.9609375
708,2021-05-26 01:00:00,3522,16.367188,16.226562,16.125,16.101562,16.023438,16.015625,15.9296875,15.7890625,15.4375,20.023438,21.273438,18.835938,17.140625,16.476562,16.242188,16.078125,15.9609375
709,2021-05-26 01:15:00,3516,15.71875,15.625,15.53125,15.515625,15.4296875,15.421875,15.3359375,15.1953125,14.890625,19.671875,21.117188,18.890625,17.195312,16.492188,16.25,16.070312,15.96875
710,2021-05-26 01:30:00,3522,15.3046875,15.4453125,15.359375,15.3359375,15.265625,15.234375,15.1484375,15.0,14.640625,19.367188,20.960938,18.929688,17.25,16.515625,16.257812,16.078125,15.96875
711,2021-05-26 01:45:00,3516,14.828125,14.9296875,14.8359375,14.828125,14.7578125,14.75,14.640625,14.5,14.1328125,19.0625,20.796875,18.960938,17.304688,16.539062,16.257812,16.085938,15.9765625
712,2021-05-26 02:00:00,3522,14.46875,14.53125,14.4375,14.4140625,14.3359375,14.3203125,14.21875,14.0625,13.6875,18.804688,20.632812,18.976562,17.34375,16.554688,16.265625,16.085938,15.9765625
713,2021-05-26 02:15:00,3522,13.890625,14.03125,13.9296875,13.9296875,13.859375,13.828125,13.7265625,13.5703125,13.171875,18.554688,20.476562,19.0,17.390625,16.585938,16.265625,16.085938,15.984375
714,2021-05-26 02:30:00,3516,13.4375,13.71875,13.625,13.6171875,13.546875,13.5234375,13.4296875,13.25,12.8671875,18.265625,20.320312,19.0,17.4375,16.609375,16.28125,16.085938,15.9921875
715,2021-05-26 02:45:00,3510,12.9609375,13.25,13.1640625,13.1640625,13.09375,13.078125,12.984375,12.7890625,12.3828125,17.984375,20.171875,19.0,17.476562,16.632812,16.28125,16.09375,15.9921875
716,2021-05-26 03:00:00,3510,12.5234375,12.7421875,12.6484375,12.6328125,12.5625,12.546875,12.4609375,12.328125,12.0,17.726562,20.007812,18.992188,17.515625,16.65625,16.296875,16.101562,16.0
717,2021-05-26 03:15:00,3510,11.9609375,12.203125,12.1171875,12.1171875,12.0390625,12.0390625,11.953125,11.8046875,11.421875,17.453125,19.867188,18.96875,17.5625,16.6875,16.304688,16.101562,16.0
718,2021-05-26 03:30:00,3510,11.484375,11.796875,11.703125,11.7109375,11.6328125,11.625,11.5390625,11.3828125,11.0078125,17.203125,19.71875,18.953125,17.585938,16.710938,16.320312,16.109375,16.007812
719,2021-05-26 03:45:00,3510,11.15625,11.5078125,11.4453125,11.4296875,11.359375,11.3359375,11.2421875,11.0859375,10.7890625,16.921875,19.578125,18.929688,17.617188,16.734375,16.328125,16.117188,16.015625
720,2021-05-26 04:00:00,3510,10.8125,11.25,11.21875,11.1875,11.1328125,11.1171875,11.0546875,10.9921875,10.8125,16.664062,19.429688,18.90625,17.640625,16.765625,16.34375,16.117188,16.023438
721,2021-05-26 04:15:00,3516,10.9296875,11.8359375,11.84375,11.78125,11.6875,11.6015625,11.484375,11.3359375,11.09375,16.398438,19.28125,18.875,17.671875,16.78125,16.351562,16.125,16.03125
722,2021-05-26 04:30:00,3516,11.3046875,12.078125,12.0390625,11.984375,11.90625,11.890625,11.796875,11.671875,11.375,16.21875,19.140625,18.84375,17.6875,16.8125,16.367188,16.132812,16.03125
723,2021-05-26 04:45:00,3510,11.640625,12.234375,12.1796875,12.1328125,12.03125,12.0078125,11.90625,11.7890625,11.453125,16.007812,19.007812,18.804688,17.710938,16.835938,16.382812,16.140625,16.046875
724,2021-05-26 05:00:00,3510,11.0546875,11.5234375,11.4375,11.390625,11.25,11.171875,11.0390625,10.84375,10.4375,15.8359375,18.859375,18.765625,17.726562,16.859375,16.390625,16.148438,16.054688
725,2021-05-26 05:15:00,3522,10.5078125,10.78125,10.6875,10.65625,10.5625,10.5234375,10.40625,10.21875,9.78125,15.6796875,18.726562,18.71875,17.742188,16.882812,16.40625,16.15625,16.0625
726,2021-05-26 05:30:00,3510,10.25,10.65625,10.609375,10.609375,10.5859375,10.609375,10.546875,10.453125,10.15625,15.5078125,18.59375,18.671875,17.75,16.90625,16.421875,16.164062,16.070312
727,2021-05-26 05:45:00,3516,10.0703125,10.53125,10.46875,10.4296875,10.3203125,10.2421875,10.140625,9.9765625,9.7109375,15.3359375,18.460938,18.632812,17.757812,16.921875,16.4375,16.171875,16.078125
728,2021-05-26 06:00:00,3516,10.078125,10.546875,10.4765625,10.453125,10.359375,10.34375,10.25,10.1328125,9.8203125,15.1953125,18.34375,18.578125,17.765625,16.945312,16.453125,16.179688,16.078125
729,2021-05-26 06:15:00,3510,9.9765625,10.453125,10.40625,10.3515625,10.265625,10.2421875,10.1484375,10.015625,9.7265625,15.046875,18.21875,18.53125,17.773438,16.960938,16.460938,16.1875,16.09375
730,2021-05-26 06:30:00,3510,9.8515625,10.46875,10.4140625,10.3671875,10.25,10.171875,10.0390625,9.859375,9.4921875,14.9140625,18.101562,18.484375,17.773438,16.976562,16.484375,16.195312,16.09375
731,2021-05-26 06:45:00,3510,9.671875,10.21875,10.1796875,10.125,10.0390625,9.984375,9.875,9.703125,9.3671875,14.78125,17.984375,18.429688,17.773438,17.0,16.5,16.210938,16.109375
732,2021-05-26 07:00:00,3504,9.9296875,10.7734375,10.7421875,10.6796875,10.5390625,10.4453125,10.296875,10.109375,9.8046875,14.6328125,17.859375,18.375,17.773438,17.015625,16.515625,16.21875,16.125
733,2021-05-26 07:15:00,3516,10.0859375,10.5703125,10.515625,10.46875,10.3671875,10.328125,10.2265625,10.0859375,9.796875,14.5546875,17.757812,18.328125,17.773438,17.023438,16.53125,16.226562,16.125
734,2021-05-26 07:30:00,3510,9.984375,10.53125,10.4921875,10.4453125,10.3515625,10.3046875,10.1953125,10.0625,9.7890625,14.453125,17.640625,18.265625,17.765625,17.039062,16.539062,16.242188,16.140625
735,2021-05-26 07:45:00,3504,9.96875,10.5234375,10.46875,10.421875,10.3046875,10.25,10.125,9.953125,9.65625,14.34375,17.53125,18.21875,17.757812,17.054688,16.554688,16.242188,16.15625
736,2021-05-26 08:00:00,3504,9.609375,9.8125,9.71875,9.7109375,9.65625,9.6796875,9.6015625,9.4609375,9.109375,14.25,17.429688,18.164062,17.75,17.070312,16.570312,16.257812,16.15625
737,2021-05-26 08:15:00,3510,9.5859375,10.2265625,10.1875,10.1171875,10.0078125,9.90625,9.7734375,9.578125,9.28125,14.1328125,17.328125,18.101562,17.742188,17.085938,16.585938,16.265625,16.164062
738,2021-05-26 08:30:00,3504,9.8984375,10.6484375,10.5859375,10.5234375,10.390625,10.3046875,10.1640625,9.9375,9.5546875,14.0625,17.234375,18.046875,17.726562,17.09375,16.601562,16.28125,16.179688
739,2021-05-26 08:45:00,3510,9.8828125,10.546875,10.484375,10.4375,10.3046875,10.2265625,10.09375,9.90625,9.5703125,13.96875,17.132812,18.0,17.710938,17.101562,16.609375,16.296875,16.1875
740,2021-05-26 09:00:00,3504,9.7734375,10.28125,10.2109375,10.1484375,10.03125,9.96875,9.8515625,9.671875,9.3046875,13.8984375,17.039062,17.945312,17.695312,17.125,16.632812,16.304688,16.195312
741,2021-05-26 09:15:00,3510,9.765625,10.234375,10.171875,10.1171875,9.9921875,9.9296875,9.796875,9.6171875,9.296875,13.78125,16.945312,17.890625,17.6875,17.125,16.640625,16.3125,16.210938
742,2021-05-26 09:30:00,3510,9.328125,9.703125,9.609375,9.5625,9.4453125,9.40625,9.296875,9.109375,8.6796875,13.671875,16.859375,17.835938,17.671875,17.132812,16.65625,16.320312,16.21875
743,2021-05-26 09:45:00,3504,9.375,9.859375,9.796875,9.75,9.6328125,9.5546875,9.3828125,9.140625,8.7109375,13.6015625,16.773438,17.78125,17.648438,17.132812,16.664062,16.335938,16.226562
744,2021-05-26 10:00:00,3510,9.5390625,10.1796875,10.125,10.09375,9.9765625,9.921875,9.796875,9.6015625,9.203125,13.5,16.679688,17.71875,17.632812,17.148438,16.679688,16.351562,16.234375
745,2021-05-26 10:15:00,3510,9.4375,9.84375,9.78125,9.734375,9.625,9.5625,9.4375,9.265625,8.9609375,13.4453125,16.601562,17.664062,17.617188,17.15625,16.6875,16.359375,16.242188
746,2021-05-26 10:30:00,3504,9.1484375,9.5,9.4296875,9.3828125,9.2734375,9.2109375,9.1015625,8.9296875,8.703125,13.3046875,16.515625,17.609375,17.59375,17.148438,16.703125,16.367188,16.25
747,2021-05-26 10:45:00,3504,8.8515625,9.140625,9.0625,9.0078125,8.921875,8.8984375,8.7890625,8.65625,8.3359375,13.25,16.4375,17.554688,17.570312,17.15625,16.710938,16.382812,16.257812
748,2021-05-26 11:00:00,3504,8.640625,9.03125,8.96875,8.9140625,8.8203125,8.78125,8.6640625,8.5234375,8.2578125,13.1328125,16.351562,17.5,17.554688,17.15625,16.726562,16.382812,16.265625
749,2021-05-26 11:15:00,3504,8.359375,8.8125,8.7734375,8.75,8.6796875,8.65625,8.5859375,8.484375,8.25,13.03125,16.273438,17.453125,17.539062,17.15625,16.734375,16.398438,16.28125
750,2021-05-26 11:30:00,3504,8.40625,9.15625,9.1015625,9.078125,8.9609375,8.90625,8.8046875,8.6171875,8.2265625,12.9765625,16.195312,17.398438,17.507812,17.15625,16.742188,16.40625,16.289062
751,2021-05-26 11:45:00,3504,8.859375,9.6171875,9.5546875,9.5,9.3828125,9.34375,9.203125,9.0390625,8.7109375,12.9140625,16.117188,17.351562,17.492188,17.164062,16.75,16.421875,16.296875
752,2021-05-26 12:00:00,3498,8.59375,9.1171875,9.015625,8.9765625,8.8828125,8.84375,8.7421875,8.6015625,8.2578125,12.84375,16.039062,17.296875,17.46875,17.15625,16.757812,16.429688,16.3125
753,2021-05-26 12:15:00,3498,8.734375,9.5390625,9.4921875,9.4296875,9.3203125,9.234375,9.1015625,8.90625,8.5703125,12.765625,15.953125,17.242188,17.445312,17.15625,16.765625,16.4375,16.3125
754,2021-05-26 12:30:00,3498,8.6875,9.28125,9.203125,9.15625,9.046875,8.984375,8.8515625,8.6796875,8.328125,12.71875,15.890625,17.1875,17.414062,17.15625,16.773438,16.445312,16.320312
755,2021-05-26 12:45:00,3504,8.6640625,9.171875,9.109375,9.078125,8.9921875,8.96875,8.890625,8.765625,8.484375,12.6484375,15.8125,17.140625,17.390625,17.148438,16.773438,16.460938,16.328125
756,2021-05-26 13:00:00,3504,8.609375,9.2265625,9.1953125,9.15625,9.0859375,9.03125,8.921875,8.78125,8.5078125,12.609375,15.7421875,17.078125,17.367188,17.148438,16.789062,16.460938,16.335938
757,2021-05-26 13:15:00,3498,8.6953125,9.28125,9.21875,9.171875,9.078125,9.0546875,8.953125,8.828125,8.5703125,12.5859375,15.6796875,17.03125,17.34375,17.140625,16.789062,16.476562,16.34375
758,2021-05-26 13:30:00,3498,8.8671875,9.3359375,9.2734375,9.21875,9.1328125,9.1015625,9.0,8.859375,8.59375,12.5703125,15.6015625,16.976562,17.320312,17.140625,16.796875,16.484375,16.359375
759,2021-05-26 13:45:00,3498,8.78125,9.28125,9.21875,9.1875,9.125,9.125,9.03125,8.90625,8.578125,12.5859375,15.5390625,16.929688,17.289062,17.132812,16.796875,16.492188,16.359375
760,2021-05-26 14:00:00,3498,8.8671875,9.5234375,9.484375,9.453125,9.390625,9.3671875,9.28125,9.1484375,8.8046875,12.6015625,15.4765625,16.882812,17.273438,17.125,16.796875,16.5,16.359375
761,2021-05-26 14:15:00,3504,11.3984375,12.4921875,12.390625,12.328125,12.296875,12.4453125,12.3359375,12.09375,10.109375,12.65625,15.421875,16.828125,17.242188,17.117188,16.804688,16.5,16.375
762,2021-05-26 14:30:00,3504,13.8359375,14.109375,13.859375,13.796875,13.7734375,13.953125,13.8828125,13.890625,11.7421875,12.7890625,15.375,16.78125,17.210938,17.101562,16.8125,16.507812,16.382812
763,2021-05-26 14:45:00,3498,15.7109375,15.3046875,15.0,14.9375,14.9140625,15.125,15.1328125,15.25,14.71875,13.078125,15.3203125,16.734375,17.179688,17.09375,16.8125,16.523438,16.382812
764,2021-05-26 15:00:00,3498,16.789062,15.8125,15.625,15.65625,15.7109375,16.0,16.109375,16.398438,16.570312,13.5625,15.2734375,16.6875,17.15625,17.085938,16.8125,16.523438,16.390625
765,2021-05-26 15:15:00,3498,17.882812,16.8125,16.703125,16.710938,16.820312,17.085938,17.210938,17.53125,17.976562,14.3203125,15.25,16.640625,17.132812,17.078125,16.8125,16.53125,16.398438
766,2021-05-26 15:30:00,3504,18.835938,17.390625,17.203125,17.171875,17.265625,17.507812,17.617188,17.953125,18.59375,15.796875,15.2421875,16.59375,17.101562,17.070312,16.820312,16.539062,16.398438
767,2021-05-26 15:45:00,3498,19.1875,16.96875,16.765625,16.75,16.84375,17.125,17.257812,17.625,18.335938,17.070312,15.2578125,16.539062,17.070312,17.0625,16.820312,16.546875,16.40625
768,2021-05-26 16:00:00,3504,19.726562,18.203125,18.085938,18.125,18.234375,18.554688,18.742188,19.210938,19.96875,18.195312,15.3046875,16.507812,17.039062,17.046875,16.820312,16.554688,16.40625
769,2021-05-26 16:15:00,3504,20.367188,18.25,18.242188,18.328125,18.46875,18.796875,19.015625,19.476562,20.1875,19.070312,15.3984375,16.460938,17.015625,17.046875,16.828125,16.554688,16.414062
770,2021-05-26 16:30:00,3504,21.015625,19.15625,19.0625,19.125,19.21875,19.585938,19.796875,20.265625,21.007812,20.078125,15.515625,16.429688,16.992188,17.03125,16.820312,16.554688,16.414062
771,2021-05-26 16:45:00,3498,21.75,19.40625,19.289062,19.335938,19.445312,19.789062,20.054688,20.601562,21.421875,21.148438,15.6640625,16.40625,16.960938,17.015625,16.828125,16.570312,16.421875
772,2021-05-26 17:00:00,3504,20.882812,18.578125,18.34375,18.328125,18.382812,18.625,18.78125,19.132812,19.617188,20.59375,15.828125,16.390625,16.9375,17.007812,16.820312,16.570312,16.421875
773,2021-05-26 17:15:00,3498,21.726562,19.328125,19.335938,19.445312,19.625,20.046875,20.34375,20.898438,21.679688,21.953125,16.046875,16.375,16.90625,17.0,16.820312,16.578125,16.429688
774,2021-05-26 17:30:00,3504,22.265625,20.070312,20.0625,20.171875,20.28125,20.601562,20.898438,21.375,22.0625,22.789062,16.25,16.367188,16.882812,16.984375,16.820312,16.570312,16.4375
775,2021-05-26 17:45:00,3510,22.601562,20.039062,20.195312,20.320312,20.460938,20.804688,21.078125,21.601562,22.296875,23.625,16.46875,16.375,16.859375,16.96875,16.8125,16.585938,16.4375
776,2021-05-26 18:00:00,3504,22.796875,20.1875,20.515625,20.664062,20.84375,21.171875,21.476562,21.953125,22.585938,24.367188,16.71875,16.382812,16.835938,16.960938,16.8125,16.585938,16.4375
777,2021-05-26 18:15:00,3510,23.132812,20.539062,20.9375,21.140625,21.351562,21.6875,21.945312,22.34375,22.820312,24.914062,16.976562,16.414062,16.8125,16.945312,16.8125,16.59375,16.445312
778,2021-05-26 18:30:00,3510,23.476562,20.867188,21.234375,21.460938,21.6875,22.03125,22.351562,22.773438,23.257812,25.765625,17.242188,16.4375,16.796875,16.929688,16.8125,16.59375,16.445312
779,2021-05-26 18:45:00,3510,23.5625,20.429688,20.539062,20.71875,20.804688,21.164062,21.476562,21.9375,22.507812,26.179688,17.515625,16.476562,16.78125,16.914062,16.804688,16.59375,16.445312
780,2021-05-26 17:30:00,3504,22.265625,20.070312,20.0625,20.171875,20.28125,20.601562,20.898438,21.375,22.0625,22.789062,16.25,16.367188,16.882812,16.984375,16.820312,16.570312,16.4375
781,2021-05-26 17:45:00,3510,22.601562,20.039062,20.195312,20.320312,20.460938,20.804688,21.078125,21.601562,22.296875,23.625,16.46875,16.375,16.859375,16.96875,16.8125,16.585938,16.4375
782,2021-05-26 18:00:00,3504,22.796875,20.1875,20.515625,20.664062,20.84375,21.171875,21.476562,21.953125,22.585938,24.367188,16.71875,16.382812,16.835938,16.960938,16.8125,16.585938,16.4375
783,2021-05-26 18:15:00,3510,23.132812,20.539062,20.9375,21.140625,21.351562,21.6875,21.945312,22.34375,22.820312,24.914062,16.976562,16.414062,16.8125,16.945312,16.8125,16.59375,16.445312
784,2021-05-26 18:30:00,3510,23.476562,20.867188,21.234375,21.460938,21.6875,22.03125,22.351562,22.773438,23.257812,25.765625,17.242188,16.4375,16.796875,16.929688,16.8125,16.59375,16.445312
785,2021-05-26 18:45:00,3510,23.5625,20.429688,20.539062,20.71875,20.804688,21.164062,21.476562,21.9375,22.507812,26.179688,17.515625,16.476562,16.78125,16.914062,16.804688,16.59375,16.445312
786,2021-05-26 19:00:00,3510,23.328125,20.726562,20.84375,21.125,21.320312,21.640625,21.898438,22.28125,22.828125,26.703125,17.804688,16.53125,16.757812,16.90625,16.804688,16.59375,16.445312
787,2021-05-26 19:15:00,3510,22.929688,19.664062,19.5625,19.835938,19.96875,20.25,20.578125,21.015625,21.609375,27.226562,18.085938,16.59375,16.757812,16.890625,16.796875,16.59375,16.445312
788,2021-05-26 19:30:00,3516,23.007812,20.4375,20.609375,20.960938,21.210938,21.539062,21.859375,22.328125,22.898438,27.695312,18.375,16.664062,16.742188,16.882812,16.789062,16.601562,16.460938
789,2021-05-26 19:45:00,3510,23.289062,20.859375,21.0625,21.3125,21.507812,21.804688,22.101562,22.539062,23.148438,28.296875,18.664062,16.742188,16.75,16.867188,16.789062,16.59375,16.453125
790,2021-05-26 20:00:00,3522,23.226562,20.851562,21.1875,21.398438,21.609375,21.90625,22.171875,22.554688,23.125,28.859375,18.953125,16.820312,16.742188,16.851562,16.78125,16.601562,16.460938
791,2021-05-26 20:15:00,3510,23.296875,20.453125,20.820312,20.984375,21.132812,21.390625,21.640625,22.03125,22.585938,29.226562,19.242188,16.90625,16.742188,16.84375,16.78125,16.59375,16.460938
792,2021-05-26 20:30:00,3522,23.421875,20.554688,20.859375,21.039062,21.132812,21.40625,21.664062,22.007812,22.507812,29.210938,19.53125,17.015625,16.757812,16.835938,16.773438,16.601562,16.460938
793,2021-05-26 20:45:00,3516,23.84375,21.703125,21.984375,22.210938,22.445312,22.71875,22.976562,23.273438,23.75,29.1875,19.804688,17.117188,16.765625,16.828125,16.765625,16.601562,16.46875
794,2021-05-26 21:00:00,3522,23.703125,21.382812,21.53125,21.742188,21.914062,22.210938,22.5,22.914062,23.46875,28.835938,20.0625,17.226562,16.773438,16.820312,16.765625,16.601562,16.46875
795,2021-05-26 21:15:00,3516,23.695312,21.382812,21.492188,21.703125,21.90625,22.203125,22.453125,22.820312,23.34375,28.296875,20.320312,17.335938,16.804688,16.8125,16.757812,16.601562,16.46875
796,2021-05-26 21:30:00,3522,23.976562,21.984375,22.179688,22.398438,22.59375,22.898438,23.179688,23.546875,24.023438,28.125,20.546875,17.453125,16.820312,16.804688,16.75,16.601562,16.46875
797,2021-05-26 21:45:00,3522,23.796875,21.59375,21.75,21.976562,22.195312,22.453125,22.695312,23.0625,23.609375,27.632812,20.773438,17.570312,16.851562,16.804688,16.75,16.59375,16.476562
798,2021-05-26 22:00:00,3522,23.570312,21.640625,21.742188,21.976562,22.15625,22.390625,22.585938,22.835938,23.210938,26.671875,20.976562,17.703125,16.875,16.804688,16.742188,16.601562,16.46875
799,2021-05-26 22:15:00,3522,23.507812,21.671875,21.835938,22.070312,22.289062,22.53125,22.734375,23.015625,23.445312,26.578125,21.15625,17.828125,16.914062,16.804688,16.742188,16.59375,16.476562
800,2021-05-26 22:30:00,3522,23.828125,21.328125,21.375,21.570312,21.796875,22.039062,22.28125,22.578125,23.054688,26.351562,21.3125,17.953125,16.953125,16.804688,16.734375,16.601562,16.476562
801,2021-05-26 22:45:00,3528,24.25,21.960938,21.96875,22.234375,22.414062,22.8125,23.148438,23.53125,24.132812,26.3125,21.460938,18.078125,16.992188,16.804688,16.734375,16.59375,16.476562
802,2021-05-26 23:00:00,3522,22.867188,20.078125,20.171875,20.460938,20.734375,21.039062,21.34375,21.78125,22.320312,25.570312,21.585938,18.203125,17.03125,16.804688,16.734375,16.59375,16.484375
803,2021-05-26 23:15:00,3522,22.140625,20.078125,20.03125,20.210938,20.382812,20.601562,20.804688,21.1875,21.554688,25.078125,21.6875,18.328125,17.078125,16.804688,16.726562,16.601562,16.484375
804,2021-05-26 23:30:00,3522,19.515625,17.382812,17.226562,17.257812,17.273438,17.34375,17.3125,17.289062,17.15625,23.398438,21.773438,18.445312,17.132812,16.820312,16.726562,16.59375,16.492188
805,2021-05-26 23:45:00,3528,17.882812,16.796875,16.710938,16.71875,16.6875,16.726562,16.6875,16.648438,16.414062,22.445312,21.820312,18.554688,17.1875,16.828125,16.71875,16.601562,16.492188
806,2021-05-27 00:00:00,3510,16.601562,15.7734375,15.6953125,15.7109375,15.7109375,15.7421875,15.6875,15.609375,15.375,21.703125,21.8125,18.65625,17.234375,16.84375,16.726562,16.601562,16.492188
807,2021-05-27 00:15:00,3528,16.132812,15.859375,15.7421875,15.7265625,15.671875,15.65625,15.5546875,15.421875,15.1171875,21.265625,21.75,18.773438,17.289062,16.851562,16.71875,16.601562,16.5
808,2021-05-27 00:30:00,3522,15.7109375,15.71875,15.5859375,15.578125,15.53125,15.5078125,15.4140625,15.234375,14.8359375,20.914062,21.648438,18.867188,17.335938,16.867188,16.726562,16.59375,16.5
809,2021-05-27 00:45:00,3522,15.375,15.296875,15.1796875,15.171875,15.09375,15.09375,14.984375,14.8203125,14.4296875,20.398438,21.523438,18.945312,17.390625,16.875,16.734375,16.609375,16.5
810,2021-05-27 01:00:00,3522,14.7890625,14.8828125,14.765625,14.7578125,14.671875,14.671875,14.5625,14.3828125,13.9296875,19.976562,21.382812,19.015625,17.4375,16.90625,16.734375,16.601562,16.507812
811,2021-05-27 01:15:00,3528,14.328125,14.4921875,14.3515625,14.328125,14.2265625,14.2265625,14.1015625,13.9140625,13.4609375,19.65625,21.234375,19.078125,17.5,16.90625,16.734375,16.609375,16.507812
812,2021-05-27 01:30:00,3516,13.8046875,13.875,13.75,13.7578125,13.6640625,13.6640625,13.5703125,13.390625,12.9375,19.3125,21.085938,19.125,17.554688,16.929688,16.734375,16.609375,16.515625
813,2021-05-27 01:45:00,3522,13.2734375,13.4765625,13.390625,13.375,13.28125,13.2578125,13.1484375,12.953125,12.5078125,19.0,20.921875,19.15625,17.609375,16.953125,16.742188,16.609375,16.515625
814,2021-05-27 02:00:00,3522,13.140625,13.6484375,13.5546875,13.53125,13.4296875,13.4140625,13.296875,13.0859375,12.6015625,18.703125,20.765625,19.1875,17.664062,16.976562,16.75,16.609375,16.53125
815,2021-05-27 02:15:00,3516,12.5546875,12.8203125,12.6953125,12.703125,12.609375,12.609375,12.5,12.3203125,11.8515625,18.414062,20.609375,19.203125,17.710938,17.0,16.757812,16.617188,16.53125
816,2021-05-27 02:30:00,3522,12.1015625,12.3203125,12.203125,12.1953125,12.1171875,12.109375,12.0234375,11.8515625,11.4375,18.109375,20.453125,19.210938,17.757812,17.023438,16.765625,16.617188,16.53125
817,2021-05-27 02:45:00,3522,11.5390625,11.8125,11.71875,11.7109375,11.609375,11.578125,11.46875,11.3046875,10.953125,17.820312,20.296875,19.21875,17.804688,17.046875,16.765625,16.617188,16.539062
818,2021-05-27 03:00:00,3522,10.9609375,11.1875,11.0859375,11.0625,10.984375,10.9609375,10.8515625,10.6953125,10.390625,17.492188,20.140625,19.210938,17.84375,17.070312,16.773438,16.625,16.546875
819,2021-05-27 03:15:00,3516,10.5078125,10.8359375,10.7265625,10.703125,10.609375,10.59375,10.484375,10.3203125,9.953125,17.226562,19.992188,19.195312,17.875,17.101562,16.796875,16.632812,16.554688
820,2021-05-27 03:30:00,3516,10.015625,10.2890625,10.171875,10.1640625,10.0703125,10.0703125,9.984375,9.8125,9.4375,16.921875,19.84375,19.1875,17.914062,17.117188,16.796875,16.632812,16.5625
821,2021-05-27 03:45:00,3510,9.78125,10.21875,10.125,10.109375,10.015625,10.0078125,9.9375,9.796875,9.5,16.601562,19.695312,19.164062,17.9375,17.15625,16.8125,16.640625,16.570312
822,2021-05-27 04:00:00,3516,9.375,9.7265625,9.625,9.609375,9.5234375,9.5390625,9.4609375,9.3359375,9.1171875,16.359375,19.546875,19.140625,17.96875,17.171875,16.820312,16.640625,16.570312
823,2021-05-27 04:15:00,3516,9.25,9.609375,9.5078125,9.5,9.4140625,9.421875,9.34375,9.2265625,9.0078125,16.132812,19.390625,19.109375,18.0,17.195312,16.835938,16.648438,16.585938
824,2021-05-27 04:30:00,3510,8.8515625,9.0703125,8.9609375,8.9609375,8.8828125,8.8671875,8.796875,8.671875,8.4453125,15.8984375,19.242188,19.078125,18.015625,17.226562,16.84375,16.65625,16.585938
825,2021-05-27 04:45:00,3516,8.75,9.140625,9.046875,9.03125,8.953125,8.9609375,8.8828125,8.78125,8.6015625,15.6484375,19.101562,19.039062,18.046875,17.25,16.851562,16.664062,16.601562
826,2021-05-27 05:00:00,3510,8.8203125,9.1015625,9.0234375,9.015625,8.953125,8.984375,8.9375,8.8828125,8.765625,15.484375,18.960938,19.0,18.054688,17.273438,16.867188,16.671875,16.609375
827,2021-05-27 05:15:00,3522,8.78125,8.9921875,8.9453125,8.953125,8.8984375,8.9296875,8.890625,8.84375,8.7578125,15.296875,18.820312,18.96875,18.070312,17.296875,16.882812,16.671875,16.617188
828,2021-05-27 05:30:00,3510,8.6953125,8.84375,8.7890625,8.7890625,8.7421875,8.78125,8.75,8.71875,8.65625,15.171875,18.671875,18.921875,18.085938,17.3125,16.898438,16.6875,16.625
829,2021-05-27 05:45:00,3510,8.5234375,8.5859375,8.5078125,8.5078125,8.4453125,8.484375,8.4375,8.40625,8.34375,15.015625,18.546875,18.882812,18.09375,17.335938,16.90625,16.695312,16.632812
830,2021-05-27 06:00:00,3510,8.28125,8.4765625,8.40625,8.3984375,8.328125,8.34375,8.296875,8.25,8.171875,14.828125,18.414062,18.828125,18.101562,17.359375,16.929688,16.703125,16.640625
831,2021-05-27 06:15:00,3522,7.953125,8.0703125,7.96875,7.9609375,7.8671875,7.8828125,7.8125,7.7421875,7.640625,14.6953125,18.28125,18.78125,18.109375,17.375,16.945312,16.710938,16.648438
832,2021-05-27 06:30:00,3510,7.296875,7.3203125,7.2265625,7.2421875,7.171875,7.234375,7.1953125,7.1328125,6.9765625,14.5078125,18.15625,18.726562,18.109375,17.398438,16.953125,16.71875,16.65625
833,2021-05-27 06:45:00,3516,7.1171875,7.578125,7.515625,7.5078125,7.421875,7.40625,7.3359375,7.25,7.1015625,14.3359375,18.03125,18.671875,18.109375,17.414062,16.976562,16.734375,16.664062
834,2021-05-27 07:00:00,3510,7.5234375,8.078125,8.0625,8.0703125,8.0078125,8.03125,7.9609375,7.875,7.7890625,14.2578125,17.914062,18.617188,18.109375,17.429688,16.984375,16.742188,16.671875
835,2021-05-27 07:15:00,3522,7.4375,7.6953125,7.6328125,7.6484375,7.578125,7.609375,7.5703125,7.4921875,7.3828125,14.2421875,17.796875,18.5625,18.109375,17.445312,17.0,16.75,16.679688
836,2021-05-27 07:30:00,3522,7.203125,7.6953125,7.6171875,7.609375,7.5390625,7.53125,7.4609375,7.3515625,7.203125,14.0703125,17.679688,18.515625,18.101562,17.460938,17.015625,16.757812,16.695312
837,2021-05-27 07:45:00,3510,7.4609375,7.90625,7.8359375,7.8203125,7.734375,7.7421875,7.6875,7.609375,7.5234375,13.8828125,17.570312,18.453125,18.09375,17.46875,17.03125,16.773438,16.695312
838,2021-05-27 08:00:00,3498,7.2890625,7.4609375,7.3828125,7.3671875,7.28125,7.3046875,7.25,7.1640625,7.03125,13.7734375,17.460938,18.390625,18.09375,17.484375,17.046875,16.78125,16.710938
839,2021-05-27 08:15:00,3510,7.0,7.34375,7.3046875,7.2890625,7.2265625,7.21875,7.1484375,7.0546875,6.8984375,13.6484375,17.351562,18.335938,18.078125,17.5,17.054688,16.789062,16.71875
840,2021-05-27 08:30:00,3510,6.8125,7.203125,7.140625,7.125,7.0390625,7.0234375,6.953125,6.796875,6.5546875,13.578125,17.25,18.289062,18.070312,17.507812,17.070312,16.796875,16.726562
841,2021-05-27 08:45:00,3504,6.625,7.1328125,7.0546875,7.046875,6.953125,6.9375,6.8671875,6.7109375,6.4140625,13.46875,17.140625,18.226562,18.046875,17.515625,17.085938,16.8125,16.734375
842,2021-05-27 09:00:00,3504,6.5078125,6.96875,6.8984375,6.921875,6.828125,6.8359375,6.7421875,6.5703125,6.265625,13.3671875,17.039062,18.164062,18.046875,17.53125,17.09375,16.820312,16.75
843,2021-05-27 09:15:00,3510,6.6875,7.4140625,7.34375,7.3359375,7.2421875,7.2421875,7.1640625,7.03125,6.8046875,13.1796875,16.9375,18.117188,18.023438,17.539062,17.109375,16.828125,16.757812
844,2021-05-27 09:30:00,3504,6.7265625,7.2890625,7.1953125,7.1796875,7.0859375,7.09375,7.0078125,6.859375,6.625,13.109375,16.84375,18.046875,18.007812,17.546875,17.125,16.84375,16.765625
845,2021-05-27 09:45:00,3498,6.90625,7.34375,7.2578125,7.2578125,7.1796875,7.1875,7.1171875,7.0234375,6.8359375,13.03125,16.75,17.992188,17.984375,17.546875,17.140625,16.851562,16.765625
846,2021-05-27 10:00:00,3504,6.8984375,7.2265625,7.171875,7.1640625,7.09375,7.109375,7.0546875,6.984375,6.8515625,12.96875,16.65625,17.9375,17.96875,17.554688,17.148438,16.859375,16.773438
847,2021-05-27 10:15:00,3504,6.8828125,7.21875,7.15625,7.1640625,7.09375,7.1171875,7.0703125,7.0,6.90625,12.9609375,16.5625,17.882812,17.953125,17.554688,17.15625,16.875,16.789062
848,2021-05-27 10:30:00,3504,7.3828125,7.828125,7.84375,7.8671875,7.84375,7.90625,7.890625,7.859375,7.828125,13.03125,16.46875,17.820312,17.929688,17.5625,17.171875,16.882812,16.789062
849,2021-05-27 10:45:00,3498,7.671875,7.9140625,7.921875,7.9375,7.921875,7.9921875,7.9921875,8.0078125,7.8984375,13.09375,16.390625,17.765625,17.914062,17.5625,17.179688,16.890625,16.796875
850,2021-05-27 11:00:00,3504,7.6953125,7.796875,7.7890625,7.796875,7.765625,7.828125,7.8046875,7.8046875,7.6953125,13.046875,16.304688,17.710938,17.890625,17.570312,17.1875,16.898438,16.804688
851,2021-05-27 11:15:00,3504,7.75,7.9453125,7.9609375,7.984375,7.96875,8.03125,8.0234375,8.046875,8.015625,13.046875,16.242188,17.648438,17.867188,17.5625,17.195312,16.914062,16.820312
852,2021-05-27 11:30:00,3498,7.9609375,8.1640625,8.1953125,8.2109375,8.203125,8.265625,8.265625,8.296875,8.2421875,13.1640625,16.171875,17.59375,17.84375,17.570312,17.203125,16.921875,16.828125
853,2021-05-27 11:45:00,3498,8.1015625,8.2265625,8.25,8.2734375,8.2578125,8.3203125,8.3359375,8.375,8.328125,13.2109375,16.101562,17.546875,17.820312,17.5625,17.21875,16.929688,16.828125
854,2021-05-27 12:00:00,3504,8.015625,7.96875,7.9765625,8.0,7.9765625,8.046875,8.0625,8.09375,8.0625,13.09375,16.046875,17.484375,17.796875,17.5625,17.226562,16.9375,16.835938
855,2021-05-27 12:15:00,3498,7.9453125,8.015625,8.0234375,8.046875,8.0234375,8.09375,8.09375,8.1171875,8.125,13.0546875,15.9921875,17.429688,17.765625,17.570312,17.226562,16.945312,16.84375
856,2021-05-27 12:30:00,3498,7.8984375,7.953125,7.9609375,7.9765625,7.953125,8.015625,8.0078125,8.015625,8.03125,13.0234375,15.9375,17.382812,17.75,17.5625,17.234375,16.953125,16.851562
857,2021-05-27 12:45:00,3498,7.8125,7.9140625,7.8984375,7.90625,7.875,7.9296875,7.90625,7.90625,7.8671875,13.03125,15.8828125,17.335938,17.71875,17.554688,17.242188,16.960938,16.859375
858,2021-05-27 13:00:00,3498,8.03125,8.21875,8.234375,8.2578125,8.2421875,8.3046875,8.296875,8.3203125,8.328125,13.046875,15.8359375,17.28125,17.695312,17.554688,17.257812,16.96875,16.867188
859,2021-05-27 13:15:00,3498,8.1875,8.3671875,8.3828125,8.3984375,8.390625,8.453125,8.4453125,8.46875,8.4921875,13.0625,15.7890625,17.234375,17.671875,17.546875,17.25,16.976562,16.867188
860,2021-05-27 13:30:00,3498,8.390625,8.4921875,8.515625,8.5390625,8.5234375,8.6015625,8.609375,8.6484375,8.703125,13.125,15.7421875,17.179688,17.632812,17.539062,17.257812,16.984375,16.875
861,2021-05-27 13:45:00,3498,8.4375,8.4765625,8.46875,8.484375,8.46875,8.546875,8.546875,8.578125,8.6015625,13.15625,15.703125,17.132812,17.609375,17.539062,17.257812,16.992188,16.882812
862,2021-05-27 14:00:00,3498,8.53125,8.6328125,8.625,8.6484375,8.6328125,8.703125,8.703125,8.734375,8.7578125,13.1484375,15.6640625,17.09375,17.585938,17.523438,17.265625,17.007812,16.890625
863,2021-05-27 14:15:00,3498,8.828125,8.890625,8.8828125,8.90625,8.8984375,8.9765625,8.984375,9.0390625,9.046875,13.28125,15.625,17.046875,17.554688,17.523438,17.265625,17.007812,16.890625
864,2021-05-27 14:30:00,3498,9.15625,9.234375,9.2265625,9.234375,9.2265625,9.3203125,9.3203125,9.3828125,9.359375,13.3984375,15.5859375,17.007812,17.523438,17.507812,17.273438,17.007812,16.898438
865,2021-05-27 14:45:00,3504,11.515625,11.640625,11.65625,11.65625,11.7421875,12.0078125,12.046875,12.2734375,12.109375,13.453125,15.5625,16.953125,17.5,17.507812,17.273438,17.023438,16.890625
866,2021-05-27 15:00:00,3486,12.7734375,12.3125,12.328125,12.3828125,12.5,12.796875,12.8828125,13.1953125,13.4140625,13.6875,15.53125,16.921875,17.476562,17.492188,17.273438,17.023438,16.898438
867,2021-05-27 15:15:00,3492,14.2265625,13.640625,13.5859375,13.640625,13.734375,14.0703125,14.1953125,14.6015625,15.0390625,14.265625,15.5078125,16.882812,17.445312,17.484375,17.273438,17.03125,16.898438
868,2021-05-27 15:30:00,3498,14.8359375,13.765625,13.796875,13.890625,14.046875,14.390625,14.5703125,15.03125,15.5703125,15.53125,15.4921875,16.84375,17.421875,17.476562,17.28125,17.039062,16.90625
869,2021-05-27 15:45:00,3486,15.5625,14.375,14.421875,14.5234375,14.65625,14.984375,15.15625,15.6171875,16.25,16.648438,15.4921875,16.804688,17.390625,17.460938,17.273438,17.039062,16.914062
870,2021-05-27 16:00:00,3498,16.46875,15.6484375,15.625,15.6953125,15.8203125,16.140625,16.351562,16.804688,17.46875,17.445312,15.53125,16.765625,17.367188,17.453125,17.273438,17.039062,16.914062
871,2021-05-27 16:15:00,3492,17.234375,15.75,15.7890625,15.8984375,16.078125,16.445312,16.71875,17.28125,18.109375,18.21875,15.5859375,16.742188,17.335938,17.4375,17.273438,17.046875,16.914062
872,2021-05-27 16:30:00,3498,18.570312,17.21875,17.25,17.351562,17.5,17.859375,18.101562,18.640625,19.398438,19.117188,15.6875,16.703125,17.3125,17.421875,17.273438,17.046875,16.914062
873,2021-05-27 16:45:00,3504,19.210938,16.9375,16.945312,17.054688,17.226562,17.585938,17.90625,18.523438,19.4375,20.0,15.796875,16.679688,17.289062,17.414062,17.273438,17.046875,16.921875
874,2021-05-27 17:00:00,3498,19.523438,17.640625,17.71875,17.851562,18.03125,18.414062,18.703125,19.234375,20.007812,20.59375,15.9375,16.664062,17.265625,17.398438,17.265625,17.054688,16.921875
875,2021-05-27 17:15:00,3498,20.078125,18.007812,18.015625,18.164062,18.296875,18.710938,19.046875,19.632812,20.421875,21.304688,16.109375,16.648438,17.242188,17.382812,17.265625,17.054688,16.921875
876,2021-05-27 17:30:00,3504,20.421875,17.984375,18.164062,18.390625,18.625,18.992188,19.289062,19.867188,20.640625,21.992188,16.296875,16.640625,17.210938,17.375,17.265625,17.054688,16.929688
877,2021-05-27 17:45:00,3504,21.023438,18.523438,18.742188,18.882812,19.03125,19.421875,19.78125,20.382812,21.140625,22.742188,16.5,16.640625,17.1875,17.359375,17.257812,17.054688,16.921875
878,2021-05-27 18:00:00,3504,21.546875,19.203125,19.539062,19.695312,19.898438,20.289062,20.632812,21.1875,21.953125,23.546875,16.734375,16.648438,17.171875,17.359375,17.257812,17.054688,16.929688
879,2021-05-27 18:15:00,3504,21.984375,19.195312,19.546875,19.75,19.953125,20.3125,20.617188,21.117188,21.851562,24.25,16.96875,16.664062,17.148438,17.335938,17.25,17.054688,16.921875
880,2021-05-27 18:30:00,3510,22.335938,20.070312,20.390625,20.554688,20.71875,21.0,21.273438,21.765625,22.414062,24.875,17.226562,16.6875,17.125,17.320312,17.25,17.054688,16.921875
881,2021-05-27 18:45:00,3504,22.960938,20.6875,20.882812,21.085938,21.21875,21.515625,21.78125,22.257812,22.914062,25.484375,17.492188,16.726562,17.101562,17.304688,17.242188,17.0625,16.929688
882,2021-05-27 19:00:00,3504,23.28125,20.890625,20.9375,21.257812,21.429688,21.742188,21.984375,22.414062,23.023438,26.007812,17.757812,16.765625,17.09375,17.296875,17.234375,17.0625,16.914062
883,2021-05-27 19:15:00,3510,23.375,21.179688,21.179688,21.476562,21.601562,21.890625,22.15625,22.625,23.28125,26.320312,18.039062,16.8125,17.085938,17.273438,17.226562,17.0625,16.921875
884,2021-05-27 19:30:00,3504,23.414062,20.921875,20.9375,21.289062,21.5,21.765625,22.039062,22.445312,23.085938,26.78125,18.328125,16.875,17.070312,17.265625,17.226562,17.0625,16.921875
885,2021-05-27 19:45:00,3510,23.726562,21.664062,21.75,21.929688,22.039062,22.289062,22.546875,22.960938,23.578125,27.28125,18.617188,16.945312,17.070312,17.257812,17.21875,17.054688,16.914062
886,2021-05-27 20:00:00,3510,24.171875,22.0,22.257812,22.359375,22.453125,22.703125,22.960938,23.328125,23.914062,27.484375,18.898438,17.023438,17.054688,17.25,17.21875,17.054688,16.921875
887,2021-05-27 20:15:00,3510,24.710938,22.304688,22.632812,22.757812,22.882812,23.085938,23.304688,23.585938,24.085938,27.953125,19.179688,17.109375,17.0625,17.234375,17.210938,17.054688,16.921875
888,2021-05-27 20:30:00,3510,24.734375,21.882812,22.203125,22.34375,22.476562,22.773438,23.007812,23.429688,24.117188,28.21875,19.46875,17.195312,17.070312,17.21875,17.195312,17.046875,16.914062
889,2021-05-27 20:45:00,3510,24.773438,22.132812,22.34375,22.523438,22.679688,22.9375,23.164062,23.554688,24.15625,28.15625,19.75,17.296875,17.078125,17.21875,17.195312,17.046875,16.90625
890,2021-05-27 21:00:00,3516,25.007812,23.304688,23.414062,23.585938,23.71875,23.976562,24.15625,24.453125,24.875,28.15625,20.015625,17.398438,17.085938,17.203125,17.1875,17.046875,16.914062
891,2021-05-27 21:15:00,3522,25.070312,22.875,23.007812,23.210938,23.414062,23.648438,23.859375,24.15625,24.65625,28.023438,20.273438,17.5,17.09375,17.195312,17.179688,17.046875,16.914062
892,2021-05-27 21:30:00,3510,25.117188,23.140625,23.25,23.476562,23.640625,23.898438,24.132812,24.421875,24.890625,27.742188,20.523438,17.617188,17.125,17.179688,17.179688,17.039062,16.914062
893,2021-05-27 21:45:00,3516,25.210938,23.351562,23.460938,23.632812,23.789062,24.007812,24.210938,24.476562,24.882812,27.328125,20.75,17.734375,17.140625,17.179688,17.171875,17.046875,16.90625
894,2021-05-27 22:00:00,3528,25.09375,22.992188,23.070312,23.28125,23.460938,23.710938,23.945312,24.257812,24.671875,26.96875,20.960938,17.851562,17.171875,17.171875,17.164062,17.03125,16.90625
895,2021-05-27 22:15:00,3516,25.3125,23.453125,23.59375,23.835938,24.125,24.375,24.585938,24.84375,25.234375,26.820312,21.148438,17.96875,17.195312,17.171875,17.15625,17.039062,16.90625
896,2021-05-27 22:30:00,3522,25.304688,23.273438,23.445312,23.703125,23.953125,24.210938,24.4375,24.695312,25.046875,26.570312,21.320312,18.09375,17.226562,17.164062,17.15625,17.03125,16.898438
897,2021-05-27 22:45:00,3522,25.03125,23.195312,23.273438,23.53125,23.78125,24.0,24.210938,24.398438,24.742188,26.40625,21.476562,18.21875,17.265625,17.164062,17.148438,17.03125,16.898438
898,2021-05-27 23:00:00,3528,25.078125,23.21875,23.320312,23.5625,23.78125,24.007812,24.226562,24.515625,24.820312,26.195312,21.609375,18.335938,17.304688,17.171875,17.140625,17.023438,16.90625
899,2021-05-27 23:15:00,3516,24.507812,22.367188,22.3125,22.570312,22.734375,22.960938,23.1875,23.460938,23.65625,25.65625,21.734375,18.453125,17.34375,17.171875,17.132812,17.015625,16.90625
900,2021-05-27 23:30:00,3522,22.210938,19.820312,19.679688,19.71875,19.757812,19.804688,19.757812,19.703125,19.460938,24.101562,21.828125,18.570312,17.382812,17.171875,17.132812,17.015625,16.898438
901,2021-05-27 23:45:00,3522,20.21875,19.078125,18.960938,18.953125,18.914062,18.945312,18.859375,18.734375,18.390625,23.210938,21.898438,18.679688,17.429688,17.179688,17.132812,17.015625,16.898438
902,2021-05-28 00:00:00,3528,19.390625,18.8125,18.765625,18.765625,18.75,18.742188,18.671875,18.539062,18.171875,22.59375,21.914062,18.78125,17.46875,17.1875,17.125,17.015625,16.898438
903,2021-05-28 00:15:00,3522,18.609375,17.945312,17.898438,17.898438,17.859375,17.867188,17.765625,17.648438,17.382812,22.054688,21.875,18.898438,17.523438,17.195312,17.125,17.007812,16.898438
904,2021-05-28 00:30:00,3528,17.773438,17.34375,17.273438,17.273438,17.257812,17.265625,17.195312,17.109375,16.875,21.59375,21.789062,18.976562,17.570312,17.203125,17.125,17.015625,16.898438
905,2021-05-28 00:45:00,3528,17.195312,16.9375,16.851562,16.84375,16.789062,16.8125,16.726562,16.609375,16.289062,21.1875,21.695312,19.0625,17.625,17.21875,17.117188,17.007812,16.898438
906,2021-05-28 01:00:00,3522,16.460938,16.101562,16.023438,16.03125,15.984375,16.007812,15.9453125,15.8515625,15.6171875,20.757812,21.570312,19.132812,17.671875,17.226562,17.117188,17.0,16.90625
907,2021-05-28 01:15:00,3528,15.671875,15.3203125,15.234375,15.25,15.1953125,15.2109375,15.15625,15.0625,14.8515625,20.421875,21.4375,19.195312,17.734375,17.242188,17.109375,17.007812,16.898438
908,2021-05-28 01:30:00,3528,14.9765625,14.9296875,14.8359375,14.8359375,14.7734375,14.796875,14.7265625,14.640625,14.40625,20.117188,21.296875,19.25,17.773438,17.257812,17.117188,17.0,16.898438
909,2021-05-28 01:45:00,3522,14.765625,14.9140625,14.84375,14.828125,14.7734375,14.78125,14.7109375,14.609375,14.375,19.8125,21.15625,19.289062,17.828125,17.273438,17.117188,17.0,16.898438
910,2021-05-28 02:00:00,3516,14.421875,14.609375,14.5390625,14.546875,14.5,14.5078125,14.4375,14.3046875,14.0546875,19.570312,21.015625,19.328125,17.875,17.296875,17.117188,17.0,16.898438
911,2021-05-28 02:15:00,3528,14.2421875,14.4765625,14.390625,14.375,14.3203125,14.3203125,14.234375,14.109375,13.84375,19.335938,20.875,19.351562,17.921875,17.3125,17.125,17.0,16.90625
912,2021-05-28 02:30:00,3522,13.8984375,13.9140625,13.828125,13.828125,13.765625,13.7734375,13.7109375,13.609375,13.3984375,19.09375,20.734375,19.367188,17.96875,17.328125,17.132812,17.0,16.90625
913,2021-05-28 02:45:00,3528,13.609375,13.7890625,13.7265625,13.7109375,13.65625,13.671875,13.59375,13.484375,13.2421875,18.898438,20.601562,19.367188,18.007812,17.351562,17.132812,17.0,16.90625
914,2021-05-28 03:00:00,3516,13.5,13.8359375,13.8046875,13.7890625,13.7421875,13.7578125,13.6875,13.6015625,13.3828125,18.632812,20.476562,19.367188,18.046875,17.375,17.140625,17.007812,16.914062
915,2021-05-28 03:15:00,3522,13.265625,13.46875,13.40625,13.3984375,13.3203125,13.328125,13.25,13.1640625,12.90625,18.414062,20.351562,19.367188,18.078125,17.390625,17.148438,17.0,16.914062
916,2021-05-28 03:30:00,3516,12.9921875,13.3984375,13.34375,13.34375,13.265625,13.25,13.15625,13.015625,12.7109375,18.195312,20.21875,19.359375,18.125,17.414062,17.15625,17.007812,16.921875
917,2021-05-28 03:45:00,3522,12.984375,13.421875,13.3671875,13.3671875,13.2890625,13.28125,13.1875,13.046875,12.7421875,18.03125,20.101562,19.351562,18.148438,17.4375,17.164062,17.0,16.921875
918,2021-05-28 04:00:00,3516,12.90625,13.2421875,13.2109375,13.1796875,13.0859375,13.0546875,12.953125,12.828125,12.5546875,17.828125,19.96875,19.328125,18.171875,17.460938,17.171875,17.007812,16.929688
919,2021-05-28 04:15:00,3528,12.78125,13.2421875,13.2109375,13.1875,13.1171875,13.09375,12.9921875,12.859375,12.5078125,17.671875,19.851562,19.320312,18.203125,17.484375,17.179688,17.015625,16.9375
920,2021-05-28 04:30:00,3522,12.765625,13.2109375,13.171875,13.140625,13.046875,13.0078125,12.8984375,12.7421875,12.421875,17.5,19.742188,19.296875,18.234375,17.507812,17.1875,17.015625,16.9375
921,2021-05-28 04:45:00,3516,12.7109375,13.109375,13.046875,13.015625,12.9296875,12.8984375,12.78125,12.6484375,12.3125,17.367188,19.625,19.273438,18.257812,17.523438,17.195312,17.023438,16.945312
922,2021-05-28 05:00:00,3522,12.609375,13.125,13.078125,13.0625,12.9765625,12.9453125,12.84375,12.6953125,12.3671875,17.203125,19.515625,19.242188,18.273438,17.546875,17.210938,17.023438,16.945312
923,2021-05-28 05:15:00,3522,12.5,13.0078125,12.9375,12.9140625,12.8359375,12.828125,12.7578125,12.609375,12.2265625,17.078125,19.398438,19.210938,18.289062,17.570312,17.21875,17.03125,16.953125
924,2021-05-28 05:30:00,3522,12.4453125,12.75,12.6953125,12.6484375,12.578125,12.5703125,12.4765625,12.3515625,12.0234375,16.953125,19.289062,19.1875,18.304688,17.585938,17.226562,17.03125,16.960938
925,2021-05-28 05:45:00,3522,12.2109375,12.5390625,12.46875,12.4296875,12.34375,12.3359375,12.2421875,12.109375,11.8125,16.820312,19.1875,19.15625,18.320312,17.609375,17.234375,17.039062,16.960938
926,2021-05-28 06:00:00,3516,12.09375,12.5078125,12.4609375,12.421875,12.3359375,12.3125,12.203125,12.078125,11.796875,16.695312,19.085938,19.125,18.328125,17.632812,17.25,17.046875,16.96875
927,2021-05-28 06:15:00,3522,12.046875,12.4296875,12.3828125,12.328125,12.234375,12.1875,12.0703125,11.921875,11.609375,16.570312,18.992188,19.078125,18.34375,17.648438,17.265625,17.046875,16.976562
928,2021-05-28 06:30:00,3510,11.953125,12.3203125,12.265625,12.234375,12.140625,12.1015625,11.984375,11.828125,11.4609375,16.492188,18.898438,19.046875,18.34375,17.664062,17.273438,17.054688,16.984375
929,2021-05-28 06:45:00,3522,12.0,12.578125,12.5390625,12.515625,12.40625,12.3671875,12.25,12.0859375,11.765625,16.351562,18.804688,19.007812,18.351562,17.6875,17.289062,17.0625,16.984375
930,2021-05-28 07:00:00,3516,11.921875,12.25,12.1875,12.1484375,12.0625,12.0625,11.953125,11.8125,11.484375,16.257812,18.710938,18.96875,18.351562,17.703125,17.296875,17.070312,16.992188
931,2021-05-28 07:15:00,3510,11.71875,12.0703125,12.0234375,11.9765625,11.8828125,11.8359375,11.734375,11.59375,11.3359375,16.148438,18.617188,18.9375,18.359375,17.710938,17.304688,17.078125,17.007812
932,2021-05-28 07:30:00,3510,11.4140625,11.4765625,11.40625,11.390625,11.3359375,11.328125,11.265625,11.171875,10.9375,16.007812,18.53125,18.898438,18.359375,17.726562,17.320312,17.085938,17.015625
933,2021-05-28 07:45:00,3516,11.25,11.5390625,11.5,11.46875,11.3984375,11.390625,11.3125,11.21875,11.0390625,15.9140625,18.445312,18.859375,18.359375,17.742188,17.335938,17.09375,17.015625
934,2021-05-28 08:00:00,3510,11.3046875,11.640625,11.5859375,11.578125,11.4921875,11.4921875,11.4140625,11.28125,10.9921875,15.84375,18.359375,18.820312,18.351562,17.75,17.34375,17.09375,17.03125
935,2021-05-28 08:15:00,3510,10.984375,11.1953125,11.15625,11.1328125,11.078125,11.078125,11.0078125,10.9296875,10.7421875,15.7578125,18.28125,18.78125,18.351562,17.773438,17.367188,17.109375,17.03125
936,2021-05-28 08:30:00,3510,11.2109375,11.625,11.6328125,11.6328125,11.6015625,11.6328125,11.59375,11.578125,11.5703125,15.8515625,18.195312,18.734375,18.351562,17.78125,17.367188,17.109375,17.039062
937,2021-05-28 08:45:00,3510,11.2578125,11.421875,11.390625,11.375,11.328125,11.3671875,11.3359375,11.296875,11.234375,15.7890625,18.125,18.695312,18.34375,17.789062,17.382812,17.132812,17.039062
938,2021-05-28 09:00:00,3522,10.8984375,10.8671875,10.796875,10.8046875,10.7421875,10.78125,10.7421875,10.6796875,10.5390625,15.6328125,18.046875,18.65625,18.335938,17.8125,17.398438,17.140625,17.054688
939,2021-05-28 09:15:00,3510,10.953125,11.171875,11.171875,11.1796875,11.15625,11.1953125,11.171875,11.1640625,11.1796875,15.6640625,17.976562,18.609375,18.328125,17.820312,17.40625,17.148438,17.0625
940,2021-05-28 09:30:00,3510,10.8828125,10.96875,10.96875,10.9765625,10.953125,11.0078125,11.0,10.9921875,10.953125,15.578125,17.914062,18.570312,18.320312,17.828125,17.414062,17.15625,17.070312
941,2021-05-28 09:45:00,3510,10.796875,10.703125,10.7265625,10.75,10.7734375,10.8515625,10.8671875,10.921875,10.9453125,15.5859375,17.84375,18.53125,18.3125,17.828125,17.429688,17.164062,17.078125
942,2021-05-28 10:00:00,3504,10.5625,10.375,10.40625,10.4375,10.453125,10.5390625,10.5625,10.6171875,10.6875,15.4765625,17.78125,18.484375,18.304688,17.835938,17.4375,17.171875,17.078125
943,2021-05-28 10:15:00,3504,10.2421875,9.9296875,9.9609375,10.0078125,10.0078125,10.1171875,10.1484375,10.234375,10.3046875,15.359375,17.71875,18.445312,18.296875,17.84375,17.453125,17.179688,17.085938
944,2021-05-28 10:30:00,3510,10.0234375,9.8046875,9.8359375,9.8828125,9.890625,9.9921875,10.0234375,10.09375,10.2265625,15.34375,17.664062,18.414062,18.28125,17.84375,17.453125,17.1875,17.09375
945,2021-05-28 10:45:00,3510,9.84375,9.578125,9.6171875,9.65625,9.6640625,9.765625,9.8203125,9.921875,10.1015625,15.2734375,17.609375,18.367188,18.273438,17.859375,17.46875,17.203125,17.101562
946,2021-05-28 11:00:00,3504,9.7265625,9.5703125,9.609375,9.640625,9.640625,9.7421875,9.78125,9.875,10.0078125,15.171875,17.539062,18.335938,18.257812,17.859375,17.476562,17.210938,17.109375
947,2021-05-28 11:15:00,3504,9.75,9.6171875,9.65625,9.6953125,9.71875,9.8203125,9.84375,9.9375,10.125,15.2109375,17.484375,18.296875,18.242188,17.859375,17.484375,17.21875,17.117188
948,2021-05-28 11:30:00,3510,9.6640625,9.578125,9.6171875,9.640625,9.65625,9.75,9.7890625,9.875,10.03125,15.1328125,17.429688,18.257812,18.226562,17.867188,17.5,17.226562,17.132812
949,2021-05-28 11:45:00,3516,9.609375,9.421875,9.453125,9.484375,9.5,9.609375,9.65625,9.7578125,9.921875,15.0703125,17.375,18.21875,18.210938,17.867188,17.507812,17.234375,17.132812
950,2021-05-28 12:00:00,3504,9.4921875,9.40625,9.453125,9.4765625,9.4921875,9.5859375,9.625,9.703125,9.8515625,14.9609375,17.3125,18.179688,18.195312,17.875,17.515625,17.234375,17.140625
951,2021-05-28 12:15:00,3504,9.5078125,9.4296875,9.4609375,9.4921875,9.515625,9.6171875,9.65625,9.7421875,9.90625,14.921875,17.273438,18.140625,18.179688,17.875,17.515625,17.242188,17.148438
952,2021-05-28 12:30:00,3504,9.453125,9.3984375,9.4375,9.4765625,9.484375,9.5859375,9.625,9.71875,9.859375,14.859375,17.210938,18.101562,18.164062,17.875,17.523438,17.257812,17.148438
953,2021-05-28 12:45:00,3504,9.46875,9.328125,9.359375,9.390625,9.40625,9.4921875,9.5390625,9.625,9.765625,14.78125,17.164062,18.0625,18.148438,17.867188,17.539062,17.273438,17.15625
954,2021-05-28 13:00:00,3510,9.4609375,9.4453125,9.484375,9.5234375,9.53125,9.625,9.6640625,9.7421875,9.875,14.71875,17.109375,18.03125,18.132812,17.875,17.539062,17.28125,17.164062
955,2021-05-28 13:15:00,3504,9.5703125,9.5703125,9.609375,9.6484375,9.671875,9.7734375,9.8046875,9.8828125,10.0234375,14.7265625,17.046875,17.992188,18.109375,17.875,17.554688,17.289062,17.171875
956,2021-05-28 13:30:00,3504,9.5859375,9.625,9.625,9.65625,9.6796875,9.765625,9.7734375,9.8203125,9.8828125,14.75,16.992188,17.953125,18.09375,17.875,17.554688,17.289062,17.179688
957,2021-05-28 13:45:00,3504,9.6875,9.734375,9.7265625,9.7578125,9.7890625,9.8671875,9.8828125,9.9296875,9.9921875,14.75,16.945312,17.914062,18.085938,17.867188,17.554688,17.296875,17.179688
958,2021-05-28 14:00:00,3504,9.453125,9.421875,9.40625,9.421875,9.3984375,9.4296875,9.40625,9.3984375,9.3828125,14.5625,16.898438,17.882812,18.0625,17.867188,17.5625,17.304688,17.1875
959,2021-05-28 14:15:00,3498,11.5078125,12.03125,12.0859375,12.2890625,12.34375,12.5390625,12.5234375,12.3984375,10.8203125,14.6640625,16.851562,17.84375,18.046875,17.867188,17.570312,17.3125,17.195312
960,2021-05-28 14:30:00,3504,11.6953125,11.046875,11.046875,11.109375,11.15625,11.2890625,11.3515625,11.5078125,11.640625,15.15625,16.8125,17.8125,18.023438,17.859375,17.578125,17.3125,17.203125
961,2021-05-28 14:45:00,3504,11.6171875,11.1953125,11.2421875,11.296875,11.34375,11.4765625,11.5546875,11.7265625,12.0234375,15.46875,16.773438,17.773438,18.007812,17.859375,17.578125,17.320312,17.210938
962,2021-05-28 15:00:00,3504,11.6328125,11.3125,11.3671875,11.4375,11.4921875,11.6328125,11.6953125,11.859375,12.078125,15.609375,16.75,17.734375,17.984375,17.851562,17.578125,17.328125,17.210938
963,2021-05-28 15:15:00,3504,11.8515625,11.5625,11.6015625,11.65625,11.6953125,11.8203125,11.8984375,12.0703125,12.34375,15.84375,16.734375,17.703125,17.960938,17.851562,17.585938,17.328125,17.21875
964,2021-05-28 15:30:00,3504,12.4921875,12.2890625,12.3515625,12.40625,12.46875,12.625,12.734375,12.953125,13.3046875,16.210938,16.734375,17.671875,17.945312,17.84375,17.585938,17.335938,17.21875
965,2021-05-28 15:45:00,3504,12.7578125,12.1953125,12.234375,12.3125,12.3671875,12.53125,12.6328125,12.890625,13.3046875,16.539062,16.742188,17.632812,17.929688,17.84375,17.59375,17.34375,17.21875
966,2021-05-28 16:00:00,3498,13.078125,12.5859375,12.5625,12.6171875,12.6484375,12.8203125,12.9375,13.203125,13.6015625,16.757812,16.765625,17.609375,17.90625,17.828125,17.59375,17.351562,17.226562
967,2021-05-28 16:15:00,3504,14.328125,13.5,13.625,13.7578125,13.90625,14.1328125,14.3046875,14.6484375,15.1640625,17.601562,16.789062,17.578125,17.890625,17.828125,17.601562,17.359375,17.234375
968,2021-05-28 16:30:00,3504,14.6171875,13.6875,13.7890625,13.9296875,14.0625,14.265625,14.4375,14.7421875,15.1328125,17.757812,16.835938,17.554688,17.875,17.820312,17.59375,17.359375,17.234375
969,2021-05-28 16:45:00,3498,15.296875,14.375,14.390625,14.4765625,14.5546875,14.7578125,14.9453125,15.25,15.7265625,18.203125,16.898438,17.53125,17.851562,17.8125,17.59375,17.359375,17.242188
970,2021-05-28 17:00:00,3498,15.265625,13.7109375,13.8125,13.9609375,14.125,14.375,14.5859375,14.9296875,15.453125,18.359375,16.96875,17.515625,17.835938,17.804688,17.601562,17.375,17.242188
971,2021-05-28 17:15:00,3504,16.1875,15.1171875,15.2265625,15.3515625,15.4765625,15.71875,15.90625,16.296875,16.820312,18.9375,17.039062,17.5,17.8125,17.796875,17.601562,17.375,17.25
972,2021-05-28 17:30:00,3498,17.484375,16.34375,16.5625,16.773438,16.992188,17.398438,17.742188,18.351562,19.234375,20.492188,17.140625,17.492188,17.789062,17.796875,17.601562,17.375,17.25
973,2021-05-28 17:45:00,3504,19.21875,17.09375,17.382812,17.53125,17.710938,18.101562,18.460938,19.179688,20.289062,22.046875,17.242188,17.484375,17.78125,17.78125,17.601562,17.382812,17.25
974,2021-05-28 18:00:00,3504,19.789062,17.523438,17.898438,18.054688,18.265625,18.625,18.984375,19.59375,20.539062,23.117188,17.382812,17.484375,17.765625,17.773438,17.601562,17.382812,17.25
975,2021-05-28 18:15:00,3498,20.351562,17.78125,18.085938,18.25,18.445312,18.796875,19.15625,19.78125,20.742188,23.960938,17.578125,17.492188,17.75,17.765625,17.601562,17.390625,17.257812
976,2021-05-28 18:30:00,3504,20.695312,18.289062,18.554688,18.773438,18.984375,19.34375,19.6875,20.265625,21.148438,24.515625,17.796875,17.5,17.734375,17.757812,17.59375,17.390625,17.257812
977,2021-05-28 18:45:00,3504,20.8125,18.390625,18.507812,18.84375,19.046875,19.367188,19.710938,20.328125,21.242188,25.0,18.039062,17.523438,17.71875,17.75,17.59375,17.398438,17.257812
978,2021-05-28 19:00:00,3504,21.429688,19.164062,19.203125,19.546875,19.742188,20.023438,20.335938,20.867188,21.703125,25.523438,18.304688,17.546875,17.710938,17.742188,17.59375,17.398438,17.257812
979,2021-05-28 19:15:00,3504,21.59375,19.234375,19.164062,19.46875,19.601562,19.90625,20.210938,20.65625,21.5,25.898438,18.554688,17.585938,17.703125,17.734375,17.59375,17.398438,17.257812
980,2021-05-28 19:30:00,3498,22.203125,19.671875,19.648438,19.992188,20.164062,20.4375,20.75,21.25,21.984375,26.648438,18.820312,17.617188,17.695312,17.726562,17.585938,17.398438,17.265625
981,2021-05-28 19:45:00,3510,22.21875,19.703125,19.789062,20.015625,20.15625,20.4375,20.742188,21.25,22.070312,27.179688,19.085938,17.679688,17.6875,17.71875,17.585938,17.398438,17.257812
982,2021-05-28 20:00:00,3504,21.976562,19.492188,19.796875,19.992188,20.195312,20.476562,20.796875,21.28125,22.09375,27.414062,19.367188,17.742188,17.6875,17.710938,17.585938,17.398438,17.257812
983,2021-05-28 20:15:00,3504,21.429688,18.5,18.84375,18.992188,19.140625,19.40625,19.726562,20.21875,21.054688,27.734375,19.640625,17.8125,17.679688,17.703125,17.585938,17.398438,17.265625
984,2021-05-28 20:30:00,3510,21.820312,18.796875,19.007812,19.164062,19.28125,19.578125,19.828125,20.242188,20.882812,27.890625,19.90625,17.882812,17.6875,17.695312,17.585938,17.398438,17.265625
985,2021-05-28 20:45:00,3504,22.195312,19.84375,19.984375,20.210938,20.453125,21.484375,20.976562,21.046875,21.632812,25.960938,20.171875,17.96875,17.6875,17.6875,17.578125,17.398438,17.265625
986,2021-05-28 21:00:00,3510,22.539062,19.992188,20.148438,20.382812,20.609375,20.9375,21.203125,21.65625,22.328125,26.984375,20.40625,18.0625,17.695312,17.679688,17.570312,17.40625,17.265625
987,2021-05-28 21:15:00,3510,23.132812,21.210938,21.234375,21.484375,21.703125,21.992188,22.46875,22.695312,22.632812,25.109375,20.609375,18.15625,17.710938,17.679688,17.570312,17.398438,17.265625
988,2021-05-28 21:30:00,3510,23.140625,20.460938,20.617188,20.890625,21.085938,21.429688,21.6875,22.140625,22.742188,26.6875,20.796875,18.257812,17.726562,17.671875,17.570312,17.398438,17.273438
989,2021-05-28 21:45:00,3516,22.570312,19.476562,19.640625,19.921875,20.226562,20.695312,21.0,21.03125,19.953125,24.179688,20.960938,18.359375,17.75,17.664062,17.570312,17.40625,17.273438
990,2021-05-28 22:00:00,3516,22.460938,19.992188,20.015625,20.226562,20.390625,20.679688,20.921875,21.21875,21.671875,25.6875,21.109375,18.46875,17.765625,17.664062,17.5625,17.398438,17.265625
991,2021-05-28 22:15:00,3522,21.953125,19.304688,19.304688,19.578125,19.796875,20.335938,20.695312,20.578125,19.195312,23.242188,21.21875,18.5625,17.796875,17.664062,17.554688,17.398438,17.265625
992,2021-05-28 22:30:00,3510,21.601562,19.132812,19.34375,19.640625,19.992188,20.234375,20.429688,20.71875,21.359375,24.59375,21.3125,18.664062,17.828125,17.664062,17.5625,17.398438,17.265625
993,2021-05-28 22:45:00,3510,21.179688,18.976562,19.0625,19.328125,19.640625,20.054688,20.484375,20.601562,19.359375,22.976562,21.390625,18.765625,17.851562,17.664062,17.554688,17.398438,17.265625
994,2021-05-28 23:00:00,3516,20.929688,18.90625,18.984375,19.242188,19.5625,19.796875,20.015625,20.0625,20.460938,24.117188,21.460938,18.859375,17.882812,17.664062,17.554688,17.398438,17.265625
995,2021-05-28 23:15:00,3510,20.773438,18.945312,18.945312,19.148438,19.398438,19.648438,19.867188,19.734375,19.203125,22.679688,21.515625,18.945312,17.921875,17.671875,17.546875,17.398438,17.257812
996,2021-05-28 23:30:00,3522,18.5,15.796875,15.6953125,15.75,15.8671875,16.015625,16.125,16.1875,16.09375,22.351562,21.554688,19.039062,17.960938,17.671875,17.546875,17.390625,17.265625
997,2021-05-28 23:45:00,3522,16.296875,14.609375,14.6171875,14.6875,14.75,14.8671875,14.9296875,15.0,14.890625,21.507812,21.585938,19.125,17.992188,17.679688,17.539062,17.398438,17.265625
998,2021-05-29 00:00:00,3522,15.1171875,14.484375,14.484375,14.515625,14.546875,14.609375,14.625,14.578125,14.3828125,21.039062,21.570312,19.203125,18.039062,17.6875,17.539062,17.390625,17.265625
999,2021-05-29 00:15:00,3522,14.7421875,14.53125,14.5390625,14.5859375,14.6015625,14.625,14.59375,14.5546875,14.4453125,20.648438,21.523438,19.28125,18.070312,17.6875,17.546875,17.390625,17.257812
1000,2021-05-29 00:30:00,3522,14.2578125,13.6328125,13.5546875,13.5703125,13.578125,13.6484375,13.625,13.625,13.578125,20.382812,21.445312,19.351562,18.109375,17.703125,17.546875,17.390625,17.265625
1001,2021-05-29 00:45:00,3510,13.578125,13.1484375,13.0546875,13.078125,13.046875,13.109375,13.0703125,13.0234375,12.8984375,20.101562,21.34375,19.414062,18.164062,17.71875,17.539062,17.390625,17.265625
1002,2021-05-29 01:00:00,3516,12.9921875,12.8359375,12.7734375,12.78125,12.7421875,12.78125,12.7421875,12.6875,12.5546875,19.75,21.226562,19.46875,18.203125,17.726562,17.546875,17.390625,17.265625
1003,2021-05-29 01:15:00,3522,12.6796875,12.6328125,12.578125,12.578125,12.53125,12.5703125,12.515625,12.4453125,12.2890625,19.4375,21.125,19.515625,18.242188,17.734375,17.546875,17.390625,17.265625
1004,2021-05-29 01:30:00,3510,12.4296875,12.578125,12.5234375,12.515625,12.4609375,12.484375,12.4140625,12.34375,12.1796875,19.078125,21.0,19.546875,18.28125,17.757812,17.546875,17.390625,17.265625
1005,2021-05-29 01:45:00,3522,12.25,12.296875,12.234375,12.2421875,12.1875,12.2265625,12.1796875,12.109375,11.9609375,18.820312,20.875,19.5625,18.320312,17.765625,17.546875,17.390625,17.265625
1006,2021-05-29 02:00:00,3522,12.015625,12.078125,12.015625,12.015625,11.953125,11.9921875,11.9296875,11.859375,11.6796875,18.585938,20.742188,19.585938,18.367188,17.78125,17.5625,17.390625,17.265625
1007,2021-05-29 02:15:00,3522,11.765625,11.796875,11.71875,11.7109375,11.65625,11.6875,11.625,11.546875,11.3671875,18.296875,20.609375,19.601562,18.398438,17.804688,17.5625,17.390625,17.265625
1008,2021-05-29 02:30:00,3516,11.4765625,11.5703125,11.5,11.4921875,11.4140625,11.421875,11.34375,11.2421875,11.03125,18.054688,20.46875,19.601562,18.429688,17.8125,17.554688,17.390625,17.273438
1009,2021-05-29 02:45:00,3516,11.1484375,11.2109375,11.125,11.1171875,11.046875,11.0703125,11.0,10.9140625,10.7421875,17.796875,20.34375,19.609375,18.46875,17.835938,17.5625,17.390625,17.273438
1010,2021-05-29 03:00:00,3510,10.78125,10.8046875,10.71875,10.71875,10.6484375,10.6796875,10.6171875,10.515625,10.3203125,17.554688,20.210938,19.59375,18.5,17.851562,17.570312,17.390625,17.273438
1011,2021-05-29 03:15:00,3510,10.3125,10.34375,10.25,10.25,10.171875,10.1875,10.1171875,10.0078125,9.7734375,17.390625,20.070312,19.578125,18.523438,17.875,17.570312,17.398438,17.273438
1012,2021-05-29 03:30:00,3510,9.984375,10.25,10.15625,10.140625,10.03125,10.046875,9.9765625,9.859375,9.578125,17.1875,19.945312,19.5625,18.546875,17.882812,17.578125,17.398438,17.28125
1013,2021-05-29 03:45:00,3522,9.7421875,9.921875,9.8359375,9.8125,9.734375,9.7578125,9.6875,9.59375,9.3671875,16.976562,19.804688,19.539062,18.578125,17.90625,17.59375,17.398438,17.28125
1014,2021-05-29 04:00:00,3510,9.484375,9.734375,9.65625,9.6484375,9.5703125,9.5859375,9.5234375,9.4375,9.2265625,16.78125,19.679688,19.515625,18.59375,17.929688,17.59375,17.40625,17.28125
1015,2021-05-29 04:15:00,3510,9.4765625,9.8359375,9.796875,9.7890625,9.7265625,9.7578125,9.6953125,9.6328125,9.453125,16.65625,19.554688,19.484375,18.609375,17.9375,17.601562,17.40625,17.28125
1016,2021-05-29 04:30:00,3504,9.75,10.125,10.109375,10.109375,10.0859375,10.1328125,10.109375,10.078125,10.0,16.609375,19.429688,19.453125,18.625,17.960938,17.617188,17.40625,17.289062
1017,2021-05-29 04:45:00,3510,10.046875,10.1953125,10.21875,10.2421875,10.2421875,10.3125,10.328125,10.3515625,10.3828125,16.5625,19.304688,19.421875,18.632812,17.984375,17.625,17.414062,17.296875
1018,2021-05-29 05:00:00,3516,10.1328125,10.125,10.15625,10.1796875,10.1796875,10.2578125,10.265625,10.3046875,10.359375,16.492188,19.1875,19.375,18.648438,17.992188,17.625,17.414062,17.296875
1019,2021-05-29 05:15:00,3510,10.0,9.859375,9.890625,9.9140625,9.921875,10.0078125,10.0234375,10.078125,10.1640625,16.34375,19.078125,19.335938,18.65625,18.007812,17.640625,17.421875,17.296875
1020,2021-05-29 05:30:00,3510,10.0078125,9.9921875,10.0234375,10.0546875,10.0625,10.140625,10.1640625,10.2109375,10.28125,16.273438,18.96875,19.296875,18.664062,18.03125,17.648438,17.421875,17.296875
1021,2021-05-29 05:45:00,3510,9.9765625,9.953125,9.96875,10.0,10.0078125,10.078125,10.1015625,10.1640625,10.234375,16.210938,18.867188,19.257812,18.664062,18.039062,17.65625,17.429688,17.304688
1022,2021-05-29 06:00:00,3510,10.0,9.984375,10.015625,10.046875,10.046875,10.1328125,10.1484375,10.2109375,10.296875,16.148438,18.773438,19.21875,18.671875,18.054688,17.671875,17.429688,17.304688
1023,2021-05-29 06:15:00,3504,9.9921875,10.03125,10.0625,10.09375,10.0859375,10.171875,10.1796875,10.2265625,10.328125,16.078125,18.671875,19.171875,18.671875,18.070312,17.6875,17.429688,17.3125
1024,2021-05-29 06:30:00,3510,10.078125,10.0546875,10.0859375,10.109375,10.1015625,10.1875,10.1953125,10.265625,10.34375,16.007812,18.585938,19.125,18.671875,18.078125,17.695312,17.445312,17.320312
1025,2021-05-29 06:45:00,3504,10.046875,10.0,10.0234375,10.046875,10.0546875,10.125,10.1484375,10.203125,10.2890625,15.921875,18.5,19.078125,18.671875,18.09375,17.703125,17.445312,17.320312
1026,2021-05-29 07:00:00,3504,9.9375,9.8046875,9.8359375,9.8671875,9.8671875,9.9609375,9.9765625,10.03125,10.1328125,15.8125,18.421875,19.03125,18.664062,18.109375,17.710938,17.453125,17.328125
1027,2021-05-29 07:15:00,3510,9.8125,9.7109375,9.734375,9.765625,9.7578125,9.84375,9.859375,9.90625,9.9921875,15.65625,18.335938,19.0,18.65625,18.117188,17.71875,17.453125,17.328125
1028,2021-05-29 07:30:00,3510,9.6640625,9.546875,9.578125,9.609375,9.6171875,9.703125,9.7265625,9.796875,9.8984375,15.546875,18.257812,18.953125,18.648438,18.125,17.734375,17.460938,17.328125
1029,2021-05-29 07:45:00,3504,9.578125,9.4765625,9.5078125,9.546875,9.546875,9.6328125,9.65625,9.71875,9.8203125,15.4609375,18.171875,18.90625,18.640625,18.140625,17.742188,17.46875,17.335938
1030,2021-05-29 08:00:00,3504,9.53125,9.453125,9.4921875,9.5234375,9.53125,9.6171875,9.640625,9.6953125,9.7734375,15.328125,18.09375,18.859375,18.625,18.140625,17.75,17.476562,17.34375
1031,2021-05-29 08:15:00,3498,9.4765625,9.34375,9.390625,9.421875,9.4296875,9.5078125,9.5390625,9.6015625,9.703125,15.234375,18.015625,18.820312,18.617188,18.148438,17.765625,17.476562,17.34375
1032,2021-05-29 08:30:00,3504,9.3671875,9.265625,9.296875,9.3359375,9.3515625,9.4375,9.4609375,9.5234375,9.640625,15.1484375,17.929688,18.765625,18.609375,18.15625,17.765625,17.484375,17.351562
1033,2021-05-29 08:45:00,3504,9.265625,9.171875,9.1953125,9.2265625,9.234375,9.3203125,9.34375,9.40625,9.515625,15.015625,17.851562,18.726562,18.59375,18.164062,17.773438,17.492188,17.359375
1034,2021-05-29 09:00:00,3498,9.25,9.2578125,9.296875,9.328125,9.3359375,9.4140625,9.4375,9.4921875,9.5859375,14.9609375,17.78125,18.679688,18.585938,18.171875,17.78125,17.492188,17.359375
1035,2021-05-29 09:15:00,3498,9.171875,9.078125,9.1171875,9.1484375,9.15625,9.234375,9.2578125,9.328125,9.4453125,14.8984375,17.695312,18.632812,18.570312,18.171875,17.789062,17.507812,17.367188
1036,2021-05-29 09:30:00,3498,9.1484375,9.1171875,9.1484375,9.1875,9.1875,9.2734375,9.28125,9.3515625,9.4609375,14.8671875,17.625,18.59375,18.554688,18.171875,17.804688,17.507812,17.375
1037,2021-05-29 09:45:00,3498,9.09375,9.03125,9.0625,9.1015625,9.1015625,9.1953125,9.1953125,9.265625,9.375,14.7734375,17.546875,18.546875,18.539062,18.179688,17.8125,17.523438,17.375
1038,2021-05-29 10:00:00,3498,9.0234375,8.9296875,8.953125,9.0,9.0078125,9.09375,9.1171875,9.1875,9.3125,14.6796875,17.476562,18.5,18.523438,18.179688,17.8125,17.523438,17.375
1039,2021-05-29 10:15:00,3504,8.9375,8.859375,8.8828125,8.9296875,8.9453125,9.03125,9.0703125,9.140625,9.2734375,14.640625,17.40625,18.453125,18.507812,18.171875,17.820312,17.523438,17.382812
1040,2021-05-29 10:30:00,3498,8.875,8.84375,8.8671875,8.90625,8.921875,8.9921875,9.0234375,9.09375,9.2265625,14.546875,17.335938,18.40625,18.492188,18.179688,17.828125,17.539062,17.382812
1041,2021-05-29 10:45:00,3504,8.84375,8.7421875,8.7734375,8.8125,8.8203125,8.90625,8.9375,9.015625,9.1484375,14.5078125,17.273438,18.367188,18.46875,18.179688,17.835938,17.546875,17.390625
1042,2021-05-29 11:00:00,3498,8.8125,8.734375,8.765625,8.8046875,8.8203125,8.90625,8.9375,9.0078125,9.15625,14.453125,17.203125,18.320312,18.453125,18.179688,17.835938,17.546875,17.390625
1043,2021-05-29 11:15:00,3498,8.734375,8.640625,8.6640625,8.703125,8.703125,8.7890625,8.8359375,8.890625,9.0234375,14.3828125,17.132812,18.273438,18.4375,18.179688,17.851562,17.554688,17.398438
1044,2021-05-29 11:30:00,3498,8.6796875,8.6171875,8.6484375,8.6796875,8.6953125,8.78125,8.8046875,8.8671875,8.9765625,14.3125,17.0625,18.226562,18.414062,18.179688,17.851562,17.554688,17.40625
1045,2021-05-29 11:45:00,3498,8.5390625,8.453125,8.4765625,8.5078125,8.53125,8.6171875,8.6484375,8.703125,8.8359375,14.2109375,17.0,18.179688,18.390625,18.171875,17.851562,17.5625,17.398438
1046,2021-05-29 12:00:00,3504,8.46875,8.390625,8.4140625,8.4453125,8.453125,8.5546875,8.5859375,8.640625,8.7421875,14.1328125,16.9375,18.132812,18.375,18.171875,17.851562,17.5625,17.414062
1047,2021-05-29 12:15:00,3504,8.5,8.4609375,8.4921875,8.53125,8.5390625,8.640625,8.6640625,8.734375,8.8515625,14.09375,16.882812,18.09375,18.351562,18.171875,17.859375,17.570312,17.40625
1048,2021-05-29 12:30:00,3492,8.515625,8.4765625,8.5078125,8.5546875,8.5625,8.65625,8.6875,8.7578125,8.890625,14.0703125,16.8125,18.046875,18.328125,18.164062,17.867188,17.578125,17.414062
1049,2021-05-29 12:45:00,3498,8.4921875,8.40625,8.4453125,8.484375,8.4921875,8.59375,8.609375,8.6796875,8.796875,14.0078125,16.757812,18.0,18.3125,18.15625,17.867188,17.578125,17.414062
1050,2021-05-29 13:00:00,3498,8.453125,8.40625,8.4296875,8.46875,8.46875,8.5703125,8.5859375,8.6640625,8.8125,13.9375,16.695312,17.960938,18.28125,18.148438,17.867188,17.585938,17.421875
1051,2021-05-29 13:15:00,3504,8.4921875,8.4453125,8.4765625,8.515625,8.5234375,8.609375,8.640625,8.7265625,8.875,13.9375,16.632812,17.914062,18.265625,18.140625,17.867188,17.59375,17.421875
1052,2021-05-29 13:30:00,3498,8.5625,8.5703125,8.6015625,8.6328125,8.640625,8.734375,8.765625,8.84375,8.96875,13.9296875,16.585938,17.875,18.234375,18.140625,17.875,17.59375,17.429688
1053,2021-05-29 13:45:00,3492,8.5625,8.453125,8.484375,8.515625,8.53125,8.625,8.65625,8.75,8.890625,13.9453125,16.523438,17.828125,18.21875,18.132812,17.875,17.59375,17.421875
1054,2021-05-29 14:00:00,3504,8.625,8.609375,8.625,8.6640625,8.6875,8.78125,8.8125,8.8828125,9.03125,13.921875,16.476562,17.789062,18.195312,18.125,17.875,17.59375,17.429688
1055,2021-05-29 14:15:00,3498,8.703125,8.703125,8.7265625,8.765625,8.7734375,8.875,8.90625,8.9765625,9.109375,13.9375,16.421875,17.742188,18.164062,18.109375,17.882812,17.601562,17.429688
1056,2021-05-29 14:30:00,3492,8.78125,8.671875,8.7109375,8.7578125,8.78125,8.8984375,8.9375,9.03125,9.2109375,13.9609375,16.375,17.703125,18.140625,18.109375,17.875,17.601562,17.429688
1057,2021-05-29 14:45:00,3486,8.796875,8.671875,8.71875,8.75,8.78125,8.8828125,8.921875,9.0,9.1484375,13.9453125,16.328125,17.65625,18.117188,18.101562,17.875,17.609375,17.429688
1058,2021-05-29 15:00:00,3492,8.90625,8.859375,8.8984375,8.9375,8.96875,9.078125,9.1171875,9.2109375,9.390625,14.0078125,16.289062,17.617188,18.09375,18.085938,17.875,17.609375,17.429688
1059,2021-05-29 15:15:00,3498,9.0546875,9.03125,9.0703125,9.1171875,9.15625,9.265625,9.3203125,9.4140625,9.5859375,14.125,16.25,17.578125,18.0625,18.078125,17.875,17.609375,17.4375
1060,2021-05-29 15:30:00,3492,9.2109375,9.0859375,9.1171875,9.171875,9.2109375,9.328125,9.390625,9.484375,9.6640625,14.171875,16.210938,17.53125,18.046875,18.070312,17.875,17.609375,17.4375
1061,2021-05-29 15:45:00,3492,9.34375,9.1875,9.234375,9.3125,9.375,9.515625,9.578125,9.6875,9.8671875,14.296875,16.179688,17.5,18.015625,18.0625,17.867188,17.617188,17.4375
1062,2021-05-29 16:00:00,3486,9.4765625,9.5,9.53125,9.578125,9.6328125,9.7578125,9.8046875,9.9375,10.125,14.3515625,16.15625,17.460938,17.992188,18.046875,17.867188,17.609375,17.429688
1063,2021-05-29 16:15:00,3486,9.6796875,9.625,9.6796875,9.7421875,9.8046875,9.9296875,10.015625,10.1484375,10.359375,14.5078125,16.140625,17.414062,17.960938,18.03125,17.859375,17.617188,17.429688
1064,2021-05-29 16:30:00,3492,9.890625,9.8515625,9.890625,9.953125,9.9921875,10.1171875,10.1796875,10.3203125,10.546875,14.640625,16.125,17.390625,17.9375,18.015625,17.859375,17.617188,17.429688
1065,2021-05-29 16:45:00,3486,10.109375,9.96875,10.0390625,10.1015625,10.1484375,10.2734375,10.34375,10.4765625,10.734375,14.8046875,16.109375,17.351562,17.914062,18.007812,17.867188,17.617188,17.429688
1066,2021-05-29 17:00:00,3486,10.828125,10.8515625,10.921875,10.9921875,11.046875,11.1796875,11.28125,11.4453125,11.7265625,15.171875,16.101562,17.3125,17.882812,18.0,17.859375,17.617188,17.429688
1067,2021-05-29 17:15:00,3492,11.3359375,11.015625,11.09375,11.1484375,11.2265625,11.375,11.4609375,11.625,11.9453125,15.453125,16.101562,17.289062,17.859375,17.984375,17.851562,17.617188,17.429688
1068,2021-05-29 17:30:00,3492,11.5703125,11.03125,11.1328125,11.234375,11.3203125,11.484375,11.5703125,11.796875,12.15625,15.671875,16.109375,17.257812,17.84375,17.976562,17.84375,17.617188,17.421875
1069,2021-05-29 17:45:00,3492,11.8046875,11.2109375,11.3046875,11.3828125,11.453125,11.6015625,11.71875,11.9375,12.2890625,15.78125,16.140625,17.226562,17.8125,17.960938,17.84375,17.617188,17.429688
1070,2021-05-29 18:00:00,3486,12.0,10.984375,11.1015625,11.21875,11.3359375,11.5234375,11.671875,11.9140625,12.2890625,16.046875,16.164062,17.203125,17.78125,17.953125,17.835938,17.617188,17.429688
1071,2021-05-29 18:15:00,3498,12.8046875,12.4453125,12.5234375,12.625,12.703125,12.90625,13.0546875,13.3125,13.703125,16.476562,16.203125,17.179688,17.765625,17.9375,17.835938,17.609375,17.421875
1072,2021-05-29 18:30:00,3486,14.09375,13.390625,13.5078125,13.6171875,13.7421875,13.953125,14.1328125,14.4765625,14.9921875,17.242188,16.25,17.164062,17.742188,17.921875,17.828125,17.609375,17.421875
1073,2021-05-29 18:45:00,3498,14.4609375,13.8203125,13.9375,14.0546875,14.1953125,14.390625,14.53125,14.8203125,15.328125,17.515625,16.289062,17.140625,17.710938,17.90625,17.820312,17.609375,17.421875
1074,2021-05-29 19:00:00,3492,15.4140625,14.4765625,14.625,14.7890625,14.953125,15.1875,15.421875,15.7890625,16.460938,18.460938,16.367188,17.125,17.695312,17.890625,17.8125,17.609375,17.421875
1075,2021-05-29 19:15:00,3486,16.328125,15.1875,15.28125,15.3984375,15.5625,15.8125,16.023438,16.4375,17.171875,19.085938,16.453125,17.109375,17.671875,17.875,17.804688,17.601562,17.414062
1076,2021-05-29 19:30:00,3492,17.09375,15.640625,15.7734375,15.9453125,16.109375,16.359375,16.554688,16.984375,17.601562,19.578125,16.554688,17.109375,17.648438,17.859375,17.804688,17.601562,17.414062
1077,2021-05-29 19:45:00,3492,17.875,16.140625,16.25,16.445312,16.585938,16.859375,17.140625,17.6875,18.476562,20.8125,16.6875,17.101562,17.625,17.84375,17.796875,17.601562,17.414062
1078,2021-05-29 20:00:00,3492,18.75,16.679688,16.953125,17.15625,17.335938,17.640625,17.945312,18.484375,19.28125,22.039062,16.84375,17.101562,17.609375,17.828125,17.789062,17.59375,17.40625
1079,2021-05-29 20:15:00,3486,18.867188,16.46875,16.835938,17.03125,17.242188,17.609375,17.9375,18.445312,19.273438,23.039062,17.007812,17.109375,17.585938,17.820312,17.78125,17.585938,17.40625
1080,2021-05-29 19:00:00,3492,15.4140625,14.4765625,14.625,14.7890625,14.953125,15.1875,15.421875,15.7890625,16.460938,18.460938,16.367188,17.125,17.695312,17.890625,17.8125,17.609375,17.421875
1081,2021-05-29 19:15:00,3486,16.328125,15.1875,15.28125,15.3984375,15.5625,15.8125,16.023438,16.4375,17.171875,19.085938,16.453125,17.109375,17.671875,17.875,17.804688,17.601562,17.414062
1082,2021-05-29 19:30:00,3492,17.09375,15.640625,15.7734375,15.9453125,16.109375,16.359375,16.554688,16.984375,17.601562,19.578125,16.554688,17.109375,17.648438,17.859375,17.804688,17.601562,17.414062
1083,2021-05-29 19:45:00,3492,17.875,16.140625,16.25,16.445312,16.585938,16.859375,17.140625,17.6875,18.476562,20.8125,16.6875,17.101562,17.625,17.84375,17.796875,17.601562,17.414062
1084,2021-05-29 20:00:00,3492,18.75,16.679688,16.953125,17.15625,17.335938,17.640625,17.945312,18.484375,19.28125,22.039062,16.84375,17.101562,17.609375,17.828125,17.789062,17.59375,17.40625
1085,2021-05-29 20:15:00,3486,18.867188,16.46875,16.835938,17.03125,17.242188,17.609375,17.9375,18.445312,19.273438,23.039062,17.007812,17.109375,17.585938,17.820312,17.78125,17.585938,17.40625
1086,2021-05-29 20:30:00,3498,18.679688,16.5,16.726562,16.929688,17.109375,17.390625,17.648438,18.0625,18.6875,22.492188,17.234375,17.125,17.570312,17.796875,17.765625,17.59375,17.398438
1087,2021-05-29 20:45:00,3498,19.242188,17.085938,17.34375,17.59375,17.789062,18.085938,18.398438,18.898438,19.734375,23.5625,17.460938,17.140625,17.554688,17.789062,17.757812,17.578125,17.390625
1088,2021-05-29 21:00:00,3504,19.609375,17.296875,17.453125,17.710938,17.960938,18.304688,18.625,19.085938,19.875,24.1875,17.695312,17.171875,17.539062,17.773438,17.757812,17.578125,17.390625
1089,2021-05-29 21:15:00,3498,20.179688,17.585938,17.8125,18.070312,18.335938,18.695312,19.039062,19.578125,20.539062,24.625,17.9375,17.210938,17.53125,17.765625,17.742188,17.578125,17.382812
1090,2021-05-29 21:30:00,3504,20.328125,17.820312,18.03125,18.304688,18.546875,18.859375,19.195312,19.710938,20.484375,24.671875,18.195312,17.25,17.515625,17.742188,17.734375,17.578125,17.382812
1091,2021-05-29 21:45:00,3504,20.976562,18.867188,18.929688,19.132812,19.328125,19.648438,19.96875,20.484375,21.320312,24.945312,18.445312,17.304688,17.507812,17.734375,17.734375,17.570312,17.375
1092,2021-05-29 22:00:00,3498,20.804688,19.132812,19.257812,19.492188,19.71875,19.96875,20.195312,20.578125,21.328125,24.875,18.703125,17.367188,17.5,17.726562,17.726562,17.5625,17.375
1093,2021-05-29 22:15:00,3504,20.929688,18.664062,18.765625,18.976562,19.171875,19.460938,19.71875,20.164062,20.976562,24.75,18.953125,17.4375,17.5,17.703125,17.710938,17.554688,17.359375
1094,2021-05-29 22:30:00,3504,20.546875,18.085938,18.242188,18.5,18.726562,19.0,19.28125,19.710938,20.382812,24.351562,19.179688,17.507812,17.5,17.695312,17.703125,17.554688,17.359375
1095,2021-05-29 22:45:00,3498,20.585938,18.789062,18.867188,19.117188,19.304688,19.609375,19.875,20.265625,20.90625,23.976562,19.390625,17.59375,17.507812,17.6875,17.695312,17.546875,17.359375
1096,2021-05-29 23:00:00,3504,20.1875,18.523438,18.679688,18.960938,19.210938,19.460938,19.71875,20.054688,20.648438,23.546875,19.585938,17.679688,17.515625,17.671875,17.6875,17.539062,17.359375
1097,2021-05-29 23:15:00,3504,19.25,17.164062,17.242188,17.460938,17.648438,17.851562,18.054688,18.320312,18.757812,22.914062,19.742188,17.765625,17.523438,17.664062,17.671875,17.53125,17.351562
1098,2021-05-29 23:30:00,3504,17.421875,14.9375,14.921875,15.03125,15.09375,15.2265625,15.2890625,15.4296875,15.640625,21.9375,19.875,17.851562,17.539062,17.648438,17.664062,17.53125,17.34375
1099,2021-05-29 23:45:00,3498,15.5859375,14.359375,14.328125,14.3515625,14.34375,14.40625,14.3828125,14.375,14.3046875,20.851562,19.96875,17.945312,17.546875,17.640625,17.648438,17.523438,17.335938
1100,2021-05-30 00:00:00,3504,14.65625,13.9296875,13.9453125,13.9921875,14.015625,14.09375,14.078125,14.078125,14.046875,20.273438,20.015625,18.039062,17.5625,17.640625,17.640625,17.515625,17.328125
1101,2021-05-30 00:15:00,3504,14.2890625,13.8515625,13.8515625,13.8984375,13.90625,13.96875,13.9453125,13.9375,13.90625,19.8125,20.007812,18.117188,17.585938,17.625,17.640625,17.515625,17.328125
1102,2021-05-30 00:30:00,3504,13.9140625,13.203125,13.2109375,13.265625,13.28125,13.3671875,13.3828125,13.4375,13.484375,19.570312,19.960938,18.195312,17.609375,17.625,17.625,17.5,17.320312
1103,2021-05-30 00:45:00,3510,13.109375,12.296875,12.28125,12.3203125,12.328125,12.4140625,12.4140625,12.4375,12.4609375,19.125,19.890625,18.273438,17.640625,17.617188,17.617188,17.492188,17.3125
1104,2021-05-30 01:00:00,3504,13.0,12.71875,12.7734375,12.84375,12.875,12.9765625,13.0078125,13.078125,13.1640625,18.96875,19.804688,18.328125,17.664062,17.617188,17.609375,17.492188,17.3125
1105,2021-05-30 01:15:00,3504,13.1484375,12.6875,12.7421875,12.7890625,12.828125,12.953125,13.0078125,13.1484375,13.390625,19.070312,19.703125,18.382812,17.695312,17.617188,17.601562,17.484375,17.304688
1106,2021-05-30 01:30:00,3510,12.7109375,12.09375,12.15625,12.2109375,12.265625,12.3828125,12.4296875,12.546875,12.71875,18.78125,19.617188,18.429688,17.71875,17.609375,17.601562,17.476562,17.304688
1107,2021-05-30 01:45:00,3498,12.1328125,11.6328125,11.671875,11.71875,11.7578125,11.859375,11.8984375,11.9921875,12.1171875,18.335938,19.523438,18.460938,17.75,17.617188,17.585938,17.46875,17.296875
1108,2021-05-30 02:00:00,3504,11.6015625,10.9921875,11.046875,11.109375,11.1484375,11.265625,11.3203125,11.421875,11.5546875,17.945312,19.4375,18.484375,17.78125,17.617188,17.578125,17.460938,17.289062
1109,2021-05-30 02:15:00,3504,11.1953125,10.8828125,10.9375,10.9765625,10.9921875,11.0859375,11.1171875,11.171875,11.2734375,17.5625,19.328125,18.507812,17.8125,17.617188,17.578125,17.460938,17.289062
1110,2021-05-30 02:30:00,3504,10.8828125,10.53125,10.578125,10.625,10.640625,10.75,10.78125,10.8671875,10.984375,17.289062,19.21875,18.515625,17.828125,17.625,17.570312,17.453125,17.28125
1111,2021-05-30 02:45:00,3504,10.546875,10.2890625,10.3203125,10.359375,10.375,10.453125,10.484375,10.5546875,10.6484375,16.953125,19.109375,18.53125,17.851562,17.625,17.5625,17.445312,17.273438
1112,2021-05-30 03:00:00,3498,10.34375,10.1796875,10.2265625,10.2578125,10.265625,10.3515625,10.375,10.4296875,10.53125,16.695312,19.0,18.53125,17.875,17.625,17.5625,17.4375,17.273438
1113,2021-05-30 03:15:00,3504,10.21875,10.1015625,10.140625,10.1796875,10.1796875,10.2578125,10.28125,10.3359375,10.4140625,16.5,18.882812,18.53125,17.898438,17.632812,17.554688,17.429688,17.265625
1114,2021-05-30 03:30:00,3504,10.03125,9.9296875,9.9609375,9.9921875,9.9921875,10.078125,10.09375,10.1484375,10.21875,16.234375,18.757812,18.515625,17.914062,17.640625,17.554688,17.429688,17.265625
1115,2021-05-30 03:45:00,3498,9.96875,9.8671875,9.8984375,9.9375,9.9453125,10.03125,10.046875,10.09375,10.171875,16.0625,18.640625,18.507812,17.929688,17.648438,17.554688,17.421875,17.257812
1116,2021-05-30 04:00:00,3504,9.984375,10.015625,10.0546875,10.078125,10.0859375,10.171875,10.1875,10.2265625,10.296875,15.9375,18.515625,18.492188,17.953125,17.664062,17.546875,17.421875,17.257812
1117,2021-05-30 04:15:00,3498,9.8984375,9.7890625,9.828125,9.859375,9.8671875,9.9453125,9.9609375,10.0234375,10.1328125,15.84375,18.398438,18.46875,17.960938,17.664062,17.539062,17.414062,17.25
1118,2021-05-30 04:30:00,3498,9.8984375,9.84375,9.8828125,9.9140625,9.9140625,10.0,10.0078125,10.0703125,10.171875,15.734375,18.289062,18.445312,17.96875,17.671875,17.539062,17.40625,17.242188
1119,2021-05-30 04:45:00,3498,9.8359375,9.75,9.7734375,9.8203125,9.828125,9.8984375,9.921875,9.9765625,10.0703125,15.5859375,18.171875,18.421875,17.984375,17.679688,17.539062,17.40625,17.242188
1120,2021-05-30 05:00:00,3498,9.8046875,9.71875,9.7578125,9.78125,9.78125,9.859375,9.875,9.9375,10.0390625,15.5078125,18.070312,18.390625,17.984375,17.6875,17.53125,17.390625,17.234375
1121,2021-05-30 05:15:00,3504,9.71875,9.625,9.65625,9.6875,9.6953125,9.7734375,9.78125,9.8515625,9.9609375,15.4140625,17.96875,18.359375,17.992188,17.695312,17.539062,17.390625,17.242188
1122,2021-05-30 05:30:00,3498,9.7109375,9.6484375,9.6953125,9.7265625,9.734375,9.8125,9.828125,9.875,9.9609375,15.3125,17.867188,18.328125,17.992188,17.703125,17.539062,17.390625,17.234375
1123,2021-05-30 05:45:00,3504,9.609375,9.453125,9.484375,9.515625,9.5234375,9.6171875,9.640625,9.6953125,9.8125,15.203125,17.78125,18.289062,18.0,17.703125,17.539062,17.382812,17.226562
1124,2021-05-30 06:00:00,3498,9.53125,9.4453125,9.4765625,9.5234375,9.53125,9.609375,9.6328125,9.6875,9.796875,15.1484375,17.679688,18.25,18.0,17.710938,17.539062,17.382812,17.234375
1125,2021-05-30 06:15:00,3498,9.5234375,9.4921875,9.5234375,9.5546875,9.5703125,9.640625,9.671875,9.7265625,9.8359375,15.0859375,17.59375,18.210938,17.992188,17.71875,17.539062,17.375,17.226562
1126,2021-05-30 06:30:00,3498,9.609375,9.578125,9.625,9.65625,9.65625,9.75,9.765625,9.8046875,9.8984375,15.03125,17.507812,18.171875,17.992188,17.71875,17.539062,17.375,17.226562
1127,2021-05-30 06:45:00,3498,9.5546875,9.484375,9.515625,9.546875,9.5546875,9.6484375,9.6640625,9.734375,9.828125,14.953125,17.429688,18.125,17.984375,17.71875,17.539062,17.375,17.21875
1128,2021-05-30 07:00:00,3498,9.5078125,9.328125,9.359375,9.3828125,9.390625,9.4765625,9.4921875,9.5625,9.6953125,14.9453125,17.351562,18.09375,17.984375,17.726562,17.53125,17.367188,17.226562
1129,2021-05-30 07:15:00,3504,9.4765625,9.4140625,9.4453125,9.46875,9.484375,9.5625,9.5859375,9.671875,9.78125,14.90625,17.28125,18.046875,17.96875,17.734375,17.539062,17.367188,17.21875
1130,2021-05-30 07:30:00,3498,9.4609375,9.421875,9.4609375,9.484375,9.484375,9.5546875,9.578125,9.6328125,9.7421875,14.8515625,17.210938,18.007812,17.960938,17.734375,17.539062,17.367188,17.21875
1131,2021-05-30 07:45:00,3486,9.4453125,9.4296875,9.453125,9.4765625,9.4609375,9.546875,9.5703125,9.640625,9.75,14.8125,17.140625,17.96875,17.953125,17.734375,17.539062,17.359375,17.210938
1132,2021-05-30 08:00:00,3498,9.4140625,9.3671875,9.40625,9.4296875,9.4375,9.5,9.53125,9.5859375,9.703125,14.75,17.070312,17.921875,17.945312,17.734375,17.539062,17.359375,17.203125
1133,2021-05-30 08:15:00,3498,9.3515625,9.2421875,9.2734375,9.3046875,9.296875,9.390625,9.40625,9.4765625,9.578125,14.6640625,17.015625,17.890625,17.929688,17.726562,17.539062,17.359375,17.203125
1134,2021-05-30 08:30:00,3504,9.2734375,9.171875,9.1953125,9.2421875,9.2421875,9.328125,9.3515625,9.4140625,9.5390625,14.640625,16.953125,17.84375,17.914062,17.726562,17.539062,17.359375,17.203125
1135,2021-05-30 08:45:00,3492,9.28125,9.1953125,9.21875,9.25,9.25,9.328125,9.3515625,9.40625,9.515625,14.578125,16.890625,17.804688,17.898438,17.734375,17.539062,17.359375,17.203125
1136,2021-05-30 09:00:00,3498,9.234375,9.1796875,9.203125,9.2421875,9.234375,9.3203125,9.34375,9.3984375,9.4921875,14.5234375,16.84375,17.765625,17.882812,17.734375,17.539062,17.351562,17.195312
1137,2021-05-30 09:15:00,3486,9.2734375,9.2734375,9.296875,9.328125,9.328125,9.40625,9.4296875,9.5078125,9.625,14.53125,16.78125,17.734375,17.867188,17.734375,17.539062,17.351562,17.203125
1138,2021-05-30 09:30:00,3498,9.359375,9.3671875,9.3984375,9.421875,9.421875,9.5078125,9.5234375,9.6015625,9.7109375,14.546875,16.734375,17.6875,17.859375,17.726562,17.539062,17.351562,17.195312
1139,2021-05-30 09:45:00,3492,9.375,9.3671875,9.390625,9.4296875,9.421875,9.5,9.5078125,9.5546875,9.6640625,14.5078125,16.671875,17.648438,17.84375,17.726562,17.539062,17.351562,17.195312
1140,2021-05-30 10:00:00,3486,9.4453125,9.4609375,9.484375,9.515625,9.4921875,9.578125,9.59375,9.6484375,9.7421875,14.5078125,16.625,17.609375,17.820312,17.726562,17.539062,17.351562,17.195312
1141,2021-05-30 10:15:00,3492,9.4140625,9.328125,9.359375,9.390625,9.390625,9.4765625,9.5078125,9.5625,9.671875,14.3984375,16.570312,17.570312,17.804688,17.71875,17.539062,17.34375,17.1875
1142,2021-05-30 10:30:00,3492,9.3203125,9.2109375,9.234375,9.2734375,9.28125,9.359375,9.375,9.4375,9.5390625,14.3046875,16.53125,17.539062,17.789062,17.710938,17.539062,17.34375,17.1875
1143,2021-05-30 10:45:00,3492,9.2578125,9.171875,9.1953125,9.21875,9.21875,9.296875,9.3125,9.375,9.4453125,14.2109375,16.484375,17.5,17.765625,17.710938,17.539062,17.34375,17.1875
1144,2021-05-30 11:00:00,3498,9.1640625,9.03125,9.0625,9.09375,9.09375,9.1796875,9.1953125,9.265625,9.3671875,14.140625,16.429688,17.460938,17.757812,17.695312,17.539062,17.335938,17.179688
1145,2021-05-30 11:15:00,3492,9.1328125,9.1171875,9.140625,9.1796875,9.171875,9.25,9.265625,9.3125,9.3984375,14.109375,16.390625,17.429688,17.734375,17.695312,17.53125,17.335938,17.179688
1146,2021-05-30 11:30:00,3498,9.1015625,8.9765625,9.0078125,9.0390625,9.046875,9.1328125,9.1484375,9.2265625,9.3359375,14.0390625,16.34375,17.390625,17.710938,17.6875,17.53125,17.335938,17.171875
1147,2021-05-30 11:45:00,3492,9.0390625,8.9609375,8.9921875,9.03125,9.03125,9.109375,9.140625,9.1875,9.2890625,13.9609375,16.289062,17.351562,17.695312,17.679688,17.53125,17.335938,17.171875
1148,2021-05-30 12:00:00,3492,9.1171875,9.1171875,9.1484375,9.171875,9.171875,9.25,9.25,9.3125,9.390625,13.953125,16.242188,17.320312,17.671875,17.671875,17.523438,17.335938,17.171875
1149,2021-05-30 12:15:00,3486,9.109375,9.0703125,9.1015625,9.125,9.1171875,9.1953125,9.2265625,9.28125,9.375,13.9609375,16.195312,17.289062,17.648438,17.664062,17.523438,17.335938,17.164062
1150,2021-05-30 12:30:00,3492,9.0859375,9.0546875,9.078125,9.1015625,9.09375,9.171875,9.1796875,9.2109375,9.265625,13.9375,16.148438,17.25,17.625,17.648438,17.523438,17.328125,17.164062
1151,2021-05-30 12:45:00,3486,9.0859375,9.0,9.0234375,9.0625,9.0625,9.1328125,9.1484375,9.203125,9.28125,13.9453125,16.101562,17.21875,17.609375,17.632812,17.515625,17.328125,17.15625
1152,2021-05-30 13:00:00,3486,8.6796875,8.5546875,8.4921875,8.4921875,8.4375,8.4765625,8.4453125,8.4140625,8.328125,13.734375,16.0625,17.179688,17.585938,17.632812,17.515625,17.328125,17.164062
1153,2021-05-30 13:15:00,3498,8.5078125,8.6953125,8.640625,8.6328125,8.5625,8.59375,8.5390625,8.4609375,8.328125,13.59375,16.015625,17.148438,17.5625,17.625,17.507812,17.320312,17.15625
1154,2021-05-30 13:30:00,3486,8.5078125,8.8125,8.7734375,8.7734375,8.7109375,8.7421875,8.6953125,8.6171875,8.5,13.5859375,15.96875,17.101562,17.546875,17.609375,17.507812,17.3125,17.15625
1155,2021-05-30 13:45:00,3492,8.8828125,9.2734375,9.2578125,9.265625,9.2421875,9.3046875,9.2890625,9.2890625,9.3046875,13.7421875,15.9296875,17.078125,17.523438,17.601562,17.5,17.320312,17.148438
1156,2021-05-30 14:00:00,3486,9.5703125,9.703125,9.703125,9.734375,9.734375,9.828125,9.8515625,9.8984375,9.875,14.0078125,15.8828125,17.039062,17.507812,17.59375,17.492188,17.3125,17.148438
1157,2021-05-30 14:15:00,3480,10.1015625,10.1171875,10.1484375,10.1796875,10.2109375,10.3203125,10.359375,10.453125,10.6015625,14.203125,15.84375,17.007812,17.476562,17.578125,17.484375,17.3125,17.140625
1158,2021-05-30 14:30:00,3486,10.9609375,11.0546875,11.09375,11.140625,11.1953125,11.359375,11.421875,11.578125,11.484375,14.5078125,15.8125,16.96875,17.460938,17.570312,17.476562,17.3125,17.140625
1159,2021-05-30 14:45:00,3486,12.6328125,12.6484375,12.6875,12.734375,12.8359375,13.09375,13.1953125,13.46875,13.5234375,14.625,15.796875,16.945312,17.4375,17.5625,17.476562,17.296875,17.140625
1160,2021-05-30 15:00:00,3486,14.359375,13.7109375,13.671875,13.7578125,13.8515625,14.1640625,14.3359375,14.6875,15.0234375,14.765625,15.7890625,16.90625,17.414062,17.546875,17.476562,17.296875,17.132812
1161,2021-05-30 15:15:00,3492,15.421875,14.3671875,14.328125,14.3984375,14.5078125,14.8515625,15.0703125,15.59375,16.210938,15.2734375,15.78125,16.882812,17.398438,17.53125,17.46875,17.296875,17.125
1162,2021-05-30 15:30:00,3486,16.523438,15.3359375,15.3125,15.4140625,15.578125,15.9140625,16.140625,16.65625,17.421875,16.445312,15.7890625,16.851562,17.367188,17.523438,17.460938,17.289062,17.125
1163,2021-05-30 15:45:00,3486,17.765625,16.507812,16.351562,16.375,16.4375,16.78125,16.984375,17.460938,18.289062,17.492188,15.8046875,16.820312,17.351562,17.515625,17.453125,17.289062,17.109375
1164,2021-05-30 16:00:00,3480,18.460938,16.679688,16.679688,16.773438,16.929688,17.257812,17.5,18.046875,18.859375,18.234375,15.8515625,16.796875,17.328125,17.5,17.453125,17.28125,17.101562
1165,2021-05-30 16:15:00,3486,19.328125,17.421875,17.28125,17.289062,17.421875,17.757812,18.023438,18.625,19.671875,19.039062,15.921875,16.773438,17.3125,17.484375,17.4375,17.28125,17.109375
1166,2021-05-30 16:30:00,3492,19.992188,17.78125,17.695312,17.695312,17.84375,18.195312,18.460938,18.992188,19.796875,19.8125,16.007812,16.75,17.289062,17.476562,17.429688,17.273438,17.101562
1167,2021-05-30 16:45:00,3498,20.765625,18.5625,18.515625,18.570312,18.6875,19.03125,19.3125,19.929688,20.84375,20.398438,16.117188,16.734375,17.265625,17.460938,17.421875,17.273438,17.101562
1168,2021-05-30 17:00:00,3498,21.179688,19.195312,19.257812,19.367188,19.539062,19.898438,20.1875,20.78125,21.585938,20.9375,16.25,16.71875,17.25,17.445312,17.421875,17.265625,17.09375
1169,2021-05-30 17:15:00,3498,21.898438,19.640625,19.726562,19.867188,20.054688,20.460938,20.804688,21.398438,22.148438,21.796875,16.40625,16.71875,17.226562,17.429688,17.414062,17.257812,17.085938
1170,2021-05-30 17:30:00,3498,22.453125,19.859375,19.992188,20.109375,20.21875,20.59375,20.914062,21.546875,22.484375,22.570312,16.585938,16.71875,17.203125,17.414062,17.398438,17.25,17.078125
1171,2021-05-30 17:45:00,3498,22.59375,19.820312,20.179688,20.320312,20.523438,20.882812,21.1875,21.820312,22.703125,23.15625,16.78125,16.71875,17.1875,17.40625,17.398438,17.25,17.078125
1172,2021-05-30 18:00:00,3498,23.398438,20.632812,20.953125,21.046875,21.195312,21.539062,21.867188,22.484375,23.367188,23.984375,16.984375,16.734375,17.171875,17.390625,17.382812,17.242188,17.070312
1173,2021-05-30 18:15:00,3504,23.695312,21.320312,21.515625,21.578125,21.679688,21.953125,22.203125,22.617188,23.203125,24.359375,17.226562,16.75,17.15625,17.375,17.375,17.242188,17.0625
1174,2021-05-30 18:30:00,3504,24.507812,22.203125,22.257812,22.507812,22.671875,22.984375,23.28125,23.765625,24.460938,25.054688,17.46875,16.789062,17.140625,17.359375,17.367188,17.234375,17.054688
1175,2021-05-30 18:45:00,3510,25.28125,23.09375,23.03125,23.3125,23.46875,23.75,24.03125,24.5,25.140625,25.890625,17.726562,16.828125,17.125,17.351562,17.359375,17.226562,17.039062
1176,2021-05-30 17:30:00,3498,22.453125,19.859375,19.992188,20.109375,20.21875,20.59375,20.914062,21.546875,22.484375,22.570312,16.585938,16.71875,17.203125,17.414062,17.398438,17.25,17.078125
1177,2021-05-30 17:45:00,3498,22.59375,19.820312,20.179688,20.320312,20.523438,20.882812,21.1875,21.820312,22.703125,23.15625,16.78125,16.71875,17.1875,17.40625,17.398438,17.25,17.078125
1178,2021-05-30 18:00:00,3498,23.398438,20.632812,20.953125,21.046875,21.195312,21.539062,21.867188,22.484375,23.367188,23.984375,16.984375,16.734375,17.171875,17.390625,17.382812,17.242188,17.070312
1179,2021-05-30 18:15:00,3504,23.695312,21.320312,21.515625,21.578125,21.679688,21.953125,22.203125,22.617188,23.203125,24.359375,17.226562,16.75,17.15625,17.375,17.375,17.242188,17.0625
1180,2021-05-30 18:30:00,3504,24.507812,22.203125,22.257812,22.507812,22.671875,22.984375,23.28125,23.765625,24.460938,25.054688,17.46875,16.789062,17.140625,17.359375,17.367188,17.234375,17.054688
1181,2021-05-30 18:45:00,3510,25.28125,23.09375,23.03125,23.3125,23.46875,23.75,24.03125,24.5,25.140625,25.890625,17.726562,16.828125,17.125,17.351562,17.359375,17.226562,17.039062
1182,2021-05-30 19:00:00,3516,25.625,23.304688,23.109375,23.210938,23.398438,23.59375,23.820312,24.140625,24.609375,26.296875,17.992188,16.867188,17.109375,17.335938,17.351562,17.21875,17.039062
1183,2021-05-30 19:15:00,3510,26.992188,25.007812,24.867188,24.96875,25.117188,25.34375,25.546875,25.929688,26.421875,27.164062,18.28125,16.921875,17.101562,17.320312,17.335938,17.210938,17.03125
1184,2021-05-30 19:30:00,3522,27.03125,24.25,24.109375,24.375,24.5,24.710938,24.90625,25.179688,25.460938,27.539062,18.5625,16.984375,17.101562,17.3125,17.335938,17.203125,17.023438
1185,2021-05-30 19:45:00,3510,27.164062,24.390625,24.3125,24.5,24.523438,24.710938,24.921875,25.195312,25.554688,28.03125,18.859375,17.054688,17.09375,17.289062,17.320312,17.195312,17.023438
1186,2021-05-30 20:00:00,3516,28.015625,25.851562,26.109375,26.226562,26.3125,26.484375,26.59375,26.796875,26.992188,28.460938,19.148438,17.140625,17.09375,17.28125,17.3125,17.195312,17.015625
1187,2021-05-30 20:15:00,3522,28.148438,25.796875,26.195312,26.335938,26.4375,26.609375,26.71875,26.90625,27.132812,28.890625,19.445312,17.21875,17.101562,17.273438,17.304688,17.1875,17.007812
1188,2021-05-30 20:30:00,3522,28.679688,26.351562,26.625,26.695312,26.75,26.898438,26.960938,27.148438,27.40625,29.242188,19.734375,17.320312,17.109375,17.265625,17.296875,17.179688,17.0
1189,2021-05-30 20:45:00,3510,29.296875,27.046875,27.195312,27.351562,27.460938,27.632812,27.734375,27.890625,28.1875,29.59375,20.03125,17.414062,17.125,17.257812,17.289062,17.171875,17.0
1190,2021-05-30 21:00:00,3522,29.53125,26.828125,26.84375,26.945312,27.054688,27.21875,27.320312,27.4375,27.71875,29.617188,20.328125,17.523438,17.132812,17.242188,17.273438,17.164062,16.992188
1191,2021-05-30 21:15:00,3528,29.273438,26.679688,26.703125,26.820312,26.90625,27.054688,27.179688,27.328125,27.695312,29.59375,20.625,17.632812,17.148438,17.234375,17.273438,17.164062,16.984375
1192,2021-05-30 21:30:00,3528,29.609375,27.070312,26.984375,27.046875,27.085938,27.242188,27.367188,27.53125,27.820312,29.296875,20.914062,17.757812,17.171875,17.226562,17.257812,17.148438,16.984375
1193,2021-05-30 21:45:00,3528,29.4375,27.40625,27.367188,27.453125,27.507812,27.585938,27.65625,27.773438,28.0625,29.335938,21.179688,17.882812,17.195312,17.226562,17.25,17.148438,16.976562
1194,2021-05-30 22:00:00,3534,29.898438,27.921875,27.960938,28.085938,28.21875,28.335938,28.382812,28.421875,28.601562,29.257812,21.429688,18.007812,17.226562,17.21875,17.242188,17.140625,16.96875
1195,2021-05-30 22:15:00,3528,29.804688,27.546875,27.507812,27.648438,27.765625,27.914062,27.96875,28.0625,28.296875,29.054688,21.664062,18.132812,17.257812,17.21875,17.234375,17.132812,16.96875
1196,2021-05-30 22:30:00,3528,29.773438,27.546875,27.5625,27.742188,27.890625,27.992188,28.078125,28.109375,28.226562,28.820312,21.875,18.265625,17.289062,17.210938,17.226562,17.125,16.960938
1197,2021-05-30 22:45:00,3528,29.554688,27.015625,26.945312,27.09375,27.195312,27.359375,27.46875,27.585938,27.742188,28.289062,22.070312,18.398438,17.328125,17.210938,17.21875,17.117188,16.960938
1198,2021-05-30 23:00:00,3522,29.164062,26.976562,26.898438,27.0,27.007812,27.078125,27.148438,27.25,27.429688,27.84375,22.25,18.53125,17.367188,17.210938,17.210938,17.109375,16.960938
1199,2021-05-30 23:15:00,3534,29.367188,27.351562,27.335938,27.476562,27.617188,27.664062,27.710938,27.734375,28.0,27.492188,22.390625,18.648438,17.40625,17.21875,17.203125,17.101562,16.953125
1200,2021-05-30 23:30:00,3540,27.390625,24.203125,23.734375,23.570312,23.460938,23.398438,23.195312,23.0,22.5625,26.265625,22.507812,18.789062,17.453125,17.21875,17.195312,17.09375,16.953125
1201,2021-05-30 23:45:00,3540,24.046875,21.90625,21.710938,21.648438,21.554688,21.5,21.304688,21.015625,20.429688,25.039062,22.601562,18.914062,17.507812,17.226562,17.1875,17.085938,16.945312
1202,2021-05-31 00:00:00,3546,22.46875,21.828125,21.6875,21.601562,21.484375,21.382812,21.140625,20.710938,19.867188,24.148438,22.640625,19.023438,17.5625,17.226562,17.1875,17.085938,16.945312
1203,2021-05-31 00:15:00,3540,21.765625,21.070312,20.960938,20.96875,20.921875,20.882812,20.71875,20.414062,19.765625,23.546875,22.609375,19.140625,17.609375,17.242188,17.1875,17.078125,16.9375
1204,2021-05-31 00:30:00,3534,21.789062,21.375,21.179688,21.125,21.03125,20.992188,20.789062,20.414062,19.585938,23.15625,22.539062,19.242188,17.671875,17.257812,17.179688,17.070312,16.929688
1205,2021-05-31 00:45:00,3540,20.679688,20.21875,20.015625,19.984375,19.882812,19.835938,19.664062,19.289062,18.25,22.664062,22.445312,19.351562,17.726562,17.257812,17.179688,17.070312,16.9375
1206,2021-05-31 01:00:00,3540,19.734375,19.546875,19.390625,19.359375,19.257812,19.195312,18.992188,18.570312,17.414062,22.195312,22.328125,19.4375,17.78125,17.28125,17.179688,17.0625,16.9375
1207,2021-05-31 01:15:00,3528,18.953125,18.796875,18.640625,18.601562,18.484375,18.421875,18.234375,17.851562,16.90625,21.875,22.210938,19.507812,17.84375,17.296875,17.171875,17.0625,16.9375
1208,2021-05-31 01:30:00,3540,18.164062,17.976562,17.835938,17.8125,17.695312,17.640625,17.476562,17.125,16.3125,21.539062,22.070312,19.570312,17.898438,17.3125,17.171875,17.0625,16.9375
1209,2021-05-31 01:45:00,3540,17.484375,17.382812,17.226562,17.1875,17.054688,16.984375,16.789062,16.453125,15.7734375,21.171875,21.9375,19.625,17.945312,17.335938,17.179688,17.054688,16.9375
1210,2021-05-31 02:00:00,3540,16.789062,16.648438,16.507812,16.46875,16.351562,16.304688,16.140625,15.8359375,15.203125,20.867188,21.796875,19.664062,18.0,17.351562,17.171875,17.054688,16.9375
1211,2021-05-31 02:15:00,3528,16.132812,16.109375,15.984375,15.984375,15.8828125,15.8515625,15.7109375,15.4296875,14.7421875,20.578125,21.65625,19.703125,18.054688,17.375,17.179688,17.046875,16.9375
1212,2021-05-31 02:30:00,3540,15.609375,15.8203125,15.7109375,15.671875,15.5703125,15.515625,15.3359375,15.0,14.2890625,20.21875,21.507812,19.726562,18.101562,17.390625,17.179688,17.046875,16.929688
1213,2021-05-31 02:45:00,3546,15.1484375,15.3203125,15.203125,15.171875,15.078125,15.015625,14.828125,14.5078125,13.8125,19.914062,21.367188,19.734375,18.15625,17.40625,17.1875,17.046875,16.9375
1214,2021-05-31 03:00:00,3534,14.796875,15.125,15.03125,14.9921875,14.8671875,14.8046875,14.640625,14.3671875,13.78125,19.617188,21.226562,19.75,18.203125,17.4375,17.1875,17.046875,16.945312
1215,2021-05-31 03:15:00,3534,14.484375,14.640625,14.546875,14.515625,14.40625,14.3671875,14.203125,13.921875,13.3359375,19.398438,21.085938,19.75,18.242188,17.460938,17.195312,17.046875,16.945312
1216,2021-05-31 03:30:00,3528,13.8359375,13.8984375,13.7890625,13.75,13.6640625,13.640625,13.484375,13.2265625,12.6875,19.15625,20.953125,19.75,18.289062,17.484375,17.203125,17.054688,16.945312
1217,2021-05-31 03:45:00,3540,13.3046875,13.515625,13.421875,13.40625,13.296875,13.265625,13.1171875,12.859375,12.3046875,18.859375,20.8125,19.742188,18.328125,17.507812,17.210938,17.054688,16.953125
1218,2021-05-31 04:00:00,3528,12.84375,13.078125,12.9921875,12.96875,12.875,12.84375,12.6875,12.46875,11.9140625,18.601562,20.671875,19.734375,18.359375,17.53125,17.21875,17.054688,16.953125
1219,2021-05-31 04:15:00,3540,12.5,12.921875,12.8671875,12.8359375,12.75,12.703125,12.5546875,12.34375,11.8359375,18.335938,20.539062,19.710938,18.390625,17.554688,17.226562,17.054688,16.960938
1220,2021-05-31 04:30:00,3540,12.6640625,13.3984375,13.359375,13.328125,13.21875,13.1875,13.0,12.65625,11.9140625,18.195312,20.40625,19.695312,18.414062,17.585938,17.234375,17.054688,16.96875
1221,2021-05-31 04:45:00,3534,13.3828125,13.96875,13.9375,13.890625,13.765625,13.7109375,13.4921875,13.140625,12.4609375,18.070312,20.273438,19.664062,18.4375,17.601562,17.25,17.054688,16.96875
1222,2021-05-31 05:00:00,3528,13.0234375,13.578125,13.5,13.4765625,13.3671875,13.296875,13.1328125,12.8515625,12.203125,17.875,20.140625,19.640625,18.46875,17.625,17.257812,17.0625,16.984375
1223,2021-05-31 05:15:00,3528,13.125,13.2734375,13.1796875,13.15625,13.0546875,13.015625,12.8515625,12.5703125,11.96875,17.75,20.015625,19.609375,18.484375,17.65625,17.265625,17.0625,16.984375
1224,2021-05-31 05:30:00,3534,12.7421875,13.15625,13.0703125,13.0390625,12.921875,12.84375,12.6171875,12.2109375,11.5546875,17.539062,19.890625,19.585938,18.507812,17.6875,17.289062,17.070312,16.992188
1225,2021-05-31 05:45:00,3528,12.7421875,13.0234375,12.921875,12.8515625,12.7265625,12.6640625,12.4609375,12.1328125,11.5078125,17.414062,19.773438,19.554688,18.523438,17.703125,17.296875,17.078125,17.007812
1226,2021-05-31 06:00:00,3528,12.5234375,13.453125,13.421875,13.3359375,13.2109375,13.1171875,12.890625,12.5390625,11.765625,17.210938,19.664062,19.515625,18.539062,17.734375,17.304688,17.085938,17.007812
1227,2021-05-31 06:15:00,3534,14.7109375,16.757812,16.71875,16.570312,16.335938,16.101562,15.8046875,15.3515625,14.46875,17.1875,19.546875,19.476562,18.546875,17.75,17.320312,17.09375,17.015625
1228,2021-05-31 06:30:00,3510,15.671875,16.53125,16.445312,16.382812,16.210938,16.09375,15.8203125,15.3359375,14.140625,17.21875,19.4375,19.4375,18.570312,17.773438,17.328125,17.101562,17.023438
1229,2021-05-31 06:45:00,3522,15.7421875,16.296875,16.203125,16.09375,15.921875,15.7265625,15.4453125,15.0,14.1015625,17.148438,19.328125,19.398438,18.570312,17.796875,17.34375,17.109375,17.023438
1230,2021-05-31 07:00:00,3534,15.6484375,16.195312,16.140625,16.03125,15.921875,15.796875,15.546875,15.203125,14.375,17.046875,19.234375,19.359375,18.578125,17.8125,17.359375,17.117188,17.039062
1231,2021-05-31 07:15:00,3528,15.578125,16.132812,16.046875,16.007812,15.84375,15.734375,15.5625,15.234375,14.3359375,16.992188,19.140625,19.320312,18.585938,17.828125,17.367188,17.132812,17.046875
1232,2021-05-31 07:30:00,3528,15.953125,16.882812,16.84375,16.742188,16.59375,16.460938,16.203125,15.8046875,14.96875,16.90625,19.046875,19.273438,18.585938,17.84375,17.382812,17.140625,17.054688
1233,2021-05-31 07:45:00,3522,16.0,16.609375,16.523438,16.429688,16.265625,16.125,15.890625,15.484375,14.5859375,16.828125,18.96875,19.234375,18.585938,17.859375,17.40625,17.140625,17.0625
1234,2021-05-31 08:00:00,3528,15.8515625,16.546875,16.453125,16.390625,16.226562,16.101562,15.828125,15.296875,14.203125,16.835938,18.882812,19.195312,18.585938,17.882812,17.414062,17.15625,17.070312
1235,2021-05-31 08:15:00,3528,15.96875,16.828125,16.75,16.679688,16.515625,16.398438,16.132812,15.6875,14.734375,16.742188,18.8125,19.148438,18.585938,17.898438,17.429688,17.164062,17.078125
1236,2021-05-31 08:30:00,3528,16.320312,17.5,17.414062,17.273438,17.054688,16.835938,16.460938,15.9375,14.953125,16.640625,18.726562,19.109375,18.578125,17.90625,17.445312,17.171875,17.09375
1237,2021-05-31 08:45:00,3516,16.789062,17.71875,17.671875,17.585938,17.421875,17.257812,16.976562,16.570312,15.703125,16.640625,18.65625,19.070312,18.578125,17.914062,17.460938,17.179688,17.101562
1238,2021-05-31 09:00:00,3522,16.726562,17.5625,17.523438,17.429688,17.296875,17.15625,16.859375,16.367188,15.3203125,16.59375,18.585938,19.03125,18.570312,17.9375,17.46875,17.1875,17.109375
1239,2021-05-31 09:15:00,3528,16.296875,15.8359375,15.6953125,15.671875,15.5390625,15.4296875,15.2734375,15.0078125,14.3828125,16.515625,18.515625,18.992188,18.570312,17.945312,17.484375,17.203125,17.125
1240,2021-05-31 09:30:00,3528,16.257812,16.867188,16.773438,16.679688,16.5,16.351562,16.125,15.703125,14.8125,16.445312,18.460938,18.953125,18.5625,17.953125,17.492188,17.21875,17.140625
1241,2021-05-31 09:45:00,3522,16.820312,17.929688,17.898438,17.820312,17.6875,17.5625,17.273438,16.859375,15.8671875,16.390625,18.390625,18.90625,18.554688,17.960938,17.5,17.226562,17.148438
1242,2021-05-31 10:00:00,3522,16.710938,17.28125,17.1875,17.164062,17.007812,16.921875,16.648438,16.15625,14.921875,16.34375,18.335938,18.875,18.546875,17.976562,17.515625,17.234375,17.148438
1243,2021-05-31 10:15:00,3528,16.492188,17.195312,17.09375,17.039062,16.867188,16.71875,16.421875,15.8671875,14.59375,16.304688,18.28125,18.835938,18.539062,17.984375,17.53125,17.25,17.164062
1244,2021-05-31 10:30:00,3522,16.429688,17.242188,17.164062,17.046875,16.867188,16.6875,16.3125,15.7734375,14.578125,16.25,18.21875,18.789062,18.523438,17.992188,17.539062,17.257812,17.171875
1245,2021-05-31 10:45:00,3522,16.359375,16.921875,16.835938,16.75,16.59375,16.460938,16.21875,15.75,14.6015625,16.21875,18.15625,18.757812,18.515625,18.0,17.554688,17.265625,17.179688
1246,2021-05-31 11:00:00,3528,16.351562,17.101562,17.03125,17.0,16.84375,16.6875,16.492188,16.125,15.1328125,16.203125,18.101562,18.710938,18.507812,18.007812,17.570312,17.28125,17.195312
1247,2021-05-31 11:15:00,3528,16.367188,16.65625,16.554688,16.484375,16.335938,16.21875,15.9609375,15.6015625,14.7265625,16.203125,18.046875,18.6875,18.492188,18.015625,17.578125,17.289062,17.203125
1248,2021-05-31 11:30:00,3522,16.195312,16.835938,16.757812,16.617188,16.445312,16.265625,15.953125,15.5078125,14.6015625,16.117188,18.0,18.640625,18.476562,18.023438,17.59375,17.296875,17.203125
1249,2021-05-31 11:45:00,3522,16.679688,17.59375,17.515625,17.359375,17.15625,16.945312,16.695312,16.328125,15.609375,16.070312,17.945312,18.609375,18.46875,18.023438,17.59375,17.3125,17.21875
1250,2021-05-31 12:00:00,3522,16.882812,17.320312,17.21875,17.070312,16.890625,16.726562,16.484375,16.148438,15.453125,16.054688,17.90625,18.578125,18.453125,18.023438,17.609375,17.320312,17.226562
1251,2021-05-31 12:15:00,3516,16.664062,17.34375,17.226562,17.078125,16.875,16.679688,16.40625,16.03125,15.265625,15.9921875,17.851562,18.539062,18.445312,18.023438,17.625,17.328125,17.242188
1252,2021-05-31 12:30:00,3516,17.023438,17.789062,17.703125,17.5625,17.367188,17.171875,16.898438,16.515625,15.765625,15.9765625,17.8125,18.507812,18.421875,18.03125,17.632812,17.34375,17.25
1253,2021-05-31 12:45:00,3522,17.46875,18.273438,18.171875,17.992188,17.804688,17.585938,17.328125,16.96875,16.25,15.953125,17.765625,18.476562,18.414062,18.039062,17.640625,17.351562,17.25
1254,2021-05-31 13:00:00,3522,17.960938,18.671875,18.546875,18.367188,18.15625,17.976562,17.734375,17.390625,16.703125,15.953125,17.71875,18.4375,18.398438,18.03125,17.648438,17.359375,17.265625
1255,2021-05-31 13:15:00,3522,18.171875,18.648438,18.523438,18.359375,18.164062,17.96875,17.71875,17.335938,16.5625,15.96875,17.679688,18.40625,18.382812,18.039062,17.664062,17.375,17.273438
1256,2021-05-31 13:30:00,3522,18.171875,18.5625,18.476562,18.335938,18.148438,17.96875,17.710938,17.320312,16.523438,15.984375,17.640625,18.375,18.367188,18.039062,17.664062,17.382812,17.28125
1257,2021-05-31 13:45:00,3522,18.320312,18.859375,18.757812,18.578125,18.351562,18.140625,17.875,17.460938,16.648438,15.9765625,17.601562,18.335938,18.351562,18.039062,17.679688,17.382812,17.289062
1258,2021-05-31 14:00:00,3522,18.296875,18.585938,18.484375,18.375,18.210938,18.070312,17.820312,17.421875,16.492188,16.03125,17.5625,18.3125,18.34375,18.03125,17.6875,17.398438,17.296875
1259,2021-05-31 14:15:00,3510,19.929688,20.859375,20.75,20.632812,20.523438,20.546875,20.296875,19.953125,17.945312,16.023438,17.53125,18.273438,18.320312,18.03125,17.6875,17.40625,17.304688
1260,2021-05-31 14:30:00,3522,22.265625,22.53125,22.265625,22.140625,22.039062,22.101562,21.890625,21.710938,19.390625,16.179688,17.5,18.25,18.3125,18.039062,17.695312,17.414062,17.3125
1261,2021-05-31 14:45:00,3522,24.0,23.59375,23.234375,23.117188,23.015625,23.085938,22.929688,22.84375,22.0,16.5,17.476562,18.21875,18.304688,18.039062,17.703125,17.421875,17.3125
1262,2021-05-31 15:00:00,3522,25.289062,24.3125,23.953125,23.828125,23.734375,23.835938,23.695312,23.65625,23.304688,16.9375,17.453125,18.1875,18.28125,18.039062,17.710938,17.4375,17.328125
1263,2021-05-31 15:15:00,3516,26.429688,25.21875,24.890625,24.773438,24.703125,24.84375,24.734375,24.828125,24.804688,17.695312,17.445312,18.15625,18.265625,18.03125,17.71875,17.445312,17.335938
1264,2021-05-31 15:30:00,3516,27.101562,25.367188,25.179688,25.132812,25.109375,25.257812,25.21875,25.382812,25.5625,19.0,17.460938,18.132812,18.25,18.023438,17.726562,17.453125,17.34375
1265,2021-05-31 15:45:00,3516,27.257812,25.078125,24.859375,24.851562,24.867188,25.101562,25.125,25.390625,25.757812,20.03125,17.492188,18.109375,18.226562,18.03125,17.726562,17.453125,17.34375
1266,2021-05-31 16:00:00,3522,27.710938,26.03125,25.820312,25.773438,25.757812,25.96875,26.0,26.265625,26.6875,21.0,17.5625,18.085938,18.21875,18.023438,17.734375,17.46875,17.351562
1267,2021-05-31 16:15:00,3528,26.90625,24.382812,24.320312,24.375,24.46875,24.75,24.859375,25.234375,25.59375,21.585938,17.65625,18.0625,18.203125,18.023438,17.734375,17.476562,17.367188
1268,2021-05-31 16:30:00,3522,27.554688,25.859375,25.835938,25.859375,25.921875,26.15625,26.226562,26.53125,26.796875,22.398438,17.773438,18.054688,18.179688,18.015625,17.742188,17.476562,17.375
1269,2021-05-31 16:45:00,3528,27.65625,25.75,25.734375,25.796875,25.890625,26.1875,26.304688,26.632812,26.992188,23.070312,17.90625,18.039062,18.171875,18.015625,17.742188,17.492188,17.367188
1270,2021-05-31 17:00:00,3534,28.210938,26.382812,26.367188,26.40625,26.492188,26.742188,26.828125,27.085938,27.445312,23.679688,18.070312,18.039062,18.148438,18.015625,17.75,17.492188,17.382812
1271,2021-05-31 17:15:00,3528,28.179688,25.28125,25.375,25.492188,25.625,25.929688,26.054688,26.421875,26.898438,24.265625,18.257812,18.039062,18.132812,18.007812,17.75,17.5,17.390625
1272,2021-05-31 17:30:00,3528,27.875,25.101562,25.359375,25.476562,25.609375,25.914062,26.046875,26.390625,26.867188,24.921875,18.453125,18.046875,18.125,18.0,17.757812,17.507812,17.398438
1273,2021-05-31 17:45:00,3534,27.6875,24.617188,24.992188,25.125,25.28125,25.585938,25.78125,26.171875,26.851562,25.609375,18.664062,18.0625,18.117188,17.992188,17.757812,17.515625,17.398438
1274,2021-05-31 18:00:00,3540,27.140625,24.210938,24.5,24.648438,24.796875,25.101562,25.289062,25.6875,26.320312,26.023438,18.890625,18.085938,18.109375,17.992188,17.757812,17.523438,17.40625
1275,2021-05-31 18:15:00,3528,26.945312,24.492188,24.585938,24.773438,24.890625,25.101562,25.3125,25.695312,26.34375,26.5,19.140625,18.117188,18.101562,17.984375,17.765625,17.53125,17.40625
1276,2021-05-31 18:30:00,3528,27.046875,24.570312,24.5625,24.851562,24.984375,25.226562,25.421875,25.796875,26.367188,27.109375,19.375,18.15625,18.09375,17.984375,17.765625,17.539062,17.421875
1277,2021-05-31 18:45:00,3528,27.492188,25.1875,25.117188,25.21875,25.421875,25.664062,25.835938,26.148438,26.648438,27.492188,19.625,18.210938,18.085938,17.984375,17.765625,17.539062,17.421875
1278,2021-05-31 19:00:00,3534,27.289062,25.101562,25.0625,25.179688,25.34375,25.617188,25.804688,26.117188,26.632812,27.898438,19.882812,18.265625,18.085938,17.976562,17.773438,17.546875,17.4375
1279,2021-05-31 19:15:00,3540,27.695312,25.289062,25.265625,25.414062,25.65625,25.875,26.03125,26.296875,26.742188,28.671875,20.140625,18.328125,18.085938,17.96875,17.773438,17.546875,17.4375
1280,2021-05-31 19:30:00,3540,27.609375,25.085938,25.070312,25.359375,25.5,25.679688,25.851562,26.15625,26.742188,29.304688,20.398438,18.398438,18.085938,17.96875,17.765625,17.554688,17.4375
1281,2021-05-31 19:45:00,3540,28.054688,25.710938,25.8125,26.007812,26.070312,26.242188,26.335938,26.554688,27.039062,29.867188,20.664062,18.476562,18.09375,17.960938,17.773438,17.554688,17.445312
1282,2021-05-31 20:00:00,3540,28.429688,26.226562,26.53125,26.609375,26.671875,26.820312,26.90625,27.03125,27.257812,30.085938,20.945312,18.5625,18.101562,17.960938,17.773438,17.5625,17.453125
1283,2021-05-31 20:15:00,3534,28.34375,25.570312,25.90625,25.984375,26.015625,26.1875,26.304688,26.5,26.84375,30.148438,21.210938,18.648438,18.117188,17.960938,17.78125,17.570312,17.460938
1284,2021-05-31 20:30:00,3540,28.4375,26.34375,26.578125,26.703125,26.757812,26.921875,27.023438,27.164062,27.34375,30.179688,21.492188,18.75,18.132812,17.953125,17.773438,17.578125,17.460938
1285,2021-05-31 20:45:00,3540,28.421875,26.273438,26.390625,26.523438,26.59375,26.742188,26.882812,27.0625,27.273438,30.148438,21.757812,18.851562,18.15625,17.960938,17.78125,17.578125,17.476562
1286,2021-05-31 21:00:00,3540,29.101562,26.796875,26.8125,26.898438,26.929688,27.0625,27.1875,27.328125,27.484375,30.234375,22.015625,18.953125,18.171875,17.960938,17.773438,17.585938,17.476562
1287,2021-05-31 21:15:00,3540,29.390625,26.695312,26.664062,26.773438,26.835938,26.976562,27.09375,27.164062,27.265625,30.234375,22.273438,19.070312,18.203125,17.960938,17.773438,17.585938,17.484375
1288,2021-05-31 21:30:00,3540,29.09375,26.492188,26.546875,26.65625,26.734375,26.875,26.992188,27.15625,27.484375,30.015625,22.515625,19.179688,18.234375,17.960938,17.789062,17.59375,17.492188
1289,2021-05-31 21:45:00,3534,29.210938,26.59375,26.515625,26.640625,26.679688,26.835938,26.96875,27.109375,27.453125,29.890625,22.742188,19.296875,18.265625,17.96875,17.789062,17.601562,17.5
1290,2021-05-31 22:00:00,3540,29.1875,26.4375,26.40625,26.523438,26.59375,26.734375,26.851562,27.023438,27.4375,29.898438,22.960938,19.421875,18.304688,17.96875,17.789062,17.609375,17.507812
1291,2021-05-31 22:15:00,3546,28.835938,25.890625,25.867188,26.046875,26.203125,26.421875,26.585938,26.617188,26.78125,29.453125,23.15625,19.539062,18.34375,17.976562,17.789062,17.609375,17.515625
1292,2021-05-31 22:30:00,3540,28.742188,26.234375,26.078125,26.148438,26.179688,26.320312,26.476562,26.625,26.875,29.085938,23.335938,19.664062,18.375,17.992188,17.789062,17.617188,17.523438
1293,2021-05-31 22:45:00,3540,28.320312,25.929688,26.0,26.164062,26.296875,26.445312,26.59375,26.679688,26.882812,28.703125,23.484375,19.789062,18.421875,18.0,17.804688,17.625,17.53125
1294,2021-05-31 23:00:00,3540,28.375,26.507812,26.484375,26.617188,26.734375,26.835938,26.929688,26.914062,26.898438,28.304688,23.617188,19.914062,18.46875,18.007812,17.796875,17.632812,17.539062
1295,2021-05-31 23:15:00,3546,28.21875,26.171875,26.140625,26.289062,26.40625,26.515625,26.648438,26.703125,26.773438,27.890625,23.71875,20.03125,18.515625,18.023438,17.804688,17.632812,17.546875
1296,2021-05-31 23:30:00,3540,26.585938,23.757812,23.570312,23.523438,23.476562,23.429688,23.234375,22.992188,22.585938,26.953125,23.804688,20.148438,18.570312,18.03125,17.8125,17.632812,17.5625
1297,2021-05-31 23:45:00,3546,23.960938,22.265625,22.070312,21.976562,21.859375,21.789062,21.570312,21.21875,20.46875,25.75,23.859375,20.265625,18.617188,18.054688,17.820312,17.640625,17.570312
1298,2021-06-01 00:00:00,3546,22.179688,21.242188,21.179688,21.148438,21.070312,21.007812,20.835938,20.539062,19.875,24.882812,23.875,20.367188,18.671875,18.070312,17.820312,17.648438,17.570312
1299,2021-06-01 00:15:00,3540,21.421875,20.421875,20.28125,20.242188,20.203125,20.1875,20.078125,19.867188,19.421875,24.414062,23.828125,20.46875,18.742188,18.085938,17.828125,17.65625,17.585938
1300,2021-06-01 00:30:00,3540,21.125,20.242188,20.0625,20.054688,19.976562,19.96875,19.835938,19.640625,19.210938,24.03125,23.75,20.5625,18.796875,18.109375,17.835938,17.671875,17.601562
1301,2021-06-01 00:45:00,3546,20.007812,19.453125,19.3125,19.257812,19.15625,19.101562,18.898438,18.59375,17.90625,23.578125,23.632812,20.648438,18.851562,18.132812,17.84375,17.671875,17.601562
1302,2021-06-01 01:00:00,3546,19.140625,18.734375,18.640625,18.59375,18.515625,18.476562,18.304688,18.03125,17.414062,23.03125,23.515625,20.71875,18.90625,18.148438,17.851562,17.679688,17.617188
1303,2021-06-01 01:15:00,3546,18.6875,18.632812,18.515625,18.46875,18.367188,18.289062,18.0625,17.71875,17.0,22.703125,23.375,20.789062,18.96875,18.171875,17.867188,17.6875,17.625
1304,2021-06-01 01:30:00,3546,18.335938,18.460938,18.335938,18.296875,18.148438,18.070312,17.851562,17.476562,16.648438,22.390625,23.226562,20.84375,19.023438,18.203125,17.875,17.703125,17.640625
1305,2021-06-01 01:45:00,3546,18.15625,18.359375,18.242188,18.210938,18.078125,17.992188,17.789062,17.414062,16.570312,22.0625,23.085938,20.882812,19.078125,18.226562,17.882812,17.710938,17.648438
1306,2021-06-01 02:00:00,3546,17.859375,17.929688,17.796875,17.75,17.609375,17.515625,17.296875,16.90625,16.140625,21.835938,22.9375,20.914062,19.132812,18.257812,17.898438,17.71875,17.671875
1307,2021-06-01 02:15:00,3546,17.421875,17.5,17.382812,17.359375,17.25,17.203125,17.023438,16.679688,15.8515625,21.53125,22.789062,20.9375,19.179688,18.289062,17.90625,17.726562,17.679688
1308,2021-06-01 02:30:00,3546,16.976562,17.070312,16.9375,16.90625,16.773438,16.710938,16.53125,16.203125,15.4453125,21.234375,22.640625,20.945312,19.234375,18.320312,17.921875,17.734375,17.695312
1309,2021-06-01 02:45:00,3546,16.585938,16.726562,16.617188,16.585938,16.46875,16.421875,16.242188,15.9140625,15.125,20.914062,22.492188,20.960938,19.28125,18.335938,17.9375,17.742188,17.710938
1310,2021-06-01 03:00:00,3540,16.054688,16.171875,16.0625,16.046875,15.9140625,15.8515625,15.671875,15.359375,14.59375,20.59375,22.351562,20.960938,19.328125,18.367188,17.953125,17.757812,17.710938
1311,2021-06-01 03:15:00,3540,15.59375,15.796875,15.71875,15.65625,15.53125,15.4453125,15.2734375,14.9765625,14.21875,20.34375,22.203125,20.960938,19.367188,18.398438,17.96875,17.765625,17.726562
1312,2021-06-01 03:30:00,3540,15.2421875,15.53125,15.4375,15.40625,15.2734375,15.1796875,14.9765625,14.609375,13.75,20.125,22.070312,20.953125,19.40625,18.4375,17.992188,17.78125,17.75
1313,2021-06-01 03:45:00,3540,15.28125,15.78125,15.703125,15.640625,15.484375,15.390625,15.1953125,14.8828125,14.1171875,19.859375,21.929688,20.9375,19.453125,18.460938,18.007812,17.789062,17.757812
1314,2021-06-01 04:00:00,3540,15.3046875,15.9140625,15.8515625,15.7578125,15.59375,15.4375,15.2265625,14.90625,14.1875,19.632812,21.789062,20.921875,19.484375,18.492188,18.023438,17.804688,17.78125
1315,2021-06-01 04:15:00,3540,15.3359375,15.8046875,15.71875,15.625,15.46875,15.359375,15.1484375,14.84375,14.078125,19.460938,21.65625,20.90625,19.515625,18.523438,18.046875,17.8125,17.789062
1316,2021-06-01 04:30:00,3540,15.5234375,16.1875,16.109375,16.015625,15.8515625,15.6953125,15.484375,15.140625,14.40625,19.320312,21.523438,20.882812,19.539062,18.554688,18.054688,17.828125,17.804688
1317,2021-06-01 04:45:00,3534,15.625,16.273438,16.179688,16.0625,15.8828125,15.734375,15.484375,15.1484375,14.2734375,19.1875,21.390625,20.851562,19.570312,18.578125,18.078125,17.84375,17.8125
1318,2021-06-01 05:00:00,3540,15.640625,16.054688,15.9375,15.875,15.7421875,15.65625,15.4296875,15.0625,14.140625,19.101562,21.273438,20.820312,19.59375,18.617188,18.09375,17.859375,17.828125
1319,2021-06-01 05:15:00,3540,15.796875,16.476562,16.375,16.320312,16.140625,16.0,15.7734375,15.359375,14.3828125,18.96875,21.140625,20.796875,19.609375,18.640625,18.117188,17.867188,17.84375
1320,2021-06-01 05:30:00,3540,15.78125,16.453125,16.382812,16.296875,16.132812,15.984375,15.765625,15.3828125,14.46875,18.820312,21.03125,20.765625,19.625,18.664062,18.140625,17.882812,17.867188
1321,2021-06-01 05:45:00,3528,15.8828125,16.40625,16.328125,16.257812,16.117188,16.023438,15.828125,15.5390625,14.8125,18.632812,20.921875,20.71875,19.648438,18.695312,18.164062,17.90625,17.882812
1322,2021-06-01 06:00:00,3534,16.070312,16.820312,16.75,16.640625,16.46875,16.3125,16.109375,15.796875,15.046875,18.460938,20.8125,20.6875,19.65625,18.71875,18.171875,17.921875,17.890625
1323,2021-06-01 06:15:00,3528,16.320312,17.039062,16.960938,16.851562,16.710938,16.578125,16.34375,16.03125,15.25,18.375,20.695312,20.640625,19.671875,18.75,18.210938,17.9375,17.914062
1324,2021-06-01 06:30:00,3534,15.078125,14.25,14.09375,14.078125,14.0,13.9921875,13.859375,13.6484375,13.1796875,18.320312,20.59375,20.609375,19.679688,18.78125,18.21875,17.953125,17.929688
1325,2021-06-01 06:45:00,3540,14.078125,14.4921875,14.3984375,14.28125,14.140625,14.0078125,13.8046875,13.5,12.8671875,18.09375,20.484375,20.5625,19.695312,18.796875,18.242188,17.96875,17.945312
1326,2021-06-01 07:00:00,3540,15.46875,17.179688,17.140625,17.070312,16.875,16.679688,16.445312,15.9921875,14.8828125,18.132812,20.398438,20.53125,19.695312,18.828125,18.265625,17.984375,17.960938
1327,2021-06-01 07:15:00,3528,15.734375,15.0546875,14.9609375,14.9609375,14.8984375,14.890625,14.78125,14.5625,13.9921875,18.0625,20.304688,20.492188,19.703125,18.84375,18.289062,18.0,17.976562
1328,2021-06-01 07:30:00,3528,13.5703125,12.484375,12.2890625,12.2734375,12.203125,12.2265625,12.1328125,12.0,11.7734375,17.859375,20.210938,20.445312,19.703125,18.867188,18.3125,18.015625,17.992188
1329,2021-06-01 07:45:00,3528,12.4375,11.9140625,11.8125,11.7890625,11.7109375,11.71875,11.625,11.5,11.3125,17.734375,20.125,20.40625,19.710938,18.882812,18.328125,18.039062,18.007812
1330,2021-06-01 08:00:00,3534,11.8203125,11.9375,11.8515625,11.828125,11.734375,11.734375,11.6484375,11.4921875,11.109375,17.554688,20.023438,20.359375,19.710938,18.90625,18.351562,18.054688,18.023438
1331,2021-06-01 08:15:00,3534,12.546875,14.2421875,14.1875,14.1015625,13.9140625,13.7734375,13.5703125,13.2109375,12.3203125,17.429688,19.945312,20.320312,19.710938,18.921875,18.375,18.070312,18.039062
1332,2021-06-01 08:30:00,3528,12.734375,13.1015625,13.015625,12.9609375,12.84375,12.7890625,12.59375,12.265625,11.671875,17.390625,19.859375,20.28125,19.710938,18.9375,18.390625,18.085938,18.054688
1333,2021-06-01 08:45:00,3528,12.0703125,11.8515625,11.7421875,11.7109375,11.625,11.625,11.4921875,11.2734375,10.9296875,17.25,19.765625,20.234375,19.703125,18.960938,18.40625,18.101562,18.070312
1334,2021-06-01 09:00:00,3528,11.75,11.9453125,11.90625,11.8828125,11.8046875,11.8046875,11.671875,11.46875,11.0,17.117188,19.679688,20.195312,19.703125,18.976562,18.429688,18.117188,18.085938
1335,2021-06-01 09:15:00,3528,11.203125,11.1015625,11.0078125,10.9921875,10.90625,10.921875,10.8359375,10.7109375,10.53125,17.046875,19.601562,20.15625,19.6875,18.992188,18.445312,18.140625,18.101562
1336,2021-06-01 09:30:00,3528,10.7109375,10.7734375,10.703125,10.6875,10.609375,10.625,10.5546875,10.4296875,10.2265625,16.921875,19.515625,20.109375,19.6875,19.007812,18.46875,18.164062,18.117188
1337,2021-06-01 09:45:00,3534,10.4140625,10.5625,10.515625,10.4921875,10.4375,10.4296875,10.359375,10.25,10.0390625,16.789062,19.4375,20.0625,19.679688,19.023438,18.492188,18.171875,18.132812
1338,2021-06-01 10:00:00,3522,10.7421875,11.875,11.8671875,11.8203125,11.6953125,11.6171875,11.453125,11.1328125,10.5546875,16.710938,19.351562,20.023438,19.664062,19.03125,18.507812,18.195312,18.148438
1339,2021-06-01 10:15:00,3528,11.0390625,11.8125,11.78125,11.7265625,11.609375,11.5390625,11.3046875,10.921875,10.4375,16.632812,19.273438,19.976562,19.664062,19.046875,18.523438,18.210938,18.164062
1340,2021-06-01 10:30:00,3522,11.59375,12.515625,12.4765625,12.4140625,12.2734375,12.171875,12.0,11.734375,11.1015625,16.546875,19.195312,19.9375,19.648438,19.054688,18.539062,18.234375,18.179688
1341,2021-06-01 10:45:00,3528,11.703125,12.171875,12.1171875,12.0703125,11.9453125,11.859375,11.6328125,11.296875,10.7578125,16.460938,19.117188,19.890625,19.640625,19.0625,18.554688,18.25,18.203125
1342,2021-06-01 11:00:00,3528,11.6015625,12.2734375,12.2421875,12.2109375,12.0625,11.953125,11.7890625,11.46875,10.8125,16.429688,19.039062,19.84375,19.632812,19.070312,18.570312,18.265625,18.210938
1343,2021-06-01 11:15:00,3528,11.7734375,12.265625,12.2265625,12.203125,12.1015625,12.046875,11.875,11.5703125,10.921875,16.390625,18.960938,19.804688,19.617188,19.085938,18.585938,18.28125,18.226562
1344,2021-06-01 11:30:00,3522,11.6953125,12.0625,12.015625,11.984375,11.875,11.8203125,11.6328125,11.3515625,10.7734375,16.28125,18.898438,19.765625,19.601562,19.085938,18.601562,18.296875,18.242188
1345,2021-06-01 11:45:00,3528,11.40625,11.7578125,11.71875,11.6796875,11.5859375,11.53125,11.3515625,11.0703125,10.53125,16.203125,18.820312,19.726562,19.59375,19.09375,18.617188,18.3125,18.265625
1346,2021-06-01 12:00:00,3522,12.171875,13.453125,13.453125,13.375,13.234375,13.0859375,12.8125,12.4140625,11.6796875,16.25,18.757812,19.671875,19.578125,19.101562,18.632812,18.328125,18.265625
1347,2021-06-01 12:15:00,3522,12.1796875,12.2421875,12.171875,12.15625,12.0703125,12.0703125,11.953125,11.765625,11.3125,16.210938,18.695312,19.625,19.5625,19.101562,18.648438,18.34375,18.289062
1348,2021-06-01 12:30:00,3528,11.5859375,11.578125,11.5078125,11.46875,11.3671875,11.3203125,11.1796875,10.96875,10.5625,16.085938,18.632812,19.585938,19.546875,19.109375,18.664062,18.359375,18.296875
1349,2021-06-01 12:45:00,3522,11.0703125,11.2734375,11.1640625,11.140625,11.03125,11.0078125,10.8671875,10.6328125,10.234375,15.984375,18.570312,19.546875,19.539062,19.117188,18.679688,18.375,18.3125
1350,2021-06-01 13:00:00,3522,10.3203125,10.0,9.8984375,9.8828125,9.8046875,9.8359375,9.7578125,9.65625,9.53125,15.9375,18.515625,19.5,19.523438,19.125,18.6875,18.390625,18.328125
1351,2021-06-01 13:15:00,3516,9.671875,9.4296875,9.3671875,9.3828125,9.328125,9.3828125,9.34375,9.3359375,9.3984375,15.921875,18.453125,19.46875,19.5,19.117188,18.703125,18.398438,18.335938
1352,2021-06-01 13:30:00,3522,9.375,9.359375,9.296875,9.3046875,9.2578125,9.3046875,9.28125,9.25,9.28125,15.8046875,18.390625,19.421875,19.484375,19.132812,18.71875,18.414062,18.351562
1353,2021-06-01 13:45:00,3522,9.3984375,9.6484375,9.6328125,9.65625,9.6171875,9.6953125,9.6796875,9.703125,9.8203125,15.828125,18.335938,19.382812,19.46875,19.132812,18.726562,18.4375,18.367188
1354,2021-06-01 14:00:00,3516,9.9921875,10.1171875,10.1171875,10.15625,10.1640625,10.28125,10.3125,10.3984375,10.640625,16.046875,18.273438,19.335938,19.445312,19.125,18.734375,18.445312,18.375
1355,2021-06-01 14:15:00,3522,10.6875,10.796875,10.8125,10.8515625,10.8984375,11.015625,11.046875,11.1640625,11.546875,16.359375,18.210938,19.296875,19.4375,19.125,18.75,18.460938,18.382812
1356,2021-06-01 14:30:00,3516,11.4140625,11.4140625,11.4375,11.4765625,11.53125,11.6953125,11.78125,11.9921875,12.3671875,16.648438,18.171875,19.257812,19.414062,19.132812,18.765625,18.476562,18.390625
1357,2021-06-01 14:45:00,3522,11.78125,11.484375,11.515625,11.5859375,11.6484375,11.84375,11.9296875,12.171875,12.6171875,16.875,18.140625,19.21875,19.390625,19.125,18.773438,18.484375,18.40625
1358,2021-06-01 15:00:00,3516,12.4375,12.1484375,12.1328125,12.1875,12.2421875,12.4375,12.515625,12.7421875,13.1640625,16.921875,18.117188,19.179688,19.375,19.132812,18.78125,18.5,18.414062
1359,2021-06-01 15:15:00,3522,12.5859375,11.9375,11.90625,11.9609375,12.0625,12.3046875,12.421875,12.6796875,13.203125,17.070312,18.109375,19.140625,19.351562,19.132812,18.789062,18.507812,18.4375
1360,2021-06-01 15:30:00,3510,14.9296875,14.5546875,14.6015625,14.6875,14.8359375,15.2421875,15.40625,16.03125,17.085938,17.820312,18.101562,19.101562,19.335938,19.132812,18.804688,18.523438,18.445312
1361,2021-06-01 15:45:00,3522,16.421875,15.1015625,15.1953125,15.359375,15.6171875,16.070312,16.34375,16.945312,18.3125,18.726562,18.101562,19.070312,19.3125,19.125,18.8125,18.53125,18.453125
1362,2021-06-01 16:00:00,3522,17.0625,15.46875,15.4921875,15.6328125,15.8125,16.234375,16.460938,16.742188,18.179688,19.140625,18.125,19.039062,19.296875,19.125,18.8125,18.546875,18.460938
1363,2021-06-01 16:15:00,3522,16.921875,14.9453125,14.953125,15.109375,15.3046875,15.75,16.039062,16.53125,17.601562,19.398438,18.171875,19.007812,19.28125,19.117188,18.820312,18.554688,18.46875
1364,2021-06-01 16:30:00,3516,18.140625,16.148438,16.25,16.367188,16.640625,17.117188,17.46875,18.1875,19.273438,20.640625,18.226562,18.984375,19.257812,19.117188,18.828125,18.570312,18.476562
1365,2021-06-01 16:45:00,3516,18.882812,16.929688,17.015625,17.242188,17.5,18.0,18.453125,19.296875,20.601562,21.492188,18.296875,18.96875,19.234375,19.109375,18.835938,18.578125,18.492188
1366,2021-06-01 17:00:00,3516,19.820312,17.71875,17.8125,17.945312,18.171875,18.625,18.984375,19.765625,21.179688,22.242188,18.390625,18.945312,19.21875,19.109375,18.84375,18.585938,18.492188
1367,2021-06-01 17:15:00,3522,20.078125,18.015625,18.265625,18.40625,18.59375,19.023438,19.382812,20.15625,21.578125,22.757812,18.515625,18.9375,19.203125,19.109375,18.851562,18.59375,18.5
1368,2021-06-01 17:30:00,3522,20.890625,18.3125,18.695312,18.882812,19.085938,19.523438,19.890625,20.59375,21.992188,23.476562,18.65625,18.921875,19.1875,19.101562,18.851562,18.609375,18.507812
1369,2021-06-01 17:45:00,3510,20.734375,17.992188,18.265625,18.398438,18.570312,18.890625,19.210938,19.820312,21.117188,23.890625,18.828125,18.914062,19.164062,19.09375,18.851562,18.617188,18.515625
1370,2021-06-01 18:00:00,3510,21.234375,18.25,18.367188,18.546875,18.71875,19.101562,19.453125,20.09375,21.414062,24.484375,19.007812,18.921875,19.148438,19.085938,18.859375,18.625,18.523438
1371,2021-06-01 18:15:00,3528,21.15625,18.132812,17.976562,18.289062,18.4375,18.820312,19.164062,19.75,21.117188,25.0,19.203125,18.929688,19.140625,19.085938,18.859375,18.632812,18.53125
1372,2021-06-01 18:30:00,3516,21.335938,18.75,18.757812,18.984375,19.257812,19.617188,19.984375,20.648438,21.96875,25.453125,19.40625,18.9375,19.125,19.078125,18.867188,18.640625,18.546875
1373,2021-06-01 18:45:00,3516,21.46875,19.085938,19.054688,19.1875,19.367188,19.796875,20.179688,20.859375,22.1875,25.898438,19.632812,18.96875,19.117188,19.070312,18.875,18.648438,18.546875
1374,2021-06-01 19:00:00,3522,21.25,18.59375,18.679688,18.929688,19.21875,19.65625,20.125,20.789062,22.140625,26.507812,19.859375,19.0,19.09375,19.070312,18.882812,18.65625,18.554688
1375,2021-06-01 19:15:00,3516,21.304688,19.0,19.0625,19.257812,19.53125,19.875,20.203125,20.804688,22.046875,26.882812,20.085938,19.039062,19.09375,19.0625,18.875,18.65625,18.554688
1376,2021-06-01 19:30:00,3528,21.484375,19.132812,19.070312,19.414062,19.570312,19.875,20.21875,20.789062,22.085938,27.507812,20.320312,19.09375,19.09375,19.054688,18.875,18.664062,18.5625
1377,2021-06-01 19:45:00,3516,21.46875,19.070312,19.359375,19.585938,19.757812,20.054688,20.40625,20.96875,22.148438,27.976562,20.5625,19.148438,19.085938,19.046875,18.875,18.679688,18.5625
1378,2021-06-01 20:00:00,3522,21.335938,18.351562,18.648438,18.84375,18.976562,19.304688,19.648438,20.242188,21.554688,28.226562,20.804688,19.210938,19.078125,19.046875,18.882812,18.679688,18.578125
1379,2021-06-01 20:15:00,3522,21.320312,18.421875,18.789062,19.0,19.257812,19.625,19.960938,20.570312,21.804688,28.398438,21.046875,19.273438,19.085938,19.039062,18.882812,18.679688,18.578125
1380,2021-06-01 20:30:00,3516,22.15625,19.664062,19.789062,19.929688,20.070312,20.289062,20.554688,20.960938,21.929688,28.210938,21.289062,19.351562,19.085938,19.03125,18.882812,18.6875,18.578125
1381,2021-06-01 20:45:00,3522,21.96875,19.203125,19.226562,19.398438,19.523438,19.84375,20.21875,20.796875,22.078125,28.40625,21.539062,19.4375,19.09375,19.03125,18.882812,18.695312,18.585938
1382,2021-06-01 21:00:00,3522,21.726562,19.367188,19.429688,19.601562,19.757812,20.015625,20.328125,20.78125,21.796875,28.148438,21.765625,19.523438,19.109375,19.03125,18.882812,18.695312,18.59375
1383,2021-06-01 21:15:00,3522,21.765625,19.234375,19.359375,19.617188,19.804688,20.125,20.421875,20.882812,21.648438,27.851562,21.984375,19.609375,19.125,19.023438,18.890625,18.703125,18.601562
1384,2021-06-01 21:30:00,3510,21.78125,19.632812,19.84375,20.15625,20.429688,20.734375,21.0625,21.523438,22.203125,27.929688,22.195312,19.703125,19.140625,19.023438,18.882812,18.710938,18.601562
1385,2021-06-01 21:45:00,3522,21.804688,19.78125,19.960938,20.234375,20.46875,20.734375,21.070312,21.507812,22.195312,27.59375,22.382812,19.804688,19.15625,19.023438,18.890625,18.710938,18.601562
1386,2021-06-01 22:00:00,3522,21.625,19.046875,19.21875,19.4375,19.75,20.007812,20.304688,20.742188,21.6875,27.492188,22.5625,19.890625,19.1875,19.015625,18.890625,18.710938,18.609375
1387,2021-06-01 22:15:00,3516,21.226562,18.554688,18.601562,18.796875,19.015625,19.304688,19.617188,20.15625,21.296875,27.125,22.710938,19.992188,19.203125,19.023438,18.882812,18.726562,18.609375
1388,2021-06-01 22:30:00,3528,21.4375,19.34375,19.507812,19.75,20.039062,20.273438,20.53125,20.953125,21.828125,26.742188,22.859375,20.101562,19.234375,19.023438,18.890625,18.726562,18.617188
1389,2021-06-01 22:45:00,3528,21.203125,18.804688,18.914062,19.164062,19.453125,19.695312,20.023438,20.445312,21.15625,26.5,22.96875,20.195312,19.257812,19.03125,18.890625,18.726562,18.625
1390,2021-06-01 23:00:00,3528,20.929688,18.710938,18.59375,18.78125,18.984375,19.171875,19.453125,19.773438,20.179688,25.945312,23.0625,20.296875,19.296875,19.03125,18.890625,18.734375,18.625
1391,2021-06-01 23:15:00,3522,21.148438,18.757812,18.84375,19.109375,19.46875,19.71875,20.054688,20.421875,21.242188,25.859375,23.132812,20.390625,19.328125,19.03125,18.898438,18.734375,18.625
1392,2021-06-01 23:30:00,3528,20.4375,17.78125,17.5625,17.476562,17.515625,17.554688,17.546875,17.726562,18.320312,25.1875,23.195312,20.484375,19.367188,19.046875,18.890625,18.734375,18.632812
1393,2021-06-01 23:45:00,3522,17.351562,14.90625,14.671875,14.671875,14.6328125,14.71875,14.71875,14.7578125,14.8828125,23.929688,23.234375,20.570312,19.40625,19.046875,18.890625,18.75,18.640625
1394,2021-06-02 00:00:00,3522,15.9921875,15.1171875,15.078125,15.140625,15.171875,15.2265625,15.2421875,15.1953125,15.1875,23.28125,23.242188,20.65625,19.445312,19.054688,18.890625,18.75,18.640625
1395,2021-06-02 00:15:00,3528,16.101562,15.7890625,15.6953125,15.703125,15.6640625,15.6875,15.640625,15.6015625,15.671875,23.054688,23.179688,20.734375,19.492188,19.0625,18.898438,18.75,18.640625
1396,2021-06-02 00:30:00,3528,16.226562,15.5625,15.484375,15.5546875,15.59375,15.6875,15.6875,15.75,16.070312,22.9375,23.09375,20.8125,19.53125,19.085938,18.90625,18.757812,18.648438
1397,2021-06-02 00:45:00,3522,15.1015625,14.4609375,14.3515625,14.3671875,14.3203125,14.3515625,14.28125,14.2109375,14.2109375,22.429688,23.0,20.875,19.578125,19.09375,18.90625,18.757812,18.648438
1398,2021-06-02 01:00:00,3528,14.3984375,14.2109375,14.125,14.125,14.0390625,14.046875,13.953125,13.828125,13.7109375,21.992188,22.890625,20.929688,19.617188,19.109375,18.914062,18.757812,18.65625
1399,2021-06-02 01:15:00,3522,14.1171875,14.078125,13.984375,13.9765625,13.8828125,13.8984375,13.78125,13.6484375,13.6328125,21.71875,22.773438,20.96875,19.664062,19.125,18.914062,18.757812,18.65625
1400,2021-06-02 01:30:00,3522,13.890625,14.03125,13.9296875,13.921875,13.828125,13.8125,13.6953125,13.546875,13.4296875,21.359375,22.632812,21.007812,19.703125,19.132812,18.914062,18.765625,18.664062
1401,2021-06-02 01:45:00,3522,13.765625,13.984375,13.9140625,13.9140625,13.8203125,13.8046875,13.6953125,13.515625,13.1953125,21.0625,22.5,21.03125,19.75,19.15625,18.921875,18.773438,18.671875
1402,2021-06-02 02:00:00,3522,13.7109375,14.078125,14.03125,14.0078125,13.9375,13.90625,13.7734375,13.5859375,13.1484375,20.65625,22.367188,21.054688,19.78125,19.171875,18.9375,18.78125,18.671875
1403,2021-06-02 02:15:00,3528,13.640625,13.765625,13.6796875,13.65625,13.5546875,13.5390625,13.4140625,13.2265625,13.0234375,20.5,22.226562,21.0625,19.8125,19.1875,18.9375,18.78125,18.671875
1404,2021-06-02 02:30:00,3522,13.078125,12.9375,12.8359375,12.8125,12.734375,12.75,12.640625,12.5234375,12.4140625,20.320312,22.078125,21.070312,19.859375,19.210938,18.945312,18.78125,18.671875
1405,2021-06-02 02:45:00,3522,12.46875,12.328125,12.234375,12.21875,12.1484375,12.1484375,12.0546875,11.953125,11.96875,20.054688,21.945312,21.070312,19.890625,19.226562,18.953125,18.78125,18.695312
1406,2021-06-02 03:00:00,3510,11.828125,11.5859375,11.4765625,11.46875,11.40625,11.4453125,11.3828125,11.328125,11.4296875,19.78125,21.8125,21.0625,19.921875,19.242188,18.960938,18.789062,18.695312
1407,2021-06-02 03:15:00,3522,11.1796875,11.0546875,10.9453125,10.953125,10.8671875,10.890625,10.8359375,10.796875,10.953125,19.492188,21.679688,21.054688,19.945312,19.265625,18.96875,18.796875,18.695312
1408,2021-06-02 03:30:00,3516,10.6640625,10.5859375,10.484375,10.4921875,10.421875,10.453125,10.40625,10.3203125,10.34375,19.171875,21.546875,21.039062,19.96875,19.296875,18.976562,18.804688,18.703125
1409,2021-06-02 03:45:00,3516,10.2265625,10.2265625,10.140625,10.140625,10.0625,10.0859375,10.0390625,10.0234375,10.2734375,18.921875,21.414062,21.015625,19.992188,19.304688,18.992188,18.8125,18.703125
1410,2021-06-02 04:00:00,3522,9.90625,10.0078125,9.90625,9.90625,9.828125,9.875,9.8125,9.7734375,9.8828125,18.601562,21.28125,20.984375,20.015625,19.328125,18.992188,18.8125,18.710938
1411,2021-06-02 04:15:00,3522,9.8828125,10.125,10.078125,10.0859375,10.03125,10.078125,10.0546875,10.046875,10.140625,18.476562,21.148438,20.960938,20.039062,19.351562,19.007812,18.820312,18.710938
1412,2021-06-02 04:30:00,3510,9.671875,9.7421875,9.6953125,9.703125,9.65625,9.71875,9.6796875,9.6640625,9.6484375,18.226562,21.007812,20.929688,20.046875,19.367188,19.015625,18.828125,18.71875
1413,2021-06-02 04:45:00,3516,9.6484375,9.9921875,9.953125,9.953125,9.9140625,9.96875,9.9375,9.9609375,10.0625,18.054688,20.882812,20.898438,20.070312,19.382812,19.023438,18.835938,18.726562
1414,2021-06-02 05:00:00,3510,9.6953125,9.8984375,9.8515625,9.8671875,9.8203125,9.890625,9.8828125,9.921875,10.125,18.007812,20.75,20.859375,20.078125,19.40625,19.039062,18.835938,18.734375
1415,2021-06-02 05:15:00,3516,9.5859375,9.6328125,9.5625,9.578125,9.515625,9.5625,9.515625,9.5078125,9.6796875,17.898438,20.625,20.828125,20.09375,19.429688,19.054688,18.84375,18.734375
1416,2021-06-02 05:30:00,3516,9.328125,9.390625,9.3359375,9.359375,9.3203125,9.359375,9.3359375,9.3203125,9.40625,17.75,20.507812,20.78125,20.09375,19.445312,19.0625,18.851562,18.75
1417,2021-06-02 05:45:00,3516,9.0859375,9.2109375,9.1640625,9.1640625,9.1328125,9.1875,9.1484375,9.1328125,9.109375,17.539062,20.398438,20.734375,20.101562,19.460938,19.070312,18.851562,18.757812
1418,2021-06-02 06:00:00,3516,8.90625,9.0859375,9.015625,9.015625,8.9609375,9.0078125,8.9765625,8.9375,8.875,17.273438,20.28125,20.6875,20.109375,19.46875,19.078125,18.859375,18.757812
1419,2021-06-02 06:15:00,3516,8.828125,9.0703125,8.9921875,8.9921875,8.9296875,8.96875,8.9140625,8.8671875,8.8671875,17.210938,20.171875,20.648438,20.109375,19.492188,19.101562,18.867188,18.773438
1420,2021-06-02 06:30:00,3522,8.7265625,8.9765625,8.9296875,8.9296875,8.890625,8.9375,8.8984375,8.890625,8.9453125,17.070312,20.054688,20.601562,20.109375,19.5,19.109375,18.882812,18.773438
1421,2021-06-02 06:45:00,3510,8.703125,8.984375,8.9609375,8.9609375,8.921875,8.96875,8.9453125,8.9453125,8.9140625,16.921875,19.945312,20.5625,20.109375,19.515625,19.117188,18.882812,18.78125
1422,2021-06-02 07:00:00,3510,8.6640625,8.8828125,8.84375,8.859375,8.8046875,8.8125,8.765625,8.734375,8.703125,16.78125,19.835938,20.507812,20.101562,19.53125,19.132812,18.890625,18.789062
1423,2021-06-02 07:15:00,3510,8.6328125,8.8984375,8.8671875,8.8671875,8.828125,8.859375,8.828125,8.796875,8.78125,16.6875,19.734375,20.460938,20.101562,19.539062,19.140625,18.898438,18.796875
1424,2021-06-02 07:30:00,3510,8.6171875,8.828125,8.7890625,8.796875,8.7421875,8.7890625,8.7421875,8.71875,8.6640625,16.507812,19.632812,20.421875,20.09375,19.554688,19.15625,18.914062,18.796875
1425,2021-06-02 07:45:00,3510,8.6015625,8.734375,8.671875,8.671875,8.6015625,8.640625,8.609375,8.5703125,8.53125,16.4375,19.53125,20.367188,20.085938,19.554688,19.171875,18.914062,18.804688
1426,2021-06-02 08:00:00,3510,8.671875,8.9609375,8.9453125,8.953125,8.9140625,8.9609375,8.9375,8.9609375,9.109375,16.453125,19.4375,20.3125,20.078125,19.570312,19.179688,18.929688,18.804688
1427,2021-06-02 08:15:00,3510,9.0234375,9.2578125,9.265625,9.296875,9.28125,9.3671875,9.3984375,9.4921875,9.7578125,16.5,19.335938,20.265625,20.0625,19.578125,19.1875,18.929688,18.820312
1428,2021-06-02 08:30:00,3516,9.3359375,9.5546875,9.5703125,9.6171875,9.6171875,9.7109375,9.75,9.8671875,10.1953125,16.617188,19.25,20.210938,20.046875,19.585938,19.195312,18.945312,18.820312
1429,2021-06-02 08:45:00,3504,9.546875,9.671875,9.6796875,9.71875,9.7265625,9.828125,9.875,10.015625,10.3046875,16.632812,19.171875,20.164062,20.039062,19.585938,19.210938,18.945312,18.828125
1430,2021-06-02 09:00:00,3504,9.6875,9.6953125,9.71875,9.7578125,9.7578125,9.8515625,9.8828125,9.9765625,10.28125,16.617188,19.09375,20.117188,20.023438,19.601562,19.21875,18.953125,18.835938
1431,2021-06-02 09:15:00,3504,9.7109375,9.65625,9.671875,9.703125,9.6953125,9.796875,9.8515625,9.9921875,10.390625,16.664062,19.03125,20.0625,20.015625,19.601562,19.226562,18.96875,18.835938
1432,2021-06-02 09:30:00,3510,9.7734375,9.8046875,9.8125,9.859375,9.8671875,9.9609375,10.0,10.15625,10.5859375,16.695312,18.960938,20.007812,19.992188,19.609375,19.234375,18.976562,18.84375
1433,2021-06-02 09:45:00,3504,9.8046875,9.703125,9.6953125,9.7265625,9.7265625,9.8046875,9.84375,9.9375,10.390625,16.679688,18.90625,19.960938,19.976562,19.609375,19.25,18.984375,18.84375
1434,2021-06-02 10:00:00,3510,9.78125,9.8125,9.8046875,9.8359375,9.828125,9.9140625,9.953125,10.0859375,10.46875,16.601562,18.851562,19.914062,19.960938,19.609375,19.257812,18.992188,18.859375
1435,2021-06-02 10:15:00,3504,9.75,9.7109375,9.7109375,9.7265625,9.71875,9.796875,9.8203125,9.9375,10.328125,16.601562,18.796875,19.867188,19.945312,19.617188,19.265625,18.992188,18.859375
1436,2021-06-02 10:30:00,3504,9.671875,9.609375,9.640625,9.6953125,9.703125,9.7734375,9.8046875,9.90625,10.203125,16.546875,18.75,19.820312,19.921875,19.617188,19.273438,19.007812,18.867188
1437,2021-06-02 10:45:00,3510,9.5625,9.390625,9.4375,9.4765625,9.4921875,9.5625,9.578125,9.6640625,9.9375,16.359375,18.703125,19.78125,19.90625,19.617188,19.273438,19.007812,18.867188
1438,2021-06-02 11:00:00,3504,9.40625,9.2578125,9.296875,9.3359375,9.3515625,9.4296875,9.453125,9.53125,9.78125,16.273438,18.648438,19.734375,19.890625,19.617188,19.28125,19.015625,18.875
1439,2021-06-02 11:15:00,3504,9.421875,9.4140625,9.453125,9.4921875,9.4921875,9.5703125,9.578125,9.640625,9.8359375,16.242188,18.601562,19.6875,19.859375,19.625,19.289062,19.015625,18.882812
1440,2021-06-02 11:30:00,3498,9.328125,9.1640625,9.1953125,9.2421875,9.2578125,9.34375,9.3671875,9.4375,9.671875,16.171875,18.546875,19.648438,19.84375,19.617188,19.296875,19.03125,18.882812
1441,2021-06-02 11:45:00,3504,9.21875,9.1640625,9.1953125,9.234375,9.2578125,9.3359375,9.359375,9.4296875,9.640625,16.070312,18.5,19.609375,19.820312,19.617188,19.296875,19.03125,18.890625
1442,2021-06-02 12:00:00,3504,9.1953125,9.1484375,9.1953125,9.2421875,9.2578125,9.34375,9.3671875,9.4296875,9.65625,16.046875,18.4375,19.570312,19.804688,19.609375,19.304688,19.039062,18.898438
1443,2021-06-02 12:15:00,3498,9.15625,9.0546875,9.09375,9.1484375,9.171875,9.2578125,9.2734375,9.3125,9.5234375,15.9765625,18.390625,19.53125,19.78125,19.601562,19.304688,19.046875,18.890625
1444,2021-06-02 12:30:00,3498,9.2421875,9.265625,9.3125,9.3515625,9.3671875,9.4453125,9.46875,9.4921875,9.671875,15.9453125,18.34375,19.492188,19.765625,19.601562,19.3125,19.054688,18.898438
1445,2021-06-02 12:45:00,3498,9.2265625,9.2109375,9.25,9.2890625,9.2890625,9.375,9.40625,9.4453125,9.65625,15.921875,18.289062,19.453125,19.742188,19.59375,19.320312,19.054688,18.898438
1446,2021-06-02 13:00:00,3504,9.3203125,9.34375,9.390625,9.4296875,9.4375,9.53125,9.5625,9.6015625,9.8125,15.890625,18.234375,19.40625,19.710938,19.585938,19.320312,19.0625,18.90625
1447,2021-06-02 13:15:00,3498,9.34375,9.328125,9.3671875,9.40625,9.4140625,9.5078125,9.5390625,9.5859375,9.78125,15.8203125,18.179688,19.367188,19.695312,19.585938,19.320312,19.070312,18.90625
1448,2021-06-02 13:30:00,3498,9.4453125,9.4765625,9.5234375,9.5546875,9.578125,9.671875,9.7109375,9.7890625,10.0,15.8515625,18.132812,19.328125,19.671875,19.585938,19.328125,19.070312,18.914062
1449,2021-06-02 13:45:00,3498,9.53125,9.5546875,9.6015625,9.6328125,9.640625,9.734375,9.765625,9.8125,9.9453125,15.8203125,18.09375,19.289062,19.648438,19.570312,19.328125,19.078125,18.914062
1450,2021-06-02 14:00:00,3504,9.6484375,9.640625,9.6875,9.7265625,9.7421875,9.828125,9.8828125,9.9609375,10.1171875,15.8515625,18.046875,19.257812,19.625,19.5625,19.328125,19.078125,18.914062
1451,2021-06-02 14:15:00,3498,9.90625,9.953125,10.0078125,10.0546875,10.078125,10.1953125,10.2578125,10.3828125,10.6015625,15.9765625,18.0,19.21875,19.609375,19.554688,19.328125,19.085938,18.914062
1452,2021-06-02 14:30:00,3498,10.203125,10.125,10.203125,10.2578125,10.296875,10.4140625,10.46875,10.59375,10.828125,16.070312,17.960938,19.179688,19.585938,19.546875,19.335938,19.085938,18.914062
1453,2021-06-02 14:45:00,3504,10.3359375,10.2109375,10.2734375,10.328125,10.3671875,10.484375,10.5546875,10.703125,10.9765625,16.117188,17.929688,19.148438,19.554688,19.539062,19.335938,19.085938,18.921875
1454,2021-06-02 15:00:00,3498,10.515625,10.40625,10.4765625,10.5390625,10.5859375,10.7109375,10.765625,10.8828125,11.140625,16.164062,17.898438,19.109375,19.546875,19.53125,19.328125,19.085938,18.921875
1455,2021-06-02 15:15:00,3504,10.7578125,10.5546875,10.640625,10.71875,10.7734375,10.8984375,10.984375,11.1640625,11.4921875,16.265625,17.875,19.070312,19.515625,19.523438,19.328125,19.09375,18.914062
1456,2021-06-02 15:30:00,3498,10.921875,10.609375,10.6953125,10.78125,10.8515625,10.9921875,11.0859375,11.28125,11.6484375,16.398438,17.851562,19.039062,19.492188,19.515625,19.328125,19.101562,18.921875
1457,2021-06-02 15:45:00,3498,11.2265625,11.03125,11.109375,11.171875,11.2265625,11.3671875,11.4453125,11.609375,11.9453125,16.523438,17.835938,19.007812,19.476562,19.5,19.328125,19.09375,18.921875
1458,2021-06-02 16:00:00,3492,11.4296875,11.25,11.328125,11.390625,11.4375,11.5703125,11.640625,11.8125,12.125,16.609375,17.828125,18.96875,19.445312,19.492188,19.328125,19.101562,18.921875
1459,2021-06-02 16:15:00,3498,11.6953125,11.2734375,11.3828125,11.46875,11.5390625,11.703125,11.8203125,12.03125,12.4453125,16.773438,17.828125,18.9375,19.421875,19.484375,19.328125,19.101562,18.921875
1460,2021-06-02 16:30:00,3498,12.1328125,11.75,11.8515625,11.9375,12.0234375,12.171875,12.3046875,12.5390625,13.0,17.0,17.820312,18.921875,19.398438,19.476562,19.320312,19.101562,18.929688
1461,2021-06-02 16:45:00,3498,12.8671875,12.4453125,12.5234375,12.609375,12.6640625,12.859375,12.984375,13.2890625,13.8359375,17.367188,17.828125,18.882812,19.382812,19.460938,19.320312,19.101562,18.921875
1462,2021-06-02 17:00:00,3498,14.2734375,13.703125,13.859375,13.9921875,14.1328125,14.359375,14.5390625,14.8984375,15.4921875,18.046875,17.84375,18.859375,19.351562,19.445312,19.3125,19.09375,18.921875
1463,2021-06-02 17:15:00,3504,15.3515625,14.1328125,14.3046875,14.46875,14.6640625,14.9375,15.21875,15.6953125,16.53125,18.875,17.875,18.835938,19.335938,19.4375,19.3125,19.09375,18.921875
1464,2021-06-02 17:30:00,3504,16.679688,15.515625,15.6875,15.8125,15.9765625,16.34375,16.671875,17.335938,18.429688,19.820312,17.921875,18.820312,19.304688,19.429688,19.3125,19.101562,18.914062
1465,2021-06-02 17:45:00,3492,17.742188,15.78125,16.039062,16.195312,16.34375,16.710938,17.125,17.882812,19.226562,21.101562,18.0,18.796875,19.28125,19.40625,19.304688,19.101562,18.921875
1466,2021-06-02 18:00:00,3498,19.007812,16.507812,16.679688,16.90625,17.09375,17.476562,17.890625,18.726562,20.367188,22.5625,18.109375,18.78125,19.265625,19.398438,19.296875,19.101562,18.914062
1467,2021-06-02 18:15:00,3480,19.5,17.296875,17.3125,17.65625,17.859375,18.25,18.671875,19.4375,20.8125,23.429688,18.257812,18.765625,19.242188,19.382812,19.296875,19.101562,18.914062
1468,2021-06-02 18:30:00,3492,19.757812,17.164062,17.15625,17.335938,17.65625,18.09375,18.554688,19.265625,20.609375,24.03125,18.453125,18.765625,19.226562,19.367188,19.28125,19.09375,18.914062
1469,2021-06-02 18:45:00,3504,20.421875,18.195312,18.164062,18.335938,18.492188,18.84375,19.257812,19.929688,21.28125,24.578125,18.671875,18.765625,19.210938,19.359375,19.28125,19.09375,18.90625
1470,2021-06-02 19:00:00,3504,20.460938,17.070312,17.125,17.382812,17.6875,18.109375,18.59375,19.257812,20.539062,25.054688,18.914062,18.773438,19.1875,19.34375,19.273438,19.09375,18.90625
1471,2021-06-02 19:15:00,3504,20.757812,18.320312,18.304688,18.460938,18.71875,19.070312,19.453125,20.179688,21.539062,25.671875,19.164062,18.796875,19.171875,19.335938,19.273438,19.085938,18.90625
1472,2021-06-02 19:30:00,3498,20.953125,18.382812,18.367188,18.734375,18.914062,19.257812,19.625,20.28125,21.710938,26.3125,19.421875,18.828125,19.15625,19.320312,19.265625,19.085938,18.90625
1473,2021-06-02 19:45:00,3510,21.117188,18.820312,19.09375,19.320312,19.5,19.8125,20.15625,20.789062,22.007812,26.820312,19.6875,18.867188,19.140625,19.3125,19.265625,19.085938,18.898438
1474,2021-06-02 20:00:00,3498,21.570312,18.835938,19.179688,19.351562,19.492188,19.835938,20.171875,20.796875,22.101562,27.242188,19.960938,18.90625,19.132812,19.296875,19.25,19.078125,18.898438
1475,2021-06-02 20:15:00,3498,21.890625,19.15625,19.5,19.648438,19.765625,20.0625,20.375,21.03125,22.335938,27.34375,20.242188,18.960938,19.125,19.28125,19.242188,19.070312,18.882812
1476,2021-06-02 19:00:00,3504,20.460938,17.070312,17.125,17.382812,17.6875,18.109375,18.59375,19.257812,20.539062,25.054688,18.914062,18.773438,19.1875,19.34375,19.273438,19.09375,18.90625
1477,2021-06-02 19:15:00,3504,20.757812,18.320312,18.304688,18.460938,18.71875,19.070312,19.453125,20.179688,21.539062,25.671875,19.164062,18.796875,19.171875,19.335938,19.273438,19.085938,18.90625
1478,2021-06-02 19:30:00,3498,20.953125,18.382812,18.367188,18.734375,18.914062,19.257812,19.625,20.28125,21.710938,26.3125,19.421875,18.828125,19.15625,19.320312,19.265625,19.085938,18.90625
1479,2021-06-02 19:45:00,3510,21.117188,18.820312,19.09375,19.320312,19.5,19.8125,20.15625,20.789062,22.007812,26.820312,19.6875,18.867188,19.140625,19.3125,19.265625,19.085938,18.898438
1480,2021-06-02 20:00:00,3498,21.570312,18.835938,19.179688,19.351562,19.492188,19.835938,20.171875,20.796875,22.101562,27.242188,19.960938,18.90625,19.132812,19.296875,19.25,19.078125,18.898438
1481,2021-06-02 20:15:00,3498,21.890625,19.15625,19.5,19.648438,19.765625,20.0625,20.375,21.03125,22.335938,27.34375,20.242188,18.960938,19.125,19.28125,19.242188,19.070312,18.882812
1482,2021-06-02 20:30:00,3504,21.796875,19.453125,19.679688,19.875,20.054688,20.359375,20.671875,21.304688,22.640625,27.578125,20.515625,19.03125,19.125,19.265625,19.242188,19.070312,18.882812
1483,2021-06-02 20:45:00,3504,22.085938,20.023438,20.148438,20.328125,20.492188,20.8125,21.140625,21.710938,22.851562,27.648438,20.78125,19.101562,19.117188,19.257812,19.226562,19.070312,18.882812
1484,2021-06-02 21:00:00,3510,21.75,19.351562,19.546875,19.78125,20.03125,20.367188,20.710938,21.289062,22.515625,27.507812,21.046875,19.179688,19.109375,19.25,19.226562,19.070312,18.875
1485,2021-06-02 21:15:00,3510,22.171875,20.03125,20.140625,20.351562,20.578125,20.84375,21.117188,21.601562,22.671875,27.367188,21.289062,19.273438,19.117188,19.242188,19.210938,19.0625,18.875
1486,2021-06-02 21:30:00,3510,22.59375,20.453125,20.523438,20.6875,20.851562,21.125,21.445312,21.953125,23.015625,27.5,21.53125,19.359375,19.125,19.234375,19.203125,19.0625,18.867188
1487,2021-06-02 21:45:00,3510,22.460938,20.414062,20.5625,20.8125,21.023438,21.273438,21.546875,22.070312,23.125,27.421875,21.75,19.453125,19.140625,19.21875,19.195312,19.054688,18.867188
1488,2021-06-02 22:00:00,3510,22.664062,19.859375,19.78125,19.953125,20.023438,20.28125,20.601562,21.203125,22.414062,27.28125,21.953125,19.554688,19.148438,19.210938,19.195312,19.046875,18.859375
1489,2021-06-02 22:15:00,3510,22.328125,19.992188,20.03125,20.25,20.398438,20.695312,21.023438,21.570312,22.21875,26.71875,22.140625,19.65625,19.171875,19.203125,19.179688,19.039062,18.859375
1490,2021-06-02 22:30:00,3522,22.710938,20.78125,20.867188,21.085938,21.273438,21.492188,21.726562,22.164062,22.539062,26.664062,22.304688,19.765625,19.195312,19.1875,19.179688,19.03125,18.851562
1491,2021-06-02 22:45:00,3516,22.640625,20.515625,20.554688,20.78125,20.976562,21.265625,21.5625,22.109375,22.320312,26.59375,22.453125,19.867188,19.21875,19.1875,19.171875,19.03125,18.851562
1492,2021-06-02 23:00:00,3522,22.476562,19.992188,19.953125,20.179688,20.382812,20.625,20.945312,21.4375,21.726562,26.117188,22.578125,19.96875,19.242188,19.1875,19.164062,19.023438,18.84375
1493,2021-06-02 23:15:00,3522,22.203125,19.9375,19.945312,20.171875,20.367188,20.578125,20.921875,21.34375,21.921875,25.96875,22.6875,20.070312,19.273438,19.179688,19.15625,19.023438,18.835938
1494,2021-06-02 23:30:00,3516,21.25,18.679688,18.523438,18.5625,18.546875,18.570312,18.5625,18.65625,19.085938,25.257812,22.78125,20.171875,19.304688,19.179688,19.148438,19.015625,18.835938
1495,2021-06-02 23:45:00,3528,18.671875,16.765625,16.609375,16.601562,16.546875,16.578125,16.507812,16.421875,16.289062,24.0625,22.84375,20.265625,19.335938,19.1875,19.140625,19.007812,18.828125
1496,2021-06-03 00:00:00,3510,16.757812,15.453125,15.40625,15.4609375,15.484375,15.546875,15.53125,15.4375,15.4296875,23.296875,22.867188,20.351562,19.367188,19.179688,19.132812,19.007812,18.820312
1497,2021-06-03 00:15:00,3516,16.351562,15.9921875,15.921875,15.921875,15.890625,15.8984375,15.8125,15.671875,15.515625,22.859375,22.835938,20.445312,19.414062,19.179688,19.132812,19.0,18.820312
1498,2021-06-03 00:30:00,3522,16.140625,15.2265625,15.0703125,15.09375,15.0859375,15.1875,15.2265625,15.25,15.359375,22.476562,22.773438,20.515625,19.453125,19.1875,19.125,18.992188,18.8125
1499,2021-06-03 00:45:00,3516,15.0703125,14.5078125,14.3828125,14.3828125,14.3046875,14.3203125,14.2109375,14.1015625,13.984375,22.054688,22.671875,20.585938,19.484375,19.195312,19.117188,18.992188,18.8125
1500,2021-06-03 01:00:00,3516,14.203125,13.84375,13.765625,13.7578125,13.6875,13.703125,13.6171875,13.5078125,13.359375,21.65625,22.5625,20.648438,19.53125,19.203125,19.117188,18.984375,18.804688
1501,2021-06-03 01:15:00,3516,13.6875,13.609375,13.5234375,13.515625,13.4453125,13.453125,13.359375,13.234375,13.109375,21.382812,22.445312,20.703125,19.5625,19.210938,19.109375,18.976562,18.804688
1502,2021-06-03 01:30:00,3516,13.3203125,13.1875,13.1015625,13.09375,13.0234375,13.0390625,12.9609375,12.8671875,12.828125,21.046875,22.320312,20.742188,19.601562,19.21875,19.109375,18.96875,18.789062
1503,2021-06-03 01:45:00,3510,12.8125,12.6171875,12.5546875,12.546875,12.4921875,12.5234375,12.46875,12.40625,12.390625,20.765625,22.179688,20.78125,19.648438,19.226562,19.109375,18.96875,18.789062
1504,2021-06-03 02:00:00,3510,12.3359375,12.25,12.1640625,12.1640625,12.1015625,12.1328125,12.0625,12.0,12.046875,20.453125,22.054688,20.804688,19.679688,19.234375,19.09375,18.960938,18.789062
1505,2021-06-03 02:15:00,3516,12.0,11.9140625,11.8515625,11.859375,11.8046875,11.8515625,11.78125,11.7265625,11.734375,20.234375,21.914062,20.820312,19.710938,19.25,19.09375,18.953125,18.78125
1506,2021-06-03 02:30:00,3510,11.5234375,11.4921875,11.421875,11.4140625,11.3515625,11.390625,11.34375,11.328125,11.4375,19.96875,21.78125,20.828125,19.742188,19.257812,19.101562,18.960938,18.78125
1507,2021-06-03 02:45:00,3510,11.671875,11.9296875,11.9375,11.9609375,11.953125,12.015625,12.0234375,12.09375,12.3125,19.890625,21.648438,20.820312,19.78125,19.273438,19.101562,18.945312,18.78125
1508,2021-06-03 03:00:00,3510,12.0546875,12.1484375,12.1875,12.2109375,12.2109375,12.2890625,12.3125,12.3984375,12.6484375,19.835938,21.507812,20.828125,19.804688,19.289062,19.09375,18.945312,18.78125
1509,2021-06-03 03:15:00,3510,12.0,11.8125,11.8359375,11.8671875,11.8671875,11.9609375,11.9921875,12.109375,12.3984375,19.648438,21.375,20.8125,19.835938,19.304688,19.101562,18.945312,18.78125
1510,2021-06-03 03:30:00,3510,11.7734375,11.4765625,11.5234375,11.5625,11.578125,11.671875,11.703125,11.7890625,12.015625,19.429688,21.265625,20.796875,19.859375,19.3125,19.109375,18.9375,18.773438
1511,2021-06-03 03:45:00,3510,11.5546875,11.4140625,11.4375,11.46875,11.46875,11.546875,11.5703125,11.6484375,11.859375,19.210938,21.140625,20.78125,19.882812,19.328125,19.101562,18.9375,18.765625
1512,2021-06-03 04:00:00,3510,11.4140625,11.21875,11.2578125,11.2890625,11.296875,11.390625,11.4375,11.5546875,11.8359375,19.078125,21.039062,20.757812,19.90625,19.351562,19.109375,18.9375,18.765625
1513,2021-06-03 04:15:00,3510,11.15625,10.796875,10.828125,10.875,10.890625,10.9921875,11.0390625,11.1796875,11.4765625,18.921875,20.921875,20.734375,19.921875,19.359375,19.109375,18.9375,18.765625
1514,2021-06-03 04:30:00,3510,11.0,10.796875,10.8359375,10.875,10.8984375,11.0,11.0625,11.1796875,11.4921875,18.820312,20.8125,20.695312,19.9375,19.367188,19.109375,18.929688,18.757812
1515,2021-06-03 04:45:00,3510,10.859375,10.6875,10.7265625,10.7734375,10.796875,10.8984375,10.9296875,11.046875,11.3046875,18.625,20.703125,20.679688,19.945312,19.382812,19.117188,18.929688,18.765625
1516,2021-06-03 05:00:00,3504,10.765625,10.703125,10.734375,10.765625,10.7734375,10.875,10.9140625,11.0546875,11.40625,18.5,20.609375,20.640625,19.953125,19.398438,19.125,18.929688,18.765625
1517,2021-06-03 05:15:00,3510,10.7109375,10.59375,10.6328125,10.671875,10.6875,10.78125,10.828125,10.9453125,11.2421875,18.382812,20.5,20.617188,19.96875,19.40625,19.125,18.929688,18.757812
1518,2021-06-03 05:30:00,3510,10.75,10.78125,10.828125,10.8671875,10.8828125,10.96875,11.0,11.109375,11.3984375,18.289062,20.414062,20.570312,19.976562,19.429688,19.132812,18.929688,18.765625
1519,2021-06-03 05:45:00,3504,10.75,10.6171875,10.65625,10.703125,10.71875,10.8203125,10.859375,10.984375,11.34375,18.242188,20.3125,20.546875,19.976562,19.4375,19.140625,18.921875,18.765625
1520,2021-06-03 06:00:00,3510,10.6171875,10.375,10.4296875,10.46875,10.4921875,10.59375,10.6484375,10.7890625,11.125,18.054688,20.21875,20.5,19.984375,19.453125,19.140625,18.929688,18.757812
1521,2021-06-03 06:15:00,3504,10.5234375,10.40625,10.4453125,10.484375,10.4921875,10.5859375,10.625,10.734375,10.9765625,17.890625,20.132812,20.46875,19.984375,19.460938,19.140625,18.929688,18.757812
1522,2021-06-03 06:30:00,3516,10.5625,10.484375,10.53125,10.5625,10.578125,10.6875,10.734375,10.8515625,11.125,17.820312,20.039062,20.429688,19.984375,19.476562,19.148438,18.929688,18.765625
1523,2021-06-03 06:45:00,3504,10.5390625,10.4453125,10.4765625,10.5078125,10.515625,10.6171875,10.6640625,10.78125,11.1015625,17.828125,19.953125,20.390625,19.976562,19.484375,19.15625,18.921875,18.765625
1524,2021-06-03 07:00:00,3510,10.546875,10.5,10.53125,10.5703125,10.5703125,10.6640625,10.7109375,10.8359375,11.1484375,17.757812,19.867188,20.351562,19.976562,19.492188,19.164062,18.929688,18.757812
1525,2021-06-03 07:15:00,3504,10.4921875,10.34375,10.375,10.4140625,10.4140625,10.515625,10.5625,10.6953125,10.9765625,17.617188,19.789062,20.3125,19.976562,19.5,19.171875,18.929688,18.765625
1526,2021-06-03 07:30:00,3510,10.46875,10.3984375,10.4375,10.46875,10.484375,10.5703125,10.6171875,10.71875,11.0,17.578125,19.710938,20.28125,19.960938,19.507812,19.171875,18.929688,18.765625
1527,2021-06-03 07:45:00,3504,10.4765625,10.4453125,10.4765625,10.5,10.5,10.5859375,10.625,10.75,11.046875,17.546875,19.632812,20.234375,19.953125,19.507812,19.179688,18.929688,18.757812
1528,2021-06-03 08:00:00,3504,10.3984375,10.234375,10.265625,10.3046875,10.3125,10.4140625,10.4609375,10.578125,10.890625,17.484375,19.5625,20.195312,19.953125,19.523438,19.1875,18.9375,18.765625
1529,2021-06-03 08:15:00,3504,10.3359375,10.25,10.2890625,10.3359375,10.3515625,10.4375,10.4921875,10.6171875,10.9453125,17.34375,19.5,20.15625,19.945312,19.523438,19.195312,18.9375,18.765625
1530,2021-06-03 08:30:00,3510,10.2578125,10.1640625,10.1953125,10.21875,10.21875,10.3125,10.34375,10.4609375,10.7578125,17.25,19.421875,20.109375,19.9375,19.523438,19.195312,18.945312,18.765625
1531,2021-06-03 08:45:00,3504,10.2890625,10.296875,10.3359375,10.359375,10.359375,10.4453125,10.4921875,10.609375,10.921875,17.21875,19.34375,20.078125,19.921875,19.523438,19.195312,18.9375,18.765625
1532,2021-06-03 09:00:00,3504,10.2265625,10.1015625,10.1484375,10.1875,10.203125,10.3046875,10.359375,10.4921875,10.7890625,17.078125,19.28125,20.03125,19.90625,19.539062,19.203125,18.9375,18.765625
1533,2021-06-03 09:15:00,3498,10.2109375,10.15625,10.203125,10.2421875,10.234375,10.328125,10.3671875,10.4921875,10.7890625,17.039062,19.21875,19.992188,19.898438,19.539062,19.210938,18.945312,18.765625
1534,2021-06-03 09:30:00,3498,10.1640625,10.046875,10.0703125,10.1015625,10.109375,10.2109375,10.2578125,10.375,10.71875,17.007812,19.15625,19.953125,19.882812,19.539062,19.210938,18.945312,18.773438
1535,2021-06-03 09:45:00,3504,10.140625,10.0234375,10.0546875,10.09375,10.1015625,10.203125,10.2578125,10.390625,10.7265625,16.976562,19.09375,19.914062,19.867188,19.539062,19.21875,18.945312,18.773438
1536,2021-06-03 10:00:00,3504,10.09375,10.0,10.0390625,10.0546875,10.0703125,10.15625,10.203125,10.328125,10.7109375,16.9375,19.03125,19.875,19.851562,19.539062,19.21875,18.953125,18.773438
1537,2021-06-03 10:15:00,3498,10.0390625,9.921875,9.9609375,9.9921875,10.0,10.09375,10.1484375,10.296875,10.6328125,16.859375,18.976562,19.835938,19.84375,19.539062,19.226562,18.953125,18.773438
1538,2021-06-03 10:30:00,3504,10.0390625,9.9453125,9.9765625,10.0078125,10.015625,10.1171875,10.1640625,10.2890625,10.59375,16.789062,18.90625,19.796875,19.828125,19.539062,19.226562,18.960938,18.773438
1539,2021-06-03 10:45:00,3498,9.9609375,9.8359375,9.875,9.9140625,9.921875,10.015625,10.0546875,10.171875,10.515625,16.710938,18.859375,19.75,19.8125,19.539062,19.226562,18.953125,18.773438
1540,2021-06-03 11:00:00,3504,9.9921875,9.921875,9.96875,9.9921875,10.0078125,10.1015625,10.140625,10.25,10.5625,16.648438,18.804688,19.71875,19.796875,19.53125,19.234375,18.960938,18.773438
1541,2021-06-03 11:15:00,3498,10.0234375,9.875,9.921875,9.9609375,9.9765625,10.0703125,10.1171875,10.2421875,10.578125,16.632812,18.75,19.671875,19.773438,19.53125,19.234375,18.953125,18.773438
1542,2021-06-03 11:30:00,3498,9.9140625,9.796875,9.8359375,9.875,9.890625,9.9921875,10.046875,10.1953125,10.53125,16.601562,18.6875,19.640625,19.757812,19.53125,19.242188,18.96875,18.773438
1543,2021-06-03 11:45:00,3498,9.8828125,9.7421875,9.7890625,9.8359375,9.859375,9.9609375,10.0078125,10.125,10.4375,16.53125,18.632812,19.601562,19.734375,19.53125,19.234375,18.960938,18.773438
1544,2021-06-03 12:00:00,3492,9.90625,9.8203125,9.859375,9.890625,9.8984375,9.9765625,10.0234375,10.1328125,10.375,16.460938,18.585938,19.5625,19.726562,19.523438,19.242188,18.96875,18.765625
1545,2021-06-03 12:15:00,3498,9.890625,9.734375,9.7578125,9.7890625,9.7890625,9.890625,9.9375,10.0703125,10.4921875,16.453125,18.523438,19.523438,19.703125,19.515625,19.242188,18.96875,18.773438
1546,2021-06-03 12:30:00,3498,9.8984375,9.7890625,9.8203125,9.8515625,9.859375,9.9453125,10.0,10.1015625,10.3671875,16.414062,18.484375,19.492188,19.679688,19.507812,19.242188,18.96875,18.773438
1547,2021-06-03 12:45:00,3498,9.90625,9.859375,9.8984375,9.9375,9.9453125,10.0390625,10.09375,10.2109375,10.5234375,16.351562,18.429688,19.445312,19.664062,19.507812,19.242188,18.96875,18.773438
1548,2021-06-03 13:00:00,3486,9.921875,9.890625,9.9296875,9.953125,9.9609375,10.0546875,10.109375,10.2421875,10.59375,16.242188,18.382812,19.40625,19.648438,19.5,19.242188,18.96875,18.773438
1549,2021-06-03 13:15:00,3498,9.9140625,9.859375,9.8984375,9.9453125,9.953125,10.0390625,10.09375,10.203125,10.453125,16.164062,18.335938,19.367188,19.617188,19.492188,19.242188,18.976562,18.765625
1550,2021-06-03 13:30:00,3492,10.078125,10.0546875,10.109375,10.1484375,10.1640625,10.2578125,10.3125,10.4609375,10.8359375,16.21875,18.289062,19.335938,19.601562,19.484375,19.242188,18.976562,18.765625
1551,2021-06-03 13:45:00,3504,10.2890625,10.2421875,10.2890625,10.3359375,10.3671875,10.46875,10.5234375,10.6796875,11.109375,16.304688,18.234375,19.304688,19.578125,19.476562,19.234375,18.976562,18.765625
1552,2021-06-03 14:00:00,3486,10.375,10.3125,10.3671875,10.421875,10.453125,10.5625,10.6171875,10.75,11.0625,16.304688,18.195312,19.265625,19.5625,19.46875,19.242188,18.96875,18.765625
1553,2021-06-03 14:15:00,3498,10.515625,10.3046875,10.375,10.4453125,10.484375,10.609375,10.6875,10.84375,11.1796875,16.335938,18.148438,19.234375,19.539062,19.460938,19.242188,18.976562,18.765625
1554,2021-06-03 14:30:00,3486,10.65625,10.390625,10.46875,10.53125,10.578125,10.71875,10.796875,10.96875,11.2890625,16.34375,18.109375,19.1875,19.515625,19.453125,19.234375,18.976562,18.765625
1555,2021-06-03 14:45:00,3498,10.75,10.59375,10.6484375,10.7109375,10.765625,10.8984375,10.96875,11.1328125,11.46875,16.382812,18.078125,19.15625,19.492188,19.4375,19.234375,18.96875,18.765625
1556,2021-06-03 15:00:00,3498,11.0546875,10.859375,10.953125,11.046875,11.1484375,11.3125,11.4140625,11.640625,12.09375,16.492188,18.054688,19.125,19.476562,19.4375,19.234375,18.96875,18.765625
1557,2021-06-03 15:15:00,3504,11.421875,11.0703125,11.2109375,11.3203125,11.375,11.515625,11.6015625,11.796875,12.1328125,16.632812,18.023438,19.085938,19.453125,19.421875,19.226562,18.96875,18.757812
1558,2021-06-03 15:30:00,3498,11.765625,11.4609375,11.5390625,11.609375,11.671875,11.828125,11.9375,12.171875,12.625,16.804688,18.0,19.054688,19.4375,19.414062,19.226562,18.96875,18.765625
1559,2021-06-03 15:45:00,3498,12.5703125,12.5234375,12.6015625,12.671875,12.75,12.921875,13.0625,13.375,14.0625,17.203125,17.984375,19.023438,19.40625,19.398438,19.226562,18.96875,18.757812
1560,2021-06-03 16:00:00,3498,14.140625,13.734375,13.875,13.9765625,14.1015625,14.359375,14.5703125,15.0078125,15.8125,17.929688,17.976562,18.992188,19.382812,19.390625,19.21875,18.96875,18.757812
1561,2021-06-03 16:15:00,3492,16.351562,15.0546875,15.0390625,15.15625,15.3046875,15.6796875,15.984375,16.585938,17.492188,18.796875,17.984375,18.96875,19.367188,19.382812,19.210938,18.960938,18.75
1562,2021-06-03 16:30:00,3492,17.867188,16.515625,16.65625,16.789062,17.046875,17.5,17.90625,18.679688,19.679688,19.890625,18.023438,18.9375,19.34375,19.367188,19.203125,18.960938,18.75
1563,2021-06-03 16:45:00,3498,19.085938,16.953125,16.960938,17.0625,17.226562,17.625,18.023438,18.804688,19.929688,20.773438,18.085938,18.914062,19.320312,19.359375,19.203125,18.960938,18.75
1564,2021-06-03 17:00:00,3498,20.046875,17.492188,17.617188,17.75,17.96875,18.398438,18.835938,19.695312,21.15625,21.585938,18.1875,18.882812,19.296875,19.34375,19.195312,18.960938,18.75
1565,2021-06-03 17:15:00,3498,20.648438,17.820312,18.023438,18.132812,18.28125,18.632812,18.984375,19.710938,21.039062,22.414062,18.3125,18.875,19.273438,19.335938,19.195312,18.960938,18.742188
1566,2021-06-03 17:30:00,3498,21.226562,18.304688,18.601562,18.695312,18.835938,19.21875,19.601562,20.34375,21.929688,23.320312,18.460938,18.859375,19.25,19.320312,19.1875,18.960938,18.734375
1567,2021-06-03 17:45:00,3504,21.578125,18.820312,19.023438,19.125,19.21875,19.570312,19.96875,20.703125,22.351562,23.96875,18.625,18.851562,19.234375,19.3125,19.179688,18.953125,18.726562
1568,2021-06-03 18:00:00,3504,21.429688,18.664062,18.78125,19.03125,19.203125,19.601562,19.984375,20.765625,22.375,24.5625,18.8125,18.859375,19.21875,19.296875,19.179688,18.953125,18.726562
1569,2021-06-03 18:15:00,3504,21.171875,17.96875,17.859375,18.195312,18.40625,18.828125,19.257812,20.0,21.640625,25.132812,19.007812,18.859375,19.203125,19.28125,19.171875,18.945312,18.71875
1570,2021-06-03 18:30:00,3504,21.796875,19.507812,19.375,19.46875,19.625,20.03125,20.382812,21.078125,22.640625,25.625,19.226562,18.882812,19.179688,19.273438,19.15625,18.945312,18.71875
1571,2021-06-03 18:45:00,3504,22.46875,19.835938,19.703125,19.828125,20.015625,20.390625,20.804688,21.617188,23.351562,26.28125,19.460938,18.90625,19.164062,19.257812,19.148438,18.929688,18.71875
1572,2021-06-03 19:00:00,3498,22.84375,20.273438,20.101562,20.171875,20.265625,20.5,20.78125,21.351562,22.617188,26.304688,19.679688,18.9375,19.148438,19.25,19.148438,18.9375,18.71875
1573,2021-06-03 19:15:00,3504,23.179688,20.34375,20.125,20.25,20.390625,20.75,21.132812,21.742188,23.296875,26.882812,19.914062,18.96875,19.140625,19.234375,19.140625,18.929688,18.710938
1574,2021-06-03 19:30:00,3510,24.257812,21.953125,21.84375,22.125,22.257812,22.523438,22.757812,23.289062,24.640625,27.609375,20.164062,19.023438,19.125,19.21875,19.132812,18.929688,18.695312
1575,2021-06-03 19:45:00,3504,24.898438,22.148438,22.335938,22.5,22.578125,22.867188,23.101562,23.570312,24.679688,28.0,20.414062,19.070312,19.125,19.210938,19.132812,18.921875,18.695312
1576,2021-06-03 20:00:00,3510,25.195312,22.460938,22.835938,22.953125,23.046875,23.265625,23.5,23.929688,25.007812,28.226562,20.671875,19.132812,19.117188,19.195312,19.117188,18.914062,18.695312
1577,2021-06-03 20:15:00,3516,25.21875,22.359375,22.546875,22.609375,22.632812,22.851562,23.046875,23.492188,24.679688,28.164062,20.945312,19.203125,19.117188,19.1875,19.109375,18.90625,18.6875
1578,2021-06-03 20:30:00,3510,25.140625,22.132812,22.148438,22.304688,22.335938,22.53125,22.765625,23.132812,24.242188,28.429688,21.21875,19.273438,19.117188,19.171875,19.109375,18.90625,18.6875
1579,2021-06-03 20:45:00,3510,25.539062,23.382812,23.445312,23.554688,23.65625,23.882812,24.140625,24.703125,25.9375,28.679688,21.476562,19.359375,19.125,19.164062,19.101562,18.90625,18.679688
1580,2021-06-03 21:00:00,3516,26.203125,23.992188,23.945312,24.015625,24.078125,24.273438,24.492188,24.882812,25.710938,28.65625,21.726562,19.453125,19.132812,19.15625,19.085938,18.898438,18.671875
1581,2021-06-03 21:15:00,3510,26.6875,24.195312,24.335938,24.484375,24.617188,24.820312,24.984375,25.265625,25.953125,28.71875,21.976562,19.539062,19.140625,19.148438,19.078125,18.882812,18.671875
1582,2021-06-03 21:30:00,3522,26.34375,23.890625,23.789062,23.875,23.914062,24.085938,24.273438,24.59375,25.289062,28.726562,22.21875,19.648438,19.15625,19.132812,19.070312,18.882812,18.664062
1583,2021-06-03 21:45:00,3516,26.609375,24.546875,24.585938,24.757812,24.890625,25.132812,25.359375,25.710938,26.210938,28.671875,22.445312,19.742188,19.171875,19.125,19.0625,18.875,18.65625
1584,2021-06-03 22:00:00,3528,27.34375,24.960938,25.015625,25.164062,25.28125,25.46875,25.640625,25.914062,25.898438,28.6875,22.65625,19.851562,19.1875,19.125,19.054688,18.875,18.65625
1585,2021-06-03 22:15:00,3528,27.539062,25.320312,25.1875,25.289062,25.367188,25.515625,25.671875,25.9375,25.859375,28.476562,22.851562,19.953125,19.21875,19.117188,19.046875,18.867188,18.648438
1586,2021-06-03 22:30:00,3528,27.398438,24.882812,24.828125,24.953125,25.046875,25.203125,25.367188,25.664062,25.726562,28.296875,23.03125,20.0625,19.242188,19.109375,19.039062,18.859375,18.640625
1587,2021-06-03 22:45:00,3528,26.75,24.632812,24.570312,24.75,24.765625,24.882812,25.054688,25.34375,25.34375,27.710938,23.1875,20.171875,19.273438,19.109375,19.039062,18.851562,18.640625
1588,2021-06-03 23:00:00,3522,27.226562,25.382812,25.210938,25.296875,25.328125,25.523438,25.710938,25.984375,26.5625,27.679688,23.320312,20.289062,19.304688,19.109375,19.023438,18.851562,18.632812
1589,2021-06-03 23:15:00,3534,27.21875,25.101562,25.171875,25.429688,25.679688,25.835938,25.953125,25.804688,26.617188,27.46875,23.4375,20.390625,19.34375,19.109375,19.015625,18.84375,18.625
1590,2021-06-03 23:30:00,3528,26.664062,24.585938,24.390625,24.140625,23.960938,23.804688,23.828125,23.695312,23.9375,26.820312,23.53125,20.492188,19.375,19.109375,19.015625,18.835938,18.625
1591,2021-06-03 23:45:00,3528,23.429688,21.03125,20.859375,20.78125,20.953125,20.75,20.648438,20.914062,19.984375,25.554688,23.601562,20.59375,19.414062,19.117188,19.007812,18.835938,18.617188
1592,2021-06-04 00:00:00,3528,21.34375,20.289062,20.1875,20.171875,20.117188,20.078125,19.90625,19.585938,18.90625,24.804688,23.640625,20.6875,19.460938,19.117188,19.0,18.828125,18.617188
1593,2021-06-04 00:15:00,3534,20.421875,19.570312,19.460938,19.4375,19.375,19.351562,19.179688,18.929688,18.359375,24.382812,23.609375,20.789062,19.5,19.125,19.0,18.820312,18.617188
1594,2021-06-04 00:30:00,3528,19.726562,18.804688,18.703125,18.726562,18.710938,18.726562,18.625,18.507812,18.257812,24.046875,23.554688,20.867188,19.546875,19.132812,19.0,18.820312,18.617188
1595,2021-06-04 00:45:00,3528,18.367188,17.8125,17.734375,18.007812,17.851562,17.640625,17.414062,17.179688,16.710938,23.367188,23.46875,20.953125,19.59375,19.140625,18.992188,18.804688,18.609375
1596,2021-06-04 01:00:00,3528,17.203125,16.617188,16.523438,16.53125,16.484375,16.507812,16.398438,16.226562,15.828125,22.859375,23.359375,21.015625,19.632812,19.15625,18.992188,18.8125,18.609375
1597,2021-06-04 01:15:00,3522,16.179688,15.7578125,15.6171875,15.609375,15.5234375,15.4921875,15.359375,15.1328125,15.0078125,22.695312,23.25,21.070312,19.671875,19.164062,18.984375,18.804688,18.601562
1598,2021-06-04 01:30:00,3534,15.515625,15.2421875,15.1328125,15.1015625,15.0078125,14.984375,14.84375,14.6484375,14.5390625,22.40625,23.125,21.125,19.726562,19.171875,18.984375,18.796875,18.601562
1599,2021-06-04 01:45:00,3522,15.046875,15.125,15.046875,15.0234375,14.9296875,14.875,14.71875,14.46875,14.046875,21.921875,22.984375,21.164062,19.765625,19.1875,18.984375,18.796875,18.601562
1600,2021-06-04 02:00:00,3522,14.8203125,15.0078125,14.9296875,14.90625,14.8125,14.7890625,14.6484375,14.40625,13.984375,21.617188,22.851562,21.1875,19.8125,19.203125,18.984375,18.789062,18.601562
1601,2021-06-04 02:15:00,3528,14.4921875,14.5078125,14.3984375,14.375,14.2890625,14.265625,14.125,13.9296875,13.6171875,21.3125,22.703125,21.21875,19.851562,19.21875,18.984375,18.789062,18.59375
1602,2021-06-04 02:30:00,3522,14.2109375,14.1875,14.1015625,14.078125,13.9765625,13.96875,13.828125,13.6328125,13.359375,21.125,22.5625,21.226562,19.890625,19.226562,18.984375,18.78125,18.59375
1603,2021-06-04 02:45:00,3528,13.703125,13.6015625,13.5234375,13.5234375,13.4375,13.4296875,13.328125,13.125,12.8203125,20.859375,22.429688,21.234375,19.929688,19.25,18.984375,18.789062,18.59375
1604,2021-06-04 03:00:00,3522,13.3359375,13.546875,13.46875,13.453125,13.3671875,13.328125,13.1953125,12.9453125,12.5703125,20.53125,22.289062,21.234375,19.960938,19.257812,18.992188,18.789062,18.59375
1605,2021-06-04 03:15:00,3522,13.0546875,13.21875,13.1328125,13.125,13.03125,13.0234375,12.890625,12.671875,12.1875,20.078125,22.15625,21.234375,19.992188,19.289062,18.992188,18.78125,18.59375
1606,2021-06-04 03:30:00,3528,12.734375,13.0390625,12.9453125,12.9296875,12.828125,12.796875,12.65625,12.3984375,11.8984375,19.84375,22.015625,21.226562,20.015625,19.304688,18.992188,18.78125,18.59375
1607,2021-06-04 03:45:00,3528,12.390625,12.6484375,12.59375,12.5546875,12.484375,12.4609375,12.328125,12.1015625,11.546875,19.71875,21.882812,21.210938,20.046875,19.320312,19.0,18.78125,18.601562
1608,2021-06-04 04:00:00,3528,12.203125,12.515625,12.4453125,12.40625,12.3046875,12.28125,12.1484375,11.9140625,11.4609375,19.5,21.75,21.1875,20.078125,19.34375,19.0,18.773438,18.59375
1609,2021-06-04 04:15:00,3522,12.234375,12.75,12.6953125,12.6484375,12.546875,12.5078125,12.375,12.1015625,11.484375,19.203125,21.609375,21.164062,20.101562,19.359375,19.007812,18.78125,18.59375
1610,2021-06-04 04:30:00,3522,12.2734375,12.7890625,12.7265625,12.703125,12.6015625,12.5703125,12.4140625,12.125,11.4609375,19.0625,21.484375,21.132812,20.117188,19.375,19.015625,18.78125,18.601562
1611,2021-06-04 04:45:00,3528,12.1640625,12.6640625,12.59375,12.5859375,12.4765625,12.4296875,12.296875,12.0078125,11.375,18.882812,21.351562,21.109375,20.140625,19.398438,19.023438,18.78125,18.601562
1612,2021-06-04 05:00:00,3522,12.671875,14.125,14.0625,13.9140625,13.6796875,13.5078125,13.234375,12.8046875,11.7734375,18.664062,21.226562,21.078125,20.15625,19.40625,19.03125,18.78125,18.601562
1613,2021-06-04 05:15:00,3522,13.546875,14.390625,14.3046875,14.21875,14.0703125,13.9609375,13.7109375,13.25,12.1875,18.648438,21.109375,21.046875,20.164062,19.429688,19.039062,18.789062,18.609375
1614,2021-06-04 05:30:00,3522,13.2109375,13.53125,13.4375,13.3828125,13.2265625,13.140625,12.8984375,12.4296875,11.5390625,18.460938,20.992188,21.007812,20.179688,19.453125,19.046875,18.789062,18.617188
1615,2021-06-04 05:45:00,3522,13.0703125,13.4609375,13.3671875,13.28125,13.140625,13.0703125,12.84375,12.4765625,11.59375,18.367188,20.875,20.96875,20.1875,19.46875,19.054688,18.789062,18.617188
1616,2021-06-04 06:00:00,3516,12.9296875,13.2109375,13.125,13.0859375,12.96875,12.921875,12.734375,12.3828125,11.546875,18.3125,20.765625,20.929688,20.195312,19.484375,19.070312,18.796875,18.625
1617,2021-06-04 06:15:00,3522,12.6953125,13.0234375,12.9609375,12.8984375,12.78125,12.7109375,12.5234375,12.2109375,11.4375,18.078125,20.65625,20.890625,20.203125,19.5,19.078125,18.796875,18.625
1618,2021-06-04 06:30:00,3522,12.734375,13.4296875,13.34375,13.265625,13.1015625,12.984375,12.78125,12.421875,11.5703125,17.976562,20.554688,20.84375,20.195312,19.507812,19.085938,18.804688,18.625
1619,2021-06-04 06:45:00,3522,13.203125,14.09375,14.015625,13.9140625,13.7421875,13.609375,13.3671875,12.9453125,11.984375,17.890625,20.453125,20.8125,20.203125,19.523438,19.09375,18.804688,18.632812
1620,2021-06-04 07:00:00,3516,13.25,13.71875,13.6328125,13.5859375,13.4296875,13.328125,13.0625,12.5625,11.6484375,17.851562,20.359375,20.765625,20.210938,19.539062,19.109375,18.804688,18.632812
1621,2021-06-04 07:15:00,3522,13.0,13.390625,13.2734375,13.21875,13.0390625,12.9296875,12.671875,12.1796875,11.375,17.75,20.265625,20.71875,20.203125,19.546875,19.109375,18.820312,18.640625
1622,2021-06-04 07:30:00,3516,12.609375,12.9140625,12.8125,12.7578125,12.609375,12.5234375,12.3359375,11.9453125,11.21875,17.617188,20.171875,20.664062,20.195312,19.5625,19.117188,18.820312,18.648438
1623,2021-06-04 07:45:00,3522,12.359375,12.703125,12.609375,12.578125,12.4453125,12.3828125,12.171875,11.8203125,11.1484375,17.53125,20.078125,20.632812,20.195312,19.570312,19.125,18.820312,18.648438
1624,2021-06-04 08:00:00,3516,12.046875,12.3515625,12.265625,12.21875,12.078125,12.015625,11.8359375,11.484375,10.828125,17.398438,19.992188,20.578125,20.1875,19.578125,19.132812,18.828125,18.65625
1625,2021-06-04 08:15:00,3522,11.8828125,12.1875,12.1015625,12.0546875,11.9375,11.890625,11.703125,11.3359375,10.8046875,17.375,19.90625,20.539062,20.179688,19.59375,19.148438,18.835938,18.65625
1626,2021-06-04 08:30:00,3516,11.703125,12.09375,12.0390625,11.9765625,11.859375,11.8046875,11.640625,11.375,10.90625,17.273438,19.820312,20.5,20.171875,19.601562,19.15625,18.84375,18.671875
1627,2021-06-04 08:45:00,3516,11.4609375,11.6875,11.6171875,11.5703125,11.4765625,11.4296875,11.2421875,10.9375,10.4453125,17.078125,19.742188,20.453125,20.164062,19.609375,19.171875,18.84375,18.671875
1628,2021-06-04 09:00:00,3516,11.109375,11.1796875,11.0859375,11.046875,10.9375,10.9296875,10.7890625,10.5546875,10.0703125,17.046875,19.664062,20.40625,20.148438,19.609375,19.171875,18.859375,18.679688
1629,2021-06-04 09:15:00,3522,10.8203125,11.0703125,10.984375,10.9453125,10.8359375,10.796875,10.671875,10.453125,10.0234375,16.898438,19.585938,20.359375,20.140625,19.625,19.179688,18.859375,18.679688
1630,2021-06-04 09:30:00,3510,10.8125,11.40625,11.375,11.328125,11.1796875,11.1015625,10.9296875,10.6015625,10.09375,16.835938,19.507812,20.320312,20.132812,19.625,19.1875,18.867188,18.6875
1631,2021-06-04 09:45:00,3510,10.8359375,11.25,11.1328125,11.09375,10.9609375,10.9296875,10.7734375,10.4921875,9.953125,16.679688,19.429688,20.273438,20.117188,19.632812,19.203125,18.875,18.695312
1632,2021-06-04 10:00:00,3522,10.3359375,10.2890625,10.171875,10.171875,10.0546875,10.0703125,9.96875,9.796875,9.515625,16.648438,19.34375,20.226562,20.09375,19.632812,19.203125,18.875,18.703125
1633,2021-06-04 10:15:00,3510,9.953125,10.0625,10.0,9.984375,9.90625,9.9375,9.859375,9.7265625,9.4453125,16.507812,19.273438,20.1875,20.078125,19.640625,19.210938,18.882812,18.703125
1634,2021-06-04 10:30:00,3510,9.734375,9.953125,9.8828125,9.859375,9.7890625,9.796875,9.7265625,9.609375,9.3125,16.34375,19.1875,20.140625,20.070312,19.640625,19.21875,18.898438,18.710938
1635,2021-06-04 10:45:00,3522,10.1953125,10.5,10.5078125,10.515625,10.4765625,10.5390625,10.5390625,10.5546875,10.703125,16.5,19.117188,20.09375,20.046875,19.640625,19.234375,18.898438,18.710938
1636,2021-06-04 11:00:00,3510,10.4765625,10.7578125,10.78125,10.7890625,10.765625,10.796875,10.8125,10.8671875,11.0390625,16.523438,19.046875,20.046875,20.03125,19.632812,19.234375,18.90625,18.71875
1637,2021-06-04 11:15:00,3510,10.578125,10.6328125,10.640625,10.65625,10.640625,10.6875,10.6796875,10.703125,10.9140625,16.578125,18.976562,20.0,20.015625,19.640625,19.242188,18.90625,18.726562
1638,2021-06-04 11:30:00,3510,10.5390625,10.5390625,10.5625,10.578125,10.5703125,10.640625,10.6171875,10.625,10.7578125,16.554688,18.914062,19.953125,19.992188,19.640625,19.242188,18.921875,18.726562
1639,2021-06-04 11:45:00,3516,10.5703125,10.5078125,10.5390625,10.5703125,10.5625,10.6484375,10.6640625,10.6953125,10.8515625,16.578125,18.851562,19.914062,19.976562,19.640625,19.25,18.921875,18.734375
1640,2021-06-04 12:00:00,3510,10.5078125,10.390625,10.4296875,10.4609375,10.46875,10.5703125,10.5859375,10.65625,10.859375,16.554688,18.804688,19.859375,19.960938,19.640625,19.257812,18.929688,18.742188
1641,2021-06-04 12:15:00,3510,10.46875,10.3828125,10.421875,10.453125,10.4609375,10.5625,10.59375,10.6640625,10.8359375,16.484375,18.75,19.820312,19.9375,19.640625,19.257812,18.9375,18.75
1642,2021-06-04 12:30:00,3510,10.4140625,10.3046875,10.3359375,10.375,10.3828125,10.4765625,10.5,10.5703125,10.765625,16.453125,18.695312,19.78125,19.914062,19.632812,19.265625,18.9375,18.75
1643,2021-06-04 12:45:00,3510,10.3359375,10.21875,10.25,10.28125,10.28125,10.3828125,10.4296875,10.5234375,10.765625,16.4375,18.648438,19.734375,19.898438,19.625,19.273438,18.9375,18.757812
1644,2021-06-04 13:00:00,3510,10.3359375,10.2734375,10.296875,10.3359375,10.3359375,10.4375,10.4609375,10.5546875,10.7734375,16.429688,18.601562,19.695312,19.882812,19.625,19.273438,18.953125,18.765625
1645,2021-06-04 13:15:00,3510,10.4375,10.421875,10.46875,10.5078125,10.5078125,10.6015625,10.6484375,10.7421875,10.96875,16.421875,18.554688,19.65625,19.859375,19.617188,19.273438,18.953125,18.765625
1646,2021-06-04 13:30:00,3510,10.515625,10.375,10.421875,10.4609375,10.4765625,10.5859375,10.640625,10.765625,11.0,16.429688,18.515625,19.609375,19.835938,19.617188,19.273438,18.960938,18.765625
1647,2021-06-04 13:45:00,3504,10.5546875,10.4375,10.484375,10.515625,10.53125,10.6328125,10.6875,10.828125,11.109375,16.421875,18.46875,19.570312,19.8125,19.609375,19.28125,18.960938,18.765625
1648,2021-06-04 14:00:00,3510,10.640625,10.625,10.6640625,10.703125,10.7109375,10.8046875,10.859375,10.96875,11.2265625,16.398438,18.429688,19.53125,19.789062,19.601562,19.28125,18.96875,18.773438
1649,2021-06-04 14:15:00,3510,10.7109375,10.5,10.5625,10.6171875,10.640625,10.765625,10.828125,10.984375,11.296875,16.4375,18.398438,19.5,19.773438,19.59375,19.289062,18.976562,18.78125
1650,2021-06-04 14:30:00,3498,10.703125,10.4453125,10.4921875,10.546875,10.5625,10.671875,10.75,10.9296875,11.25,16.492188,18.359375,19.460938,19.75,19.585938,19.289062,18.976562,18.78125
1651,2021-06-04 14:45:00,3504,10.7734375,10.609375,10.671875,10.7265625,10.7578125,10.8671875,10.9375,11.1328125,11.5,16.515625,18.328125,19.429688,19.726562,19.578125,19.289062,18.976562,18.789062
1652,2021-06-04 15:00:00,3510,10.8984375,10.6640625,10.734375,10.7890625,10.828125,10.953125,11.0546875,11.2734375,11.6796875,16.601562,18.296875,19.382812,19.703125,19.578125,19.289062,18.984375,18.789062
1653,2021-06-04 15:15:00,3504,11.0703125,10.90625,10.953125,11.0078125,11.046875,11.1875,11.3046875,11.5078125,11.9140625,16.6875,18.265625,19.351562,19.679688,19.570312,19.289062,18.984375,18.796875
1654,2021-06-04 15:30:00,3504,11.5,11.25,11.2734375,11.3515625,11.4140625,11.5859375,11.7421875,12.0234375,12.65625,16.9375,18.242188,19.320312,19.65625,19.5625,19.289062,18.992188,18.789062
1655,2021-06-04 15:45:00,3504,11.8046875,11.5625,11.609375,11.6796875,11.8125,12.0234375,12.1484375,12.359375,12.96875,17.085938,18.226562,19.28125,19.632812,19.546875,19.289062,18.992188,18.796875
1656,2021-06-04 16:00:00,3504,12.0078125,11.625,11.6953125,11.8125,12.0234375,12.203125,12.3203125,12.4765625,12.9140625,17.1875,18.21875,19.25,19.609375,19.539062,19.289062,19.0,18.796875
1657,2021-06-04 16:15:00,3504,12.5546875,12.09375,12.1953125,12.3671875,12.546875,12.71875,12.84375,13.1015625,13.7265625,17.40625,18.21875,19.21875,19.585938,19.53125,19.289062,19.0,18.804688
1658,2021-06-04 16:30:00,3498,13.3984375,12.734375,12.984375,13.25,13.390625,13.6015625,13.7734375,14.078125,14.796875,17.828125,18.21875,19.195312,19.5625,19.523438,19.28125,19.0,18.804688
1659,2021-06-04 16:45:00,3498,13.9140625,13.15625,13.390625,13.5390625,13.671875,13.8984375,14.0859375,14.3984375,15.1484375,18.140625,18.234375,19.164062,19.539062,19.507812,19.28125,19.007812,18.796875
1660,2021-06-04 17:00:00,3504,14.796875,13.859375,14.0625,14.21875,14.390625,14.671875,14.90625,15.3203125,16.25,18.617188,18.257812,19.140625,19.53125,19.5,19.28125,19.007812,18.796875
1661,2021-06-04 17:15:00,3504,16.539062,16.101562,16.398438,16.570312,16.804688,17.195312,17.523438,18.132812,19.265625,19.421875,18.296875,19.117188,19.5,19.492188,19.28125,19.007812,18.804688
1662,2021-06-04 17:30:00,3504,17.851562,16.109375,16.5,16.695312,16.90625,17.359375,17.773438,18.492188,19.882812,20.539062,18.351562,19.09375,19.476562,19.484375,19.273438,19.007812,18.804688
1663,2021-06-04 17:45:00,3498,19.328125,17.6875,18.078125,18.320312,18.585938,19.0,19.429688,20.0,21.164062,21.640625,18.4375,19.078125,19.460938,19.476562,19.273438,19.007812,18.804688
1664,2021-06-04 18:00:00,3504,20.320312,18.460938,18.5625,18.9375,19.265625,19.476562,19.53125,19.820312,20.664062,21.742188,18.5625,19.0625,19.4375,19.460938,19.273438,19.007812,18.804688
1665,2021-06-04 18:15:00,3498,20.867188,18.734375,18.546875,18.65625,18.835938,19.132812,19.46875,20.070312,21.242188,22.890625,18.710938,19.054688,19.421875,19.445312,19.265625,19.007812,18.8125
1666,2021-06-04 18:30:00,3498,21.695312,20.0,19.8125,19.820312,19.84375,20.015625,20.257812,20.328125,20.203125,21.328125,18.890625,19.054688,19.398438,19.429688,19.265625,19.007812,18.8125
1667,2021-06-04 18:45:00,3510,21.625,19.304688,19.28125,19.421875,19.5625,19.820312,20.0625,20.546875,21.34375,21.820312,19.054688,19.0625,19.375,19.429688,19.257812,19.007812,18.804688
1668,2021-06-04 19:00:00,3504,22.046875,20.070312,20.023438,20.140625,20.296875,20.632812,20.929688,21.507812,22.304688,23.1875,19.1875,19.0625,19.367188,19.40625,19.257812,19.007812,18.804688
1669,2021-06-04 19:15:00,3516,22.054688,19.296875,19.320312,19.515625,19.75,20.078125,20.4375,21.070312,22.328125,24.171875,19.328125,19.09375,19.34375,19.398438,19.257812,19.007812,18.804688
1670,2021-06-04 19:30:00,3510,22.882812,20.726562,20.890625,21.226562,21.460938,21.804688,22.117188,22.671875,23.546875,24.953125,19.507812,19.109375,19.328125,19.382812,19.242188,19.007812,18.804688
1671,2021-06-04 19:45:00,3510,23.179688,20.164062,20.507812,20.6875,20.84375,21.164062,21.507812,22.054688,23.132812,25.476562,19.726562,19.140625,19.320312,19.375,19.242188,19.007812,18.804688
1672,2021-06-04 20:00:00,3504,23.710938,20.679688,20.984375,21.117188,21.226562,21.554688,21.898438,22.4375,23.726562,26.414062,19.960938,19.179688,19.304688,19.359375,19.234375,19.0,18.804688
1673,2021-06-04 20:15:00,3510,23.523438,20.757812,20.96875,21.140625,21.234375,21.515625,21.804688,22.242188,23.421875,26.78125,20.210938,19.21875,19.304688,19.34375,19.234375,19.007812,18.804688
1674,2021-06-04 20:30:00,3510,23.234375,20.039062,20.046875,20.25,20.359375,20.703125,21.09375,21.5625,22.671875,27.085938,20.476562,19.273438,19.296875,19.335938,19.21875,19.0,18.796875
1675,2021-06-04 20:45:00,3510,23.609375,21.101562,21.179688,21.3125,21.460938,21.734375,22.085938,22.539062,23.757812,27.4375,20.75,19.328125,19.296875,19.328125,19.21875,19.0,18.804688
1676,2021-06-04 21:00:00,3522,23.664062,21.109375,21.1875,21.367188,21.507812,21.765625,22.085938,22.398438,23.234375,27.210938,21.007812,19.390625,19.289062,19.320312,19.21875,19.0,18.789062
1677,2021-06-04 21:15:00,3516,23.609375,20.851562,20.929688,21.179688,21.34375,21.625,21.945312,22.304688,23.0625,27.28125,21.265625,19.46875,19.296875,19.304688,19.203125,18.992188,18.789062
1678,2021-06-04 21:30:00,3510,23.320312,20.429688,20.5625,20.8125,21.039062,21.351562,21.671875,22.015625,22.578125,27.195312,21.515625,19.554688,19.296875,19.304688,19.195312,18.992188,18.789062
1679,2021-06-04 21:45:00,3510,23.289062,20.882812,21.054688,21.328125,21.601562,21.914062,22.265625,22.601562,22.796875,27.234375,21.75,19.632812,19.3125,19.296875,19.195312,18.992188,18.789062
1680,2021-06-04 22:00:00,3522,23.476562,21.226562,21.195312,21.367188,21.523438,21.796875,22.148438,22.40625,22.359375,27.03125,21.960938,19.734375,19.320312,19.28125,19.1875,18.984375,18.78125
1681,2021-06-04 22:15:00,3516,23.117188,20.632812,20.804688,21.0625,21.320312,21.585938,21.890625,22.1875,22.078125,26.835938,22.148438,19.828125,19.335938,19.273438,19.1875,18.984375,18.78125
1682,2021-06-04 22:30:00,3528,23.460938,21.609375,21.640625,21.835938,21.976562,22.234375,22.5,22.710938,22.46875,26.640625,22.328125,19.921875,19.351562,19.273438,19.171875,18.984375,18.78125
1683,2021-06-04 22:45:00,3516,24.070312,22.484375,22.554688,22.953125,22.78125,22.453125,22.125,21.914062,22.257812,26.054688,22.476562,20.023438,19.375,19.265625,19.171875,18.976562,18.78125
1684,2021-06-04 23:00:00,3528,22.984375,20.5625,20.75,21.125,21.476562,21.828125,22.21875,22.257812,22.34375,25.476562,22.609375,20.125,19.398438,19.257812,19.164062,18.976562,18.773438
1685,2021-06-04 23:15:00,3528,22.210938,20.0,20.09375,20.359375,20.609375,20.882812,21.179688,21.148438,21.664062,25.15625,22.703125,20.21875,19.4375,19.257812,19.15625,18.96875,18.773438
1686,2021-06-04 23:30:00,3522,22.601562,19.726562,19.890625,20.101562,20.0625,20.109375,20.226562,20.125,20.695312,24.757812,22.78125,20.3125,19.460938,19.257812,19.15625,18.960938,18.773438
1687,2021-06-04 23:45:00,3528,19.078125,16.5625,16.390625,16.390625,16.375,16.429688,16.351562,16.304688,16.25,23.898438,22.828125,20.40625,19.484375,19.257812,19.148438,18.96875,18.765625
1688,2021-06-05 00:00:00,3522,16.929688,15.796875,15.75,15.7890625,15.78125,15.84375,15.7890625,15.7109375,15.4765625,23.15625,22.851562,20.492188,19.523438,19.265625,19.140625,18.953125,18.757812
1689,2021-06-05 00:15:00,3522,15.9921875,15.3515625,15.2890625,15.3125,15.3046875,15.359375,15.3125,15.265625,15.0546875,22.609375,22.820312,20.570312,19.5625,19.265625,19.132812,18.960938,18.757812
1690,2021-06-05 00:30:00,3528,15.828125,15.3203125,15.2734375,15.3125,15.3125,15.390625,15.34375,15.390625,15.1953125,22.273438,22.75,20.640625,19.59375,19.265625,19.140625,18.945312,18.757812
1691,2021-06-05 00:45:00,3522,14.5703125,13.9140625,13.84375,13.859375,13.8046875,13.8515625,13.765625,13.6640625,13.5,21.796875,22.664062,20.710938,19.632812,19.273438,19.132812,18.945312,18.757812
1692,2021-06-05 01:00:00,3522,13.71875,13.421875,13.359375,13.359375,13.3046875,13.328125,13.2421875,13.1171875,12.9296875,21.351562,22.554688,20.773438,19.671875,19.28125,19.125,18.945312,18.757812
1693,2021-06-05 01:15:00,3516,13.21875,13.125,13.0625,13.0625,12.9921875,12.9921875,12.8828125,12.734375,12.5625,21.109375,22.4375,20.820312,19.710938,19.289062,19.125,18.945312,18.75
1694,2021-06-05 01:30:00,3516,12.7109375,12.6171875,12.53125,12.53125,12.4453125,12.4765625,12.390625,12.2890625,12.203125,20.710938,22.3125,20.859375,19.742188,19.296875,19.125,18.9375,18.75
1695,2021-06-05 01:45:00,3522,12.296875,12.1796875,12.1171875,12.1171875,12.046875,12.0859375,11.984375,11.8828125,11.7421875,20.390625,22.171875,20.890625,19.78125,19.3125,19.125,18.9375,18.75
1696,2021-06-05 02:00:00,3522,11.90625,11.828125,11.7578125,11.75,11.6640625,11.7109375,11.609375,11.53125,11.4375,20.054688,22.023438,20.90625,19.820312,19.320312,19.125,18.9375,18.742188
1697,2021-06-05 02:15:00,3522,11.6640625,11.7578125,11.703125,11.703125,11.6484375,11.6796875,11.6171875,11.53125,11.4375,19.828125,21.890625,20.921875,19.84375,19.335938,19.117188,18.9375,18.75
1698,2021-06-05 02:30:00,3528,11.640625,11.7734375,11.75,11.7578125,11.71875,11.7734375,11.734375,11.6953125,11.640625,19.664062,21.75,20.929688,19.882812,19.351562,19.125,18.929688,18.75
1699,2021-06-05 02:45:00,3522,11.7109375,11.65625,11.6328125,11.65625,11.625,11.6953125,11.6640625,11.6640625,11.703125,19.539062,21.617188,20.921875,19.90625,19.359375,19.125,18.921875,18.742188
1700,2021-06-05 03:00:00,3516,11.5,11.40625,11.3984375,11.4140625,11.390625,11.4609375,11.4296875,11.4375,11.5078125,19.40625,21.484375,20.914062,19.9375,19.375,19.125,18.921875,18.742188
1701,2021-06-05 03:15:00,3522,11.3203125,11.078125,11.109375,11.140625,11.15625,11.2578125,11.2578125,11.3203125,11.4921875,19.25,21.351562,20.90625,19.960938,19.382812,19.125,18.929688,18.75
1702,2021-06-05 03:30:00,3516,11.140625,11.0859375,11.0859375,11.1015625,11.078125,11.15625,11.1328125,11.1484375,11.234375,19.0625,21.226562,20.882812,19.984375,19.398438,19.132812,18.921875,18.742188
1703,2021-06-05 03:45:00,3510,11.0390625,11.015625,11.015625,11.03125,11.0,11.0703125,11.0546875,11.0859375,11.25,18.976562,21.109375,20.867188,20.007812,19.421875,19.132812,18.921875,18.742188
1704,2021-06-05 04:00:00,3510,10.90625,10.84375,10.859375,10.8828125,10.8671875,10.953125,10.953125,10.9921875,11.1328125,18.789062,21.0,20.84375,20.023438,19.429688,19.140625,18.929688,18.742188
1705,2021-06-05 04:15:00,3504,10.8359375,10.7109375,10.7265625,10.7578125,10.75,10.828125,10.84375,10.90625,11.0859375,18.6875,20.890625,20.820312,20.039062,19.445312,19.140625,18.921875,18.742188
1706,2021-06-05 04:30:00,3522,10.8828125,10.859375,10.875,10.8984375,10.890625,10.96875,10.96875,11.015625,11.1328125,18.5,20.78125,20.789062,20.054688,19.460938,19.140625,18.921875,18.75
1707,2021-06-05 04:45:00,3510,10.8984375,10.9609375,10.96875,10.9921875,10.9609375,11.0390625,11.0390625,11.078125,11.2265625,18.34375,20.671875,20.75,20.0625,19.46875,19.148438,18.921875,18.75
1708,2021-06-05 05:00:00,3510,11.0234375,11.125,11.140625,11.1640625,11.140625,11.203125,11.1796875,11.1875,11.28125,18.304688,20.570312,20.71875,20.078125,19.484375,19.148438,18.921875,18.742188
1709,2021-06-05 05:15:00,3504,10.984375,10.9140625,10.9296875,10.9609375,10.9453125,11.0234375,11.0234375,11.0546875,11.171875,18.15625,20.460938,20.6875,20.078125,19.5,19.164062,18.921875,18.75
1710,2021-06-05 05:30:00,3510,10.921875,10.8828125,10.8984375,10.9140625,10.890625,10.9609375,10.9609375,11.0,11.15625,18.109375,20.375,20.648438,20.09375,19.507812,19.164062,18.921875,18.75
1711,2021-06-05 05:45:00,3522,10.8203125,10.7578125,10.7734375,10.796875,10.78125,10.8671875,10.859375,10.8828125,10.984375,17.976562,20.273438,20.609375,20.09375,19.523438,19.171875,18.929688,18.757812
1712,2021-06-05 06:00:00,3510,10.7109375,10.5078125,10.5078125,10.53125,10.5078125,10.578125,10.578125,10.625,10.8203125,17.875,20.1875,20.570312,20.09375,19.53125,19.179688,18.9375,18.75
1713,2021-06-05 06:15:00,3510,10.671875,10.59375,10.5859375,10.5859375,10.5625,10.6328125,10.6171875,10.640625,10.78125,17.835938,20.101562,20.539062,20.09375,19.539062,19.1875,18.929688,18.757812
1714,2021-06-05 06:30:00,3522,10.4921875,10.3671875,10.3359375,10.3515625,10.3203125,10.3828125,10.375,10.3828125,10.53125,17.796875,20.007812,20.492188,20.09375,19.554688,19.195312,18.9375,18.757812
1715,2021-06-05 06:45:00,3504,10.3359375,10.34375,10.3203125,10.3359375,10.296875,10.3515625,10.328125,10.328125,10.4296875,17.640625,19.929688,20.460938,20.085938,19.5625,19.195312,18.9375,18.757812
1716,2021-06-05 07:00:00,3510,10.3984375,10.4140625,10.4296875,10.4375,10.421875,10.484375,10.4765625,10.5078125,10.6640625,17.5625,19.84375,20.414062,20.078125,19.570312,19.210938,18.9375,18.765625
1717,2021-06-05 07:15:00,3504,10.5546875,10.6953125,10.703125,10.71875,10.703125,10.7734375,10.7578125,10.78125,10.875,17.460938,19.765625,20.375,20.078125,19.585938,19.210938,18.945312,18.757812
1718,2021-06-05 07:30:00,3504,10.5,10.46875,10.4765625,10.4921875,10.4921875,10.5625,10.5625,10.59375,10.7265625,17.429688,19.6875,20.335938,20.070312,19.578125,19.21875,18.945312,18.765625
1719,2021-06-05 07:45:00,3510,10.453125,10.3203125,10.34375,10.3671875,10.359375,10.4296875,10.4375,10.4921875,10.640625,17.320312,19.617188,20.296875,20.054688,19.59375,19.226562,18.945312,18.773438
1720,2021-06-05 08:00:00,3510,10.3046875,10.2578125,10.2578125,10.265625,10.2265625,10.3046875,10.28125,10.3125,10.4453125,17.28125,19.546875,20.25,20.046875,19.601562,19.226562,18.953125,18.773438
1721,2021-06-05 08:15:00,3510,10.2109375,10.15625,10.15625,10.171875,10.1484375,10.2265625,10.2109375,10.2421875,10.359375,17.164062,19.46875,20.203125,20.039062,19.601562,19.242188,18.953125,18.773438
1722,2021-06-05 08:30:00,3510,10.078125,10.0625,10.046875,10.0625,10.03125,10.09375,10.0703125,10.078125,10.203125,17.070312,19.398438,20.171875,20.023438,19.609375,19.242188,18.960938,18.773438
1723,2021-06-05 08:45:00,3510,10.25,10.3671875,10.3828125,10.40625,10.390625,10.46875,10.4609375,10.5,10.6171875,17.03125,19.328125,20.132812,20.015625,19.617188,19.25,18.96875,18.773438
1724,2021-06-05 09:00:00,3504,10.203125,10.1015625,10.109375,10.125,10.1171875,10.1953125,10.1875,10.2265625,10.3515625,16.914062,19.257812,20.078125,20.007812,19.617188,19.257812,18.96875,18.78125
1725,2021-06-05 09:15:00,3504,10.234375,10.265625,10.296875,10.3125,10.3046875,10.3671875,10.3671875,10.3828125,10.4609375,16.773438,19.1875,20.046875,19.992188,19.617188,19.257812,18.96875,18.78125
1726,2021-06-05 09:30:00,3504,10.28125,10.2890625,10.3046875,10.3203125,10.3046875,10.3828125,10.3671875,10.3984375,10.4609375,16.65625,19.132812,20.0,19.976562,19.617188,19.257812,18.96875,18.789062
1727,2021-06-05 09:45:00,3510,10.1953125,10.140625,10.125,10.140625,10.1015625,10.1640625,10.1328125,10.1171875,10.140625,16.5625,19.054688,19.960938,19.960938,19.625,19.265625,18.976562,18.789062
1728,2021-06-05 10:00:00,3510,10.0625,10.09375,10.0703125,10.0703125,10.03125,10.0703125,10.03125,10.0,10.03125,16.59375,18.992188,19.921875,19.945312,19.617188,19.273438,18.984375,18.789062
1729,2021-06-05 10:15:00,3510,10.171875,10.28125,10.2890625,10.296875,10.2578125,10.3203125,10.2890625,10.28125,10.296875,16.460938,18.929688,19.882812,19.929688,19.617188,19.28125,18.984375,18.789062
1730,2021-06-05 10:30:00,3504,10.328125,10.4375,10.4609375,10.46875,10.4453125,10.5078125,10.484375,10.4921875,10.53125,16.40625,18.859375,19.835938,19.914062,19.617188,19.28125,18.992188,18.796875
1731,2021-06-05 10:45:00,3498,10.140625,10.0703125,10.0390625,10.0390625,10.0,10.0390625,9.984375,9.9609375,10.015625,16.398438,18.796875,19.796875,19.898438,19.617188,19.289062,18.992188,18.789062
1732,2021-06-05 11:00:00,3498,9.59375,9.4609375,9.375,9.359375,9.296875,9.328125,9.25,9.1796875,9.2265625,16.359375,18.734375,19.757812,19.875,19.609375,19.289062,18.984375,18.796875
1733,2021-06-05 11:15:00,3504,9.1875,9.1796875,9.09375,9.0859375,8.984375,9.0,8.8828125,8.765625,8.7578125,16.203125,18.679688,19.71875,19.859375,19.609375,19.289062,19.0,18.796875
1734,2021-06-05 11:30:00,3498,9.03125,9.15625,9.0859375,9.0703125,8.9609375,8.953125,8.828125,8.71875,8.8515625,16.09375,18.617188,19.679688,19.84375,19.601562,19.289062,18.992188,18.796875
1735,2021-06-05 11:45:00,3498,9.015625,9.3203125,9.25,9.234375,9.1484375,9.1640625,9.0546875,8.96875,8.9921875,16.023438,18.554688,19.632812,19.820312,19.601562,19.296875,19.0,18.804688
1736,2021-06-05 12:00:00,3498,9.078125,9.328125,9.25,9.2265625,9.1328125,9.1484375,9.046875,8.9609375,8.921875,15.8046875,18.492188,19.59375,19.796875,19.601562,19.296875,19.0,18.804688
1737,2021-06-05 12:15:00,3498,8.8984375,9.015625,8.9296875,8.9140625,8.8203125,8.8203125,8.7109375,8.5625,8.484375,15.78125,18.421875,19.554688,19.78125,19.59375,19.296875,19.007812,18.804688
1738,2021-06-05 12:30:00,3504,8.7265625,8.8359375,8.7421875,8.71875,8.6171875,8.640625,8.5390625,8.4140625,8.4375,15.8046875,18.359375,19.515625,19.757812,19.585938,19.296875,19.0,18.804688
1739,2021-06-05 12:45:00,3504,8.484375,8.6640625,8.578125,8.5703125,8.46875,8.4765625,8.390625,8.3046875,8.265625,15.6484375,18.289062,19.46875,19.734375,19.578125,19.296875,19.007812,18.804688
1740,2021-06-05 13:00:00,3504,8.71875,9.1328125,9.0859375,9.0546875,8.96875,8.953125,8.828125,8.7265625,8.703125,15.5546875,18.226562,19.421875,19.71875,19.570312,19.296875,19.007812,18.804688
1741,2021-06-05 13:15:00,3504,8.9921875,9.4609375,9.421875,9.4140625,9.34375,9.34375,9.25,9.1953125,9.234375,15.5546875,18.15625,19.382812,19.695312,19.5625,19.304688,19.015625,18.804688
1742,2021-06-05 13:30:00,3504,9.2265625,9.53125,9.4609375,9.453125,9.3828125,9.40625,9.3125,9.203125,9.1796875,15.484375,18.09375,19.34375,19.671875,19.5625,19.296875,19.007812,18.804688
1743,2021-06-05 13:45:00,3498,9.421875,9.7578125,9.7109375,9.703125,9.65625,9.6875,9.625,9.5234375,9.515625,15.4765625,18.03125,19.304688,19.65625,19.546875,19.296875,19.015625,18.8125
1744,2021-06-05 14:00:00,3498,9.4609375,9.5546875,9.46875,9.4609375,9.390625,9.421875,9.3515625,9.265625,9.203125,15.5234375,17.976562,19.265625,19.632812,19.546875,19.296875,19.015625,18.8125
1745,2021-06-05 14:15:00,3504,10.265625,10.5390625,10.484375,10.4765625,10.4453125,10.53125,10.484375,10.3515625,9.671875,15.5234375,17.921875,19.21875,19.601562,19.53125,19.296875,19.015625,18.804688
1746,2021-06-05 14:30:00,3498,12.125,12.2265625,12.2265625,12.2578125,12.328125,12.5703125,12.640625,12.9296875,11.2734375,15.640625,17.875,19.179688,19.585938,19.523438,19.289062,19.015625,18.804688
1747,2021-06-05 14:45:00,3504,13.59375,13.328125,13.296875,13.3359375,13.4453125,13.75,13.875,14.4140625,14.0234375,15.9609375,17.828125,19.132812,19.554688,19.515625,19.296875,19.015625,18.804688
1748,2021-06-05 15:00:00,3504,14.7734375,14.140625,14.109375,14.171875,14.2734375,14.609375,14.7265625,15.4453125,15.8046875,16.367188,17.796875,19.09375,19.53125,19.507812,19.289062,19.023438,18.796875
1749,2021-06-05 15:15:00,3498,15.796875,14.546875,14.5390625,14.609375,14.7421875,15.078125,15.21875,16.007812,16.734375,16.945312,17.765625,19.0625,19.507812,19.5,19.28125,19.015625,18.804688
1750,2021-06-05 15:30:00,3504,16.476562,15.1953125,15.21875,15.328125,15.4765625,15.8515625,16.085938,16.828125,17.796875,17.609375,17.765625,19.015625,19.484375,19.484375,19.28125,19.015625,18.796875
1751,2021-06-05 15:45:00,3498,17.757812,16.375,16.390625,16.507812,16.664062,17.070312,17.359375,18.054688,19.5,18.453125,17.773438,18.984375,19.453125,19.476562,19.28125,19.015625,18.796875
1752,2021-06-05 16:00:00,3498,18.789062,17.03125,16.960938,17.03125,17.117188,17.484375,17.84375,18.546875,20.414062,19.242188,17.796875,18.945312,19.4375,19.460938,19.273438,19.023438,18.796875
1753,2021-06-05 16:15:00,3504,19.335938,17.351562,17.375,17.515625,17.71875,18.132812,18.46875,19.21875,19.90625,19.789062,17.859375,18.90625,19.40625,19.445312,19.273438,19.015625,18.789062
1754,2021-06-05 16:30:00,3504,19.59375,17.554688,17.5625,17.6875,17.828125,18.25,18.617188,19.4375,20.367188,20.1875,17.929688,18.882812,19.382812,19.4375,19.265625,19.015625,18.796875
1755,2021-06-05 16:45:00,3498,20.09375,17.976562,18.085938,18.203125,18.382812,18.804688,19.140625,19.921875,20.945312,20.804688,18.023438,18.851562,19.351562,19.421875,19.265625,19.015625,18.789062
1756,2021-06-05 17:00:00,3504,20.585938,18.46875,18.726562,18.882812,19.0625,19.421875,19.726562,20.460938,21.421875,21.257812,18.132812,18.835938,19.335938,19.40625,19.257812,19.007812,18.789062
1757,2021-06-05 17:15:00,3504,21.570312,19.398438,19.648438,19.71875,19.84375,20.195312,20.476562,21.1875,22.382812,21.992188,18.265625,18.820312,19.304688,19.390625,19.25,19.007812,18.78125
1758,2021-06-05 17:30:00,3504,21.890625,19.03125,19.257812,19.382812,19.554688,19.929688,20.296875,21.03125,22.429688,22.8125,18.40625,18.8125,19.28125,19.382812,19.242188,19.0,18.78125
1759,2021-06-05 17:45:00,3504,22.070312,19.648438,19.734375,19.859375,19.976562,20.25,20.5,21.140625,22.289062,23.15625,18.570312,18.804688,19.257812,19.367188,19.242188,19.0,18.78125
1760,2021-06-05 18:00:00,3510,22.570312,20.625,20.53125,20.804688,20.921875,21.171875,21.4375,22.039062,23.1875,23.851562,18.742188,18.8125,19.242188,19.351562,19.234375,19.0,18.773438
1761,2021-06-05 18:15:00,3504,23.96875,21.992188,21.9375,22.0625,22.28125,22.585938,22.890625,23.53125,24.664062,24.65625,18.9375,18.828125,19.21875,19.335938,19.226562,18.992188,18.773438
1762,2021-06-05 18:30:00,3516,24.101562,21.390625,21.28125,21.375,21.460938,21.679688,21.921875,22.429688,23.296875,24.6875,19.140625,18.835938,19.203125,19.328125,19.21875,18.992188,18.773438
1763,2021-06-05 18:45:00,3516,23.296875,20.5625,20.4375,20.484375,20.507812,20.679688,20.804688,21.0,21.398438,24.125,19.351562,18.867188,19.1875,19.3125,19.210938,18.992188,18.765625
1764,2021-06-05 19:00:00,3522,22.585938,20.710938,20.664062,20.71875,20.75,20.890625,20.953125,21.078125,21.195312,23.578125,19.570312,18.898438,19.171875,19.296875,19.210938,18.984375,18.765625
1765,2021-06-05 19:15:00,3510,23.6875,21.585938,21.585938,21.71875,21.828125,22.023438,22.15625,22.4375,22.921875,24.25,19.75,18.929688,19.15625,19.273438,19.195312,18.984375,18.765625
1766,2021-06-05 19:30:00,3510,24.242188,22.242188,22.328125,22.460938,22.515625,22.6875,22.8125,23.085938,23.726562,24.78125,19.921875,18.984375,19.148438,19.273438,19.1875,18.984375,18.75
1767,2021-06-05 19:45:00,3510,25.039062,22.59375,22.75,22.820312,22.859375,23.078125,23.257812,23.648438,24.507812,25.625,20.09375,19.03125,19.140625,19.25,19.179688,18.976562,18.75
1768,2021-06-05 20:00:00,3510,25.195312,22.390625,22.726562,22.914062,23.023438,23.242188,23.40625,23.6875,24.242188,26.023438,20.273438,19.078125,19.140625,19.242188,19.179688,18.976562,18.75
1769,2021-06-05 20:15:00,3522,25.085938,22.539062,22.703125,22.828125,22.9375,23.109375,23.226562,23.4375,23.78125,26.21875,20.46875,19.140625,19.132812,19.226562,19.164062,18.960938,18.742188
1770,2021-06-05 20:30:00,3516,25.226562,22.71875,22.78125,22.921875,23.007812,23.226562,23.429688,23.742188,24.210938,26.609375,20.679688,19.203125,19.132812,19.21875,19.15625,18.960938,18.734375
1771,2021-06-05 20:45:00,3522,25.773438,23.226562,23.289062,23.46875,23.5625,23.789062,24.007812,24.359375,24.890625,27.0,20.898438,19.273438,19.132812,19.203125,19.148438,18.953125,18.726562
1772,2021-06-05 21:00:00,3522,26.445312,24.242188,24.234375,24.3125,24.359375,24.53125,24.71875,25.039062,25.5,27.320312,21.101562,19.34375,19.140625,19.195312,19.140625,18.953125,18.726562
1773,2021-06-05 21:15:00,3522,26.4375,23.992188,24.046875,24.164062,24.25,24.40625,24.5625,24.804688,25.070312,27.304688,21.328125,19.421875,19.148438,19.1875,19.132812,18.945312,18.71875
1774,2021-06-05 21:30:00,3522,26.585938,24.429688,24.367188,24.429688,24.460938,24.609375,24.757812,24.992188,25.148438,27.28125,21.5625,19.5,19.15625,19.179688,19.125,18.9375,18.726562
1775,2021-06-05 21:45:00,3516,26.476562,24.359375,24.398438,24.523438,24.617188,24.75,24.914062,25.101562,24.796875,27.25,21.773438,19.585938,19.171875,19.171875,19.117188,18.9375,18.710938
1776,2021-06-05 22:00:00,3528,26.53125,24.203125,24.203125,24.382812,24.507812,24.695312,24.914062,25.132812,24.398438,27.210938,21.960938,19.671875,19.195312,19.164062,19.101562,18.929688,18.710938
1777,2021-06-05 22:15:00,3522,26.523438,24.257812,24.203125,24.359375,24.445312,24.578125,24.773438,24.945312,24.234375,27.15625,22.15625,19.757812,19.210938,19.15625,19.101562,18.921875,18.710938
1778,2021-06-05 22:30:00,3522,26.445312,24.375,24.429688,24.648438,24.820312,24.929688,25.117188,25.09375,24.257812,26.8125,22.3125,19.851562,19.234375,19.15625,19.09375,18.914062,18.703125
1779,2021-06-05 22:45:00,3528,26.695312,24.96875,24.90625,25.070312,25.148438,25.3125,25.460938,25.382812,24.882812,26.742188,22.460938,19.953125,19.25,19.15625,19.078125,18.914062,18.703125
1780,2021-06-05 23:00:00,3528,27.289062,25.664062,25.492188,25.609375,25.648438,25.773438,25.914062,25.40625,25.242188,26.492188,22.59375,20.046875,19.28125,19.148438,19.078125,18.914062,18.703125
1781,2021-06-05 23:15:00,3528,27.742188,26.023438,25.820312,25.914062,25.976562,26.117188,26.265625,25.851562,25.757812,26.289062,22.703125,20.140625,19.304688,19.140625,19.070312,18.90625,18.695312
1782,2021-06-05 23:30:00,3528,27.101562,24.789062,24.710938,24.789062,24.820312,24.851562,24.8125,24.476562,24.328125,26.070312,22.8125,20.226562,19.34375,19.148438,19.0625,18.898438,18.695312
1783,2021-06-05 23:45:00,3534,24.117188,21.453125,21.179688,21.117188,20.992188,20.945312,20.6875,20.304688,19.601562,24.898438,22.882812,20.320312,19.375,19.148438,19.0625,18.890625,18.695312
1784,2021-06-06 00:00:00,3534,21.578125,20.382812,20.203125,20.117188,20.0,19.929688,19.679688,19.289062,18.414062,24.101562,22.945312,20.40625,19.40625,19.148438,19.054688,18.890625,18.695312
1785,2021-06-06 00:15:00,3534,20.835938,20.320312,20.21875,20.171875,20.054688,19.945312,19.664062,19.25,18.3125,23.710938,22.945312,20.492188,19.453125,19.148438,19.054688,18.890625,18.6875
1786,2021-06-06 00:30:00,3528,20.492188,19.710938,19.570312,19.5625,19.53125,19.570312,19.429688,19.179688,18.398438,23.375,22.90625,20.570312,19.484375,19.164062,19.046875,18.882812,18.6875
1787,2021-06-06 00:45:00,3528,19.273438,18.601562,18.429688,18.382812,18.273438,18.210938,17.953125,17.539062,16.773438,23.023438,22.84375,20.632812,19.523438,19.171875,19.039062,18.875,18.6875
1788,2021-06-06 01:00:00,3534,18.484375,18.179688,18.046875,18.0,17.875,17.796875,17.523438,17.015625,16.109375,22.640625,22.765625,20.703125,19.554688,19.171875,19.039062,18.875,18.6875
1789,2021-06-06 01:15:00,3528,18.085938,18.335938,18.179688,18.125,17.96875,17.867188,17.554688,17.007812,15.9765625,22.117188,22.671875,20.765625,19.601562,19.1875,19.039062,18.867188,18.679688
1790,2021-06-06 01:30:00,3534,17.773438,17.804688,17.671875,17.632812,17.5,17.414062,17.117188,16.578125,15.7421875,22.039062,22.570312,20.8125,19.640625,19.195312,19.039062,18.867188,18.6875
1791,2021-06-06 01:45:00,3528,17.460938,17.609375,17.453125,17.398438,17.257812,17.15625,16.84375,16.320312,15.4609375,21.71875,22.460938,20.859375,19.679688,19.203125,19.03125,18.867188,18.6875
1792,2021-06-06 02:00:00,3528,16.992188,16.796875,16.648438,16.59375,16.453125,16.375,16.117188,15.65625,14.96875,21.421875,22.34375,20.882812,19.71875,19.21875,19.03125,18.867188,18.6875
1793,2021-06-06 02:15:00,3528,16.40625,16.367188,16.210938,16.140625,15.984375,15.890625,15.625,15.15625,14.5859375,21.210938,22.234375,20.914062,19.757812,19.226562,19.03125,18.859375,18.6875
1794,2021-06-06 02:30:00,3528,15.921875,15.9375,15.796875,15.75,15.609375,15.5078125,15.21875,14.7265625,14.3515625,21.023438,22.117188,20.921875,19.789062,19.242188,19.039062,18.859375,18.6875
1795,2021-06-06 02:45:00,3522,15.4453125,15.609375,15.484375,15.4375,15.3046875,15.2421875,14.9609375,14.4921875,13.8125,20.75,22.0,20.9375,19.828125,19.257812,19.039062,18.859375,18.695312
1796,2021-06-06 03:00:00,3528,14.953125,15.1640625,15.046875,15.0234375,14.8671875,14.765625,14.484375,13.953125,13.109375,20.226562,21.890625,20.945312,19.851562,19.273438,19.03125,18.859375,18.6875
1797,2021-06-06 03:15:00,3534,14.515625,14.703125,14.578125,14.5390625,14.3828125,14.2890625,13.9765625,13.421875,12.5546875,19.835938,21.773438,20.945312,19.882812,19.28125,19.039062,18.851562,18.6875
1798,2021-06-06 03:30:00,3528,14.3828125,14.703125,14.5625,14.4609375,14.2734375,14.140625,13.8046875,13.2734375,12.453125,19.6875,21.65625,20.9375,19.914062,19.304688,19.039062,18.851562,18.6875
1799,2021-06-06 03:45:00,3528,13.7734375,13.9609375,13.8671875,13.796875,13.671875,13.5703125,13.25,12.71875,11.7578125,19.40625,21.53125,20.929688,19.9375,19.320312,19.046875,18.859375,18.695312
1800,2021-06-06 04:00:00,3528,13.328125,13.5859375,13.4609375,13.3984375,13.2265625,13.1171875,12.8203125,12.3125,11.3515625,19.023438,21.421875,20.914062,19.96875,19.335938,19.046875,18.851562,18.695312
1801,2021-06-06 04:15:00,3534,12.9609375,13.2421875,13.109375,13.046875,12.8828125,12.8046875,12.546875,12.078125,11.34375,18.96875,21.296875,20.90625,19.984375,19.351562,19.054688,18.859375,18.703125
1802,2021-06-06 04:30:00,3534,12.7265625,13.0625,12.96875,12.8984375,12.75,12.6328125,12.3515625,11.8984375,11.28125,18.953125,21.171875,20.882812,20.007812,19.367188,19.0625,18.851562,18.703125
1803,2021-06-06 04:45:00,3522,12.7734375,13.171875,13.0625,12.984375,12.828125,12.734375,12.46875,12.0390625,11.3359375,18.710938,21.046875,20.859375,20.023438,19.390625,19.070312,18.859375,18.710938
1804,2021-06-06 05:00:00,3528,12.5703125,12.890625,12.765625,12.6875,12.5234375,12.4453125,12.2109375,11.8046875,11.171875,18.570312,20.929688,20.835938,20.039062,19.398438,19.070312,18.859375,18.710938
1805,2021-06-06 05:15:00,3522,12.2734375,12.375,12.2890625,12.234375,12.09375,12.03125,11.8046875,11.4140625,10.734375,18.398438,20.8125,20.804688,20.054688,19.414062,19.085938,18.859375,18.710938
1806,2021-06-06 05:30:00,3522,11.640625,11.6484375,11.53125,11.4921875,11.34375,11.2890625,11.0546875,10.65625,10.2265625,18.289062,20.703125,20.773438,20.0625,19.4375,19.085938,18.875,18.71875
1807,2021-06-06 05:45:00,3522,11.2578125,11.5,11.3828125,11.328125,11.1796875,11.125,10.9296875,10.6171875,10.265625,18.109375,20.59375,20.742188,20.070312,19.453125,19.101562,18.867188,18.726562
1808,2021-06-06 06:00:00,3522,10.8828125,11.015625,10.9140625,10.875,10.765625,10.71875,10.5546875,10.296875,9.9765625,17.96875,20.484375,20.710938,20.085938,19.46875,19.109375,18.875,18.726562
1809,2021-06-06 06:15:00,3528,10.5625,10.8359375,10.71875,10.6796875,10.5390625,10.4921875,10.3046875,10.0234375,9.8359375,17.84375,20.375,20.671875,20.09375,19.476562,19.117188,18.875,18.734375
1810,2021-06-06 06:30:00,3522,10.203125,10.359375,10.2734375,10.21875,10.109375,10.0703125,9.8828125,9.6015625,9.34375,17.625,20.273438,20.632812,20.101562,19.492188,19.125,18.882812,18.742188
1811,2021-06-06 06:45:00,3528,9.8125,10.078125,10.0078125,9.984375,9.8828125,9.84375,9.65625,9.3828125,8.96875,17.1875,20.171875,20.59375,20.101562,19.5,19.132812,18.890625,18.75
1812,2021-06-06 07:00:00,3522,9.6328125,10.1875,10.1015625,10.0546875,9.9375,9.90625,9.6953125,9.3359375,8.953125,16.96875,20.0625,20.554688,20.101562,19.523438,19.140625,18.890625,18.757812
1813,2021-06-06 07:15:00,3510,9.8828125,10.6953125,10.65625,10.6171875,10.515625,10.4609375,10.265625,9.90625,9.4453125,16.890625,19.953125,20.515625,20.101562,19.53125,19.148438,18.898438,18.757812
1814,2021-06-06 07:30:00,3522,10.1484375,10.7265625,10.625,10.5703125,10.4453125,10.3984375,10.2109375,9.8515625,9.515625,17.0,19.84375,20.476562,20.09375,19.539062,19.15625,18.90625,18.765625
1815,2021-06-06 07:45:00,3516,10.2890625,11.0,10.921875,10.859375,10.7265625,10.65625,10.453125,10.0703125,9.609375,16.898438,19.75,20.429688,20.09375,19.554688,19.164062,18.90625,18.765625
1816,2021-06-06 08:00:00,3528,10.5234375,11.125,11.03125,11.0,10.8515625,10.78125,10.5546875,10.1015625,9.4609375,16.835938,19.648438,20.390625,20.085938,19.5625,19.179688,18.914062,18.78125
1817,2021-06-06 08:15:00,3522,10.53125,10.9140625,10.8125,10.78125,10.6484375,10.6015625,10.3828125,9.9921875,9.5078125,16.820312,19.554688,20.34375,20.085938,19.570312,19.1875,18.921875,18.78125
1818,2021-06-06 08:30:00,3516,10.2109375,10.5234375,10.4140625,10.375,10.25,10.203125,10.015625,9.7109375,9.359375,16.726562,19.476562,20.304688,20.070312,19.578125,19.195312,18.921875,18.789062
1819,2021-06-06 08:45:00,3510,9.984375,10.2890625,10.1953125,10.140625,10.0,9.921875,9.6953125,9.3046875,9.046875,16.695312,19.390625,20.257812,20.0625,19.585938,19.203125,18.929688,18.796875
1820,2021-06-06 09:00:00,3522,9.953125,10.2734375,10.1640625,10.1171875,9.9921875,9.9609375,9.796875,9.484375,9.171875,16.585938,19.304688,20.203125,20.054688,19.59375,19.210938,18.945312,18.804688
1821,2021-06-06 09:15:00,3510,9.9375,10.328125,10.25,10.2109375,10.078125,10.0234375,9.828125,9.4921875,9.1484375,16.515625,19.226562,20.164062,20.046875,19.601562,19.21875,18.945312,18.8125
1822,2021-06-06 09:30:00,3516,10.1640625,10.6875,10.5859375,10.546875,10.40625,10.3359375,10.171875,9.8828125,9.5234375,16.320312,19.140625,20.117188,20.03125,19.601562,19.226562,18.945312,18.8125
1823,2021-06-06 09:45:00,3510,9.953125,10.2421875,10.125,10.0859375,9.953125,9.890625,9.6796875,9.2890625,8.9609375,16.320312,19.070312,20.0625,20.015625,19.609375,19.234375,18.960938,18.820312
1824,2021-06-06 10:00:00,3522,9.65625,9.984375,9.8515625,9.8125,9.6875,9.6640625,9.4765625,9.1484375,8.78125,16.242188,18.992188,20.015625,20.007812,19.617188,19.25,18.96875,18.828125
1825,2021-06-06 10:15:00,3510,9.3515625,9.5859375,9.5078125,9.484375,9.375,9.328125,9.1640625,8.8828125,8.640625,16.140625,18.914062,19.976562,19.992188,19.617188,19.257812,18.96875,18.835938
1826,2021-06-06 10:30:00,3522,9.203125,9.46875,9.3671875,9.3359375,9.2109375,9.15625,8.9765625,8.71875,8.515625,16.085938,18.84375,19.929688,19.976562,19.617188,19.257812,18.976562,18.84375
1827,2021-06-06 10:45:00,3516,9.0078125,9.3203125,9.203125,9.171875,9.0390625,9.0,8.8125,8.53125,8.3828125,16.015625,18.765625,19.882812,19.953125,19.625,19.265625,18.984375,18.84375
1828,2021-06-06 11:00:00,3522,8.984375,9.3671875,9.2578125,9.203125,9.078125,9.0234375,8.8359375,8.5625,8.46875,15.96875,18.6875,19.835938,19.9375,19.625,19.273438,18.992188,18.851562
1829,2021-06-06 11:15:00,3510,8.78125,8.953125,8.84375,8.8125,8.703125,8.65625,8.453125,8.2109375,8.4921875,15.96875,18.617188,19.789062,19.921875,19.625,19.273438,19.0,18.851562
1830,2021-06-06 11:30:00,3510,8.7578125,9.2109375,9.0859375,9.046875,8.8984375,8.8671875,8.703125,8.40625,8.1796875,15.7421875,18.546875,19.742188,19.90625,19.625,19.28125,19.007812,18.859375
1831,2021-06-06 11:45:00,3510,8.578125,8.9375,8.8359375,8.8203125,8.6875,8.6328125,8.4140625,8.09375,8.0,15.671875,18.476562,19.703125,19.882812,19.617188,19.289062,19.015625,18.859375
1832,2021-06-06 12:00:00,3510,8.3046875,8.5703125,8.46875,8.4453125,8.328125,8.3203125,8.171875,7.9140625,7.8515625,15.5546875,18.40625,19.648438,19.867188,19.617188,19.296875,19.015625,18.875
1833,2021-06-06 12:15:00,3510,8.3515625,8.90625,8.8203125,8.796875,8.6640625,8.6015625,8.3671875,8.0,8.0078125,15.46875,18.34375,19.609375,19.851562,19.617188,19.296875,19.023438,18.882812
1834,2021-06-06 12:30:00,3510,8.640625,9.4609375,9.390625,9.3515625,9.21875,9.1484375,8.90625,8.484375,8.078125,15.375,18.265625,19.570312,19.828125,19.617188,19.304688,19.03125,18.882812
1835,2021-06-06 12:45:00,3510,8.8984375,9.46875,9.3671875,9.3125,9.171875,9.109375,8.875,8.5234375,8.2265625,15.4140625,18.195312,19.515625,19.804688,19.609375,19.3125,19.03125,18.890625
1836,2021-06-06 13:00:00,3522,9.1484375,9.625,9.5234375,9.46875,9.3515625,9.3046875,9.1328125,8.8671875,8.5546875,15.28125,18.125,19.46875,19.78125,19.601562,19.320312,19.039062,18.898438
1837,2021-06-06 13:15:00,3516,9.109375,9.3515625,9.2421875,9.1875,9.0625,9.0234375,8.8671875,8.6640625,8.421875,15.2421875,18.054688,19.429688,19.757812,19.601562,19.3125,19.046875,18.890625
1838,2021-06-06 13:30:00,3504,9.1171875,9.328125,9.25,9.234375,9.1328125,9.125,9.03125,8.8828125,8.7890625,15.2109375,18.0,19.375,19.742188,19.59375,19.320312,19.046875,18.898438
1839,2021-06-06 13:45:00,3510,9.0859375,9.3203125,9.234375,9.2109375,9.125,9.125,9.0234375,8.8984375,8.7890625,15.1796875,17.9375,19.335938,19.71875,19.59375,19.320312,19.054688,18.90625
1840,2021-06-06 14:00:00,3510,9.1640625,9.4375,9.359375,9.34375,9.2578125,9.2734375,9.1640625,9.0234375,8.890625,15.21875,17.875,19.296875,19.6875,19.585938,19.320312,19.070312,18.90625
1841,2021-06-06 14:15:00,3510,11.0078125,11.75,11.7109375,11.671875,11.671875,11.84375,11.5390625,11.65625,10.140625,15.3046875,17.828125,19.242188,19.671875,19.578125,19.328125,19.070312,18.914062
1842,2021-06-06 14:30:00,3510,12.7578125,12.53125,12.5,12.53125,12.609375,12.890625,12.6640625,13.296875,11.75,15.515625,17.773438,19.203125,19.648438,19.570312,19.320312,19.070312,18.914062
1843,2021-06-06 14:45:00,3510,13.953125,13.21875,13.21875,13.2890625,13.4140625,13.734375,13.8046875,14.2734375,14.046875,15.8203125,17.734375,19.15625,19.625,19.5625,19.320312,19.078125,18.921875
1844,2021-06-06 15:00:00,3510,14.8515625,14.046875,14.0625,14.1328125,14.2578125,14.609375,14.7890625,14.8515625,15.5390625,16.210938,17.703125,19.117188,19.601562,19.554688,19.328125,19.078125,18.921875
1845,2021-06-06 15:15:00,3510,15.7109375,14.5703125,14.546875,14.609375,14.71875,15.0859375,15.328125,15.84375,16.5,16.757812,17.6875,19.070312,19.570312,19.546875,19.328125,19.085938,18.921875
1846,2021-06-06 15:30:00,3510,16.554688,15.28125,15.3359375,15.4296875,15.578125,15.953125,16.234375,16.929688,17.140625,17.40625,17.679688,19.03125,19.546875,19.53125,19.320312,19.078125,18.921875
1847,2021-06-06 15:45:00,3504,16.976562,15.421875,15.4921875,15.625,15.7734375,16.203125,16.523438,17.367188,17.84375,17.921875,17.6875,18.992188,19.523438,19.53125,19.328125,19.085938,18.929688
1848,2021-06-06 16:00:00,3504,18.054688,16.914062,17.007812,17.132812,17.304688,17.703125,18.023438,18.796875,19.492188,18.648438,17.71875,18.953125,19.5,19.515625,19.320312,19.09375,18.929688
1849,2021-06-06 16:15:00,3504,19.085938,16.875,16.898438,17.039062,17.21875,17.695312,18.125,19.117188,20.234375,19.46875,17.773438,18.929688,19.476562,19.507812,19.320312,19.085938,18.929688
1850,2021-06-06 16:30:00,3510,19.429688,17.007812,17.023438,17.15625,17.335938,17.78125,18.195312,19.226562,20.4375,20.101562,17.84375,18.898438,19.445312,19.492188,19.320312,19.09375,18.929688
1851,2021-06-06 16:45:00,3510,19.976562,17.789062,17.828125,17.914062,18.070312,18.476562,18.890625,19.78125,20.992188,20.765625,17.9375,18.875,19.421875,19.484375,19.320312,19.09375,18.929688
1852,2021-06-06 17:00:00,3510,20.5625,18.703125,18.929688,19.046875,19.195312,19.578125,19.953125,20.8125,21.875,21.351562,18.046875,18.851562,19.390625,19.476562,19.320312,19.09375,18.929688
1853,2021-06-06 17:15:00,3510,21.125,18.570312,18.90625,19.046875,19.242188,19.625,19.992188,20.789062,21.953125,21.859375,18.179688,18.835938,19.367188,19.460938,19.320312,19.101562,18.929688
1854,2021-06-06 17:30:00,3510,21.492188,18.875,19.1875,19.390625,19.601562,19.96875,20.335938,21.085938,22.210938,22.445312,18.335938,18.828125,19.34375,19.445312,19.3125,19.101562,18.9375
1855,2021-06-06 17:45:00,3510,21.960938,19.203125,19.296875,19.515625,19.679688,20.054688,20.46875,21.304688,22.726562,23.085938,18.492188,18.820312,19.320312,19.4375,19.3125,19.101562,18.929688
1856,2021-06-06 18:00:00,3510,22.148438,19.945312,19.90625,20.179688,20.320312,20.617188,20.9375,21.539062,22.578125,23.5,18.664062,18.828125,19.304688,19.421875,19.304688,19.09375,18.9375
1857,2021-06-06 18:15:00,3510,22.421875,20.390625,20.375,20.53125,20.71875,21.070312,21.382812,21.953125,22.96875,23.953125,18.859375,18.835938,19.289062,19.40625,19.296875,19.09375,18.929688
1858,2021-06-06 18:30:00,3510,22.3125,19.578125,19.578125,19.734375,19.875,20.164062,20.476562,21.148438,22.398438,24.226562,19.0625,18.851562,19.265625,19.390625,19.296875,19.101562,18.929688
1859,2021-06-06 18:45:00,3510,22.125,19.9375,19.929688,20.046875,20.179688,20.445312,20.695312,21.117188,21.875,24.234375,19.265625,18.882812,19.25,19.375,19.289062,19.09375,18.929688
1860,2021-06-06 19:00:00,3516,22.25,19.945312,19.9375,20.09375,20.234375,20.5,20.78125,21.257812,22.15625,24.414062,19.476562,18.90625,19.234375,19.367188,19.28125,19.101562,18.929688
1861,2021-06-06 19:15:00,3510,22.664062,20.601562,20.546875,20.789062,20.890625,21.132812,21.390625,21.898438,23.195312,25.085938,19.695312,18.953125,19.226562,19.359375,19.28125,19.101562,18.921875
1862,2021-06-06 19:30:00,3510,22.976562,20.5625,20.757812,20.921875,21.023438,21.242188,21.539062,22.078125,23.28125,25.632812,19.914062,19.0,19.210938,19.34375,19.273438,19.09375,18.929688
1863,2021-06-06 19:45:00,3516,23.054688,20.828125,21.132812,21.234375,21.328125,21.523438,21.765625,22.179688,23.351562,26.015625,20.140625,19.046875,19.203125,19.328125,19.265625,19.09375,18.929688
1864,2021-06-06 20:00:00,3510,22.882812,19.882812,20.28125,20.453125,20.625,20.882812,21.132812,21.539062,22.757812,26.226562,20.375,19.109375,19.195312,19.3125,19.265625,19.09375,18.921875
1865,2021-06-06 20:15:00,3510,23.171875,21.023438,21.109375,21.234375,21.3125,21.578125,21.835938,22.242188,23.25,26.632812,20.601562,19.171875,19.195312,19.304688,19.257812,19.085938,18.914062
1866,2021-06-06 20:30:00,3522,23.671875,20.828125,20.992188,21.171875,21.296875,21.578125,21.898438,22.382812,23.335938,27.0,20.835938,19.234375,19.203125,19.296875,19.25,19.085938,18.921875
1867,2021-06-06 20:45:00,3516,23.960938,21.367188,21.507812,21.671875,21.804688,22.070312,22.351562,22.867188,23.789062,27.078125,21.070312,19.320312,19.203125,19.28125,19.25,19.078125,18.914062
1868,2021-06-06 21:00:00,3522,23.84375,21.109375,21.304688,21.554688,21.789062,22.085938,22.375,22.796875,23.609375,27.273438,21.296875,19.398438,19.21875,19.273438,19.234375,19.078125,18.914062
1869,2021-06-06 21:15:00,3522,24.03125,22.429688,22.523438,22.703125,22.8125,22.96875,23.164062,23.429688,23.71875,27.101562,21.53125,19.492188,19.226562,19.265625,19.226562,19.078125,18.921875
1870,2021-06-06 21:30:00,3528,24.414062,22.570312,22.671875,22.828125,22.929688,23.109375,23.320312,23.71875,24.164062,27.203125,21.734375,19.578125,19.242188,19.257812,19.226562,19.070312,18.914062
1871,2021-06-06 21:45:00,3522,24.296875,22.109375,22.210938,22.40625,22.5625,22.804688,23.070312,23.382812,23.3125,27.085938,21.929688,19.671875,19.25,19.25,19.21875,19.070312,18.90625
1872,2021-06-06 22:00:00,3516,24.53125,22.078125,22.15625,22.328125,22.484375,22.679688,22.914062,23.140625,22.671875,27.0,22.117188,19.765625,19.273438,19.25,19.210938,19.0625,18.90625
1873,2021-06-06 22:15:00,3528,25.078125,23.460938,23.507812,23.671875,23.789062,23.929688,24.148438,24.28125,23.648438,26.835938,22.289062,19.867188,19.296875,19.25,19.203125,19.0625,18.914062
1874,2021-06-06 22:30:00,3522,25.101562,23.03125,23.09375,23.304688,23.46875,23.640625,23.859375,23.90625,23.3125,26.703125,22.4375,19.960938,19.320312,19.242188,19.195312,19.0625,18.90625
1875,2021-06-06 22:45:00,3528,24.601562,22.671875,22.742188,22.929688,23.078125,23.234375,23.414062,23.21875,22.703125,26.265625,22.570312,20.054688,19.34375,19.242188,19.195312,19.054688,18.90625
1876,2021-06-06 23:00:00,3528,25.25,23.71875,23.71875,23.90625,24.023438,24.21875,24.390625,23.796875,23.585938,25.992188,22.679688,20.15625,19.375,19.234375,19.1875,19.054688,18.90625
1877,2021-06-06 23:15:00,3528,24.9375,23.0625,23.09375,23.28125,23.414062,23.570312,23.742188,23.398438,23.234375,25.703125,22.78125,20.25,19.40625,19.242188,19.179688,19.054688,18.898438
1878,2021-06-06 23:30:00,3522,24.429688,22.625,22.671875,22.757812,22.8125,22.804688,22.71875,22.28125,21.75,25.234375,22.859375,20.34375,19.445312,19.242188,19.171875,19.046875,18.898438
1879,2021-06-06 23:45:00,3522,22.328125,20.046875,19.796875,19.726562,19.609375,19.546875,19.28125,18.867188,18.125,24.273438,22.90625,20.429688,19.476562,19.25,19.171875,19.046875,18.898438
1880,2021-06-07 00:00:00,3528,19.953125,19.078125,18.960938,18.90625,18.789062,18.695312,18.4375,17.960938,17.046875,23.3125,22.929688,20.507812,19.515625,19.25,19.171875,19.046875,18.898438
1881,2021-06-07 00:15:00,3534,19.585938,19.023438,18.882812,18.835938,18.726562,18.648438,18.304688,17.796875,16.796875,23.015625,22.90625,20.585938,19.554688,19.257812,19.171875,19.039062,18.898438
1882,2021-06-07 00:30:00,3528,19.359375,18.789062,18.65625,18.625,18.570312,18.554688,18.335938,17.953125,16.96875,22.640625,22.835938,20.664062,19.59375,19.265625,19.164062,19.039062,18.890625
1883,2021-06-07 00:45:00,3528,18.242188,17.703125,17.507812,17.4375,17.289062,17.15625,16.828125,16.25,15.390625,22.226562,22.75,20.734375,19.632812,19.273438,19.15625,19.03125,18.898438
1884,2021-06-07 01:00:00,3528,17.515625,17.375,17.210938,17.132812,16.945312,16.820312,16.46875,15.8828125,14.9921875,21.929688,22.65625,20.796875,19.671875,19.28125,19.15625,19.039062,18.898438
1885,2021-06-07 01:15:00,3528,17.054688,17.046875,16.90625,16.835938,16.65625,16.523438,16.179688,15.5703125,14.671875,21.59375,22.539062,20.851562,19.710938,19.289062,19.15625,19.03125,18.890625
1886,2021-06-07 01:30:00,3522,16.65625,16.640625,16.46875,16.382812,16.203125,16.070312,15.71875,15.109375,14.3359375,21.40625,22.421875,20.882812,19.757812,19.304688,19.164062,19.03125,18.898438
1887,2021-06-07 01:45:00,3528,16.328125,16.492188,16.335938,16.273438,16.09375,15.96875,15.6328125,14.9609375,14.0625,21.132812,22.304688,20.914062,19.796875,19.304688,19.15625,19.03125,18.898438
1888,2021-06-07 02:00:00,3522,16.140625,16.304688,16.164062,16.070312,15.8984375,15.75,15.390625,14.8046875,13.921875,20.828125,22.1875,20.945312,19.835938,19.328125,19.15625,19.023438,18.898438
1889,2021-06-07 02:15:00,3528,15.828125,15.8203125,15.6640625,15.5859375,15.3984375,15.2578125,14.9140625,14.3359375,13.6015625,20.609375,22.054688,20.953125,19.867188,19.34375,19.164062,19.03125,18.898438
1890,2021-06-07 02:30:00,3528,15.2265625,15.0234375,14.84375,14.78125,14.6328125,14.5546875,14.265625,13.78125,13.1328125,20.320312,21.929688,20.960938,19.90625,19.359375,19.164062,19.023438,18.898438
1891,2021-06-07 02:45:00,3528,14.5,14.4375,14.3125,14.25,14.109375,14.0234375,13.7578125,13.2890625,12.5859375,20.15625,21.8125,20.976562,19.929688,19.375,19.171875,19.023438,18.898438
1892,2021-06-07 03:00:00,3522,13.796875,13.7109375,13.59375,13.5625,13.3984375,13.265625,12.9609375,12.46875,11.9921875,19.859375,21.6875,20.96875,19.960938,19.390625,19.171875,19.023438,18.90625
1893,2021-06-07 03:15:00,3522,13.296875,13.3046875,13.1796875,13.1328125,12.96875,12.859375,12.5625,12.078125,11.3984375,19.546875,21.570312,20.960938,19.992188,19.414062,19.171875,19.023438,18.898438
1894,2021-06-07 03:30:00,3504,12.5859375,12.640625,12.53125,12.5,12.34375,12.2265625,11.9375,11.4296875,10.7890625,19.203125,21.445312,20.953125,20.015625,19.429688,19.179688,19.023438,18.914062
1895,2021-06-07 03:45:00,3528,12.1328125,12.28125,12.1640625,12.09375,11.953125,11.859375,11.5703125,11.0390625,10.7265625,19.039062,21.3125,20.929688,20.046875,19.445312,19.179688,19.03125,18.90625
1896,2021-06-07 04:00:00,3522,11.703125,11.953125,11.859375,11.7890625,11.6640625,11.5859375,11.359375,10.9296875,10.1640625,18.515625,21.1875,20.914062,20.0625,19.460938,19.195312,19.03125,18.914062
1897,2021-06-07 04:15:00,3534,11.5546875,11.8984375,11.7578125,11.6796875,11.4921875,11.40625,11.1484375,10.703125,10.03125,18.328125,21.0625,20.898438,20.085938,19.476562,19.195312,19.03125,18.914062
1898,2021-06-07 04:30:00,3522,11.3515625,11.703125,11.5703125,11.515625,11.3359375,11.234375,10.9375,10.46875,10.0625,18.398438,20.9375,20.867188,20.101562,19.492188,19.203125,19.03125,18.914062
1899,2021-06-07 04:45:00,3528,10.921875,11.0703125,10.953125,10.9140625,10.765625,10.6640625,10.40625,9.953125,9.4609375,18.039062,20.804688,20.84375,20.117188,19.507812,19.210938,19.039062,18.921875
1900,2021-06-07 05:00:00,3522,10.4296875,10.703125,10.59375,10.5625,10.4296875,10.359375,10.1484375,9.7578125,9.09375,17.648438,20.6875,20.8125,20.132812,19.53125,19.21875,19.03125,18.921875
1901,2021-06-07 05:15:00,3522,10.2578125,10.578125,10.484375,10.4140625,10.296875,10.234375,10.0078125,9.625,8.953125,17.484375,20.570312,20.773438,20.148438,19.539062,19.226562,19.039062,18.921875
1902,2021-06-07 05:30:00,3522,10.015625,10.3125,10.1875,10.1171875,9.96875,9.890625,9.65625,9.2421875,8.6953125,17.296875,20.445312,20.742188,20.15625,19.5625,19.242188,19.046875,18.929688
1903,2021-06-07 05:45:00,3516,9.765625,10.15625,10.046875,10.0,9.828125,9.734375,9.4609375,9.0078125,8.4609375,17.226562,20.328125,20.703125,20.164062,19.578125,19.242188,19.046875,18.9375
1904,2021-06-07 06:00:00,3516,9.5703125,10.09375,9.96875,9.90625,9.71875,9.6484375,9.40625,9.03125,8.4765625,17.085938,20.21875,20.664062,20.164062,19.585938,19.25,19.046875,18.9375
1905,2021-06-07 06:15:00,3522,9.4296875,9.859375,9.7109375,9.65625,9.4921875,9.4296875,9.2265625,8.8828125,8.3671875,16.90625,20.101562,20.625,20.164062,19.601562,19.265625,19.054688,18.945312
1906,2021-06-07 06:30:00,3516,9.28125,9.7109375,9.609375,9.5625,9.3984375,9.3125,9.0625,8.671875,8.171875,16.875,19.984375,20.585938,20.171875,19.617188,19.265625,19.0625,18.953125
1907,2021-06-07 06:45:00,3528,9.015625,9.265625,9.140625,9.0859375,8.953125,8.921875,8.71875,8.390625,7.859375,16.648438,19.875,20.539062,20.171875,19.625,19.28125,19.070312,18.953125
1908,2021-06-07 07:00:00,3510,8.828125,9.2890625,9.15625,9.109375,8.9375,8.84375,8.625,8.2578125,7.859375,16.5,19.773438,20.492188,20.171875,19.632812,19.289062,19.070312,18.953125
1909,2021-06-07 07:15:00,3516,8.8203125,9.234375,9.1328125,9.09375,8.9609375,8.90625,8.7265625,8.46875,8.2265625,16.554688,19.664062,20.453125,20.171875,19.648438,19.296875,19.078125,18.960938
1910,2021-06-07 07:30:00,3510,8.5625,8.828125,8.6953125,8.6484375,8.484375,8.4140625,8.234375,7.96875,7.8828125,16.429688,19.5625,20.40625,20.164062,19.65625,19.304688,19.085938,18.96875
1911,2021-06-07 07:45:00,3510,8.2265625,8.6328125,8.5390625,8.484375,8.359375,8.265625,8.0390625,7.7265625,7.421875,16.226562,19.460938,20.359375,20.15625,19.664062,19.320312,19.09375,18.976562
1912,2021-06-07 08:00:00,3516,8.2421875,8.6328125,8.5390625,8.46875,8.34375,8.296875,8.09375,7.8359375,7.8515625,16.257812,19.359375,20.3125,20.148438,19.679688,19.328125,19.09375,18.976562
1913,2021-06-07 08:15:00,3510,8.328125,8.9921875,8.8828125,8.875,8.7109375,8.6640625,8.40625,8.015625,7.7890625,16.195312,19.265625,20.265625,20.140625,19.6875,19.335938,19.101562,18.992188
1914,2021-06-07 08:30:00,3522,8.3515625,8.96875,8.8515625,8.8046875,8.6484375,8.5703125,8.359375,8.0078125,7.7421875,16.054688,19.171875,20.21875,20.132812,19.695312,19.34375,19.109375,18.992188
1915,2021-06-07 08:45:00,3516,8.390625,8.8515625,8.734375,8.6875,8.5390625,8.46875,8.265625,7.890625,7.6328125,16.007812,19.078125,20.164062,20.117188,19.695312,19.351562,19.109375,18.992188
1916,2021-06-07 09:00:00,3510,8.2578125,8.734375,8.640625,8.6015625,8.4609375,8.375,8.140625,7.796875,7.5546875,15.890625,18.992188,20.117188,20.109375,19.703125,19.359375,19.117188,19.0
1917,2021-06-07 09:15:00,3510,8.2265625,8.6328125,8.5234375,8.484375,8.3515625,8.2734375,8.0546875,7.7265625,7.671875,15.90625,18.90625,20.0625,20.09375,19.703125,19.367188,19.117188,19.007812
1918,2021-06-07 09:30:00,3510,8.328125,8.7578125,8.65625,8.609375,8.46875,8.4296875,8.25,7.9921875,7.8125,15.7265625,18.820312,20.015625,20.078125,19.710938,19.375,19.132812,19.007812
1919,2021-06-07 09:45:00,3510,8.3125,8.640625,8.5078125,8.4765625,8.3359375,8.2890625,8.1328125,7.90625,7.7890625,15.6796875,18.734375,19.960938,20.0625,19.71875,19.382812,19.140625,19.015625
1920,2021-06-07 10:00:00,3510,8.1796875,8.6328125,8.5078125,8.46875,8.3203125,8.2890625,8.1640625,8.0078125,7.9375,15.6015625,18.648438,19.914062,20.039062,19.71875,19.390625,19.140625,19.015625
1921,2021-06-07 10:15:00,3504,8.0234375,8.3046875,8.1875,8.15625,8.0234375,7.9921875,7.8359375,7.6484375,7.7265625,15.6015625,18.578125,19.867188,20.023438,19.71875,19.390625,19.148438,19.03125
1922,2021-06-07 10:30:00,3504,7.9453125,8.1640625,8.0546875,8.03125,7.90625,7.875,7.7421875,7.5625,7.484375,15.4609375,18.5,19.820312,20.007812,19.71875,19.40625,19.15625,19.03125
1923,2021-06-07 10:45:00,3504,7.6953125,8.0625,7.9609375,7.9375,7.8203125,7.765625,7.625,7.3984375,7.296875,15.40625,18.429688,19.765625,19.992188,19.71875,19.40625,19.164062,19.039062
1924,2021-06-07 11:00:00,3510,7.796875,8.2734375,8.2109375,8.171875,8.0546875,8.0390625,7.921875,7.8203125,7.7890625,15.3125,18.351562,19.710938,19.96875,19.726562,19.421875,19.15625,19.039062
1925,2021-06-07 11:15:00,3510,7.671875,7.8359375,7.7109375,7.6875,7.546875,7.5078125,7.3671875,7.1953125,7.2265625,15.296875,18.28125,19.664062,19.953125,19.71875,19.421875,19.171875,19.046875
1926,2021-06-07 11:30:00,3504,7.4453125,7.78125,7.7109375,7.6796875,7.5703125,7.53125,7.390625,7.1953125,6.953125,15.0625,18.203125,19.617188,19.929688,19.71875,19.429688,19.179688,19.046875
1927,2021-06-07 11:45:00,3510,7.328125,7.8515625,7.7265625,7.6953125,7.515625,7.3984375,7.21875,6.9296875,6.546875,14.8515625,18.132812,19.570312,19.90625,19.710938,19.429688,19.1875,19.054688
1928,2021-06-07 12:00:00,3504,7.296875,7.625,7.5390625,7.5,7.3515625,7.3203125,7.15625,6.9453125,6.515625,14.6953125,18.0625,19.523438,19.882812,19.71875,19.4375,19.1875,19.054688
1929,2021-06-07 12:15:00,3504,7.2109375,7.53125,7.4296875,7.390625,7.25,7.1875,7.0390625,6.8359375,6.4609375,14.5859375,17.984375,19.476562,19.859375,19.710938,19.4375,19.195312,19.054688
1930,2021-06-07 12:30:00,3504,7.0390625,7.4453125,7.3671875,7.28125,7.125,7.0546875,6.9140625,6.734375,6.3515625,14.515625,17.914062,19.421875,19.84375,19.695312,19.445312,19.195312,19.0625
1931,2021-06-07 12:45:00,3504,7.03125,7.578125,7.4453125,7.359375,7.171875,6.96875,6.7265625,6.5546875,6.2421875,14.359375,17.851562,19.375,19.820312,19.6875,19.445312,19.203125,19.0625
1932,2021-06-07 13:00:00,3504,6.96875,7.6640625,7.5703125,7.515625,7.359375,7.1875,6.78125,6.5234375,6.171875,14.234375,17.765625,19.328125,19.796875,19.695312,19.445312,19.210938,19.070312
1933,2021-06-07 13:15:00,3504,7.0625,7.8515625,7.7421875,7.6484375,7.46875,7.328125,6.8828125,6.5703125,6.2890625,14.1796875,17.703125,19.28125,19.765625,19.6875,19.453125,19.210938,19.070312
1934,2021-06-07 13:30:00,3504,7.171875,7.8671875,7.7890625,7.71875,7.5703125,7.4921875,7.09375,6.6640625,6.3984375,14.140625,17.625,19.234375,19.742188,19.679688,19.453125,19.21875,19.078125
1935,2021-06-07 13:45:00,3504,7.390625,8.0390625,7.953125,7.8671875,7.7265625,7.6328125,7.3125,6.7421875,6.484375,14.1328125,17.5625,19.179688,19.710938,19.671875,19.453125,19.21875,19.078125
1936,2021-06-07 14:00:00,3498,7.6015625,8.21875,8.1328125,8.0703125,7.9296875,7.8515625,7.609375,7.0234375,6.765625,14.1171875,17.492188,19.132812,19.6875,19.664062,19.453125,19.21875,19.078125
1937,2021-06-07 14:15:00,3498,10.2421875,11.5546875,11.4609375,11.40625,11.375,11.328125,11.375,10.2890625,8.203125,14.2734375,17.429688,19.085938,19.664062,19.65625,19.460938,19.226562,19.078125
1938,2021-06-07 14:30:00,3498,12.625,12.8515625,12.7421875,12.7265625,12.765625,12.9609375,12.8046875,13.046875,10.734375,14.65625,17.375,19.039062,19.632812,19.648438,19.453125,19.234375,19.078125
1939,2021-06-07 14:45:00,3498,13.8828125,13.4765625,13.3671875,13.359375,13.4375,13.7265625,13.1640625,14.234375,12.5703125,15.15625,17.320312,18.992188,19.617188,19.632812,19.453125,19.226562,19.078125
1940,2021-06-07 15:00:00,3510,14.71875,13.953125,13.90625,13.9453125,14.078125,14.4296875,14.3359375,14.6796875,14.4609375,15.640625,17.28125,18.953125,19.585938,19.625,19.453125,19.234375,19.085938
1941,2021-06-07 15:15:00,3498,15.8984375,14.8984375,14.859375,14.9296875,15.0859375,15.46875,15.7109375,15.453125,17.382812,16.296875,17.257812,18.90625,19.5625,19.609375,19.453125,19.234375,19.085938
1942,2021-06-07 15:30:00,3498,16.867188,15.7734375,15.71875,15.7734375,15.875,16.242188,16.453125,16.96875,17.695312,16.953125,17.265625,18.859375,19.539062,19.609375,19.445312,19.234375,19.085938
1943,2021-06-07 15:45:00,3504,17.945312,16.359375,16.34375,16.4375,16.601562,17.0,17.289062,18.0625,19.15625,17.617188,17.28125,18.820312,19.507812,19.59375,19.453125,19.226562,19.078125
1944,2021-06-07 16:00:00,3504,18.945312,17.429688,17.375,17.421875,17.554688,17.960938,18.3125,19.226562,20.945312,18.375,17.320312,18.78125,19.476562,19.578125,19.445312,19.234375,19.085938
1945,2021-06-07 16:15:00,3498,19.039062,17.179688,17.171875,17.273438,17.40625,17.804688,18.132812,18.90625,20.28125,18.914062,17.390625,18.75,19.453125,19.5625,19.445312,19.242188,19.085938
1946,2021-06-07 16:30:00,3504,19.53125,17.460938,17.570312,17.710938,17.914062,18.351562,18.726562,19.515625,20.90625,19.53125,17.46875,18.703125,19.421875,19.554688,19.445312,19.234375,19.078125
1947,2021-06-07 16:45:00,3504,20.109375,18.328125,18.429688,18.546875,18.703125,19.0625,19.414062,20.171875,21.570312,20.203125,17.5625,18.679688,19.390625,19.539062,19.4375,19.242188,19.085938
1948,2021-06-07 17:00:00,3510,20.59375,18.367188,18.648438,18.820312,19.007812,19.390625,19.789062,20.578125,22.140625,20.914062,17.679688,18.664062,19.359375,19.523438,19.429688,19.234375,19.078125
1949,2021-06-07 17:15:00,3504,20.546875,17.945312,18.296875,18.429688,18.570312,18.9375,19.3125,20.085938,21.554688,21.296875,17.8125,18.640625,19.335938,19.515625,19.421875,19.234375,19.078125
1950,2021-06-07 17:30:00,3510,21.023438,18.84375,19.109375,19.257812,19.4375,19.78125,20.132812,20.84375,22.101562,21.632812,17.960938,18.632812,19.3125,19.492188,19.421875,19.234375,19.078125
1951,2021-06-07 17:45:00,3510,21.34375,18.835938,18.898438,19.140625,19.304688,19.664062,20.046875,20.773438,22.304688,22.382812,18.125,18.632812,19.28125,19.484375,19.414062,19.234375,19.078125
1952,2021-06-07 18:00:00,3510,21.59375,19.21875,19.1875,19.453125,19.617188,19.898438,20.1875,20.734375,21.796875,22.710938,18.304688,18.632812,19.265625,19.46875,19.40625,19.234375,19.078125
1953,2021-06-07 18:15:00,3510,21.703125,19.375,19.328125,19.492188,19.648438,20.007812,20.382812,21.023438,22.414062,23.242188,18.484375,18.648438,19.234375,19.445312,19.398438,19.234375,19.070312
1954,2021-06-07 18:30:00,3510,22.078125,19.984375,19.945312,20.070312,20.1875,20.460938,20.757812,21.273438,22.585938,23.546875,18.6875,18.664062,19.226562,19.4375,19.390625,19.226562,19.070312
1955,2021-06-07 18:45:00,3504,22.1875,20.234375,20.195312,20.328125,20.4375,20.664062,20.921875,21.25,21.835938,23.53125,18.882812,18.6875,19.203125,19.421875,19.382812,19.226562,19.070312
1956,2021-06-07 19:00:00,3510,22.75,20.976562,20.945312,21.085938,21.179688,21.398438,21.59375,21.898438,22.59375,23.882812,19.085938,18.71875,19.1875,19.398438,19.375,19.226562,19.0625
1957,2021-06-07 19:15:00,3510,22.992188,20.65625,20.570312,20.859375,20.945312,21.171875,21.382812,21.851562,23.125,24.546875,19.296875,18.757812,19.179688,19.382812,19.375,19.21875,19.0625
1958,2021-06-07 19:30:00,3516,22.789062,19.984375,20.210938,20.398438,20.5,20.75,20.976562,21.398438,22.617188,24.929688,19.515625,18.804688,19.164062,19.375,19.359375,19.21875,19.0625
1959,2021-06-07 19:45:00,3510,23.015625,20.15625,20.492188,20.617188,20.710938,20.953125,21.171875,21.609375,22.796875,25.429688,19.75,18.851562,19.15625,19.359375,19.351562,19.21875,19.054688
1960,2021-06-07 20:00:00,3510,23.320312,20.882812,21.15625,21.273438,21.382812,21.601562,21.820312,22.148438,23.234375,25.992188,19.976562,18.90625,19.140625,19.34375,19.351562,19.210938,19.054688
1961,2021-06-07 20:15:00,3516,23.578125,21.390625,21.539062,21.679688,21.78125,21.976562,22.15625,22.398438,23.335938,26.242188,20.21875,18.96875,19.140625,19.328125,19.335938,19.210938,19.046875
1962,2021-06-07 20:30:00,3522,23.835938,21.546875,21.640625,21.804688,21.882812,22.085938,22.289062,22.578125,23.648438,26.625,20.453125,19.039062,19.140625,19.328125,19.335938,19.195312,19.039062
1963,2021-06-07 20:45:00,3522,23.15625,20.429688,20.546875,20.734375,20.867188,21.15625,21.445312,21.765625,22.75,26.554688,20.695312,19.117188,19.140625,19.3125,19.320312,19.195312,19.039062
1964,2021-06-07 21:00:00,3510,23.351562,21.09375,21.21875,21.40625,21.5625,21.835938,22.054688,22.296875,23.15625,26.585938,20.929688,19.195312,19.15625,19.296875,19.3125,19.1875,19.039062
1965,2021-06-07 21:15:00,3516,23.34375,20.875,20.992188,21.171875,21.3125,21.570312,21.859375,22.101562,23.0,26.710938,21.15625,19.273438,19.15625,19.289062,19.304688,19.1875,19.03125
1966,2021-06-07 21:30:00,3522,23.679688,21.773438,21.921875,22.125,22.289062,22.523438,22.71875,22.796875,23.195312,26.671875,21.359375,19.367188,19.171875,19.273438,19.296875,19.179688,19.023438
1967,2021-06-07 21:45:00,3510,23.398438,21.429688,21.585938,21.78125,21.960938,22.164062,22.375,22.421875,22.375,26.351562,21.5625,19.460938,19.179688,19.273438,19.289062,19.171875,19.015625
1968,2021-06-07 22:00:00,3522,23.59375,21.789062,21.929688,22.164062,22.351562,22.554688,22.6875,22.609375,22.195312,26.15625,21.742188,19.554688,19.203125,19.265625,19.28125,19.171875,19.023438
1969,2021-06-07 22:15:00,3528,22.484375,20.296875,20.273438,20.375,20.460938,20.617188,20.640625,20.546875,20.40625,25.539062,21.898438,19.65625,19.226562,19.257812,19.265625,19.164062,19.015625
1970,2021-06-07 22:30:00,3528,21.125,19.492188,19.585938,19.734375,19.851562,19.960938,20.039062,19.90625,19.539062,24.8125,22.039062,19.742188,19.242188,19.25,19.265625,19.15625,19.015625
1971,2021-06-07 22:45:00,3528,22.25,20.984375,21.101562,21.3125,21.5,21.726562,21.953125,21.734375,21.523438,24.921875,22.132812,19.84375,19.273438,19.242188,19.257812,19.164062,19.007812
1972,2021-06-07 23:00:00,3516,22.6875,21.273438,21.28125,21.4375,21.609375,21.8125,21.992188,21.679688,21.351562,24.695312,22.203125,19.9375,19.296875,19.242188,19.25,19.15625,19.0
1973,2021-06-07 23:15:00,3528,22.867188,21.304688,21.375,21.59375,21.796875,22.007812,22.195312,21.984375,21.4375,24.445312,22.25,20.023438,19.335938,19.242188,19.242188,19.148438,19.007812
1974,2021-06-07 23:30:00,3528,22.421875,20.898438,20.945312,21.054688,21.148438,21.226562,21.164062,20.96875,20.390625,24.085938,22.289062,20.117188,19.359375,19.242188,19.234375,19.140625,19.0
1975,2021-06-07 23:45:00,3522,19.9375,17.523438,17.367188,17.367188,17.320312,17.34375,17.15625,16.859375,16.3125,23.070312,22.320312,20.195312,19.398438,19.25,19.226562,19.140625,18.992188
1976,2021-06-08 00:00:00,3522,17.960938,16.929688,16.914062,16.929688,16.914062,16.890625,16.695312,16.414062,15.7265625,22.289062,22.320312,20.273438,19.4375,19.25,19.226562,19.132812,18.992188
1977,2021-06-08 00:15:00,3528,17.609375,16.859375,16.796875,16.8125,16.796875,16.78125,16.578125,16.21875,15.5078125,21.875,22.289062,20.34375,19.46875,19.25,19.21875,19.132812,18.992188
1978,2021-06-08 00:30:00,3528,17.148438,16.375,16.257812,16.265625,16.226562,16.25,16.085938,15.7734375,15.1171875,21.507812,22.21875,20.40625,19.507812,19.257812,19.210938,19.117188,18.984375
1979,2021-06-08 00:45:00,3528,15.8515625,15.0390625,14.890625,14.8671875,14.7578125,14.7265625,14.53125,14.171875,13.65625,21.023438,22.132812,20.46875,19.546875,19.265625,19.210938,19.117188,18.984375
1980,2021-06-08 01:00:00,3522,14.875,14.609375,14.46875,14.421875,14.28125,14.21875,13.9921875,13.6015625,13.046875,20.632812,22.015625,20.515625,19.59375,19.273438,19.210938,19.117188,18.984375
1981,2021-06-08 01:15:00,3522,14.328125,14.2421875,14.1015625,14.0546875,13.9140625,13.84375,13.609375,13.1953125,12.5390625,20.242188,21.90625,20.554688,19.617188,19.28125,19.203125,19.109375,18.984375
1982,2021-06-08 01:30:00,3522,13.8515625,13.640625,13.5234375,13.46875,13.328125,13.234375,13.0,12.640625,12.2890625,20.078125,21.78125,20.585938,19.648438,19.296875,19.203125,19.109375,18.984375
1983,2021-06-08 01:45:00,3522,13.9765625,14.40625,14.3203125,14.28125,14.15625,14.09375,13.875,13.53125,13.03125,20.023438,21.65625,20.609375,19.6875,19.304688,19.203125,19.101562,18.976562
1984,2021-06-08 02:00:00,3522,14.3359375,14.4375,14.3203125,14.2734375,14.1328125,14.0703125,13.8359375,13.5,13.1875,20.039062,21.53125,20.625,19.726562,19.3125,19.195312,19.101562,18.976562
1985,2021-06-08 02:15:00,3522,13.7109375,13.28125,13.1484375,13.109375,12.96875,12.9140625,12.6875,12.328125,11.984375,19.742188,21.40625,20.632812,19.757812,19.320312,19.203125,19.101562,18.984375
1986,2021-06-08 02:30:00,3516,12.734375,12.2890625,12.1484375,12.09375,11.953125,11.90625,11.703125,11.375,11.078125,19.367188,21.296875,20.640625,19.789062,19.335938,19.203125,19.101562,18.984375
1987,2021-06-08 02:45:00,3522,12.0,11.9453125,11.8203125,11.75,11.6015625,11.53125,11.296875,10.8984375,10.546875,19.179688,21.179688,20.640625,19.820312,19.351562,19.203125,19.09375,18.976562
1988,2021-06-08 03:00:00,3522,11.578125,11.5625,11.453125,11.3984375,11.2421875,11.1640625,10.9296875,10.5078125,10.1875,18.992188,21.0625,20.632812,19.84375,19.367188,19.210938,19.09375,18.976562
1989,2021-06-08 03:15:00,3510,10.921875,10.9453125,10.828125,10.765625,10.625,10.515625,10.2734375,9.7890625,9.28125,18.382812,20.953125,20.625,19.867188,19.375,19.203125,19.09375,18.976562
1990,2021-06-08 03:30:00,3522,10.4140625,10.59375,10.4921875,10.3984375,10.25,10.1328125,9.875,9.4296875,8.8125,17.976562,20.835938,20.601562,19.890625,19.390625,19.210938,19.09375,18.976562
1991,2021-06-08 03:45:00,3516,9.921875,10.078125,9.953125,9.9140625,9.765625,9.6953125,9.4609375,9.0703125,8.4609375,17.640625,20.703125,20.585938,19.90625,19.40625,19.21875,19.09375,18.976562
1992,2021-06-08 04:00:00,3516,9.625,10.03125,9.9296875,9.8828125,9.7265625,9.6328125,9.3984375,8.9921875,8.421875,17.453125,20.578125,20.570312,19.929688,19.429688,19.21875,19.085938,18.984375
1993,2021-06-08 04:15:00,3522,9.2421875,9.609375,9.5078125,9.4921875,9.359375,9.28125,9.0859375,8.671875,8.0859375,17.289062,20.453125,20.546875,19.945312,19.453125,19.226562,19.085938,18.984375
1994,2021-06-08 04:30:00,3510,8.9921875,9.3046875,9.203125,9.171875,9.03125,8.9765625,8.8046875,8.4609375,7.984375,17.09375,20.320312,20.523438,19.960938,19.453125,19.234375,19.085938,18.984375
1995,2021-06-08 04:45:00,3516,8.6640625,8.9453125,8.84375,8.8046875,8.6640625,8.5859375,8.390625,8.0625,7.640625,16.773438,20.195312,20.484375,19.96875,19.46875,19.234375,19.09375,18.984375
1996,2021-06-08 05:00:00,3516,8.4453125,8.8359375,8.75,8.6953125,8.546875,8.453125,8.2421875,7.8984375,7.546875,16.640625,20.070312,20.453125,19.984375,19.484375,19.242188,19.09375,18.984375
1997,2021-06-08 05:15:00,3510,8.203125,8.5859375,8.4921875,8.4453125,8.3125,8.28125,8.1171875,7.875,7.7109375,16.585938,19.953125,20.421875,19.984375,19.5,19.242188,19.101562,18.992188
1998,2021-06-08 05:30:00,3510,8.40625,8.984375,8.890625,8.8515625,8.71875,8.6796875,8.484375,8.2265625,8.21875,16.695312,19.828125,20.382812,19.992188,19.507812,19.25,19.09375,18.992188
1999,2021-06-08 05:45:00,3504,8.9609375,9.609375,9.546875,9.5234375,9.421875,9.421875,9.28125,9.0859375,9.0625,16.75,19.710938,20.34375,20.0,19.523438,19.25,19.101562,18.992188
2000,2021-06-08 06:00:00,3510,9.1953125,9.5625,9.484375,9.46875,9.375,9.3984375,9.2734375,9.09375,9.0,16.6875,19.601562,20.304688,20.0,19.53125,19.265625,19.09375,18.992188
2001,2021-06-08 06:15:00,3516,9.359375,9.7421875,9.7109375,9.6953125,9.6171875,9.625,9.53125,9.390625,9.359375,16.648438,19.5,20.257812,20.0,19.546875,19.265625,19.101562,18.992188
2002,2021-06-08 06:30:00,3516,9.75,10.0390625,10.0546875,10.0703125,10.03125,10.0703125,10.0078125,9.9453125,9.875,16.632812,19.398438,20.21875,20.0,19.554688,19.28125,19.101562,19.0
2003,2021-06-08 06:45:00,3516,9.9765625,10.1328125,10.15625,10.171875,10.15625,10.2109375,10.1953125,10.1875,10.140625,16.554688,19.304688,20.171875,19.992188,19.5625,19.28125,19.109375,19.007812
2004,2021-06-08 07:00:00,3504,9.9921875,10.0390625,10.046875,10.0703125,10.0390625,10.09375,10.0703125,10.0703125,10.125,16.601562,19.234375,20.125,19.992188,19.570312,19.289062,19.109375,19.007812
2005,2021-06-08 07:15:00,3510,10.0078125,10.0703125,10.078125,10.1015625,10.0703125,10.125,10.109375,10.1171875,10.2109375,16.5625,19.148438,20.078125,19.984375,19.585938,19.296875,19.117188,19.007812
2006,2021-06-08 07:30:00,3510,9.984375,9.9921875,10.0078125,10.03125,10.015625,10.078125,10.0625,10.0859375,10.21875,16.515625,19.078125,20.03125,19.976562,19.585938,19.304688,19.117188,19.007812
2007,2021-06-08 07:45:00,3510,10.0,9.984375,10.0,10.0234375,10.0078125,10.0703125,10.0625,10.078125,10.234375,16.507812,19.015625,19.992188,19.976562,19.59375,19.3125,19.125,19.015625
2008,2021-06-08 08:00:00,3510,9.953125,9.8515625,9.8828125,9.921875,9.8984375,9.96875,9.9765625,10.0,10.1484375,16.4375,18.945312,19.945312,19.960938,19.601562,19.3125,19.132812,19.023438
2009,2021-06-08 08:15:00,3510,9.8984375,9.8046875,9.8359375,9.8671875,9.859375,9.9375,9.9375,9.96875,10.109375,16.335938,18.882812,19.898438,19.953125,19.609375,19.328125,19.132812,19.023438
2010,2021-06-08 08:30:00,3510,9.890625,9.859375,9.890625,9.9140625,9.890625,9.9453125,9.9375,9.9609375,10.078125,16.273438,18.828125,19.859375,19.9375,19.601562,19.328125,19.132812,19.023438
2011,2021-06-08 08:45:00,3504,9.8984375,9.8359375,9.8671875,9.8984375,9.8828125,9.953125,9.9453125,9.984375,10.1640625,16.242188,18.765625,19.8125,19.921875,19.609375,19.335938,19.140625,19.03125
2012,2021-06-08 09:00:00,3504,9.828125,9.6953125,9.71875,9.734375,9.71875,9.796875,9.796875,9.84375,10.03125,16.210938,18.703125,19.773438,19.914062,19.609375,19.34375,19.140625,19.023438
2013,2021-06-08 09:15:00,3498,9.8046875,9.6875,9.7109375,9.7421875,9.734375,9.8125,9.8203125,9.8828125,10.125,16.203125,18.640625,19.726562,19.898438,19.609375,19.351562,19.140625,19.03125
2014,2021-06-08 09:30:00,3504,9.7265625,9.6875,9.703125,9.734375,9.71875,9.796875,9.8203125,9.90625,10.234375,16.1875,18.59375,19.6875,19.882812,19.617188,19.351562,19.148438,19.039062
2015,2021-06-08 09:45:00,3510,9.6953125,9.640625,9.6640625,9.6875,9.671875,9.734375,9.7421875,9.796875,10.0546875,16.179688,18.539062,19.65625,19.859375,19.617188,19.351562,19.148438,19.039062
2016,2021-06-08 10:00:00,3504,9.6328125,9.6015625,9.6171875,9.6484375,9.625,9.6796875,9.6796875,9.7109375,9.9375,16.117188,18.492188,19.617188,19.84375,19.625,19.359375,19.15625,19.046875
2017,2021-06-08 10:15:00,3504,9.671875,9.65625,9.671875,9.703125,9.6875,9.75,9.765625,9.8125,10.1015625,16.117188,18.4375,19.570312,19.835938,19.617188,19.367188,19.15625,19.039062
2018,2021-06-08 10:30:00,3504,9.734375,9.7421875,9.765625,9.7890625,9.765625,9.828125,9.8359375,9.8828125,10.109375,16.109375,18.398438,19.539062,19.820312,19.609375,19.367188,19.15625,19.039062
2019,2021-06-08 10:45:00,3504,9.75,9.734375,9.7578125,9.765625,9.7421875,9.8046875,9.796875,9.8359375,10.0390625,16.023438,18.34375,19.5,19.796875,19.617188,19.375,19.164062,19.046875
2020,2021-06-08 11:00:00,3498,9.796875,9.78125,9.8046875,9.828125,9.8125,9.8828125,9.8828125,9.921875,10.09375,15.9453125,18.304688,19.46875,19.78125,19.617188,19.375,19.171875,19.054688
2021,2021-06-08 11:15:00,3504,9.78125,9.734375,9.765625,9.7890625,9.7734375,9.8359375,9.8359375,9.8671875,10.015625,15.8671875,18.257812,19.429688,19.757812,19.609375,19.382812,19.171875,19.054688
2022,2021-06-08 11:30:00,3510,9.7890625,9.7578125,9.7890625,9.8125,9.796875,9.859375,9.859375,9.890625,10.0625,15.8203125,18.21875,19.390625,19.742188,19.601562,19.382812,19.179688,19.046875
2023,2021-06-08 11:45:00,3498,9.71875,9.6015625,9.625,9.6640625,9.65625,9.7265625,9.734375,9.765625,9.9140625,15.7109375,18.164062,19.351562,19.726562,19.601562,19.382812,19.179688,19.054688
2024,2021-06-08 12:00:00,3504,9.765625,9.7578125,9.78125,9.8125,9.7890625,9.8515625,9.859375,9.90625,10.0859375,15.7109375,18.117188,19.320312,19.703125,19.601562,19.382812,19.1875,19.054688
2025,2021-06-08 12:15:00,3498,9.765625,9.734375,9.75,9.7734375,9.765625,9.828125,9.8359375,9.875,10.0546875,15.6953125,18.070312,19.28125,19.6875,19.59375,19.382812,19.179688,19.054688
2026,2021-06-08 12:30:00,3504,9.7890625,9.7890625,9.8125,9.84375,9.828125,9.8828125,9.875,9.90625,10.09375,15.6796875,18.03125,19.25,19.671875,19.585938,19.382812,19.1875,19.054688
2027,2021-06-08 12:45:00,3504,9.796875,9.734375,9.75,9.765625,9.75,9.8203125,9.8203125,9.84375,10.0078125,15.6328125,17.984375,19.210938,19.648438,19.578125,19.382812,19.1875,19.054688
2028,2021-06-08 13:00:00,3498,9.859375,9.8359375,9.8671875,9.8828125,9.8671875,9.9296875,9.9296875,9.9609375,10.140625,15.640625,17.945312,19.1875,19.632812,19.570312,19.390625,19.195312,19.054688
2029,2021-06-08 13:15:00,3504,9.8671875,9.8828125,9.890625,9.9140625,9.890625,9.953125,9.9375,9.9609375,10.1171875,15.6171875,17.898438,19.148438,19.609375,19.570312,19.390625,19.195312,19.054688
2030,2021-06-08 13:30:00,3498,9.8359375,9.8046875,9.8203125,9.84375,9.828125,9.890625,9.890625,9.921875,10.109375,15.6171875,17.859375,19.117188,19.59375,19.5625,19.390625,19.1875,19.054688
2031,2021-06-08 13:45:00,3498,9.9765625,9.9453125,9.9609375,9.9765625,9.9609375,10.0234375,10.015625,10.0390625,10.203125,15.5703125,17.820312,19.085938,19.570312,19.554688,19.382812,19.195312,19.054688
2032,2021-06-08 14:00:00,3504,10.0,9.90625,9.8984375,9.921875,9.8984375,9.96875,9.9453125,9.984375,10.171875,15.609375,17.789062,19.046875,19.546875,19.546875,19.382812,19.195312,19.054688
2033,2021-06-08 14:15:00,3504,10.3828125,10.4296875,10.4609375,10.484375,10.484375,10.5546875,10.578125,10.6328125,10.8203125,15.6640625,17.75,19.015625,19.53125,19.53125,19.382812,19.195312,19.054688
2034,2021-06-08 14:30:00,3504,10.6640625,10.625,10.671875,10.7109375,10.7265625,10.8203125,10.84375,10.9296875,11.109375,15.7265625,17.726562,18.984375,19.507812,19.53125,19.382812,19.195312,19.054688
2035,2021-06-08 14:45:00,3504,10.859375,10.765625,10.796875,10.828125,10.8359375,10.921875,10.9453125,11.0,11.1875,15.7578125,17.695312,18.953125,19.484375,19.515625,19.382812,19.195312,19.054688
2036,2021-06-08 15:00:00,3498,11.4140625,11.4375,11.4921875,11.5390625,11.5703125,11.71875,11.7578125,11.9375,12.1015625,15.90625,17.671875,18.921875,19.46875,19.507812,19.375,19.195312,19.046875
2037,2021-06-08 15:15:00,3498,12.046875,11.7109375,11.765625,11.8203125,11.875,11.9921875,12.0703125,12.21875,12.5234375,16.132812,17.648438,18.898438,19.445312,19.5,19.375,19.195312,19.046875
2038,2021-06-08 15:30:00,3498,12.71875,12.3671875,12.390625,12.4609375,12.5,12.71875,12.84375,13.1953125,13.6171875,16.398438,17.625,18.867188,19.429688,19.492188,19.375,19.195312,19.054688
2039,2021-06-08 15:45:00,3498,13.859375,13.9609375,14.0625,14.1328125,14.2578125,14.5625,14.71875,15.2265625,15.65625,16.742188,17.617188,18.84375,19.398438,19.484375,19.367188,19.1875,19.046875
2040,2021-06-08 16:00:00,3498,14.3359375,13.1875,13.2578125,13.34375,13.453125,13.7109375,13.875,14.2578125,14.890625,17.179688,17.625,18.8125,19.375,19.46875,19.359375,19.195312,19.046875
2041,2021-06-08 16:15:00,3498,13.9765625,12.84375,12.8984375,12.9921875,13.078125,13.25,13.3828125,13.6640625,14.1484375,17.1875,17.648438,18.789062,19.359375,19.453125,19.359375,19.1875,19.039062
2042,2021-06-08 16:30:00,3498,14.78125,13.8828125,14.0078125,14.125,14.2734375,14.53125,14.7265625,15.171875,15.765625,17.570312,17.671875,18.757812,19.335938,19.445312,19.359375,19.195312,19.039062
2043,2021-06-08 16:45:00,3492,15.9296875,14.1875,14.3046875,14.4375,14.5859375,14.9296875,15.2109375,15.8203125,16.695312,18.367188,17.710938,18.734375,19.320312,19.429688,19.351562,19.179688,19.039062
2044,2021-06-08 17:00:00,3492,16.484375,15.1171875,15.3828125,15.546875,15.75,16.179688,16.59375,17.484375,18.75,18.867188,17.757812,18.71875,19.304688,19.421875,19.351562,19.1875,19.03125
2045,2021-06-08 17:15:00,3498,16.796875,14.7421875,14.8984375,15.0546875,15.203125,15.5234375,15.7890625,16.390625,17.421875,19.289062,17.820312,18.695312,19.28125,19.414062,19.335938,19.1875,19.03125
2046,2021-06-08 17:30:00,3498,17.640625,15.5546875,15.6953125,15.8671875,16.015625,16.34375,16.695312,17.429688,18.875,20.265625,17.90625,18.6875,19.257812,19.398438,19.335938,19.179688,19.023438
2047,2021-06-08 17:45:00,3486,18.125,16.09375,16.273438,16.585938,16.84375,17.242188,17.671875,18.59375,20.15625,20.75,18.007812,18.671875,19.242188,19.382812,19.328125,19.179688,19.015625
2048,2021-06-08 18:00:00,3498,19.148438,16.71875,16.757812,17.078125,17.359375,17.835938,18.382812,19.484375,21.484375,21.8125,18.132812,18.671875,19.226562,19.375,19.320312,19.171875,19.023438
2049,2021-06-08 18:15:00,3504,19.5625,17.601562,17.59375,17.773438,18.0,18.523438,19.015625,20.0,21.851562,22.382812,18.273438,18.664062,19.210938,19.359375,19.3125,19.164062,19.007812
2050,2021-06-08 18:30:00,3498,19.265625,17.054688,17.101562,17.28125,17.445312,17.742188,18.054688,18.695312,20.132812,22.484375,18.445312,18.671875,19.1875,19.351562,19.3125,19.164062,19.007812
2051,2021-06-08 18:45:00,3504,19.9375,17.890625,17.921875,18.109375,18.28125,18.65625,19.0,19.609375,20.664062,22.804688,18.632812,18.6875,19.179688,19.335938,19.304688,19.164062,19.007812
2052,2021-06-08 17:30:00,3498,17.640625,15.5546875,15.6953125,15.8671875,16.015625,16.34375,16.695312,17.429688,18.875,20.265625,17.90625,18.6875,19.257812,19.398438,19.335938,19.179688,19.023438
2053,2021-06-08 17:45:00,3486,18.125,16.09375,16.273438,16.585938,16.84375,17.242188,17.671875,18.59375,20.15625,20.75,18.007812,18.671875,19.242188,19.382812,19.328125,19.179688,19.015625
2054,2021-06-08 18:00:00,3498,19.148438,16.71875,16.757812,17.078125,17.359375,17.835938,18.382812,19.484375,21.484375,21.8125,18.132812,18.671875,19.226562,19.375,19.320312,19.171875,19.023438
2055,2021-06-08 18:15:00,3504,19.5625,17.601562,17.59375,17.773438,18.0,18.523438,19.015625,20.0,21.851562,22.382812,18.273438,18.664062,19.210938,19.359375,19.3125,19.164062,19.007812
2056,2021-06-08 18:30:00,3498,19.265625,17.054688,17.101562,17.28125,17.445312,17.742188,18.054688,18.695312,20.132812,22.484375,18.445312,18.671875,19.1875,19.351562,19.3125,19.164062,19.007812
2057,2021-06-08 18:45:00,3504,19.9375,17.890625,17.921875,18.109375,18.28125,18.65625,19.0,19.609375,20.664062,22.804688,18.632812,18.6875,19.179688,19.335938,19.304688,19.164062,19.007812
2058,2021-06-08 19:00:00,3504,20.117188,17.679688,17.726562,17.921875,18.148438,18.53125,18.875,19.507812,20.789062,23.078125,18.820312,18.710938,19.164062,19.320312,19.296875,19.15625,18.992188
2059,2021-06-08 19:15:00,3504,20.125,17.523438,17.5625,17.9375,18.132812,18.4375,18.703125,19.328125,21.007812,23.648438,19.015625,18.726562,19.148438,19.3125,19.289062,19.15625,19.0
2060,2021-06-08 19:30:00,3504,20.460938,17.679688,18.039062,18.296875,18.5,18.84375,19.078125,19.789062,21.492188,24.226562,19.226562,18.765625,19.140625,19.304688,19.28125,19.148438,18.984375
2061,2021-06-08 19:45:00,3504,20.828125,18.070312,18.5,18.695312,18.882812,19.203125,19.398438,20.070312,21.65625,24.695312,19.445312,18.804688,19.125,19.289062,19.273438,19.148438,18.984375
2062,2021-06-08 20:00:00,3504,20.898438,18.296875,18.625,18.835938,19.0,19.304688,19.398438,19.96875,21.21875,25.039062,19.671875,18.859375,19.125,19.273438,19.265625,19.140625,18.984375
2063,2021-06-08 20:15:00,3504,21.046875,18.460938,18.789062,19.070312,19.34375,19.65625,19.726562,20.28125,21.445312,25.195312,19.90625,18.90625,19.109375,19.265625,19.265625,19.140625,18.976562
2064,2021-06-08 20:30:00,3510,20.9375,18.53125,18.75,19.007812,19.242188,19.507812,19.570312,20.210938,21.382812,25.390625,20.125,18.960938,19.117188,19.257812,19.25,19.132812,18.96875
2065,2021-06-08 20:45:00,3510,21.117188,18.78125,19.054688,19.304688,19.539062,19.765625,19.8125,20.414062,21.328125,25.484375,20.351562,19.03125,19.117188,19.242188,19.25,19.125,18.960938
2066,2021-06-08 21:00:00,3510,21.445312,19.054688,19.320312,19.585938,19.820312,20.054688,20.039062,20.640625,21.507812,25.5,20.570312,19.101562,19.117188,19.234375,19.234375,19.125,18.960938
2067,2021-06-08 21:15:00,3504,21.632812,19.78125,19.96875,20.179688,20.398438,20.59375,20.515625,20.90625,21.507812,25.460938,20.765625,19.171875,19.125,19.21875,19.226562,19.117188,18.953125
2068,2021-06-08 21:30:00,3510,21.460938,19.039062,19.28125,19.578125,19.835938,20.054688,20.015625,20.5,21.132812,25.375,20.953125,19.257812,19.140625,19.21875,19.21875,19.101562,18.945312
2069,2021-06-08 21:45:00,3504,21.492188,19.3125,19.492188,19.75,20.039062,20.265625,20.21875,20.585938,21.34375,25.34375,21.132812,19.335938,19.148438,19.210938,19.210938,19.09375,18.945312
2070,2021-06-08 22:00:00,3510,21.765625,19.585938,19.789062,20.046875,20.351562,20.609375,20.398438,20.5,21.554688,25.359375,21.289062,19.429688,19.15625,19.195312,19.203125,19.09375,18.9375
2071,2021-06-08 22:15:00,3510,21.554688,19.632812,19.78125,20.023438,20.257812,20.367188,20.179688,20.085938,21.257812,25.070312,21.4375,19.507812,19.171875,19.195312,19.195312,19.09375,18.929688
2072,2021-06-08 22:30:00,3510,21.710938,19.601562,19.75,19.976562,20.28125,20.492188,20.28125,20.039062,20.984375,24.8125,21.578125,19.59375,19.195312,19.1875,19.1875,19.085938,18.921875
2073,2021-06-08 22:45:00,3516,21.671875,19.648438,19.789062,20.070312,20.335938,20.53125,20.28125,20.070312,20.703125,24.703125,21.695312,19.679688,19.21875,19.1875,19.179688,19.078125,18.921875
2074,2021-06-08 23:00:00,3516,21.171875,18.796875,18.976562,19.28125,19.617188,19.820312,19.515625,19.335938,19.820312,24.3125,21.789062,19.765625,19.242188,19.179688,19.179688,19.070312,18.914062
2075,2021-06-08 23:15:00,3516,21.289062,19.75,19.84375,20.125,20.414062,20.601562,20.0,19.921875,20.132812,24.0,21.875,19.851562,19.273438,19.179688,19.164062,19.0625,18.90625
2076,2021-06-08 23:30:00,3510,21.0625,19.0625,19.078125,19.273438,19.546875,19.734375,19.085938,19.117188,19.445312,23.8125,21.929688,19.929688,19.296875,19.179688,19.164062,19.054688,18.90625
2077,2021-06-08 23:45:00,3510,18.523438,15.421875,15.25,15.2578125,15.2421875,15.3046875,15.0546875,14.84375,14.859375,22.8125,21.976562,20.007812,19.320312,19.179688,19.15625,19.054688,18.890625
2078,2021-06-09 00:00:00,3510,15.9140625,14.703125,14.6640625,14.6875,14.625,14.609375,14.359375,14.0,13.59375,21.796875,21.984375,20.078125,19.359375,19.179688,19.148438,19.046875,18.890625
2079,2021-06-09 00:15:00,3498,15.2890625,14.40625,14.3671875,14.40625,14.3671875,14.359375,14.1171875,13.7265625,13.3125,21.257812,21.960938,20.148438,19.382812,19.1875,19.140625,19.039062,18.882812
2080,2021-06-09 00:30:00,3522,14.9453125,14.234375,14.15625,14.1796875,14.15625,14.2109375,14.0546875,13.7109375,13.2734375,20.835938,21.898438,20.21875,19.429688,19.195312,19.140625,19.03125,18.882812
2081,2021-06-09 00:45:00,3510,13.6875,13.1640625,13.03125,13.0,12.875,12.8359375,12.6328125,12.265625,11.9296875,20.398438,21.804688,20.273438,19.460938,19.195312,19.132812,19.03125,18.875
2082,2021-06-09 01:00:00,3510,12.9453125,12.6484375,12.5390625,12.5078125,12.3828125,12.359375,12.1640625,11.8515625,11.578125,19.96875,21.695312,20.320312,19.492188,19.195312,19.132812,19.023438,18.875
2083,2021-06-09 01:15:00,3510,12.515625,12.40625,12.2890625,12.25,12.125,12.09375,11.890625,11.5859375,11.3125,19.625,21.570312,20.351562,19.523438,19.203125,19.125,19.023438,18.867188
2084,2021-06-09 01:30:00,3516,12.21875,12.359375,12.2265625,12.1875,12.03125,11.953125,11.7109375,11.3125,11.0078125,19.46875,21.4375,20.390625,19.554688,19.21875,19.117188,19.007812,18.867188
2085,2021-06-09 01:45:00,3516,11.96875,12.0625,11.9375,11.8984375,11.7421875,11.6796875,11.4765625,11.1015625,10.8125,19.21875,21.304688,20.414062,19.59375,19.226562,19.125,19.007812,18.859375
2086,2021-06-09 02:00:00,3510,11.625,11.734375,11.640625,11.6015625,11.46875,11.3828125,11.125,10.6953125,10.3984375,19.03125,21.171875,20.421875,19.617188,19.226562,19.125,19.0,18.851562
2087,2021-06-09 02:15:00,3510,11.2734375,11.3359375,11.234375,11.171875,11.0390625,10.96875,10.765625,10.359375,10.1484375,18.9375,21.03125,20.429688,19.65625,19.242188,19.117188,19.0,18.851562
2088,2021-06-09 02:30:00,3510,10.9453125,11.140625,11.03125,10.984375,10.8359375,10.7578125,10.5390625,10.1015625,9.8359375,18.757812,20.914062,20.429688,19.679688,19.257812,19.109375,18.992188,18.84375
2089,2021-06-09 02:45:00,3510,10.6796875,11.015625,10.875,10.8125,10.625,10.5,10.2578125,9.828125,9.734375,18.585938,20.789062,20.421875,19.703125,19.265625,19.109375,18.992188,18.84375
2090,2021-06-09 03:00:00,3516,10.296875,10.4296875,10.3125,10.2578125,10.1015625,10.0,9.7578125,9.3046875,8.984375,18.195312,20.65625,20.414062,19.734375,19.273438,19.117188,18.984375,18.84375
2091,2021-06-09 03:15:00,3510,9.859375,10.078125,9.953125,9.890625,9.75,9.6796875,9.4921875,9.078125,8.6171875,17.742188,20.539062,20.40625,19.742188,19.289062,19.109375,18.984375,18.835938
2092,2021-06-09 03:30:00,3510,9.4140625,9.640625,9.5078125,9.4453125,9.2890625,9.2109375,9.015625,8.59375,8.1484375,17.382812,20.421875,20.375,19.765625,19.296875,19.117188,18.984375,18.835938
2093,2021-06-09 03:45:00,3510,9.1015625,9.484375,9.375,9.3046875,9.109375,8.9453125,8.6875,8.2109375,7.921875,17.289062,20.296875,20.359375,19.78125,19.3125,19.117188,18.976562,18.828125
2094,2021-06-09 04:00:00,3504,8.8515625,9.21875,9.109375,9.0546875,8.9140625,8.8046875,8.578125,8.109375,7.8125,17.234375,20.171875,20.328125,19.796875,19.328125,19.109375,18.96875,18.835938
2095,2021-06-09 04:15:00,3510,8.6953125,9.0859375,8.9609375,8.90625,8.71875,8.5859375,8.34375,7.8203125,7.2109375,16.765625,20.039062,20.304688,19.8125,19.335938,19.125,18.96875,18.828125
2096,2021-06-09 04:30:00,3510,8.46875,8.8828125,8.796875,8.7265625,8.59375,8.4921875,8.2734375,7.765625,7.1015625,16.539062,19.914062,20.273438,19.820312,19.34375,19.125,18.96875,18.828125
2097,2021-06-09 04:45:00,3510,8.2734375,8.7421875,8.6484375,8.5859375,8.4375,8.328125,8.109375,7.625,7.078125,16.46875,19.796875,20.234375,19.828125,19.359375,19.132812,18.96875,18.820312
2098,2021-06-09 05:00:00,3510,8.1484375,8.6875,8.5546875,8.5078125,8.296875,8.1640625,7.9140625,7.359375,6.8203125,16.28125,19.664062,20.203125,19.835938,19.375,19.125,18.960938,18.820312
2099,2021-06-09 05:15:00,3504,7.9296875,8.2890625,8.203125,8.1328125,7.984375,7.8828125,7.671875,7.203125,6.6171875,15.9453125,19.546875,20.164062,19.835938,19.382812,19.140625,18.960938,18.820312
2100,2021-06-09 05:30:00,3504,7.75,8.171875,8.0546875,7.96875,7.7734375,7.6171875,7.390625,6.9140625,6.453125,15.7578125,19.429688,20.117188,19.84375,19.390625,19.140625,18.960938,18.820312
2101,2021-06-09 05:45:00,3510,7.65625,8.203125,8.1015625,8.0234375,7.84375,7.7109375,7.46875,7.015625,6.578125,15.703125,19.304688,20.078125,19.84375,19.40625,19.140625,18.960938,18.820312
2102,2021-06-09 06:00:00,3504,7.484375,7.9296875,7.8125,7.7421875,7.53125,7.3671875,7.15625,6.8125,6.4765625,15.609375,19.1875,20.03125,19.84375,19.40625,19.148438,18.96875,18.820312
2103,2021-06-09 06:15:00,3504,7.359375,7.828125,7.75,7.6953125,7.546875,7.453125,7.25,6.859375,6.4921875,15.3359375,19.078125,19.976562,19.84375,19.421875,19.148438,18.960938,18.820312
2104,2021-06-09 06:30:00,3504,7.296875,7.8046875,7.703125,7.640625,7.4765625,7.3671875,7.1875,6.8203125,6.46875,15.1796875,18.960938,19.9375,19.835938,19.429688,19.15625,18.960938,18.820312
2105,2021-06-09 06:45:00,3504,7.21875,7.734375,7.6328125,7.546875,7.359375,7.2109375,6.9609375,6.5859375,6.5078125,15.328125,18.859375,19.890625,19.828125,19.4375,19.15625,18.96875,18.820312
2106,2021-06-09 07:00:00,3504,7.1640625,7.6171875,7.53125,7.484375,7.328125,7.21875,7.0234375,6.625,6.4296875,15.078125,18.757812,19.84375,19.820312,19.445312,19.164062,18.960938,18.820312
2107,2021-06-09 07:15:00,3504,7.09375,7.5703125,7.4921875,7.3828125,7.203125,7.0546875,6.796875,6.40625,6.125,14.9609375,18.648438,19.789062,19.8125,19.453125,19.164062,18.96875,18.820312
2108,2021-06-09 07:30:00,3504,7.1328125,7.671875,7.578125,7.484375,7.296875,7.1875,6.9609375,6.546875,6.2421875,14.90625,18.546875,19.734375,19.796875,19.453125,19.171875,18.960938,18.820312
2109,2021-06-09 07:45:00,3498,7.1015625,7.6171875,7.5,7.4296875,7.234375,7.09375,6.875,6.4453125,6.0703125,14.7109375,18.453125,19.6875,19.789062,19.460938,19.179688,18.96875,18.820312
2110,2021-06-09 08:00:00,3504,7.1796875,7.765625,7.6796875,7.6015625,7.4375,7.3203125,7.0859375,6.65625,6.375,14.859375,18.359375,19.640625,19.773438,19.460938,19.179688,18.96875,18.820312
2111,2021-06-09 08:15:00,3504,7.3203125,7.921875,7.8515625,7.7734375,7.609375,7.484375,7.2734375,6.875,6.59375,14.8125,18.273438,19.59375,19.757812,19.460938,19.179688,18.96875,18.820312
2112,2021-06-09 08:30:00,3498,7.4609375,8.0,7.90625,7.828125,7.640625,7.4765625,7.2421875,6.8671875,6.765625,14.671875,18.171875,19.53125,19.75,19.46875,19.1875,18.96875,18.820312
2113,2021-06-09 08:45:00,3504,7.4453125,7.90625,7.8125,7.75,7.5859375,7.4765625,7.265625,6.9140625,6.6640625,14.640625,18.09375,19.484375,19.726562,19.460938,19.195312,18.96875,18.820312
2114,2021-06-09 09:00:00,3498,7.4375,7.8203125,7.7109375,7.6484375,7.4765625,7.359375,7.1484375,6.8359375,6.59375,14.453125,18.007812,19.4375,19.710938,19.460938,19.195312,18.976562,18.820312
2115,2021-06-09 09:15:00,3498,7.2734375,7.6484375,7.53125,7.4296875,7.25,7.125,6.9375,6.6328125,6.4453125,14.4765625,17.929688,19.375,19.6875,19.460938,19.195312,18.976562,18.8125
2116,2021-06-09 09:30:00,3498,7.25,7.6796875,7.59375,7.5234375,7.34375,7.234375,7.0390625,6.8125,6.8203125,14.5234375,17.859375,19.320312,19.671875,19.460938,19.195312,18.976562,18.820312
2117,2021-06-09 09:45:00,3492,7.1484375,7.5,7.390625,7.3046875,7.125,7.0234375,6.8203125,6.59375,6.4140625,14.3125,17.78125,19.273438,19.648438,19.460938,19.203125,18.976562,18.820312
2118,2021-06-09 10:00:00,3498,7.0546875,7.421875,7.3046875,7.234375,7.0390625,6.9375,6.734375,6.46875,6.1875,14.1640625,17.703125,19.21875,19.625,19.460938,19.203125,18.976562,18.820312
2119,2021-06-09 10:15:00,3498,6.8359375,7.203125,7.09375,7.015625,6.84375,6.75,6.5859375,6.3515625,6.1015625,14.15625,17.632812,19.171875,19.601562,19.453125,19.203125,18.96875,18.820312
2120,2021-06-09 10:30:00,3498,6.75,7.140625,7.046875,6.984375,6.8046875,6.71875,6.53125,6.2421875,6.0078125,14.0859375,17.554688,19.125,19.578125,19.4375,19.203125,18.976562,18.820312
2121,2021-06-09 10:45:00,3492,6.6171875,7.03125,6.921875,6.8828125,6.7109375,6.6171875,6.453125,6.1796875,6.203125,14.1640625,17.484375,19.078125,19.554688,19.4375,19.210938,18.976562,18.820312
2122,2021-06-09 11:00:00,3504,6.59375,7.0078125,6.890625,6.8046875,6.6328125,6.53125,6.375,6.140625,5.921875,13.921875,17.421875,19.023438,19.539062,19.445312,19.210938,18.976562,18.820312
2123,2021-06-09 11:15:00,3498,6.53125,6.8515625,6.7578125,6.703125,6.5546875,6.5078125,6.328125,6.1015625,5.8203125,13.8359375,17.34375,18.976562,19.515625,19.429688,19.203125,18.976562,18.820312
2124,2021-06-09 11:30:00,3498,6.6015625,7.03125,6.9375,6.84375,6.6640625,6.5703125,6.421875,6.2109375,6.0078125,13.8671875,17.273438,18.929688,19.484375,19.421875,19.210938,18.984375,18.8125
2125,2021-06-09 11:45:00,3498,6.6171875,7.0703125,6.96875,6.8984375,6.71875,6.6015625,6.4453125,6.265625,6.1796875,13.7890625,17.203125,18.882812,19.460938,19.414062,19.203125,18.976562,18.8125
2126,2021-06-09 12:00:00,3492,6.5546875,6.8828125,6.7890625,6.71875,6.5546875,6.4765625,6.3125,6.1484375,6.0390625,13.6640625,17.140625,18.835938,19.4375,19.398438,19.210938,18.984375,18.8125
2127,2021-06-09 12:15:00,3498,6.6328125,7.1328125,7.078125,7.0234375,6.8671875,6.7578125,6.59375,6.390625,6.1953125,13.6796875,17.070312,18.78125,19.40625,19.398438,19.203125,18.976562,18.804688
2128,2021-06-09 12:30:00,3492,7.0390625,7.671875,7.6484375,7.609375,7.4921875,7.421875,7.375,7.390625,7.65625,13.859375,17.007812,18.734375,19.375,19.382812,19.195312,18.976562,18.804688
2129,2021-06-09 12:45:00,3486,7.625,8.2109375,8.2421875,8.25,8.1875,8.1328125,8.0859375,8.2265625,8.8203125,14.09375,16.945312,18.6875,19.351562,19.375,19.203125,18.976562,18.804688
2130,2021-06-09 13:00:00,3486,8.03125,8.4609375,8.4609375,8.46875,8.40625,8.375,8.28125,8.4140625,9.1171875,14.203125,16.898438,18.640625,19.328125,19.367188,19.203125,18.976562,18.804688
2131,2021-06-09 13:15:00,3492,8.484375,8.953125,8.96875,8.9609375,8.9140625,8.9140625,8.765625,8.78125,8.96875,14.1796875,16.851562,18.585938,19.296875,19.351562,19.195312,18.976562,18.796875
2132,2021-06-09 13:30:00,3492,8.890625,9.15625,9.1796875,9.1953125,9.1796875,9.21875,9.0625,9.046875,9.3515625,14.2421875,16.804688,18.546875,19.273438,19.34375,19.1875,18.976562,18.796875
2133,2021-06-09 13:45:00,3486,9.0859375,9.2265625,9.2421875,9.265625,9.25,9.3046875,9.1875,9.125,9.421875,14.3359375,16.773438,18.492188,19.242188,19.328125,19.195312,18.976562,18.796875
2134,2021-06-09 14:00:00,3486,9.171875,9.2109375,9.21875,9.234375,9.2109375,9.2734375,9.1953125,9.078125,9.375,14.390625,16.742188,18.453125,19.21875,19.3125,19.179688,18.976562,18.796875
2135,2021-06-09 14:15:00,3492,9.421875,9.5234375,9.5625,9.609375,9.6015625,9.671875,9.6484375,9.5078125,9.8125,14.4609375,16.71875,18.40625,19.1875,19.296875,19.171875,18.96875,18.796875
2136,2021-06-09 14:30:00,3498,9.7578125,9.8828125,9.9140625,9.9296875,9.9296875,10.0,9.96875,9.7734375,10.03125,14.5625,16.703125,18.367188,19.15625,19.289062,19.171875,18.96875,18.78125
2137,2021-06-09 14:45:00,3492,10.0625,10.09375,10.1328125,10.171875,10.171875,10.2578125,10.265625,10.1015625,10.2890625,14.6796875,16.6875,18.328125,19.132812,19.273438,19.164062,18.96875,18.78125
2138,2021-06-09 15:00:00,3498,10.6015625,10.609375,10.671875,10.7265625,10.765625,10.8671875,10.890625,10.7734375,10.7734375,14.8671875,16.671875,18.289062,19.101562,19.265625,19.15625,18.960938,18.78125
2139,2021-06-09 15:15:00,3480,11.0,10.9453125,10.9921875,11.0390625,11.0703125,11.1875,11.2265625,11.296875,11.1953125,15.046875,16.664062,18.257812,19.070312,19.25,19.148438,18.960938,18.78125
2140,2021-06-09 15:30:00,3492,11.328125,11.125,11.1875,11.2421875,11.28125,11.3828125,11.40625,11.4765625,11.3046875,15.1640625,16.65625,18.21875,19.039062,19.226562,19.148438,18.953125,18.765625
2141,2021-06-09 15:45:00,3492,11.6875,11.3671875,11.3828125,11.4375,11.4453125,11.5546875,11.59375,11.6484375,11.59375,15.296875,16.664062,18.179688,19.015625,19.21875,19.140625,18.953125,18.765625
2142,2021-06-09 16:00:00,3486,13.1875,13.03125,13.1328125,13.21875,13.34375,13.609375,13.796875,14.2421875,14.453125,15.8828125,16.671875,18.148438,18.992188,19.203125,19.132812,18.945312,18.765625
2143,2021-06-09 16:15:00,3486,15.1015625,14.0234375,14.09375,14.2109375,14.375,14.7890625,15.1015625,15.8671875,16.390625,16.8125,16.6875,18.117188,18.960938,19.179688,19.125,18.9375,18.757812
2144,2021-06-09 16:30:00,3486,16.742188,15.3203125,15.40625,15.53125,15.6953125,16.085938,16.4375,17.195312,17.84375,17.65625,16.726562,18.101562,18.929688,19.171875,19.117188,18.9375,18.75
2145,2021-06-09 16:45:00,3492,16.9375,15.140625,15.2421875,15.390625,15.5625,15.9609375,16.296875,17.054688,17.765625,18.164062,16.789062,18.070312,18.90625,19.148438,19.109375,18.929688,18.742188
2146,2021-06-09 17:00:00,3498,17.539062,15.328125,15.609375,15.7890625,16.007812,16.46875,16.867188,17.71875,18.734375,18.882812,16.875,18.054688,18.875,19.140625,19.09375,18.921875,18.734375
2147,2021-06-09 17:15:00,3486,16.914062,14.90625,15.046875,15.1640625,15.296875,15.6484375,15.9375,16.539062,17.632812,18.796875,16.976562,18.03125,18.851562,19.109375,19.09375,18.921875,18.726562
2148,2021-06-09 17:30:00,3486,18.054688,15.9375,16.28125,16.492188,16.742188,17.210938,17.625,18.429688,19.851562,19.757812,17.101562,18.023438,18.828125,19.09375,19.078125,18.914062,18.71875
2149,2021-06-09 17:45:00,3486,18.765625,16.765625,16.796875,17.085938,17.304688,17.765625,18.226562,19.210938,21.078125,20.554688,17.226562,18.015625,18.804688,19.078125,19.070312,18.914062,18.71875
2150,2021-06-09 18:00:00,3492,18.921875,16.585938,16.625,16.921875,17.203125,17.65625,18.070312,18.9375,20.5625,21.132812,17.367188,18.015625,18.78125,19.0625,19.0625,18.90625,18.710938
2151,2021-06-09 18:15:00,3492,19.421875,17.15625,17.179688,17.382812,17.59375,18.109375,18.578125,19.523438,21.226562,21.796875,17.539062,18.015625,18.765625,19.046875,19.046875,18.898438,18.703125
2152,2021-06-09 18:30:00,3498,19.390625,16.90625,17.007812,17.273438,17.507812,17.90625,18.304688,19.054688,20.398438,21.976562,17.71875,18.023438,18.734375,19.023438,19.046875,18.890625,18.703125
2153,2021-06-09 18:45:00,3498,19.507812,17.507812,17.578125,17.796875,17.984375,18.34375,18.75,19.46875,20.476562,22.101562,17.914062,18.046875,18.71875,19.007812,19.03125,18.890625,18.6875
2154,2021-06-09 19:00:00,3492,19.796875,17.40625,17.585938,17.90625,18.21875,18.664062,19.039062,19.765625,21.015625,22.390625,18.117188,18.070312,18.703125,19.0,19.015625,18.875,18.679688
2155,2021-06-09 19:15:00,3504,19.960938,17.453125,17.609375,17.945312,18.1875,18.570312,18.789062,19.40625,20.804688,22.8125,18.320312,18.09375,18.679688,18.976562,19.007812,18.867188,18.671875
2156,2021-06-09 19:30:00,3486,20.132812,17.46875,17.789062,18.015625,18.21875,18.554688,18.71875,19.335938,20.640625,23.21875,18.53125,18.132812,18.671875,18.960938,18.992188,18.859375,18.664062
2157,2021-06-09 19:45:00,3498,20.507812,17.75,18.289062,18.59375,18.890625,19.25,19.4375,20.09375,21.398438,23.632812,18.75,18.179688,18.65625,18.945312,18.984375,18.851562,18.664062
2158,2021-06-09 20:00:00,3504,20.609375,17.992188,18.304688,18.523438,18.78125,19.085938,19.273438,19.96875,21.195312,23.945312,18.960938,18.226562,18.648438,18.921875,18.96875,18.84375,18.648438
2159,2021-06-09 20:15:00,3504,20.726562,18.1875,18.523438,18.804688,19.078125,19.40625,19.515625,20.304688,21.429688,24.3125,19.1875,18.289062,18.640625,18.914062,18.960938,18.835938,18.640625
2160,2021-06-09 20:30:00,3504,20.851562,18.671875,18.96875,19.203125,19.476562,19.796875,19.8125,20.539062,21.546875,24.484375,19.40625,18.351562,18.640625,18.90625,18.945312,18.828125,18.632812
2161,2021-06-09 20:45:00,3498,21.421875,19.546875,19.84375,20.140625,20.398438,20.789062,20.726562,21.273438,22.03125,24.835938,19.625,18.421875,18.640625,18.890625,18.929688,18.820312,18.625
2162,2021-06-09 21:00:00,3504,21.460938,19.203125,19.476562,19.75,20.039062,20.367188,20.234375,20.9375,21.5625,24.898438,19.835938,18.484375,18.640625,18.875,18.921875,18.8125,18.617188
2163,2021-06-09 21:15:00,3504,21.757812,19.59375,19.773438,20.0,20.28125,20.5625,20.5,21.226562,22.125,25.007812,20.046875,18.5625,18.648438,18.859375,18.914062,18.804688,18.609375
2164,2021-06-09 21:30:00,3504,21.078125,18.460938,18.671875,18.96875,19.257812,19.539062,19.59375,20.140625,21.226562,24.851562,20.265625,18.648438,18.648438,18.84375,18.898438,18.789062,18.601562
2165,2021-06-09 21:45:00,3510,21.4375,18.9375,19.289062,19.625,20.023438,20.359375,20.226562,20.390625,21.742188,24.851562,20.453125,18.726562,18.664062,18.835938,18.890625,18.78125,18.585938
2166,2021-06-09 20:30:00,3504,20.851562,18.671875,18.96875,19.203125,19.476562,19.796875,19.8125,20.539062,21.546875,24.484375,19.40625,18.351562,18.640625,18.90625,18.945312,18.828125,18.632812
2167,2021-06-09 20:45:00,3498,21.421875,19.546875,19.84375,20.140625,20.398438,20.789062,20.726562,21.273438,22.03125,24.835938,19.625,18.421875,18.640625,18.890625,18.929688,18.820312,18.625
2168,2021-06-09 21:00:00,3504,21.460938,19.203125,19.476562,19.75,20.039062,20.367188,20.234375,20.9375,21.5625,24.898438,19.835938,18.484375,18.640625,18.875,18.921875,18.8125,18.617188
2169,2021-06-09 21:15:00,3504,21.757812,19.59375,19.773438,20.0,20.28125,20.5625,20.5,21.226562,22.125,25.007812,20.046875,18.5625,18.648438,18.859375,18.914062,18.804688,18.609375
2170,2021-06-09 21:30:00,3504,21.078125,18.460938,18.671875,18.96875,19.257812,19.539062,19.59375,20.140625,21.226562,24.851562,20.265625,18.648438,18.648438,18.84375,18.898438,18.789062,18.601562
2171,2021-06-09 21:45:00,3510,21.4375,18.9375,19.289062,19.625,20.023438,20.359375,20.226562,20.390625,21.742188,24.851562,20.453125,18.726562,18.664062,18.835938,18.890625,18.78125,18.585938
2172,2021-06-09 22:00:00,3510,21.335938,19.304688,19.570312,19.835938,20.164062,20.296875,20.296875,20.328125,21.640625,24.664062,20.625,18.8125,18.679688,18.820312,18.875,18.773438,18.585938
2173,2021-06-09 22:15:00,3510,21.328125,19.210938,19.414062,19.664062,19.96875,20.101562,20.101562,20.09375,21.125,24.601562,20.789062,18.898438,18.6875,18.820312,18.867188,18.765625,18.570312
2174,2021-06-09 22:30:00,3510,21.1875,19.132812,19.367188,19.65625,19.984375,20.140625,20.054688,20.03125,20.945312,24.34375,20.929688,18.992188,18.710938,18.804688,18.859375,18.757812,18.570312
2175,2021-06-09 22:45:00,3504,21.046875,18.625,18.960938,19.265625,19.734375,20.007812,19.9375,20.0,20.773438,24.164062,21.054688,19.078125,18.726562,18.804688,18.84375,18.75,18.554688
2176,2021-06-09 23:00:00,3510,20.859375,19.164062,19.320312,19.632812,19.9375,20.078125,19.71875,20.039062,19.960938,23.789062,21.148438,19.164062,18.757812,18.796875,18.835938,18.726562,18.554688
2177,2021-06-09 23:15:00,3510,20.453125,18.1875,18.421875,18.71875,19.09375,19.242188,18.945312,19.414062,19.125,23.515625,21.21875,19.25,18.78125,18.789062,18.828125,18.726562,18.539062
2178,2021-06-09 23:30:00,3522,20.296875,18.789062,18.953125,19.148438,19.460938,19.546875,19.226562,19.4375,19.203125,23.242188,21.28125,19.335938,18.8125,18.789062,18.8125,18.710938,18.53125
2179,2021-06-09 23:45:00,3510,18.265625,15.3046875,15.1640625,15.203125,15.21875,15.3046875,15.1484375,15.046875,15.15625,22.453125,21.328125,19.40625,18.835938,18.78125,18.804688,18.703125,18.523438
2180,2021-06-10 00:00:00,3510,15.75,14.46875,14.4453125,14.484375,14.453125,14.421875,14.21875,13.859375,13.59375,21.320312,21.34375,19.484375,18.867188,18.78125,18.796875,18.695312,18.523438
2181,2021-06-10 00:15:00,3510,15.359375,14.6328125,14.53125,14.5546875,14.53125,14.46875,14.2421875,13.7734375,13.515625,20.929688,21.328125,19.554688,18.898438,18.78125,18.78125,18.6875,18.507812
2182,2021-06-10 00:30:00,3510,15.28125,14.6640625,14.5859375,14.6171875,14.609375,14.6015625,14.4609375,14.09375,13.8828125,20.578125,21.273438,19.617188,18.929688,18.789062,18.773438,18.671875,18.507812
2183,2021-06-10 00:45:00,3504,13.9765625,13.296875,13.140625,13.109375,12.9765625,12.9453125,12.703125,12.3203125,12.1015625,20.171875,21.195312,19.679688,18.960938,18.789062,18.765625,18.664062,18.5
2184,2021-06-10 01:00:00,3522,13.3203125,13.109375,13.0,12.96875,12.8359375,12.828125,12.609375,12.28125,12.015625,19.757812,21.109375,19.726562,18.992188,18.789062,18.765625,18.65625,18.492188
2185,2021-06-10 01:15:00,3516,13.0625,12.921875,12.8125,12.796875,12.6640625,12.6640625,12.453125,12.140625,11.9140625,19.382812,21.0,19.773438,19.023438,18.796875,18.757812,18.65625,18.484375
2186,2021-06-10 01:30:00,3510,12.5859375,12.46875,12.34375,12.3046875,12.1640625,12.15625,11.9375,11.6171875,11.4375,19.164062,20.882812,19.804688,19.0625,18.796875,18.75,18.640625,18.476562
2187,2021-06-10 01:45:00,3504,12.2578125,12.25,12.140625,12.1015625,11.953125,11.921875,11.6875,11.359375,11.1484375,18.851562,20.757812,19.835938,19.085938,18.8125,18.742188,18.632812,18.46875
2188,2021-06-10 02:00:00,3510,11.9765625,12.03125,11.9296875,11.890625,11.765625,11.7578125,11.5625,11.265625,11.078125,18.726562,20.640625,19.851562,19.117188,18.828125,18.734375,18.625,18.46875
2189,2021-06-10 02:15:00,3510,11.7890625,11.734375,11.640625,11.6171875,11.5,11.4921875,11.3203125,11.0859375,11.0234375,18.507812,20.515625,19.859375,19.148438,18.828125,18.726562,18.625,18.460938
2190,2021-06-10 02:30:00,3510,11.5078125,11.578125,11.4609375,11.421875,11.2890625,11.28125,11.0703125,10.8203125,10.765625,18.351562,20.398438,19.867188,19.171875,18.835938,18.726562,18.617188,18.453125
2191,2021-06-10 02:45:00,3510,11.390625,11.421875,11.34375,11.3125,11.1953125,11.21875,11.0390625,10.796875,10.7109375,18.226562,20.28125,19.867188,19.203125,18.84375,18.726562,18.601562,18.445312
2192,2021-06-10 03:00:00,3510,11.109375,11.0,10.890625,10.8515625,10.7109375,10.7109375,10.5234375,10.2890625,10.28125,18.039062,20.164062,19.851562,19.226562,18.851562,18.71875,18.601562,18.4375
2193,2021-06-10 03:15:00,3510,10.6640625,10.578125,10.4609375,10.4296875,10.28125,10.265625,10.03125,9.71875,9.7109375,17.84375,20.046875,19.851562,19.25,18.859375,18.71875,18.59375,18.4375
2194,2021-06-10 03:30:00,3504,9.9375,9.9296875,9.8046875,9.75,9.59375,9.5546875,9.328125,8.984375,8.9765625,17.546875,19.945312,19.835938,19.265625,18.875,18.71875,18.585938,18.4375
2195,2021-06-10 03:45:00,3510,9.4453125,9.578125,9.453125,9.40625,9.21875,9.1484375,8.875,8.5703125,8.75,17.40625,19.835938,19.8125,19.289062,18.890625,18.71875,18.585938,18.421875
2196,2021-06-10 04:00:00,3504,8.9765625,9.171875,9.0390625,8.984375,8.8125,8.7734375,8.5703125,8.2890625,8.1640625,17.09375,19.734375,19.789062,19.296875,18.898438,18.710938,18.585938,18.429688
2197,2021-06-10 04:15:00,3504,8.796875,9.140625,9.0546875,8.984375,8.8359375,8.796875,8.5703125,8.296875,8.28125,16.96875,19.617188,19.765625,19.3125,18.90625,18.71875,18.578125,18.421875
2198,2021-06-10 04:30:00,3510,8.6484375,8.9453125,8.828125,8.7578125,8.5859375,8.53125,8.3125,8.078125,8.046875,16.734375,19.507812,19.742188,19.328125,18.914062,18.71875,18.570312,18.414062
2199,2021-06-10 04:45:00,3504,8.4140625,8.7109375,8.5859375,8.5234375,8.3203125,8.265625,8.0625,7.828125,7.921875,16.523438,19.382812,19.710938,19.335938,18.921875,18.71875,18.570312,18.414062
2200,2021-06-10 05:00:00,3510,8.1875,8.453125,8.328125,8.28125,8.109375,8.0625,7.8671875,7.71875,7.90625,16.390625,19.28125,19.679688,19.335938,18.9375,18.71875,18.5625,18.414062
2201,2021-06-10 05:15:00,3504,8.046875,8.3515625,8.2421875,8.1875,7.9921875,7.9375,7.75,7.515625,7.4453125,16.15625,19.164062,19.648438,19.34375,18.945312,18.726562,18.554688,18.414062
2202,2021-06-10 05:30:00,3504,7.8203125,8.140625,8.046875,7.9921875,7.8359375,7.8203125,7.6484375,7.453125,7.484375,16.0,19.054688,19.617188,19.351562,18.953125,18.726562,18.5625,18.40625
2203,2021-06-10 05:45:00,3504,7.6796875,8.078125,7.9609375,7.90625,7.703125,7.671875,7.453125,7.25,7.125,15.7421875,18.945312,19.578125,19.351562,18.96875,18.726562,18.554688,18.40625
2204,2021-06-10 06:00:00,3504,7.6015625,8.046875,7.9453125,7.8671875,7.703125,7.65625,7.4296875,7.1796875,7.1640625,15.796875,18.835938,19.546875,19.359375,18.976562,18.734375,18.554688,18.40625
2205,2021-06-10 06:15:00,3504,7.59375,8.0703125,7.96875,7.890625,7.6875,7.5625,7.296875,7.046875,6.9921875,15.609375,18.734375,19.5,19.351562,18.976562,18.734375,18.546875,18.398438
2206,2021-06-10 06:30:00,3504,7.5625,7.8984375,7.8125,7.7421875,7.59375,7.5859375,7.3828125,7.140625,7.1328125,15.5234375,18.632812,19.46875,19.351562,18.984375,18.734375,18.554688,18.398438
2207,2021-06-10 06:45:00,3504,7.484375,7.7109375,7.59375,7.5546875,7.40625,7.4140625,7.25,7.0546875,6.9140625,15.1875,18.523438,19.421875,19.351562,18.992188,18.734375,18.554688,18.398438
2208,2021-06-10 07:00:00,3504,7.4453125,7.875,7.765625,7.6796875,7.5,7.453125,7.2578125,7.046875,7.140625,15.2734375,18.429688,19.375,19.34375,19.0,18.734375,18.546875,18.398438
2209,2021-06-10 07:15:00,3498,7.4140625,7.765625,7.6484375,7.59375,7.4375,7.4375,7.265625,7.0234375,7.0546875,15.234375,18.328125,19.328125,19.335938,19.007812,18.75,18.546875,18.398438
2210,2021-06-10 07:30:00,3504,7.3984375,7.640625,7.53125,7.4765625,7.328125,7.3125,7.1328125,6.8984375,6.7890625,15.046875,18.242188,19.28125,19.328125,19.007812,18.757812,18.546875,18.398438
2211,2021-06-10 07:45:00,3498,7.390625,7.765625,7.65625,7.5859375,7.4296875,7.4140625,7.2734375,7.09375,7.0234375,14.953125,18.140625,19.242188,19.3125,19.007812,18.75,18.546875,18.390625
2212,2021-06-10 08:00:00,3498,7.4375,7.75,7.625,7.546875,7.3984375,7.390625,7.2421875,7.09375,7.0,14.8125,18.054688,19.195312,19.304688,19.007812,18.757812,18.546875,18.398438
2213,2021-06-10 08:15:00,3504,7.4140625,7.6875,7.6015625,7.546875,7.421875,7.4140625,7.296875,7.203125,7.1015625,14.734375,17.96875,19.148438,19.296875,19.015625,18.757812,18.546875,18.390625
2214,2021-06-10 08:30:00,3504,7.6171875,7.953125,7.84375,7.78125,7.6328125,7.625,7.484375,7.34375,7.28125,14.703125,17.882812,19.09375,19.28125,19.015625,18.757812,18.546875,18.390625
2215,2021-06-10 08:45:00,3498,7.765625,8.2265625,8.15625,8.109375,8.0,8.015625,7.90625,7.78125,7.6796875,14.6171875,17.804688,19.054688,19.265625,19.015625,18.765625,18.546875,18.390625
2216,2021-06-10 09:00:00,3498,7.7109375,7.90625,7.8046875,7.7265625,7.5703125,7.53125,7.3515625,7.15625,7.296875,14.703125,17.726562,19.007812,19.25,19.015625,18.765625,18.546875,18.390625
2217,2021-06-10 09:15:00,3498,7.578125,7.859375,7.78125,7.71875,7.5703125,7.5234375,7.3203125,7.09375,7.4296875,14.6796875,17.648438,18.960938,19.234375,19.023438,18.765625,18.539062,18.390625
2218,2021-06-10 09:30:00,3498,7.5234375,7.7890625,7.7109375,7.671875,7.5234375,7.484375,7.3125,7.125,7.0859375,14.421875,17.578125,18.914062,19.21875,19.023438,18.773438,18.546875,18.382812
2219,2021-06-10 09:45:00,3492,7.390625,7.6015625,7.5078125,7.453125,7.296875,7.2578125,7.078125,6.859375,6.7265625,14.3984375,17.507812,18.867188,19.203125,19.015625,18.773438,18.546875,18.390625
2220,2021-06-10 10:00:00,3498,7.25,7.3828125,7.2734375,7.203125,7.0546875,7.015625,6.8359375,6.609375,6.421875,14.234375,17.4375,18.820312,19.1875,19.015625,18.773438,18.546875,18.382812
2221,2021-06-10 10:15:00,3498,7.125,7.2734375,7.1484375,7.0859375,6.9453125,6.890625,6.7265625,6.5078125,6.3359375,14.015625,17.375,18.78125,19.171875,19.007812,18.773438,18.546875,18.382812
2222,2021-06-10 10:30:00,3498,6.8359375,7.0,6.859375,6.796875,6.640625,6.6328125,6.4921875,6.3203125,6.3359375,14.03125,17.304688,18.726562,19.140625,19.015625,18.773438,18.546875,18.382812
2223,2021-06-10 10:45:00,3498,6.6328125,6.84375,6.7421875,6.703125,6.59375,6.609375,6.5,6.3203125,6.203125,13.875,17.234375,18.679688,19.125,19.0,18.773438,18.546875,18.382812
2224,2021-06-10 11:00:00,3498,6.5234375,6.828125,6.703125,6.6484375,6.5,6.4765625,6.3046875,6.1015625,6.0625,13.8359375,17.171875,18.632812,19.101562,19.0,18.773438,18.539062,18.382812
2225,2021-06-10 11:15:00,3498,6.484375,6.8515625,6.7265625,6.6640625,6.4921875,6.4296875,6.2578125,6.046875,6.1875,13.921875,17.101562,18.59375,19.085938,18.992188,18.78125,18.539062,18.382812
2226,2021-06-10 11:30:00,3492,6.515625,6.90625,6.796875,6.734375,6.625,6.609375,6.4921875,6.3046875,6.2421875,13.7109375,17.03125,18.546875,19.0625,18.984375,18.78125,18.546875,18.382812
2227,2021-06-10 11:45:00,3492,6.578125,6.8828125,6.7734375,6.703125,6.5859375,6.5859375,6.46875,6.3046875,6.21875,13.59375,16.96875,18.5,19.039062,18.984375,18.78125,18.546875,18.367188
2228,2021-06-10 12:00:00,3492,6.7890625,7.1953125,7.0546875,6.9609375,6.7890625,6.7578125,6.6171875,6.453125,6.3125,13.5625,16.898438,18.460938,19.015625,18.976562,18.773438,18.539062,18.375
2229,2021-06-10 12:15:00,3498,6.8125,7.1953125,7.109375,7.046875,6.9453125,6.953125,6.8359375,6.6796875,6.5390625,13.4765625,16.84375,18.414062,18.992188,18.960938,18.773438,18.539062,18.375
2230,2021-06-10 12:30:00,3486,6.96875,7.28125,7.1484375,7.046875,6.890625,6.875,6.7421875,6.5703125,6.4765625,13.46875,16.78125,18.367188,18.96875,18.960938,18.773438,18.539062,18.367188
2231,2021-06-10 12:45:00,3480,6.8359375,7.078125,6.96875,6.875,6.71875,6.65625,6.484375,6.265625,6.109375,13.421875,16.71875,18.328125,18.945312,18.945312,18.765625,18.539062,18.359375
2232,2021-06-10 13:00:00,3486,6.75,6.8828125,6.7578125,6.671875,6.5078125,6.4921875,6.34375,6.1875,6.1875,13.40625,16.664062,18.28125,18.921875,18.945312,18.765625,18.539062,18.367188
2233,2021-06-10 13:15:00,3486,6.671875,7.0390625,6.9375,6.8515625,6.6953125,6.65625,6.5078125,6.328125,6.3046875,13.3984375,16.609375,18.234375,18.898438,18.929688,18.765625,18.539062,18.367188
2234,2021-06-10 13:30:00,3492,6.7578125,7.15625,7.03125,6.921875,6.7578125,6.7265625,6.5859375,6.421875,6.6171875,13.5859375,16.546875,18.195312,18.875,18.921875,18.757812,18.539062,18.359375
2235,2021-06-10 13:45:00,3492,6.84375,7.21875,7.09375,6.9765625,6.8046875,6.7890625,6.6640625,6.5625,6.7578125,13.5234375,16.492188,18.140625,18.851562,18.914062,18.757812,18.539062,18.359375
2236,2021-06-10 14:00:00,3498,7.3515625,8.03125,7.96875,7.828125,7.7265625,7.7421875,7.6796875,7.609375,7.625,13.5234375,16.445312,18.101562,18.820312,18.90625,18.75,18.53125,18.351562
2237,2021-06-10 14:15:00,3486,9.53125,10.421875,10.296875,9.921875,9.65625,9.5234375,9.265625,9.4921875,8.21875,13.671875,16.398438,18.0625,18.789062,18.890625,18.75,18.523438,18.34375
2238,2021-06-10 14:30:00,3486,11.3984375,11.5078125,11.25,11.1640625,10.640625,10.6171875,10.1328125,10.4921875,9.375,13.8515625,16.34375,18.015625,18.765625,18.875,18.734375,18.53125,18.34375
2239,2021-06-10 14:45:00,3486,10.640625,10.34375,10.2265625,10.2109375,10.046875,9.9296875,9.765625,10.0625,10.6484375,14.1796875,16.3125,17.976562,18.734375,18.867188,18.734375,18.523438,18.351562
2240,2021-06-10 15:00:00,3486,12.1796875,12.9765625,13.125,13.1953125,13.3515625,13.203125,12.9375,13.640625,14.40625,14.7734375,16.28125,17.9375,18.710938,18.859375,18.726562,18.523438,18.34375
2241,2021-06-10 15:15:00,3492,13.546875,13.875,13.8671875,13.9375,14.0859375,14.2421875,13.6328125,13.9609375,14.546875,15.28125,16.265625,17.898438,18.679688,18.835938,18.726562,18.523438,18.335938
2242,2021-06-10 15:30:00,3486,13.734375,13.125,13.09375,13.1484375,13.234375,13.4609375,13.015625,12.4765625,13.125,15.609375,16.273438,17.851562,18.65625,18.828125,18.71875,18.515625,18.328125
2243,2021-06-10 15:45:00,3480,14.9140625,13.7578125,13.71875,13.7890625,13.9453125,14.328125,14.5234375,14.0234375,14.0546875,16.1875,16.296875,17.820312,18.632812,18.8125,18.710938,18.507812,18.328125
2244,2021-06-10 16:00:00,3480,16.171875,15.0625,14.984375,15.0,15.1015625,15.421875,15.6796875,16.0,16.007812,16.828125,16.328125,17.78125,18.59375,18.796875,18.703125,18.507812,18.328125
2245,2021-06-10 16:15:00,3492,16.742188,15.421875,15.4375,15.53125,15.7109375,16.148438,16.5625,17.523438,18.0625,17.4375,16.390625,17.757812,18.570312,18.789062,18.695312,18.507812,18.320312
2246,2021-06-10 16:30:00,3486,17.921875,16.398438,16.460938,16.601562,16.84375,17.320312,17.804688,18.960938,20.007812,18.304688,16.460938,17.726562,18.554688,18.765625,18.6875,18.5,18.3125
2247,2021-06-10 16:45:00,3492,18.015625,15.8515625,16.023438,16.203125,16.4375,16.929688,17.375,18.445312,19.539062,18.6875,16.546875,17.703125,18.515625,18.75,18.679688,18.492188,18.304688
2248,2021-06-10 17:00:00,3492,19.234375,17.054688,17.3125,17.375,17.570312,18.054688,18.5,19.578125,21.273438,19.46875,16.648438,17.6875,18.492188,18.734375,18.671875,18.492188,18.296875
2249,2021-06-10 17:15:00,3486,19.648438,17.445312,17.851562,18.054688,18.296875,18.726562,19.179688,20.203125,21.726562,20.046875,16.765625,17.671875,18.46875,18.710938,18.664062,18.484375,18.296875
2250,2021-06-10 17:30:00,3486,19.765625,16.898438,17.171875,17.367188,17.664062,18.1875,18.710938,19.796875,21.625,20.570312,16.90625,17.664062,18.445312,18.703125,18.65625,18.476562,18.289062
2251,2021-06-10 17:45:00,3498,19.953125,17.570312,17.523438,17.8125,18.023438,18.421875,18.8125,19.867188,21.851562,21.21875,17.0625,17.664062,18.421875,18.679688,18.648438,18.46875,18.28125
2252,2021-06-10 18:00:00,3498,20.59375,18.75,18.609375,18.84375,19.101562,19.453125,19.796875,20.695312,22.34375,21.734375,17.234375,17.664062,18.40625,18.671875,18.632812,18.46875,18.273438
2253,2021-06-10 18:15:00,3504,21.054688,19.226562,19.164062,19.335938,19.5,19.929688,20.3125,21.179688,22.789062,22.28125,17.414062,17.679688,18.382812,18.648438,18.625,18.460938,18.265625
2254,2021-06-10 18:30:00,3498,21.210938,18.34375,18.179688,18.304688,18.421875,18.859375,19.265625,20.015625,21.585938,22.546875,17.609375,17.6875,18.359375,18.632812,18.625,18.453125,18.265625
2255,2021-06-10 18:45:00,3498,21.195312,17.382812,17.21875,17.4375,17.570312,18.085938,18.515625,19.351562,20.890625,22.820312,17.8125,17.71875,18.34375,18.617188,18.609375,18.445312,18.257812
2256,2021-06-10 19:00:00,3504,21.414062,18.859375,18.765625,18.96875,19.125,19.453125,19.726562,20.445312,22.015625,23.039062,18.023438,17.742188,18.320312,18.601562,18.585938,18.4375,18.242188
2257,2021-06-10 19:15:00,3504,22.054688,19.523438,19.640625,19.960938,20.171875,20.476562,20.703125,21.4375,22.914062,23.679688,18.25,17.78125,18.320312,18.585938,18.585938,18.429688,18.242188
2258,2021-06-10 19:30:00,3504,22.03125,19.328125,19.585938,19.742188,19.9375,20.210938,20.460938,21.390625,23.390625,24.296875,18.476562,17.828125,18.304688,18.570312,18.578125,18.429688,18.226562
2259,2021-06-10 19:45:00,3504,22.351562,19.609375,20.015625,20.179688,20.359375,20.546875,20.695312,21.453125,22.890625,24.679688,18.71875,17.882812,18.296875,18.554688,18.5625,18.421875,18.226562
2260,2021-06-10 20:00:00,3504,22.304688,19.9375,20.1875,20.328125,20.523438,20.617188,20.796875,21.664062,23.171875,25.015625,18.96875,17.9375,18.289062,18.539062,18.554688,18.414062,18.21875
2261,2021-06-10 20:15:00,3498,22.296875,20.015625,20.070312,20.296875,20.546875,20.648438,20.835938,21.664062,22.6875,25.265625,19.210938,18.0,18.28125,18.523438,18.539062,18.398438,18.210938
2262,2021-06-10 20:30:00,3510,22.421875,19.828125,19.84375,20.007812,20.203125,20.210938,20.492188,21.679688,22.703125,25.46875,19.460938,18.070312,18.28125,18.507812,18.53125,18.390625,18.210938
2263,2021-06-10 20:45:00,3510,22.757812,20.09375,20.335938,20.585938,20.835938,20.828125,21.007812,21.84375,22.289062,25.476562,19.710938,18.148438,18.289062,18.492188,18.523438,18.390625,18.195312
2264,2021-06-10 21:00:00,3510,23.421875,21.257812,21.375,21.585938,21.851562,21.765625,22.078125,23.140625,23.585938,25.851562,19.945312,18.234375,18.289062,18.484375,18.507812,18.375,18.179688
2265,2021-06-10 21:15:00,3510,22.695312,20.085938,20.265625,20.507812,20.773438,20.65625,20.914062,21.59375,21.960938,25.773438,20.1875,18.320312,18.296875,18.46875,18.5,18.367188,18.171875
2266,2021-06-10 21:30:00,3522,22.4375,19.867188,19.992188,20.265625,20.570312,20.429688,20.765625,21.070312,21.351562,25.765625,20.40625,18.40625,18.3125,18.460938,18.492188,18.367188,18.171875
2267,2021-06-10 21:45:00,3510,22.28125,20.15625,20.3125,20.570312,20.890625,20.648438,21.054688,21.234375,21.71875,25.710938,20.601562,18.5,18.328125,18.453125,18.476562,18.351562,18.15625
2268,2021-06-10 22:00:00,3516,21.882812,19.757812,20.09375,21.445312,21.25,20.671875,20.773438,21.09375,21.234375,25.335938,20.796875,18.601562,18.34375,18.445312,18.460938,18.34375,18.15625
2269,2021-06-10 22:15:00,3516,22.5,20.578125,20.828125,21.164062,21.578125,21.929688,22.273438,21.8125,21.28125,24.46875,20.960938,18.695312,18.359375,18.4375,18.453125,18.335938,18.140625
2270,2021-06-10 22:30:00,3516,22.078125,19.375,19.625,19.929688,20.335938,20.679688,21.085938,20.5,20.640625,24.765625,21.085938,18.804688,18.382812,18.4375,18.445312,18.320312,18.140625
2271,2021-06-10 22:45:00,3516,21.914062,20.03125,20.171875,20.4375,20.695312,20.945312,21.265625,20.539062,20.507812,24.578125,21.1875,18.898438,18.414062,18.421875,18.429688,18.320312,18.140625
2272,2021-06-10 23:00:00,3516,21.15625,19.226562,19.453125,19.789062,20.085938,20.335938,20.59375,20.101562,19.65625,23.929688,21.273438,18.992188,18.4375,18.429688,18.421875,18.3125,18.132812
2273,2021-06-10 23:15:00,3522,21.304688,19.75,19.960938,20.234375,20.539062,20.734375,20.851562,20.929688,19.898438,23.601562,21.34375,19.078125,18.46875,18.414062,18.414062,18.296875,18.125
2274,2021-06-10 23:30:00,3522,20.882812,19.570312,20.007812,20.304688,20.96875,21.695312,21.796875,21.304688,19.789062,23.15625,21.398438,19.171875,18.5,18.421875,18.40625,18.296875,18.117188
2275,2021-06-10 23:45:00,3510,19.570312,16.867188,16.648438,16.671875,16.640625,16.726562,16.65625,16.5625,16.234375,22.507812,21.414062,19.257812,18.539062,18.414062,18.398438,18.28125,18.109375
2276,2021-06-11 00:00:00,3516,16.929688,15.828125,15.765625,15.7890625,15.7421875,15.7109375,15.5703125,15.1328125,14.625,21.59375,21.414062,19.328125,18.5625,18.421875,18.382812,18.28125,18.109375
2277,2021-06-11 00:15:00,3516,16.34375,15.6953125,15.578125,15.546875,15.4765625,15.453125,15.359375,14.84375,14.2578125,21.078125,21.382812,19.40625,18.601562,18.429688,18.382812,18.265625,18.101562
2278,2021-06-11 00:30:00,3510,16.210938,15.890625,15.7578125,15.7421875,15.71875,15.703125,15.6328125,15.1015625,14.5390625,20.835938,21.328125,19.476562,18.640625,18.429688,18.375,18.265625,18.09375
2279,2021-06-11 00:45:00,3516,14.8984375,14.28125,14.1171875,14.0703125,13.9296875,13.875,13.671875,13.2578125,12.890625,20.414062,21.242188,19.53125,18.671875,18.4375,18.367188,18.25,18.085938
2280,2021-06-11 01:00:00,3516,13.96875,13.703125,13.5546875,13.4921875,13.328125,13.25,13.015625,12.5703125,12.171875,19.960938,21.140625,19.59375,18.710938,18.445312,18.367188,18.25,18.085938
2281,2021-06-11 01:15:00,3504,13.5234375,13.5,13.359375,13.296875,13.1328125,13.0546875,12.78125,12.296875,11.890625,19.703125,21.039062,19.625,18.757812,18.453125,18.359375,18.242188,18.078125
2282,2021-06-11 01:30:00,3510,13.203125,13.3203125,13.171875,13.1328125,12.9609375,12.890625,12.609375,12.1015625,11.640625,19.53125,20.921875,19.664062,18.789062,18.460938,18.359375,18.242188,18.078125
2283,2021-06-11 01:45:00,3522,12.7734375,12.8125,12.6640625,12.6015625,12.40625,12.2734375,11.9609375,11.421875,11.3515625,19.273438,20.796875,19.695312,18.828125,18.46875,18.351562,18.226562,18.070312
2284,2021-06-11 02:00:00,3516,12.28125,12.4453125,12.3125,12.2109375,12.0,11.8046875,11.4453125,10.8671875,10.4765625,18.78125,20.671875,19.710938,18.867188,18.484375,18.351562,18.226562,18.0625
2285,2021-06-11 02:15:00,3522,11.953125,12.3203125,12.1875,12.0859375,11.84375,11.6171875,11.171875,10.453125,10.1015625,18.429688,20.554688,19.71875,18.898438,18.492188,18.351562,18.21875,18.0625
2286,2021-06-11 02:30:00,3522,11.734375,12.125,12.0078125,11.9296875,11.6875,11.4765625,11.0703125,10.3671875,9.890625,18.195312,20.429688,19.71875,18.921875,18.5,18.351562,18.210938,18.0625
2287,2021-06-11 02:45:00,3516,11.4296875,11.7578125,11.6015625,11.484375,11.265625,11.0859375,10.6953125,10.0234375,9.484375,17.882812,20.304688,19.726562,18.953125,18.515625,18.351562,18.210938,18.0625
2288,2021-06-11 03:00:00,3516,11.03125,11.3125,11.1484375,11.046875,10.828125,10.6640625,10.296875,9.609375,9.1484375,17.65625,20.179688,19.71875,18.984375,18.53125,18.34375,18.203125,18.054688
2289,2021-06-11 03:15:00,3522,10.7578125,11.140625,11.0,10.8984375,10.6953125,10.5234375,10.15625,9.4765625,8.84375,17.46875,20.046875,19.710938,19.0,18.539062,18.34375,18.203125,18.054688
2290,2021-06-11 03:30:00,3516,10.296875,10.6015625,10.453125,10.359375,10.1796875,10.0625,9.7109375,8.953125,8.0703125,17.21875,19.914062,19.695312,19.023438,18.5625,18.351562,18.203125,18.054688
2291,2021-06-11 03:45:00,3510,9.890625,10.234375,10.078125,9.9609375,9.75,9.5859375,9.2109375,8.4609375,7.515625,16.859375,19.789062,19.679688,19.039062,18.570312,18.351562,18.195312,18.054688
2292,2021-06-11 04:00:00,3510,9.546875,9.8828125,9.7109375,9.578125,9.3671875,9.1875,8.796875,8.03125,7.09375,16.515625,19.664062,19.65625,19.0625,18.585938,18.351562,18.195312,18.054688
2293,2021-06-11 04:15:00,3516,9.234375,9.6640625,9.515625,9.3984375,9.1875,9.0234375,8.640625,7.8671875,6.8671875,16.21875,19.539062,19.632812,19.078125,18.601562,18.359375,18.195312,18.054688
2294,2021-06-11 04:30:00,3510,8.8984375,9.34375,9.2109375,9.109375,8.9140625,8.796875,8.4453125,7.671875,6.71875,16.046875,19.40625,19.601562,19.085938,18.617188,18.359375,18.179688,18.054688
2295,2021-06-11 04:45:00,3510,8.6796875,9.234375,9.078125,8.9375,8.6875,8.4375,7.9765625,7.21875,6.515625,15.96875,19.273438,19.570312,19.101562,18.625,18.367188,18.195312,18.054688
2296,2021-06-11 05:00:00,3504,8.6171875,9.015625,8.859375,8.75,8.5234375,8.359375,7.9609375,7.2421875,6.3828125,15.7734375,19.140625,19.539062,19.117188,18.632812,18.367188,18.1875,18.054688
2297,2021-06-11 05:15:00,3510,8.4609375,8.9375,8.8046875,8.6640625,8.4140625,8.1796875,7.6875,6.8828125,6.2421875,15.6875,19.023438,19.5,19.125,18.648438,18.375,18.1875,18.046875
2298,2021-06-11 05:30:00,3510,8.34375,8.8359375,8.6796875,8.5390625,8.2734375,8.03125,7.5703125,6.7578125,5.9765625,15.515625,18.898438,19.46875,19.125,18.671875,18.382812,18.1875,18.054688
2299,2021-06-11 05:45:00,3504,8.2109375,8.71875,8.5859375,8.4609375,8.2265625,8.0390625,7.65625,6.9296875,6.09375,15.3359375,18.773438,19.421875,19.132812,18.679688,18.382812,18.1875,18.054688
2300,2021-06-11 06:00:00,3510,7.9375,8.40625,8.296875,8.2109375,8.0078125,7.84375,7.453125,6.71875,6.0390625,15.2109375,18.664062,19.375,19.132812,18.6875,18.398438,18.195312,18.054688
2301,2021-06-11 06:15:00,3510,7.8671875,8.4453125,8.28125,8.1484375,7.921875,7.734375,7.359375,6.6484375,5.8828125,15.0390625,18.539062,19.335938,19.132812,18.703125,18.398438,18.1875,18.054688
2302,2021-06-11 06:30:00,3510,8.0,8.5859375,8.4453125,8.3203125,8.0703125,7.8359375,7.390625,6.6328125,5.921875,14.953125,18.421875,19.289062,19.132812,18.703125,18.398438,18.195312,18.054688
2303,2021-06-11 06:45:00,3510,7.953125,8.5078125,8.3671875,8.2421875,8.046875,7.875,7.5,6.8515625,6.1171875,14.828125,18.3125,19.25,19.125,18.71875,18.40625,18.195312,18.046875
2304,2021-06-11 07:00:00,3510,7.7578125,8.1640625,8.046875,7.96875,7.796875,7.703125,7.421875,6.8203125,6.109375,14.7109375,18.210938,19.203125,19.125,18.726562,18.414062,18.195312,18.054688
2305,2021-06-11 07:15:00,3510,7.7734375,8.3046875,8.1640625,8.03125,7.796875,7.6328125,7.3125,6.71875,5.9921875,14.6328125,18.09375,19.148438,19.117188,18.734375,18.414062,18.195312,18.0625
2306,2021-06-11 07:30:00,3504,7.75,8.375,8.234375,8.09375,7.8515625,7.65625,7.2890625,6.6015625,5.890625,14.5234375,18.007812,19.101562,19.117188,18.742188,18.421875,18.203125,18.0625
2307,2021-06-11 07:45:00,3510,7.8671875,8.3515625,8.2109375,8.0859375,7.859375,7.6640625,7.25,6.5234375,5.8359375,14.421875,17.90625,19.054688,19.109375,18.75,18.421875,18.203125,18.0625
2308,2021-06-11 08:00:00,3504,7.890625,8.3828125,8.2578125,8.125,7.8828125,7.6875,7.28125,6.5703125,5.8671875,14.3671875,17.8125,19.007812,19.09375,18.757812,18.4375,18.203125,18.0625
2309,2021-06-11 08:15:00,3504,7.7421875,8.1015625,7.9765625,7.875,7.6640625,7.5,7.1640625,6.5390625,5.9296875,14.265625,17.71875,18.960938,19.085938,18.765625,18.445312,18.210938,18.0625
2310,2021-06-11 08:30:00,3504,7.7421875,8.1484375,8.0,7.890625,7.6640625,7.5078125,7.171875,6.5625,5.953125,14.1484375,17.625,18.90625,19.070312,18.765625,18.445312,18.210938,18.070312
2311,2021-06-11 08:45:00,3510,7.578125,7.828125,7.71875,7.65625,7.4921875,7.4140625,7.125,6.546875,6.015625,14.1015625,17.539062,18.859375,19.054688,18.773438,18.453125,18.210938,18.070312
2312,2021-06-11 09:00:00,3504,7.5234375,7.875,7.765625,7.671875,7.484375,7.375,7.0703125,6.5234375,6.0390625,14.046875,17.453125,18.804688,19.039062,18.773438,18.460938,18.21875,18.078125
2313,2021-06-11 09:15:00,3504,7.4375,7.9375,7.8125,7.734375,7.5625,7.4765625,7.203125,6.671875,6.234375,13.9453125,17.367188,18.757812,19.023438,18.773438,18.46875,18.21875,18.070312
2314,2021-06-11 09:30:00,3504,7.4375,7.9921875,7.84375,7.71875,7.5078125,7.3359375,7.0,6.4296875,5.9609375,13.9296875,17.296875,18.703125,19.007812,18.773438,18.46875,18.21875,18.078125
2315,2021-06-11 09:45:00,3498,7.359375,7.875,7.734375,7.6015625,7.3828125,7.1875,6.8046875,6.1953125,5.8046875,13.796875,17.21875,18.65625,18.992188,18.78125,18.46875,18.226562,18.078125
2316,2021-06-11 10:00:00,3498,7.515625,8.140625,8.0,7.8359375,7.5703125,7.34375,6.9453125,6.3046875,5.8203125,13.7265625,17.140625,18.609375,18.96875,18.773438,18.476562,18.226562,18.070312
2317,2021-06-11 10:15:00,3498,7.1953125,7.390625,7.2734375,7.21875,7.0625,7.0,6.71875,6.1796875,5.7421875,13.6640625,17.0625,18.554688,18.953125,18.773438,18.476562,18.226562,18.078125
2318,2021-06-11 10:30:00,3498,7.328125,7.8359375,7.6953125,7.546875,7.3203125,7.15625,6.8203125,6.265625,5.765625,13.625,16.984375,18.507812,18.9375,18.773438,18.484375,18.234375,18.085938
2319,2021-06-11 10:45:00,3492,7.265625,7.7265625,7.5859375,7.484375,7.2578125,7.1015625,6.734375,6.125,5.6875,13.5546875,16.921875,18.46875,18.914062,18.765625,18.484375,18.234375,18.085938
2320,2021-06-11 11:00:00,3498,7.15625,7.6640625,7.5390625,7.4296875,7.21875,7.046875,6.703125,6.1484375,5.7421875,13.484375,16.851562,18.414062,18.890625,18.765625,18.484375,18.234375,18.085938
2321,2021-06-11 11:15:00,3498,7.140625,7.53125,7.40625,7.3359375,7.1796875,7.1015625,6.8515625,6.4609375,6.1796875,13.421875,16.78125,18.367188,18.867188,18.757812,18.492188,18.242188,18.078125
2322,2021-06-11 11:30:00,3498,7.1953125,7.703125,7.5703125,7.4765625,7.265625,7.125,6.8125,6.4140625,6.0703125,13.4453125,16.71875,18.3125,18.84375,18.757812,18.492188,18.242188,18.085938
2323,2021-06-11 11:45:00,3504,7.203125,7.609375,7.484375,7.375,7.171875,7.03125,6.7265625,6.375,6.015625,13.3828125,16.65625,18.273438,18.828125,18.75,18.492188,18.25,18.085938
2324,2021-06-11 12:00:00,3498,7.2109375,7.5859375,7.46875,7.3828125,7.21875,7.140625,6.9296875,6.6328125,6.2890625,13.359375,16.585938,18.226562,18.804688,18.742188,18.492188,18.242188,18.085938
2325,2021-06-11 12:15:00,3498,7.2265625,7.6015625,7.4921875,7.40625,7.25,7.1875,6.9921875,6.6484375,6.2421875,13.3046875,16.523438,18.171875,18.78125,18.734375,18.492188,18.242188,18.085938
2326,2021-06-11 12:30:00,3498,7.3125,7.734375,7.6328125,7.5625,7.3984375,7.34375,7.1796875,6.9296875,6.609375,13.3046875,16.46875,18.125,18.75,18.726562,18.5,18.25,18.09375
2327,2021-06-11 12:45:00,3492,7.4140625,7.734375,7.625,7.5546875,7.4140625,7.3828125,7.2109375,6.9453125,6.625,13.328125,16.414062,18.078125,18.71875,18.71875,18.492188,18.25,18.09375
2328,2021-06-11 13:00:00,3498,7.3984375,7.7421875,7.671875,7.6171875,7.5,7.4921875,7.359375,7.1328125,6.9140625,13.296875,16.351562,18.03125,18.695312,18.71875,18.492188,18.25,18.085938
2329,2021-06-11 13:15:00,3498,7.6171875,7.9609375,7.8359375,7.75,7.5859375,7.5234375,7.328125,7.046875,6.765625,13.3203125,16.304688,17.984375,18.671875,18.710938,18.492188,18.25,18.085938
2330,2021-06-11 13:30:00,3492,7.640625,7.9296875,7.8203125,7.7421875,7.625,7.6015625,7.484375,7.2734375,7.0625,13.28125,16.257812,17.945312,18.648438,18.6875,18.492188,18.25,18.085938
2331,2021-06-11 13:45:00,3492,7.6953125,8.1015625,7.9921875,7.8359375,7.6328125,7.546875,7.375,7.15625,6.953125,13.3046875,16.210938,17.90625,18.625,18.6875,18.484375,18.25,18.085938
2332,2021-06-11 14:00:00,3498,7.7265625,8.140625,8.046875,7.953125,7.7734375,7.6953125,7.5703125,7.390625,7.21875,13.3359375,16.171875,17.859375,18.59375,18.671875,18.484375,18.25,18.085938
2333,2021-06-11 14:15:00,3498,9.046875,10.53125,10.546875,10.484375,10.3828125,10.4296875,10.4296875,10.5703125,9.8828125,13.5859375,16.125,17.820312,18.570312,18.664062,18.484375,18.257812,18.085938
2334,2021-06-11 14:30:00,3498,11.5390625,12.3671875,12.3515625,12.359375,12.4296875,12.6015625,12.25,12.421875,11.890625,14.078125,16.09375,17.78125,18.539062,18.65625,18.476562,18.25,18.085938
2335,2021-06-11 14:45:00,3486,13.3828125,12.984375,13.0390625,13.1484375,13.3828125,13.828125,14.1015625,14.0625,14.4609375,14.59375,16.0625,17.734375,18.515625,18.640625,18.476562,18.25,18.085938
2336,2021-06-11 15:00:00,3486,14.640625,13.6640625,13.6328125,13.7265625,13.90625,14.3515625,14.734375,15.5078125,15.6796875,15.09375,16.046875,17.695312,18.492188,18.632812,18.46875,18.25,18.078125
2337,2021-06-11 15:15:00,3492,15.2890625,14.109375,14.109375,14.2109375,14.3828125,14.84375,15.21875,16.242188,17.40625,15.515625,16.0625,17.664062,18.460938,18.617188,18.46875,18.257812,18.078125
2338,2021-06-11 15:30:00,3498,16.179688,14.875,14.921875,15.0625,15.296875,15.7734375,16.226562,17.390625,18.890625,16.148438,16.085938,17.617188,18.4375,18.609375,18.46875,18.242188,18.070312
2339,2021-06-11 15:45:00,3498,16.890625,15.5390625,15.65625,15.7890625,15.9921875,16.421875,16.820312,17.859375,19.09375,16.703125,16.125,17.578125,18.40625,18.585938,18.460938,18.25,18.0625
2340,2021-06-11 16:00:00,3492,17.96875,15.9375,15.953125,16.078125,16.328125,16.835938,17.351562,18.695312,20.585938,17.5,16.1875,17.554688,18.382812,18.578125,18.453125,18.242188,18.0625
2341,2021-06-11 16:15:00,3504,18.59375,16.835938,16.882812,17.0,17.21875,17.703125,18.179688,19.421875,20.804688,18.132812,16.265625,17.523438,18.359375,18.5625,18.445312,18.242188,18.0625
2342,2021-06-11 16:30:00,3492,19.289062,17.671875,17.773438,17.921875,18.132812,18.5625,18.976562,20.0625,21.328125,18.570312,16.359375,17.515625,18.328125,18.546875,18.445312,18.234375,18.0625
2343,2021-06-11 16:45:00,3492,20.265625,18.015625,18.085938,18.25,18.445312,18.953125,19.445312,20.632812,21.929688,19.296875,16.460938,17.492188,18.304688,18.53125,18.4375,18.234375,18.054688
2344,2021-06-11 17:00:00,3498,20.585938,18.375,18.617188,18.757812,18.945312,19.367188,19.804688,20.898438,22.101562,19.882812,16.59375,17.476562,18.273438,18.515625,18.429688,18.234375,18.054688
2345,2021-06-11 17:15:00,3498,20.820312,18.15625,18.429688,18.546875,18.710938,19.1875,19.664062,20.84375,22.25,20.273438,16.734375,17.46875,18.257812,18.5,18.421875,18.226562,18.046875
2346,2021-06-11 17:30:00,3498,21.296875,19.171875,19.335938,19.453125,19.601562,19.96875,20.335938,21.273438,22.484375,20.875,16.882812,17.46875,18.234375,18.484375,18.414062,18.226562,18.046875
2347,2021-06-11 17:45:00,3498,21.375,18.625,18.625,18.929688,19.085938,19.492188,19.90625,20.929688,22.375,21.40625,17.046875,17.476562,18.210938,18.476562,18.414062,18.226562,18.039062
2348,2021-06-11 18:00:00,3498,21.859375,19.484375,19.476562,19.734375,19.976562,20.382812,20.765625,21.710938,23.054688,22.0625,17.226562,17.484375,18.195312,18.460938,18.398438,18.226562,18.03125
2349,2021-06-11 18:15:00,3504,21.804688,19.1875,19.085938,19.242188,19.390625,19.859375,20.304688,21.351562,22.804688,22.523438,17.40625,17.5,18.171875,18.4375,18.390625,18.210938,18.03125
2350,2021-06-11 18:30:00,3504,22.53125,20.585938,20.421875,20.515625,20.609375,20.882812,21.132812,21.65625,22.84375,22.890625,17.585938,17.523438,18.15625,18.429688,18.382812,18.210938,18.023438
2351,2021-06-11 18:45:00,3510,22.273438,19.96875,19.921875,20.078125,20.21875,20.507812,20.773438,21.164062,21.960938,22.695312,17.796875,17.554688,18.132812,18.414062,18.382812,18.203125,18.023438
2352,2021-06-11 19:00:00,3504,22.8125,20.765625,20.609375,20.796875,20.921875,21.210938,21.507812,22.265625,23.429688,22.984375,18.0,17.585938,18.125,18.398438,18.367188,18.203125,18.023438
2353,2021-06-11 19:15:00,3504,22.914062,20.195312,20.34375,20.609375,20.742188,21.054688,21.320312,22.101562,23.359375,23.507812,18.210938,17.632812,18.117188,18.382812,18.351562,18.1875,18.007812
2354,2021-06-11 19:30:00,3504,23.054688,20.492188,20.867188,21.054688,21.1875,21.4375,21.695312,22.578125,23.492188,23.898438,18.429688,17.679688,18.101562,18.367188,18.34375,18.1875,18.007812
2355,2021-06-11 19:45:00,3504,23.398438,20.507812,20.796875,20.921875,21.015625,21.3125,21.601562,22.53125,23.429688,24.304688,18.648438,17.734375,18.101562,18.351562,18.335938,18.171875,18.007812
2356,2021-06-11 20:00:00,3510,23.5,20.890625,21.09375,21.242188,21.375,21.671875,21.921875,22.578125,23.421875,24.546875,18.875,17.789062,18.09375,18.34375,18.328125,18.171875,17.992188
2357,2021-06-11 20:15:00,3510,24.210938,22.289062,22.40625,22.546875,22.65625,22.890625,23.140625,23.757812,24.601562,24.890625,19.101562,17.851562,18.09375,18.335938,18.320312,18.164062,17.992188
2358,2021-06-11 20:30:00,3516,24.453125,21.59375,21.703125,21.90625,22.054688,22.34375,22.609375,23.109375,23.71875,25.078125,19.335938,17.929688,18.09375,18.320312,18.3125,18.15625,17.984375
2359,2021-06-11 20:45:00,3522,23.929688,21.195312,21.390625,21.640625,21.875,22.140625,22.398438,22.804688,23.03125,25.023438,19.570312,18.0,18.101562,18.304688,18.304688,18.15625,17.976562
2360,2021-06-11 21:00:00,3510,24.078125,21.382812,21.40625,21.5625,21.742188,22.03125,22.34375,22.648438,22.960938,25.203125,19.789062,18.078125,18.109375,18.296875,18.289062,18.148438,17.976562
2361,2021-06-11 21:15:00,3516,24.070312,21.773438,21.992188,22.257812,22.476562,22.765625,23.03125,22.96875,23.125,25.203125,20.007812,18.164062,18.117188,18.289062,18.28125,18.140625,17.96875
2362,2021-06-11 21:30:00,3522,23.867188,21.484375,21.617188,21.828125,22.007812,22.320312,22.664062,22.429688,22.835938,25.179688,20.210938,18.257812,18.125,18.28125,18.273438,18.132812,17.960938
2363,2021-06-11 21:45:00,3522,23.859375,21.820312,21.890625,22.078125,22.257812,22.554688,22.90625,22.484375,22.898438,25.210938,20.398438,18.34375,18.148438,18.265625,18.257812,18.125,17.960938
2364,2021-06-11 22:00:00,3522,23.625,21.523438,21.640625,21.882812,22.078125,22.390625,22.765625,22.203125,22.664062,25.226562,20.5625,18.4375,18.15625,18.265625,18.257812,18.125,17.953125
2365,2021-06-11 22:15:00,3516,23.984375,22.164062,22.320312,22.5625,22.796875,23.101562,23.382812,22.726562,23.078125,25.140625,20.71875,18.53125,18.1875,18.257812,18.25,18.109375,17.945312
2366,2021-06-11 22:30:00,3510,23.789062,21.632812,21.78125,22.015625,22.257812,22.554688,22.765625,22.289062,22.367188,24.976562,20.867188,18.625,18.203125,18.25,18.234375,18.109375,17.945312
2367,2021-06-11 22:45:00,3522,23.679688,21.773438,21.90625,22.148438,22.429688,22.6875,22.757812,22.359375,22.28125,24.804688,20.992188,18.726562,18.234375,18.25,18.226562,18.101562,17.9375
2368,2021-06-11 23:00:00,3522,23.445312,21.398438,21.546875,21.859375,22.1875,22.484375,22.492188,22.132812,22.054688,24.460938,21.101562,18.828125,18.265625,18.242188,18.226562,18.09375,17.929688
2369,2021-06-11 23:15:00,3522,23.40625,21.890625,22.015625,22.335938,22.640625,22.96875,23.078125,21.890625,21.5625,23.773438,21.1875,18.90625,18.289062,18.25,18.21875,18.09375,17.921875
2370,2021-06-11 23:30:00,3516,23.078125,21.078125,21.164062,21.40625,21.6875,21.9375,22.226562,21.164062,21.328125,23.625,21.25,18.992188,18.328125,18.25,18.210938,18.085938,17.921875
2371,2021-06-11 23:45:00,3528,21.617188,18.726562,18.484375,18.46875,18.4375,18.476562,18.359375,17.859375,17.78125,23.039062,21.296875,19.078125,18.359375,18.257812,18.203125,18.070312,17.921875
2372,2021-06-12 00:00:00,3522,18.953125,17.59375,17.523438,17.554688,17.53125,17.5,17.335938,16.71875,16.28125,22.070312,21.320312,19.164062,18.398438,18.25,18.1875,18.070312,17.914062
2373,2021-06-12 00:15:00,3528,18.898438,18.351562,18.257812,18.25,18.1875,18.03125,17.75,17.242188,16.726562,21.585938,21.320312,19.234375,18.429688,18.265625,18.195312,18.0625,17.914062
2374,2021-06-12 00:30:00,3510,18.273438,17.515625,17.453125,17.476562,17.46875,17.453125,17.234375,16.929688,16.382812,21.226562,21.28125,19.3125,18.46875,18.265625,18.1875,18.054688,17.914062
2375,2021-06-12 00:45:00,3528,16.835938,15.9140625,15.796875,15.765625,15.6484375,15.5859375,15.3671875,14.9765625,14.6328125,20.835938,21.21875,19.375,18.507812,18.273438,18.179688,18.054688,17.914062
2376,2021-06-12 01:00:00,3522,16.140625,15.8359375,15.7265625,15.6796875,15.53125,15.4375,15.1640625,14.6875,14.2890625,20.539062,21.132812,19.4375,18.546875,18.289062,18.179688,18.046875,17.90625
2377,2021-06-12 01:15:00,3528,15.7734375,15.609375,15.515625,15.46875,15.328125,15.234375,14.9765625,14.515625,14.0625,20.226562,21.046875,19.484375,18.585938,18.289062,18.171875,18.046875,17.90625
2378,2021-06-12 01:30:00,3528,15.7734375,15.734375,15.671875,15.6484375,15.5546875,15.515625,15.328125,15.0234375,14.6484375,20.0625,20.953125,19.53125,18.625,18.304688,18.164062,18.046875,17.90625
2379,2021-06-12 01:45:00,3516,15.7578125,15.7109375,15.625,15.59375,15.484375,15.421875,15.203125,14.828125,14.421875,19.875,20.851562,19.570312,18.664062,18.320312,18.171875,18.039062,17.90625
2380,2021-06-12 02:00:00,3522,15.3515625,15.015625,14.90625,14.8671875,14.734375,14.671875,14.453125,14.09375,13.8828125,19.695312,20.75,19.59375,18.695312,18.328125,18.164062,18.03125,17.90625
2381,2021-06-12 02:15:00,3522,14.7578125,14.5,14.375,14.328125,14.203125,14.125,13.90625,13.546875,13.3046875,19.539062,20.648438,19.609375,18.734375,18.34375,18.171875,18.03125,17.90625
2382,2021-06-12 02:30:00,3522,14.2421875,14.15625,14.046875,13.9921875,13.8359375,13.765625,13.5390625,13.171875,12.9921875,19.296875,20.554688,19.625,18.765625,18.351562,18.171875,18.03125,17.90625
2383,2021-06-12 02:45:00,3528,13.9140625,13.921875,13.8125,13.765625,13.6171875,13.546875,13.3046875,12.96875,12.828125,19.140625,20.460938,19.632812,18.804688,18.367188,18.171875,18.023438,17.898438
2384,2021-06-12 03:00:00,3528,13.6171875,13.6484375,13.5234375,13.46875,13.328125,13.2578125,13.03125,12.703125,12.6171875,19.0,20.367188,19.640625,18.828125,18.390625,18.179688,18.023438,17.898438
2385,2021-06-12 03:15:00,3528,13.1796875,13.3046875,13.171875,13.109375,12.9296875,12.8203125,12.5,12.1484375,12.7734375,18.929688,20.273438,19.640625,18.859375,18.40625,18.179688,18.023438,17.898438
2386,2021-06-12 03:30:00,3516,12.8203125,12.78125,12.671875,12.609375,12.4375,12.328125,12.0390625,11.6875,12.15625,18.734375,20.179688,19.640625,18.890625,18.421875,18.179688,18.023438,17.898438
2387,2021-06-12 03:45:00,3522,12.375,12.5,12.3828125,12.3359375,12.15625,12.046875,11.734375,11.375,11.5,18.304688,20.09375,19.632812,18.90625,18.4375,18.1875,18.023438,17.90625
2388,2021-06-12 04:00:00,3522,12.15625,12.453125,12.375,12.3125,12.1171875,11.953125,11.6171875,11.2890625,11.4921875,18.125,19.992188,19.625,18.9375,18.453125,18.195312,18.03125,17.90625
2389,2021-06-12 04:15:00,3522,12.0078125,12.25,12.171875,12.1015625,11.9296875,11.8125,11.578125,11.34375,11.5390625,18.09375,19.898438,19.617188,18.953125,18.46875,18.195312,18.023438,17.90625
2390,2021-06-12 04:30:00,3522,12.03125,12.3828125,12.3125,12.25,12.1015625,11.9921875,11.7265625,11.5,12.15625,17.992188,19.804688,19.601562,18.976562,18.484375,18.203125,18.023438,17.90625
2391,2021-06-12 04:45:00,3510,12.484375,12.953125,12.9296875,12.8984375,12.7890625,12.75,12.546875,12.3359375,12.5625,17.929688,19.703125,19.585938,18.992188,18.5,18.210938,18.03125,17.914062
2392,2021-06-12 05:00:00,3522,12.4921875,12.6171875,12.5546875,12.5234375,12.40625,12.359375,12.1953125,11.9609375,12.078125,17.84375,19.617188,19.5625,19.007812,18.515625,18.21875,18.03125,17.914062
2393,2021-06-12 05:15:00,3510,12.5,12.671875,12.6328125,12.609375,12.515625,12.5078125,12.359375,12.1953125,12.3125,17.820312,19.523438,19.539062,19.015625,18.53125,18.226562,18.03125,17.914062
2394,2021-06-12 05:30:00,3510,12.1640625,12.0703125,11.9921875,11.96875,11.8671875,11.859375,11.7734375,11.7265625,12.328125,17.773438,19.453125,19.515625,19.03125,18.554688,18.234375,18.03125,17.921875
2395,2021-06-12 05:45:00,3516,12.3046875,12.6484375,12.6328125,12.6171875,12.5078125,12.4765625,12.34375,12.3046875,12.671875,17.664062,19.375,19.492188,19.046875,18.5625,18.242188,18.039062,17.921875
2396,2021-06-12 06:00:00,3516,12.3671875,12.5703125,12.5390625,12.5078125,12.40625,12.390625,12.265625,12.1953125,12.5703125,17.671875,19.296875,19.46875,19.054688,18.578125,18.25,18.039062,17.921875
2397,2021-06-12 06:15:00,3516,12.6484375,12.96875,12.9765625,12.96875,12.90625,12.90625,12.7734375,12.640625,12.8359375,17.59375,19.226562,19.445312,19.054688,18.59375,18.25,18.039062,17.929688
2398,2021-06-12 06:30:00,3510,12.9375,13.125,13.140625,13.1328125,13.0859375,13.109375,13.0390625,12.921875,13.140625,17.554688,19.164062,19.421875,19.070312,18.609375,18.265625,18.046875,17.929688
2399,2021-06-12 06:45:00,3516,13.046875,13.1484375,13.15625,13.15625,13.1171875,13.1484375,13.1015625,13.0234375,13.1875,17.554688,19.101562,19.390625,19.0625,18.625,18.273438,18.046875,17.9375
2400,2021-06-12 07:00:00,3510,13.015625,12.921875,12.90625,12.8984375,12.859375,12.90625,12.859375,12.796875,12.9375,17.515625,19.046875,19.359375,19.078125,18.632812,18.28125,18.054688,17.9375
2401,2021-06-12 07:15:00,3510,12.921875,12.9375,12.9375,12.9453125,12.8984375,12.9296875,12.8671875,12.8359375,13.0,17.484375,19.0,19.335938,19.078125,18.648438,18.289062,18.054688,17.945312
2402,2021-06-12 07:30:00,3516,13.109375,13.171875,13.1953125,13.203125,13.171875,13.203125,13.1640625,13.125,13.25,17.492188,18.945312,19.3125,19.078125,18.65625,18.296875,18.0625,17.945312
2403,2021-06-12 07:45:00,3510,13.28125,13.3671875,13.390625,13.3984375,13.3671875,13.40625,13.390625,13.421875,13.6328125,17.5,18.898438,19.289062,19.078125,18.671875,18.3125,18.0625,17.953125
2404,2021-06-12 08:00:00,3516,13.3984375,13.3671875,13.3828125,13.3984375,13.375,13.4296875,13.4375,13.5,13.7578125,17.515625,18.859375,19.257812,19.078125,18.671875,18.320312,18.070312,17.953125
2405,2021-06-12 08:15:00,3516,13.53125,13.6484375,13.65625,13.6640625,13.625,13.65625,13.609375,13.6015625,13.7421875,17.507812,18.820312,19.234375,19.078125,18.6875,18.328125,18.078125,17.960938
2406,2021-06-12 08:30:00,3510,13.7109375,13.7109375,13.7421875,13.75,13.7109375,13.7578125,13.734375,13.7265625,13.796875,17.46875,18.78125,19.210938,19.078125,18.695312,18.328125,18.085938,17.960938
2407,2021-06-12 08:45:00,3504,13.703125,13.625,13.6484375,13.6640625,13.640625,13.6875,13.6875,13.703125,13.8203125,17.429688,18.742188,19.179688,19.078125,18.703125,18.335938,18.09375,17.960938
2408,2021-06-12 09:00:00,3510,13.7265625,13.6640625,13.6875,13.703125,13.671875,13.71875,13.6953125,13.71875,13.8359375,17.414062,18.710938,19.15625,19.070312,18.71875,18.34375,18.085938,17.96875
2409,2021-06-12 09:15:00,3510,13.765625,13.734375,13.75,13.765625,13.734375,13.7734375,13.7578125,13.765625,13.8828125,17.398438,18.671875,19.140625,19.0625,18.71875,18.351562,18.101562,17.984375
2410,2021-06-12 09:30:00,3510,13.859375,13.875,13.8984375,13.9140625,13.8828125,13.921875,13.9140625,13.921875,14.046875,17.390625,18.648438,19.109375,19.0625,18.726562,18.367188,18.109375,17.984375
2411,2021-06-12 09:45:00,3510,13.984375,14.0,14.0234375,14.03125,14.0,14.0390625,14.015625,14.0390625,14.1953125,17.40625,18.609375,19.09375,19.054688,18.726562,18.375,18.109375,17.984375
2412,2021-06-12 10:00:00,3510,14.0859375,14.109375,14.125,14.125,14.1015625,14.1484375,14.1328125,14.140625,14.265625,17.40625,18.578125,19.070312,19.046875,18.742188,18.382812,18.125,17.992188
2413,2021-06-12 10:15:00,3510,14.125,14.0390625,14.0546875,14.0703125,14.046875,14.1015625,14.109375,14.1328125,14.28125,17.414062,18.554688,19.046875,19.039062,18.75,18.390625,18.125,17.992188
2414,2021-06-12 10:30:00,3516,14.0703125,13.9609375,13.96875,13.9765625,13.953125,14.0078125,14.03125,14.078125,14.2734375,17.414062,18.53125,19.03125,19.039062,18.75,18.398438,18.125,18.007812
2415,2021-06-12 10:45:00,3504,14.0546875,13.9921875,14.0,14.0,13.9765625,14.0390625,14.0625,14.140625,14.40625,17.414062,18.507812,19.007812,19.03125,18.757812,18.40625,18.132812,18.007812
2416,2021-06-12 11:00:00,3510,14.0390625,13.9453125,13.953125,13.96875,13.9453125,14.0078125,14.0390625,14.109375,14.4375,17.445312,18.484375,18.992188,19.03125,18.765625,18.40625,18.140625,18.015625
2417,2021-06-12 11:15:00,3510,14.0703125,14.03125,14.046875,14.0546875,14.0234375,14.0703125,14.1015625,14.1875,14.5546875,17.445312,18.460938,18.96875,19.023438,18.757812,18.414062,18.140625,18.015625
2418,2021-06-12 11:30:00,3510,14.015625,13.9375,13.921875,13.921875,13.8828125,13.921875,13.9296875,13.9609375,14.4609375,17.46875,18.445312,18.953125,19.007812,18.773438,18.421875,18.148438,18.023438
2419,2021-06-12 11:45:00,3510,13.921875,13.84375,13.84375,13.84375,13.8046875,13.8359375,13.8125,13.828125,14.0546875,17.375,18.421875,18.929688,19.007812,18.765625,18.429688,18.15625,18.03125
2420,2021-06-12 12:00:00,3504,13.90625,13.890625,13.8984375,13.90625,13.8671875,13.90625,13.8984375,13.9375,14.359375,17.40625,18.398438,18.914062,19.0,18.773438,18.429688,18.164062,18.023438
2421,2021-06-12 12:15:00,3516,13.984375,14.0390625,14.0390625,14.046875,14.0,14.0078125,13.9609375,13.9609375,14.171875,17.382812,18.382812,18.898438,18.992188,18.773438,18.4375,18.171875,18.03125
2422,2021-06-12 12:30:00,3510,14.0,13.921875,13.9296875,13.9453125,13.9140625,13.9609375,13.9453125,13.9765625,14.1640625,17.320312,18.367188,18.882812,18.984375,18.773438,18.445312,18.171875,18.039062
2423,2021-06-12 12:45:00,3510,14.0078125,13.90625,13.9140625,13.9296875,13.921875,13.984375,14.0078125,14.09375,14.5546875,17.34375,18.351562,18.867188,18.976562,18.773438,18.453125,18.179688,18.039062
2424,2021-06-12 13:00:00,3510,14.0859375,14.0703125,14.078125,14.0859375,14.0546875,14.1015625,14.109375,14.25,14.8984375,17.414062,18.328125,18.851562,18.960938,18.78125,18.453125,18.1875,18.039062
2425,2021-06-12 13:15:00,3504,14.1484375,14.25,14.25,14.2421875,14.1953125,14.2109375,14.1953125,14.265625,14.7265625,17.398438,18.3125,18.835938,18.960938,18.78125,18.46875,18.195312,18.046875
2426,2021-06-12 13:30:00,3510,14.265625,14.3515625,14.3359375,14.3359375,14.2890625,14.3203125,14.3125,14.390625,14.90625,17.414062,18.296875,18.8125,18.953125,18.78125,18.46875,18.203125,18.054688
2427,2021-06-12 13:45:00,3510,14.59375,14.765625,14.75,14.7578125,14.7265625,14.7578125,14.7578125,14.859375,15.3125,17.460938,18.28125,18.804688,18.945312,18.78125,18.460938,18.203125,18.054688
2428,2021-06-12 14:00:00,3504,15.015625,15.0625,15.078125,15.1015625,15.09375,15.1640625,15.203125,15.2578125,15.4921875,17.523438,18.265625,18.789062,18.9375,18.78125,18.46875,18.203125,18.0625
2429,2021-06-12 14:15:00,3504,15.3203125,15.2421875,15.2578125,15.2890625,15.2890625,15.375,15.4140625,15.5,15.59375,17.601562,18.257812,18.773438,18.929688,18.773438,18.476562,18.203125,18.0625
2430,2021-06-12 14:30:00,3504,15.578125,15.3359375,15.3359375,15.3671875,15.390625,15.484375,15.5546875,15.703125,16.015625,17.710938,18.242188,18.757812,18.921875,18.773438,18.476562,18.21875,18.070312
2431,2021-06-12 14:45:00,3504,15.9921875,15.890625,15.9140625,15.953125,15.984375,16.09375,16.179688,16.328125,16.632812,17.851562,18.242188,18.734375,18.914062,18.773438,18.484375,18.21875,18.070312
2432,2021-06-12 15:00:00,3504,16.773438,16.429688,16.460938,16.53125,16.59375,16.734375,16.859375,17.085938,17.4375,18.132812,18.242188,18.726562,18.90625,18.78125,18.484375,18.21875,18.070312
2433,2021-06-12 15:15:00,3504,17.507812,17.46875,17.554688,17.632812,17.757812,17.992188,18.085938,18.359375,18.640625,18.367188,18.242188,18.71875,18.898438,18.773438,18.492188,18.226562,18.078125
2434,2021-06-12 15:30:00,3510,18.109375,17.507812,17.539062,17.609375,17.695312,17.890625,18.078125,18.375,18.867188,18.625,18.265625,18.703125,18.890625,18.773438,18.492188,18.226562,18.078125
2435,2021-06-12 15:45:00,3504,18.273438,17.46875,17.476562,17.53125,17.59375,17.78125,17.9375,18.195312,18.632812,18.804688,18.289062,18.6875,18.882812,18.773438,18.492188,18.234375,18.078125
2436,2021-06-12 16:00:00,3504,19.289062,18.804688,18.820312,18.890625,19.023438,19.359375,19.4375,19.8125,20.390625,19.171875,18.328125,18.6875,18.875,18.773438,18.492188,18.242188,18.078125
2437,2021-06-12 16:15:00,3510,21.710938,20.617188,20.75,20.914062,21.195312,21.835938,21.945312,22.5,23.273438,20.21875,18.367188,18.679688,18.867188,18.773438,18.5,18.242188,18.078125
2438,2021-06-12 16:30:00,3510,22.828125,21.101562,21.140625,21.226562,21.4375,22.023438,22.359375,22.859375,24.15625,20.960938,18.414062,18.671875,18.851562,18.757812,18.5,18.242188,18.085938
2439,2021-06-12 16:45:00,3510,23.40625,21.515625,21.78125,21.976562,22.273438,22.820312,23.125,23.4375,24.460938,21.375,18.492188,18.671875,18.851562,18.765625,18.5,18.25,18.09375
2440,2021-06-12 17:00:00,3516,23.664062,21.382812,21.664062,21.78125,21.96875,22.484375,22.875,23.453125,24.914062,21.921875,18.601562,18.671875,18.84375,18.765625,18.507812,18.25,18.09375
2441,2021-06-12 17:15:00,3510,24.039062,22.09375,22.421875,22.539062,22.71875,23.15625,23.554688,24.273438,25.164062,22.429688,18.71875,18.671875,18.84375,18.757812,18.5,18.25,18.09375
2442,2021-06-12 17:30:00,3510,24.484375,22.476562,22.679688,22.796875,22.945312,23.351562,23.734375,24.578125,25.71875,23.007812,18.851562,18.6875,18.828125,18.757812,18.5,18.257812,18.101562
2443,2021-06-12 17:45:00,3510,24.515625,22.21875,22.242188,22.515625,22.6875,23.125,23.484375,24.328125,25.429688,23.460938,19.0,18.695312,18.828125,18.75,18.507812,18.265625,18.101562
2444,2021-06-12 18:00:00,3522,24.789062,22.4375,22.414062,22.632812,22.867188,23.25,23.601562,24.4375,25.507812,24.007812,19.15625,18.71875,18.828125,18.757812,18.507812,18.265625,18.101562
2445,2021-06-12 18:15:00,3522,25.148438,22.742188,22.695312,22.8125,22.960938,23.273438,23.765625,24.65625,25.757812,24.539062,19.320312,18.742188,18.828125,18.75,18.507812,18.265625,18.101562
2446,2021-06-12 18:30:00,3522,25.515625,23.257812,23.242188,23.375,23.507812,23.679688,23.960938,24.390625,25.09375,24.804688,19.5,18.773438,18.820312,18.742188,18.507812,18.273438,18.101562
2447,2021-06-12 18:45:00,3510,26.234375,24.265625,24.210938,24.304688,24.40625,24.679688,24.828125,25.195312,25.945312,24.9375,19.6875,18.8125,18.820312,18.742188,18.507812,18.265625,18.101562
2448,2021-06-12 17:30:00,3510,24.484375,22.476562,22.679688,22.796875,22.945312,23.351562,23.734375,24.578125,25.71875,23.007812,18.851562,18.6875,18.828125,18.757812,18.5,18.257812,18.101562
2449,2021-06-12 17:45:00,3510,24.515625,22.21875,22.242188,22.515625,22.6875,23.125,23.484375,24.328125,25.429688,23.460938,19.0,18.695312,18.828125,18.75,18.507812,18.265625,18.101562
2450,2021-06-12 18:00:00,3522,24.789062,22.4375,22.414062,22.632812,22.867188,23.25,23.601562,24.4375,25.507812,24.007812,19.15625,18.71875,18.828125,18.757812,18.507812,18.265625,18.101562
2451,2021-06-12 18:15:00,3522,25.148438,22.742188,22.695312,22.8125,22.960938,23.273438,23.765625,24.65625,25.757812,24.539062,19.320312,18.742188,18.828125,18.75,18.507812,18.265625,18.101562
2452,2021-06-12 18:30:00,3522,25.515625,23.257812,23.242188,23.375,23.507812,23.679688,23.960938,24.390625,25.09375,24.804688,19.5,18.773438,18.820312,18.742188,18.507812,18.273438,18.101562
2453,2021-06-12 18:45:00,3510,26.234375,24.265625,24.210938,24.304688,24.40625,24.679688,24.828125,25.195312,25.945312,24.9375,19.6875,18.8125,18.820312,18.742188,18.507812,18.265625,18.101562
2454,2021-06-12 19:00:00,3522,26.929688,24.796875,24.710938,24.9375,25.0,25.429688,25.195312,25.484375,26.03125,25.351562,19.875,18.851562,18.8125,18.742188,18.507812,18.273438,18.101562
2455,2021-06-12 19:15:00,3522,26.789062,23.53125,23.648438,23.75,23.84375,24.375,24.28125,24.96875,25.742188,25.734375,20.078125,18.890625,18.828125,18.734375,18.507812,18.273438,18.109375
2456,2021-06-12 19:30:00,3528,27.40625,24.960938,25.3125,25.445312,25.570312,25.992188,25.773438,26.1875,26.53125,26.234375,20.289062,18.945312,18.820312,18.734375,18.507812,18.28125,18.109375
2457,2021-06-12 19:45:00,3522,27.546875,24.546875,24.789062,24.851562,24.953125,25.40625,25.265625,25.820312,26.5,26.640625,20.5,19.0,18.828125,18.734375,18.507812,18.28125,18.109375
2458,2021-06-12 20:00:00,3522,27.820312,25.4375,25.609375,25.703125,25.804688,26.109375,26.0,26.398438,26.648438,26.921875,20.71875,19.070312,18.835938,18.734375,18.507812,18.28125,18.117188
2459,2021-06-12 20:15:00,3528,28.023438,25.03125,25.023438,25.109375,25.203125,25.539062,25.539062,26.289062,26.804688,27.28125,20.945312,19.140625,18.851562,18.734375,18.515625,18.28125,18.117188
2460,2021-06-12 20:30:00,3534,28.210938,25.15625,25.25,25.4375,25.65625,25.945312,26.296875,27.046875,27.242188,27.523438,21.164062,19.210938,18.859375,18.734375,18.507812,18.28125,18.109375
2461,2021-06-12 20:45:00,3528,27.851562,24.835938,25.03125,25.203125,25.421875,25.445312,25.820312,26.335938,26.296875,27.59375,21.398438,19.289062,18.875,18.734375,18.515625,18.28125,18.117188
2462,2021-06-12 21:00:00,3528,27.757812,25.328125,25.40625,25.578125,25.742188,25.710938,26.101562,26.34375,26.648438,27.695312,21.625,19.367188,18.898438,18.734375,18.507812,18.289062,18.117188
2463,2021-06-12 21:15:00,3528,27.898438,25.164062,25.195312,25.335938,25.507812,25.570312,26.070312,26.140625,26.984375,27.773438,21.84375,19.46875,18.90625,18.75,18.507812,18.289062,18.117188
2464,2021-06-12 21:30:00,3522,27.242188,24.984375,25.070312,25.242188,25.398438,25.3125,25.789062,25.570312,26.164062,27.5625,22.046875,19.554688,18.945312,18.742188,18.507812,18.28125,18.117188
2465,2021-06-12 21:45:00,3534,26.765625,24.195312,24.273438,24.5,24.734375,24.734375,25.28125,25.164062,25.664062,27.492188,22.25,19.648438,18.960938,18.75,18.515625,18.289062,18.117188
2466,2021-06-12 22:00:00,3534,26.65625,24.507812,24.523438,24.679688,24.90625,24.867188,25.398438,25.234375,25.976562,27.492188,22.414062,19.75,18.992188,18.757812,18.515625,18.289062,18.125
2467,2021-06-12 22:15:00,3534,26.570312,24.5,24.5,24.695312,24.90625,24.851562,25.28125,25.046875,26.03125,27.4375,22.570312,19.851562,19.023438,18.757812,18.515625,18.296875,18.132812
2468,2021-06-12 22:30:00,3540,26.632812,24.054688,23.976562,24.242188,24.453125,24.414062,24.804688,24.523438,25.40625,27.265625,22.710938,19.953125,19.054688,18.765625,18.515625,18.296875,18.132812
2469,2021-06-12 22:45:00,3534,26.265625,23.546875,23.523438,23.78125,24.023438,23.96875,24.421875,24.140625,24.710938,26.992188,22.84375,20.046875,19.09375,18.773438,18.515625,18.296875,18.132812
2470,2021-06-12 23:00:00,3540,26.125,23.828125,23.710938,23.890625,24.085938,23.96875,24.507812,23.976562,24.328125,26.59375,22.945312,20.148438,19.117188,18.789062,18.523438,18.296875,18.132812
2471,2021-06-12 23:15:00,3540,25.992188,23.875,23.820312,24.046875,24.351562,24.304688,24.90625,24.171875,24.390625,26.34375,23.03125,20.242188,19.164062,18.796875,18.523438,18.296875,18.140625
2472,2021-06-12 23:30:00,3534,25.507812,23.335938,23.4375,23.6875,23.945312,23.8125,24.351562,23.429688,23.484375,25.921875,23.101562,20.34375,19.203125,18.804688,18.53125,18.296875,18.140625
2473,2021-06-12 23:45:00,3534,23.710938,20.929688,20.601562,20.546875,20.515625,20.492188,20.351562,19.8125,19.84375,25.148438,23.140625,20.429688,19.242188,18.820312,18.53125,18.304688,18.148438
2474,2021-06-13 00:00:00,3540,20.929688,19.4375,19.3125,19.3125,19.234375,19.132812,18.921875,18.375,18.3125,24.257812,23.171875,20.515625,19.289062,18.835938,18.53125,18.304688,18.148438
2475,2021-06-13 00:15:00,3540,20.414062,19.664062,19.492188,19.46875,19.398438,19.265625,19.117188,18.351562,18.3125,23.875,23.148438,20.59375,19.328125,18.859375,18.539062,18.3125,18.148438
2476,2021-06-13 00:30:00,3534,20.148438,19.726562,19.585938,19.585938,19.554688,19.453125,19.375,18.648438,18.679688,23.609375,23.109375,20.671875,19.375,18.867188,18.546875,18.3125,18.15625
2477,2021-06-13 00:45:00,3534,18.898438,18.109375,17.914062,17.867188,17.742188,17.65625,17.34375,16.96875,17.164062,23.25,23.039062,20.742188,19.429688,18.882812,18.546875,18.320312,18.164062
2478,2021-06-13 01:00:00,3540,17.929688,17.625,17.46875,17.40625,17.234375,17.125,16.820312,16.453125,16.8125,22.960938,22.96875,20.804688,19.476562,18.898438,18.554688,18.320312,18.164062
2479,2021-06-13 01:15:00,3540,17.421875,17.3125,17.171875,17.101562,16.9375,16.835938,16.53125,16.195312,16.773438,22.679688,22.867188,20.859375,19.523438,18.921875,18.5625,18.328125,18.171875
2480,2021-06-13 01:30:00,3528,17.15625,17.125,16.96875,16.898438,16.726562,16.632812,16.351562,16.046875,16.398438,22.367188,22.78125,20.90625,19.570312,18.9375,18.570312,18.328125,18.1875
2481,2021-06-13 01:45:00,3534,16.992188,17.21875,17.0625,16.984375,16.789062,16.671875,16.3125,15.8828125,16.070312,22.195312,22.671875,20.9375,19.609375,18.960938,18.578125,18.335938,18.1875
2482,2021-06-13 02:00:00,3540,16.820312,17.007812,16.890625,16.789062,16.59375,16.492188,16.1875,15.921875,16.851562,21.960938,22.5625,20.96875,19.65625,18.984375,18.59375,18.34375,18.195312
2483,2021-06-13 02:15:00,3534,16.609375,16.796875,16.65625,16.539062,16.28125,16.046875,15.59375,15.3359375,15.84375,21.578125,22.460938,20.992188,19.695312,19.007812,18.59375,18.34375,18.203125
2484,2021-06-13 02:30:00,3528,16.34375,16.523438,16.375,16.242188,15.9921875,15.78125,15.359375,15.03125,15.4296875,21.382812,22.351562,21.007812,19.734375,19.03125,18.609375,18.351562,18.210938
2485,2021-06-13 02:45:00,3540,16.070312,16.195312,16.03125,15.9140625,15.6640625,15.484375,15.109375,14.78125,15.0859375,21.039062,22.242188,21.023438,19.773438,19.054688,18.617188,18.351562,18.210938
2486,2021-06-13 03:00:00,3534,15.78125,15.9296875,15.78125,15.6640625,15.40625,15.203125,14.796875,14.53125,14.90625,20.789062,22.140625,21.023438,19.8125,19.078125,18.632812,18.359375,18.226562
2487,2021-06-13 03:15:00,3528,15.5,15.6875,15.53125,15.3828125,15.0859375,14.8671875,14.46875,14.2734375,14.4375,20.46875,22.023438,21.023438,19.851562,19.101562,18.648438,18.367188,18.226562
2488,2021-06-13 03:30:00,3528,15.2265625,15.3125,15.171875,15.0625,14.796875,14.6328125,14.2265625,13.9921875,14.1796875,20.273438,21.921875,21.03125,19.882812,19.125,18.664062,18.375,18.242188
2489,2021-06-13 03:45:00,3534,14.8515625,14.84375,14.703125,14.609375,14.390625,14.296875,14.015625,13.7890625,13.7734375,19.984375,21.804688,21.023438,19.914062,19.148438,18.664062,18.382812,18.242188
2490,2021-06-13 04:00:00,3534,14.546875,14.59375,14.4765625,14.3671875,14.1640625,14.09375,13.8515625,13.6328125,13.671875,19.789062,21.695312,21.007812,19.945312,19.179688,18.6875,18.382812,18.257812
2491,2021-06-13 04:15:00,3528,14.3203125,14.515625,14.3984375,14.3125,14.125,14.0390625,13.765625,13.5546875,13.9453125,19.765625,21.578125,21.0,19.96875,19.203125,18.695312,18.398438,18.265625
2492,2021-06-13 04:30:00,3534,14.1015625,14.265625,14.1171875,14.0234375,13.8046875,13.71875,13.4609375,13.25,13.65625,19.6875,21.476562,20.976562,19.992188,19.226562,18.710938,18.40625,18.273438
2493,2021-06-13 04:45:00,3534,14.0,14.2734375,14.1484375,14.0390625,13.8359375,13.7421875,13.484375,13.2734375,13.5390625,19.5,21.359375,20.960938,20.015625,19.257812,18.726562,18.414062,18.28125
2494,2021-06-13 05:00:00,3528,13.9375,14.171875,14.0390625,13.9140625,13.6953125,13.59375,13.28125,13.1015625,13.3515625,19.265625,21.265625,20.9375,20.039062,19.273438,18.75,18.429688,18.296875
2495,2021-06-13 05:15:00,3528,13.765625,14.0625,13.9375,13.84375,13.640625,13.5625,13.2421875,12.90625,12.8671875,19.03125,21.164062,20.914062,20.054688,19.296875,18.765625,18.4375,18.304688
2496,2021-06-13 05:30:00,3522,13.6953125,13.9375,13.8125,13.71875,13.5390625,13.46875,13.15625,12.8515625,12.7265625,18.867188,21.0625,20.890625,20.078125,19.320312,18.78125,18.453125,18.320312
2497,2021-06-13 05:45:00,3534,13.7265625,14.0546875,13.9296875,13.828125,13.6328125,13.5390625,13.21875,12.921875,12.8671875,18.765625,20.96875,20.859375,20.09375,19.34375,18.789062,18.453125,18.328125
2498,2021-06-13 06:00:00,3534,13.796875,14.1328125,14.0078125,13.921875,13.7109375,13.609375,13.265625,12.921875,12.8125,18.648438,20.867188,20.835938,20.101562,19.367188,18.8125,18.46875,18.328125
2499,2021-06-13 06:15:00,3528,14.03125,14.4609375,14.3671875,14.28125,14.1171875,14.078125,13.921875,13.890625,14.3359375,18.78125,20.773438,20.804688,20.125,19.382812,18.828125,18.476562,18.34375
2500,2021-06-13 06:30:00,3528,14.3671875,14.6875,14.6328125,14.5,14.3203125,14.296875,14.2109375,14.1796875,14.453125,18.890625,20.679688,20.78125,20.125,19.40625,18.84375,18.492188,18.359375
2501,2021-06-13 06:45:00,3534,14.59375,14.8515625,14.8359375,14.765625,14.5859375,14.5625,14.5234375,14.5703125,14.703125,18.835938,20.59375,20.742188,20.140625,19.429688,18.859375,18.507812,18.375
2502,2021-06-13 07:00:00,3522,14.6640625,14.8203125,14.8046875,14.765625,14.6015625,14.59375,14.546875,14.6171875,15.203125,18.953125,20.523438,20.710938,20.148438,19.453125,18.875,18.515625,18.382812
2503,2021-06-13 07:15:00,3534,14.6015625,14.765625,14.7265625,14.6796875,14.515625,14.484375,14.421875,14.4921875,15.1328125,18.992188,20.460938,20.679688,20.148438,19.46875,18.890625,18.53125,18.390625
2504,2021-06-13 07:30:00,3534,14.7734375,14.921875,14.921875,14.90625,14.7421875,14.703125,14.65625,14.75,15.078125,18.9375,20.398438,20.640625,20.15625,19.492188,18.90625,18.539062,18.398438
2505,2021-06-13 07:45:00,3528,14.8984375,15.015625,15.0234375,15.015625,14.8828125,14.8125,14.7578125,14.9140625,15.2109375,18.953125,20.34375,20.609375,20.15625,19.507812,18.929688,18.554688,18.40625
2506,2021-06-13 08:00:00,3528,14.8515625,14.8203125,14.8046875,14.8046875,14.71875,14.671875,14.59375,14.6953125,15.09375,18.960938,20.296875,20.578125,20.164062,19.523438,18.945312,18.5625,18.421875
2507,2021-06-13 08:15:00,3528,14.765625,14.859375,14.8359375,14.8203125,14.71875,14.6796875,14.6015625,14.7109375,14.9453125,18.921875,20.25,20.546875,20.164062,19.539062,18.953125,18.578125,18.4375
2508,2021-06-13 08:30:00,3522,14.625,14.609375,14.5703125,14.5546875,14.46875,14.4140625,14.2734375,14.328125,14.5703125,18.859375,20.210938,20.515625,20.164062,19.554688,18.976562,18.59375,18.445312
2509,2021-06-13 08:45:00,3528,14.53125,14.421875,14.3984375,14.390625,14.3359375,14.3359375,14.2265625,14.296875,14.5390625,18.8125,20.164062,20.484375,20.15625,19.570312,18.992188,18.609375,18.460938
2510,2021-06-13 09:00:00,3528,14.3359375,14.234375,14.2109375,14.2109375,14.1640625,14.203125,14.1484375,14.203125,14.46875,18.773438,20.132812,20.460938,20.15625,19.585938,19.007812,18.617188,18.476562
2511,2021-06-13 09:15:00,3522,14.25,14.1171875,14.1015625,14.1015625,14.0546875,14.1171875,14.0625,14.171875,14.5234375,18.773438,20.085938,20.4375,20.148438,19.585938,19.023438,18.632812,18.484375
2512,2021-06-13 09:30:00,3522,13.9453125,13.875,13.8359375,13.828125,13.7734375,13.828125,13.796875,13.828125,14.2109375,18.703125,20.046875,20.40625,20.15625,19.601562,19.039062,18.640625,18.492188
2513,2021-06-13 09:45:00,3522,14.109375,14.2265625,14.2265625,14.2265625,14.1796875,14.21875,14.2109375,14.3359375,14.765625,18.726562,20.007812,20.382812,20.148438,19.617188,19.046875,18.664062,18.507812
2514,2021-06-13 10:00:00,3528,14.3125,14.4921875,14.4921875,14.484375,14.3984375,14.40625,14.3203125,14.4453125,14.6875,18.65625,19.976562,20.359375,20.148438,19.625,19.0625,18.671875,18.515625
2515,2021-06-13 10:15:00,3522,14.40625,14.515625,14.5,14.5078125,14.4453125,14.453125,14.359375,14.4765625,14.75,18.625,19.945312,20.328125,20.140625,19.632812,19.078125,18.6875,18.53125
2516,2021-06-13 10:30:00,3522,14.46875,14.625,14.609375,14.5859375,14.5078125,14.4921875,14.3125,14.359375,14.6484375,18.570312,19.898438,20.3125,20.132812,19.648438,19.09375,18.703125,18.546875
2517,2021-06-13 10:45:00,3522,14.4453125,14.5390625,14.5078125,14.4765625,14.3671875,14.359375,14.1328125,14.125,14.359375,18.5,19.859375,20.28125,20.125,19.65625,19.109375,18.710938,18.554688
2518,2021-06-13 11:00:00,3522,14.59375,14.796875,14.796875,14.78125,14.6953125,14.6796875,14.46875,14.515625,14.7265625,18.492188,19.835938,20.257812,20.125,19.671875,19.117188,18.71875,18.5625
2519,2021-06-13 11:15:00,3522,14.65625,14.734375,14.7421875,14.7265625,14.6640625,14.6875,14.5234375,14.5625,14.7734375,18.484375,19.789062,20.234375,20.117188,19.671875,19.132812,18.734375,18.578125
2520,2021-06-13 11:30:00,3516,14.6015625,14.453125,14.46875,14.4765625,14.4453125,14.4921875,14.328125,14.3125,14.5234375,18.46875,19.757812,20.21875,20.109375,19.6875,19.148438,18.757812,18.585938
2521,2021-06-13 11:45:00,3522,14.40625,14.2578125,14.2734375,14.2890625,14.2578125,14.328125,14.2578125,14.3046875,14.5390625,18.453125,19.726562,20.195312,20.109375,19.6875,19.164062,18.773438,18.601562
2522,2021-06-13 12:00:00,3522,14.390625,14.359375,14.3828125,14.3828125,14.34375,14.40625,14.328125,14.3828125,14.6015625,18.414062,19.703125,20.171875,20.101562,19.695312,19.179688,18.78125,18.601562
2523,2021-06-13 12:15:00,3522,14.46875,14.515625,14.53125,14.53125,14.484375,14.515625,14.40625,14.4140625,14.6484375,18.40625,19.671875,20.15625,20.09375,19.703125,19.1875,18.789062,18.617188
2524,2021-06-13 12:30:00,3522,14.515625,14.4921875,14.5078125,14.515625,14.46875,14.53125,14.453125,14.5078125,14.8359375,18.421875,19.640625,20.132812,20.085938,19.710938,19.195312,18.804688,18.625
2525,2021-06-13 12:45:00,3528,14.46875,14.3359375,14.3671875,14.3828125,14.359375,14.40625,14.34375,14.3515625,14.6328125,18.382812,19.617188,20.109375,20.070312,19.71875,19.210938,18.8125,18.640625
2526,2021-06-13 13:00:00,3516,14.3671875,14.234375,14.2578125,14.28125,14.265625,14.3359375,14.3046875,14.34375,14.6015625,18.335938,19.585938,20.078125,20.070312,19.710938,19.21875,18.828125,18.65625
2527,2021-06-13 13:15:00,3516,14.3515625,14.296875,14.3125,14.34375,14.328125,14.40625,14.40625,14.4921875,14.75,18.328125,19.554688,20.0625,20.0625,19.726562,19.226562,18.835938,18.65625
2528,2021-06-13 13:30:00,3516,14.3515625,14.2578125,14.2734375,14.3046875,14.2890625,14.3671875,14.390625,14.453125,14.703125,18.320312,19.53125,20.046875,20.054688,19.726562,19.242188,18.851562,18.671875
2529,2021-06-13 13:45:00,3522,14.453125,14.4375,14.4609375,14.4765625,14.4609375,14.53125,14.53125,14.6171875,15.171875,18.367188,19.507812,20.023438,20.046875,19.726562,19.25,18.867188,18.679688
2530,2021-06-13 14:00:00,3510,14.5625,14.59375,14.5859375,14.59375,14.578125,14.6640625,14.671875,14.7578125,15.0546875,18.414062,19.484375,20.0,20.03125,19.734375,19.265625,18.882812,18.6875
2531,2021-06-13 14:15:00,3510,15.09375,15.2578125,15.28125,15.296875,15.2890625,15.34375,15.3046875,15.25,15.5703125,18.5,19.460938,19.984375,20.023438,19.742188,19.265625,18.890625,18.695312
2532,2021-06-13 14:30:00,3510,15.234375,14.9453125,14.984375,15.0234375,15.046875,15.1328125,15.140625,15.0625,15.3671875,18.53125,19.4375,19.960938,20.023438,19.742188,19.273438,18.898438,18.703125
2533,2021-06-13 14:45:00,3522,15.25,14.9609375,14.9609375,15.0,15.0234375,15.109375,15.1484375,15.1640625,15.5078125,18.554688,19.421875,19.953125,20.015625,19.742188,19.289062,18.90625,18.71875
2534,2021-06-13 15:00:00,3510,15.4921875,15.2109375,15.25,15.3203125,15.3828125,15.484375,15.6015625,15.7109375,16.046875,18.695312,19.40625,19.929688,20.007812,19.742188,19.289062,18.914062,18.726562
2535,2021-06-13 15:15:00,3516,15.6875,15.140625,15.15625,15.2421875,15.3203125,15.484375,15.6015625,15.75,16.117188,18.835938,19.398438,19.914062,19.992188,19.742188,19.304688,18.921875,18.734375
2536,2021-06-13 15:30:00,3516,16.117188,15.734375,15.7421875,15.796875,15.875,16.0,16.15625,16.421875,16.984375,19.046875,19.398438,19.898438,19.984375,19.75,19.3125,18.9375,18.734375
2537,2021-06-13 15:45:00,3516,16.515625,15.859375,15.859375,15.921875,16.054688,16.179688,16.382812,16.757812,17.210938,19.242188,19.398438,19.875,19.984375,19.75,19.320312,18.945312,18.75
2538,2021-06-13 16:00:00,3516,16.4375,15.6484375,15.7109375,15.8125,15.9765625,16.117188,16.320312,16.6875,17.101562,19.335938,19.40625,19.859375,19.96875,19.75,19.328125,18.953125,18.765625
2539,2021-06-13 16:15:00,3516,16.226562,15.59375,15.625,15.6953125,15.8359375,15.9609375,16.179688,16.539062,16.921875,19.382812,19.421875,19.851562,19.96875,19.75,19.335938,18.960938,18.773438
2540,2021-06-13 16:30:00,3510,16.710938,16.0625,16.132812,16.25,16.445312,16.523438,16.75,17.125,17.59375,19.5625,19.453125,19.835938,19.953125,19.75,19.335938,18.96875,18.773438
2541,2021-06-13 16:45:00,3510,18.21875,17.914062,18.078125,18.242188,18.585938,18.765625,19.132812,19.546875,20.171875,20.039062,19.476562,19.820312,19.945312,19.75,19.34375,18.984375,18.789062
2542,2021-06-13 17:00:00,3510,20.351562,18.726562,19.007812,19.15625,19.632812,19.804688,20.421875,21.28125,23.53125,21.445312,19.5,19.820312,19.9375,19.757812,19.34375,18.984375,18.796875
2543,2021-06-13 17:15:00,3510,22.117188,20.101562,20.4375,20.585938,21.101562,21.289062,21.953125,22.75,24.484375,22.3125,19.546875,19.8125,19.929688,19.75,19.359375,19.0,18.796875
2544,2021-06-13 17:30:00,3522,22.953125,20.523438,20.679688,20.859375,21.289062,21.460938,22.03125,22.835938,24.539062,23.007812,19.625,19.8125,19.921875,19.75,19.359375,19.007812,18.8125
2545,2021-06-13 17:45:00,3522,22.539062,20.164062,20.09375,20.320312,20.617188,20.8125,21.242188,21.921875,23.015625,22.921875,19.734375,19.804688,19.914062,19.75,19.367188,19.015625,18.820312
2546,2021-06-13 18:00:00,3510,23.476562,21.179688,21.132812,21.351562,21.695312,21.984375,22.382812,23.289062,24.25,23.695312,19.867188,19.804688,19.90625,19.75,19.375,19.023438,18.820312
2547,2021-06-13 18:15:00,3522,23.632812,21.664062,21.640625,21.757812,21.9375,22.226562,22.546875,23.273438,24.0,23.929688,20.007812,19.8125,19.90625,19.75,19.375,19.03125,18.828125
2548,2021-06-13 18:30:00,3522,23.929688,22.203125,22.171875,22.257812,22.390625,22.65625,22.882812,23.40625,24.015625,24.078125,20.15625,19.828125,19.898438,19.75,19.382812,19.039062,18.835938
2549,2021-06-13 18:45:00,3522,23.65625,20.953125,20.929688,21.1875,21.375,21.640625,21.914062,22.617188,23.367188,24.195312,20.3125,19.84375,19.898438,19.75,19.382812,19.046875,18.835938
2550,2021-06-13 19:00:00,3510,24.210938,21.5,21.539062,21.757812,21.898438,22.0625,22.398438,23.351562,24.34375,24.859375,20.476562,19.867188,19.890625,19.75,19.390625,19.046875,18.84375
2551,2021-06-13 19:15:00,3522,24.679688,22.21875,22.46875,22.578125,22.710938,22.882812,23.242188,24.257812,25.265625,25.40625,20.640625,19.898438,19.890625,19.75,19.390625,19.054688,18.851562
2552,2021-06-13 19:30:00,3522,24.570312,21.632812,22.078125,22.25,22.375,22.578125,23.023438,23.84375,24.59375,25.765625,20.8125,19.929688,19.882812,19.742188,19.398438,19.0625,18.859375
2553,2021-06-13 19:45:00,3528,24.632812,21.5625,21.820312,22.0,22.164062,22.476562,23.007812,23.929688,24.804688,26.265625,21.0,19.976562,19.898438,19.742188,19.40625,19.070312,18.867188
2554,2021-06-13 20:00:00,3522,25.109375,22.710938,22.820312,22.960938,23.085938,23.273438,23.773438,24.609375,25.671875,26.859375,21.203125,20.023438,19.890625,19.742188,19.398438,19.078125,18.867188
2555,2021-06-13 20:15:00,3528,25.398438,23.382812,23.515625,23.695312,23.757812,24.046875,24.390625,24.96875,25.609375,26.929688,21.40625,20.070312,19.890625,19.742188,19.40625,19.078125,18.875
2556,2021-06-13 19:00:00,3510,24.210938,21.5,21.539062,21.757812,21.898438,22.0625,22.398438,23.351562,24.34375,24.859375,20.476562,19.867188,19.890625,19.75,19.390625,19.046875,18.84375
2557,2021-06-13 19:15:00,3522,24.679688,22.21875,22.46875,22.578125,22.710938,22.882812,23.242188,24.257812,25.265625,25.40625,20.640625,19.898438,19.890625,19.75,19.390625,19.054688,18.851562
2558,2021-06-13 19:30:00,3522,24.570312,21.632812,22.078125,22.25,22.375,22.578125,23.023438,23.84375,24.59375,25.765625,20.8125,19.929688,19.882812,19.742188,19.398438,19.0625,18.859375
2559,2021-06-13 19:45:00,3528,24.632812,21.5625,21.820312,22.0,22.164062,22.476562,23.007812,23.929688,24.804688,26.265625,21.0,19.976562,19.898438,19.742188,19.40625,19.070312,18.867188
2560,2021-06-13 20:00:00,3522,25.109375,22.710938,22.820312,22.960938,23.085938,23.273438,23.773438,24.609375,25.671875,26.859375,21.203125,20.023438,19.890625,19.742188,19.398438,19.078125,18.867188
2561,2021-06-13 20:15:00,3528,25.398438,23.382812,23.515625,23.695312,23.757812,24.046875,24.390625,24.96875,25.609375,26.929688,21.40625,20.070312,19.890625,19.742188,19.40625,19.078125,18.875
2562,2021-06-13 20:30:00,3528,25.96875,23.570312,23.75,23.960938,24.023438,24.335938,24.609375,25.070312,25.578125,27.085938,21.632812,20.140625,19.90625,19.742188,19.414062,19.085938,18.875
2563,2021-06-13 20:45:00,3522,25.757812,23.226562,23.40625,23.617188,23.828125,24.070312,24.375,24.828125,25.28125,27.210938,21.835938,20.195312,19.90625,19.75,19.421875,19.09375,18.882812
2564,2021-06-13 21:00:00,3522,25.539062,23.0,23.226562,23.484375,23.671875,23.992188,24.34375,24.640625,25.265625,27.367188,22.054688,20.265625,19.921875,19.75,19.421875,19.09375,18.890625
2565,2021-06-13 21:15:00,3522,25.398438,22.898438,23.085938,23.304688,23.445312,23.804688,24.226562,24.398438,25.125,27.46875,22.25,20.335938,19.929688,19.75,19.421875,19.101562,18.898438
2566,2021-06-13 21:30:00,3522,25.523438,23.15625,23.320312,23.570312,23.703125,24.09375,24.4375,24.429688,24.914062,27.4375,22.445312,20.421875,19.953125,19.757812,19.429688,19.101562,18.90625
2567,2021-06-13 21:45:00,3522,25.132812,22.890625,23.070312,23.328125,23.523438,23.953125,24.414062,24.515625,25.109375,27.421875,22.617188,20.5,19.96875,19.757812,19.429688,19.117188,18.90625
2568,2021-06-13 22:00:00,3528,25.0,23.382812,23.507812,23.710938,23.773438,24.148438,24.414062,24.421875,24.898438,27.289062,22.78125,20.585938,19.992188,19.757812,19.4375,19.117188,18.90625
2569,2021-06-13 22:15:00,3522,25.21875,23.257812,23.382812,23.671875,23.765625,24.195312,24.40625,24.601562,24.890625,27.148438,22.914062,20.664062,20.015625,19.765625,19.4375,19.117188,18.90625
2570,2021-06-13 22:30:00,3528,25.265625,24.0,24.125,24.351562,24.421875,24.828125,24.875,24.828125,25.101562,26.84375,23.046875,20.75,20.039062,19.765625,19.445312,19.125,18.921875
2571,2021-06-13 22:45:00,3528,24.90625,23.28125,23.414062,23.695312,23.765625,24.203125,24.296875,23.929688,24.796875,26.554688,23.140625,20.84375,20.0625,19.773438,19.445312,19.132812,18.921875
2572,2021-06-13 23:00:00,3528,24.75,22.960938,23.148438,23.429688,23.523438,23.96875,24.117188,23.359375,24.296875,26.203125,23.226562,20.921875,20.101562,19.78125,19.453125,19.140625,18.921875
2573,2021-06-13 23:15:00,3528,23.804688,21.773438,21.882812,22.179688,22.320312,22.828125,23.125,22.25,23.164062,25.796875,23.304688,21.007812,20.125,19.789062,19.453125,19.140625,18.929688
2574,2021-06-13 23:30:00,3534,22.226562,19.84375,19.953125,20.15625,20.304688,20.585938,20.789062,20.625,21.257812,25.390625,23.351562,21.078125,20.15625,19.796875,19.453125,19.148438,18.9375
2575,2021-06-13 23:45:00,3528,21.171875,19.15625,19.1875,19.320312,19.445312,19.59375,19.609375,19.5625,19.84375,24.875,23.375,21.164062,20.195312,19.804688,19.460938,19.148438,18.9375
2576,2021-06-14 00:00:00,3540,19.28125,17.570312,17.585938,17.679688,17.734375,17.875,17.90625,17.914062,18.195312,24.226562,23.382812,21.234375,20.234375,19.820312,19.46875,19.148438,18.945312
2577,2021-06-14 00:15:00,3528,18.570312,17.929688,17.882812,17.890625,17.78125,17.765625,17.5625,17.125,17.203125,23.546875,23.367188,21.304688,20.265625,19.835938,19.476562,19.164062,18.953125
2578,2021-06-14 00:30:00,3534,18.242188,17.71875,17.640625,17.625,17.515625,17.539062,17.320312,17.0625,17.046875,23.117188,23.320312,21.367188,20.296875,19.84375,19.476562,19.164062,18.953125
2579,2021-06-14 00:45:00,3534,17.3125,16.8125,16.679688,16.640625,16.523438,16.453125,16.1875,15.921875,16.0,22.648438,23.25,21.421875,20.335938,19.859375,19.484375,19.171875,18.960938
2580,2021-06-14 01:00:00,3528,16.835938,16.710938,16.601562,16.554688,16.421875,16.34375,16.09375,15.859375,15.90625,22.296875,23.164062,21.46875,20.375,19.875,19.492188,19.171875,18.96875
2581,2021-06-14 01:15:00,3534,16.429688,16.09375,16.015625,15.984375,15.890625,15.859375,15.6640625,15.5390625,15.6640625,22.085938,23.0625,21.515625,20.414062,19.890625,19.5,19.179688,18.976562
2582,2021-06-14 01:30:00,3522,15.9296875,15.890625,15.8203125,15.7890625,15.6796875,15.6328125,15.4609375,15.34375,15.53125,21.84375,22.960938,21.554688,20.445312,19.90625,19.507812,19.179688,18.984375
2583,2021-06-14 01:45:00,3528,16.0,15.7265625,15.65625,15.6484375,15.578125,15.5859375,15.484375,15.5390625,15.796875,21.75,22.851562,21.578125,20.484375,19.921875,19.515625,19.1875,18.984375
2584,2021-06-14 02:00:00,3528,15.75,15.8359375,15.75,15.71875,15.609375,15.5390625,15.3359375,15.1953125,15.4140625,21.632812,22.734375,21.601562,20.515625,19.945312,19.523438,19.203125,18.992188
2585,2021-06-14 02:15:00,3522,15.625,15.4921875,15.375,15.328125,15.21875,15.1875,15.015625,15.0078125,15.3515625,21.476562,22.632812,21.609375,20.554688,19.960938,19.53125,19.203125,19.0
2586,2021-06-14 02:30:00,3528,15.8125,16.070312,16.039062,16.015625,15.9453125,15.921875,15.7734375,15.65625,15.7890625,21.414062,22.539062,21.617188,20.585938,19.976562,19.539062,19.203125,19.007812
2587,2021-06-14 02:45:00,3528,15.625,15.2109375,15.203125,15.234375,15.21875,15.265625,15.234375,15.3359375,15.5703125,21.195312,22.445312,21.617188,20.625,19.992188,19.554688,19.210938,19.007812
2588,2021-06-14 03:00:00,3528,15.203125,14.921875,14.8671875,14.875,14.8203125,14.8515625,14.796875,14.890625,15.15625,21.03125,22.351562,21.617188,20.648438,20.015625,19.554688,19.226562,19.015625
2589,2021-06-14 03:15:00,3534,15.140625,15.0078125,15.03125,15.0390625,15.0234375,15.0703125,15.03125,15.078125,15.265625,20.8125,22.257812,21.609375,20.671875,20.039062,19.570312,19.226562,19.03125
2590,2021-06-14 03:30:00,3528,14.9609375,14.6640625,14.6953125,14.7265625,14.7265625,14.796875,14.78125,14.890625,15.125,20.671875,22.171875,21.601562,20.703125,20.054688,19.578125,19.234375,19.03125
2591,2021-06-14 03:45:00,3528,14.75,14.4765625,14.5078125,14.53125,14.5234375,14.5859375,14.5859375,14.7109375,14.984375,20.546875,22.078125,21.59375,20.71875,20.078125,19.59375,19.242188,19.039062
2592,2021-06-14 04:00:00,3522,14.4140625,14.015625,14.046875,14.0859375,14.0859375,14.1796875,14.2265625,14.40625,14.75,20.4375,21.992188,21.578125,20.742188,20.101562,19.609375,19.257812,19.046875
2593,2021-06-14 04:15:00,3522,14.234375,14.015625,14.0546875,14.0859375,14.0859375,14.1796875,14.203125,14.3984375,14.765625,20.414062,21.90625,21.5625,20.765625,20.125,19.617188,19.257812,19.054688
2594,2021-06-14 04:30:00,3522,13.96875,13.6328125,13.671875,13.71875,13.734375,13.8515625,13.9140625,14.1796875,14.6640625,20.34375,21.828125,21.546875,20.78125,20.140625,19.632812,19.265625,19.0625
2595,2021-06-14 04:45:00,3528,13.8671875,13.765625,13.7890625,13.828125,13.8125,13.8984375,13.921875,14.1015625,14.46875,20.242188,21.75,21.53125,20.796875,20.15625,19.640625,19.273438,19.070312
2596,2021-06-14 05:00:00,3528,14.0,14.1171875,14.1484375,14.1484375,14.125,14.1796875,14.1796875,14.34375,14.6640625,20.125,21.671875,21.507812,20.820312,20.179688,19.65625,19.289062,19.085938
2597,2021-06-14 05:15:00,3522,14.1171875,14.109375,14.1484375,14.171875,14.1640625,14.2421875,14.25,14.40625,14.7421875,20.03125,21.59375,21.492188,20.835938,20.195312,19.664062,19.296875,19.085938
2598,2021-06-14 05:30:00,3528,14.296875,14.3828125,14.40625,14.421875,14.40625,14.46875,14.453125,14.5859375,14.8671875,20.007812,21.523438,21.460938,20.84375,20.21875,19.6875,19.304688,19.101562
2599,2021-06-14 05:45:00,3516,14.40625,14.3984375,14.4296875,14.4609375,14.4453125,14.5078125,14.5,14.625,14.8515625,19.9375,21.460938,21.4375,20.851562,20.234375,19.703125,19.3125,19.109375
2600,2021-06-14 06:00:00,3522,14.5703125,14.59375,14.6171875,14.6328125,14.625,14.6875,14.6953125,14.8515625,15.1953125,19.890625,21.382812,21.414062,20.859375,20.257812,19.710938,19.320312,19.117188
2601,2021-06-14 06:15:00,3522,14.71875,14.8125,14.8359375,14.84375,14.828125,14.8828125,14.8671875,15.03125,15.3125,19.875,21.320312,21.390625,20.875,20.273438,19.71875,19.335938,19.125
2602,2021-06-14 06:30:00,3516,14.84375,14.8203125,14.8515625,14.875,14.8515625,14.9140625,14.90625,15.0859375,15.390625,19.828125,21.257812,21.359375,20.875,20.289062,19.734375,19.34375,19.140625
2603,2021-06-14 06:45:00,3528,14.9375,14.90625,14.9453125,14.984375,14.9765625,15.03125,15.015625,15.125,15.4609375,19.84375,21.195312,21.34375,20.882812,20.296875,19.75,19.359375,19.148438
2604,2021-06-14 07:00:00,3522,15.125,15.25,15.265625,15.2734375,15.2421875,15.2890625,15.2734375,15.3671875,15.609375,19.789062,21.148438,21.3125,20.882812,20.320312,19.765625,19.367188,19.15625
2605,2021-06-14 07:15:00,3516,15.296875,15.3125,15.34375,15.3515625,15.3359375,15.390625,15.390625,15.4609375,15.6328125,19.71875,21.09375,21.289062,20.890625,20.328125,19.78125,19.375,19.164062
2606,2021-06-14 07:30:00,3522,15.3828125,15.3828125,15.3828125,15.3984375,15.3984375,15.453125,15.484375,15.5859375,15.796875,19.648438,21.046875,21.265625,20.890625,20.34375,19.796875,19.390625,19.179688
2607,2021-06-14 07:45:00,3522,15.4296875,15.453125,15.453125,15.4765625,15.4609375,15.5234375,15.546875,15.6640625,15.8515625,19.632812,21.0,21.234375,20.898438,20.359375,19.804688,19.398438,19.1875
2608,2021-06-14 08:00:00,3522,15.53125,15.515625,15.53125,15.546875,15.546875,15.609375,15.6484375,15.765625,15.9453125,19.585938,20.953125,21.210938,20.898438,20.367188,19.828125,19.40625,19.195312
2609,2021-06-14 08:15:00,3516,15.5859375,15.578125,15.6015625,15.6171875,15.609375,15.6640625,15.6953125,15.796875,15.953125,19.554688,20.90625,21.195312,20.890625,20.382812,19.835938,19.429688,19.203125
2610,2021-06-14 08:30:00,3516,15.6171875,15.5546875,15.5859375,15.609375,15.59375,15.6640625,15.6953125,15.828125,16.0,19.523438,20.867188,21.164062,20.890625,20.390625,19.84375,19.429688,19.21875
2611,2021-06-14 08:45:00,3522,15.6328125,15.578125,15.5859375,15.609375,15.6015625,15.6640625,15.703125,15.8046875,15.984375,19.484375,20.828125,21.140625,20.890625,20.40625,19.859375,19.445312,19.226562
2612,2021-06-14 09:00:00,3510,15.671875,15.671875,15.6953125,15.7109375,15.7109375,15.765625,15.8046875,15.9140625,16.054688,19.453125,20.789062,21.117188,20.890625,20.414062,19.875,19.453125,19.234375
2613,2021-06-14 09:15:00,3516,15.6875,15.65625,15.6796875,15.703125,15.703125,15.7578125,15.7890625,15.8828125,16.007812,19.421875,20.742188,21.09375,20.882812,20.429688,19.882812,19.46875,19.25
2614,2021-06-14 09:30:00,3522,15.703125,15.625,15.65625,15.6640625,15.6640625,15.71875,15.765625,15.875,16.007812,19.375,20.703125,21.070312,20.882812,20.445312,19.898438,19.476562,19.257812
2615,2021-06-14 09:45:00,3516,15.578125,15.4609375,15.4765625,15.4921875,15.484375,15.5390625,15.578125,15.6796875,15.8359375,19.328125,20.671875,21.046875,20.875,20.445312,19.914062,19.484375,19.257812
2616,2021-06-14 10:00:00,3510,15.5859375,15.5703125,15.5859375,15.6015625,15.59375,15.65625,15.6875,15.8046875,15.9609375,19.3125,20.632812,21.023438,20.875,20.453125,19.921875,19.5,19.265625
2617,2021-06-14 10:15:00,3522,15.5859375,15.5546875,15.5859375,15.59375,15.5859375,15.6484375,15.671875,15.78125,15.9296875,19.296875,20.601562,21.007812,20.875,20.460938,19.9375,19.507812,19.273438
2618,2021-06-14 10:30:00,3522,15.546875,15.421875,15.4609375,15.46875,15.46875,15.53125,15.578125,15.6875,15.8515625,19.242188,20.5625,20.984375,20.867188,20.46875,19.945312,19.515625,19.289062
2619,2021-06-14 10:45:00,3516,15.5,15.40625,15.4375,15.4609375,15.453125,15.515625,15.5625,15.6796875,15.84375,19.226562,20.53125,20.960938,20.859375,20.476562,19.960938,19.53125,19.296875
2620,2021-06-14 11:00:00,3522,15.3828125,15.234375,15.265625,15.28125,15.2734375,15.3359375,15.3828125,15.5,15.6875,19.179688,20.5,20.945312,20.851562,20.484375,19.96875,19.539062,19.304688
2621,2021-06-14 11:15:00,3516,15.3125,15.234375,15.25,15.28125,15.2734375,15.328125,15.375,15.5,15.6640625,19.132812,20.46875,20.921875,20.851562,20.492188,19.976562,19.546875,19.3125
2622,2021-06-14 11:30:00,3522,15.3515625,15.3203125,15.3359375,15.359375,15.3515625,15.4140625,15.4609375,15.5859375,15.7890625,19.148438,20.4375,20.890625,20.84375,20.492188,19.984375,19.570312,19.320312
2623,2021-06-14 11:45:00,3516,15.2265625,15.09375,15.125,15.1484375,15.15625,15.21875,15.2734375,15.4140625,15.6015625,19.101562,20.40625,20.875,20.835938,20.5,20.0,19.570312,19.335938
2624,2021-06-14 12:00:00,3522,15.1953125,15.140625,15.1796875,15.1953125,15.1875,15.25,15.3046875,15.4140625,15.5625,19.054688,20.375,20.859375,20.828125,20.5,20.007812,19.578125,19.335938
2625,2021-06-14 12:15:00,3516,15.1796875,15.1328125,15.15625,15.171875,15.1796875,15.234375,15.2734375,15.375,15.546875,19.03125,20.351562,20.835938,20.828125,20.507812,20.015625,19.585938,19.351562
2626,2021-06-14 12:30:00,3510,15.1328125,15.0546875,15.0703125,15.1015625,15.09375,15.1640625,15.203125,15.3359375,15.546875,19.0,20.320312,20.820312,20.820312,20.507812,20.023438,19.59375,19.351562
2627,2021-06-14 12:45:00,3510,15.03125,14.890625,14.921875,14.953125,14.9453125,15.015625,15.0703125,15.21875,15.40625,18.953125,20.289062,20.796875,20.8125,20.515625,20.039062,19.609375,19.367188
2628,2021-06-14 13:00:00,3510,14.8828125,14.78125,14.8046875,14.8203125,14.8125,14.875,14.921875,15.046875,15.2421875,18.90625,20.25,20.78125,20.804688,20.515625,20.039062,19.625,19.367188
2629,2021-06-14 13:15:00,3510,14.7578125,14.6640625,14.6953125,14.7109375,14.7265625,14.78125,14.8359375,14.9609375,15.15625,18.867188,20.234375,20.75,20.796875,20.523438,20.054688,19.632812,19.375
2630,2021-06-14 13:30:00,3510,14.6875,14.578125,14.609375,14.640625,14.640625,14.7109375,14.765625,14.9140625,15.1328125,18.8125,20.195312,20.726562,20.789062,20.523438,20.0625,19.632812,19.390625
2631,2021-06-14 13:45:00,3522,14.59375,14.4453125,14.4921875,14.5234375,14.546875,14.6171875,14.6953125,14.859375,15.1171875,18.804688,20.164062,20.710938,20.78125,20.523438,20.0625,19.640625,19.390625
2632,2021-06-14 14:00:00,3510,14.5,14.3515625,14.3828125,14.4140625,14.4375,14.515625,14.5703125,14.71875,14.9296875,18.757812,20.132812,20.695312,20.765625,20.523438,20.078125,19.648438,19.398438
2633,2021-06-14 14:15:00,3510,14.4453125,14.2734375,14.3203125,14.3515625,14.3671875,14.453125,14.53125,14.7109375,14.9453125,18.726562,20.109375,20.679688,20.773438,20.523438,20.085938,19.664062,19.40625
2634,2021-06-14 14:30:00,3510,14.4375,14.3515625,14.3984375,14.421875,14.4375,14.5390625,14.6328125,14.796875,15.0625,18.726562,20.078125,20.65625,20.757812,20.523438,20.09375,19.671875,19.414062
2635,2021-06-14 14:45:00,3510,14.4609375,14.2734375,14.3203125,14.3671875,14.40625,14.5078125,14.6015625,14.828125,15.125,18.742188,20.046875,20.640625,20.75,20.53125,20.09375,19.679688,19.421875
2636,2021-06-14 15:00:00,3510,14.4921875,14.40625,14.4609375,14.5078125,14.5625,14.6875,14.78125,15.0234375,15.3203125,18.765625,20.015625,20.617188,20.734375,20.53125,20.101562,19.695312,19.421875
2637,2021-06-14 15:15:00,3510,14.546875,14.5078125,14.5625,14.59375,14.625,14.7265625,14.8203125,15.0234375,15.2734375,18.75,19.992188,20.601562,20.726562,20.53125,20.109375,19.695312,19.4375
2638,2021-06-14 15:30:00,3510,14.5859375,14.421875,14.46875,14.5,14.546875,14.65625,14.765625,15.015625,15.2890625,18.75,19.96875,20.585938,20.71875,20.53125,20.109375,19.703125,19.4375
2639,2021-06-14 15:45:00,3510,14.6875,14.5546875,14.6171875,14.6640625,14.7265625,14.859375,14.96875,15.234375,15.578125,18.804688,19.953125,20.570312,20.710938,20.523438,20.117188,19.710938,19.453125
2640,2021-06-14 16:00:00,3504,14.8359375,14.78125,14.8203125,14.8671875,14.9296875,15.0703125,15.1796875,15.46875,15.7734375,18.851562,19.929688,20.546875,20.695312,20.53125,20.125,19.710938,19.453125
2641,2021-06-14 16:15:00,3510,15.1640625,15.0625,15.1171875,15.1640625,15.25,15.3828125,15.515625,15.8203125,16.132812,18.9375,19.914062,20.53125,20.695312,20.523438,20.125,19.71875,19.460938
2642,2021-06-14 16:30:00,3510,15.2265625,14.90625,14.9296875,14.984375,15.046875,15.1953125,15.34375,15.6875,16.101562,19.046875,19.898438,20.507812,20.6875,20.53125,20.140625,19.734375,19.46875
2643,2021-06-14 16:45:00,3510,15.5,15.3203125,15.328125,15.390625,15.53125,15.71875,15.875,16.289062,16.75,19.164062,19.890625,20.492188,20.679688,20.53125,20.140625,19.734375,19.46875
2644,2021-06-14 17:00:00,3510,15.8984375,15.5390625,15.484375,15.5703125,15.6875,15.953125,16.195312,16.734375,17.4375,19.414062,19.882812,20.476562,20.664062,20.523438,20.148438,19.742188,19.476562
2645,2021-06-14 17:15:00,3510,16.0,15.7109375,15.6875,15.78125,15.9296875,16.1875,16.4375,16.914062,17.53125,19.578125,19.882812,20.460938,20.648438,20.523438,20.140625,19.75,19.484375
2646,2021-06-14 17:30:00,3510,16.210938,15.9453125,15.8125,15.859375,15.9921875,16.25,16.429688,16.953125,17.664062,19.703125,19.890625,20.445312,20.640625,20.523438,20.148438,19.75,19.484375
2647,2021-06-14 17:45:00,3516,16.570312,16.304688,16.15625,16.171875,16.257812,16.492188,16.664062,17.171875,17.75,19.851562,19.90625,20.4375,20.632812,20.523438,20.15625,19.757812,19.492188
2648,2021-06-14 18:00:00,3510,16.914062,16.59375,16.40625,16.421875,16.523438,16.828125,17.023438,17.484375,18.070312,19.984375,19.929688,20.421875,20.632812,20.515625,20.15625,19.765625,19.5
2649,2021-06-14 18:15:00,3510,17.351562,17.148438,16.914062,16.90625,16.992188,17.296875,17.460938,17.898438,18.554688,20.125,19.960938,20.40625,20.617188,20.507812,20.164062,19.773438,19.5
2650,2021-06-14 18:30:00,3510,18.328125,18.195312,17.96875,17.984375,18.085938,18.507812,18.78125,19.40625,20.09375,20.515625,19.984375,20.40625,20.609375,20.515625,20.164062,19.78125,19.507812
2651,2021-06-14 18:45:00,3516,20.070312,19.734375,19.375,19.429688,19.53125,20.164062,20.421875,21.171875,22.164062,21.484375,20.023438,20.398438,20.601562,20.515625,20.164062,19.78125,19.507812
2652,2021-06-14 19:00:00,3510,20.835938,19.867188,19.335938,19.203125,19.1875,19.890625,20.195312,20.875,21.984375,22.28125,20.070312,20.390625,20.59375,20.507812,20.164062,19.78125,19.515625
2653,2021-06-14 19:15:00,3510,21.445312,20.296875,19.8125,19.679688,19.53125,20.078125,20.46875,20.59375,21.875,22.71875,20.15625,20.390625,20.585938,20.507812,20.171875,19.796875,19.515625
2654,2021-06-14 19:30:00,3510,23.054688,21.617188,21.796875,21.578125,21.429688,21.773438,22.390625,22.601562,23.953125,23.726562,20.257812,20.390625,20.578125,20.5,20.171875,19.796875,19.523438
2655,2021-06-14 19:45:00,3516,23.648438,21.28125,21.476562,21.546875,21.3125,21.390625,21.992188,21.6875,22.992188,24.453125,20.390625,20.390625,20.570312,20.507812,20.171875,19.804688,19.523438
2656,2021-06-14 20:00:00,3510,23.789062,21.648438,21.765625,21.929688,21.859375,22.015625,22.46875,22.382812,23.59375,24.875,20.5625,20.398438,20.5625,20.492188,20.179688,19.804688,19.53125
2657,2021-06-14 20:15:00,3516,24.570312,22.4375,22.632812,22.820312,22.78125,23.09375,23.5,23.539062,24.125,25.390625,20.75,20.414062,20.554688,20.492188,20.171875,19.804688,19.53125
2658,2021-06-14 20:30:00,3516,24.640625,22.226562,22.414062,22.609375,22.796875,23.0,23.335938,22.984375,24.070312,25.632812,20.960938,20.4375,20.554688,20.484375,20.179688,19.804688,19.539062
2659,2021-06-14 20:45:00,3522,24.9375,22.640625,22.898438,23.125,23.359375,23.46875,23.835938,23.257812,24.335938,25.804688,21.179688,20.460938,20.546875,20.484375,20.179688,19.820312,19.539062
2660,2021-06-14 21:00:00,3516,24.9375,22.4375,22.632812,22.859375,23.101562,23.234375,23.6875,23.21875,24.59375,26.007812,21.390625,20.5,20.539062,20.484375,20.179688,19.820312,19.539062
2661,2021-06-14 21:15:00,3516,25.164062,22.742188,22.796875,22.992188,23.195312,23.367188,23.914062,23.445312,25.578125,26.21875,21.609375,20.546875,20.546875,20.476562,20.1875,19.820312,19.546875
2662,2021-06-14 21:30:00,3522,24.609375,22.625,22.75,22.992188,23.234375,23.046875,23.65625,23.03125,24.453125,26.210938,21.820312,20.59375,20.546875,20.476562,20.1875,19.820312,19.546875
2663,2021-06-14 21:45:00,3528,25.070312,23.125,23.203125,23.414062,23.617188,23.414062,23.875,23.25,24.9375,26.195312,22.007812,20.65625,20.554688,20.476562,20.179688,19.820312,19.546875
2664,2021-06-14 22:00:00,3522,25.15625,23.5,23.679688,23.945312,24.171875,23.992188,24.117188,23.5625,24.960938,26.148438,22.1875,20.71875,20.554688,20.46875,20.1875,19.828125,19.554688
2665,2021-06-14 22:15:00,3522,25.617188,23.976562,24.054688,24.265625,24.460938,24.234375,24.234375,23.523438,24.875,26.148438,22.351562,20.78125,20.5625,20.476562,20.179688,19.835938,19.554688
2666,2021-06-14 22:30:00,3522,25.476562,23.671875,23.820312,24.109375,24.382812,24.3125,24.164062,23.601562,24.6875,25.914062,22.484375,20.859375,20.578125,20.476562,20.1875,19.835938,19.554688
2667,2021-06-14 22:45:00,3528,25.53125,23.820312,23.851562,24.0625,24.273438,24.140625,23.898438,23.453125,24.570312,25.734375,22.609375,20.9375,20.585938,20.46875,20.179688,19.835938,19.5625
2668,2021-06-14 23:00:00,3522,24.90625,22.976562,23.148438,23.40625,23.65625,23.546875,23.21875,22.8125,23.71875,25.359375,22.710938,21.007812,20.601562,20.476562,20.1875,19.835938,19.554688
2669,2021-06-14 23:15:00,3528,24.476562,22.804688,22.929688,23.203125,23.515625,23.359375,23.101562,22.625,23.679688,25.007812,22.804688,21.070312,20.617188,20.476562,20.1875,19.84375,19.570312
2670,2021-06-14 23:30:00,3528,24.492188,22.601562,22.578125,22.859375,23.070312,22.914062,22.523438,22.0625,22.960938,24.820312,22.867188,21.140625,20.632812,20.46875,20.1875,19.84375,19.570312
2671,2021-06-14 23:45:00,3528,22.789062,19.953125,19.695312,19.640625,19.539062,19.40625,19.03125,18.65625,18.703125,24.101562,22.90625,21.210938,20.664062,20.476562,20.179688,19.84375,19.570312
2672,2021-06-15 00:00:00,3522,20.273438,18.914062,18.742188,18.664062,18.539062,18.304688,17.898438,17.414062,17.0625,23.21875,22.929688,21.28125,20.679688,20.476562,20.1875,19.84375,19.570312
2673,2021-06-15 00:15:00,3522,19.710938,19.0,18.890625,18.851562,18.75,18.460938,17.882812,17.46875,17.109375,22.8125,22.921875,21.34375,20.703125,20.484375,20.1875,19.84375,19.570312
2674,2021-06-15 00:30:00,3522,18.914062,18.164062,18.09375,18.109375,18.046875,17.773438,17.390625,17.148438,16.835938,22.453125,22.882812,21.398438,20.726562,20.492188,20.1875,19.851562,19.570312
2675,2021-06-15 00:45:00,3528,17.429688,16.570312,16.40625,16.34375,16.1875,16.046875,15.8046875,15.5390625,15.4375,22.0625,22.820312,21.453125,20.757812,20.492188,20.1875,19.851562,19.578125
2676,2021-06-15 01:00:00,3528,16.390625,15.8984375,15.75,15.6640625,15.4765625,15.3125,15.1015625,14.8671875,14.8359375,21.671875,22.734375,21.492188,20.789062,20.5,20.1875,19.851562,19.578125
2677,2021-06-15 01:15:00,3528,15.8359375,15.65625,15.484375,15.390625,15.203125,15.0234375,14.796875,14.5703125,14.65625,21.523438,22.648438,21.53125,20.8125,20.507812,20.195312,19.851562,19.578125
2678,2021-06-15 01:30:00,3528,15.453125,15.359375,15.2265625,15.140625,14.953125,14.78125,14.5859375,14.328125,14.4453125,21.335938,22.546875,21.570312,20.835938,20.507812,20.195312,19.859375,19.585938
2679,2021-06-15 01:45:00,3522,15.0625,14.9765625,14.8046875,14.7109375,14.5078125,14.328125,14.1484375,14.0,14.28125,21.109375,22.445312,21.585938,20.859375,20.515625,20.203125,19.859375,19.585938
2680,2021-06-15 02:00:00,3522,14.78125,14.8203125,14.6796875,14.5859375,14.3984375,14.2109375,14.0078125,13.8203125,14.1015625,20.984375,22.351562,21.601562,20.898438,20.53125,20.203125,19.859375,19.585938
2681,2021-06-15 02:15:00,3522,14.4765625,14.5234375,14.3671875,14.265625,14.0625,13.8515625,13.6875,13.578125,13.9453125,20.835938,22.25,21.609375,20.914062,20.539062,20.203125,19.867188,19.59375
2682,2021-06-15 02:30:00,3528,14.1328125,14.2265625,14.0390625,13.9296875,13.6953125,13.46875,13.34375,13.375,13.75,20.484375,22.15625,21.617188,20.945312,20.546875,20.210938,19.867188,19.59375
2683,2021-06-15 02:45:00,3522,13.765625,13.9609375,13.8046875,13.6796875,13.4921875,13.2734375,13.109375,13.0859375,13.2734375,19.976562,22.046875,21.617188,20.960938,20.5625,20.210938,19.875,19.59375
2684,2021-06-15 03:00:00,3522,13.515625,13.6796875,13.5,13.375,13.1796875,13.0234375,12.8828125,12.8203125,12.8515625,19.726562,21.945312,21.609375,20.976562,20.570312,20.21875,19.867188,19.601562
2685,2021-06-15 03:15:00,3522,13.1640625,13.3046875,13.1484375,13.0234375,12.8203125,12.6171875,12.484375,12.46875,12.734375,19.609375,21.851562,21.601562,21.007812,20.585938,20.21875,19.867188,19.601562
2686,2021-06-15 03:30:00,3522,12.75,12.7734375,12.625,12.53125,12.3671875,12.25,12.171875,12.15625,12.15625,19.242188,21.734375,21.585938,21.015625,20.59375,20.226562,19.875,19.609375
2687,2021-06-15 03:45:00,3516,12.3515625,12.484375,12.3359375,12.2421875,12.0859375,12.0,11.890625,11.8515625,11.8671875,18.992188,21.640625,21.578125,21.03125,20.609375,20.234375,19.875,19.609375
2688,2021-06-15 04:00:00,3528,12.0234375,12.1953125,12.0625,11.9609375,11.7890625,11.625,11.5234375,11.4921875,11.6640625,18.828125,21.53125,21.554688,21.046875,20.625,20.242188,19.882812,19.609375
2689,2021-06-15 04:15:00,3528,11.703125,11.9375,11.765625,11.6171875,11.3828125,11.15625,11.09375,11.15625,11.65625,18.75,21.421875,21.53125,21.054688,20.632812,20.242188,19.890625,19.617188
2690,2021-06-15 04:30:00,3522,11.4453125,11.7421875,11.578125,11.4296875,11.171875,11.0,10.8984375,10.875,11.0859375,18.585938,21.320312,21.507812,21.070312,20.640625,20.257812,19.890625,19.617188
2691,2021-06-15 04:45:00,3516,11.234375,11.4296875,11.2421875,11.125,10.9375,10.7890625,10.7109375,10.6875,10.84375,18.421875,21.21875,21.484375,21.078125,20.65625,20.257812,19.890625,19.625
2692,2021-06-15 05:00:00,3522,11.109375,11.296875,11.1328125,11.03125,10.8828125,10.8046875,10.734375,10.703125,10.765625,18.179688,21.117188,21.453125,21.085938,20.671875,20.265625,19.898438,19.632812
2693,2021-06-15 05:15:00,3522,11.03125,11.34375,11.1171875,10.921875,10.625,10.453125,10.4453125,10.5703125,11.046875,18.140625,21.015625,21.421875,21.09375,20.679688,20.273438,19.898438,19.640625
2694,2021-06-15 05:30:00,3510,10.8125,11.015625,10.875,10.7421875,10.5078125,10.3828125,10.2734375,10.25,10.375,17.890625,20.914062,21.390625,21.09375,20.695312,20.28125,19.90625,19.640625
2695,2021-06-15 05:45:00,3522,10.6640625,10.96875,10.8125,10.703125,10.4765625,10.328125,10.21875,10.21875,10.6015625,17.90625,20.820312,21.351562,21.09375,20.703125,20.289062,19.90625,19.648438
2696,2021-06-15 06:00:00,3522,10.5390625,10.8203125,10.6328125,10.515625,10.2890625,10.1171875,9.9921875,9.9453125,10.125,17.9375,20.71875,21.320312,21.101562,20.710938,20.296875,19.914062,19.65625
2697,2021-06-15 06:15:00,3522,10.328125,10.484375,10.34375,10.2421875,10.046875,9.921875,9.8046875,9.75,9.84375,17.695312,20.632812,21.28125,21.101562,20.726562,20.304688,19.914062,19.65625
2698,2021-06-15 06:30:00,3510,10.328125,10.6796875,10.5546875,10.46875,10.2890625,10.1796875,10.0390625,9.9296875,10.1796875,17.601562,20.53125,21.242188,21.101562,20.726562,20.3125,19.921875,19.664062
2699,2021-06-15 06:45:00,3510,10.171875,10.3828125,10.2265625,10.109375,9.9296875,9.859375,9.765625,9.6953125,9.953125,17.625,20.445312,21.210938,21.101562,20.742188,20.3125,19.929688,19.671875
2700,2021-06-15 07:00:00,3510,10.109375,10.5078125,10.328125,10.1953125,9.9765625,9.8203125,9.7109375,9.671875,9.875,17.382812,20.359375,21.164062,21.09375,20.742188,20.335938,19.929688,19.679688
2701,2021-06-15 07:15:00,3510,10.203125,10.421875,10.328125,10.2578125,10.109375,10.015625,9.8671875,9.796875,10.0078125,17.46875,20.28125,21.132812,21.085938,20.75,20.335938,19.9375,19.679688
2702,2021-06-15 07:30:00,3510,9.96875,10.1484375,10.0390625,9.96875,9.828125,9.7265625,9.65625,9.578125,9.609375,17.125,20.1875,21.09375,21.078125,20.765625,20.34375,19.945312,19.6875
2703,2021-06-15 07:45:00,3516,9.90625,10.1171875,10.0234375,9.96875,9.84375,9.7890625,9.7109375,9.6484375,10.0,17.257812,20.117188,21.046875,21.070312,20.765625,20.351562,19.953125,19.695312
2704,2021-06-15 08:00:00,3510,9.734375,9.8515625,9.7890625,9.78125,9.71875,9.765625,9.6796875,9.5546875,9.671875,17.171875,20.023438,21.007812,21.0625,20.773438,20.351562,19.960938,19.695312
2705,2021-06-15 08:15:00,3510,9.65625,9.921875,9.8125,9.75,9.625,9.546875,9.4765625,9.40625,9.5546875,17.054688,19.953125,20.96875,21.054688,20.773438,20.367188,19.960938,19.703125
2706,2021-06-15 08:30:00,3522,9.6875,9.8984375,9.78125,9.71875,9.6015625,9.5859375,9.5234375,9.4609375,9.640625,17.023438,19.875,20.921875,21.046875,20.78125,20.375,19.96875,19.703125
2707,2021-06-15 08:45:00,3522,9.5390625,9.7578125,9.6328125,9.59375,9.4609375,9.453125,9.40625,9.34375,9.46875,16.9375,19.796875,20.875,21.039062,20.789062,20.375,19.976562,19.710938
2708,2021-06-15 09:00:00,3510,9.453125,9.6875,9.515625,9.4140625,9.21875,9.125,9.046875,8.9921875,9.2890625,16.875,19.726562,20.835938,21.023438,20.789062,20.382812,19.984375,19.71875
2709,2021-06-15 09:15:00,3510,9.453125,9.734375,9.609375,9.5546875,9.4296875,9.4375,9.359375,9.3046875,9.40625,16.734375,19.65625,20.789062,21.007812,20.789062,20.390625,19.984375,19.71875
2710,2021-06-15 09:30:00,3510,9.3359375,9.515625,9.375,9.296875,9.1328125,9.0703125,8.9921875,8.9296875,9.109375,16.6875,19.585938,20.742188,21.0,20.796875,20.398438,19.992188,19.726562
2711,2021-06-15 09:45:00,3510,9.2578125,9.40625,9.2734375,9.21875,9.078125,9.046875,8.984375,8.921875,9.171875,16.632812,19.515625,20.703125,20.984375,20.796875,20.40625,20.0,19.734375
2712,2021-06-15 10:00:00,3516,9.140625,9.3125,9.21875,9.1953125,9.09375,9.0859375,8.984375,8.875,8.9609375,16.492188,19.4375,20.664062,20.96875,20.796875,20.414062,20.007812,19.742188
2713,2021-06-15 10:15:00,3510,9.0625,9.296875,9.2265625,9.203125,9.1171875,9.1328125,9.0390625,8.9296875,8.9375,16.390625,19.367188,20.617188,20.945312,20.796875,20.414062,20.015625,19.742188
2714,2021-06-15 10:30:00,3510,9.09375,9.34375,9.2734375,9.2421875,9.15625,9.171875,9.0859375,9.0078125,9.015625,16.289062,19.304688,20.578125,20.929688,20.796875,20.421875,20.015625,19.75
2715,2021-06-15 10:45:00,3510,9.078125,9.2890625,9.1953125,9.140625,9.03125,9.0234375,8.9375,8.875,8.984375,16.140625,19.226562,20.53125,20.914062,20.789062,20.421875,20.023438,19.757812
2716,2021-06-15 11:00:00,3510,9.0703125,9.265625,9.171875,9.1328125,9.0390625,9.046875,8.984375,8.9140625,9.0234375,16.195312,19.171875,20.492188,20.898438,20.796875,20.429688,20.03125,19.757812
2717,2021-06-15 11:15:00,3510,8.90625,9.0234375,8.9375,8.8984375,8.7890625,8.7734375,8.6875,8.609375,8.703125,16.085938,19.101562,20.453125,20.875,20.789062,20.429688,20.03125,19.765625
2718,2021-06-15 11:30:00,3504,9.03125,9.484375,9.4453125,9.40625,9.328125,9.2734375,9.1953125,9.09375,9.1171875,15.9453125,19.039062,20.414062,20.859375,20.789062,20.4375,20.039062,19.765625
2719,2021-06-15 11:45:00,3510,9.625,10.09375,10.0625,10.046875,9.96875,9.984375,10.078125,10.203125,10.859375,16.109375,18.976562,20.359375,20.84375,20.78125,20.4375,20.039062,19.765625
2720,2021-06-15 12:00:00,3504,9.984375,10.3046875,10.2890625,10.265625,10.2265625,10.2734375,10.3671875,10.609375,11.0546875,16.171875,18.90625,20.328125,20.828125,20.78125,20.445312,20.046875,19.773438
2721,2021-06-15 12:15:00,3504,10.125,10.390625,10.3671875,10.3515625,10.296875,10.328125,10.375,10.5546875,11.28125,16.375,18.851562,20.28125,20.796875,20.773438,20.445312,20.054688,19.78125
2722,2021-06-15 12:30:00,3504,10.1171875,10.1171875,10.0625,10.046875,9.9921875,10.0234375,10.09375,10.2109375,10.6875,16.359375,18.796875,20.234375,20.78125,20.773438,20.453125,20.054688,19.78125
2723,2021-06-15 12:45:00,3498,9.5546875,9.328125,9.265625,9.2421875,9.1796875,9.203125,9.125,9.0859375,9.4609375,16.257812,18.75,20.195312,20.757812,20.765625,20.445312,20.0625,19.789062
2724,2021-06-15 13:00:00,3498,9.03125,8.96875,8.9140625,8.90625,8.8515625,8.8984375,8.796875,8.71875,8.8359375,15.90625,18.703125,20.15625,20.734375,20.75,20.453125,20.0625,19.789062
2725,2021-06-15 13:15:00,3498,8.875,9.1015625,8.9921875,8.875,8.6796875,8.546875,8.46875,8.453125,8.578125,15.6953125,18.65625,20.109375,20.710938,20.742188,20.453125,20.0625,19.796875
2726,2021-06-15 13:30:00,3504,8.9453125,9.1171875,8.953125,8.8515625,8.65625,8.546875,8.578125,8.8203125,9.1796875,15.7578125,18.609375,20.070312,20.695312,20.734375,20.453125,20.070312,19.796875
2727,2021-06-15 13:45:00,3504,8.890625,9.0703125,8.8828125,8.796875,8.65625,8.59375,8.5234375,8.4765625,8.59375,15.4609375,18.5625,20.03125,20.664062,20.726562,20.445312,20.070312,19.796875
2728,2021-06-15 14:00:00,3498,8.9453125,9.2734375,9.046875,8.9375,8.8046875,8.734375,8.6015625,8.4921875,8.546875,15.40625,18.507812,19.992188,20.640625,20.71875,20.453125,20.070312,19.804688
2729,2021-06-15 14:15:00,3504,10.9296875,11.6875,11.28125,11.21875,11.015625,11.3125,11.21875,10.78125,10.140625,15.6015625,18.453125,19.953125,20.617188,20.71875,20.453125,20.085938,19.796875
2730,2021-06-15 14:30:00,3504,12.65625,13.1953125,12.4765625,12.3125,12.1171875,12.4375,12.171875,12.0,11.296875,15.9765625,18.390625,19.914062,20.59375,20.703125,20.453125,20.078125,19.796875
2731,2021-06-15 14:45:00,3504,14.0625,14.28125,14.1015625,13.9453125,13.4453125,13.78125,13.734375,13.234375,12.875,16.273438,18.351562,19.875,20.578125,20.695312,20.453125,20.09375,19.804688
2732,2021-06-15 15:00:00,3498,15.3046875,15.3125,15.2421875,15.28125,15.421875,15.546875,15.6171875,15.09375,15.0546875,16.8125,18.320312,19.835938,20.546875,20.6875,20.453125,20.09375,19.804688
2733,2021-06-15 15:15:00,3504,16.546875,16.289062,16.234375,16.3125,16.539062,17.171875,17.265625,16.539062,16.625,17.375,18.296875,19.804688,20.53125,20.671875,20.453125,20.09375,19.804688
2734,2021-06-15 15:30:00,3504,17.421875,16.820312,16.804688,16.914062,17.203125,17.789062,17.945312,17.945312,17.546875,17.921875,18.289062,19.757812,20.507812,20.664062,20.445312,20.09375,19.804688
2735,2021-06-15 15:45:00,3504,18.671875,17.554688,17.578125,17.726562,18.046875,18.53125,18.734375,19.429688,18.773438,18.359375,18.3125,19.734375,20.476562,20.65625,20.445312,20.085938,19.8125
2736,2021-06-15 16:00:00,3504,19.9375,18.820312,18.804688,18.867188,19.078125,19.335938,19.492188,20.453125,20.1875,18.90625,18.351562,19.695312,20.453125,20.640625,20.445312,20.101562,19.804688
2737,2021-06-15 16:15:00,3504,20.515625,18.390625,18.390625,18.5,18.765625,19.164062,19.359375,20.671875,20.320312,19.382812,18.398438,19.671875,20.4375,20.632812,20.4375,20.09375,19.804688
2738,2021-06-15 16:30:00,3504,21.023438,19.1875,19.320312,19.4375,19.671875,20.179688,20.023438,21.1875,21.085938,19.867188,18.46875,19.640625,20.414062,20.617188,20.4375,20.101562,19.804688
2739,2021-06-15 16:45:00,3504,21.367188,18.820312,19.046875,19.203125,19.53125,20.226562,20.3125,21.789062,22.664062,20.390625,18.5625,19.617188,20.390625,20.601562,20.429688,20.09375,19.8125
2740,2021-06-15 17:00:00,3510,21.960938,19.601562,19.921875,20.023438,20.25,20.820312,20.765625,22.125,22.875,20.875,18.648438,19.601562,20.367188,20.59375,20.421875,20.09375,19.8125
2741,2021-06-15 17:15:00,3504,22.710938,20.882812,21.125,21.195312,21.367188,21.820312,21.726562,23.0,23.726562,21.375,18.765625,19.59375,20.34375,20.578125,20.421875,20.09375,19.804688
2742,2021-06-15 17:30:00,3516,22.671875,19.84375,20.039062,20.21875,20.4375,20.945312,21.0,22.179688,22.820312,21.734375,18.882812,19.585938,20.320312,20.570312,20.414062,20.09375,19.804688
2743,2021-06-15 17:45:00,3510,23.257812,21.523438,21.492188,21.734375,21.84375,22.1875,22.171875,23.140625,23.8125,22.25,19.015625,19.585938,20.304688,20.554688,20.40625,20.09375,19.796875
2744,2021-06-15 18:00:00,3504,24.015625,21.546875,21.320312,21.578125,21.6875,22.0625,22.234375,23.40625,24.25,22.992188,19.15625,19.59375,20.28125,20.539062,20.40625,20.09375,19.804688
2745,2021-06-15 18:15:00,3510,24.359375,21.96875,21.773438,21.992188,22.109375,22.367188,22.570312,23.609375,24.375,23.304688,19.3125,19.59375,20.265625,20.523438,20.398438,20.09375,19.804688
2746,2021-06-15 18:30:00,3510,25.242188,23.320312,23.234375,23.429688,23.539062,23.742188,23.6875,24.28125,25.210938,23.835938,19.46875,19.617188,20.242188,20.515625,20.398438,20.078125,19.804688
2747,2021-06-15 18:45:00,3510,25.632812,23.1875,23.3125,23.445312,23.507812,23.742188,23.851562,24.320312,25.078125,24.304688,19.640625,19.640625,20.226562,20.5,20.390625,20.078125,19.796875
2748,2021-06-15 19:00:00,3516,25.53125,22.765625,23.117188,23.257812,23.351562,23.59375,23.65625,24.03125,24.398438,24.460938,19.820312,19.664062,20.21875,20.484375,20.382812,20.070312,19.789062
2749,2021-06-15 19:15:00,3522,25.539062,22.984375,23.328125,23.375,23.453125,23.65625,23.664062,24.078125,24.671875,24.75,20.015625,19.6875,20.210938,20.476562,20.367188,20.070312,19.789062
2750,2021-06-15 19:30:00,3522,26.148438,23.8125,24.039062,24.140625,24.226562,24.21875,24.210938,25.0,25.90625,25.21875,20.203125,19.734375,20.1875,20.460938,20.367188,20.0625,19.78125
2751,2021-06-15 19:45:00,3510,26.429688,23.695312,23.710938,23.820312,23.84375,23.851562,23.984375,24.53125,25.484375,25.648438,20.398438,19.773438,20.1875,20.445312,20.351562,20.0625,19.78125
2752,2021-06-15 20:00:00,3522,26.679688,24.90625,24.90625,24.96875,24.984375,24.828125,24.96875,25.585938,26.179688,25.835938,20.601562,19.828125,20.1875,20.4375,20.351562,20.0625,19.78125
2753,2021-06-15 20:15:00,3528,27.46875,25.5625,25.65625,25.71875,25.742188,25.664062,25.789062,26.15625,26.351562,26.289062,20.8125,19.875,20.179688,20.421875,20.34375,20.0625,19.78125
2754,2021-06-15 20:30:00,3516,28.101562,25.789062,25.875,25.992188,26.0625,25.898438,26.148438,26.351562,26.78125,26.617188,21.023438,19.9375,20.179688,20.414062,20.335938,20.054688,19.773438
2755,2021-06-15 20:45:00,3522,28.273438,25.304688,25.445312,25.601562,25.75,25.585938,25.914062,26.179688,26.6875,26.953125,21.242188,20.0,20.1875,20.398438,20.328125,20.046875,19.773438
2756,2021-06-15 21:00:00,3522,28.671875,26.28125,26.3125,26.414062,26.5,26.21875,26.5625,26.765625,27.382812,27.09375,21.453125,20.070312,20.179688,20.390625,20.320312,20.046875,19.765625
2757,2021-06-15 21:15:00,3528,28.804688,26.5,26.640625,26.757812,26.84375,26.421875,26.539062,26.75,27.765625,27.195312,21.664062,20.148438,20.195312,20.382812,20.3125,20.039062,19.773438
2758,2021-06-15 21:30:00,3528,28.804688,26.703125,26.703125,26.820312,26.859375,26.203125,26.734375,26.375,28.007812,27.1875,21.867188,20.226562,20.203125,20.375,20.3125,20.039062,19.765625
2759,2021-06-15 21:45:00,3534,28.265625,26.015625,26.007812,26.164062,26.1875,25.359375,26.054688,25.828125,27.125,26.976562,22.054688,20.304688,20.21875,20.367188,20.296875,20.039062,19.765625
2760,2021-06-15 22:00:00,3528,28.570312,26.6875,26.695312,26.8125,26.859375,25.90625,26.484375,26.210938,27.242188,26.851562,22.234375,20.390625,20.234375,20.367188,20.296875,20.03125,19.757812
2761,2021-06-15 22:15:00,3528,28.390625,26.25,26.09375,26.179688,26.15625,25.023438,25.796875,25.851562,26.570312,26.632812,22.390625,20.476562,20.242188,20.351562,20.289062,20.023438,19.757812
2762,2021-06-15 22:30:00,3528,28.65625,26.492188,26.320312,26.476562,26.328125,25.25,26.015625,26.25,26.609375,26.539062,22.53125,20.5625,20.265625,20.351562,20.28125,20.015625,19.757812
2763,2021-06-15 22:45:00,3528,29.03125,27.0,26.960938,27.078125,26.960938,25.804688,26.195312,26.351562,26.226562,26.328125,22.648438,20.640625,20.28125,20.351562,20.28125,20.023438,19.757812
2764,2021-06-15 23:00:00,3528,28.484375,26.273438,26.359375,26.5625,26.414062,25.40625,25.882812,26.03125,25.914062,25.960938,22.75,20.734375,20.304688,20.351562,20.265625,20.007812,19.75
2765,2021-06-15 23:15:00,3540,28.265625,26.890625,26.851562,26.976562,26.398438,25.617188,26.101562,26.171875,25.117188,25.625,22.835938,20.828125,20.335938,20.34375,20.265625,20.007812,19.75
2766,2021-06-15 23:30:00,3528,28.304688,26.90625,26.835938,26.953125,25.984375,25.648438,26.007812,25.617188,24.515625,25.273438,22.898438,20.90625,20.359375,20.34375,20.257812,20.0,19.75
2767,2021-06-15 23:45:00,3540,26.648438,23.625,23.210938,23.0625,22.539062,22.1875,21.609375,20.992188,20.46875,24.617188,22.9375,20.984375,20.390625,20.34375,20.257812,20.0,19.742188
2768,2021-06-16 00:00:00,3534,24.078125,22.835938,22.5625,22.382812,21.984375,21.59375,20.820312,19.945312,19.007812,23.773438,22.960938,21.0625,20.421875,20.351562,20.25,20.0,19.75
2769,2021-06-16 00:15:00,3528,23.679688,22.96875,22.695312,22.53125,21.96875,21.570312,20.867188,20.101562,19.21875,23.367188,22.953125,21.132812,20.453125,20.351562,20.242188,19.992188,19.75
2770,2021-06-16 00:30:00,3540,23.289062,22.8125,22.578125,22.445312,21.789062,21.390625,20.804688,20.046875,19.140625,23.078125,22.921875,21.195312,20.484375,20.359375,20.242188,19.992188,19.75
2771,2021-06-16 00:45:00,3540,22.0625,21.492188,21.117188,20.8125,20.304688,19.742188,18.726562,17.976562,17.515625,22.8125,22.867188,21.265625,20.515625,20.367188,20.234375,19.992188,19.75
2772,2021-06-16 01:00:00,3540,21.28125,21.109375,20.804688,20.53125,20.101562,19.59375,18.515625,17.570312,16.976562,22.460938,22.796875,21.3125,20.546875,20.375,20.234375,19.984375,19.742188
2773,2021-06-16 01:15:00,3540,20.609375,20.226562,19.9375,19.6875,19.265625,18.726562,17.671875,16.84375,16.5625,22.15625,22.71875,21.359375,20.585938,20.382812,20.234375,19.984375,19.75
2774,2021-06-16 01:30:00,3540,19.796875,19.59375,19.296875,19.015625,18.578125,18.03125,16.882812,16.0625,15.890625,21.78125,22.632812,21.398438,20.617188,20.390625,20.234375,19.976562,19.742188
2775,2021-06-16 01:45:00,3534,19.273438,19.367188,19.070312,18.789062,18.335938,17.75,16.609375,15.7109375,15.5078125,21.53125,22.546875,21.429688,20.648438,20.40625,20.242188,19.984375,19.75
2776,2021-06-16 02:00:00,3534,18.84375,19.023438,18.703125,18.398438,17.929688,17.273438,16.210938,15.4296875,15.1015625,21.171875,22.453125,21.460938,20.6875,20.40625,20.242188,19.976562,19.757812
2777,2021-06-16 02:15:00,3528,18.507812,18.734375,18.523438,18.289062,17.945312,17.460938,16.203125,15.2109375,14.5234375,20.84375,22.359375,21.484375,20.710938,20.429688,20.242188,19.976562,19.75
2778,2021-06-16 02:30:00,3534,18.234375,18.476562,18.265625,18.03125,17.726562,17.351562,16.1875,15.2109375,14.296875,20.625,22.25,21.492188,20.75,20.4375,20.242188,19.976562,19.75
2779,2021-06-16 02:45:00,3540,18.117188,18.390625,18.179688,18.0,17.664062,17.273438,16.125,15.0859375,14.1875,20.4375,22.15625,21.5,20.78125,20.453125,20.25,19.96875,19.757812
2780,2021-06-16 03:00:00,3540,17.882812,18.140625,17.890625,17.648438,17.304688,16.921875,15.9296875,14.9375,14.0546875,20.320312,22.054688,21.507812,20.804688,20.46875,20.25,19.976562,19.757812
2781,2021-06-16 03:15:00,3534,17.734375,17.976562,17.734375,17.523438,17.203125,16.90625,15.9765625,14.9609375,13.828125,20.21875,21.953125,21.507812,20.828125,20.476562,20.25,19.976562,19.765625
2782,2021-06-16 03:30:00,3534,17.507812,17.898438,17.726562,17.546875,17.304688,17.023438,15.984375,14.9140625,13.609375,19.992188,21.859375,21.5,20.851562,20.492188,20.257812,19.984375,19.765625
2783,2021-06-16 03:45:00,3540,17.34375,17.671875,17.476562,17.34375,17.101562,16.90625,16.09375,15.0703125,13.5703125,19.828125,21.765625,21.492188,20.882812,20.507812,20.257812,19.984375,19.773438
2784,2021-06-16 04:00:00,3534,16.945312,17.0625,16.851562,16.703125,16.453125,16.242188,15.4921875,14.6484375,13.5390625,19.78125,21.671875,21.476562,20.898438,20.53125,20.265625,19.976562,19.773438
2785,2021-06-16 04:15:00,3528,16.570312,16.648438,16.476562,16.335938,16.09375,15.859375,15.0546875,14.21875,13.328125,19.703125,21.578125,21.46875,20.914062,20.546875,20.273438,19.992188,19.78125
2786,2021-06-16 04:30:00,3528,16.375,16.648438,16.5,16.414062,16.234375,16.09375,15.40625,14.6171875,13.34375,19.484375,21.492188,21.453125,20.929688,20.554688,20.28125,19.992188,19.78125
2787,2021-06-16 04:45:00,3534,16.617188,17.125,16.953125,16.835938,16.632812,16.53125,15.9609375,15.1796875,13.78125,19.273438,21.398438,21.429688,20.953125,20.570312,20.289062,20.0,19.789062
2788,2021-06-16 05:00:00,3528,16.429688,16.671875,16.429688,16.242188,15.9375,15.6953125,14.9296875,14.03125,13.1171875,19.25,21.3125,21.40625,20.960938,20.585938,20.296875,20.0,19.796875
2789,2021-06-16 05:15:00,3534,16.351562,16.75,16.492188,16.257812,15.8671875,15.46875,14.65625,13.75,13.1171875,19.226562,21.226562,21.390625,20.976562,20.601562,20.304688,20.0,19.804688
2790,2021-06-16 05:30:00,3534,16.179688,16.414062,16.1875,16.007812,15.71875,15.5078125,14.7578125,13.90625,13.0390625,19.125,21.140625,21.367188,20.984375,20.617188,20.304688,20.007812,19.804688
2791,2021-06-16 05:45:00,3528,15.8046875,16.171875,15.9140625,15.71875,15.40625,15.109375,14.34375,13.515625,12.71875,18.96875,21.0625,21.335938,21.0,20.625,20.320312,20.007812,19.8125
2792,2021-06-16 06:00:00,3534,15.703125,16.21875,15.9921875,15.78125,15.4765625,15.203125,14.4453125,13.6015625,12.71875,18.757812,20.984375,21.304688,21.007812,20.640625,20.335938,20.015625,19.820312
2793,2021-06-16 06:15:00,3528,15.5390625,15.859375,15.671875,15.5234375,15.2734375,15.1328125,14.4765625,13.7890625,12.875,18.625,20.90625,21.28125,21.007812,20.65625,20.34375,20.023438,19.828125
2794,2021-06-16 06:30:00,3528,15.2734375,15.6484375,15.4921875,15.3671875,15.1328125,14.921875,14.1796875,13.4453125,12.609375,18.507812,20.835938,21.257812,21.015625,20.671875,20.34375,20.023438,19.835938
2795,2021-06-16 06:45:00,3540,15.15625,15.5546875,15.3671875,15.2421875,15.0078125,14.84375,14.125,13.3984375,12.5390625,18.429688,20.75,21.226562,21.015625,20.679688,20.359375,20.039062,19.84375
2796,2021-06-16 07:00:00,3534,15.5,16.15625,16.007812,15.8203125,15.5703125,15.28125,14.4609375,13.671875,12.7265625,18.484375,20.679688,21.203125,21.023438,20.695312,20.367188,20.039062,19.851562
2797,2021-06-16 07:15:00,3534,15.6640625,16.21875,15.96875,15.734375,15.3671875,15.015625,14.25,13.4921875,12.8359375,18.453125,20.609375,21.164062,21.023438,20.703125,20.382812,20.046875,19.851562
2798,2021-06-16 07:30:00,3528,15.421875,15.703125,15.5078125,15.328125,15.0703125,14.8203125,14.046875,13.2265625,12.4609375,18.351562,20.546875,21.140625,21.023438,20.71875,20.382812,20.0625,19.859375
2799,2021-06-16 07:45:00,3534,15.4296875,15.7421875,15.5234375,15.3359375,15.0390625,14.796875,14.0625,13.3359375,12.625,18.3125,20.476562,21.109375,21.03125,20.726562,20.398438,20.0625,19.875
2800,2021-06-16 08:00:00,3522,15.2421875,15.9296875,15.7421875,15.5703125,15.296875,15.0078125,14.2578125,13.453125,12.5625,18.179688,20.421875,21.078125,21.023438,20.742188,20.398438,20.070312,19.875
2801,2021-06-16 08:15:00,3528,15.25,16.0625,15.8359375,15.640625,15.3046875,15.0234375,14.34375,13.6328125,12.7734375,18.0625,20.351562,21.046875,21.015625,20.742188,20.414062,20.078125,19.890625
2802,2021-06-16 08:30:00,3522,15.109375,15.4609375,15.25,15.0703125,14.78125,14.4921875,13.734375,13.0546875,12.359375,18.078125,20.296875,21.015625,21.015625,20.757812,20.429688,20.085938,19.898438
2803,2021-06-16 08:45:00,3528,14.6484375,14.90625,14.7421875,14.59375,14.34375,14.0859375,13.2421875,12.59375,11.9375,17.9375,20.234375,20.984375,21.015625,20.765625,20.429688,20.09375,19.90625
2804,2021-06-16 09:00:00,3528,14.203125,14.484375,14.3046875,14.1796875,13.921875,13.6328125,12.8515625,12.171875,11.5859375,17.8125,20.179688,20.953125,21.007812,20.773438,20.4375,20.109375,19.921875
2805,2021-06-16 09:15:00,3528,14.0390625,14.46875,14.296875,14.1328125,13.875,13.625,12.828125,12.1796875,11.5703125,17.703125,20.117188,20.921875,21.007812,20.789062,20.453125,20.117188,19.921875
2806,2021-06-16 09:30:00,3522,14.2578125,14.75,14.578125,14.40625,14.140625,13.890625,13.125,12.4765625,11.8046875,17.703125,20.054688,20.890625,21.0,20.789062,20.46875,20.117188,19.929688
2807,2021-06-16 09:45:00,3528,13.953125,14.328125,14.09375,13.9140625,13.6015625,13.3203125,12.53125,11.953125,11.359375,17.648438,20.0,20.859375,20.992188,20.796875,20.46875,20.125,19.945312
2808,2021-06-16 10:00:00,3528,14.1015625,14.65625,14.515625,14.328125,14.078125,13.84375,13.046875,12.4296875,11.6875,17.554688,19.9375,20.828125,20.984375,20.796875,20.476562,20.140625,19.953125
2809,2021-06-16 10:15:00,3528,14.25,14.7734375,14.578125,14.3828125,14.1015625,13.828125,13.0703125,12.3984375,11.7109375,17.515625,19.890625,20.796875,20.976562,20.796875,20.484375,20.148438,19.960938
2810,2021-06-16 10:30:00,3522,14.1171875,14.921875,14.7109375,14.5078125,14.1875,13.8828125,12.984375,12.25,11.3984375,17.414062,19.828125,20.757812,20.96875,20.8125,20.5,20.15625,19.960938
2811,2021-06-16 10:45:00,3522,13.828125,14.3984375,14.1953125,13.9765625,13.6484375,13.28125,12.4375,11.75,11.2578125,17.320312,19.773438,20.726562,20.953125,20.8125,20.507812,20.164062,19.96875
2812,2021-06-16 11:00:00,3522,13.984375,14.4921875,14.3125,14.1171875,13.8046875,13.4921875,12.640625,11.921875,11.3984375,17.359375,19.710938,20.695312,20.945312,20.8125,20.515625,20.164062,19.984375
2813,2021-06-16 11:15:00,3522,13.984375,14.609375,14.3984375,14.171875,13.8515625,13.5546875,12.7734375,12.140625,11.46875,17.273438,19.664062,20.664062,20.945312,20.820312,20.523438,20.179688,19.992188
2814,2021-06-16 11:30:00,3522,14.3671875,15.0078125,14.84375,14.6796875,14.421875,14.203125,13.484375,12.8359375,11.9453125,17.265625,19.609375,20.632812,20.921875,20.820312,20.53125,20.1875,20.0
2815,2021-06-16 11:45:00,3516,14.171875,14.4296875,14.2265625,14.0390625,13.75,13.46875,12.703125,12.1171875,11.6171875,17.242188,19.554688,20.601562,20.914062,20.820312,20.53125,20.195312,20.007812
2816,2021-06-16 12:00:00,3510,14.140625,14.5625,14.3984375,14.1875,13.875,13.5546875,12.59375,11.859375,11.15625,17.109375,19.507812,20.570312,20.90625,20.828125,20.539062,20.210938,20.007812
2817,2021-06-16 12:15:00,3522,14.234375,14.796875,14.625,14.4765625,14.21875,14.015625,13.3203125,12.65625,11.828125,16.96875,19.453125,20.539062,20.890625,20.828125,20.546875,20.210938,20.015625
2818,2021-06-16 12:30:00,3522,13.9609375,14.2890625,14.1015625,13.9140625,13.5703125,13.1796875,12.1875,11.5390625,11.203125,17.039062,19.40625,20.507812,20.875,20.828125,20.554688,20.21875,20.023438
2819,2021-06-16 12:45:00,3522,13.6640625,13.953125,13.8203125,13.7265625,13.546875,13.4140625,12.6640625,11.9921875,10.9921875,16.84375,19.351562,20.476562,20.867188,20.820312,20.5625,20.234375,20.039062
2820,2021-06-16 13:00:00,3516,13.6171875,14.3515625,14.2578125,14.1484375,13.9453125,13.71875,12.8125,12.03125,11.140625,16.796875,19.304688,20.445312,20.851562,20.820312,20.5625,20.234375,20.046875
2821,2021-06-16 13:15:00,3516,14.2421875,15.0625,14.9765625,14.8828125,14.71875,14.5390625,13.7265625,12.96875,11.8125,16.851562,19.257812,20.40625,20.835938,20.820312,20.578125,20.242188,20.046875
2822,2021-06-16 13:30:00,3516,15.046875,16.03125,15.8515625,15.71875,15.4453125,15.1953125,14.34375,13.4921875,12.3671875,16.890625,19.203125,20.375,20.820312,20.828125,20.585938,20.25,20.054688
2823,2021-06-16 13:45:00,3516,15.390625,15.7578125,15.421875,15.046875,14.5859375,14.1796875,13.3984375,12.703125,12.2265625,16.921875,19.164062,20.34375,20.8125,20.820312,20.585938,20.257812,20.0625
2824,2021-06-16 14:00:00,3510,16.59375,18.367188,18.078125,17.6875,17.101562,16.375,15.125,14.03125,12.84375,16.992188,19.117188,20.320312,20.796875,20.820312,20.59375,20.265625,20.070312
2825,2021-06-16 14:15:00,3522,19.015625,19.476562,19.414062,19.351562,19.4375,19.351562,18.570312,17.070312,14.78125,17.171875,19.078125,20.289062,20.78125,20.820312,20.59375,20.273438,20.070312
2826,2021-06-16 14:30:00,3510,20.953125,20.867188,20.648438,20.601562,20.796875,20.890625,19.960938,18.734375,16.546875,17.601562,19.046875,20.257812,20.765625,20.8125,20.59375,20.28125,20.078125
2827,2021-06-16 14:45:00,3516,22.375,21.28125,21.101562,21.101562,21.398438,21.765625,20.75,19.890625,18.5,18.078125,19.023438,20.21875,20.75,20.8125,20.59375,20.289062,20.09375
2828,2021-06-16 15:00:00,3522,22.851562,21.453125,21.257812,21.273438,21.609375,22.101562,20.96875,20.8125,19.46875,18.539062,19.015625,20.195312,20.726562,20.804688,20.601562,20.289062,20.101562
2829,2021-06-16 15:15:00,3522,23.484375,21.820312,21.679688,21.71875,22.015625,22.523438,21.90625,21.554688,20.289062,19.039062,19.023438,20.171875,20.71875,20.804688,20.609375,20.296875,20.109375
2830,2021-06-16 15:30:00,3522,24.070312,22.375,22.273438,22.289062,22.578125,23.125,23.15625,22.3125,21.546875,19.492188,19.054688,20.140625,20.695312,20.804688,20.609375,20.304688,20.109375
2831,2021-06-16 15:45:00,3522,24.640625,22.898438,22.828125,22.835938,23.101562,23.640625,23.585938,22.867188,22.53125,19.992188,19.101562,20.117188,20.679688,20.796875,20.617188,20.304688,20.117188
2832,2021-06-16 16:00:00,3522,25.078125,22.859375,22.859375,22.914062,23.210938,23.757812,23.71875,23.328125,23.125,20.476562,19.164062,20.09375,20.679688,20.789062,20.609375,20.3125,20.117188
2833,2021-06-16 16:15:00,3522,25.75,24.0625,24.023438,24.03125,24.21875,24.6875,24.59375,24.585938,24.054688,20.921875,19.234375,20.078125,20.65625,20.789062,20.609375,20.3125,20.125
2834,2021-06-16 16:30:00,3522,26.585938,24.742188,24.757812,24.765625,24.921875,25.351562,25.226562,25.46875,25.015625,21.53125,19.320312,20.0625,20.640625,20.78125,20.617188,20.328125,20.132812
2835,2021-06-16 16:45:00,3522,27.148438,24.867188,24.984375,25.0,25.171875,25.617188,25.46875,25.914062,26.046875,22.070312,19.421875,20.054688,20.625,20.773438,20.617188,20.328125,20.132812
2836,2021-06-16 17:00:00,3522,27.960938,25.703125,25.929688,25.929688,26.070312,26.476562,26.5,26.914062,27.375,22.710938,19.539062,20.046875,20.609375,20.765625,20.625,20.328125,20.132812
2837,2021-06-16 17:15:00,3528,28.601562,25.992188,26.21875,26.226562,26.320312,26.632812,26.601562,26.984375,27.515625,23.351562,19.664062,20.054688,20.59375,20.765625,20.625,20.335938,20.140625
2838,2021-06-16 17:30:00,3522,29.382812,26.898438,26.945312,26.914062,26.945312,27.179688,27.15625,27.460938,28.015625,24.0625,19.804688,20.0625,20.585938,20.75,20.625,20.34375,20.148438
2839,2021-06-16 17:45:00,3528,29.984375,27.648438,27.53125,27.53125,27.515625,27.617188,27.59375,27.890625,28.3125,24.679688,19.96875,20.070312,20.578125,20.75,20.617188,20.34375,20.148438
2840,2021-06-16 18:00:00,3528,30.390625,27.59375,27.375,27.507812,27.523438,27.609375,27.695312,28.03125,28.828125,25.148438,20.140625,20.09375,20.5625,20.742188,20.625,20.351562,20.148438
2841,2021-06-16 18:15:00,3534,30.710938,27.507812,27.289062,27.421875,27.414062,27.476562,27.585938,28.132812,29.140625,25.664062,20.320312,20.117188,20.554688,20.734375,20.625,20.351562,20.15625
2842,2021-06-16 18:30:00,3528,30.78125,28.085938,28.039062,27.984375,27.90625,27.835938,27.851562,28.21875,28.710938,25.90625,20.515625,20.148438,20.546875,20.726562,20.617188,20.359375,20.15625
2843,2021-06-16 18:45:00,3540,30.65625,27.671875,27.765625,27.679688,27.617188,27.609375,27.625,27.765625,28.039062,26.171875,20.703125,20.1875,20.546875,20.71875,20.625,20.351562,20.15625
2844,2021-06-16 17:30:00,3522,29.382812,26.898438,26.945312,26.914062,26.945312,27.179688,27.15625,27.460938,28.015625,24.0625,19.804688,20.0625,20.585938,20.75,20.625,20.34375,20.148438
2845,2021-06-16 17:45:00,3528,29.984375,27.648438,27.53125,27.53125,27.515625,27.617188,27.59375,27.890625,28.3125,24.679688,19.96875,20.070312,20.578125,20.75,20.617188,20.34375,20.148438
2846,2021-06-16 18:00:00,3528,30.390625,27.59375,27.375,27.507812,27.523438,27.609375,27.695312,28.03125,28.828125,25.148438,20.140625,20.09375,20.5625,20.742188,20.625,20.351562,20.148438
2847,2021-06-16 18:15:00,3534,30.710938,27.507812,27.289062,27.421875,27.414062,27.476562,27.585938,28.132812,29.140625,25.664062,20.320312,20.117188,20.554688,20.734375,20.625,20.351562,20.15625
2848,2021-06-16 18:30:00,3528,30.78125,28.085938,28.039062,27.984375,27.90625,27.835938,27.851562,28.21875,28.710938,25.90625,20.515625,20.148438,20.546875,20.726562,20.617188,20.359375,20.15625
2849,2021-06-16 18:45:00,3540,30.65625,27.671875,27.765625,27.679688,27.617188,27.609375,27.625,27.765625,28.039062,26.171875,20.703125,20.1875,20.546875,20.71875,20.625,20.351562,20.15625
2850,2021-06-16 19:00:00,3534,31.03125,28.648438,28.796875,28.640625,28.492188,28.359375,28.273438,28.375,28.679688,26.53125,20.914062,20.21875,20.539062,20.710938,20.625,20.351562,20.164062
2851,2021-06-16 19:15:00,3540,30.90625,28.171875,28.3125,28.226562,28.148438,28.015625,27.859375,27.90625,28.171875,26.679688,21.117188,20.273438,20.539062,20.710938,20.625,20.359375,20.164062
2852,2021-06-16 19:30:00,3540,31.984375,30.414062,30.367188,30.195312,29.984375,29.648438,29.28125,29.320312,29.804688,27.171875,21.320312,20.328125,20.539062,20.703125,20.625,20.359375,20.171875
2853,2021-06-16 19:45:00,3540,32.554688,30.578125,30.523438,30.4375,30.265625,29.859375,29.515625,29.539062,29.671875,27.578125,21.523438,20.382812,20.539062,20.703125,20.625,20.367188,20.171875
2854,2021-06-16 20:00:00,3540,33.226562,31.171875,31.117188,31.09375,31.0,30.59375,30.453125,30.335938,30.351562,27.828125,21.726562,20.445312,20.546875,20.695312,20.617188,20.367188,20.171875
2855,2021-06-16 20:15:00,3546,33.820312,32.03125,31.96875,31.914062,31.789062,31.273438,31.140625,30.890625,30.976562,28.195312,21.929688,20.515625,20.5625,20.695312,20.617188,20.375,20.179688
2856,2021-06-16 20:30:00,3546,34.546875,33.03125,32.929688,32.84375,32.664062,31.914062,31.828125,31.640625,31.070312,28.476562,22.140625,20.585938,20.570312,20.6875,20.609375,20.367188,20.179688
2857,2021-06-16 20:45:00,3552,34.960938,32.796875,32.757812,32.710938,32.617188,31.992188,31.703125,31.765625,31.179688,28.8125,22.359375,20.664062,20.578125,20.6875,20.617188,20.375,20.1875
2858,2021-06-16 21:00:00,3552,34.679688,32.070312,32.03125,32.0,31.953125,31.53125,31.484375,31.101562,31.234375,28.890625,22.5625,20.742188,20.59375,20.679688,20.617188,20.375,20.179688
2859,2021-06-16 21:15:00,3546,34.328125,31.625,31.609375,31.601562,31.601562,31.15625,31.226562,30.351562,31.148438,28.789062,22.773438,20.828125,20.609375,20.6875,20.617188,20.375,20.1875
2860,2021-06-16 21:30:00,3546,33.710938,31.203125,31.09375,31.015625,30.921875,30.210938,30.359375,29.53125,30.171875,28.59375,22.976562,20.914062,20.625,20.6875,20.617188,20.375,20.195312
2861,2021-06-16 21:45:00,3546,33.320312,30.929688,30.882812,30.8125,30.703125,29.90625,30.015625,29.09375,29.257812,28.226562,23.15625,21.015625,20.648438,20.6875,20.617188,20.375,20.195312
2862,2021-06-16 22:00:00,3552,31.921875,29.5625,29.390625,29.226562,29.015625,28.3125,28.0625,27.382812,27.132812,27.632812,23.320312,21.101562,20.671875,20.6875,20.609375,20.382812,20.203125
2863,2021-06-16 22:15:00,3546,32.328125,30.710938,30.59375,30.4375,30.203125,29.359375,28.914062,28.492188,28.25,27.578125,23.46875,21.203125,20.695312,20.6875,20.609375,20.382812,20.210938
2864,2021-06-16 22:30:00,3546,31.96875,29.71875,29.578125,29.476562,29.203125,28.507812,27.960938,27.359375,26.84375,27.265625,23.570312,21.296875,20.726562,20.6875,20.609375,20.390625,20.210938
2865,2021-06-16 22:45:00,3552,31.257812,29.195312,29.03125,28.976562,28.578125,27.9375,27.601562,27.007812,26.46875,26.90625,23.65625,21.390625,20.765625,20.703125,20.617188,20.390625,20.21875
2866,2021-06-16 23:00:00,3552,31.773438,29.859375,29.710938,29.609375,29.046875,28.5,28.203125,27.617188,27.1875,26.851562,23.726562,21.484375,20.796875,20.703125,20.617188,20.390625,20.21875
2867,2021-06-16 23:15:00,3552,31.320312,29.578125,29.4375,29.359375,28.679688,28.085938,27.875,27.695312,26.664062,26.5625,23.773438,21.570312,20.828125,20.710938,20.617188,20.390625,20.226562
2868,2021-06-16 23:30:00,3552,31.9375,30.3125,30.125,30.023438,29.320312,28.507812,28.242188,27.914062,26.648438,26.523438,23.8125,21.65625,20.867188,20.71875,20.625,20.398438,20.234375
2869,2021-06-16 23:45:00,3558,30.40625,27.59375,27.179688,26.84375,26.25,25.570312,24.820312,24.148438,23.695312,25.992188,23.84375,21.734375,20.914062,20.734375,20.625,20.40625,20.242188
2870,2021-06-17 00:00:00,3558,27.828125,25.9375,25.6875,25.414062,24.984375,24.414062,23.671875,22.828125,22.132812,25.320312,23.867188,21.8125,20.945312,20.742188,20.632812,20.40625,20.242188
2871,2021-06-17 00:15:00,3558,27.109375,25.65625,25.40625,25.085938,24.5625,24.015625,23.109375,22.398438,21.804688,25.039062,23.867188,21.882812,20.992188,20.757812,20.632812,20.40625,20.257812
2872,2021-06-17 00:30:00,3552,26.390625,25.304688,25.046875,24.632812,23.96875,23.273438,22.34375,21.710938,21.195312,24.742188,23.84375,21.953125,21.03125,20.773438,20.640625,20.414062,20.257812
2873,2021-06-17 00:45:00,3558,25.3125,24.414062,24.132812,23.65625,23.070312,22.15625,20.953125,20.054688,20.265625,24.367188,23.820312,22.007812,21.070312,20.789062,20.640625,20.414062,20.265625
2874,2021-06-17 01:00:00,3558,24.734375,24.492188,24.140625,23.632812,22.960938,21.992188,20.664062,19.578125,19.382812,23.953125,23.773438,22.070312,21.101562,20.804688,20.648438,20.429688,20.28125
2875,2021-06-17 01:15:00,3558,24.15625,23.617188,23.195312,22.671875,22.085938,21.109375,19.859375,18.875,18.476562,23.5,23.710938,22.125,21.148438,20.828125,20.65625,20.429688,20.289062
2876,2021-06-17 01:30:00,3546,23.828125,23.835938,23.421875,22.984375,22.257812,21.265625,19.6875,18.648438,18.429688,23.226562,23.648438,22.171875,21.195312,20.84375,20.664062,20.4375,20.296875
2877,2021-06-17 01:45:00,3552,23.59375,23.679688,23.25,22.679688,22.046875,21.179688,19.898438,18.78125,18.367188,23.015625,23.570312,22.210938,21.226562,20.859375,20.671875,20.4375,20.304688
2878,2021-06-17 02:00:00,3552,23.53125,23.75,23.40625,22.898438,22.296875,21.320312,19.945312,18.734375,18.367188,22.851562,23.484375,22.242188,21.265625,20.882812,20.679688,20.445312,20.3125
2879,2021-06-17 02:15:00,3552,23.609375,23.890625,23.53125,22.90625,22.234375,21.15625,19.734375,18.640625,18.6875,22.742188,23.398438,22.265625,21.304688,20.898438,20.695312,20.453125,20.328125
2880,2021-06-17 02:30:00,3558,23.460938,23.679688,23.4375,22.90625,22.359375,21.3125,19.9375,18.585938,18.171875,22.578125,23.320312,22.289062,21.351562,20.921875,20.703125,20.460938,20.335938
2881,2021-06-17 02:45:00,3552,23.375,23.726562,23.421875,22.898438,22.3125,21.359375,19.914062,18.289062,17.484375,22.367188,23.242188,22.304688,21.390625,20.945312,20.71875,20.46875,20.34375
2882,2021-06-17 03:00:00,3552,23.09375,23.125,22.914062,22.523438,22.15625,21.382812,20.257812,18.414062,16.84375,22.085938,23.15625,22.320312,21.414062,20.96875,20.734375,20.484375,20.359375
2883,2021-06-17 03:15:00,3552,22.601562,22.796875,22.601562,22.1875,21.789062,20.929688,19.757812,18.023438,16.695312,21.820312,23.078125,22.328125,21.453125,20.992188,20.742188,20.492188,20.367188
2884,2021-06-17 03:30:00,3552,22.507812,22.960938,22.953125,22.765625,22.554688,22.03125,21.171875,19.273438,16.953125,21.601562,22.992188,22.328125,21.484375,21.015625,20.75,20.5,20.382812
2885,2021-06-17 03:45:00,3558,22.382812,22.726562,22.6875,22.523438,22.335938,21.953125,21.226562,19.640625,17.367188,21.460938,22.914062,22.328125,21.523438,21.03125,20.773438,20.507812,20.390625
2886,2021-06-17 04:00:00,3552,22.375,22.8125,22.695312,22.492188,22.226562,21.867188,21.132812,19.6875,17.429688,21.28125,22.828125,22.328125,21.546875,21.054688,20.789062,20.515625,20.40625
2887,2021-06-17 04:15:00,3546,22.25,22.671875,22.609375,22.460938,22.289062,22.039062,21.390625,19.984375,17.601562,21.070312,22.742188,22.320312,21.570312,21.078125,20.796875,20.53125,20.421875
2888,2021-06-17 04:30:00,3558,22.257812,22.632812,22.445312,22.226562,21.96875,21.726562,21.0,19.695312,17.515625,20.929688,22.65625,22.320312,21.59375,21.109375,20.8125,20.539062,20.4375
2889,2021-06-17 04:45:00,3552,22.273438,22.742188,22.46875,22.140625,21.742188,21.3125,20.328125,18.78125,16.796875,20.84375,22.570312,22.304688,21.617188,21.132812,20.828125,20.554688,20.453125
2890,2021-06-17 05:00:00,3552,22.414062,22.890625,22.546875,22.140625,21.625,21.164062,19.984375,18.351562,16.625,20.726562,22.484375,22.304688,21.632812,21.148438,20.851562,20.5625,20.460938
2891,2021-06-17 05:15:00,3546,22.289062,22.554688,22.265625,21.929688,21.539062,21.140625,20.085938,18.515625,16.601562,20.601562,22.40625,22.28125,21.664062,21.171875,20.867188,20.578125,20.476562
2892,2021-06-17 05:30:00,3552,22.21875,22.5625,22.25,21.851562,21.382812,20.945312,19.851562,18.289062,16.453125,20.523438,22.328125,22.265625,21.679688,21.195312,20.875,20.59375,20.5
2893,2021-06-17 05:45:00,3552,22.265625,22.773438,22.476562,22.210938,21.710938,21.242188,19.96875,18.25,16.585938,20.429688,22.25,22.25,21.695312,21.21875,20.890625,20.609375,20.507812
2894,2021-06-17 06:00:00,3546,22.3125,22.484375,22.210938,21.835938,21.4375,21.039062,19.960938,18.398438,16.4375,20.335938,22.179688,22.226562,21.710938,21.242188,20.90625,20.617188,20.523438
2895,2021-06-17 06:15:00,3546,22.195312,22.445312,22.171875,21.796875,21.367188,20.960938,19.875,18.375,16.492188,20.25,22.101562,22.210938,21.726562,21.265625,20.929688,20.632812,20.546875
2896,2021-06-17 06:30:00,3552,21.78125,21.96875,21.765625,21.445312,21.179688,20.9375,20.132812,18.78125,16.710938,20.148438,22.03125,22.195312,21.742188,21.28125,20.953125,20.648438,20.554688
2897,2021-06-17 06:45:00,3546,21.75,22.195312,22.210938,22.046875,21.921875,21.765625,21.109375,19.726562,17.5,20.070312,21.96875,22.171875,21.75,21.304688,20.96875,20.65625,20.578125
2898,2021-06-17 07:00:00,3552,21.382812,21.546875,21.484375,21.273438,21.148438,20.984375,20.289062,19.0625,17.210938,20.046875,21.898438,22.148438,21.757812,21.328125,20.984375,20.679688,20.585938
2899,2021-06-17 07:15:00,3546,21.257812,21.65625,21.554688,21.289062,21.125,20.929688,20.203125,18.992188,17.09375,19.984375,21.835938,22.125,21.773438,21.34375,21.0,20.6875,20.601562
2900,2021-06-17 07:30:00,3546,21.039062,21.453125,21.414062,21.203125,21.09375,20.945312,20.257812,18.9375,17.039062,19.929688,21.773438,22.101562,21.789062,21.367188,21.023438,20.710938,20.625
2901,2021-06-17 07:45:00,3540,20.828125,21.210938,21.1875,21.007812,20.921875,20.78125,20.164062,18.976562,17.140625,19.875,21.710938,22.070312,21.789062,21.382812,21.039062,20.726562,20.640625
2902,2021-06-17 08:00:00,3546,20.664062,21.03125,20.992188,20.796875,20.664062,20.5,19.757812,18.4375,16.742188,19.867188,21.664062,22.046875,21.796875,21.398438,21.054688,20.742188,20.65625
2903,2021-06-17 08:15:00,3540,20.375,20.710938,20.71875,20.585938,20.523438,20.398438,19.8125,18.6875,17.007812,19.796875,21.601562,22.023438,21.804688,21.421875,21.070312,20.765625,20.671875
2904,2021-06-17 08:30:00,3552,20.289062,20.71875,20.695312,20.492188,20.375,20.15625,19.429688,18.265625,16.679688,19.757812,21.546875,22.0,21.804688,21.4375,21.09375,20.78125,20.6875
2905,2021-06-17 08:45:00,3546,20.390625,20.992188,20.960938,20.75,20.601562,20.34375,19.546875,18.179688,16.53125,19.710938,21.5,21.976562,21.8125,21.453125,21.109375,20.796875,20.703125
2906,2021-06-17 09:00:00,3546,20.210938,20.617188,20.539062,20.273438,20.039062,19.710938,18.835938,17.554688,16.226562,19.671875,21.453125,21.960938,21.8125,21.46875,21.125,20.8125,20.71875
2907,2021-06-17 09:15:00,3546,20.210938,20.664062,20.578125,20.257812,19.960938,19.53125,18.5625,17.296875,15.96875,19.609375,21.398438,21.929688,21.8125,21.492188,21.148438,20.828125,20.742188
2908,2021-06-17 09:30:00,3540,20.09375,20.226562,20.117188,19.828125,19.5625,19.195312,18.234375,16.96875,15.796875,19.5625,21.351562,21.90625,21.8125,21.5,21.164062,20.84375,20.75
2909,2021-06-17 09:45:00,3546,19.789062,20.367188,20.367188,20.132812,19.9375,19.625,18.734375,17.34375,15.828125,19.429688,21.3125,21.882812,21.820312,21.515625,21.179688,20.859375,20.773438
2910,2021-06-17 10:00:00,3546,20.09375,20.734375,20.640625,20.421875,20.210938,19.960938,19.109375,17.703125,15.9921875,19.40625,21.265625,21.859375,21.820312,21.53125,21.195312,20.882812,20.789062
2911,2021-06-17 10:15:00,3546,19.976562,20.359375,20.28125,20.023438,19.820312,19.53125,18.671875,17.515625,16.140625,19.351562,21.226562,21.835938,21.820312,21.539062,21.210938,20.898438,20.8125
2912,2021-06-17 10:30:00,3546,20.101562,20.75,20.65625,20.390625,20.148438,19.78125,18.90625,17.609375,16.023438,19.3125,21.171875,21.8125,21.820312,21.554688,21.234375,20.914062,20.828125
2913,2021-06-17 10:45:00,3552,20.078125,20.765625,20.6875,20.4375,20.21875,19.921875,19.046875,17.609375,15.9453125,19.28125,21.132812,21.789062,21.8125,21.570312,21.242188,20.929688,20.84375
2914,2021-06-17 11:00:00,3546,19.882812,20.234375,20.0625,19.734375,19.445312,19.054688,18.09375,16.835938,15.796875,19.265625,21.085938,21.757812,21.820312,21.585938,21.265625,20.9375,20.859375
2915,2021-06-17 11:15:00,3546,20.046875,20.742188,20.5625,20.1875,19.828125,19.351562,18.257812,16.851562,15.4765625,19.210938,21.046875,21.75,21.8125,21.59375,21.28125,20.960938,20.875
2916,2021-06-17 11:30:00,3540,20.25,21.023438,20.835938,20.53125,20.289062,19.992188,19.164062,17.96875,16.46875,19.15625,21.015625,21.71875,21.8125,21.601562,21.296875,20.976562,20.890625
2917,2021-06-17 11:45:00,3546,20.257812,20.8125,20.71875,20.554688,20.398438,20.171875,19.375,18.09375,16.414062,19.140625,20.96875,21.703125,21.8125,21.617188,21.3125,21.0,20.90625
2918,2021-06-17 12:00:00,3540,20.25,20.625,20.398438,20.09375,19.804688,19.460938,18.5625,17.390625,16.078125,19.132812,20.929688,21.679688,21.804688,21.625,21.328125,21.015625,20.921875
2919,2021-06-17 12:15:00,3540,19.960938,19.90625,19.648438,19.351562,19.054688,18.757812,17.898438,16.96875,15.8671875,19.09375,20.898438,21.65625,21.804688,21.625,21.351562,21.023438,20.9375
2920,2021-06-17 12:30:00,3540,18.921875,18.960938,18.625,18.25,17.882812,17.40625,16.265625,15.125,14.5546875,19.0,20.867188,21.632812,21.804688,21.640625,21.359375,21.046875,20.953125
2921,2021-06-17 12:45:00,3540,18.710938,19.101562,18.804688,18.328125,17.890625,17.289062,16.046875,14.875,14.2265625,18.890625,20.828125,21.609375,21.796875,21.648438,21.375,21.0625,20.96875
2922,2021-06-17 13:00:00,3546,19.695312,20.96875,20.625,20.109375,19.5625,18.875,17.578125,16.117188,14.7265625,18.859375,20.789062,21.585938,21.796875,21.65625,21.390625,21.078125,20.984375
2923,2021-06-17 13:15:00,3540,20.640625,21.804688,21.59375,21.25,20.921875,20.390625,19.273438,17.695312,15.828125,18.882812,20.742188,21.570312,21.789062,21.664062,21.398438,21.09375,21.0
2924,2021-06-17 13:30:00,3540,19.820312,19.429688,19.148438,18.820312,18.359375,17.78125,16.640625,15.734375,15.3046875,18.96875,20.703125,21.539062,21.78125,21.671875,21.414062,21.109375,21.015625
2925,2021-06-17 13:45:00,3546,18.898438,18.96875,18.625,18.226562,17.804688,17.28125,16.101562,14.9765625,14.3984375,18.835938,20.664062,21.523438,21.773438,21.679688,21.421875,21.125,21.023438
2926,2021-06-17 14:00:00,3540,18.789062,19.03125,18.695312,18.296875,17.773438,17.085938,15.7109375,14.734375,14.65625,18.851562,20.632812,21.507812,21.765625,21.6875,21.445312,21.140625,21.039062
2927,2021-06-17 14:15:00,3540,20.9375,22.359375,22.109375,21.875,21.789062,20.695312,19.617188,17.34375,16.1875,19.007812,20.601562,21.476562,21.765625,21.695312,21.460938,21.15625,21.054688
2928,2021-06-17 14:30:00,3540,23.671875,24.21875,23.796875,23.632812,23.796875,23.351562,22.109375,20.367188,18.703125,19.421875,20.570312,21.460938,21.757812,21.703125,21.46875,21.171875,21.070312
2929,2021-06-17 14:45:00,3540,25.421875,25.046875,24.59375,24.367188,24.546875,24.453125,23.09375,21.75,20.640625,19.90625,20.546875,21.445312,21.75,21.703125,21.484375,21.179688,21.085938
2930,2021-06-17 15:00:00,3540,26.335938,25.117188,24.734375,24.453125,24.734375,24.8125,22.929688,22.5,21.4375,20.335938,20.539062,21.414062,21.75,21.703125,21.492188,21.195312,21.09375
2931,2021-06-17 15:15:00,3540,27.390625,26.34375,25.9375,25.601562,25.875,26.03125,24.429688,24.070312,22.59375,20.734375,20.546875,21.390625,21.742188,21.710938,21.507812,21.210938,21.109375
2932,2021-06-17 15:30:00,3534,27.898438,26.234375,25.929688,25.617188,25.914062,26.070312,25.1875,24.304688,23.0,21.15625,20.585938,21.375,21.734375,21.710938,21.515625,21.226562,21.132812
2933,2021-06-17 15:45:00,3540,28.3125,26.671875,26.359375,26.007812,26.265625,26.429688,25.8125,24.710938,23.875,21.546875,20.625,21.359375,21.726562,21.726562,21.523438,21.242188,21.140625
2934,2021-06-17 16:00:00,3540,29.046875,27.4375,27.132812,26.796875,27.023438,27.21875,26.84375,25.53125,25.257812,22.015625,20.679688,21.34375,21.71875,21.726562,21.539062,21.25,21.15625
2935,2021-06-17 16:15:00,3534,29.851562,28.101562,27.851562,27.515625,27.789062,27.898438,27.601562,26.890625,26.117188,22.539062,20.75,21.335938,21.710938,21.726562,21.554688,21.273438,21.164062
2936,2021-06-17 16:30:00,3546,30.507812,28.460938,28.3125,27.992188,28.28125,28.328125,28.09375,27.632812,26.8125,23.09375,20.84375,21.328125,21.703125,21.726562,21.5625,21.289062,21.179688
2937,2021-06-17 16:45:00,3546,31.382812,29.601562,29.5,29.109375,29.273438,29.234375,28.875,28.46875,28.039062,23.75,20.929688,21.328125,21.703125,21.734375,21.570312,21.289062,21.1875
2938,2021-06-17 17:00:00,3546,31.773438,29.539062,29.515625,29.1875,29.328125,29.3125,29.101562,28.773438,28.6875,24.28125,21.039062,21.335938,21.695312,21.742188,21.578125,21.3125,21.203125
2939,2021-06-17 17:15:00,3540,31.976562,29.351562,29.304688,29.078125,29.171875,29.21875,29.179688,29.070312,29.492188,24.929688,21.164062,21.34375,21.6875,21.742188,21.585938,21.320312,21.21875
2940,2021-06-17 17:30:00,3540,32.523438,29.929688,29.84375,29.617188,29.65625,29.625,29.507812,29.382812,29.6875,25.5625,21.296875,21.34375,21.6875,21.742188,21.59375,21.335938,21.226562
2941,2021-06-17 17:45:00,3540,33.242188,30.539062,30.351562,30.179688,30.195312,30.070312,29.90625,29.945312,30.578125,26.1875,21.453125,21.367188,21.6875,21.75,21.609375,21.34375,21.234375
2942,2021-06-17 18:00:00,3546,33.484375,30.78125,30.421875,30.320312,30.289062,30.171875,30.03125,30.101562,30.515625,26.625,21.617188,21.382812,21.6875,21.742188,21.617188,21.351562,21.242188
2943,2021-06-17 18:15:00,3546,33.992188,31.070312,30.757812,30.523438,30.570312,30.429688,30.28125,30.226562,30.734375,27.0625,21.78125,21.414062,21.6875,21.75,21.625,21.367188,21.257812
2944,2021-06-17 18:30:00,3546,34.429688,31.179688,31.039062,30.734375,30.710938,30.578125,30.4375,30.25,30.335938,27.570312,21.96875,21.453125,21.6875,21.757812,21.625,21.375,21.273438
2945,2021-06-17 18:45:00,3552,35.148438,32.367188,32.289062,31.953125,31.773438,31.539062,31.40625,31.25,31.585938,28.085938,22.15625,21.484375,21.679688,21.757812,21.640625,21.390625,21.28125
2946,2021-06-17 19:00:00,3552,35.640625,33.015625,32.890625,32.546875,32.398438,32.148438,31.945312,31.75,31.921875,28.617188,22.351562,21.53125,21.6875,21.765625,21.640625,21.398438,21.296875
2947,2021-06-17 19:15:00,3552,35.8125,32.882812,32.554688,32.296875,32.164062,31.914062,31.734375,31.59375,31.867188,29.117188,22.554688,21.570312,21.695312,21.757812,21.65625,21.414062,21.304688
2948,2021-06-17 19:30:00,3552,36.140625,33.65625,33.25,33.03125,32.929688,32.578125,32.359375,32.0625,32.398438,29.460938,22.773438,21.640625,21.703125,21.765625,21.65625,21.421875,21.3125
2949,2021-06-17 19:45:00,3552,36.554688,34.171875,33.96875,33.585938,33.101562,32.679688,32.578125,32.476562,32.757812,29.664062,22.992188,21.695312,21.710938,21.757812,21.671875,21.4375,21.328125
2950,2021-06-17 20:00:00,3564,37.164062,35.15625,34.929688,34.445312,34.015625,33.34375,33.257812,33.15625,33.179688,30.015625,23.210938,21.765625,21.726562,21.773438,21.671875,21.453125,21.335938
2951,2021-06-17 20:15:00,3564,37.476562,35.203125,34.992188,34.5,34.328125,33.625,33.78125,33.625,33.664062,30.0,23.421875,21.835938,21.734375,21.773438,21.6875,21.453125,21.34375
2952,2021-06-17 19:00:00,3552,35.640625,33.015625,32.890625,32.546875,32.398438,32.148438,31.945312,31.75,31.921875,28.617188,22.351562,21.53125,21.6875,21.765625,21.640625,21.398438,21.296875
2953,2021-06-17 19:15:00,3552,35.8125,32.882812,32.554688,32.296875,32.164062,31.914062,31.734375,31.59375,31.867188,29.117188,22.554688,21.570312,21.695312,21.757812,21.65625,21.414062,21.304688
2954,2021-06-17 19:30:00,3552,36.140625,33.65625,33.25,33.03125,32.929688,32.578125,32.359375,32.0625,32.398438,29.460938,22.773438,21.640625,21.703125,21.765625,21.65625,21.421875,21.3125
2955,2021-06-17 19:45:00,3552,36.554688,34.171875,33.96875,33.585938,33.101562,32.679688,32.578125,32.476562,32.757812,29.664062,22.992188,21.695312,21.710938,21.757812,21.671875,21.4375,21.328125
2956,2021-06-17 20:00:00,3564,37.164062,35.15625,34.929688,34.445312,34.015625,33.34375,33.257812,33.15625,33.179688,30.015625,23.210938,21.765625,21.726562,21.773438,21.671875,21.453125,21.335938
2957,2021-06-17 20:15:00,3564,37.476562,35.203125,34.992188,34.5,34.328125,33.625,33.78125,33.625,33.664062,30.0,23.421875,21.835938,21.734375,21.773438,21.6875,21.453125,21.34375
2958,2021-06-17 20:30:00,3558,37.726562,35.34375,35.140625,34.703125,34.585938,34.03125,34.289062,34.023438,33.710938,30.132812,23.632812,21.914062,21.75,21.78125,21.6875,21.46875,21.359375
2959,2021-06-17 20:45:00,3570,37.578125,35.492188,35.242188,34.804688,34.65625,33.96875,34.367188,34.234375,33.53125,30.148438,23.835938,22.0,21.773438,21.78125,21.695312,21.484375,21.367188
2960,2021-06-17 21:00:00,3558,37.6875,35.492188,35.28125,34.867188,34.6875,34.125,34.5,34.257812,33.578125,30.359375,24.03125,22.078125,21.789062,21.789062,21.710938,21.484375,21.382812
2961,2021-06-17 21:15:00,3564,37.609375,34.992188,34.726562,34.265625,33.71875,34.023438,34.304688,33.984375,33.617188,30.40625,24.21875,22.171875,21.820312,21.796875,21.71875,21.5,21.390625
2962,2021-06-17 21:30:00,3564,37.34375,34.9375,34.6875,34.226562,33.320312,34.140625,34.257812,33.703125,33.484375,30.335938,24.40625,22.265625,21.84375,21.804688,21.726562,21.507812,21.40625
2963,2021-06-17 21:45:00,3564,36.953125,34.84375,34.414062,33.75,32.546875,33.789062,33.554688,32.960938,33.21875,30.210938,24.578125,22.359375,21.867188,21.8125,21.734375,21.515625,21.414062
2964,2021-06-17 22:00:00,3564,36.984375,34.390625,34.117188,33.609375,32.421875,33.695312,33.429688,32.5,32.78125,30.15625,24.75,22.445312,21.90625,21.828125,21.734375,21.523438,21.421875
2965,2021-06-17 22:15:00,3570,37.382812,35.515625,35.140625,34.539062,33.078125,34.242188,34.070312,32.757812,33.414062,30.007812,24.898438,22.546875,21.929688,21.835938,21.75,21.539062,21.4375
2966,2021-06-17 22:30:00,3570,37.71875,35.859375,35.367188,34.742188,33.054688,34.085938,34.15625,32.742188,33.640625,29.929688,25.039062,22.640625,21.96875,21.851562,21.757812,21.546875,21.453125
2967,2021-06-17 22:45:00,3570,37.554688,35.609375,35.140625,34.539062,32.875,34.234375,33.734375,32.15625,32.5,29.6875,25.171875,22.742188,22.0,21.859375,21.765625,21.554688,21.46875
2968,2021-06-17 23:00:00,3564,37.414062,35.25,34.695312,34.03125,32.28125,33.945312,33.359375,31.773438,31.679688,29.421875,25.289062,22.84375,22.039062,21.875,21.78125,21.5625,21.476562
2969,2021-06-17 23:15:00,3564,36.945312,35.078125,34.617188,33.90625,32.203125,33.890625,33.148438,31.703125,31.53125,29.140625,25.382812,22.9375,22.085938,21.882812,21.78125,21.578125,21.492188
2970,2021-06-17 23:30:00,3576,36.40625,34.640625,34.171875,33.21875,31.804688,33.460938,32.429688,30.5,30.132812,28.828125,25.460938,23.03125,22.125,21.90625,21.804688,21.59375,21.515625
2971,2021-06-17 23:45:00,3564,34.742188,31.34375,30.546875,29.546875,29.015625,28.890625,27.601562,26.585938,26.148438,28.070312,25.515625,23.125,22.179688,21.921875,21.804688,21.601562,21.523438
2972,2021-06-18 00:00:00,3570,31.382812,29.382812,28.90625,28.320312,27.9375,27.34375,26.328125,25.46875,24.570312,27.0625,25.554688,23.210938,22.21875,21.9375,21.820312,21.617188,21.539062
2973,2021-06-18 00:15:00,3582,30.523438,29.359375,28.757812,27.671875,27.148438,26.640625,25.328125,24.375,23.820312,26.640625,25.5625,23.296875,22.265625,21.953125,21.835938,21.625,21.546875
2974,2021-06-18 00:30:00,3564,29.890625,29.34375,28.898438,27.773438,27.289062,27.0,25.328125,24.34375,23.265625,26.179688,25.539062,23.375,22.3125,21.984375,21.84375,21.640625,21.5625
2975,2021-06-18 00:45:00,3564,28.679688,27.84375,27.382812,26.960938,26.539062,26.664062,24.695312,23.015625,21.75,25.640625,25.492188,23.453125,22.359375,22.007812,21.851562,21.648438,21.585938
2976,2021-06-18 01:00:00,3570,27.617188,27.085938,26.539062,25.820312,25.257812,24.570312,23.226562,21.710938,20.609375,25.070312,25.414062,23.523438,22.414062,22.023438,21.875,21.664062,21.59375
2977,2021-06-18 01:15:00,3570,27.210938,27.320312,26.929688,26.359375,25.867188,25.203125,24.054688,22.46875,20.429688,24.59375,25.335938,23.585938,22.460938,22.054688,21.882812,21.679688,21.617188
2978,2021-06-18 01:30:00,3570,26.765625,26.890625,26.460938,25.882812,25.398438,24.726562,23.421875,21.742188,19.953125,24.265625,25.25,23.632812,22.507812,22.078125,21.898438,21.695312,21.632812
2979,2021-06-18 01:45:00,3564,26.492188,26.5625,26.15625,25.507812,25.085938,24.421875,23.023438,21.195312,19.5625,24.046875,25.140625,23.679688,22.5625,22.101562,21.914062,21.710938,21.648438
2980,2021-06-18 02:00:00,3570,26.210938,26.5625,26.070312,25.414062,24.929688,24.1875,22.664062,20.789062,19.265625,23.8125,25.039062,23.710938,22.601562,22.132812,21.929688,21.71875,21.671875
2981,2021-06-18 02:15:00,3570,26.046875,26.492188,26.0625,25.460938,25.070312,24.453125,23.039062,21.070312,19.078125,23.515625,24.929688,23.742188,22.648438,22.15625,21.953125,21.742188,21.679688
2982,2021-06-18 02:30:00,3564,26.09375,26.539062,26.03125,25.382812,25.03125,24.296875,22.75,20.835938,19.070312,23.328125,24.820312,23.765625,22.695312,22.195312,21.976562,21.75,21.703125
2983,2021-06-18 02:45:00,3564,26.007812,26.398438,25.90625,25.289062,24.953125,24.3125,22.960938,21.148438,19.203125,23.109375,24.710938,23.78125,22.742188,22.21875,21.992188,21.765625,21.726562
2984,2021-06-18 03:00:00,3570,26.125,26.65625,26.1875,25.578125,25.117188,24.476562,23.078125,21.296875,19.328125,22.96875,24.609375,23.789062,22.78125,22.25,22.015625,21.789062,21.742188
2985,2021-06-18 03:15:00,3564,26.203125,26.460938,25.90625,25.273438,25.078125,24.40625,22.867188,21.109375,19.585938,22.976562,24.507812,23.804688,22.820312,22.28125,22.023438,21.804688,21.765625
2986,2021-06-18 03:30:00,3570,26.109375,26.3125,25.914062,25.5,25.257812,24.867188,23.726562,22.03125,19.710938,22.710938,24.40625,23.796875,22.851562,22.3125,22.046875,21.820312,21.78125
2987,2021-06-18 03:45:00,3570,25.8125,26.25,26.0,25.75,25.539062,25.203125,24.320312,22.757812,20.234375,22.539062,24.3125,23.796875,22.890625,22.335938,22.070312,21.84375,21.804688
2988,2021-06-18 04:00:00,3564,25.789062,26.335938,25.96875,25.585938,25.273438,24.773438,23.882812,22.429688,20.304688,22.476562,24.21875,23.796875,22.921875,22.359375,22.101562,21.859375,21.820312
2989,2021-06-18 04:15:00,3564,25.703125,25.890625,25.609375,25.320312,25.039062,24.632812,23.734375,22.203125,19.96875,22.382812,24.132812,23.789062,22.960938,22.398438,22.117188,21.875,21.84375
2990,2021-06-18 04:30:00,3564,25.445312,26.078125,26.085938,26.140625,25.984375,25.914062,25.359375,24.242188,21.914062,22.21875,24.039062,23.78125,22.984375,22.429688,22.140625,21.898438,21.859375
2991,2021-06-18 04:45:00,3564,25.257812,25.984375,25.9375,25.960938,25.773438,25.640625,24.953125,23.640625,21.34375,22.101562,23.953125,23.765625,23.015625,22.460938,22.164062,21.921875,21.890625
2992,2021-06-18 05:00:00,3558,25.320312,25.828125,25.671875,25.554688,25.367188,25.164062,24.554688,23.40625,21.617188,22.0625,23.875,23.75,23.039062,22.484375,22.1875,21.9375,21.914062
2993,2021-06-18 05:15:00,3564,25.148438,25.5,25.179688,24.882812,24.578125,24.195312,23.398438,22.070312,20.226562,21.921875,23.796875,23.742188,23.0625,22.523438,22.203125,21.953125,21.929688
2994,2021-06-18 05:30:00,3564,24.859375,25.070312,24.742188,24.398438,24.070312,23.609375,22.6875,21.140625,19.242188,21.84375,23.71875,23.71875,23.085938,22.546875,22.234375,21.976562,21.953125
2995,2021-06-18 05:45:00,3564,24.53125,24.453125,24.085938,23.734375,23.414062,22.96875,22.171875,20.921875,19.234375,21.703125,23.640625,23.703125,23.109375,22.570312,22.257812,22.0,21.976562
2996,2021-06-18 06:00:00,3564,23.648438,23.796875,23.296875,22.773438,22.273438,21.554688,20.4375,19.0625,17.804688,21.609375,23.570312,23.679688,23.125,22.609375,22.289062,22.015625,22.0
2997,2021-06-18 06:15:00,3570,22.445312,21.914062,21.539062,21.085938,20.570312,19.835938,18.75,17.578125,16.992188,21.523438,23.507812,23.664062,23.148438,22.625,22.304688,22.039062,22.023438
2998,2021-06-18 06:30:00,3564,22.09375,22.257812,21.914062,21.5625,21.164062,20.625,19.554688,18.039062,16.546875,21.265625,23.421875,23.648438,23.171875,22.65625,22.335938,22.0625,22.046875
2999,2021-06-18 06:45:00,3564,22.0625,22.570312,22.25,21.84375,21.382812,20.789062,19.78125,18.3125,16.804688,21.179688,23.351562,23.617188,23.171875,22.6875,22.351562,22.078125,22.070312
3000,2021-06-18 07:00:00,3564,21.945312,22.523438,22.1875,21.796875,21.351562,20.695312,19.640625,18.148438,16.9375,21.140625,23.28125,23.59375,23.1875,22.71875,22.382812,22.109375,22.101562
3001,2021-06-18 07:15:00,3570,21.90625,22.289062,22.046875,21.78125,21.398438,20.90625,20.007812,18.570312,17.101562,21.015625,23.210938,23.570312,23.203125,22.734375,22.40625,22.132812,22.125
3002,2021-06-18 07:30:00,3558,21.960938,22.78125,22.398438,21.882812,21.328125,20.609375,19.46875,18.0,16.78125,20.96875,23.140625,23.546875,23.210938,22.757812,22.4375,22.15625,22.140625
3003,2021-06-18 07:45:00,3570,22.257812,23.054688,22.78125,22.429688,22.015625,21.484375,20.476562,18.984375,17.226562,20.929688,23.078125,23.53125,23.226562,22.796875,22.460938,22.179688,22.171875
3004,2021-06-18 08:00:00,3552,22.585938,23.367188,23.0625,22.71875,22.320312,21.734375,20.765625,19.296875,17.703125,20.9375,23.015625,23.507812,23.226562,22.820312,22.484375,22.203125,22.1875
3005,2021-06-18 08:15:00,3558,22.679688,23.265625,23.03125,22.6875,22.210938,21.539062,20.515625,19.007812,17.585938,20.90625,22.945312,23.476562,23.242188,22.84375,22.507812,22.234375,22.21875
3006,2021-06-18 08:30:00,3552,22.710938,23.234375,22.929688,22.585938,22.109375,21.460938,20.445312,18.9375,17.335938,20.851562,22.898438,23.460938,23.25,22.867188,22.53125,22.25,22.242188
3007,2021-06-18 08:45:00,3552,22.929688,23.617188,23.335938,23.023438,22.515625,21.867188,20.890625,19.390625,17.695312,20.78125,22.835938,23.421875,23.257812,22.890625,22.554688,22.273438,22.265625
3008,2021-06-18 09:00:00,3558,22.476562,22.609375,22.296875,21.898438,21.3125,20.5,19.34375,18.023438,17.078125,20.796875,22.789062,23.398438,23.257812,22.914062,22.578125,22.296875,22.289062
3009,2021-06-18 09:15:00,3564,22.460938,22.9375,22.65625,22.335938,21.953125,21.320312,20.335938,18.867188,17.328125,20.664062,22.726562,23.375,23.265625,22.929688,22.609375,22.328125,22.304688
3010,2021-06-18 09:30:00,3564,22.273438,22.75,22.523438,22.179688,21.703125,21.054688,19.96875,18.40625,17.09375,20.65625,22.679688,23.34375,23.273438,22.945312,22.632812,22.351562,22.328125
3011,2021-06-18 09:45:00,3552,22.6875,23.453125,23.179688,22.84375,22.4375,21.882812,20.953125,19.5625,17.757812,20.539062,22.640625,23.320312,23.273438,22.960938,22.65625,22.367188,22.351562
3012,2021-06-18 10:00:00,3564,22.96875,23.53125,23.296875,23.023438,22.632812,22.164062,21.335938,19.945312,18.117188,20.53125,22.585938,23.304688,23.28125,22.984375,22.679688,22.390625,22.382812
3013,2021-06-18 10:15:00,3552,23.0,23.609375,23.328125,23.0,22.5625,21.945312,21.046875,19.601562,17.90625,20.515625,22.539062,23.28125,23.273438,23.007812,22.695312,22.40625,22.40625
3014,2021-06-18 10:30:00,3564,23.226562,23.59375,23.382812,23.171875,22.835938,22.390625,21.59375,20.203125,18.273438,20.476562,22.5,23.25,23.28125,23.015625,22.71875,22.445312,22.429688
3015,2021-06-18 10:45:00,3564,22.929688,23.109375,22.75,22.398438,21.898438,21.289062,20.421875,19.125,17.710938,20.476562,22.453125,23.21875,23.28125,23.039062,22.742188,22.46875,22.445312
3016,2021-06-18 11:00:00,3558,22.5,22.71875,22.523438,22.273438,21.90625,21.273438,20.3125,18.859375,17.195312,20.367188,22.414062,23.203125,23.28125,23.046875,22.765625,22.484375,22.476562
3017,2021-06-18 11:15:00,3552,22.039062,22.148438,21.820312,21.367188,20.820312,20.148438,19.273438,18.101562,16.929688,20.304688,22.375,23.179688,23.28125,23.070312,22.789062,22.507812,22.492188
3018,2021-06-18 11:30:00,3558,21.765625,22.203125,21.992188,21.703125,21.335938,20.789062,19.867188,18.429688,16.742188,20.203125,22.335938,23.15625,23.28125,23.085938,22.8125,22.53125,22.507812
3019,2021-06-18 11:45:00,3558,21.664062,22.070312,21.851562,21.570312,21.164062,20.578125,19.65625,18.234375,16.734375,20.171875,22.289062,23.132812,23.28125,23.09375,22.835938,22.554688,22.539062
3020,2021-06-18 12:00:00,3564,21.328125,21.65625,21.375,21.039062,20.609375,19.921875,18.992188,17.578125,16.398438,20.164062,22.25,23.109375,23.273438,23.117188,22.859375,22.578125,22.554688
3021,2021-06-18 12:15:00,3558,21.359375,21.976562,21.515625,20.960938,20.1875,19.304688,18.265625,17.046875,16.28125,20.15625,22.210938,23.085938,23.273438,23.125,22.875,22.609375,22.578125
3022,2021-06-18 12:30:00,3552,21.546875,22.203125,21.859375,21.484375,20.890625,20.070312,19.015625,17.546875,16.5625,20.1875,22.171875,23.070312,23.273438,23.140625,22.898438,22.625,22.59375
3023,2021-06-18 12:45:00,3552,21.46875,22.25,21.890625,21.460938,20.875,20.015625,18.90625,17.3125,16.257812,20.148438,22.132812,23.046875,23.273438,23.15625,22.921875,22.648438,22.625
3024,2021-06-18 13:00:00,3552,21.960938,22.640625,22.210938,21.765625,21.148438,20.390625,19.257812,17.71875,16.601562,20.125,22.085938,23.015625,23.273438,23.164062,22.9375,22.671875,22.640625
3025,2021-06-18 13:15:00,3552,21.992188,22.796875,22.273438,21.742188,21.007812,20.09375,18.929688,17.523438,16.515625,20.085938,22.0625,22.992188,23.273438,23.179688,22.960938,22.6875,22.65625
3026,2021-06-18 13:30:00,3552,22.382812,23.164062,22.710938,22.148438,21.445312,20.335938,19.039062,17.507812,16.554688,20.101562,22.023438,22.976562,23.265625,23.195312,22.976562,22.710938,22.679688
3027,2021-06-18 13:45:00,3558,22.320312,22.859375,22.3125,21.664062,20.8125,19.609375,18.257812,16.976562,16.421875,20.109375,21.992188,22.953125,23.257812,23.195312,22.992188,22.734375,22.695312
3028,2021-06-18 14:00:00,3558,22.515625,23.078125,22.695312,22.25,21.515625,20.3125,18.867188,17.140625,16.234375,20.039062,21.960938,22.9375,23.257812,23.210938,23.007812,22.757812,22.71875
3029,2021-06-18 14:15:00,3552,24.617188,25.914062,25.429688,25.234375,24.609375,23.875,22.734375,19.867188,18.09375,20.226562,21.929688,22.90625,23.257812,23.21875,23.039062,22.773438,22.742188
3030,2021-06-18 14:30:00,3552,26.929688,27.125,26.703125,26.648438,26.25,25.726562,25.3125,22.671875,20.328125,20.570312,21.90625,22.890625,23.25,23.226562,23.039062,22.796875,22.757812
3031,2021-06-18 14:45:00,3552,28.304688,27.632812,27.101562,27.03125,26.507812,25.960938,25.953125,23.75,22.078125,21.015625,21.882812,22.867188,23.242188,23.234375,23.0625,22.820312,22.773438
3032,2021-06-18 15:00:00,3552,29.507812,28.539062,28.101562,27.992188,27.421875,27.140625,27.15625,25.117188,23.148438,21.460938,21.875,22.851562,23.242188,23.25,23.078125,22.835938,22.796875
3033,2021-06-18 15:15:00,3552,30.414062,29.0,28.367188,28.242188,27.351562,27.796875,27.515625,26.203125,24.375,21.976562,21.890625,22.828125,23.242188,23.25,23.09375,22.851562,22.8125
3034,2021-06-18 15:30:00,3552,31.164062,29.34375,28.703125,28.632812,27.710938,28.328125,27.523438,26.765625,25.242188,22.46875,21.921875,22.8125,23.234375,23.257812,23.109375,22.875,22.835938
3035,2021-06-18 15:45:00,3552,31.679688,29.632812,29.101562,28.820312,27.976562,28.226562,27.101562,26.226562,25.304688,22.9375,21.960938,22.796875,23.234375,23.273438,23.125,22.898438,22.851562
3036,2021-06-18 16:00:00,3552,31.914062,29.789062,29.289062,29.023438,28.585938,28.640625,27.945312,27.054688,26.34375,23.242188,22.023438,22.789062,23.21875,23.28125,23.140625,22.914062,22.867188
3037,2021-06-18 16:15:00,3552,32.421875,30.195312,29.773438,29.476562,29.273438,29.078125,28.929688,28.34375,27.3125,23.679688,22.101562,22.78125,23.21875,23.28125,23.164062,22.929688,22.882812
3038,2021-06-18 16:30:00,3552,32.859375,30.34375,29.976562,29.6875,29.585938,29.257812,29.242188,28.765625,28.09375,24.21875,22.179688,22.773438,23.210938,23.296875,23.171875,22.945312,22.90625
3039,2021-06-18 16:45:00,3564,32.265625,29.265625,29.023438,28.929688,28.867188,28.539062,28.8125,28.492188,28.398438,24.671875,22.28125,22.78125,23.210938,23.296875,23.179688,22.96875,22.914062
3040,2021-06-18 17:00:00,3552,31.960938,29.007812,28.90625,28.867188,28.851562,28.664062,28.890625,29.03125,28.703125,25.085938,22.382812,22.773438,23.203125,23.296875,23.195312,22.984375,22.929688
3041,2021-06-18 17:15:00,3552,31.609375,28.671875,28.523438,28.523438,28.523438,28.59375,28.617188,29.054688,29.007812,25.601562,22.5,22.789062,23.203125,23.304688,23.21875,22.992188,22.953125
3042,2021-06-18 17:30:00,3552,31.765625,29.03125,28.875,28.867188,28.867188,28.984375,28.851562,29.515625,29.632812,26.0,22.625,22.796875,23.203125,23.320312,23.226562,23.015625,22.960938
3043,2021-06-18 17:45:00,3552,32.4375,30.0,29.703125,29.804688,29.71875,29.742188,29.734375,30.085938,30.445312,26.414062,22.75,22.8125,23.210938,23.320312,23.234375,23.03125,22.976562
3044,2021-06-18 18:00:00,3552,32.953125,30.546875,30.1875,30.273438,30.234375,30.21875,30.21875,30.710938,31.007812,26.851562,22.898438,22.84375,23.210938,23.328125,23.25,23.046875,23.0
3045,2021-06-18 18:15:00,3552,33.226562,30.429688,30.085938,30.015625,30.15625,30.21875,30.226562,30.710938,31.148438,27.320312,23.039062,22.859375,23.203125,23.335938,23.265625,23.0625,23.007812
3046,2021-06-18 18:30:00,3552,33.851562,31.21875,31.0,30.875,30.78125,30.859375,30.796875,31.140625,31.765625,27.945312,23.1875,22.898438,23.210938,23.335938,23.273438,23.078125,23.03125
3047,2021-06-18 18:45:00,3564,33.960938,31.171875,30.992188,30.875,30.859375,30.882812,30.789062,31.289062,32.0625,28.539062,23.34375,22.9375,23.21875,23.34375,23.28125,23.09375,23.039062
3048,2021-06-18 19:00:00,3558,34.078125,30.9375,30.679688,30.609375,30.632812,30.6875,30.65625,31.289062,32.265625,29.03125,23.507812,22.96875,23.210938,23.351562,23.304688,23.109375,23.054688
3049,2021-06-18 19:15:00,3558,34.296875,31.984375,31.65625,31.492188,31.445312,31.359375,31.140625,31.460938,32.390625,29.46875,23.6875,23.015625,23.21875,23.351562,23.304688,23.125,23.070312
3050,2021-06-18 19:30:00,3558,34.492188,31.960938,31.59375,31.546875,31.515625,31.5,31.242188,31.679688,32.625,29.921875,23.867188,23.0625,23.234375,23.359375,23.320312,23.140625,23.085938
3051,2021-06-18 19:45:00,3546,34.648438,32.070312,31.664062,31.609375,31.601562,31.5625,31.0625,31.625,33.039062,30.414062,24.054688,23.125,23.242188,23.367188,23.335938,23.15625,23.09375
3052,2021-06-18 20:00:00,3558,34.296875,31.664062,31.304688,31.273438,31.289062,31.25,30.875,31.820312,32.953125,30.8125,24.257812,23.179688,23.25,23.375,23.34375,23.164062,23.101562
3053,2021-06-18 20:15:00,3570,34.398438,32.148438,31.773438,31.78125,31.796875,31.734375,31.289062,32.46875,32.859375,31.007812,24.460938,23.242188,23.273438,23.382812,23.351562,23.1875,23.125
3054,2021-06-18 20:30:00,3564,34.023438,31.109375,30.859375,30.96875,30.960938,31.039062,31.117188,31.984375,32.820312,31.046875,24.65625,23.3125,23.289062,23.390625,23.367188,23.195312,23.140625
3055,2021-06-18 20:45:00,3564,33.71875,31.382812,31.039062,31.117188,31.117188,30.5625,31.367188,31.695312,32.679688,30.976562,24.867188,23.382812,23.304688,23.398438,23.375,23.210938,23.148438
3056,2021-06-18 21:00:00,3558,34.242188,31.742188,31.390625,31.507812,31.609375,31.007812,31.757812,32.15625,33.132812,31.164062,25.0625,23.46875,23.328125,23.40625,23.390625,23.226562,23.164062
3057,2021-06-18 21:15:00,3564,34.125,31.671875,31.320312,31.039062,31.445312,31.296875,31.507812,32.078125,33.039062,31.007812,25.25,23.546875,23.351562,23.414062,23.398438,23.234375,23.179688
3058,2021-06-18 21:30:00,3564,34.328125,32.179688,31.796875,31.335938,31.796875,31.695312,31.6875,32.09375,32.84375,31.015625,25.429688,23.640625,23.375,23.429688,23.414062,23.25,23.195312
3059,2021-06-18 21:45:00,3564,34.25,32.101562,31.75,31.523438,31.585938,31.71875,31.6875,31.617188,32.140625,30.976562,25.609375,23.726562,23.40625,23.4375,23.421875,23.265625,23.210938
3060,2021-06-18 22:00:00,3564,33.601562,31.460938,31.179688,31.085938,30.984375,31.484375,31.421875,31.257812,31.984375,30.789062,25.765625,23.820312,23.4375,23.453125,23.429688,23.28125,23.226562
3061,2021-06-18 22:15:00,3576,33.5,31.421875,31.195312,31.203125,31.023438,31.382812,31.25,30.921875,31.851562,30.484375,25.914062,23.898438,23.476562,23.46875,23.445312,23.296875,23.234375
3062,2021-06-18 22:30:00,3564,33.203125,30.976562,30.453125,30.757812,30.25,30.796875,30.882812,30.21875,30.71875,30.15625,26.039062,24.0,23.507812,23.484375,23.460938,23.304688,23.25
3063,2021-06-18 22:45:00,3564,33.695312,32.34375,31.65625,31.976562,31.484375,31.523438,31.546875,30.867188,30.890625,29.890625,26.148438,24.085938,23.546875,23.492188,23.476562,23.320312,23.265625
3064,2021-06-18 23:00:00,3558,33.921875,32.398438,31.046875,31.921875,31.296875,31.007812,31.460938,29.703125,29.804688,29.429688,26.234375,24.1875,23.585938,23.507812,23.484375,23.328125,23.28125
3065,2021-06-18 23:15:00,3564,33.8125,31.9375,30.585938,31.242188,31.070312,30.914062,30.75,29.101562,29.351562,29.132812,26.296875,24.273438,23.625,23.53125,23.5,23.34375,23.296875
3066,2021-06-18 23:30:00,3570,33.71875,31.851562,30.9375,31.164062,31.078125,30.507812,30.398438,28.757812,28.796875,28.820312,26.351562,24.359375,23.664062,23.546875,23.507812,23.367188,23.3125
3067,2021-06-18 23:45:00,3570,32.195312,28.929688,28.0,27.75,27.328125,26.671875,25.984375,25.265625,25.53125,28.148438,26.375,24.445312,23.710938,23.570312,23.53125,23.375,23.335938
3068,2021-06-19 00:00:00,3564,28.679688,26.640625,26.054688,25.851562,25.53125,25.007812,24.34375,23.820312,23.585938,27.085938,26.390625,24.523438,23.757812,23.585938,23.539062,23.390625,23.351562
3069,2021-06-19 00:15:00,3564,27.679688,26.3125,25.773438,25.3125,25.140625,24.492188,23.71875,23.226562,23.1875,26.703125,26.382812,24.601562,23.796875,23.601562,23.554688,23.40625,23.367188
3070,2021-06-19 00:30:00,3570,26.625,25.742188,25.289062,24.78125,24.460938,23.695312,22.921875,22.414062,22.265625,26.3125,26.335938,24.671875,23.84375,23.625,23.570312,23.421875,23.382812
3071,2021-06-19 00:45:00,3564,25.164062,24.265625,23.390625,23.070312,22.476562,21.757812,21.0,20.5,20.617188,25.84375,26.28125,24.734375,23.890625,23.648438,23.585938,23.4375,23.40625
3072,2021-06-19 01:00:00,3570,24.28125,24.0625,23.40625,22.960938,22.328125,21.640625,20.75,20.070312,19.992188,25.484375,26.203125,24.796875,23.9375,23.671875,23.601562,23.453125,23.421875
3073,2021-06-19 01:15:00,3564,23.484375,23.085938,22.476562,22.203125,21.695312,21.085938,20.273438,19.601562,19.429688,25.046875,26.125,24.835938,23.984375,23.703125,23.617188,23.46875,23.4375
3074,2021-06-19 01:30:00,3570,22.429688,22.164062,21.414062,21.101562,20.585938,19.914062,19.132812,18.625,18.703125,24.71875,26.03125,24.882812,24.03125,23.726562,23.632812,23.492188,23.460938
3075,2021-06-19 01:45:00,3564,21.882812,21.773438,21.023438,20.671875,20.0625,19.328125,18.578125,18.140625,18.3125,24.453125,25.929688,24.921875,24.070312,23.75,23.648438,23.5,23.476562
3076,2021-06-19 02:00:00,3564,21.34375,21.304688,20.59375,20.242188,19.6875,19.0,18.195312,17.710938,17.929688,24.1875,25.828125,24.945312,24.125,23.773438,23.671875,23.523438,23.492188
3077,2021-06-19 02:15:00,3564,21.265625,21.5,20.8125,20.460938,19.976562,19.25,18.15625,17.414062,17.53125,23.945312,25.71875,24.96875,24.15625,23.804688,23.6875,23.539062,23.515625
3078,2021-06-19 02:30:00,3564,20.78125,20.414062,19.828125,19.59375,19.109375,18.507812,17.6875,17.09375,17.101562,23.617188,25.617188,24.992188,24.203125,23.835938,23.710938,23.554688,23.53125
3079,2021-06-19 02:45:00,3570,19.710938,19.617188,18.96875,18.6875,18.15625,17.632812,16.953125,16.609375,16.851562,23.398438,25.507812,25.0,24.242188,23.859375,23.726562,23.578125,23.554688
3080,2021-06-19 03:00:00,3564,19.609375,19.664062,19.015625,18.71875,18.1875,17.554688,16.671875,16.140625,16.1875,23.101562,25.398438,25.007812,24.28125,23.890625,23.75,23.59375,23.570312
3081,2021-06-19 03:15:00,3564,18.726562,18.257812,17.703125,17.492188,17.046875,16.523438,15.8828125,15.6171875,15.921875,22.882812,25.289062,25.007812,24.3125,23.921875,23.773438,23.617188,23.585938
3082,2021-06-19 03:30:00,3558,17.90625,18.085938,17.445312,17.320312,16.875,16.335938,15.5078125,15.03125,15.203125,22.570312,25.1875,25.0,24.34375,23.945312,23.789062,23.625,23.609375
3083,2021-06-19 03:45:00,3570,17.671875,18.117188,17.40625,17.257812,16.765625,16.164062,15.2890625,14.8359375,14.9296875,22.226562,25.070312,24.992188,24.382812,23.984375,23.8125,23.648438,23.632812
3084,2021-06-19 04:00:00,3570,17.617188,18.34375,17.585938,17.257812,16.601562,15.8828125,15.0546875,14.6171875,14.703125,22.039062,24.953125,24.984375,24.414062,24.007812,23.835938,23.664062,23.648438
3085,2021-06-19 04:15:00,3564,18.726562,20.070312,19.421875,19.28125,18.773438,18.0,16.75,15.5234375,14.7265625,21.75,24.835938,24.96875,24.4375,24.039062,23.859375,23.6875,23.671875
3086,2021-06-19 04:30:00,3564,19.648438,20.78125,20.078125,19.945312,19.359375,18.757812,17.570312,16.382812,15.296875,21.703125,24.71875,24.953125,24.460938,24.070312,23.882812,23.703125,23.6875
3087,2021-06-19 04:45:00,3558,20.523438,21.492188,20.96875,20.859375,20.421875,19.953125,18.914062,17.648438,16.171875,21.601562,24.601562,24.9375,24.484375,24.09375,23.90625,23.734375,23.710938
3088,2021-06-19 05:00:00,3564,21.140625,21.882812,21.273438,21.179688,20.765625,20.257812,19.140625,17.9375,16.601562,21.617188,24.5,24.90625,24.507812,24.132812,23.929688,23.75,23.742188
3089,2021-06-19 05:15:00,3564,21.007812,21.3125,20.570312,20.4375,19.921875,19.351562,18.304688,17.304688,16.375,21.546875,24.398438,24.890625,24.523438,24.15625,23.953125,23.765625,23.757812
3090,2021-06-19 05:30:00,3564,20.101562,19.664062,19.039062,18.898438,18.4375,17.960938,17.171875,16.53125,16.023438,21.523438,24.304688,24.859375,24.546875,24.179688,23.976562,23.789062,23.773438
3091,2021-06-19 05:45:00,3564,19.90625,20.507812,19.804688,19.640625,19.101562,18.5,17.3125,16.242188,15.4296875,21.296875,24.210938,24.828125,24.5625,24.203125,24.0,23.8125,23.796875
3092,2021-06-19 06:00:00,3558,20.078125,20.703125,20.0,19.820312,19.257812,18.570312,17.421875,16.421875,15.625,21.195312,24.125,24.796875,24.578125,24.226562,24.023438,23.828125,23.8125
3093,2021-06-19 06:15:00,3552,20.0,20.242188,19.539062,19.429688,18.929688,18.328125,17.210938,16.226562,15.5078125,21.132812,24.039062,24.765625,24.59375,24.265625,24.046875,23.851562,23.835938
3094,2021-06-19 06:30:00,3558,19.703125,19.992188,19.210938,18.921875,18.351562,17.695312,16.625,15.7890625,15.2578125,21.0,23.960938,24.734375,24.601562,24.289062,24.070312,23.867188,23.851562
3095,2021-06-19 06:45:00,3552,19.726562,20.320312,19.710938,19.5,18.984375,18.421875,17.554688,16.757812,16.054688,21.023438,23.882812,24.695312,24.609375,24.3125,24.09375,23.890625,23.875
3096,2021-06-19 07:00:00,3558,19.429688,19.65625,18.898438,18.601562,18.015625,17.304688,16.570312,16.132812,16.085938,21.171875,23.804688,24.671875,24.617188,24.328125,24.117188,23.914062,23.898438
3097,2021-06-19 07:15:00,3552,19.085938,19.304688,18.484375,18.109375,17.484375,16.828125,16.171875,15.859375,15.875,21.140625,23.734375,24.632812,24.625,24.351562,24.140625,23.945312,23.921875
3098,2021-06-19 07:30:00,3546,18.890625,19.15625,18.460938,18.226562,17.710938,17.03125,16.210938,15.765625,15.75,21.109375,23.664062,24.609375,24.632812,24.382812,24.164062,23.960938,23.9375
3099,2021-06-19 07:45:00,3552,18.664062,18.953125,18.265625,18.078125,17.632812,16.945312,16.09375,15.546875,15.4609375,21.03125,23.609375,24.578125,24.632812,24.398438,24.1875,23.976562,23.953125
3100,2021-06-19 08:00:00,3552,18.515625,19.234375,18.53125,18.335938,17.796875,17.09375,16.203125,15.5234375,15.2890625,20.9375,23.554688,24.539062,24.625,24.421875,24.21875,24.0,23.984375
3101,2021-06-19 08:15:00,3552,18.320312,18.476562,17.78125,17.578125,17.015625,16.390625,15.6171875,15.2109375,15.2578125,20.953125,23.492188,24.5,24.632812,24.4375,24.234375,24.023438,24.0
3102,2021-06-19 08:30:00,3552,18.15625,18.273438,17.617188,17.4375,16.90625,16.273438,15.5390625,15.1484375,15.1875,20.835938,23.4375,24.46875,24.632812,24.460938,24.257812,24.046875,24.023438
3103,2021-06-19 08:45:00,3552,18.257812,19.007812,18.421875,18.257812,17.765625,17.242188,16.484375,15.7890625,15.3515625,20.71875,23.382812,24.4375,24.632812,24.476562,24.28125,24.0625,24.03125
3104,2021-06-19 09:00:00,3546,18.804688,19.585938,19.148438,19.046875,18.679688,18.359375,17.804688,17.265625,16.5625,20.6875,23.328125,24.414062,24.632812,24.492188,24.304688,24.085938,24.0625
3105,2021-06-19 09:15:00,3552,18.65625,19.0,18.429688,18.3125,17.867188,17.484375,16.851562,16.429688,16.109375,20.75,23.273438,24.382812,24.640625,24.507812,24.328125,24.117188,24.078125
3106,2021-06-19 09:30:00,3552,18.484375,19.023438,18.4375,18.242188,17.8125,17.273438,16.445312,15.90625,15.65625,20.734375,23.21875,24.351562,24.632812,24.523438,24.34375,24.132812,24.09375
3107,2021-06-19 09:45:00,3552,18.085938,18.367188,17.757812,17.585938,17.109375,16.570312,15.78125,15.375,15.4609375,20.773438,23.179688,24.320312,24.632812,24.539062,24.367188,24.15625,24.117188
3108,2021-06-19 10:00:00,3552,17.664062,17.515625,17.0,16.796875,16.398438,15.984375,15.2734375,14.9765625,15.2109375,20.710938,23.132812,24.28125,24.625,24.5625,24.390625,24.179688,24.140625
3109,2021-06-19 10:15:00,3552,17.171875,17.101562,16.476562,16.28125,15.8515625,15.46875,14.84375,14.5546875,14.765625,20.554688,23.09375,24.257812,24.617188,24.570312,24.40625,24.195312,24.15625
3110,2021-06-19 10:30:00,3552,16.671875,17.015625,16.351562,16.164062,15.7109375,15.2265625,14.4765625,14.109375,14.1171875,20.289062,23.046875,24.234375,24.617188,24.578125,24.429688,24.21875,24.179688
3111,2021-06-19 10:45:00,3546,16.515625,17.132812,16.585938,16.414062,15.984375,15.40625,14.6171875,14.2265625,14.1484375,20.203125,23.0,24.195312,24.609375,24.59375,24.453125,24.234375,24.195312
3112,2021-06-19 11:00:00,3552,16.46875,17.1875,16.632812,16.476562,16.007812,15.4453125,14.609375,14.1484375,14.1328125,20.054688,22.953125,24.179688,24.609375,24.601562,24.460938,24.257812,24.203125
3113,2021-06-19 11:15:00,3546,16.171875,15.46875,15.2109375,15.1171875,14.8203125,14.609375,14.09375,13.96875,14.296875,20.132812,22.898438,24.148438,24.601562,24.617188,24.484375,24.273438,24.226562
3114,2021-06-19 11:30:00,3546,13.8671875,12.796875,12.3984375,12.3515625,12.1796875,12.140625,12.015625,12.2890625,13.015625,20.0625,22.84375,24.117188,24.59375,24.625,24.5,24.296875,24.242188
3115,2021-06-19 11:45:00,3546,12.4140625,11.8828125,11.4609375,11.421875,11.2265625,11.2421875,11.21875,11.53125,12.2265625,19.828125,22.796875,24.085938,24.585938,24.640625,24.523438,24.3125,24.257812
3116,2021-06-19 12:00:00,3552,12.1640625,11.9609375,11.6796875,11.65625,11.4765625,11.4765625,11.3359375,11.5703125,12.109375,19.671875,22.742188,24.054688,24.578125,24.648438,24.539062,24.328125,24.273438
3117,2021-06-19 12:15:00,3546,11.53125,11.3828125,11.046875,11.0234375,10.859375,10.875,10.8671875,11.21875,11.8125,19.546875,22.679688,24.03125,24.570312,24.65625,24.554688,24.34375,24.289062
3118,2021-06-19 12:30:00,3546,11.1171875,11.171875,10.8359375,10.796875,10.65625,10.6875,10.703125,10.9765625,11.4296875,19.367188,22.625,24.0,24.570312,24.664062,24.570312,24.367188,24.3125
3119,2021-06-19 12:45:00,3546,10.890625,10.828125,10.5703125,10.5625,10.484375,10.546875,10.6015625,10.90625,11.5078125,19.257812,22.5625,23.96875,24.554688,24.671875,24.585938,24.382812,24.320312
3120,2021-06-19 13:00:00,3546,10.5625,10.59375,10.3046875,10.3046875,10.203125,10.2578125,10.3125,10.5390625,11.09375,19.132812,22.492188,23.945312,24.554688,24.679688,24.59375,24.398438,24.335938
3121,2021-06-19 13:15:00,3546,10.484375,10.5546875,10.3125,10.3203125,10.2734375,10.375,10.4453125,10.7890625,11.4609375,19.0625,22.429688,23.90625,24.53125,24.679688,24.617188,24.414062,24.351562
3122,2021-06-19 13:30:00,3546,10.53125,10.6796875,10.4140625,10.4453125,10.3515625,10.4375,10.46875,10.71875,11.2421875,18.9375,22.359375,23.875,24.53125,24.6875,24.625,24.445312,24.367188
3123,2021-06-19 13:45:00,3552,10.6015625,10.796875,10.5390625,10.578125,10.5078125,10.6328125,10.703125,10.984375,11.5390625,18.929688,22.289062,23.84375,24.523438,24.695312,24.640625,24.453125,24.375
3124,2021-06-19 14:00:00,3546,10.7890625,11.015625,10.7734375,10.796875,10.71875,10.8046875,10.7890625,10.9765625,11.375,18.835938,22.21875,23.8125,24.507812,24.695312,24.648438,24.46875,24.398438
3125,2021-06-19 14:15:00,3540,12.640625,13.8125,13.4375,13.671875,13.4609375,13.578125,13.7890625,13.1953125,13.359375,18.984375,22.164062,23.773438,24.5,24.710938,24.664062,24.484375,24.398438
3126,2021-06-19 14:30:00,3540,14.5390625,15.0234375,14.71875,14.9921875,14.953125,14.9765625,14.8984375,14.1953125,14.1640625,19.296875,22.101562,23.742188,24.492188,24.710938,24.679688,24.5,24.421875
3127,2021-06-19 14:45:00,3540,15.90625,15.7578125,15.7578125,16.023438,16.375,16.429688,16.867188,15.6875,15.5703125,19.640625,22.039062,23.703125,24.476562,24.71875,24.6875,24.515625,24.4375
3128,2021-06-19 15:00:00,3534,17.3125,16.671875,16.695312,17.007812,17.351562,17.5625,18.085938,17.460938,17.03125,20.046875,22.0,23.671875,24.46875,24.71875,24.695312,24.53125,24.445312
3129,2021-06-19 15:15:00,3546,18.210938,17.40625,17.351562,17.648438,17.851562,18.546875,18.46875,18.546875,17.882812,20.375,21.984375,23.640625,24.453125,24.726562,24.710938,24.539062,24.453125
3130,2021-06-19 15:30:00,3534,18.390625,16.773438,16.84375,17.210938,17.554688,18.476562,18.21875,18.828125,18.5,20.773438,21.976562,23.601562,24.4375,24.71875,24.726562,24.554688,24.460938
3131,2021-06-19 15:45:00,3540,18.976562,17.390625,17.375,17.710938,18.046875,18.851562,18.664062,19.25,19.054688,21.109375,21.984375,23.578125,24.421875,24.726562,24.726562,24.570312,24.476562
3132,2021-06-19 16:00:00,3540,19.492188,17.421875,17.46875,17.8125,18.242188,18.921875,18.9375,19.367188,19.460938,21.445312,22.007812,23.546875,24.414062,24.726562,24.742188,24.585938,24.484375
3133,2021-06-19 16:15:00,3540,20.023438,18.367188,18.320312,18.75,19.132812,19.84375,20.117188,20.71875,20.742188,21.828125,22.046875,23.523438,24.398438,24.734375,24.75,24.59375,24.5
3134,2021-06-19 16:30:00,3540,20.398438,18.179688,18.367188,18.5625,19.328125,20.257812,20.664062,21.1875,21.445312,22.25,22.101562,23.5,24.382812,24.726562,24.757812,24.609375,24.5
3135,2021-06-19 16:45:00,3546,21.09375,18.921875,19.085938,19.367188,19.90625,20.953125,21.40625,21.84375,22.617188,22.804688,22.15625,23.476562,24.382812,24.734375,24.765625,24.617188,24.515625
3136,2021-06-19 17:00:00,3534,22.054688,19.921875,20.164062,20.421875,20.75,21.59375,22.132812,22.367188,23.25,23.375,22.21875,23.460938,24.359375,24.734375,24.773438,24.632812,24.523438
3137,2021-06-19 17:15:00,3534,22.664062,20.3125,20.546875,20.835938,21.101562,21.945312,22.554688,23.25,24.0,23.835938,22.289062,23.445312,24.351562,24.734375,24.78125,24.632812,24.539062
3138,2021-06-19 17:30:00,3540,23.429688,21.09375,21.171875,21.421875,21.664062,22.453125,23.1875,24.046875,24.953125,24.515625,22.382812,23.445312,24.335938,24.726562,24.789062,24.648438,24.539062
3139,2021-06-19 17:45:00,3540,24.351562,22.203125,22.179688,22.484375,22.75,23.421875,24.023438,24.921875,25.84375,25.078125,22.492188,23.445312,24.328125,24.726562,24.804688,24.65625,24.546875
3140,2021-06-19 18:00:00,3534,25.578125,23.460938,23.15625,23.710938,24.0625,24.640625,25.195312,26.210938,27.359375,25.71875,22.609375,23.429688,24.3125,24.726562,24.8125,24.671875,24.5625
3141,2021-06-19 18:15:00,3534,25.6875,22.734375,22.382812,22.875,23.429688,23.882812,24.4375,25.648438,27.085938,26.257812,22.734375,23.445312,24.304688,24.71875,24.8125,24.671875,24.5625
3142,2021-06-19 18:30:00,3540,26.148438,23.664062,23.304688,23.710938,24.25,24.648438,25.210938,26.40625,27.820312,26.820312,22.882812,23.460938,24.296875,24.71875,24.820312,24.679688,24.570312
3143,2021-06-19 18:45:00,3546,26.765625,24.25,24.078125,24.453125,24.78125,25.15625,25.664062,26.789062,28.117188,27.476562,23.03125,23.476562,24.289062,24.71875,24.820312,24.695312,24.578125
3144,2021-06-19 19:00:00,3540,27.171875,24.742188,24.5,24.78125,25.085938,25.554688,26.109375,27.242188,28.703125,27.992188,23.195312,23.492188,24.273438,24.71875,24.820312,24.703125,24.578125
3145,2021-06-19 19:15:00,3540,27.140625,24.460938,24.34375,24.601562,24.898438,25.304688,25.734375,26.703125,28.25,28.40625,23.375,23.523438,24.28125,24.71875,24.828125,24.703125,24.59375
3146,2021-06-19 19:30:00,3540,26.890625,24.34375,24.265625,24.601562,24.929688,25.085938,25.71875,26.882812,28.570312,28.976562,23.554688,23.554688,24.265625,24.710938,24.835938,24.71875,24.59375
3147,2021-06-19 19:45:00,3540,26.695312,23.9375,23.78125,24.023438,24.351562,24.507812,24.859375,26.375,28.523438,29.367188,23.742188,23.59375,24.265625,24.703125,24.84375,24.726562,24.59375
3148,2021-06-19 20:00:00,3540,27.257812,24.375,24.210938,24.46875,24.75,24.765625,25.078125,27.125,29.0,29.632812,23.9375,23.632812,24.265625,24.703125,24.84375,24.734375,24.609375
3149,2021-06-19 20:15:00,3546,26.59375,23.070312,22.960938,23.351562,23.703125,23.757812,24.382812,26.523438,27.898438,29.648438,24.125,23.6875,24.265625,24.703125,24.851562,24.734375,24.609375
3150,2021-06-19 20:30:00,3546,26.84375,24.734375,24.601562,24.921875,25.179688,25.242188,25.726562,27.75,28.882812,29.71875,24.320312,23.742188,24.273438,24.703125,24.84375,24.734375,24.609375
3151,2021-06-19 20:45:00,3534,26.03125,23.25,23.132812,23.460938,23.71875,23.375,24.390625,26.101562,27.453125,29.453125,24.507812,23.796875,24.28125,24.703125,24.851562,24.75,24.609375
3152,2021-06-19 21:00:00,3540,25.492188,22.804688,22.773438,23.179688,23.023438,23.179688,23.945312,25.914062,27.195312,29.476562,24.695312,23.867188,24.289062,24.695312,24.859375,24.75,24.617188
3153,2021-06-19 21:15:00,3540,25.773438,24.015625,24.023438,24.351562,24.210938,24.679688,24.945312,26.710938,27.601562,29.523438,24.875,23.929688,24.296875,24.695312,24.859375,24.757812,24.617188
3154,2021-06-19 21:30:00,3546,25.578125,23.648438,23.75,24.101562,23.953125,24.609375,24.710938,26.289062,27.554688,29.4375,25.03125,24.007812,24.3125,24.703125,24.859375,24.757812,24.625
3155,2021-06-19 21:45:00,3540,25.398438,23.320312,23.398438,23.632812,23.304688,24.234375,24.359375,25.460938,27.234375,29.40625,25.179688,24.078125,24.320312,24.695312,24.859375,24.765625,24.617188
3156,2021-06-19 22:00:00,3540,25.0625,23.296875,23.359375,23.046875,22.796875,24.117188,24.414062,25.375,27.335938,29.210938,25.3125,24.15625,24.335938,24.710938,24.859375,24.765625,24.625
3157,2021-06-19 22:15:00,3546,24.9375,23.242188,23.046875,23.03125,21.9375,23.507812,24.078125,24.140625,26.546875,28.703125,25.4375,24.226562,24.359375,24.703125,24.867188,24.773438,24.632812
3158,2021-06-19 22:30:00,3546,24.898438,23.359375,23.34375,23.429688,22.34375,23.828125,24.117188,24.476562,26.382812,28.460938,25.539062,24.304688,24.375,24.703125,24.867188,24.789062,24.640625
3159,2021-06-19 22:45:00,3546,24.734375,22.65625,22.726562,22.976562,21.851562,23.242188,23.5625,24.234375,25.820312,28.140625,25.625,24.382812,24.40625,24.710938,24.867188,24.773438,24.640625
3160,2021-06-19 23:00:00,3540,24.539062,23.09375,22.8125,23.117188,21.757812,22.984375,22.960938,23.671875,24.648438,27.78125,25.6875,24.460938,24.429688,24.71875,24.867188,24.789062,24.640625
3161,2021-06-19 23:15:00,3540,25.085938,23.359375,22.773438,23.257812,22.070312,23.257812,23.296875,23.710938,24.40625,27.53125,25.734375,24.53125,24.460938,24.71875,24.875,24.789062,24.648438
3162,2021-06-19 23:30:00,3546,24.953125,23.320312,22.539062,22.867188,21.890625,22.90625,22.507812,22.867188,23.210938,27.125,25.773438,24.601562,24.476562,24.726562,24.875,24.796875,24.648438
3163,2021-06-19 23:45:00,3540,24.171875,21.273438,20.539062,20.40625,19.898438,20.039062,19.835938,20.5,21.5,26.570312,25.789062,24.65625,24.507812,24.734375,24.875,24.796875,24.648438
3164,2021-06-20 00:00:00,3540,20.601562,18.242188,17.8125,17.71875,17.5,17.445312,17.3125,17.648438,18.546875,25.625,25.789062,24.726562,24.539062,24.742188,24.875,24.804688,24.65625
3165,2021-06-20 00:15:00,3540,19.476562,18.25,17.96875,17.710938,17.375,17.421875,17.148438,17.40625,18.101562,25.125,25.765625,24.773438,24.570312,24.75,24.890625,24.804688,24.648438
3166,2021-06-20 00:30:00,3540,18.609375,17.648438,17.46875,17.148438,16.765625,16.71875,16.59375,16.648438,17.148438,24.609375,25.726562,24.835938,24.601562,24.757812,24.882812,24.8125,24.65625
3167,2021-06-20 00:45:00,3540,17.226562,16.140625,15.78125,15.734375,15.5390625,15.4609375,15.34375,15.59375,16.304688,24.195312,25.664062,24.882812,24.632812,24.765625,24.890625,24.8125,24.664062
3168,2021-06-20 01:00:00,3540,15.8828125,14.734375,14.4453125,14.4453125,14.3125,14.3515625,14.3359375,14.6875,15.5078125,23.765625,25.570312,24.929688,24.664062,24.773438,24.898438,24.8125,24.664062
3169,2021-06-20 01:15:00,3540,14.7890625,13.9140625,13.5703125,13.5703125,13.453125,13.5546875,13.7109375,14.2265625,15.2265625,23.523438,25.484375,24.960938,24.695312,24.789062,24.90625,24.820312,24.671875
3170,2021-06-20 01:30:00,3540,14.359375,14.1484375,13.8046875,13.765625,13.578125,13.5390625,13.4921875,13.8046875,14.5234375,23.09375,25.375,24.984375,24.726562,24.804688,24.914062,24.828125,24.671875
3171,2021-06-20 01:45:00,3540,13.9921875,13.796875,13.4453125,13.4375,13.2578125,13.234375,13.21875,13.53125,14.265625,22.789062,25.28125,25.0,24.757812,24.820312,24.914062,24.828125,24.671875
3172,2021-06-20 02:00:00,3540,13.625,13.4296875,13.078125,13.0703125,12.90625,12.9140625,12.921875,13.265625,14.0,22.53125,25.171875,25.023438,24.789062,24.828125,24.921875,24.828125,24.679688
3173,2021-06-20 02:15:00,3540,13.3984375,13.4453125,13.0703125,13.0703125,12.890625,12.84375,12.78125,13.140625,14.0703125,22.375,25.0625,25.023438,24.8125,24.84375,24.929688,24.835938,24.679688
3174,2021-06-20 02:30:00,3540,13.203125,13.1953125,12.8125,12.7890625,12.609375,12.5703125,12.5625,12.953125,13.9375,22.179688,24.945312,25.03125,24.835938,24.859375,24.9375,24.835938,24.6875
3175,2021-06-20 02:45:00,3540,12.9453125,12.8203125,12.484375,12.4921875,12.3515625,12.4140625,12.5078125,12.953125,14.078125,22.015625,24.835938,25.03125,24.867188,24.875,24.9375,24.84375,24.6875
3176,2021-06-20 03:00:00,3528,12.609375,12.4453125,12.140625,12.125,11.9765625,11.984375,11.96875,12.359375,13.1953125,21.71875,24.71875,25.015625,24.882812,24.898438,24.9375,24.851562,24.695312
3177,2021-06-20 03:15:00,3540,12.0859375,11.921875,11.53125,11.5546875,11.4140625,11.453125,11.4921875,11.890625,12.703125,21.40625,24.601562,25.007812,24.90625,24.90625,24.953125,24.851562,24.695312
3178,2021-06-20 03:30:00,3534,11.6484375,11.5078125,11.1875,11.1875,11.046875,11.0703125,11.1328125,11.515625,12.2890625,21.171875,24.492188,24.992188,24.929688,24.921875,24.960938,24.859375,24.695312
3179,2021-06-20 03:45:00,3540,11.2109375,11.09375,10.765625,10.7890625,10.671875,10.734375,10.8125,11.1875,12.0546875,21.0,24.382812,24.96875,24.9375,24.9375,24.96875,24.859375,24.703125
3180,2021-06-20 04:00:00,3534,10.8828125,10.8046875,10.5390625,10.5625,10.4765625,10.5546875,10.640625,10.9765625,11.625,20.671875,24.273438,24.953125,24.960938,24.945312,24.976562,24.867188,24.710938
3181,2021-06-20 04:15:00,3534,10.625,10.609375,10.390625,10.421875,10.34375,10.4296875,10.5234375,10.90625,11.59375,20.539062,24.164062,24.929688,24.96875,24.960938,24.992188,24.875,24.71875
3182,2021-06-20 04:30:00,3540,10.4140625,10.4609375,10.203125,10.25,10.15625,10.21875,10.2578125,10.578125,11.5234375,20.453125,24.046875,24.898438,24.976562,24.976562,24.992188,24.875,24.71875
3183,2021-06-20 04:45:00,3528,10.265625,10.3359375,10.1328125,10.1875,10.125,10.28125,10.4453125,11.1953125,12.328125,20.34375,23.9375,24.867188,24.984375,24.992188,25.007812,24.875,24.71875
3184,2021-06-20 05:00:00,3534,10.140625,10.265625,10.15625,10.1484375,10.109375,10.1953125,10.1796875,10.4453125,11.3828125,20.140625,23.820312,24.835938,24.992188,25.007812,25.007812,24.890625,24.726562
3185,2021-06-20 05:15:00,3534,9.96875,10.015625,9.8203125,9.8828125,9.859375,10.09375,10.3046875,10.5390625,10.9609375,19.726562,23.71875,24.804688,25.0,25.015625,25.015625,24.898438,24.726562
3186,2021-06-20 05:30:00,3534,9.984375,10.125,9.90625,9.9296875,9.8515625,9.9296875,10.0234375,10.4140625,11.203125,19.703125,23.609375,24.765625,25.007812,25.023438,25.03125,24.898438,24.734375
3187,2021-06-20 05:45:00,3534,9.796875,9.8125,9.5390625,9.609375,9.59375,9.859375,10.015625,10.2265625,11.046875,19.640625,23.5,24.726562,25.007812,25.039062,25.039062,24.90625,24.742188
3188,2021-06-20 06:00:00,3534,9.6953125,9.8203125,9.6484375,9.6875,9.671875,9.8671875,10.03125,10.390625,11.1796875,19.484375,23.382812,24.6875,25.007812,25.054688,25.054688,24.914062,24.742188
3189,2021-06-20 06:15:00,3528,9.7265625,9.8984375,9.7578125,9.765625,9.7109375,9.7890625,9.8125,10.09375,10.7734375,19.390625,23.28125,24.640625,25.0,25.0625,25.054688,24.921875,24.742188
3190,2021-06-20 06:30:00,3522,9.65625,9.75,9.578125,9.6484375,9.5859375,9.765625,9.8515625,10.25,11.265625,19.320312,23.1875,24.601562,25.007812,25.070312,25.070312,24.929688,24.75
3191,2021-06-20 06:45:00,3534,9.6875,9.875,9.6953125,9.765625,9.6875,9.859375,9.90625,10.09375,10.6953125,18.820312,23.085938,24.554688,25.0,25.078125,25.078125,24.929688,24.757812
3192,2021-06-20 07:00:00,3522,10.015625,10.5078125,10.4921875,10.59375,10.5859375,10.546875,10.5234375,10.5625,10.75,18.726562,22.992188,24.515625,24.992188,25.09375,25.085938,24.9375,24.757812
3193,2021-06-20 07:15:00,3528,10.5234375,10.8203125,10.7890625,10.8125,10.8046875,10.90625,11.0,11.265625,11.8046875,19.015625,22.890625,24.46875,24.984375,25.101562,25.09375,24.945312,24.765625
3194,2021-06-20 07:30:00,3534,10.9140625,11.078125,11.0234375,11.0703125,11.078125,11.234375,11.4140625,11.734375,12.21875,19.140625,22.796875,24.421875,24.976562,25.109375,25.101562,24.945312,24.765625
3195,2021-06-20 07:45:00,3528,10.828125,10.59375,10.3984375,10.4375,10.375,10.5,10.65625,10.984375,11.6015625,19.164062,22.710938,24.375,24.96875,25.117188,25.117188,24.960938,24.765625
3196,2021-06-20 08:00:00,3528,10.40625,10.296875,10.1484375,10.2265625,10.2578125,10.34375,10.3984375,10.6640625,11.4609375,18.992188,22.632812,24.328125,24.960938,25.117188,25.117188,24.960938,24.773438
3197,2021-06-20 08:15:00,3522,9.921875,9.8125,9.609375,9.65625,9.5859375,9.7109375,9.90625,10.515625,11.7890625,18.859375,22.5625,24.273438,24.945312,25.125,25.125,24.96875,24.78125
3198,2021-06-20 08:30:00,3528,10.0859375,10.3671875,10.3515625,10.4765625,10.515625,10.5390625,10.53125,10.609375,10.953125,18.5625,22.492188,24.226562,24.929688,25.132812,25.132812,24.976562,24.78125
3199,2021-06-20 08:45:00,3528,10.0234375,9.96875,9.90625,9.96875,9.9765625,10.0546875,10.0859375,10.1953125,10.6171875,18.382812,22.421875,24.1875,24.914062,25.132812,25.148438,24.976562,24.789062
3200,2021-06-20 09:00:00,3522,9.7265625,9.484375,9.2578125,9.4140625,9.46875,9.765625,9.8125,9.8984375,10.1640625,18.132812,22.34375,24.140625,24.898438,25.132812,25.15625,24.984375,24.78125
3201,2021-06-20 09:15:00,3528,9.40625,9.40625,9.328125,9.375,9.3515625,9.4921875,9.59375,9.75,10.1484375,18.03125,22.273438,24.085938,24.890625,25.140625,25.148438,24.992188,24.789062
3202,2021-06-20 09:30:00,3528,9.359375,9.578125,9.53125,9.609375,9.625,9.78125,9.9375,9.890625,9.921875,17.773438,22.203125,24.046875,24.867188,25.140625,25.15625,25.0,24.789062
3203,2021-06-20 09:45:00,3522,10.0390625,10.5625,10.578125,10.640625,10.6328125,10.6875,10.7265625,10.78125,10.9453125,17.796875,22.117188,24.0,24.851562,25.140625,25.164062,25.0,24.796875
3204,2021-06-20 10:00:00,3528,10.625,10.7265625,10.7890625,10.875,10.9765625,11.125,11.28125,11.453125,11.6796875,17.984375,22.039062,23.953125,24.835938,25.132812,25.171875,25.007812,24.796875
3205,2021-06-20 10:15:00,3528,10.890625,11.015625,11.046875,11.109375,11.15625,11.390625,11.640625,11.9140625,12.1328125,18.070312,21.96875,23.90625,24.8125,25.132812,25.179688,25.007812,24.796875
3206,2021-06-20 10:30:00,3528,11.0859375,11.1171875,11.140625,11.171875,11.2109375,11.3984375,11.6484375,11.9765625,12.359375,18.351562,21.90625,23.859375,24.796875,25.132812,25.171875,25.015625,24.804688
3207,2021-06-20 10:45:00,3522,11.1875,11.1171875,11.1328125,11.15625,11.171875,11.3046875,11.484375,11.828125,12.421875,18.546875,21.851562,23.820312,24.773438,25.125,25.1875,25.015625,24.804688
3208,2021-06-20 11:00:00,3522,11.1484375,11.0546875,11.0625,11.1171875,11.125,11.2265625,11.34375,11.5546875,11.9609375,18.492188,21.804688,23.773438,24.75,25.125,25.1875,25.023438,24.804688
3209,2021-06-20 11:15:00,3522,11.1328125,11.015625,11.046875,11.109375,11.1796875,11.3828125,11.609375,11.984375,12.5,18.585938,21.757812,23.71875,24.726562,25.125,25.1875,25.015625,24.804688
3210,2021-06-20 11:30:00,3522,11.1484375,11.09375,11.109375,11.1328125,11.1484375,11.2734375,11.40625,11.640625,12.0859375,18.515625,21.71875,23.679688,24.703125,25.117188,25.1875,25.023438,24.804688
3211,2021-06-20 11:45:00,3510,11.2421875,11.2578125,11.2890625,11.375,11.4453125,11.609375,11.796875,12.1875,12.828125,18.554688,21.6875,23.640625,24.6875,25.109375,25.1875,25.023438,24.804688
3212,2021-06-20 12:00:00,3516,11.2421875,11.1796875,11.234375,11.3359375,11.4453125,11.625,11.875,12.2734375,13.015625,18.6875,21.65625,23.59375,24.664062,25.101562,25.1875,25.03125,24.796875
3213,2021-06-20 12:15:00,3510,11.21875,11.1171875,11.1328125,11.1484375,11.125,11.2265625,11.3984375,11.734375,12.4921875,18.609375,21.609375,23.5625,24.640625,25.101562,25.1875,25.03125,24.796875
3214,2021-06-20 12:30:00,3522,11.21875,11.140625,11.1640625,11.25,11.328125,11.5390625,11.71875,12.125,12.8046875,18.632812,21.578125,23.515625,24.625,25.085938,25.1875,25.03125,24.796875
3215,2021-06-20 12:45:00,3522,11.25,11.15625,11.1875,11.2265625,11.2578125,11.4296875,11.6328125,11.9765625,12.5859375,18.640625,21.546875,23.484375,24.59375,25.078125,25.1875,25.03125,24.796875
3216,2021-06-20 13:00:00,3516,11.25,11.1484375,11.15625,11.1875,11.2109375,11.34375,11.5078125,11.796875,12.3046875,18.59375,21.515625,23.445312,24.570312,25.078125,25.1875,25.03125,24.796875
3217,2021-06-20 13:15:00,3522,11.203125,11.109375,11.1015625,11.140625,11.1484375,11.2578125,11.421875,11.6484375,12.140625,18.46875,21.484375,23.40625,24.546875,25.0625,25.1875,25.03125,24.796875
3218,2021-06-20 13:30:00,3510,11.1953125,11.1328125,11.140625,11.1796875,11.1953125,11.34375,11.5625,11.8828125,12.3828125,18.476562,21.453125,23.359375,24.53125,25.054688,25.179688,25.03125,24.796875
3219,2021-06-20 13:45:00,3510,11.34375,11.2734375,11.28125,11.328125,11.3515625,11.53125,11.7890625,12.140625,12.6875,18.53125,21.414062,23.335938,24.5,25.046875,25.1875,25.03125,24.789062
3220,2021-06-20 14:00:00,3510,11.6640625,11.6484375,11.6640625,11.71875,11.7890625,11.9921875,12.2578125,12.6875,13.390625,18.671875,21.382812,23.296875,24.476562,25.03125,25.179688,25.03125,24.78125
3221,2021-06-20 14:15:00,3510,11.8984375,11.8046875,11.78125,11.8515625,11.875,12.03125,12.2265625,12.5703125,13.0625,18.65625,21.359375,23.265625,24.453125,25.03125,25.179688,25.03125,24.78125
3222,2021-06-20 14:30:00,3510,12.0234375,11.9375,11.9609375,12.0390625,12.1328125,12.359375,12.609375,12.9921875,13.53125,18.703125,21.328125,23.226562,24.429688,25.015625,25.171875,25.03125,24.773438
3223,2021-06-20 14:45:00,3510,12.265625,12.109375,12.09375,12.140625,12.1953125,12.3828125,12.625,12.96875,13.609375,18.914062,21.304688,23.195312,24.40625,25.0,25.164062,25.03125,24.773438
3224,2021-06-20 15:00:00,3510,12.515625,12.2734375,12.2421875,12.3203125,12.375,12.546875,12.828125,13.1953125,13.859375,19.03125,21.289062,23.164062,24.382812,24.992188,25.164062,25.023438,24.765625
3225,2021-06-20 15:15:00,3504,12.9375,12.703125,12.625,12.6875,12.7421875,12.953125,13.2734375,13.7109375,14.4375,19.148438,21.273438,23.140625,24.359375,24.976562,25.15625,25.023438,24.757812
3226,2021-06-20 15:30:00,3516,13.578125,13.0859375,13.0390625,13.1953125,13.328125,13.671875,14.1328125,14.484375,15.4140625,19.421875,21.265625,23.101562,24.335938,24.96875,25.15625,25.015625,24.757812
3227,2021-06-20 15:45:00,3510,14.8984375,14.3671875,14.03125,14.2109375,14.265625,14.6796875,15.3125,15.65625,16.546875,19.867188,21.265625,23.070312,24.3125,24.953125,25.140625,25.015625,24.742188
3228,2021-06-20 16:00:00,3510,16.664062,16.117188,15.9140625,16.148438,16.539062,16.953125,17.523438,17.710938,18.335938,20.421875,21.265625,23.046875,24.296875,24.9375,25.140625,25.007812,24.742188
3229,2021-06-20 16:15:00,3516,18.109375,16.46875,16.625,16.992188,17.34375,17.804688,18.117188,18.375,19.007812,21.046875,21.289062,23.023438,24.273438,24.929688,25.125,25.007812,24.734375
3230,2021-06-20 16:30:00,3510,18.367188,16.148438,16.453125,16.9375,17.429688,18.25,18.59375,19.265625,19.734375,21.367188,21.328125,23.0,24.242188,24.914062,25.125,25.007812,24.726562
3231,2021-06-20 16:45:00,3504,19.507812,17.617188,18.09375,18.609375,19.164062,20.140625,20.476562,21.085938,22.007812,21.984375,21.382812,22.984375,24.226562,24.898438,25.109375,25.0,24.71875
3232,2021-06-20 17:00:00,3510,19.976562,17.179688,17.726562,18.21875,18.75,19.695312,20.25,20.976562,22.304688,22.570312,21.445312,22.96875,24.210938,24.890625,25.109375,24.992188,24.71875
3233,2021-06-20 17:15:00,3510,20.382812,17.828125,18.351562,18.757812,19.195312,20.0625,20.71875,21.351562,22.726562,23.023438,21.53125,22.953125,24.1875,24.867188,25.101562,24.984375,24.710938
3234,2021-06-20 17:30:00,3516,21.039062,17.578125,17.828125,18.53125,18.867188,19.757812,20.9375,21.734375,23.265625,23.726562,21.625,22.945312,24.171875,24.859375,25.085938,24.984375,24.703125
3235,2021-06-20 17:45:00,3510,22.148438,19.492188,19.921875,20.460938,20.804688,21.71875,22.460938,23.601562,24.804688,24.34375,21.726562,22.9375,24.140625,24.84375,25.085938,24.976562,24.6875
3236,2021-06-20 18:00:00,3510,22.515625,19.359375,19.507812,20.171875,20.367188,21.234375,22.070312,23.234375,24.804688,24.898438,21.851562,22.9375,24.125,24.828125,25.070312,24.96875,24.679688
3237,2021-06-20 18:15:00,3516,23.429688,20.429688,20.757812,21.328125,21.609375,22.421875,23.140625,24.34375,26.0,25.578125,21.976562,22.9375,24.109375,24.8125,25.0625,24.960938,24.679688
3238,2021-06-20 18:30:00,3516,23.695312,20.84375,21.171875,21.507812,21.765625,22.515625,23.117188,24.476562,26.125,26.007812,22.132812,22.953125,24.085938,24.796875,25.054688,24.953125,24.664062
3239,2021-06-20 18:45:00,3510,23.570312,20.421875,20.742188,21.234375,21.679688,22.453125,23.171875,24.4375,26.117188,26.5,22.28125,22.96875,24.078125,24.789062,25.046875,24.945312,24.65625
3240,2021-06-20 17:30:00,3516,21.039062,17.578125,17.828125,18.53125,18.867188,19.757812,20.9375,21.734375,23.265625,23.726562,21.625,22.945312,24.171875,24.859375,25.085938,24.984375,24.703125
3241,2021-06-20 17:45:00,3510,22.148438,19.492188,19.921875,20.460938,20.804688,21.71875,22.460938,23.601562,24.804688,24.34375,21.726562,22.9375,24.140625,24.84375,25.085938,24.976562,24.6875
3242,2021-06-20 18:00:00,3510,22.515625,19.359375,19.507812,20.171875,20.367188,21.234375,22.070312,23.234375,24.804688,24.898438,21.851562,22.9375,24.125,24.828125,25.070312,24.96875,24.679688
3243,2021-06-20 18:15:00,3516,23.429688,20.429688,20.757812,21.328125,21.609375,22.421875,23.140625,24.34375,26.0,25.578125,21.976562,22.9375,24.109375,24.8125,25.0625,24.960938,24.679688
3244,2021-06-20 18:30:00,3516,23.695312,20.84375,21.171875,21.507812,21.765625,22.515625,23.117188,24.476562,26.125,26.007812,22.132812,22.953125,24.085938,24.796875,25.054688,24.953125,24.664062
3245,2021-06-20 18:45:00,3510,23.570312,20.421875,20.742188,21.234375,21.679688,22.453125,23.171875,24.4375,26.117188,26.5,22.28125,22.96875,24.078125,24.789062,25.046875,24.945312,24.65625
3246,2021-06-20 19:00:00,3522,24.03125,21.164062,21.445312,21.835938,22.226562,22.632812,23.460938,24.773438,26.585938,27.023438,22.445312,22.984375,24.054688,24.765625,25.03125,24.9375,24.648438
3247,2021-06-20 19:15:00,3516,23.820312,19.859375,20.023438,20.453125,20.835938,21.28125,22.515625,23.867188,26.226562,27.523438,22.609375,23.007812,24.046875,24.75,25.023438,24.929688,24.640625
3248,2021-06-20 19:30:00,3516,24.398438,22.289062,22.492188,22.8125,23.140625,23.257812,24.070312,25.476562,27.789062,28.148438,22.789062,23.039062,24.03125,24.742188,25.015625,24.921875,24.632812
3249,2021-06-20 19:45:00,3516,24.8125,22.382812,22.546875,22.890625,23.273438,23.59375,23.921875,25.507812,27.632812,28.625,22.96875,23.078125,24.015625,24.71875,25.0,24.914062,24.625
3250,2021-06-20 20:00:00,3528,25.03125,22.546875,22.789062,23.195312,23.578125,23.882812,24.015625,25.992188,28.085938,28.84375,23.164062,23.109375,24.007812,24.703125,24.984375,24.90625,24.617188
3251,2021-06-20 20:15:00,3528,25.34375,21.921875,22.140625,22.632812,22.960938,23.351562,23.875,26.296875,27.898438,29.132812,23.351562,23.15625,24.0,24.695312,24.976562,24.898438,24.59375
3252,2021-06-20 20:30:00,3522,25.546875,23.023438,23.179688,23.539062,23.835938,23.804688,24.890625,26.976562,28.046875,29.15625,23.539062,23.203125,24.0,24.6875,24.96875,24.890625,24.585938
3253,2021-06-20 20:45:00,3528,24.992188,22.148438,22.367188,22.84375,23.171875,23.078125,24.585938,26.195312,27.539062,29.039062,23.734375,23.257812,24.0,24.671875,24.953125,24.867188,24.578125
3254,2021-06-20 21:00:00,3522,24.664062,22.234375,22.492188,22.953125,23.054688,22.726562,24.585938,25.90625,27.695312,28.960938,23.921875,23.320312,24.007812,24.65625,24.945312,24.867188,24.570312
3255,2021-06-20 21:15:00,3528,24.53125,22.03125,22.289062,22.78125,22.75,23.046875,24.59375,25.429688,27.03125,28.882812,24.101562,23.382812,24.0,24.648438,24.9375,24.851562,24.5625
3256,2021-06-20 21:30:00,3522,24.453125,22.5,22.710938,23.132812,22.40625,23.234375,24.625,25.414062,27.101562,29.0,24.273438,23.453125,24.007812,24.632812,24.914062,24.84375,24.546875
3257,2021-06-20 21:45:00,3528,24.21875,21.90625,22.234375,22.757812,22.15625,23.34375,24.5,25.507812,27.492188,29.0625,24.429688,23.523438,24.015625,24.625,24.90625,24.835938,24.53125
3258,2021-06-20 22:00:00,3528,23.617188,20.867188,21.101562,21.476562,21.007812,22.171875,23.007812,23.828125,26.523438,28.734375,24.578125,23.59375,24.023438,24.617188,24.898438,24.828125,24.523438
3259,2021-06-20 22:15:00,3522,22.203125,19.945312,19.9375,20.023438,19.84375,20.40625,20.882812,21.742188,23.539062,27.773438,24.710938,23.664062,24.03125,24.601562,24.890625,24.8125,24.515625
3260,2021-06-20 22:30:00,3528,19.921875,17.492188,17.46875,17.578125,17.554688,17.828125,18.242188,18.992188,20.382812,26.789062,24.820312,23.742188,24.046875,24.601562,24.882812,24.804688,24.507812
3261,2021-06-20 22:45:00,3534,20.679688,19.3125,19.3125,19.296875,19.140625,19.625,19.890625,20.859375,21.789062,26.429688,24.90625,23.8125,24.0625,24.59375,24.867188,24.789062,24.492188
3262,2021-06-20 23:00:00,3528,19.34375,17.570312,17.5625,17.664062,17.703125,17.914062,18.226562,18.890625,20.007812,25.960938,24.945312,23.882812,24.078125,24.585938,24.851562,24.78125,24.484375
3263,2021-06-20 23:15:00,3522,18.875,17.640625,17.671875,17.757812,17.710938,17.867188,18.09375,18.585938,19.554688,25.585938,24.960938,23.953125,24.09375,24.578125,24.84375,24.773438,24.476562
3264,2021-06-20 23:30:00,3522,18.726562,17.671875,17.695312,17.757812,17.742188,17.929688,18.164062,18.664062,19.601562,25.367188,24.960938,24.015625,24.117188,24.578125,24.828125,24.757812,24.460938
3265,2021-06-20 23:45:00,3528,18.195312,17.15625,17.15625,17.203125,17.148438,17.273438,17.46875,17.890625,18.828125,24.992188,24.9375,24.078125,24.148438,24.5625,24.820312,24.75,24.453125
3266,2021-06-21 00:00:00,3522,17.945312,16.8125,16.898438,17.007812,17.0625,17.234375,17.484375,17.96875,18.90625,24.796875,24.914062,24.132812,24.164062,24.570312,24.8125,24.742188,24.4375
3267,2021-06-21 00:15:00,3522,17.429688,16.320312,16.367188,16.453125,16.453125,16.617188,16.773438,17.257812,18.132812,24.460938,24.867188,24.179688,24.179688,24.5625,24.804688,24.726562,24.4375
3268,2021-06-21 00:30:00,3528,16.75,15.53125,15.640625,15.75,15.8203125,16.0,16.1875,16.671875,17.5,24.085938,24.828125,24.226562,24.210938,24.5625,24.796875,24.726562,24.429688
3269,2021-06-21 00:45:00,3522,16.328125,15.3203125,15.4296875,15.53125,15.59375,15.765625,15.9453125,16.429688,17.210938,23.710938,24.765625,24.257812,24.234375,24.5625,24.78125,24.710938,24.414062
3270,2021-06-21 01:00:00,3528,15.8671875,15.1171875,15.171875,15.265625,15.328125,15.5234375,15.7578125,16.203125,16.9375,23.429688,24.703125,24.289062,24.25,24.5625,24.773438,24.703125,24.40625
3271,2021-06-21 01:15:00,3522,15.4296875,14.5,14.5859375,14.671875,14.71875,14.8515625,15.0390625,15.4453125,16.1875,23.125,24.640625,24.3125,24.273438,24.554688,24.773438,24.695312,24.390625
3272,2021-06-21 01:30:00,3522,15.140625,14.3359375,14.40625,14.4765625,14.515625,14.65625,14.84375,15.3125,16.0625,22.90625,24.570312,24.335938,24.296875,24.5625,24.765625,24.6875,24.390625
3273,2021-06-21 01:45:00,3522,14.65625,14.296875,14.328125,14.34375,14.3203125,14.3984375,14.5703125,15.0,15.671875,22.554688,24.492188,24.351562,24.320312,24.5625,24.757812,24.671875,24.375
3274,2021-06-21 02:00:00,3516,14.234375,13.6171875,13.703125,13.75,13.7578125,13.8671875,14.0078125,14.3984375,15.09375,22.328125,24.40625,24.359375,24.335938,24.5625,24.75,24.664062,24.375
3275,2021-06-21 02:15:00,3522,13.9609375,13.46875,13.53125,13.5703125,13.5859375,13.6953125,13.84375,14.25,14.8671875,22.046875,24.320312,24.359375,24.359375,24.5625,24.742188,24.65625,24.359375
3276,2021-06-21 02:30:00,3522,13.7421875,13.4375,13.46875,13.5,13.484375,13.5546875,13.671875,14.0546875,14.6640625,21.828125,24.234375,24.375,24.375,24.578125,24.734375,24.65625,24.359375
3277,2021-06-21 02:45:00,3510,13.46875,13.0625,13.109375,13.140625,13.140625,13.2421875,13.390625,13.7734375,14.4140625,21.664062,24.148438,24.375,24.390625,24.578125,24.734375,24.640625,24.34375
3278,2021-06-21 03:00:00,3528,13.3046875,13.046875,13.078125,13.0859375,13.0625,13.1328125,13.2421875,13.578125,14.1484375,21.40625,24.054688,24.367188,24.398438,24.585938,24.734375,24.632812,24.335938
3279,2021-06-21 03:15:00,3522,13.046875,12.7421875,12.7578125,12.7890625,12.7734375,12.859375,12.9765625,13.3359375,13.9140625,21.179688,23.960938,24.359375,24.421875,24.585938,24.726562,24.632812,24.335938
3280,2021-06-21 03:30:00,3522,12.9296875,12.7265625,12.75,12.765625,12.75,12.828125,12.921875,13.2421875,13.7421875,20.984375,23.875,24.351562,24.429688,24.59375,24.726562,24.625,24.328125
3281,2021-06-21 03:45:00,3522,12.7421875,12.5703125,12.5859375,12.59375,12.5703125,12.640625,12.765625,13.0859375,13.625,20.828125,23.78125,24.328125,24.4375,24.59375,24.71875,24.617188,24.320312
3282,2021-06-21 04:00:00,3528,12.65625,12.4453125,12.46875,12.4921875,12.4765625,12.5546875,12.671875,12.96875,13.46875,20.625,23.6875,24.3125,24.453125,24.601562,24.710938,24.609375,24.320312
3283,2021-06-21 04:15:00,3522,12.59375,12.484375,12.5,12.5234375,12.5078125,12.578125,12.703125,13.0,13.5078125,20.554688,23.601562,24.296875,24.453125,24.609375,24.710938,24.601562,24.3125
3284,2021-06-21 04:30:00,3510,12.53125,12.40625,12.4296875,12.453125,12.4296875,12.5078125,12.609375,12.921875,13.4296875,20.453125,23.507812,24.273438,24.460938,24.609375,24.710938,24.601562,24.304688
3285,2021-06-21 04:45:00,3522,12.5390625,12.4296875,12.453125,12.46875,12.453125,12.53125,12.640625,12.9609375,13.453125,20.367188,23.414062,24.242188,24.46875,24.617188,24.710938,24.59375,24.296875
3286,2021-06-21 05:00:00,3522,12.421875,12.2421875,12.265625,12.28125,12.265625,12.34375,12.4375,12.7578125,13.296875,20.242188,23.335938,24.21875,24.46875,24.617188,24.703125,24.585938,24.289062
3287,2021-06-21 05:15:00,3510,12.40625,12.25,12.265625,12.2890625,12.2734375,12.3515625,12.484375,12.8125,13.3671875,20.203125,23.242188,24.195312,24.46875,24.617188,24.710938,24.585938,24.28125
3288,2021-06-21 05:30:00,3522,12.328125,12.21875,12.2421875,12.2578125,12.25,12.3359375,12.46875,12.78125,13.2890625,20.046875,23.171875,24.15625,24.46875,24.625,24.703125,24.578125,24.28125
3289,2021-06-21 05:45:00,3522,12.390625,12.390625,12.3984375,12.40625,12.375,12.453125,12.578125,12.90625,13.3828125,19.992188,23.09375,24.132812,24.46875,24.625,24.703125,24.570312,24.273438
3290,2021-06-21 06:00:00,3522,12.3515625,12.2109375,12.2265625,12.25,12.234375,12.328125,12.453125,12.7890625,13.375,20.015625,23.015625,24.101562,24.460938,24.625,24.703125,24.570312,24.265625
3291,2021-06-21 06:15:00,3510,12.2578125,12.046875,12.0859375,12.1171875,12.1171875,12.21875,12.3515625,12.671875,13.234375,19.875,22.945312,24.0625,24.460938,24.632812,24.695312,24.5625,24.265625
3292,2021-06-21 06:30:00,3522,12.2734375,12.1875,12.21875,12.2265625,12.234375,12.3125,12.421875,12.7109375,13.1875,19.757812,22.875,24.03125,24.460938,24.632812,24.703125,24.554688,24.257812
3293,2021-06-21 06:45:00,3516,12.2890625,12.2109375,12.234375,12.2578125,12.25,12.3359375,12.453125,12.734375,13.21875,19.695312,22.804688,23.992188,24.453125,24.632812,24.695312,24.554688,24.25
3294,2021-06-21 07:00:00,3522,12.3125,12.1875,12.21875,12.2421875,12.25,12.3515625,12.484375,12.8046875,13.296875,19.65625,22.726562,23.960938,24.445312,24.640625,24.695312,24.554688,24.25
3295,2021-06-21 07:15:00,3510,12.3359375,12.2578125,12.2890625,12.3125,12.296875,12.40625,12.5546875,12.8828125,13.3671875,19.648438,22.664062,23.921875,24.4375,24.640625,24.695312,24.546875,24.242188
3296,2021-06-21 07:30:00,3510,12.3203125,12.1953125,12.2265625,12.2421875,12.234375,12.3359375,12.4609375,12.7578125,13.25,19.539062,22.601562,23.890625,24.421875,24.632812,24.695312,24.539062,24.234375
3297,2021-06-21 07:45:00,3516,12.2578125,12.15625,12.1796875,12.1875,12.171875,12.2578125,12.3671875,12.6484375,13.1015625,19.429688,22.539062,23.851562,24.421875,24.632812,24.695312,24.539062,24.226562
3298,2021-06-21 08:00:00,3522,12.3125,12.265625,12.296875,12.3046875,12.2890625,12.3671875,12.453125,12.75,13.1953125,19.398438,22.476562,23.820312,24.40625,24.632812,24.695312,24.539062,24.226562
3299,2021-06-21 08:15:00,3510,12.2734375,12.1328125,12.15625,12.171875,12.171875,12.25,12.3671875,12.671875,13.1328125,19.335938,22.421875,23.78125,24.390625,24.632812,24.695312,24.53125,24.21875
3300,2021-06-21 08:30:00,3516,12.2421875,12.1328125,12.1484375,12.1640625,12.1484375,12.2265625,12.34375,12.625,13.0859375,19.273438,22.367188,23.75,24.375,24.632812,24.6875,24.53125,24.21875
3301,2021-06-21 08:45:00,3516,12.2578125,12.1640625,12.1875,12.203125,12.1875,12.265625,12.3671875,12.640625,13.0703125,19.203125,22.304688,23.71875,24.367188,24.632812,24.6875,24.523438,24.203125
3302,2021-06-21 09:00:00,3516,12.2265625,12.1015625,12.125,12.140625,12.1328125,12.21875,12.3359375,12.640625,13.1015625,19.164062,22.242188,23.679688,24.351562,24.625,24.6875,24.523438,24.203125
3303,2021-06-21 09:15:00,3516,12.15625,12.0859375,12.109375,12.1171875,12.09375,12.171875,12.2890625,12.5859375,13.046875,19.132812,22.195312,23.648438,24.335938,24.625,24.6875,24.515625,24.195312
3304,2021-06-21 09:30:00,3510,12.109375,11.9609375,11.984375,12.0,11.9921875,12.0703125,12.171875,12.4609375,12.90625,19.039062,22.140625,23.609375,24.328125,24.617188,24.679688,24.515625,24.195312
3305,2021-06-21 09:45:00,3510,12.0703125,11.9375,11.953125,11.9765625,11.96875,12.0546875,12.1640625,12.4609375,12.9453125,19.015625,22.085938,23.578125,24.304688,24.609375,24.671875,24.507812,24.1875
3306,2021-06-21 10:00:00,3510,12.03125,11.90625,11.9296875,11.9375,11.9296875,12.015625,12.140625,12.4375,12.9296875,18.976562,22.03125,23.539062,24.289062,24.601562,24.671875,24.507812,24.179688
3307,2021-06-21 10:15:00,3504,12.03125,11.890625,11.9140625,11.9296875,11.9296875,12.0078125,12.125,12.4453125,12.921875,18.929688,21.984375,23.507812,24.273438,24.601562,24.671875,24.5,24.171875
3308,2021-06-21 10:30:00,3510,12.0234375,11.9453125,11.9609375,11.96875,11.9609375,12.046875,12.1796875,12.4921875,12.9609375,18.890625,21.929688,23.46875,24.257812,24.59375,24.671875,24.5,24.164062
3309,2021-06-21 10:45:00,3516,12.0,11.921875,11.9375,11.953125,11.9453125,12.046875,12.1875,12.5078125,13.0078125,18.90625,21.882812,23.429688,24.242188,24.59375,24.664062,24.492188,24.15625
3310,2021-06-21 11:00:00,3516,11.9921875,11.8828125,11.9140625,11.921875,11.90625,11.984375,12.0859375,12.375,12.875,18.851562,21.835938,23.390625,24.21875,24.578125,24.65625,24.484375,24.148438
3311,2021-06-21 11:15:00,3510,11.9453125,11.8515625,11.8671875,11.875,11.859375,11.9453125,12.0546875,12.3515625,12.8359375,18.828125,21.789062,23.359375,24.203125,24.570312,24.65625,24.484375,24.148438
3312,2021-06-21 11:30:00,3510,11.96875,11.8671875,11.890625,11.8984375,11.8984375,11.9765625,12.1015625,12.4140625,12.90625,18.78125,21.742188,23.328125,24.179688,24.570312,24.65625,24.476562,24.140625
3313,2021-06-21 11:45:00,3510,11.9296875,11.796875,11.8203125,11.828125,11.8203125,11.8984375,12.0234375,12.34375,12.8359375,18.703125,21.695312,23.289062,24.164062,24.5625,24.648438,24.46875,24.132812
3314,2021-06-21 12:00:00,3504,11.921875,11.8359375,11.8515625,11.8515625,11.8359375,11.90625,12.015625,12.28125,12.7265625,18.664062,21.65625,23.257812,24.148438,24.546875,24.640625,24.460938,24.125
3315,2021-06-21 12:15:00,3504,11.9140625,11.8359375,11.8515625,11.859375,11.8359375,11.890625,11.984375,12.234375,12.6640625,18.578125,21.617188,23.21875,24.125,24.539062,24.632812,24.460938,24.117188
3316,2021-06-21 12:30:00,3510,11.8671875,11.71875,11.75,11.7578125,11.7421875,11.8125,11.890625,12.1484375,12.578125,18.507812,21.570312,23.1875,24.09375,24.53125,24.632812,24.453125,24.109375
3317,2021-06-21 12:45:00,3510,11.9140625,11.8671875,11.875,11.890625,11.859375,11.9140625,12.0078125,12.296875,12.78125,18.546875,21.53125,23.15625,24.085938,24.515625,24.625,24.453125,24.09375
3318,2021-06-21 13:00:00,3510,11.9609375,11.90625,11.9140625,11.9140625,11.875,11.9375,12.0234375,12.296875,12.75,18.5,21.484375,23.125,24.0625,24.507812,24.617188,24.445312,24.085938
3319,2021-06-21 13:15:00,3510,12.0625,12.0234375,12.0234375,12.015625,11.984375,12.0390625,12.1171875,12.3671875,12.78125,18.484375,21.445312,23.085938,24.03125,24.5,24.609375,24.4375,24.078125
3320,2021-06-21 13:30:00,3510,12.1328125,12.09375,12.109375,12.1015625,12.0703125,12.1015625,12.1640625,12.390625,12.796875,18.40625,21.390625,23.0625,24.015625,24.484375,24.601562,24.429688,24.070312
3321,2021-06-21 13:45:00,3504,12.25,12.1484375,12.171875,12.1875,12.1640625,12.25,12.3515625,12.625,13.0703125,18.445312,21.359375,23.023438,23.992188,24.476562,24.59375,24.429688,24.054688
3322,2021-06-21 14:00:00,3510,12.40625,12.34375,12.359375,12.359375,12.328125,12.40625,12.484375,12.71875,13.1171875,18.476562,21.320312,22.992188,23.96875,24.453125,24.59375,24.421875,24.054688
3323,2021-06-21 14:15:00,3504,12.53125,12.4296875,12.4375,12.4453125,12.421875,12.5,12.59375,12.875,13.3046875,18.507812,21.273438,22.960938,23.953125,24.445312,24.578125,24.414062,24.046875
3324,2021-06-21 14:30:00,3504,12.6015625,12.4921875,12.5078125,12.515625,12.4921875,12.5703125,12.6640625,12.9296875,13.3671875,18.523438,21.242188,22.921875,23.929688,24.4375,24.5625,24.40625,24.039062
3325,2021-06-21 14:45:00,3504,12.75,12.671875,12.6796875,12.6875,12.671875,12.7421875,12.84375,13.1171875,13.5625,18.570312,21.203125,22.890625,23.90625,24.414062,24.5625,24.398438,24.023438
3326,2021-06-21 15:00:00,3498,12.9375,12.8125,12.828125,12.84375,12.828125,12.8984375,13.0,13.265625,13.7109375,18.609375,21.179688,22.859375,23.882812,24.40625,24.5625,24.390625,24.015625
3327,2021-06-21 15:15:00,3504,13.125,12.8671875,12.8984375,12.9375,12.9375,13.0234375,13.109375,13.34375,13.765625,18.609375,21.15625,22.828125,23.867188,24.398438,24.546875,24.382812,24.015625
3328,2021-06-21 15:30:00,3510,13.3515625,13.2109375,13.2421875,13.265625,13.2578125,13.328125,13.421875,13.6640625,14.0703125,18.679688,21.132812,22.796875,23.835938,24.382812,24.53125,24.375,24.0
3329,2021-06-21 15:45:00,3504,13.734375,13.4609375,13.5078125,13.5390625,13.5546875,13.6484375,13.7421875,14.0078125,14.4453125,18.820312,21.101562,22.757812,23.820312,24.359375,24.523438,24.367188,23.992188
3330,2021-06-21 16:00:00,3504,13.875,13.5859375,13.6484375,13.6953125,13.7109375,13.8125,13.9296875,14.1875,14.609375,18.875,21.085938,22.726562,23.789062,24.351562,24.515625,24.359375,23.976562
3331,2021-06-21 16:15:00,3504,14.2578125,13.9765625,14.0390625,14.09375,14.1328125,14.25,14.4140625,14.7109375,15.1640625,19.046875,21.070312,22.703125,23.773438,24.335938,24.507812,24.351562,23.960938
3332,2021-06-21 16:30:00,3498,14.6015625,14.1796875,14.234375,14.3046875,14.359375,14.5,14.671875,14.984375,15.484375,19.226562,21.054688,22.679688,23.757812,24.320312,24.5,24.34375,23.960938
3333,2021-06-21 16:45:00,3504,14.765625,14.2578125,14.2890625,14.3515625,14.390625,14.5234375,14.6953125,15.0,15.5234375,19.351562,21.046875,22.648438,23.726562,24.304688,24.484375,24.328125,23.945312
3334,2021-06-21 17:00:00,3504,14.8515625,14.3203125,14.3828125,14.4453125,14.4765625,14.5859375,14.703125,14.984375,15.4609375,19.359375,21.046875,22.625,23.710938,24.289062,24.476562,24.320312,23.929688
3335,2021-06-21 17:15:00,3498,15.3515625,14.921875,14.984375,15.0546875,15.09375,15.21875,15.390625,15.6484375,16.140625,19.578125,21.039062,22.601562,23.679688,24.273438,24.460938,24.3125,23.921875
3336,2021-06-21 17:30:00,3504,15.6328125,15.0859375,15.15625,15.21875,15.234375,15.3203125,15.4453125,15.7109375,16.179688,19.703125,21.054688,22.570312,23.65625,24.257812,24.445312,24.304688,23.914062
3337,2021-06-21 17:45:00,3504,16.09375,15.4140625,15.4921875,15.609375,15.6796875,15.8125,15.953125,16.164062,16.648438,19.890625,21.0625,22.554688,23.640625,24.25,24.4375,24.289062,23.90625
3338,2021-06-21 18:00:00,3510,16.765625,15.96875,16.054688,16.171875,16.28125,16.414062,16.617188,16.960938,17.546875,20.195312,21.0625,22.53125,23.617188,24.226562,24.421875,24.28125,23.890625
3339,2021-06-21 18:15:00,3498,16.898438,15.953125,16.0625,16.179688,16.257812,16.359375,16.460938,16.6875,17.234375,20.296875,21.085938,22.515625,23.59375,24.210938,24.40625,24.273438,23.882812
3340,2021-06-21 18:30:00,3498,17.429688,16.601562,16.703125,16.828125,16.921875,17.070312,17.203125,17.46875,18.0,20.585938,21.117188,22.5,23.578125,24.203125,24.398438,24.257812,23.867188
3341,2021-06-21 18:45:00,3504,18.164062,17.46875,17.59375,17.710938,17.773438,17.867188,17.953125,18.21875,18.703125,20.929688,21.140625,22.476562,23.554688,24.179688,24.390625,24.25,23.859375
3342,2021-06-21 19:00:00,3504,18.585938,17.640625,17.773438,17.882812,17.929688,18.023438,18.046875,18.257812,18.710938,21.164062,21.179688,22.46875,23.53125,24.164062,24.375,24.234375,23.84375
3343,2021-06-21 19:15:00,3504,19.0625,17.921875,18.09375,18.234375,18.296875,18.445312,18.539062,18.78125,19.304688,21.429688,21.210938,22.460938,23.515625,24.148438,24.359375,24.226562,23.835938
3344,2021-06-21 19:30:00,3504,19.296875,18.015625,18.132812,18.304688,18.414062,18.507812,18.546875,18.765625,19.296875,21.617188,21.265625,22.453125,23.5,24.125,24.34375,24.21875,23.820312
3345,2021-06-21 19:45:00,3504,19.34375,17.695312,17.804688,17.992188,18.164062,18.351562,18.476562,18.804688,19.421875,21.71875,21.320312,22.4375,23.476562,24.117188,24.335938,24.210938,23.804688
3346,2021-06-21 20:00:00,3504,19.265625,17.929688,17.96875,18.0625,18.101562,18.171875,18.242188,18.515625,19.109375,21.734375,21.375,22.429688,23.453125,24.09375,24.320312,24.195312,23.789062
3347,2021-06-21 20:15:00,3510,19.476562,18.390625,18.476562,18.546875,18.617188,18.71875,18.78125,19.007812,19.578125,21.820312,21.4375,22.421875,23.4375,24.078125,24.304688,24.1875,23.78125
3348,2021-06-21 19:00:00,3504,18.585938,17.640625,17.773438,17.882812,17.929688,18.023438,18.046875,18.257812,18.710938,21.164062,21.179688,22.46875,23.53125,24.164062,24.375,24.234375,23.84375
3349,2021-06-21 19:15:00,3504,19.0625,17.921875,18.09375,18.234375,18.296875,18.445312,18.539062,18.78125,19.304688,21.429688,21.210938,22.460938,23.515625,24.148438,24.359375,24.226562,23.835938
3350,2021-06-21 19:30:00,3504,19.296875,18.015625,18.132812,18.304688,18.414062,18.507812,18.546875,18.765625,19.296875,21.617188,21.265625,22.453125,23.5,24.125,24.34375,24.21875,23.820312
3351,2021-06-21 19:45:00,3504,19.34375,17.695312,17.804688,17.992188,18.164062,18.351562,18.476562,18.804688,19.421875,21.71875,21.320312,22.4375,23.476562,24.117188,24.335938,24.210938,23.804688
3352,2021-06-21 20:00:00,3504,19.265625,17.929688,17.96875,18.0625,18.101562,18.171875,18.242188,18.515625,19.109375,21.734375,21.375,22.429688,23.453125,24.09375,24.320312,24.195312,23.789062
3353,2021-06-21 20:15:00,3510,19.476562,18.390625,18.476562,18.546875,18.617188,18.71875,18.78125,19.007812,19.578125,21.820312,21.4375,22.421875,23.4375,24.078125,24.304688,24.1875,23.78125
3354,2021-06-21 20:30:00,3504,19.117188,17.71875,17.835938,17.921875,17.992188,18.117188,18.226562,18.5,19.070312,21.820312,21.484375,22.421875,23.421875,24.0625,24.296875,24.164062,23.773438
3355,2021-06-21 20:45:00,3510,19.382812,18.398438,18.476562,18.554688,18.578125,18.664062,18.765625,18.992188,19.476562,21.976562,21.539062,22.421875,23.398438,24.054688,24.28125,24.15625,23.757812
3356,2021-06-21 21:00:00,3510,19.835938,18.476562,18.664062,18.828125,18.953125,19.195312,19.382812,19.695312,20.1875,22.203125,21.59375,22.4375,23.382812,24.023438,24.265625,24.148438,23.742188
3357,2021-06-21 21:15:00,3510,19.828125,18.140625,18.296875,18.429688,18.53125,18.710938,18.828125,19.164062,19.773438,22.34375,21.648438,22.4375,23.367188,24.007812,24.257812,24.132812,23.734375
3358,2021-06-21 21:30:00,3510,20.195312,18.671875,18.757812,18.882812,18.953125,19.132812,19.304688,19.6875,20.351562,22.5625,21.695312,22.4375,23.359375,23.992188,24.242188,24.117188,23.71875
3359,2021-06-21 21:45:00,3504,19.992188,18.507812,18.617188,18.734375,18.78125,18.921875,19.054688,19.398438,20.0625,22.601562,21.75,22.453125,23.34375,23.984375,24.21875,24.101562,23.703125
3360,2021-06-21 22:00:00,3510,20.414062,19.101562,19.273438,19.382812,19.40625,19.570312,19.820312,20.21875,20.914062,22.757812,21.8125,22.460938,23.335938,23.96875,24.210938,24.085938,23.695312
3361,2021-06-21 22:15:00,3516,21.578125,19.96875,20.273438,20.453125,20.578125,20.789062,21.367188,21.945312,22.695312,23.328125,21.859375,22.46875,23.320312,23.953125,24.195312,24.078125,23.679688
3362,2021-06-21 22:30:00,3510,21.3125,19.351562,19.53125,19.640625,19.75,20.023438,20.390625,21.0,21.695312,23.320312,21.921875,22.476562,23.3125,23.9375,24.179688,24.0625,23.664062
3363,2021-06-21 22:45:00,3510,20.3125,18.515625,18.65625,18.75,18.789062,18.945312,19.09375,19.476562,20.117188,23.015625,21.992188,22.492188,23.296875,23.921875,24.164062,24.046875,23.640625
3364,2021-06-21 23:00:00,3510,19.859375,18.398438,18.507812,18.585938,18.59375,18.726562,18.84375,19.164062,19.75,22.78125,22.0625,22.507812,23.289062,23.90625,24.148438,24.039062,23.640625
3365,2021-06-21 23:15:00,3510,19.554688,18.265625,18.34375,18.40625,18.421875,18.578125,18.71875,19.015625,19.59375,22.648438,22.117188,22.523438,23.28125,23.890625,24.140625,24.023438,23.625
3366,2021-06-21 23:30:00,3510,19.039062,17.742188,17.765625,17.851562,17.851562,17.976562,18.09375,18.414062,19.039062,22.46875,22.164062,22.539062,23.273438,23.875,24.117188,24.015625,23.609375
3367,2021-06-21 23:45:00,3510,18.648438,17.484375,17.5625,17.640625,17.65625,17.789062,17.898438,18.210938,18.773438,22.289062,22.203125,22.554688,23.265625,23.859375,24.109375,24.0,23.601562
3368,2021-06-22 00:00:00,3510,18.125,17.054688,17.09375,17.171875,17.171875,17.296875,17.40625,17.726562,18.289062,22.109375,22.226562,22.5625,23.257812,23.84375,24.09375,23.984375,23.585938
3369,2021-06-22 00:15:00,3516,17.765625,16.695312,16.75,16.8125,16.804688,16.914062,17.0,17.3125,17.859375,21.859375,22.242188,22.59375,23.257812,23.835938,24.078125,23.976562,23.578125
3370,2021-06-22 00:30:00,3516,17.351562,16.078125,16.15625,16.234375,16.273438,16.445312,16.59375,16.960938,17.546875,21.75,22.25,22.601562,23.25,23.820312,24.0625,23.960938,23.5625
3371,2021-06-22 00:45:00,3510,16.390625,15.3828125,15.421875,15.4609375,15.4453125,15.546875,15.625,16.0,16.585938,21.414062,22.25,22.625,23.25,23.804688,24.054688,23.953125,23.546875
3372,2021-06-22 01:00:00,3510,15.5703125,14.515625,14.5390625,14.609375,14.6328125,14.7734375,14.9140625,15.296875,15.9453125,21.070312,22.242188,22.632812,23.25,23.796875,24.03125,23.929688,23.539062
3373,2021-06-22 01:15:00,3510,15.1796875,14.3671875,14.4453125,14.5,14.53125,14.671875,14.8203125,15.234375,15.8671875,20.953125,22.226562,22.640625,23.242188,23.78125,24.023438,23.921875,23.523438
3374,2021-06-22 01:30:00,3516,14.9609375,14.5703125,14.609375,14.6328125,14.6171875,14.7109375,14.8125,15.203125,15.7734375,20.796875,22.203125,22.65625,23.242188,23.773438,24.007812,23.90625,23.507812
3375,2021-06-22 01:45:00,3510,14.71875,14.3359375,14.3671875,14.390625,14.3671875,14.4609375,14.5625,14.8984375,15.453125,20.554688,22.171875,22.664062,23.234375,23.757812,23.992188,23.898438,23.5
3376,2021-06-22 02:00:00,3510,14.4296875,13.90625,13.9453125,13.9609375,13.953125,14.0546875,14.15625,14.53125,15.0859375,20.414062,22.132812,22.664062,23.226562,23.75,23.976562,23.882812,23.484375
3377,2021-06-22 02:15:00,3510,14.21875,13.796875,13.828125,13.84375,13.828125,13.9375,14.0546875,14.4453125,14.984375,20.25,22.085938,22.671875,23.234375,23.734375,23.96875,23.867188,23.476562
3378,2021-06-22 02:30:00,3516,14.0546875,13.8046875,13.8203125,13.8046875,13.75,13.8203125,13.875,14.203125,14.7109375,20.125,22.046875,22.671875,23.234375,23.726562,23.953125,23.859375,23.460938
3379,2021-06-22 02:45:00,3516,13.8046875,13.5859375,13.5859375,13.5703125,13.5234375,13.5859375,13.6484375,13.953125,14.421875,19.96875,22.0,22.671875,23.234375,23.710938,23.9375,23.84375,23.453125
3380,2021-06-22 03:00:00,3510,13.703125,13.5234375,13.5390625,13.5234375,13.4765625,13.53125,13.5625,13.828125,14.2421875,19.773438,21.953125,22.664062,23.226562,23.703125,23.929688,23.835938,23.429688
3381,2021-06-22 03:15:00,3504,13.65625,13.4609375,13.4921875,13.4765625,13.4296875,13.484375,13.5078125,13.7578125,14.171875,19.65625,21.898438,22.65625,23.21875,23.695312,23.914062,23.820312,23.421875
3382,2021-06-22 03:30:00,3504,13.59375,13.5,13.5,13.484375,13.4140625,13.453125,13.4765625,13.734375,14.109375,19.539062,21.84375,22.648438,23.21875,23.679688,23.90625,23.8125,23.414062
3383,2021-06-22 03:45:00,3510,13.578125,13.453125,13.46875,13.453125,13.40625,13.4609375,13.484375,13.7109375,14.1015625,19.40625,21.796875,22.640625,23.210938,23.671875,23.890625,23.796875,23.40625
3384,2021-06-22 04:00:00,3504,13.515625,13.3984375,13.4140625,13.3984375,13.3359375,13.375,13.3828125,13.609375,13.9921875,19.335938,21.742188,22.632812,23.210938,23.664062,23.882812,23.789062,23.398438
3385,2021-06-22 04:15:00,3510,13.4765625,13.3671875,13.375,13.359375,13.296875,13.359375,13.40625,13.6640625,14.03125,19.273438,21.679688,22.609375,23.203125,23.65625,23.867188,23.773438,23.375
3386,2021-06-22 04:30:00,3504,13.4921875,13.421875,13.4375,13.40625,13.3515625,13.390625,13.4296875,13.6796875,14.0546875,19.210938,21.632812,22.601562,23.203125,23.65625,23.851562,23.765625,23.367188
3387,2021-06-22 04:45:00,3510,13.4921875,13.3984375,13.4140625,13.40625,13.3359375,13.3828125,13.4140625,13.6484375,14.0078125,19.148438,21.578125,22.578125,23.203125,23.640625,23.84375,23.75,23.359375
3388,2021-06-22 05:00:00,3510,13.4921875,13.40625,13.421875,13.40625,13.34375,13.3984375,13.4296875,13.6640625,14.0390625,19.109375,21.53125,22.5625,23.1875,23.632812,23.835938,23.75,23.351562
3389,2021-06-22 05:15:00,3510,13.4765625,13.3515625,13.390625,13.3828125,13.3359375,13.4140625,13.46875,13.7265625,14.078125,19.03125,21.476562,22.546875,23.179688,23.625,23.820312,23.726562,23.335938
3390,2021-06-22 05:30:00,3504,13.5234375,13.4921875,13.5078125,13.4765625,13.4140625,13.453125,13.4609375,13.671875,14.0078125,18.984375,21.421875,22.523438,23.179688,23.617188,23.8125,23.71875,23.328125
3391,2021-06-22 05:45:00,3510,13.4921875,13.375,13.390625,13.375,13.3125,13.375,13.4296875,13.6875,14.046875,18.96875,21.375,22.492188,23.164062,23.601562,23.804688,23.710938,23.3125
3392,2021-06-22 06:00:00,3504,13.484375,13.390625,13.40625,13.390625,13.3203125,13.375,13.3984375,13.6328125,13.9765625,18.890625,21.328125,22.476562,23.15625,23.601562,23.796875,23.695312,23.304688
3393,2021-06-22 06:15:00,3510,13.46875,13.375,13.390625,13.3671875,13.3046875,13.3515625,13.375,13.59375,13.9453125,18.859375,21.28125,22.453125,23.140625,23.585938,23.78125,23.6875,23.296875
3394,2021-06-22 06:30:00,3510,13.4609375,13.375,13.390625,13.375,13.3203125,13.3671875,13.3828125,13.6015625,13.9296875,18.804688,21.242188,22.429688,23.132812,23.578125,23.773438,23.679688,23.289062
3395,2021-06-22 06:45:00,3504,13.5078125,13.46875,13.484375,13.4609375,13.3984375,13.4453125,13.4609375,13.6796875,14.015625,18.78125,21.195312,22.40625,23.125,23.570312,23.765625,23.671875,23.28125
3396,2021-06-22 07:00:00,3504,13.5546875,13.515625,13.5234375,13.5,13.4375,13.46875,13.4765625,13.6796875,13.9921875,18.710938,21.15625,22.382812,23.109375,23.5625,23.75,23.65625,23.273438
3397,2021-06-22 07:15:00,3504,13.6171875,13.6171875,13.625,13.59375,13.515625,13.546875,13.5390625,13.71875,14.015625,18.671875,21.117188,22.359375,23.101562,23.554688,23.742188,23.648438,23.257812
3398,2021-06-22 07:30:00,3510,13.7109375,13.703125,13.7109375,13.671875,13.5859375,13.6015625,13.578125,13.7734375,14.0625,18.671875,21.078125,22.335938,23.085938,23.546875,23.726562,23.632812,23.25
3399,2021-06-22 07:45:00,3504,13.7265625,13.6484375,13.65625,13.6328125,13.5703125,13.6015625,13.6015625,13.7890625,14.0859375,18.632812,21.03125,22.304688,23.070312,23.53125,23.71875,23.632812,23.242188
3400,2021-06-22 08:00:00,3504,13.7265625,13.671875,13.671875,13.65625,13.5859375,13.6171875,13.609375,13.8046875,14.0859375,18.601562,21.0,22.289062,23.054688,23.523438,23.710938,23.625,23.234375
3401,2021-06-22 08:15:00,3504,13.7578125,13.703125,13.71875,13.6953125,13.640625,13.6640625,13.6640625,13.84375,14.1328125,18.5625,20.960938,22.257812,23.046875,23.515625,23.703125,23.609375,23.21875
3402,2021-06-22 08:30:00,3504,13.796875,13.78125,13.7890625,13.765625,13.6953125,13.71875,13.7109375,13.90625,14.1875,18.570312,20.929688,22.234375,23.03125,23.507812,23.695312,23.601562,23.21875
3403,2021-06-22 08:45:00,3510,13.8984375,13.8828125,13.8984375,13.859375,13.7734375,13.7890625,13.7578125,13.9453125,14.2109375,18.539062,20.898438,22.210938,23.015625,23.492188,23.679688,23.59375,23.210938
3404,2021-06-22 09:00:00,3510,13.9140625,13.8515625,13.8515625,13.828125,13.7421875,13.75,13.703125,13.8828125,14.1640625,18.515625,20.859375,22.1875,23.0,23.484375,23.671875,23.578125,23.195312
3405,2021-06-22 09:15:00,3504,13.890625,13.8203125,13.8203125,13.796875,13.703125,13.7109375,13.6484375,13.8125,14.0625,18.429688,20.828125,22.15625,22.984375,23.476562,23.664062,23.5625,23.1875
3406,2021-06-22 09:30:00,3504,13.8984375,13.8203125,13.8203125,13.796875,13.71875,13.734375,13.703125,13.8828125,14.1484375,18.445312,20.796875,22.140625,22.96875,23.460938,23.648438,23.554688,23.179688
3407,2021-06-22 09:45:00,3504,13.859375,13.78125,13.78125,13.7578125,13.6796875,13.6953125,13.671875,13.890625,14.2109375,18.453125,20.75,22.109375,22.953125,23.453125,23.640625,23.546875,23.171875
3408,2021-06-22 10:00:00,3510,13.7890625,13.6953125,13.6953125,13.671875,13.6171875,13.6484375,13.6640625,13.8828125,14.1953125,18.453125,20.71875,22.078125,22.945312,23.4375,23.632812,23.539062,23.15625
3409,2021-06-22 10:15:00,3510,13.765625,13.7109375,13.71875,13.6953125,13.625,13.6640625,13.6796875,13.90625,14.2265625,18.4375,20.695312,22.054688,22.921875,23.429688,23.625,23.53125,23.140625
3410,2021-06-22 10:30:00,3510,13.765625,13.703125,13.7109375,13.6875,13.625,13.65625,13.65625,13.875,14.203125,18.445312,20.671875,22.03125,22.90625,23.414062,23.609375,23.523438,23.132812
3411,2021-06-22 10:45:00,3504,13.7265625,13.6640625,13.671875,13.6328125,13.578125,13.6015625,13.6171875,13.84375,14.1640625,18.4375,20.640625,22.007812,22.890625,23.398438,23.601562,23.515625,23.132812
3412,2021-06-22 11:00:00,3504,13.671875,13.53125,13.5390625,13.53125,13.4921875,13.5546875,13.578125,13.8203125,14.15625,18.414062,20.617188,21.984375,22.875,23.390625,23.59375,23.507812,23.117188
3413,2021-06-22 11:15:00,3504,13.625,13.484375,13.5,13.4921875,13.46875,13.546875,13.609375,13.8671875,14.2265625,18.4375,20.585938,21.960938,22.851562,23.375,23.578125,23.492188,23.109375
3414,2021-06-22 11:30:00,3504,13.546875,13.4453125,13.4609375,13.4453125,13.4140625,13.484375,13.546875,13.7734375,14.125,18.390625,20.5625,21.9375,22.84375,23.359375,23.570312,23.484375,23.101562
3415,2021-06-22 11:45:00,3510,13.5,13.3828125,13.3984375,13.3828125,13.359375,13.4296875,13.5078125,13.765625,14.140625,18.375,20.546875,21.914062,22.828125,23.351562,23.554688,23.476562,23.09375
3416,2021-06-22 12:00:00,3510,13.484375,13.3984375,13.40625,13.3828125,13.3359375,13.3828125,13.421875,13.6484375,14.015625,18.375,20.523438,21.890625,22.804688,23.335938,23.546875,23.460938,23.078125
3417,2021-06-22 12:15:00,3504,13.5078125,13.4453125,13.453125,13.4375,13.3828125,13.4609375,13.5234375,13.8046875,14.203125,18.398438,20.492188,21.859375,22.789062,23.328125,23.53125,23.453125,23.070312
3418,2021-06-22 12:30:00,3504,13.546875,13.515625,13.515625,13.4921875,13.4453125,13.515625,13.5859375,13.875,14.2734375,18.390625,20.476562,21.84375,22.765625,23.3125,23.523438,23.4375,23.0625
3419,2021-06-22 12:45:00,3504,13.5859375,13.5234375,13.546875,13.515625,13.484375,13.5546875,13.6328125,13.90625,14.296875,18.40625,20.453125,21.820312,22.75,23.296875,23.507812,23.429688,23.054688
3420,2021-06-22 13:00:00,3504,13.6015625,13.546875,13.546875,13.5234375,13.46875,13.5234375,13.5625,13.8125,14.203125,18.375,20.4375,21.804688,22.726562,23.289062,23.507812,23.421875,23.046875
3421,2021-06-22 13:15:00,3504,13.65625,13.578125,13.5859375,13.578125,13.53125,13.5859375,13.625,13.875,14.25,18.34375,20.414062,21.78125,22.710938,23.273438,23.492188,23.40625,23.03125
3422,2021-06-22 13:30:00,3504,13.71875,13.671875,13.6875,13.671875,13.640625,13.703125,13.765625,14.015625,14.3671875,18.367188,20.398438,21.757812,22.695312,23.257812,23.476562,23.398438,23.023438
3423,2021-06-22 13:45:00,3498,13.71875,13.6328125,13.6484375,13.640625,13.625,13.6953125,13.7734375,14.03125,14.4140625,18.390625,20.367188,21.734375,22.671875,23.242188,23.46875,23.390625,23.015625
3424,2021-06-22 14:00:00,3498,14.0390625,14.0703125,14.0859375,14.078125,14.046875,14.1015625,14.15625,14.3984375,14.734375,18.445312,20.359375,21.710938,22.664062,23.226562,23.453125,23.375,22.992188
3425,2021-06-22 14:15:00,3504,14.3203125,14.3203125,14.328125,14.3125,14.28125,14.3359375,14.375,14.6171875,14.953125,18.507812,20.34375,21.6875,22.640625,23.21875,23.445312,23.367188,22.992188
3426,2021-06-22 14:30:00,3504,14.4921875,14.4375,14.453125,14.453125,14.4140625,14.4765625,14.5234375,14.7421875,15.109375,18.554688,20.328125,21.679688,22.625,23.203125,23.429688,23.359375,22.984375
3427,2021-06-22 14:45:00,3504,14.875,14.828125,14.8515625,14.875,14.859375,14.9375,15.0078125,15.2421875,15.59375,18.679688,20.3125,21.65625,22.601562,23.1875,23.414062,23.351562,22.96875
3428,2021-06-22 15:00:00,3492,15.1796875,15.078125,15.109375,15.1328125,15.1328125,15.21875,15.28125,15.5078125,15.8203125,18.773438,20.304688,21.632812,22.585938,23.171875,23.40625,23.335938,22.960938
3429,2021-06-22 15:15:00,3504,15.6875,15.453125,15.4765625,15.4921875,15.5078125,15.609375,15.6796875,15.9609375,16.335938,18.960938,20.296875,21.617188,22.570312,23.15625,23.390625,23.320312,22.945312
3430,2021-06-22 15:30:00,3504,15.421875,15.046875,15.046875,15.0546875,15.03125,15.09375,15.140625,15.3984375,15.7734375,18.882812,20.296875,21.59375,22.554688,23.148438,23.382812,23.3125,22.945312
3431,2021-06-22 15:45:00,3504,15.6015625,15.1953125,15.2109375,15.25,15.2734375,15.3671875,15.4296875,15.71875,16.148438,19.0,20.296875,21.578125,22.53125,23.132812,23.367188,23.304688,22.9375
3432,2021-06-22 16:00:00,3504,15.9296875,15.671875,15.6953125,15.703125,15.6875,15.734375,15.765625,16.023438,16.40625,19.085938,20.296875,21.5625,22.515625,23.117188,23.359375,23.289062,22.921875
3433,2021-06-22 16:15:00,3498,16.085938,15.734375,15.7265625,15.7265625,15.7109375,15.796875,15.828125,16.109375,16.539062,19.164062,20.296875,21.546875,22.5,23.101562,23.34375,23.289062,22.914062
3434,2021-06-22 16:30:00,3504,16.398438,16.023438,16.023438,16.03125,16.007812,16.078125,16.085938,16.335938,16.703125,19.273438,20.304688,21.523438,22.484375,23.085938,23.328125,23.265625,22.898438
3435,2021-06-22 16:45:00,3498,16.507812,16.015625,16.0,16.015625,16.0,16.0625,16.101562,16.367188,16.757812,19.3125,20.3125,21.515625,22.460938,23.070312,23.320312,23.265625,22.882812
3436,2021-06-22 17:00:00,3504,17.851562,17.976562,18.203125,18.273438,18.414062,18.5,18.5625,18.632812,18.765625,19.734375,20.320312,21.5,22.453125,23.054688,23.304688,23.25,22.875
3437,2021-06-22 17:15:00,3504,18.570312,17.867188,17.90625,17.960938,18.054688,18.125,18.140625,18.328125,18.664062,20.101562,20.335938,21.484375,22.429688,23.046875,23.289062,23.234375,22.867188
3438,2021-06-22 17:30:00,3504,20.703125,18.992188,19.210938,19.390625,19.640625,19.898438,19.90625,20.359375,20.71875,20.992188,20.367188,21.476562,22.414062,23.03125,23.273438,23.226562,22.851562
3439,2021-06-22 17:45:00,3504,21.226562,20.117188,20.40625,20.539062,20.6875,20.804688,20.84375,21.171875,21.523438,21.25,20.398438,21.460938,22.398438,23.015625,23.265625,23.21875,22.84375
3440,2021-06-22 18:00:00,3504,20.960938,19.289062,19.367188,19.453125,19.546875,19.65625,19.710938,20.007812,20.578125,21.523438,20.453125,21.460938,22.382812,23.0,23.25,23.210938,22.835938
3441,2021-06-22 18:15:00,3510,20.195312,18.476562,18.414062,18.429688,18.445312,18.539062,18.539062,18.8125,19.429688,21.359375,20.523438,21.460938,22.367188,22.984375,23.234375,23.1875,22.820312
3442,2021-06-22 18:30:00,3504,19.710938,18.453125,18.5,18.5625,18.632812,18.757812,18.78125,18.992188,19.476562,21.140625,20.59375,21.453125,22.351562,22.96875,23.21875,23.1875,22.8125
3443,2021-06-22 18:45:00,3504,19.390625,18.34375,18.34375,18.375,18.382812,18.40625,18.375,18.570312,19.023438,21.046875,20.65625,21.453125,22.34375,22.953125,23.210938,23.171875,22.796875
3444,2021-06-22 19:00:00,3504,19.578125,18.445312,18.4375,18.492188,18.484375,18.554688,18.546875,18.726562,19.21875,21.171875,20.710938,21.453125,22.328125,22.945312,23.195312,23.15625,22.789062
3445,2021-06-22 19:15:00,3504,20.890625,19.890625,20.085938,20.226562,20.398438,20.53125,20.539062,20.882812,21.265625,21.742188,20.765625,21.453125,22.304688,22.929688,23.179688,23.140625,22.773438
3446,2021-06-22 19:30:00,3510,20.15625,18.710938,18.671875,18.710938,18.6875,18.71875,18.710938,18.992188,19.546875,21.554688,20.820312,21.460938,22.296875,22.90625,23.171875,23.132812,22.765625
3447,2021-06-22 19:45:00,3504,20.257812,18.53125,18.585938,18.710938,18.8125,19.0,19.046875,19.46875,20.179688,21.84375,20.867188,21.46875,22.289062,22.898438,23.15625,23.125,22.75
3448,2021-06-22 20:00:00,3510,20.460938,19.390625,19.515625,19.609375,19.71875,19.820312,19.828125,20.1875,20.6875,21.875,20.921875,21.484375,22.28125,22.882812,23.140625,23.109375,22.734375
3449,2021-06-22 20:15:00,3510,20.570312,19.296875,19.351562,19.46875,19.539062,19.554688,19.570312,20.054688,20.59375,22.015625,20.976562,21.492188,22.265625,22.867188,23.132812,23.09375,22.726562
3450,2021-06-22 20:30:00,3510,22.171875,21.359375,21.421875,21.585938,21.765625,21.703125,21.703125,22.570312,23.0625,22.914062,21.023438,21.5,22.257812,22.859375,23.117188,23.09375,22.710938
3451,2021-06-22 20:45:00,3510,24.28125,23.367188,23.554688,23.757812,24.054688,23.773438,23.898438,24.90625,25.6875,23.945312,21.085938,21.515625,22.242188,22.84375,23.109375,23.078125,22.703125
3452,2021-06-22 21:00:00,3516,24.734375,22.304688,22.46875,22.710938,22.90625,23.164062,23.492188,24.414062,25.804688,24.898438,21.15625,21.523438,22.242188,22.828125,23.085938,23.0625,22.6875
3453,2021-06-22 21:15:00,3510,23.914062,21.734375,21.765625,21.859375,22.023438,22.179688,22.445312,23.117188,24.1875,24.4375,21.265625,21.546875,22.242188,22.820312,23.078125,23.054688,22.679688
3454,2021-06-22 21:30:00,3510,23.054688,20.960938,21.132812,21.210938,21.320312,21.273438,21.375,22.0,22.835938,24.046875,21.398438,21.5625,22.226562,22.796875,23.070312,23.039062,22.671875
3455,2021-06-22 21:45:00,3516,24.648438,23.609375,23.914062,23.757812,23.921875,23.859375,24.101562,25.4375,26.390625,24.882812,21.515625,21.585938,22.226562,22.789062,23.054688,23.023438,22.664062
3456,2021-06-22 22:00:00,3516,24.453125,22.796875,23.132812,23.195312,23.210938,23.585938,23.460938,25.265625,26.429688,25.132812,21.625,21.609375,22.21875,22.789062,23.039062,23.015625,22.648438
3457,2021-06-22 22:15:00,3516,23.554688,21.445312,21.632812,21.453125,21.585938,21.882812,22.0625,23.710938,24.617188,24.976562,21.742188,21.625,22.21875,22.765625,23.023438,23.007812,22.640625
3458,2021-06-22 22:30:00,3510,23.664062,21.789062,21.929688,21.695312,21.984375,22.203125,22.484375,24.359375,24.8125,24.945312,21.859375,21.664062,22.21875,22.75,23.007812,22.992188,22.632812
3459,2021-06-22 22:45:00,3522,24.09375,21.789062,21.960938,21.851562,22.148438,22.3125,22.601562,24.351562,24.804688,24.828125,21.960938,21.695312,22.210938,22.742188,23.0,22.984375,22.617188
3460,2021-06-22 23:00:00,3516,23.570312,22.109375,21.914062,21.65625,21.609375,21.898438,22.640625,22.554688,22.992188,24.453125,22.0625,21.734375,22.21875,22.734375,22.992188,22.96875,22.601562
3461,2021-06-22 23:15:00,3522,24.046875,23.273438,22.210938,22.640625,22.882812,22.898438,23.320312,22.796875,22.921875,23.921875,22.164062,21.765625,22.210938,22.726562,22.96875,22.960938,22.59375
3462,2021-06-22 23:30:00,3522,22.632812,20.835938,20.390625,20.648438,20.867188,20.585938,20.375,20.570312,21.039062,23.625,22.234375,21.804688,22.210938,22.710938,22.960938,22.945312,22.585938
3463,2021-06-22 23:45:00,3522,21.164062,18.820312,18.640625,18.710938,18.78125,18.835938,18.703125,18.6875,19.0,22.796875,22.289062,21.851562,22.21875,22.703125,22.953125,22.929688,22.570312
3464,2021-06-23 00:00:00,3528,19.671875,17.96875,17.898438,17.914062,17.976562,18.054688,18.09375,18.296875,18.820312,22.484375,22.320312,21.882812,22.226562,22.6875,22.9375,22.921875,22.5625
3465,2021-06-23 00:15:00,3528,18.71875,17.554688,17.476562,17.46875,17.484375,17.539062,17.617188,17.820312,18.429688,22.398438,22.328125,21.921875,22.234375,22.679688,22.929688,22.90625,22.554688
3466,2021-06-23 00:30:00,3522,18.039062,17.109375,17.023438,17.015625,16.96875,17.015625,17.09375,17.320312,17.929688,22.148438,22.320312,21.960938,22.234375,22.671875,22.914062,22.898438,22.546875
3467,2021-06-23 00:45:00,3522,17.445312,16.710938,16.65625,16.65625,16.648438,16.703125,16.742188,16.914062,17.5,21.882812,22.304688,21.992188,22.242188,22.664062,22.90625,22.890625,22.53125
3468,2021-06-23 01:00:00,3516,17.171875,16.390625,16.335938,16.351562,16.351562,16.414062,16.46875,16.710938,17.320312,21.726562,22.28125,22.023438,22.25,22.65625,22.890625,22.890625,22.523438
3469,2021-06-23 01:15:00,3522,16.835938,15.984375,15.921875,15.90625,15.8671875,15.90625,15.9140625,16.109375,16.703125,21.46875,22.257812,22.046875,22.257812,22.65625,22.875,22.875,22.515625
3470,2021-06-23 01:30:00,3528,16.179688,15.3515625,15.3046875,15.3203125,15.28125,15.3125,15.3046875,15.484375,15.9765625,21.148438,22.226562,22.070312,22.265625,22.648438,22.875,22.859375,22.507812
3471,2021-06-23 01:45:00,3522,16.164062,15.546875,15.5078125,15.5078125,15.46875,15.546875,15.5703125,15.8203125,16.296875,21.015625,22.1875,22.09375,22.273438,22.640625,22.859375,22.851562,22.5
3472,2021-06-23 02:00:00,3528,15.8515625,15.2734375,15.21875,15.21875,15.1640625,15.2265625,15.265625,15.5078125,15.984375,20.835938,22.132812,22.109375,22.296875,22.640625,22.851562,22.835938,22.492188
3473,2021-06-23 02:15:00,3522,15.5390625,15.109375,15.0703125,15.078125,15.03125,15.0859375,15.0859375,15.2890625,15.7421875,20.664062,22.085938,22.125,22.296875,22.625,22.84375,22.828125,22.476562
3474,2021-06-23 02:30:00,3528,15.2265625,14.71875,14.6640625,14.6640625,14.59375,14.65625,14.6875,14.9453125,15.4453125,20.523438,22.039062,22.132812,22.304688,22.625,22.828125,22.820312,22.46875
3475,2021-06-23 02:45:00,3522,14.859375,14.484375,14.421875,14.390625,14.2890625,14.3125,14.3125,14.5859375,15.0703125,20.335938,21.984375,22.140625,22.3125,22.617188,22.820312,22.8125,22.46875
3476,2021-06-23 03:00:00,3522,14.453125,14.1171875,14.0390625,13.9921875,13.9140625,13.984375,14.03125,14.328125,14.859375,20.164062,21.929688,22.148438,22.3125,22.617188,22.8125,22.796875,22.460938
3477,2021-06-23 03:15:00,3510,14.125,13.7734375,13.7265625,13.703125,13.6171875,13.6875,13.75,14.09375,14.6953125,20.078125,21.875,22.148438,22.328125,22.617188,22.804688,22.789062,22.445312
3478,2021-06-23 03:30:00,3522,13.875,13.578125,13.5390625,13.515625,13.4296875,13.4921875,13.546875,13.859375,14.46875,19.976562,21.820312,22.140625,22.335938,22.617188,22.804688,22.789062,22.4375
3479,2021-06-23 03:45:00,3522,13.609375,13.40625,13.3671875,13.328125,13.234375,13.296875,13.34375,13.65625,14.234375,19.796875,21.757812,22.132812,22.335938,22.609375,22.796875,22.773438,22.4375
3480,2021-06-23 04:00:00,3510,13.5,13.3203125,13.3203125,13.28125,13.203125,13.234375,13.2265625,13.4609375,13.953125,19.65625,21.703125,22.132812,22.351562,22.609375,22.789062,22.765625,22.429688
3481,2021-06-23 04:15:00,3528,13.4921875,13.390625,13.3828125,13.359375,13.28125,13.3125,13.3203125,13.5546875,14.046875,19.5625,21.640625,22.125,22.351562,22.609375,22.773438,22.75,22.421875
3482,2021-06-23 04:30:00,3522,13.4375,13.359375,13.34375,13.3203125,13.25,13.2890625,13.2890625,13.5234375,13.9296875,19.390625,21.585938,22.117188,22.359375,22.609375,22.765625,22.75,22.421875
3483,2021-06-23 04:45:00,3522,13.3359375,13.171875,13.15625,13.140625,13.0703125,13.140625,13.203125,13.5,13.9296875,19.304688,21.53125,22.101562,22.359375,22.601562,22.757812,22.742188,22.414062
3484,2021-06-23 05:00:00,3522,13.2734375,13.203125,13.1953125,13.171875,13.109375,13.15625,13.1796875,13.40625,13.75,19.140625,21.46875,22.085938,22.359375,22.609375,22.75,22.734375,22.40625
3485,2021-06-23 05:15:00,3516,13.2421875,13.1640625,13.1640625,13.1484375,13.0859375,13.1484375,13.171875,13.375,13.7265625,19.03125,21.40625,22.078125,22.367188,22.601562,22.75,22.726562,22.398438
3486,2021-06-23 05:30:00,3510,13.1171875,12.9765625,12.984375,12.9765625,12.921875,12.984375,13.0078125,13.203125,13.53125,18.867188,21.34375,22.054688,22.359375,22.601562,22.742188,22.71875,22.398438
3487,2021-06-23 05:45:00,3522,13.1171875,13.0625,13.0859375,13.0625,13.0234375,13.078125,13.0859375,13.25,13.578125,18.78125,21.28125,22.039062,22.359375,22.601562,22.734375,22.710938,22.390625
3488,2021-06-23 06:00:00,3522,13.0703125,12.96875,12.9765625,12.96875,12.921875,12.984375,13.0078125,13.203125,13.546875,18.726562,21.226562,22.015625,22.359375,22.601562,22.734375,22.710938,22.382812
3489,2021-06-23 06:15:00,3510,13.0859375,13.0234375,13.03125,13.0078125,12.9453125,13.0,13.0078125,13.1953125,13.53125,18.671875,21.164062,22.0,22.359375,22.601562,22.726562,22.703125,22.382812
3490,2021-06-23 06:30:00,3522,13.1171875,13.046875,13.046875,13.03125,12.953125,13.0078125,13.015625,13.203125,13.53125,18.625,21.109375,21.976562,22.351562,22.601562,22.71875,22.695312,22.375
3491,2021-06-23 06:45:00,3516,13.1171875,13.078125,13.0625,13.03125,12.953125,13.0,13.0,13.1953125,13.5234375,18.578125,21.054688,21.960938,22.351562,22.59375,22.726562,22.695312,22.367188
3492,2021-06-23 07:00:00,3510,13.171875,13.125,13.125,13.09375,13.015625,13.078125,13.0859375,13.3046875,13.671875,18.585938,21.0,21.929688,22.34375,22.59375,22.71875,22.6875,22.367188
3493,2021-06-23 07:15:00,3510,13.234375,13.2421875,13.234375,13.203125,13.125,13.1796875,13.15625,13.34375,13.65625,18.507812,20.945312,21.90625,22.34375,22.585938,22.710938,22.679688,22.359375
3494,2021-06-23 07:30:00,3522,13.328125,13.3359375,13.3359375,13.3046875,13.203125,13.234375,13.203125,13.375,13.65625,18.429688,20.898438,21.882812,22.335938,22.585938,22.703125,22.671875,22.359375
3495,2021-06-23 07:45:00,3516,13.3984375,13.3671875,13.359375,13.328125,13.2265625,13.2734375,13.25,13.4453125,13.7421875,18.414062,20.851562,21.859375,22.328125,22.585938,22.703125,22.671875,22.351562
3496,2021-06-23 08:00:00,3510,13.3671875,13.265625,13.265625,13.2421875,13.171875,13.234375,13.2265625,13.4375,13.7421875,18.398438,20.796875,21.84375,22.320312,22.578125,22.703125,22.664062,22.351562
3497,2021-06-23 08:15:00,3510,13.359375,13.28125,13.265625,13.234375,13.1640625,13.2265625,13.234375,13.4453125,13.78125,18.382812,20.75,21.804688,22.3125,22.578125,22.695312,22.664062,22.34375
3498,2021-06-23 08:30:00,3510,13.3515625,13.3046875,13.296875,13.2734375,13.1953125,13.2421875,13.2265625,13.4296875,13.7265625,18.328125,20.703125,21.78125,22.304688,22.578125,22.6875,22.65625,22.34375
3499,2021-06-23 08:45:00,3510,13.328125,13.2265625,13.2265625,13.21875,13.1640625,13.2109375,13.2265625,13.4140625,13.7265625,18.3125,20.664062,21.757812,22.289062,22.570312,22.679688,22.65625,22.335938
3500,2021-06-23 09:00:00,3510,13.3203125,13.2890625,13.28125,13.25,13.1796875,13.21875,13.203125,13.3828125,13.7265625,18.289062,20.625,21.734375,22.28125,22.5625,22.679688,22.648438,22.328125
3501,2021-06-23 09:15:00,3510,13.359375,13.34375,13.328125,13.2734375,13.171875,13.1953125,13.15625,13.359375,13.6640625,18.226562,20.585938,21.703125,22.273438,22.5625,22.679688,22.640625,22.328125
3502,2021-06-23 09:30:00,3510,13.390625,13.328125,13.328125,13.2890625,13.1875,13.2265625,13.1875,13.3828125,13.7109375,18.203125,20.546875,21.679688,22.257812,22.5625,22.671875,22.640625,22.320312
3503,2021-06-23 09:45:00,3504,13.265625,13.125,13.1171875,13.09375,13.03125,13.0859375,13.1015625,13.3046875,13.625,18.164062,20.507812,21.65625,22.25,22.554688,22.664062,22.625,22.320312
3504,2021-06-23 10:00:00,3504,13.15625,13.0390625,13.03125,13.0078125,12.9453125,13.015625,13.078125,13.328125,13.703125,18.179688,20.476562,21.632812,22.234375,22.546875,22.664062,22.617188,22.3125
3505,2021-06-23 10:15:00,3516,13.1015625,12.9375,12.9375,12.9296875,12.8828125,12.9765625,13.0390625,13.328125,13.734375,18.210938,20.429688,21.601562,22.226562,22.539062,22.664062,22.617188,22.3125
3506,2021-06-23 10:30:00,3510,12.984375,12.8125,12.8046875,12.78125,12.7265625,12.84375,12.9375,13.234375,13.6484375,18.195312,20.40625,21.578125,22.210938,22.539062,22.65625,22.617188,22.304688
3507,2021-06-23 10:45:00,3504,12.9296875,12.8125,12.8046875,12.78125,12.6953125,12.7578125,12.7890625,13.0390625,13.4296875,18.117188,20.375,21.554688,22.195312,22.53125,22.648438,22.617188,22.304688
3508,2021-06-23 11:00:00,3504,12.8515625,12.78125,12.7578125,12.7109375,12.6015625,12.65625,12.7109375,12.9765625,13.3671875,18.078125,20.34375,21.523438,22.1875,22.523438,22.648438,22.609375,22.296875
3509,2021-06-23 11:15:00,3498,12.8515625,12.765625,12.765625,12.765625,12.7109375,12.7890625,12.8671875,13.1328125,13.515625,18.0625,20.3125,21.507812,22.171875,22.515625,22.640625,22.601562,22.296875
3510,2021-06-23 11:30:00,3504,12.796875,12.71875,12.7109375,12.6875,12.640625,12.7265625,12.796875,13.0546875,13.4765625,18.070312,20.28125,21.476562,22.15625,22.507812,22.640625,22.601562,22.289062
3511,2021-06-23 11:45:00,3510,12.765625,12.7421875,12.734375,12.6875,12.609375,12.6640625,12.6875,12.9296875,13.296875,18.0,20.25,21.453125,22.140625,22.507812,22.632812,22.59375,22.28125
3512,2021-06-23 12:00:00,3504,12.8515625,12.8125,12.8125,12.765625,12.6796875,12.734375,12.7578125,13.0,13.375,17.960938,20.226562,21.421875,22.132812,22.492188,22.625,22.585938,22.273438
3513,2021-06-23 12:15:00,3510,12.8515625,12.828125,12.8203125,12.765625,12.671875,12.7109375,12.7109375,12.921875,13.265625,17.898438,20.1875,21.40625,22.117188,22.484375,22.617188,22.585938,22.273438
3514,2021-06-23 12:30:00,3510,12.875,12.859375,12.8515625,12.796875,12.7109375,12.7734375,12.8203125,13.0703125,13.4140625,17.898438,20.15625,21.382812,22.101562,22.484375,22.617188,22.585938,22.265625
3515,2021-06-23 12:45:00,3510,12.890625,12.828125,12.8125,12.7890625,12.7265625,12.8125,12.8828125,13.125,13.4765625,17.914062,20.132812,21.359375,22.078125,22.476562,22.609375,22.570312,22.257812
3516,2021-06-23 13:00:00,3504,12.65625,12.609375,12.578125,12.5,12.390625,12.4375,12.5,12.7578125,13.1640625,17.851562,20.101562,21.328125,22.0625,22.460938,22.609375,22.578125,22.257812
3517,2021-06-23 13:15:00,3510,12.8515625,12.9375,12.921875,12.875,12.78125,12.8203125,12.8203125,13.015625,13.3359375,17.8125,20.070312,21.304688,22.046875,22.453125,22.59375,22.570312,22.25
3518,2021-06-23 13:30:00,3510,13.0234375,13.015625,13.0234375,13.0,12.9375,13.0078125,13.046875,13.25,13.5703125,17.828125,20.039062,21.28125,22.03125,22.445312,22.59375,22.554688,22.25
3519,2021-06-23 13:45:00,3504,13.171875,13.1484375,13.140625,13.1328125,13.0703125,13.140625,13.1875,13.3984375,13.7421875,17.867188,20.015625,21.257812,22.015625,22.429688,22.578125,22.554688,22.234375
3520,2021-06-23 14:00:00,3504,13.328125,13.2109375,13.21875,13.2265625,13.1875,13.2734375,13.3359375,13.5625,13.9296875,17.953125,19.984375,21.234375,22.007812,22.421875,22.578125,22.554688,22.234375
3521,2021-06-23 14:15:00,3510,13.515625,13.46875,13.4765625,13.4609375,13.4140625,13.46875,13.5,13.6953125,14.03125,17.9375,19.960938,21.210938,21.984375,22.414062,22.570312,22.546875,22.234375
3522,2021-06-23 14:30:00,3504,13.828125,13.7421875,13.7421875,13.7578125,13.734375,13.8203125,13.890625,14.09375,14.421875,18.007812,19.929688,21.195312,21.96875,22.40625,22.5625,22.539062,22.226562
3523,2021-06-23 14:45:00,3504,14.03125,13.90625,13.8984375,13.921875,13.90625,13.9921875,14.0859375,14.2734375,14.6015625,18.078125,19.914062,21.164062,21.953125,22.398438,22.5625,22.539062,22.21875
3524,2021-06-23 15:00:00,3504,14.375,14.25,14.2421875,14.25,14.234375,14.3125,14.3984375,14.609375,14.96875,18.1875,19.90625,21.140625,21.9375,22.382812,22.546875,22.523438,22.210938
3525,2021-06-23 15:15:00,3504,14.5703125,14.2421875,14.25,14.2734375,14.28125,14.3671875,14.4609375,14.6796875,15.0625,18.28125,19.882812,21.125,21.921875,22.375,22.539062,22.523438,22.203125
3526,2021-06-23 15:30:00,3504,14.75,14.4765625,14.4609375,14.46875,14.46875,14.5390625,14.609375,14.7890625,15.140625,18.320312,19.875,21.101562,21.90625,22.359375,22.539062,22.515625,22.195312
3527,2021-06-23 15:45:00,3504,14.9609375,14.7265625,14.6875,14.6953125,14.671875,14.71875,14.78125,14.9453125,15.3203125,18.382812,19.867188,21.085938,21.882812,22.359375,22.53125,22.515625,22.195312
3528,2021-06-23 16:00:00,3510,15.234375,14.875,14.859375,14.890625,14.890625,14.9453125,15.0546875,15.2421875,15.6484375,18.5,19.867188,21.0625,21.875,22.34375,22.523438,22.5,22.1875
3529,2021-06-23 16:15:00,3504,15.75,15.4765625,15.453125,15.4765625,15.484375,15.5234375,15.59375,15.734375,16.078125,18.671875,19.859375,21.046875,21.851562,22.335938,22.515625,22.492188,22.1875
3530,2021-06-23 16:30:00,3510,16.21875,15.7109375,15.703125,15.7421875,15.765625,15.796875,15.8359375,15.96875,16.328125,18.8125,19.859375,21.023438,21.835938,22.3125,22.507812,22.492188,22.171875
3531,2021-06-23 16:45:00,3510,16.59375,16.171875,16.132812,16.109375,16.085938,16.070312,16.039062,16.140625,16.445312,18.90625,19.867188,21.007812,21.820312,22.3125,22.5,22.476562,22.164062
3532,2021-06-23 17:00:00,3504,16.929688,16.351562,16.367188,16.398438,16.421875,16.414062,16.359375,16.398438,16.6875,19.007812,19.875,20.992188,21.804688,22.304688,22.484375,22.476562,22.164062
3533,2021-06-23 17:15:00,3504,17.671875,17.359375,17.335938,17.328125,17.367188,17.367188,17.335938,17.359375,17.601562,19.257812,19.890625,20.976562,21.796875,22.289062,22.476562,22.460938,22.148438
3534,2021-06-23 17:30:00,3510,17.726562,16.789062,16.78125,16.8125,16.867188,16.859375,16.820312,16.882812,17.210938,19.359375,19.898438,20.960938,21.773438,22.273438,22.46875,22.460938,22.148438
3535,2021-06-23 17:45:00,3504,18.132812,17.570312,17.601562,17.601562,17.671875,17.609375,17.5,17.421875,17.625,19.453125,19.921875,20.953125,21.765625,22.265625,22.460938,22.453125,22.140625
3536,2021-06-23 18:00:00,3510,19.023438,18.070312,18.070312,18.09375,18.210938,18.210938,18.195312,18.125,18.398438,19.8125,19.9375,20.945312,21.75,22.257812,22.453125,22.445312,22.132812
3537,2021-06-23 18:15:00,3504,20.429688,19.3125,19.359375,19.398438,19.554688,19.6875,19.773438,19.875,20.171875,20.429688,19.976562,20.9375,21.734375,22.242188,22.445312,22.445312,22.125
3538,2021-06-23 18:30:00,3504,20.507812,18.867188,19.03125,19.117188,19.226562,19.359375,19.859375,19.875,20.53125,20.914062,20.007812,20.929688,21.710938,22.234375,22.4375,22.4375,22.117188
3539,2021-06-23 18:45:00,3504,21.59375,20.460938,20.703125,20.835938,20.859375,20.9375,21.523438,21.570312,22.226562,21.640625,20.0625,20.921875,21.710938,22.21875,22.429688,22.421875,22.109375
3540,2021-06-23 19:00:00,3510,23.054688,21.945312,22.164062,22.273438,22.46875,22.421875,23.515625,23.601562,24.40625,22.546875,20.125,20.914062,21.6875,22.210938,22.414062,22.414062,22.101562
3541,2021-06-23 19:15:00,3510,22.671875,20.960938,21.132812,21.28125,21.351562,21.398438,22.03125,22.265625,23.054688,22.757812,20.210938,20.914062,21.679688,22.195312,22.40625,22.414062,22.085938
3542,2021-06-23 19:30:00,3516,22.132812,20.007812,20.117188,20.328125,20.320312,20.53125,21.046875,21.40625,22.140625,22.734375,20.304688,20.914062,21.671875,22.195312,22.398438,22.398438,22.078125
3543,2021-06-23 19:45:00,3510,22.742188,20.9375,21.109375,21.320312,21.3125,21.640625,22.1875,22.664062,23.296875,23.398438,20.414062,20.914062,21.65625,22.179688,22.382812,22.390625,22.078125
3544,2021-06-23 20:00:00,3510,23.640625,21.804688,22.101562,22.382812,22.5,22.914062,23.414062,23.867188,24.492188,23.84375,20.523438,20.929688,21.640625,22.164062,22.382812,22.382812,22.0625
3545,2021-06-23 20:15:00,3504,22.398438,20.625,20.65625,20.867188,20.820312,21.109375,21.4375,21.78125,22.421875,23.445312,20.640625,20.9375,21.632812,22.15625,22.367188,22.382812,22.0625
3546,2021-06-23 20:30:00,3516,22.414062,20.71875,20.789062,20.914062,20.890625,21.078125,21.335938,21.664062,22.289062,23.421875,20.75,20.960938,21.625,22.140625,22.359375,22.367188,22.046875
3547,2021-06-23 20:45:00,3510,22.4375,20.898438,20.945312,21.046875,21.054688,21.164062,21.421875,21.632812,22.210938,23.359375,20.875,20.96875,21.617188,22.132812,22.351562,22.359375,22.039062
3548,2021-06-23 21:00:00,3510,21.960938,20.28125,20.320312,20.421875,20.460938,20.585938,20.78125,21.023438,21.59375,23.171875,20.976562,21.0,21.609375,22.117188,22.34375,22.351562,22.03125
3549,2021-06-23 21:15:00,3516,22.34375,21.1875,21.210938,21.296875,21.375,21.507812,21.71875,22.015625,22.476562,23.320312,21.070312,21.023438,21.601562,22.109375,22.328125,22.335938,22.023438
3550,2021-06-23 21:30:00,3516,23.382812,22.210938,22.296875,22.460938,22.578125,22.828125,23.0625,23.710938,24.320312,23.984375,21.164062,21.054688,21.601562,22.101562,22.320312,22.328125,22.015625
3551,2021-06-23 21:45:00,3522,23.757812,22.210938,22.125,22.289062,22.484375,22.609375,22.96875,23.585938,24.539062,24.492188,21.25,21.085938,21.59375,22.085938,22.3125,22.320312,22.007812
3552,2021-06-23 22:00:00,3510,23.1875,21.460938,21.289062,21.546875,21.664062,21.867188,22.0,22.703125,23.625,24.335938,21.335938,21.125,21.59375,22.070312,22.296875,22.320312,21.992188
3553,2021-06-23 22:15:00,3528,23.617188,22.351562,22.203125,22.585938,22.609375,23.46875,23.632812,24.0,24.59375,24.515625,21.445312,21.15625,21.59375,22.0625,22.296875,22.304688,21.984375
3554,2021-06-23 22:30:00,3522,23.90625,21.640625,21.570312,21.882812,21.976562,22.898438,23.015625,23.640625,24.601562,24.648438,21.546875,21.195312,21.59375,22.0625,22.28125,22.296875,21.984375
3555,2021-06-23 22:45:00,3522,22.390625,20.445312,20.3125,20.367188,20.421875,20.632812,20.820312,21.148438,22.023438,24.0625,21.640625,21.226562,21.601562,22.046875,22.273438,22.289062,21.976562
3556,2021-06-23 23:00:00,3522,21.335938,19.742188,19.601562,19.648438,19.632812,19.710938,19.90625,20.109375,20.898438,23.679688,21.734375,21.273438,21.601562,22.039062,22.257812,22.28125,21.96875
3557,2021-06-23 23:15:00,3522,22.0625,21.460938,21.3125,21.429688,21.359375,21.375,22.125,21.625,22.09375,23.507812,21.8125,21.3125,21.601562,22.03125,22.25,22.265625,21.960938
3558,2021-06-23 23:30:00,3522,22.59375,21.070312,21.3125,21.078125,21.304688,21.304688,21.398438,21.59375,22.601562,23.507812,21.867188,21.351562,21.617188,22.023438,22.242188,22.257812,21.945312
3559,2021-06-23 23:45:00,3522,21.671875,19.421875,19.257812,19.132812,19.1875,19.1875,19.335938,19.601562,20.382812,23.148438,21.90625,21.390625,21.617188,22.015625,22.234375,22.25,21.9375
3560,2021-06-24 00:00:00,3528,19.78125,17.710938,17.640625,17.710938,17.742188,17.828125,17.960938,18.3125,19.03125,22.703125,21.945312,21.429688,21.625,22.007812,22.21875,22.242188,21.929688
3561,2021-06-24 00:15:00,3522,18.867188,17.703125,17.632812,17.640625,17.625,17.632812,17.757812,18.0625,18.710938,22.390625,21.96875,21.46875,21.632812,22.0,22.210938,22.234375,21.929688
3562,2021-06-24 00:30:00,3522,18.335938,17.46875,17.390625,17.390625,17.359375,17.375,17.460938,17.742188,18.320312,22.101562,21.976562,21.507812,21.648438,22.0,22.203125,22.21875,21.921875
3563,2021-06-24 00:45:00,3528,17.578125,16.695312,16.609375,16.617188,16.570312,16.601562,16.671875,16.953125,17.523438,21.789062,21.96875,21.546875,21.664062,22.0,22.195312,22.21875,21.90625
3564,2021-06-24 01:00:00,3522,17.0625,16.226562,16.1875,16.210938,16.203125,16.242188,16.320312,16.617188,17.132812,21.492188,21.945312,21.578125,21.664062,21.992188,22.1875,22.210938,21.90625
3565,2021-06-24 01:15:00,3522,16.890625,16.429688,16.367188,16.351562,16.289062,16.25,16.28125,16.546875,17.0,21.273438,21.929688,21.601562,21.6875,21.984375,22.179688,22.203125,21.898438
3566,2021-06-24 01:30:00,3522,16.710938,16.242188,16.164062,16.171875,16.125,16.132812,16.179688,16.453125,16.875,21.109375,21.890625,21.625,21.695312,21.976562,22.171875,22.195312,21.890625
3567,2021-06-24 01:45:00,3522,15.9765625,15.1015625,14.984375,14.9765625,14.890625,14.90625,14.9453125,15.3125,15.9140625,20.851562,21.851562,21.648438,21.703125,21.984375,22.164062,22.1875,21.882812
3568,2021-06-24 02:00:00,3522,15.8515625,15.5546875,15.484375,15.4609375,15.390625,15.375,15.390625,15.65625,16.054688,20.632812,21.8125,21.664062,21.71875,21.96875,22.15625,22.179688,21.882812
3569,2021-06-24 02:15:00,3522,15.7265625,15.2734375,15.2109375,15.234375,15.15625,15.15625,15.1875,15.484375,15.921875,20.539062,21.765625,21.671875,21.726562,21.976562,22.15625,22.171875,21.875
3570,2021-06-24 02:30:00,3528,15.578125,15.0703125,15.0546875,15.0703125,15.0234375,15.0546875,15.09375,15.375,15.828125,20.34375,21.71875,21.695312,21.742188,21.96875,22.148438,22.164062,21.867188
3571,2021-06-24 02:45:00,3516,14.7734375,14.2421875,14.1640625,14.171875,14.1015625,14.140625,14.1875,14.484375,14.96875,20.101562,21.664062,21.703125,21.75,21.976562,22.140625,22.164062,21.867188
3572,2021-06-24 03:00:00,3522,14.375,14.015625,14.0078125,14.0234375,13.96875,14.0234375,14.0625,14.328125,14.7421875,19.882812,21.617188,21.710938,21.765625,21.976562,22.132812,22.148438,21.851562
3573,2021-06-24 03:15:00,3522,14.046875,13.8203125,13.8046875,13.7890625,13.71875,13.7421875,13.765625,14.0390625,14.4375,19.664062,21.5625,21.703125,21.773438,21.96875,22.132812,22.148438,21.851562
3574,2021-06-24 03:30:00,3522,13.9609375,13.8203125,13.796875,13.8046875,13.71875,13.7421875,13.75,14.0078125,14.3671875,19.5,21.492188,21.710938,21.78125,21.976562,22.125,22.140625,21.84375
3575,2021-06-24 03:45:00,3522,13.8125,13.6015625,13.5859375,13.59375,13.515625,13.5546875,13.5625,13.8046875,14.1640625,19.328125,21.4375,21.703125,21.789062,21.976562,22.117188,22.125,21.84375
3576,2021-06-24 04:00:00,3522,13.6171875,13.4921875,13.453125,13.453125,13.3359375,13.34375,13.34375,13.59375,13.984375,19.242188,21.367188,21.703125,21.796875,21.976562,22.117188,22.132812,21.835938
3577,2021-06-24 04:15:00,3510,13.5703125,13.4765625,13.453125,13.4453125,13.3359375,13.34375,13.3203125,13.5703125,13.9296875,19.132812,21.304688,21.695312,21.804688,21.984375,22.117188,22.125,21.828125
3578,2021-06-24 04:30:00,3522,13.5703125,13.5546875,13.515625,13.5078125,13.3984375,13.40625,13.375,13.59375,13.9296875,19.046875,21.242188,21.6875,21.8125,21.976562,22.109375,22.117188,21.828125
3579,2021-06-24 04:45:00,3522,13.546875,13.421875,13.3984375,13.3984375,13.3125,13.34375,13.359375,13.609375,13.9609375,18.96875,21.179688,21.679688,21.820312,21.976562,22.101562,22.109375,21.820312
3580,2021-06-24 05:00:00,3510,13.4375,13.234375,13.21875,13.21875,13.1484375,13.1875,13.203125,13.4453125,13.7734375,18.828125,21.125,21.664062,21.820312,21.984375,22.101562,22.109375,21.820312
3581,2021-06-24 05:15:00,3522,13.28125,13.1015625,13.0859375,13.0859375,13.0,13.0234375,13.0234375,13.25,13.6015625,18.742188,21.054688,21.648438,21.828125,21.984375,22.101562,22.101562,21.8125
3582,2021-06-24 05:30:00,3510,13.140625,12.984375,12.953125,12.9453125,12.8671875,12.890625,12.8984375,13.125,13.4765625,18.65625,20.992188,21.632812,21.828125,21.984375,22.101562,22.101562,21.8125
3583,2021-06-24 05:45:00,3510,13.0703125,13.0390625,12.9921875,12.96875,12.8515625,12.8515625,12.84375,13.078125,13.4296875,18.570312,20.9375,21.617188,21.828125,21.992188,22.085938,22.09375,21.8125
3584,2021-06-24 06:00:00,3510,13.1015625,13.1171875,13.0703125,13.046875,12.9453125,12.9609375,12.9453125,13.171875,13.5078125,18.546875,20.882812,21.59375,21.828125,21.984375,22.085938,22.085938,21.804688
3585,2021-06-24 06:15:00,3516,13.1328125,13.078125,13.046875,13.046875,12.9609375,12.984375,12.96875,13.1875,13.5,18.460938,20.820312,21.578125,21.835938,21.992188,22.085938,22.085938,21.804688
3586,2021-06-24 06:30:00,3516,12.8671875,12.796875,12.734375,12.6953125,12.5625,12.53125,12.515625,12.7734375,13.1640625,18.398438,20.765625,21.554688,21.828125,21.992188,22.085938,22.078125,21.804688
3587,2021-06-24 06:45:00,3516,12.9296875,13.0078125,12.96875,12.9453125,12.8359375,12.8046875,12.7578125,12.953125,13.2265625,18.296875,20.710938,21.53125,21.828125,21.992188,22.085938,22.078125,21.796875
3588,2021-06-24 07:00:00,3516,13.1015625,13.1640625,13.1328125,13.1171875,13.0234375,13.0,12.953125,13.1484375,13.4296875,18.257812,20.65625,21.507812,21.820312,21.984375,22.078125,22.070312,21.796875
3589,2021-06-24 07:15:00,3516,13.171875,13.0625,13.0546875,13.046875,12.9765625,13.0078125,13.0234375,13.2578125,13.5859375,18.25,20.601562,21.492188,21.820312,21.992188,22.078125,22.070312,21.796875
3590,2021-06-24 07:30:00,3522,13.0859375,12.984375,12.9609375,12.953125,12.875,12.890625,12.8984375,13.1328125,13.46875,18.195312,20.554688,21.46875,21.820312,21.992188,22.078125,22.0625,21.796875
3591,2021-06-24 07:45:00,3522,13.0078125,12.8828125,12.84375,12.8359375,12.765625,12.796875,12.84375,13.125,13.5,18.15625,20.507812,21.445312,21.8125,21.992188,22.070312,22.0625,21.789062
3592,2021-06-24 08:00:00,3510,12.9765625,12.9453125,12.9140625,12.8984375,12.8203125,12.828125,12.8203125,13.0546875,13.390625,18.101562,20.460938,21.414062,21.804688,21.992188,22.070312,22.0625,21.789062
3593,2021-06-24 08:15:00,3510,12.9765625,12.9140625,12.875,12.8671875,12.796875,12.84375,12.890625,13.15625,13.4921875,18.085938,20.421875,21.390625,21.796875,21.992188,22.078125,22.0625,21.78125
3594,2021-06-24 08:30:00,3510,12.9375,12.8359375,12.796875,12.7890625,12.71875,12.734375,12.75,13.0078125,13.359375,18.03125,20.375,21.367188,21.789062,21.992188,22.070312,22.054688,21.78125
3595,2021-06-24 08:45:00,3510,12.8203125,12.6875,12.6640625,12.6484375,12.578125,12.6015625,12.6484375,12.921875,13.3125,18.0,20.328125,21.34375,21.789062,21.992188,22.070312,22.054688,21.773438
3596,2021-06-24 09:00:00,3510,12.8125,12.75,12.7109375,12.703125,12.6171875,12.625,12.640625,12.9140625,13.2890625,17.976562,20.289062,21.3125,21.773438,21.992188,22.070312,22.054688,21.78125
3597,2021-06-24 09:15:00,3510,12.765625,12.6796875,12.65625,12.6328125,12.5546875,12.5703125,12.59375,12.8671875,13.25,17.921875,20.25,21.289062,21.765625,21.984375,22.0625,22.046875,21.773438
3598,2021-06-24 09:30:00,3510,12.71875,12.625,12.5859375,12.578125,12.515625,12.53125,12.578125,12.84375,13.21875,17.898438,20.210938,21.265625,21.757812,21.984375,22.0625,22.046875,21.773438
3599,2021-06-24 09:45:00,3510,12.7421875,12.703125,12.6640625,12.6484375,12.5703125,12.5859375,12.6171875,12.875,13.2109375,17.828125,20.171875,21.242188,21.742188,21.976562,22.0625,22.039062,21.765625
3600,2021-06-24 10:00:00,3510,12.71875,12.6328125,12.609375,12.609375,12.53125,12.5625,12.609375,12.8828125,13.2578125,17.820312,20.132812,21.21875,21.734375,21.984375,22.0625,22.039062,21.765625
3601,2021-06-24 10:15:00,3504,12.6875,12.6015625,12.5859375,12.578125,12.5234375,12.5390625,12.5703125,12.8359375,13.2109375,17.804688,20.09375,21.195312,21.726562,21.976562,22.0625,22.039062,21.765625
3602,2021-06-24 10:30:00,3504,12.6796875,12.609375,12.578125,12.5625,12.484375,12.5078125,12.5390625,12.8125,13.1953125,17.765625,20.0625,21.171875,21.710938,21.96875,22.054688,22.039062,21.765625
3603,2021-06-24 10:45:00,3510,12.671875,12.6015625,12.578125,12.5546875,12.4921875,12.515625,12.5390625,12.796875,13.171875,17.726562,20.023438,21.140625,21.703125,21.96875,22.054688,22.03125,21.765625
3604,2021-06-24 11:00:00,3510,12.65625,12.578125,12.5546875,12.53125,12.46875,12.484375,12.5390625,12.8046875,13.15625,17.679688,19.992188,21.117188,21.695312,21.960938,22.054688,22.039062,21.765625
3605,2021-06-24 11:15:00,3504,12.625,12.546875,12.515625,12.5078125,12.4375,12.4765625,12.5234375,12.7890625,13.1640625,17.65625,19.953125,21.09375,21.679688,21.960938,22.046875,22.03125,21.757812
3606,2021-06-24 11:30:00,3504,12.5625,12.3984375,12.3828125,12.375,12.3359375,12.375,12.4609375,12.7421875,13.140625,17.65625,19.921875,21.070312,21.664062,21.953125,22.046875,22.03125,21.75
3607,2021-06-24 11:45:00,3510,12.4296875,12.3203125,12.2890625,12.265625,12.203125,12.2265625,12.3046875,12.578125,13.0234375,17.640625,19.882812,21.046875,21.648438,21.945312,22.046875,22.023438,21.75
3608,2021-06-24 12:00:00,3510,12.296875,12.1484375,12.109375,12.1171875,12.1015625,12.1953125,12.3359375,12.65625,13.125,17.640625,19.851562,21.015625,21.640625,21.945312,22.039062,22.023438,21.742188
3609,2021-06-24 12:15:00,3504,12.2578125,12.2421875,12.1953125,12.15625,12.09375,12.0859375,12.15625,12.4609375,12.984375,17.617188,19.820312,20.992188,21.625,21.9375,22.039062,22.015625,21.742188
3610,2021-06-24 12:30:00,3510,12.3359375,12.3046875,12.265625,12.2421875,12.171875,12.1640625,12.234375,12.515625,12.9296875,17.5625,19.789062,20.96875,21.609375,21.929688,22.039062,22.007812,21.742188
3611,2021-06-24 12:45:00,3510,12.421875,12.5,12.453125,12.3984375,12.296875,12.25,12.25,12.46875,12.828125,17.492188,19.757812,20.945312,21.601562,21.921875,22.03125,22.007812,21.742188
3612,2021-06-24 13:00:00,3504,12.5546875,12.5703125,12.546875,12.5078125,12.4140625,12.3828125,12.390625,12.609375,12.9453125,17.460938,19.734375,20.921875,21.585938,21.914062,22.03125,22.007812,21.734375
3613,2021-06-24 13:15:00,3516,12.6328125,12.578125,12.5625,12.515625,12.4453125,12.4609375,12.4765625,12.7109375,13.0390625,17.421875,19.695312,20.898438,21.570312,21.90625,22.023438,22.007812,21.726562
3614,2021-06-24 13:30:00,3510,12.6953125,12.625,12.609375,12.5703125,12.515625,12.546875,12.609375,12.890625,13.265625,17.453125,19.664062,20.875,21.554688,21.90625,22.015625,22.0,21.726562
3615,2021-06-24 13:45:00,3510,12.78125,12.7421875,12.7109375,12.6796875,12.609375,12.625,12.6796875,12.921875,13.28125,17.46875,19.640625,20.851562,21.539062,21.898438,22.015625,22.0,21.726562
3616,2021-06-24 14:00:00,3504,13.0703125,13.0859375,13.0625,13.0234375,12.9765625,12.984375,13.0390625,13.25,13.59375,17.507812,19.609375,20.820312,21.523438,21.890625,22.007812,22.0,21.71875
3617,2021-06-24 14:15:00,3510,13.3125,13.2265625,13.21875,13.1953125,13.1328125,13.140625,13.171875,13.375,13.6953125,17.53125,19.578125,20.796875,21.515625,21.875,22.007812,21.992188,21.71875
3618,2021-06-24 14:30:00,3504,13.515625,13.390625,13.3828125,13.34375,13.2890625,13.296875,13.34375,13.5390625,13.8359375,17.554688,19.5625,20.78125,21.492188,21.875,22.0,21.992188,21.703125
3619,2021-06-24 14:45:00,3510,13.734375,13.5546875,13.546875,13.53125,13.4921875,13.5078125,13.5625,13.765625,14.109375,17.609375,19.53125,20.75,21.476562,21.859375,21.992188,21.984375,21.703125
3620,2021-06-24 15:00:00,3510,13.9765625,13.875,13.859375,13.828125,13.78125,13.7734375,13.84375,14.03125,14.3203125,17.664062,19.515625,20.726562,21.460938,21.84375,22.0,21.984375,21.703125
3621,2021-06-24 15:15:00,3510,14.390625,14.296875,14.2890625,14.2578125,14.2421875,14.234375,14.3203125,14.5,14.7890625,17.789062,19.492188,20.710938,21.445312,21.84375,21.984375,21.976562,21.695312
3622,2021-06-24 15:30:00,3510,14.8046875,14.5859375,14.5703125,14.53125,14.4921875,14.4375,14.515625,14.671875,14.96875,17.875,19.476562,20.6875,21.429688,21.835938,21.976562,21.96875,21.6875
3623,2021-06-24 15:45:00,3498,15.140625,14.9375,14.90625,14.875,14.8125,14.7578125,14.8203125,14.9609375,15.2578125,18.0,19.460938,20.664062,21.414062,21.828125,21.976562,21.96875,21.6875
3624,2021-06-24 16:00:00,3510,15.484375,15.109375,15.0859375,15.0859375,15.078125,15.0625,15.171875,15.3203125,15.6328125,18.164062,19.460938,20.640625,21.398438,21.820312,21.960938,21.953125,21.679688
3625,2021-06-24 16:15:00,3510,16.289062,15.6953125,15.6953125,15.7109375,15.7421875,15.7421875,15.828125,15.9765625,16.328125,18.4375,19.453125,20.617188,21.382812,21.8125,21.960938,21.953125,21.679688
3626,2021-06-24 16:30:00,3504,16.390625,15.796875,15.7421875,15.734375,15.7265625,15.7109375,15.828125,16.03125,16.4375,18.578125,19.453125,20.601562,21.367188,21.804688,21.953125,21.945312,21.671875
3627,2021-06-24 16:45:00,3510,16.5625,15.9921875,15.9609375,15.9296875,15.9140625,15.8515625,15.9296875,16.09375,16.4375,18.671875,19.46875,20.585938,21.351562,21.789062,21.945312,21.953125,21.664062
3628,2021-06-24 17:00:00,3504,17.148438,16.867188,16.820312,16.78125,16.734375,16.625,16.65625,16.726562,16.96875,18.8125,19.476562,20.570312,21.335938,21.78125,21.9375,21.9375,21.65625
3629,2021-06-24 17:15:00,3504,18.992188,18.390625,18.765625,19.351562,19.3125,19.820312,19.640625,19.992188,20.148438,19.648438,19.492188,20.554688,21.320312,21.765625,21.9375,21.9375,21.648438
3630,2021-06-24 17:30:00,3504,20.804688,19.734375,20.039062,20.65625,20.632812,21.328125,21.453125,21.789062,22.382812,20.632812,19.515625,20.539062,21.304688,21.765625,21.929688,21.929688,21.648438
3631,2021-06-24 17:45:00,3510,21.75,19.953125,20.210938,20.84375,20.960938,21.757812,22.164062,22.578125,23.367188,21.421875,19.554688,20.53125,21.289062,21.757812,21.921875,21.921875,21.640625
3632,2021-06-24 18:00:00,3510,22.351562,20.148438,20.515625,20.859375,21.210938,21.859375,22.703125,23.273438,24.242188,22.039062,19.617188,20.523438,21.273438,21.742188,21.914062,21.914062,21.648438
3633,2021-06-24 18:15:00,3504,23.304688,21.390625,21.671875,21.929688,22.296875,22.929688,23.5625,24.085938,25.21875,22.65625,19.703125,20.507812,21.265625,21.726562,21.90625,21.914062,21.632812
3634,2021-06-24 18:30:00,3510,23.789062,21.984375,22.125,22.617188,22.828125,23.445312,24.203125,24.960938,26.453125,23.359375,19.8125,20.507812,21.25,21.726562,21.898438,21.90625,21.625
3635,2021-06-24 18:45:00,3516,23.875,21.5625,21.648438,22.1875,22.5,22.765625,24.023438,24.820312,26.34375,24.046875,19.929688,20.507812,21.234375,21.710938,21.890625,21.898438,21.625
3636,2021-06-24 17:30:00,3504,20.804688,19.734375,20.039062,20.65625,20.632812,21.328125,21.453125,21.789062,22.382812,20.632812,19.515625,20.539062,21.304688,21.765625,21.929688,21.929688,21.648438
3637,2021-06-24 17:45:00,3510,21.75,19.953125,20.210938,20.84375,20.960938,21.757812,22.164062,22.578125,23.367188,21.421875,19.554688,20.53125,21.289062,21.757812,21.921875,21.921875,21.640625
3638,2021-06-24 18:00:00,3510,22.351562,20.148438,20.515625,20.859375,21.210938,21.859375,22.703125,23.273438,24.242188,22.039062,19.617188,20.523438,21.273438,21.742188,21.914062,21.914062,21.648438
3639,2021-06-24 18:15:00,3504,23.304688,21.390625,21.671875,21.929688,22.296875,22.929688,23.5625,24.085938,25.21875,22.65625,19.703125,20.507812,21.265625,21.726562,21.90625,21.914062,21.632812
3640,2021-06-24 18:30:00,3510,23.789062,21.984375,22.125,22.617188,22.828125,23.445312,24.203125,24.960938,26.453125,23.359375,19.8125,20.507812,21.25,21.726562,21.898438,21.90625,21.625
3641,2021-06-24 18:45:00,3516,23.875,21.5625,21.648438,22.1875,22.5,22.765625,24.023438,24.820312,26.34375,24.046875,19.929688,20.507812,21.234375,21.710938,21.890625,21.898438,21.625
3642,2021-06-24 19:00:00,3510,24.1875,22.132812,22.179688,22.726562,22.976562,23.3125,24.648438,25.445312,27.09375,24.640625,20.0625,20.507812,21.21875,21.703125,21.882812,21.898438,21.609375
3643,2021-06-24 19:15:00,3510,24.382812,22.132812,22.296875,22.859375,23.046875,23.609375,24.78125,25.59375,27.289062,25.21875,20.226562,20.515625,21.210938,21.695312,21.882812,21.882812,21.601562
3644,2021-06-24 19:30:00,3516,24.554688,22.445312,22.585938,23.09375,22.929688,23.765625,25.109375,25.921875,27.882812,25.703125,20.382812,20.53125,21.195312,21.6875,21.867188,21.882812,21.601562
3645,2021-06-24 19:45:00,3522,24.53125,22.421875,22.554688,22.953125,23.0625,23.703125,24.53125,25.984375,27.484375,26.023438,20.546875,20.554688,21.1875,21.671875,21.859375,21.875,21.601562
3646,2021-06-24 20:00:00,3522,24.65625,22.507812,22.632812,22.960938,23.335938,23.84375,24.898438,26.171875,27.734375,26.335938,20.71875,20.578125,21.179688,21.65625,21.851562,21.867188,21.585938
3647,2021-06-24 20:15:00,3510,24.929688,22.570312,22.695312,22.882812,23.585938,23.921875,25.03125,25.984375,27.992188,26.703125,20.890625,20.617188,21.171875,21.648438,21.84375,21.867188,21.578125
3648,2021-06-24 20:30:00,3516,24.875,22.601562,22.789062,22.648438,23.914062,23.992188,24.640625,26.320312,27.789062,26.992188,21.078125,20.648438,21.164062,21.640625,21.835938,21.84375,21.570312
3649,2021-06-24 20:45:00,3522,24.679688,22.4375,22.515625,22.46875,23.414062,23.632812,24.195312,26.007812,27.5625,27.0625,21.257812,20.6875,21.164062,21.632812,21.828125,21.835938,21.5625
3650,2021-06-24 21:00:00,3510,23.96875,21.445312,21.71875,21.5625,22.546875,22.648438,23.265625,25.125,27.15625,26.828125,21.4375,20.734375,21.164062,21.625,21.820312,21.835938,21.554688
3651,2021-06-24 21:15:00,3522,24.242188,22.234375,22.210938,22.585938,23.078125,23.34375,23.984375,25.359375,27.148438,26.820312,21.609375,20.78125,21.15625,21.617188,21.8125,21.828125,21.554688
3652,2021-06-24 21:30:00,3522,24.445312,22.875,22.703125,23.195312,23.429688,23.539062,24.640625,26.265625,27.476562,26.882812,21.765625,20.84375,21.164062,21.601562,21.804688,21.820312,21.546875
3653,2021-06-24 21:45:00,3528,24.5625,23.007812,22.9375,23.078125,23.40625,23.726562,24.398438,25.734375,27.125,27.125,21.929688,20.90625,21.171875,21.59375,21.796875,21.8125,21.53125
3654,2021-06-24 22:00:00,3522,23.898438,22.007812,21.914062,22.242188,21.992188,22.710938,23.320312,24.984375,26.09375,26.882812,22.078125,20.960938,21.171875,21.585938,21.789062,21.804688,21.53125
3655,2021-06-24 22:15:00,3522,23.804688,22.140625,21.90625,22.375,22.117188,23.109375,23.0625,24.9375,25.929688,26.570312,22.21875,21.03125,21.179688,21.585938,21.773438,21.796875,21.523438
3656,2021-06-24 22:30:00,3528,23.09375,20.976562,20.703125,20.875,20.90625,21.609375,21.828125,23.101562,24.578125,26.203125,22.34375,21.09375,21.195312,21.578125,21.765625,21.789062,21.515625
3657,2021-06-24 22:45:00,3522,21.476562,18.921875,18.875,18.9375,19.195312,19.71875,20.125,20.890625,22.132812,25.507812,22.445312,21.15625,21.203125,21.570312,21.757812,21.789062,21.507812
3658,2021-06-24 23:00:00,3528,20.375,18.703125,18.632812,18.648438,18.820312,18.984375,19.289062,19.851562,20.851562,24.773438,22.539062,21.21875,21.21875,21.5625,21.75,21.773438,21.5
3659,2021-06-24 23:15:00,3522,19.515625,18.070312,18.0,18.007812,18.148438,18.28125,18.570312,19.007812,19.90625,24.210938,22.59375,21.289062,21.226562,21.5625,21.742188,21.765625,21.5
3660,2021-06-24 23:30:00,3528,18.875,17.726562,17.601562,17.648438,17.734375,17.867188,18.125,18.5625,19.414062,23.796875,22.625,21.351562,21.25,21.554688,21.734375,21.757812,21.492188
3661,2021-06-24 23:45:00,3522,19.234375,18.242188,18.132812,18.03125,18.101562,18.09375,18.226562,18.585938,19.382812,23.429688,22.625,21.414062,21.265625,21.546875,21.726562,21.757812,21.484375
3662,2021-06-25 00:00:00,3528,18.171875,16.59375,16.492188,16.484375,16.578125,16.695312,16.890625,17.34375,18.132812,23.015625,22.625,21.476562,21.289062,21.546875,21.71875,21.742188,21.476562
3663,2021-06-25 00:15:00,3522,17.703125,16.875,16.804688,16.671875,16.773438,16.71875,16.890625,17.1875,17.695312,22.492188,22.59375,21.53125,21.3125,21.539062,21.710938,21.742188,21.46875
3664,2021-06-25 00:30:00,3522,17.15625,16.25,16.148438,15.890625,16.015625,15.8984375,16.0,16.265625,16.867188,22.132812,22.554688,21.570312,21.328125,21.539062,21.703125,21.726562,21.46875
3665,2021-06-25 00:45:00,3528,16.046875,15.21875,15.0078125,14.921875,14.734375,14.640625,14.65625,14.9921875,15.625,21.632812,22.5,21.617188,21.351562,21.539062,21.703125,21.726562,21.46875
3666,2021-06-25 01:00:00,3528,15.1953125,14.78125,14.59375,14.5234375,14.3046875,14.203125,14.140625,14.4609375,15.0,21.15625,22.445312,21.65625,21.375,21.546875,21.695312,21.71875,21.460938
3667,2021-06-25 01:15:00,3528,14.6484375,14.1953125,14.078125,14.0390625,13.859375,13.8203125,13.796875,14.0859375,14.5859375,20.820312,22.375,21.679688,21.398438,21.546875,21.695312,21.710938,21.453125
3668,2021-06-25 01:30:00,3516,14.1875,14.078125,13.8828125,13.8125,13.5703125,13.4765625,13.390625,13.671875,14.2421875,20.59375,22.28125,21.710938,21.421875,21.546875,21.679688,21.710938,21.453125
3669,2021-06-25 01:45:00,3522,13.9296875,13.8359375,13.6640625,13.59375,13.3203125,13.234375,13.1484375,13.421875,13.9453125,20.351562,22.203125,21.726562,21.453125,21.546875,21.679688,21.695312,21.445312
3670,2021-06-25 02:00:00,3528,13.53125,13.4609375,13.25,13.171875,12.890625,12.796875,12.7421875,13.046875,13.640625,20.15625,22.117188,21.742188,21.46875,21.554688,21.679688,21.695312,21.445312
3671,2021-06-25 02:15:00,3528,13.15625,13.0625,12.8125,12.7734375,12.5078125,12.46875,12.4453125,12.8203125,13.5234375,19.992188,22.023438,21.757812,21.492188,21.554688,21.671875,21.695312,21.4375
3672,2021-06-25 02:30:00,3528,12.9609375,13.09375,12.8671875,12.7734375,12.453125,12.328125,12.234375,12.6015625,13.296875,19.859375,21.929688,21.757812,21.5,21.5625,21.671875,21.6875,21.4375
3673,2021-06-25 02:45:00,3528,12.8125,12.8515625,12.671875,12.625,12.375,12.3359375,12.2734375,12.6015625,13.1875,19.664062,21.84375,21.757812,21.53125,21.5625,21.664062,21.679688,21.421875
3674,2021-06-25 03:00:00,3522,12.640625,12.4921875,12.359375,12.34375,12.1796875,12.1875,12.1875,12.5078125,13.0625,19.492188,21.75,21.757812,21.546875,21.578125,21.664062,21.679688,21.421875
3675,2021-06-25 03:15:00,3528,12.625,12.6328125,12.5859375,12.546875,12.4296875,12.453125,12.4609375,12.7265625,13.1796875,19.351562,21.664062,21.75,21.554688,21.578125,21.671875,21.671875,21.421875
3676,2021-06-25 03:30:00,3528,12.6796875,12.5703125,12.5625,12.5625,12.5078125,12.578125,12.625,12.9296875,13.3828125,19.21875,21.578125,21.742188,21.578125,21.585938,21.664062,21.664062,21.421875
3677,2021-06-25 03:45:00,3528,12.546875,12.359375,12.359375,12.359375,12.3203125,12.4140625,12.4921875,12.8203125,13.296875,19.070312,21.5,21.734375,21.585938,21.585938,21.664062,21.664062,21.414062
3678,2021-06-25 04:00:00,3522,12.4921875,12.3125,12.3125,12.3203125,12.296875,12.40625,12.4921875,12.84375,13.375,19.03125,21.414062,21.710938,21.59375,21.601562,21.664062,21.664062,21.414062
3679,2021-06-25 04:15:00,3528,12.4140625,12.3515625,12.34375,12.3359375,12.265625,12.3515625,12.40625,12.6875,13.15625,18.867188,21.328125,21.6875,21.609375,21.601562,21.664062,21.65625,21.421875
3680,2021-06-25 04:30:00,3516,12.2578125,12.0625,12.0546875,12.078125,12.0390625,12.15625,12.2578125,12.6015625,13.1171875,18.796875,21.25,21.679688,21.617188,21.609375,21.65625,21.65625,21.414062
3681,2021-06-25 04:45:00,3528,12.2265625,12.1015625,12.109375,12.1171875,12.0859375,12.1875,12.2734375,12.609375,13.0859375,18.703125,21.179688,21.65625,21.617188,21.617188,21.65625,21.648438,21.414062
3682,2021-06-25 05:00:00,3522,12.171875,12.09375,12.09375,12.09375,12.046875,12.15625,12.265625,12.6171875,13.1328125,18.648438,21.101562,21.632812,21.625,21.625,21.65625,21.648438,21.414062
3683,2021-06-25 05:15:00,3510,12.1953125,12.1953125,12.1796875,12.1640625,12.109375,12.2109375,12.3046875,12.640625,13.1640625,18.601562,21.03125,21.609375,21.625,21.625,21.65625,21.648438,21.40625
3684,2021-06-25 05:30:00,3522,12.2734375,12.171875,12.1875,12.1953125,12.171875,12.28125,12.3671875,12.6875,13.15625,18.523438,20.960938,21.578125,21.640625,21.632812,21.664062,21.648438,21.40625
3685,2021-06-25 05:45:00,3516,12.1796875,12.0078125,12.03125,12.0390625,12.015625,12.1171875,12.203125,12.5,12.984375,18.390625,20.898438,21.554688,21.632812,21.640625,21.664062,21.648438,21.40625
3686,2021-06-25 06:00:00,3510,12.0546875,11.9296875,11.9140625,11.921875,11.8828125,11.9921875,12.1015625,12.4453125,12.9453125,18.367188,20.835938,21.53125,21.632812,21.640625,21.664062,21.640625,21.40625
3687,2021-06-25 06:15:00,3510,12.0078125,11.9375,11.9140625,11.9140625,11.8671875,11.9453125,12.046875,12.375,12.875,18.296875,20.765625,21.507812,21.632812,21.648438,21.664062,21.640625,21.40625
3688,2021-06-25 06:30:00,3516,11.984375,11.859375,11.8671875,11.8671875,11.828125,11.9296875,12.03125,12.375,12.890625,18.242188,20.703125,21.476562,21.632812,21.648438,21.664062,21.640625,21.40625
3689,2021-06-25 06:45:00,3510,11.921875,11.921875,11.9140625,11.90625,11.8515625,11.9296875,12.0,12.3125,12.8046875,18.15625,20.640625,21.453125,21.625,21.65625,21.671875,21.648438,21.40625
3690,2021-06-25 07:00:00,3510,11.9375,11.8671875,11.875,11.8828125,11.84375,11.9453125,12.0234375,12.3359375,12.8203125,18.101562,20.59375,21.421875,21.625,21.65625,21.671875,21.640625,21.40625
3691,2021-06-25 07:15:00,3522,12.0078125,11.96875,11.96875,11.96875,11.9375,12.0546875,12.15625,12.4921875,12.9921875,18.085938,20.53125,21.390625,21.625,21.664062,21.664062,21.640625,21.40625
3692,2021-06-25 07:30:00,3522,12.03125,11.9453125,11.9453125,11.9609375,11.9296875,12.0390625,12.1328125,12.453125,12.953125,18.046875,20.476562,21.359375,21.617188,21.664062,21.679688,21.640625,21.40625
3693,2021-06-25 07:45:00,3510,12.0,11.8984375,11.9140625,11.9140625,11.8828125,11.984375,12.0703125,12.3828125,12.84375,17.976562,20.421875,21.335938,21.609375,21.664062,21.671875,21.640625,21.40625
3694,2021-06-25 08:00:00,3522,11.9453125,11.8515625,11.8515625,11.8515625,11.828125,11.9375,12.0546875,12.4140625,12.890625,17.929688,20.375,21.304688,21.601562,21.671875,21.679688,21.632812,21.40625
3695,2021-06-25 08:15:00,3510,11.9140625,11.78125,11.78125,11.78125,11.7578125,11.8515625,11.9453125,12.265625,12.75,17.867188,20.328125,21.28125,21.59375,21.664062,21.679688,21.632812,21.40625
3696,2021-06-25 08:30:00,3522,11.8671875,11.75,11.75,11.7578125,11.7265625,11.8515625,11.9375,12.25,12.71875,17.820312,20.28125,21.25,21.585938,21.664062,21.679688,21.640625,21.414062
3697,2021-06-25 08:45:00,3510,11.8046875,11.703125,11.703125,11.7109375,11.6875,11.8203125,11.9453125,12.296875,12.8046875,17.8125,20.226562,21.21875,21.578125,21.671875,21.679688,21.640625,21.40625
3698,2021-06-25 09:00:00,3516,11.84375,11.8203125,11.828125,11.8203125,11.78125,11.8828125,11.9765625,12.3046875,12.7890625,17.773438,20.179688,21.1875,21.570312,21.664062,21.679688,21.640625,21.40625
3699,2021-06-25 09:15:00,3510,11.875,11.7734375,11.796875,11.8046875,11.78125,11.890625,11.9921875,12.328125,12.828125,17.742188,20.140625,21.164062,21.554688,21.671875,21.6875,21.640625,21.40625
3700,2021-06-25 09:30:00,3522,11.9140625,11.875,11.8828125,11.875,11.84375,11.953125,12.0546875,12.40625,12.9140625,17.734375,20.09375,21.132812,21.546875,21.671875,21.679688,21.640625,21.40625
3701,2021-06-25 09:45:00,3510,11.90625,11.8984375,11.8984375,11.8828125,11.84375,11.9453125,12.046875,12.375,12.859375,17.679688,20.046875,21.101562,21.539062,21.671875,21.6875,21.640625,21.398438
3702,2021-06-25 10:00:00,3516,11.953125,11.9140625,11.921875,11.921875,11.890625,12.0078125,12.109375,12.421875,12.890625,17.648438,20.0,21.078125,21.523438,21.664062,21.679688,21.640625,21.40625
3703,2021-06-25 10:15:00,3510,11.875,11.7265625,11.7421875,11.75,11.7265625,11.84375,11.9375,12.2421875,12.703125,17.554688,19.960938,21.046875,21.507812,21.664062,21.6875,21.640625,21.40625
3704,2021-06-25 10:30:00,3510,11.71875,11.484375,11.5078125,11.5390625,11.53125,11.671875,11.796875,12.1171875,12.6484375,17.53125,19.921875,21.023438,21.5,21.65625,21.679688,21.640625,21.40625
3705,2021-06-25 10:45:00,3510,11.4609375,11.2578125,11.28125,11.3046875,11.3046875,11.4375,11.5703125,11.9140625,12.4453125,17.476562,19.882812,20.984375,21.484375,21.65625,21.679688,21.640625,21.398438
3706,2021-06-25 11:00:00,3504,11.3984375,11.2890625,11.3046875,11.3046875,11.296875,11.4375,11.5859375,11.953125,12.5,17.453125,19.84375,20.96875,21.46875,21.65625,21.679688,21.640625,21.398438
3707,2021-06-25 11:15:00,3510,11.34375,11.2734375,11.296875,11.296875,11.2890625,11.3984375,11.515625,11.8203125,12.34375,17.390625,19.804688,20.929688,21.460938,21.648438,21.679688,21.640625,21.398438
3708,2021-06-25 11:30:00,3504,11.28125,11.1796875,11.203125,11.21875,11.2109375,11.328125,11.4609375,11.78125,12.296875,17.320312,19.765625,20.90625,21.4375,21.640625,21.6875,21.640625,21.398438
3709,2021-06-25 11:45:00,3504,11.25,11.140625,11.1640625,11.171875,11.1640625,11.28125,11.390625,11.6796875,12.203125,17.257812,19.71875,20.882812,21.421875,21.640625,21.679688,21.640625,21.398438
3710,2021-06-25 12:00:00,3510,11.3203125,11.3046875,11.3125,11.3203125,11.296875,11.3984375,11.5,11.7734375,12.25,17.226562,19.6875,20.851562,21.414062,21.632812,21.679688,21.632812,21.398438
3711,2021-06-25 12:15:00,3504,11.3203125,11.2421875,11.2734375,11.2890625,11.296875,11.4296875,11.5703125,11.890625,12.375,17.21875,19.640625,20.828125,21.390625,21.632812,21.679688,21.632812,21.390625
3712,2021-06-25 12:30:00,3504,11.296875,11.25,11.265625,11.2734375,11.265625,11.375,11.4921875,11.78125,12.2578125,17.179688,19.609375,20.796875,21.375,21.625,21.671875,21.632812,21.398438
3713,2021-06-25 12:45:00,3504,11.28125,11.2109375,11.234375,11.2421875,11.234375,11.3515625,11.4765625,11.7734375,12.265625,17.171875,19.570312,20.765625,21.367188,21.625,21.664062,21.625,21.390625
3714,2021-06-25 13:00:00,3510,11.234375,11.1171875,11.1484375,11.1640625,11.171875,11.3203125,11.4609375,11.7734375,12.28125,17.148438,19.53125,20.734375,21.351562,21.617188,21.671875,21.625,21.382812
3715,2021-06-25 13:15:00,3510,11.1015625,10.984375,11.0,11.0078125,11.0078125,11.1328125,11.2890625,11.609375,12.1796875,17.101562,19.492188,20.710938,21.328125,21.609375,21.671875,21.632812,21.390625
3716,2021-06-25 13:30:00,3510,11.1328125,11.0703125,11.0859375,11.09375,11.1015625,11.265625,11.4296875,11.7734375,12.3671875,17.132812,19.460938,20.6875,21.320312,21.601562,21.664062,21.625,21.382812
3717,2021-06-25 13:45:00,3504,11.1953125,11.203125,11.2109375,11.21875,11.1953125,11.328125,11.46875,11.828125,12.3984375,17.125,19.429688,20.648438,21.296875,21.59375,21.664062,21.617188,21.375
3718,2021-06-25 14:00:00,3504,11.375,11.3828125,11.3984375,11.4140625,11.4296875,11.546875,11.6953125,12.0546875,12.5625,17.109375,19.390625,20.625,21.28125,21.585938,21.664062,21.625,21.375
3719,2021-06-25 14:15:00,3510,11.5234375,11.4921875,11.5234375,11.5546875,11.5625,11.671875,11.8359375,12.1796875,12.6640625,17.109375,19.359375,20.59375,21.265625,21.578125,21.65625,21.617188,21.375
3720,2021-06-25 14:30:00,3510,11.546875,11.3515625,11.3984375,11.4375,11.484375,11.640625,11.8125,12.1328125,12.640625,17.101562,19.328125,20.570312,21.25,21.570312,21.65625,21.617188,21.375
3721,2021-06-25 14:45:00,3504,11.6171875,11.5546875,11.5859375,11.609375,11.640625,11.7890625,11.9453125,12.234375,12.6875,17.09375,19.296875,20.546875,21.234375,21.5625,21.648438,21.609375,21.367188
3722,2021-06-25 15:00:00,3504,11.7734375,11.6953125,11.7265625,11.765625,11.8046875,11.9453125,12.1171875,12.40625,12.890625,17.125,19.265625,20.515625,21.21875,21.546875,21.648438,21.609375,21.367188
3723,2021-06-25 15:15:00,3510,11.9765625,11.84375,11.890625,11.9296875,12.0,12.15625,12.34375,12.65625,13.125,17.164062,19.25,20.5,21.203125,21.546875,21.632812,21.609375,21.359375
3724,2021-06-25 15:30:00,3504,12.125,12.0,12.0390625,12.0859375,12.1484375,12.3125,12.4921875,12.7578125,13.21875,17.195312,19.21875,20.46875,21.179688,21.53125,21.625,21.601562,21.359375
3725,2021-06-25 15:45:00,3504,12.390625,12.2421875,12.296875,12.34375,12.4296875,12.59375,12.796875,13.0703125,13.5234375,17.273438,19.195312,20.445312,21.164062,21.523438,21.625,21.601562,21.351562
3726,2021-06-25 16:00:00,3498,12.6796875,12.65625,12.6796875,12.703125,12.75,12.8671875,13.03125,13.265625,13.7109375,17.320312,19.171875,20.421875,21.148438,21.515625,21.625,21.59375,21.351562
3727,2021-06-25 16:15:00,3510,12.859375,12.53125,12.578125,12.640625,12.734375,12.90625,13.125,13.40625,13.8828125,17.421875,19.15625,20.398438,21.125,21.5,21.625,21.585938,21.34375
3728,2021-06-25 16:30:00,3498,13.09375,12.8125,12.8671875,12.9296875,13.0390625,13.1875,13.40625,13.671875,14.1328125,17.5,19.140625,20.367188,21.109375,21.492188,21.609375,21.59375,21.34375
3729,2021-06-25 16:45:00,3504,13.359375,13.0625,13.109375,13.1796875,13.3125,13.4765625,13.734375,14.0234375,14.5078125,17.640625,19.125,20.34375,21.085938,21.484375,21.609375,21.585938,21.335938
3730,2021-06-25 17:00:00,3498,13.734375,13.4140625,13.4765625,13.5546875,13.703125,13.8671875,14.1171875,14.375,14.84375,17.765625,19.117188,20.328125,21.0625,21.476562,21.601562,21.578125,21.335938
3731,2021-06-25 17:15:00,3498,14.2890625,13.859375,13.9140625,14.03125,14.2109375,14.3984375,14.703125,14.953125,15.421875,17.984375,19.109375,20.304688,21.054688,21.460938,21.59375,21.578125,21.328125
3732,2021-06-25 17:30:00,3498,14.6328125,14.1328125,14.1953125,14.2890625,14.4609375,14.609375,14.90625,15.1953125,15.6875,18.140625,19.109375,20.28125,21.039062,21.453125,21.585938,21.570312,21.320312
3733,2021-06-25 17:45:00,3504,15.5234375,14.9609375,15.03125,15.1328125,15.3203125,15.421875,15.7578125,16.0,16.492188,18.4375,19.117188,20.257812,21.015625,21.445312,21.578125,21.5625,21.3125
3734,2021-06-25 18:00:00,3498,15.328125,14.375,14.390625,14.5,14.6953125,14.8671875,15.1953125,15.46875,16.046875,18.507812,19.125,20.242188,21.0,21.429688,21.578125,21.5625,21.3125
3735,2021-06-25 18:15:00,3504,15.4609375,14.6640625,14.7265625,14.828125,15.0,15.140625,15.453125,15.7109375,16.273438,18.609375,19.140625,20.21875,20.984375,21.414062,21.578125,21.554688,21.3125
3736,2021-06-25 18:30:00,3504,15.78125,15.046875,15.09375,15.203125,15.40625,15.5703125,15.921875,16.242188,16.8125,18.78125,19.164062,20.203125,20.96875,21.40625,21.554688,21.546875,21.296875
3737,2021-06-25 18:45:00,3504,16.46875,15.578125,15.640625,15.796875,16.09375,16.273438,16.671875,16.929688,17.453125,19.054688,19.1875,20.195312,20.953125,21.398438,21.554688,21.546875,21.296875
3738,2021-06-25 19:00:00,3498,17.78125,17.125,17.148438,17.265625,17.5625,17.640625,18.007812,18.226562,18.71875,19.53125,19.210938,20.179688,20.929688,21.382812,21.546875,21.539062,21.289062
3739,2021-06-25 19:15:00,3504,19.921875,18.539062,18.570312,18.710938,19.226562,19.460938,19.976562,20.359375,21.171875,20.625,19.242188,20.164062,20.921875,21.375,21.539062,21.53125,21.289062
3740,2021-06-25 19:30:00,3510,20.960938,19.351562,19.34375,19.59375,20.28125,20.5625,21.210938,22.015625,23.203125,21.65625,19.296875,20.164062,20.90625,21.359375,21.523438,21.523438,21.273438
3741,2021-06-25 19:45:00,3504,22.390625,20.609375,20.953125,21.109375,22.109375,22.40625,23.789062,24.570312,25.585938,22.929688,19.359375,20.148438,20.890625,21.351562,21.523438,21.515625,21.265625
3742,2021-06-25 20:00:00,3510,23.445312,21.671875,22.109375,21.8125,23.335938,23.484375,24.75,25.25,26.695312,23.953125,19.460938,20.148438,20.875,21.335938,21.515625,21.515625,21.265625
3743,2021-06-25 20:15:00,3504,24.804688,23.15625,23.484375,22.828125,24.523438,24.414062,25.367188,25.789062,27.476562,24.625,19.59375,20.140625,20.859375,21.328125,21.5,21.5,21.25
3744,2021-06-25 19:00:00,3498,17.78125,17.125,17.148438,17.265625,17.5625,17.640625,18.007812,18.226562,18.71875,19.53125,19.210938,20.179688,20.929688,21.382812,21.546875,21.539062,21.289062
3745,2021-06-25 19:15:00,3504,19.921875,18.539062,18.570312,18.710938,19.226562,19.460938,19.976562,20.359375,21.171875,20.625,19.242188,20.164062,20.921875,21.375,21.539062,21.53125,21.289062
3746,2021-06-25 19:30:00,3510,20.960938,19.351562,19.34375,19.59375,20.28125,20.5625,21.210938,22.015625,23.203125,21.65625,19.296875,20.164062,20.90625,21.359375,21.523438,21.523438,21.273438
3747,2021-06-25 19:45:00,3504,22.390625,20.609375,20.953125,21.109375,22.109375,22.40625,23.789062,24.570312,25.585938,22.929688,19.359375,20.148438,20.890625,21.351562,21.523438,21.515625,21.265625
3748,2021-06-25 20:00:00,3510,23.445312,21.671875,22.109375,21.8125,23.335938,23.484375,24.75,25.25,26.695312,23.953125,19.460938,20.148438,20.875,21.335938,21.515625,21.515625,21.265625
3749,2021-06-25 20:15:00,3504,24.804688,23.15625,23.484375,22.828125,24.523438,24.414062,25.367188,25.789062,27.476562,24.625,19.59375,20.140625,20.859375,21.328125,21.5,21.5,21.25
3750,2021-06-25 20:30:00,3510,25.445312,23.0625,23.289062,22.929688,24.429688,24.476562,24.75,25.820312,27.3125,25.046875,19.742188,20.148438,20.84375,21.320312,21.5,21.492188,21.25
3751,2021-06-25 20:45:00,3510,26.234375,24.164062,24.328125,24.1875,25.257812,25.445312,25.976562,26.6875,28.492188,25.421875,19.914062,20.15625,20.835938,21.304688,21.484375,21.484375,21.242188
3752,2021-06-25 21:00:00,3510,26.617188,24.257812,24.25,24.398438,25.492188,25.539062,26.320312,27.0625,29.320312,25.578125,20.101562,20.171875,20.820312,21.296875,21.476562,21.484375,21.234375
3753,2021-06-25 21:15:00,3516,26.734375,24.375,23.710938,24.398438,24.632812,24.898438,25.984375,26.75,28.328125,25.65625,20.296875,20.203125,20.8125,21.273438,21.46875,21.476562,21.226562
3754,2021-06-25 21:30:00,3510,26.171875,23.40625,23.023438,23.640625,23.796875,24.273438,25.390625,26.3125,27.765625,25.882812,20.484375,20.21875,20.796875,21.273438,21.46875,21.46875,21.21875
3755,2021-06-25 21:45:00,3522,26.0,23.929688,23.546875,24.234375,24.1875,25.117188,25.414062,26.414062,27.882812,25.90625,20.671875,20.257812,20.796875,21.257812,21.453125,21.460938,21.210938
3756,2021-06-25 22:00:00,3522,25.726562,23.789062,23.296875,23.828125,23.828125,24.914062,24.789062,25.773438,27.5,25.9375,20.851562,20.296875,20.789062,21.242188,21.4375,21.453125,21.210938
3757,2021-06-25 22:15:00,3522,25.578125,23.085938,22.773438,23.179688,23.320312,24.65625,24.398438,25.523438,26.976562,25.632812,21.023438,20.335938,20.78125,21.242188,21.4375,21.445312,21.195312
3758,2021-06-25 22:30:00,3522,25.101562,23.070312,22.53125,23.125,22.804688,24.039062,23.640625,24.632812,25.984375,25.398438,21.179688,20.390625,20.773438,21.21875,21.421875,21.4375,21.1875
3759,2021-06-25 22:45:00,3522,24.34375,21.96875,21.539062,22.335938,21.960938,22.804688,23.09375,23.53125,24.835938,25.140625,21.320312,20.4375,20.78125,21.21875,21.414062,21.429688,21.179688
3760,2021-06-25 23:00:00,3528,24.328125,22.101562,21.71875,22.664062,22.210938,22.476562,22.726562,23.265625,24.648438,24.820312,21.4375,20.492188,20.78125,21.203125,21.398438,21.414062,21.179688
3761,2021-06-25 23:15:00,3528,24.085938,22.453125,21.9375,22.4375,22.171875,22.265625,21.890625,22.710938,24.367188,24.445312,21.53125,20.554688,20.78125,21.203125,21.390625,21.40625,21.171875
3762,2021-06-25 23:30:00,3528,24.210938,22.078125,21.671875,21.984375,21.664062,22.171875,21.945312,22.953125,24.039062,24.117188,21.617188,20.609375,20.789062,21.179688,21.382812,21.398438,21.164062
3763,2021-06-25 23:45:00,3522,22.71875,19.578125,19.3125,19.070312,19.0,19.148438,19.375,19.804688,20.773438,23.570312,21.671875,20.664062,20.796875,21.179688,21.375,21.390625,21.148438
3764,2021-06-26 00:00:00,3522,19.117188,16.921875,16.710938,16.609375,16.476562,16.53125,16.5625,16.9375,17.765625,22.53125,21.71875,20.71875,20.804688,21.171875,21.359375,21.382812,21.148438
3765,2021-06-26 00:15:00,3528,18.21875,16.976562,16.875,16.554688,16.601562,16.78125,16.796875,17.078125,17.710938,22.054688,21.734375,20.78125,20.8125,21.164062,21.359375,21.375,21.140625
3766,2021-06-26 00:30:00,3528,17.515625,16.796875,16.515625,16.304688,16.289062,16.414062,16.359375,16.695312,17.203125,21.6875,21.726562,20.828125,20.828125,21.15625,21.34375,21.367188,21.125
3767,2021-06-26 00:45:00,3522,16.65625,16.046875,15.765625,15.6015625,15.375,15.375,15.390625,15.7578125,16.414062,21.328125,21.703125,20.875,20.835938,21.148438,21.335938,21.359375,21.125
3768,2021-06-26 01:00:00,3522,15.734375,15.125,14.984375,14.890625,14.734375,14.796875,14.828125,15.15625,15.71875,20.914062,21.664062,20.914062,20.859375,21.140625,21.328125,21.351562,21.117188
3769,2021-06-26 01:15:00,3522,15.1171875,14.6953125,14.5625,14.4765625,14.3359375,14.40625,14.4609375,14.8046875,15.359375,20.648438,21.609375,20.953125,20.875,21.140625,21.320312,21.34375,21.101562
3770,2021-06-26 01:30:00,3528,15.1953125,15.078125,15.03125,15.0,14.9375,15.0078125,15.0859375,15.3359375,15.7578125,20.515625,21.546875,20.992188,20.890625,21.132812,21.3125,21.328125,21.101562
3771,2021-06-26 01:45:00,3528,14.8359375,14.34375,14.2578125,14.2265625,14.15625,14.2578125,14.390625,14.734375,15.3203125,20.335938,21.484375,21.015625,20.90625,21.132812,21.304688,21.328125,21.09375
3772,2021-06-26 02:00:00,3528,14.671875,14.1328125,14.1328125,14.15625,14.1796875,14.3203125,14.5,14.8359375,15.421875,20.210938,21.414062,21.03125,20.921875,21.125,21.296875,21.320312,21.09375
3773,2021-06-26 02:15:00,3528,14.375,14.0078125,13.9921875,13.9921875,13.9765625,14.1015625,14.2421875,14.6171875,15.1953125,20.039062,21.34375,21.054688,20.9375,21.125,21.289062,21.304688,21.085938
3774,2021-06-26 02:30:00,3528,14.0078125,13.453125,13.4609375,13.515625,13.546875,13.703125,13.875,14.2578125,14.8359375,19.835938,21.28125,21.0625,20.953125,21.125,21.28125,21.304688,21.085938
3775,2021-06-26 02:45:00,3522,13.65625,13.3984375,13.390625,13.40625,13.375,13.5,13.6328125,14.0,14.5625,19.65625,21.210938,21.070312,20.960938,21.125,21.273438,21.296875,21.078125
3776,2021-06-26 03:00:00,3528,13.515625,13.2265625,13.2421875,13.2578125,13.25,13.3828125,13.5078125,13.84375,14.390625,19.476562,21.148438,21.078125,20.976562,21.125,21.265625,21.289062,21.078125
3777,2021-06-26 03:15:00,3516,13.1953125,12.9375,12.9296875,12.9375,12.921875,13.046875,13.1953125,13.5546875,14.125,19.328125,21.078125,21.078125,20.992188,21.132812,21.265625,21.28125,21.0625
3778,2021-06-26 03:30:00,3522,13.0625,12.8671875,12.859375,12.875,12.8515625,12.984375,13.140625,13.53125,14.078125,19.234375,21.015625,21.070312,21.0,21.125,21.265625,21.28125,21.0625
3779,2021-06-26 03:45:00,3516,12.9375,12.828125,12.8046875,12.8125,12.7734375,12.8828125,13.0,13.3359375,13.8828125,19.078125,20.945312,21.070312,21.015625,21.125,21.257812,21.273438,21.054688
3780,2021-06-26 04:00:00,3522,12.8359375,12.765625,12.75,12.7421875,12.6875,12.7890625,12.9140625,13.2734375,13.8125,18.96875,20.875,21.0625,21.023438,21.132812,21.242188,21.265625,21.054688
3781,2021-06-26 04:15:00,3522,12.78125,12.671875,12.6640625,12.671875,12.6328125,12.7421875,12.8671875,13.203125,13.7421875,18.859375,20.8125,21.054688,21.03125,21.132812,21.242188,21.257812,21.046875
3782,2021-06-26 04:30:00,3522,12.7578125,12.6640625,12.671875,12.6796875,12.640625,12.7421875,12.84375,13.1640625,13.6484375,18.734375,20.742188,21.046875,21.039062,21.140625,21.234375,21.25,21.054688
3783,2021-06-26 04:45:00,3522,12.6640625,12.5078125,12.5234375,12.5234375,12.5,12.6328125,12.7578125,13.1015625,13.625,18.648438,20.679688,21.023438,21.046875,21.140625,21.242188,21.25,21.046875
3784,2021-06-26 05:00:00,3522,12.6875,12.625,12.640625,12.6328125,12.6015625,12.71875,12.828125,13.140625,13.6328125,18.5625,20.617188,21.015625,21.054688,21.140625,21.234375,21.242188,21.039062
3785,2021-06-26 05:15:00,3522,12.4765625,12.234375,12.25,12.265625,12.265625,12.3984375,12.5234375,12.8359375,13.3359375,18.4375,20.554688,21.0,21.054688,21.148438,21.234375,21.234375,21.039062
3786,2021-06-26 05:30:00,3516,12.40625,12.3203125,12.3203125,12.328125,12.2890625,12.3984375,12.5234375,12.84375,13.3125,18.34375,20.5,20.984375,21.0625,21.140625,21.226562,21.234375,21.039062
3787,2021-06-26 05:45:00,3516,12.3671875,12.234375,12.25,12.265625,12.2421875,12.359375,12.4765625,12.8046875,13.3203125,18.28125,20.4375,20.960938,21.070312,21.148438,21.226562,21.234375,21.03125
3788,2021-06-26 06:00:00,3516,12.28125,12.1484375,12.1640625,12.1796875,12.171875,12.3046875,12.453125,12.796875,13.3203125,18.226562,20.382812,20.945312,21.0625,21.148438,21.226562,21.226562,21.03125
3789,2021-06-26 06:15:00,3522,12.3046875,12.25,12.265625,12.2734375,12.25,12.375,12.5,12.8203125,13.3125,18.171875,20.320312,20.929688,21.0625,21.148438,21.226562,21.21875,21.03125
3790,2021-06-26 06:30:00,3522,12.3203125,12.2890625,12.3046875,12.3046875,12.265625,12.3828125,12.4921875,12.796875,13.265625,18.101562,20.257812,20.90625,21.0625,21.15625,21.21875,21.21875,21.03125
3791,2021-06-26 06:45:00,3522,12.2421875,12.09375,12.1171875,12.125,12.109375,12.25,12.3671875,12.6875,13.1875,18.03125,20.210938,20.882812,21.0625,21.15625,21.226562,21.210938,21.023438
3792,2021-06-26 07:00:00,3516,12.1953125,12.125,12.140625,12.1484375,12.125,12.2421875,12.3671875,12.671875,13.171875,17.96875,20.15625,20.867188,21.0625,21.15625,21.21875,21.210938,21.023438
3793,2021-06-26 07:15:00,3516,12.1875,12.140625,12.15625,12.15625,12.1328125,12.265625,12.40625,12.75,13.234375,17.953125,20.109375,20.835938,21.054688,21.15625,21.21875,21.210938,21.023438
3794,2021-06-26 07:30:00,3522,12.25,12.2265625,12.2421875,12.2578125,12.234375,12.3515625,12.46875,12.7734375,13.25,17.898438,20.054688,20.820312,21.054688,21.164062,21.210938,21.203125,21.015625
3795,2021-06-26 07:45:00,3522,12.203125,12.046875,12.0859375,12.1015625,12.1015625,12.2421875,12.3984375,12.7109375,13.203125,17.84375,20.007812,20.796875,21.046875,21.15625,21.21875,21.203125,21.015625
3796,2021-06-26 08:00:00,3510,12.09375,12.0078125,12.015625,12.0234375,12.015625,12.1484375,12.296875,12.6015625,13.109375,17.796875,19.953125,20.765625,21.046875,21.15625,21.210938,21.203125,21.015625
3797,2021-06-26 08:15:00,3516,11.9765625,11.8515625,11.859375,11.8828125,11.8671875,12.0078125,12.1484375,12.4765625,12.984375,17.703125,19.914062,20.734375,21.039062,21.15625,21.210938,21.203125,21.023438
3798,2021-06-26 08:30:00,3516,11.875,11.734375,11.7578125,11.78125,11.78125,11.9140625,12.046875,12.3203125,12.78125,17.632812,19.875,20.71875,21.039062,21.15625,21.210938,21.195312,21.015625
3799,2021-06-26 08:45:00,3522,11.828125,11.78125,11.7890625,11.796875,11.78125,11.890625,12.0234375,12.2890625,12.7578125,17.59375,19.820312,20.695312,21.03125,21.15625,21.210938,21.195312,21.015625
3800,2021-06-26 09:00:00,3510,11.8671875,11.8046875,11.828125,11.8359375,11.828125,11.9375,12.046875,12.296875,12.7265625,17.492188,19.78125,20.671875,21.023438,21.164062,21.203125,21.195312,21.015625
3801,2021-06-26 09:15:00,3510,11.8125,11.6953125,11.71875,11.734375,11.71875,11.84375,11.96875,12.2265625,12.6796875,17.460938,19.734375,20.648438,21.007812,21.15625,21.210938,21.1875,21.015625
3802,2021-06-26 09:30:00,3510,11.7890625,11.7265625,11.7578125,11.765625,11.765625,11.875,11.984375,12.234375,12.6875,17.429688,19.6875,20.617188,21.0,21.15625,21.203125,21.195312,21.007812
3803,2021-06-26 09:45:00,3522,11.7265625,11.625,11.640625,11.65625,11.65625,11.7890625,11.921875,12.21875,12.7265625,17.398438,19.648438,20.59375,20.992188,21.15625,21.203125,21.1875,21.015625
3804,2021-06-26 10:00:00,3510,11.765625,11.734375,11.7578125,11.765625,11.7578125,11.8671875,11.9921875,12.2890625,12.7734375,17.375,19.609375,20.570312,20.984375,21.15625,21.210938,21.1875,21.007812
3805,2021-06-26 10:15:00,3510,11.7734375,11.734375,11.7578125,11.7734375,11.765625,11.8828125,12.015625,12.3046875,12.7890625,17.367188,19.570312,20.546875,20.976562,21.148438,21.203125,21.1875,21.007812
3806,2021-06-26 10:30:00,3504,11.84375,11.8046875,11.8359375,11.8515625,11.84375,11.9765625,12.1015625,12.3828125,12.796875,17.34375,19.523438,20.515625,20.96875,21.148438,21.203125,21.179688,21.007812
3807,2021-06-26 10:45:00,3504,11.8203125,11.7890625,11.8203125,11.828125,11.8359375,11.96875,12.1171875,12.4296875,12.875,17.34375,19.492188,20.492188,20.953125,21.140625,21.203125,21.171875,21.007812
3808,2021-06-26 11:00:00,3510,11.7578125,11.6640625,11.6875,11.6953125,11.6875,11.8203125,11.9609375,12.25,12.7578125,17.3125,19.453125,20.46875,20.9375,21.132812,21.195312,21.179688,21.0
3809,2021-06-26 11:15:00,3504,11.734375,11.6796875,11.703125,11.7109375,11.7265625,11.875,12.03125,12.3203125,12.8359375,17.304688,19.421875,20.445312,20.929688,21.140625,21.195312,21.179688,21.0
3810,2021-06-26 11:30:00,3510,11.7578125,11.6796875,11.703125,11.7265625,11.765625,11.9453125,12.1328125,12.4921875,13.0625,17.335938,19.390625,20.421875,20.914062,21.132812,21.195312,21.179688,21.007812
3811,2021-06-26 11:45:00,3504,11.703125,11.6171875,11.640625,11.65625,11.65625,11.8046875,11.984375,12.3125,12.8203125,17.296875,19.351562,20.398438,20.898438,21.125,21.1875,21.171875,21.0
3812,2021-06-26 12:00:00,3516,11.6796875,11.6171875,11.640625,11.671875,11.6875,11.8671875,12.0390625,12.3515625,12.8515625,17.273438,19.320312,20.375,20.890625,21.117188,21.1875,21.171875,21.0
3813,2021-06-26 12:15:00,3498,11.6875,11.6484375,11.6796875,11.6796875,11.6796875,11.8125,11.9453125,12.21875,12.6953125,17.195312,19.289062,20.351562,20.882812,21.117188,21.179688,21.164062,20.992188
3814,2021-06-26 12:30:00,3504,11.671875,11.5859375,11.6171875,11.625,11.6171875,11.75,11.875,12.140625,12.640625,17.148438,19.257812,20.320312,20.867188,21.109375,21.1875,21.171875,21.0
3815,2021-06-26 12:45:00,3510,11.671875,11.6171875,11.6484375,11.6640625,11.6640625,11.7890625,11.921875,12.1875,12.6640625,17.101562,19.226562,20.289062,20.851562,21.101562,21.1875,21.164062,20.984375
3816,2021-06-26 13:00:00,3510,11.6640625,11.5859375,11.609375,11.625,11.625,11.765625,11.9140625,12.234375,12.7578125,17.09375,19.195312,20.273438,20.835938,21.101562,21.179688,21.164062,20.984375
3817,2021-06-26 13:15:00,3504,11.625,11.5390625,11.5703125,11.59375,11.625,11.7734375,11.9296875,12.203125,12.6640625,17.070312,19.164062,20.242188,20.820312,21.085938,21.171875,21.15625,20.984375
3818,2021-06-26 13:30:00,3504,11.640625,11.609375,11.640625,11.65625,11.6640625,11.8125,11.9609375,12.25,12.7578125,17.078125,19.140625,20.226562,20.804688,21.085938,21.171875,21.15625,20.984375
3819,2021-06-26 13:45:00,3504,11.8046875,11.78125,11.84375,11.8828125,11.9140625,12.0859375,12.2734375,12.6328125,13.25,17.148438,19.109375,20.203125,20.789062,21.078125,21.164062,21.15625,20.984375
3820,2021-06-26 14:00:00,3510,11.8671875,11.71875,11.7734375,11.796875,11.84375,12.0390625,12.234375,12.5859375,13.1640625,17.171875,19.078125,20.179688,20.78125,21.070312,21.164062,21.148438,20.976562
3821,2021-06-26 14:15:00,3510,11.984375,11.921875,11.9453125,11.984375,12.0234375,12.2265625,12.4296875,12.7109375,13.2265625,17.1875,19.054688,20.15625,20.765625,21.070312,21.164062,21.148438,20.96875
3822,2021-06-26 14:30:00,3510,12.1875,12.1328125,12.1796875,12.234375,12.3046875,12.515625,12.7109375,13.0546875,13.546875,17.21875,19.03125,20.132812,20.742188,21.054688,21.15625,21.148438,20.976562
3823,2021-06-26 14:45:00,3504,12.375,12.296875,12.3125,12.359375,12.4296875,12.671875,12.9140625,13.28125,13.828125,17.273438,19.007812,20.109375,20.734375,21.046875,21.148438,21.140625,20.96875
3824,2021-06-26 15:00:00,3504,12.7421875,12.796875,12.8046875,12.875,12.9609375,13.1875,13.4453125,13.8125,14.265625,17.375,18.984375,20.085938,20.71875,21.046875,21.148438,21.132812,20.96875
3825,2021-06-26 15:15:00,3504,13.515625,13.5625,13.609375,13.75,13.8828125,14.1484375,14.484375,14.78125,15.1484375,17.609375,18.96875,20.0625,20.703125,21.03125,21.140625,21.132812,20.960938
3826,2021-06-26 15:30:00,3510,13.8359375,13.5390625,13.4453125,13.6015625,13.7734375,14.0859375,14.453125,14.8359375,15.359375,17.789062,18.953125,20.046875,20.6875,21.023438,21.140625,21.132812,20.960938
3827,2021-06-26 15:45:00,3504,14.75,14.921875,14.96875,15.09375,15.203125,15.3984375,15.5390625,15.7890625,16.179688,18.007812,18.953125,20.015625,20.671875,21.015625,21.132812,21.125,20.953125
3828,2021-06-26 16:00:00,3510,15.71875,15.4453125,15.5625,15.703125,15.7890625,16.015625,16.164062,16.398438,16.8125,18.289062,18.945312,20.0,20.65625,21.007812,21.125,21.125,20.953125
3829,2021-06-26 16:15:00,3498,17.164062,16.445312,16.65625,16.90625,17.0,17.289062,17.367188,17.515625,17.921875,18.695312,18.953125,19.976562,20.632812,21.0,21.117188,21.117188,20.953125
3830,2021-06-26 16:30:00,3504,19.789062,19.375,19.867188,20.375,20.609375,20.90625,20.25,20.234375,20.335938,19.476562,18.96875,19.960938,20.625,20.992188,21.125,21.109375,20.945312
3831,2021-06-26 16:45:00,3498,21.5,20.226562,20.65625,21.09375,21.25,21.609375,21.34375,21.523438,21.9375,20.132812,19.0,19.945312,20.609375,20.984375,21.117188,21.109375,20.9375
3832,2021-06-26 17:00:00,3504,22.625,20.773438,21.257812,21.726562,21.898438,22.648438,22.21875,22.40625,22.929688,20.6875,19.039062,19.929688,20.59375,20.976562,21.109375,21.101562,20.9375
3833,2021-06-26 17:15:00,3510,23.085938,20.789062,21.273438,21.757812,21.875,22.859375,22.820312,22.882812,23.476562,21.171875,19.109375,19.914062,20.585938,20.960938,21.101562,21.101562,20.929688
3834,2021-06-26 17:30:00,3504,23.421875,20.625,21.195312,21.515625,21.695312,22.945312,23.15625,23.257812,24.203125,21.679688,19.1875,19.90625,20.570312,20.960938,21.09375,21.085938,20.921875
3835,2021-06-26 17:45:00,3510,23.75,21.710938,22.296875,22.5,22.828125,23.703125,23.882812,24.242188,24.984375,22.09375,19.28125,19.898438,20.554688,20.945312,21.09375,21.085938,20.921875
3836,2021-06-26 18:00:00,3510,24.445312,22.109375,22.710938,22.984375,23.078125,23.640625,24.210938,24.976562,25.929688,22.71875,19.382812,19.898438,20.539062,20.9375,21.085938,21.085938,20.914062
3837,2021-06-26 18:15:00,3510,24.84375,22.398438,22.90625,23.125,23.078125,24.039062,24.421875,25.125,26.265625,23.203125,19.507812,19.90625,20.523438,20.929688,21.078125,21.085938,20.914062
3838,2021-06-26 18:30:00,3516,24.625,21.945312,22.375,22.992188,23.359375,24.398438,24.828125,25.585938,26.882812,23.765625,19.625,19.90625,20.515625,20.914062,21.070312,21.078125,20.90625
3839,2021-06-26 18:45:00,3516,24.578125,22.21875,22.882812,23.585938,23.640625,24.953125,25.039062,25.984375,27.570312,24.367188,19.757812,19.914062,20.5,20.90625,21.070312,21.070312,20.898438
3840,2021-06-26 19:00:00,3516,25.5625,23.085938,23.59375,24.320312,24.625,25.695312,25.625,26.632812,28.679688,24.90625,19.898438,19.9375,20.484375,20.898438,21.054688,21.0625,20.898438
3841,2021-06-26 19:15:00,3516,25.625,23.09375,23.523438,23.976562,24.367188,25.210938,25.34375,26.78125,28.617188,25.375,20.046875,19.953125,20.476562,20.890625,21.046875,21.054688,20.890625
3842,2021-06-26 19:30:00,3516,26.195312,23.539062,24.0625,24.328125,24.804688,25.5625,25.976562,27.820312,29.335938,25.929688,20.210938,19.984375,20.476562,20.882812,21.039062,21.054688,20.882812
3843,2021-06-26 19:45:00,3522,26.179688,23.476562,24.023438,24.085938,24.734375,25.4375,25.960938,27.53125,28.90625,26.179688,20.359375,20.007812,20.46875,20.875,21.03125,21.054688,20.882812
3844,2021-06-26 20:00:00,3510,26.234375,23.710938,24.140625,24.359375,25.148438,25.4375,26.3125,27.101562,28.695312,26.578125,20.53125,20.039062,20.460938,20.867188,21.023438,21.039062,20.875
3845,2021-06-26 20:15:00,3522,25.726562,22.882812,23.210938,22.773438,24.273438,24.820312,25.367188,26.21875,27.96875,26.9375,20.703125,20.085938,20.453125,20.851562,21.023438,21.039062,20.867188
3846,2021-06-26 20:30:00,3528,25.851562,23.242188,23.453125,22.882812,24.296875,24.84375,25.0,26.234375,27.648438,26.898438,20.875,20.125,20.460938,20.84375,21.007812,21.023438,20.859375
3847,2021-06-26 20:45:00,3528,26.25,23.96875,24.125,23.8125,24.835938,25.734375,25.53125,26.726562,28.226562,26.929688,21.054688,20.179688,20.460938,20.835938,21.007812,21.023438,20.859375
3848,2021-06-26 21:00:00,3522,26.210938,24.0,24.140625,23.859375,24.9375,25.765625,25.914062,27.132812,28.734375,27.054688,21.21875,20.226562,20.460938,20.828125,21.0,21.015625,20.851562
3849,2021-06-26 21:15:00,3528,26.6875,24.226562,24.210938,24.21875,25.328125,25.679688,26.359375,27.375,28.929688,27.25,21.382812,20.28125,20.460938,20.820312,20.992188,21.007812,20.84375
3850,2021-06-26 21:30:00,3528,27.351562,25.492188,25.28125,25.546875,26.15625,26.820312,27.617188,28.445312,29.5625,27.414062,21.554688,20.34375,20.460938,20.8125,20.984375,21.0,20.84375
3851,2021-06-26 21:45:00,3528,27.953125,25.898438,25.59375,25.953125,26.226562,27.179688,27.460938,28.226562,29.585938,27.476562,21.710938,20.398438,20.476562,20.804688,20.976562,21.0,20.835938
3852,2021-06-26 22:00:00,3528,28.109375,25.648438,25.554688,25.515625,25.96875,27.539062,27.054688,28.15625,29.671875,27.460938,21.867188,20.460938,20.476562,20.804688,20.96875,20.992188,20.828125
3853,2021-06-26 22:15:00,3528,27.8125,25.210938,24.96875,24.867188,24.90625,26.3125,25.921875,26.992188,28.554688,27.210938,22.015625,20.523438,20.5,20.789062,20.960938,20.984375,20.828125
3854,2021-06-26 22:30:00,3528,27.5625,25.125,24.796875,24.570312,24.414062,25.742188,25.546875,26.28125,27.671875,26.953125,22.15625,20.59375,20.5,20.789062,20.960938,20.976562,20.820312
3855,2021-06-26 22:45:00,3534,27.25,23.945312,23.960938,23.921875,24.03125,25.039062,25.28125,26.03125,27.382812,26.695312,22.273438,20.664062,20.523438,20.78125,20.953125,20.96875,20.8125
3856,2021-06-26 23:00:00,3534,26.726562,24.0,24.171875,23.960938,23.765625,24.132812,24.65625,25.046875,26.257812,26.382812,22.375,20.734375,20.539062,20.78125,20.9375,20.960938,20.8125
3857,2021-06-26 23:15:00,3534,26.382812,23.148438,23.695312,23.335938,23.03125,23.382812,23.835938,24.710938,25.601562,25.914062,22.460938,20.804688,20.554688,20.773438,20.9375,20.953125,20.804688
3858,2021-06-26 23:30:00,3528,26.289062,23.632812,23.640625,23.195312,22.992188,23.140625,23.570312,24.71875,25.421875,25.546875,22.523438,20.875,20.578125,20.773438,20.929688,20.953125,20.804688
3859,2021-06-26 23:45:00,3528,25.960938,23.179688,22.40625,21.664062,21.578125,21.617188,22.117188,22.726562,23.6875,25.023438,22.570312,20.945312,20.59375,20.773438,20.921875,20.945312,20.796875
3860,2021-06-27 00:00:00,3534,22.445312,20.09375,19.625,19.445312,19.242188,19.257812,19.398438,19.84375,20.84375,24.109375,22.59375,21.0,20.625,20.773438,20.914062,20.9375,20.796875
3861,2021-06-27 00:15:00,3528,21.460938,20.257812,19.898438,19.640625,19.625,19.648438,19.695312,20.023438,20.476562,23.585938,22.609375,21.070312,20.648438,20.765625,20.914062,20.9375,20.796875
3862,2021-06-27 00:30:00,3540,20.648438,19.859375,19.164062,18.953125,18.953125,18.953125,18.984375,19.234375,19.671875,23.171875,22.601562,21.125,20.671875,20.773438,20.898438,20.929688,20.789062
3863,2021-06-27 00:45:00,3534,19.367188,18.25,17.867188,17.726562,17.523438,17.554688,17.710938,18.085938,18.820312,22.84375,22.570312,21.179688,20.703125,20.78125,20.898438,20.921875,20.78125
3864,2021-06-27 01:00:00,3540,18.179688,17.375,17.09375,16.960938,16.734375,16.75,16.867188,17.203125,17.914062,22.414062,22.523438,21.226562,20.726562,20.789062,20.898438,20.921875,20.789062
3865,2021-06-27 01:15:00,3540,17.484375,17.132812,16.828125,16.632812,16.351562,16.304688,16.390625,16.726562,17.4375,22.109375,22.476562,21.273438,20.75,20.78125,20.898438,20.914062,20.78125
3866,2021-06-27 01:30:00,3534,17.070312,16.78125,16.523438,16.375,16.117188,16.101562,16.203125,16.476562,17.039062,21.8125,22.414062,21.3125,20.789062,20.789062,20.890625,20.914062,20.789062
3867,2021-06-27 01:45:00,3540,16.554688,16.179688,15.9453125,15.859375,15.671875,15.7265625,15.859375,16.179688,16.867188,21.59375,22.351562,21.34375,20.820312,20.796875,20.890625,20.90625,20.78125
3868,2021-06-27 02:00:00,3540,16.140625,15.8515625,15.671875,15.5546875,15.3203125,15.3203125,15.421875,15.703125,16.320312,21.328125,22.273438,21.367188,20.84375,20.796875,20.882812,20.90625,20.78125
3869,2021-06-27 02:15:00,3534,15.5234375,15.15625,14.921875,14.8046875,14.6171875,14.703125,14.890625,15.2265625,15.8671875,21.117188,22.195312,21.390625,20.867188,20.8125,20.882812,20.898438,20.78125
3870,2021-06-27 02:30:00,3534,14.90625,14.6171875,14.3984375,14.3125,14.140625,14.234375,14.4453125,14.796875,15.53125,20.914062,22.125,21.414062,20.890625,20.820312,20.882812,20.898438,20.78125
3871,2021-06-27 02:45:00,3540,14.4140625,14.1171875,13.90625,13.796875,13.640625,13.765625,14.015625,14.3984375,15.1015625,20.664062,22.039062,21.421875,20.921875,20.828125,20.882812,20.898438,20.78125
3872,2021-06-27 03:00:00,3540,14.0546875,13.921875,13.6875,13.5703125,13.390625,13.484375,13.7265625,14.1171875,14.84375,20.476562,21.96875,21.4375,20.945312,20.835938,20.882812,20.898438,20.78125
3873,2021-06-27 03:15:00,3528,13.8671875,13.8125,13.625,13.5078125,13.2890625,13.3203125,13.4765625,13.796875,14.4609375,20.257812,21.882812,21.445312,20.96875,20.84375,20.882812,20.890625,20.78125
3874,2021-06-27 03:30:00,3534,13.53125,13.4453125,13.2265625,13.078125,12.8515625,12.890625,13.0625,13.3671875,14.015625,20.023438,21.804688,21.445312,20.992188,20.851562,20.882812,20.890625,20.789062
3875,2021-06-27 03:45:00,3534,13.1796875,12.9765625,12.8046875,12.703125,12.5234375,12.59375,12.765625,13.0546875,13.703125,19.835938,21.71875,21.445312,21.007812,20.859375,20.882812,20.882812,20.789062
3876,2021-06-27 04:00:00,3528,12.8359375,12.8046875,12.6640625,12.578125,12.4296875,12.5,12.6875,13.0234375,13.6953125,19.703125,21.640625,21.445312,21.023438,20.875,20.882812,20.890625,20.78125
3877,2021-06-27 04:15:00,3528,13.140625,13.328125,13.3046875,13.2421875,13.1484375,13.1875,13.296875,13.609375,14.140625,19.59375,21.5625,21.4375,21.046875,20.882812,20.890625,20.890625,20.796875
3878,2021-06-27 04:30:00,3528,13.390625,13.4765625,13.453125,13.4296875,13.34375,13.421875,13.515625,13.8203125,14.3046875,19.5,21.476562,21.421875,21.0625,20.898438,20.898438,20.890625,20.796875
3879,2021-06-27 04:45:00,3534,13.328125,13.234375,13.2265625,13.203125,13.1640625,13.2890625,13.421875,13.765625,14.28125,19.4375,21.398438,21.414062,21.078125,20.90625,20.890625,20.890625,20.796875
3880,2021-06-27 05:00:00,3528,13.296875,13.1015625,13.109375,13.109375,13.09375,13.2578125,13.4140625,13.796875,14.3359375,19.367188,21.320312,21.398438,21.085938,20.914062,20.898438,20.890625,20.796875
3881,2021-06-27 05:15:00,3528,13.1171875,12.8828125,12.890625,12.890625,12.8671875,12.9921875,13.1171875,13.46875,13.9921875,19.210938,21.242188,21.382812,21.101562,20.929688,20.90625,20.890625,20.804688
3882,2021-06-27 05:30:00,3528,12.9921875,12.9453125,12.9375,12.9296875,12.890625,13.0,13.125,13.4296875,13.8984375,19.054688,21.179688,21.359375,21.109375,20.945312,20.90625,20.898438,20.8125
3883,2021-06-27 05:45:00,3528,12.7734375,12.5546875,12.5625,12.5859375,12.5859375,12.7265625,12.875,13.203125,13.71875,18.929688,21.109375,21.34375,21.117188,20.953125,20.914062,20.898438,20.8125
3884,2021-06-27 06:00:00,3534,12.71875,12.6015625,12.6015625,12.6015625,12.59375,12.765625,12.9453125,13.3203125,13.8359375,18.898438,21.039062,21.328125,21.125,20.953125,20.914062,20.898438,20.8125
3885,2021-06-27 06:15:00,3528,12.6640625,12.484375,12.5078125,12.515625,12.5234375,12.6796875,12.8671875,13.2578125,13.84375,18.875,20.96875,21.3125,21.132812,20.96875,20.921875,20.898438,20.820312
3886,2021-06-27 06:30:00,3528,12.4921875,12.3203125,12.328125,12.34375,12.34375,12.4921875,12.6484375,13.0,13.578125,18.75,20.90625,21.28125,21.148438,20.984375,20.929688,20.90625,20.828125
3887,2021-06-27 06:45:00,3522,12.4375,12.34375,12.359375,12.3671875,12.359375,12.5078125,12.671875,13.046875,13.5859375,18.671875,20.835938,21.265625,21.140625,20.984375,20.9375,20.90625,20.828125
3888,2021-06-27 07:00:00,3528,12.46875,12.4140625,12.4453125,12.4609375,12.453125,12.609375,12.78125,13.140625,13.671875,18.609375,20.773438,21.234375,21.148438,21.0,20.9375,20.914062,20.835938
3889,2021-06-27 07:15:00,3522,12.34375,12.1328125,12.1640625,12.1875,12.1953125,12.3671875,12.53125,12.8984375,13.4453125,18.546875,20.710938,21.21875,21.148438,21.007812,20.945312,20.914062,20.84375
3890,2021-06-27 07:30:00,3528,12.1875,12.03125,12.0390625,12.0546875,12.046875,12.1796875,12.3359375,12.6796875,13.234375,18.414062,20.65625,21.1875,21.148438,21.015625,20.953125,20.921875,20.851562
3891,2021-06-27 07:45:00,3528,12.1484375,12.0546875,12.0703125,12.078125,12.078125,12.203125,12.359375,12.703125,13.2421875,18.351562,20.59375,21.171875,21.148438,21.023438,20.960938,20.929688,20.851562
3892,2021-06-27 08:00:00,3528,12.1171875,12.0234375,12.046875,12.0546875,12.046875,12.1796875,12.3359375,12.6875,13.2109375,18.273438,20.546875,21.140625,21.15625,21.03125,20.960938,20.929688,20.859375
3893,2021-06-27 08:15:00,3522,12.109375,12.046875,12.0625,12.0859375,12.0859375,12.2109375,12.359375,12.6875,13.1796875,18.1875,20.484375,21.117188,21.148438,21.03125,20.976562,20.9375,20.859375
3894,2021-06-27 08:30:00,3522,12.0078125,11.9140625,11.9375,11.953125,11.9609375,12.1015625,12.265625,12.6171875,13.125,18.125,20.429688,21.085938,21.148438,21.039062,20.976562,20.9375,20.867188
3895,2021-06-27 08:45:00,3522,11.9609375,11.8359375,11.8671875,11.890625,11.890625,12.03125,12.1875,12.5078125,13.03125,18.0625,20.367188,21.0625,21.148438,21.054688,20.976562,20.945312,20.875
3896,2021-06-27 09:00:00,3522,11.9765625,11.9609375,11.9765625,11.984375,11.984375,12.078125,12.1953125,12.46875,12.9140625,17.945312,20.320312,21.039062,21.140625,21.054688,20.992188,20.953125,20.875
3897,2021-06-27 09:15:00,3522,12.0234375,11.953125,11.9609375,11.984375,11.9765625,12.09375,12.2265625,12.5234375,12.96875,17.90625,20.265625,21.015625,21.132812,21.0625,20.992188,20.953125,20.882812
3898,2021-06-27 09:30:00,3528,11.8984375,11.75,11.765625,11.78125,11.7734375,11.8828125,12.0,12.28125,12.75,17.820312,20.21875,20.984375,21.132812,21.0625,21.0,20.960938,20.890625
3899,2021-06-27 09:45:00,3522,11.8515625,11.734375,11.7578125,11.78125,11.78125,11.8984375,12.0234375,12.3046875,12.765625,17.757812,20.164062,20.960938,21.125,21.070312,21.0,20.960938,20.890625
3900,2021-06-27 10:00:00,3510,11.8828125,11.8359375,11.8671875,11.890625,11.8828125,12.0,12.1171875,12.3828125,12.8125,17.742188,20.117188,20.9375,21.125,21.070312,21.007812,20.96875,20.898438
3901,2021-06-27 10:15:00,3522,11.859375,11.7734375,11.7890625,11.8125,11.8125,11.9375,12.0703125,12.375,12.875,17.703125,20.0625,20.90625,21.109375,21.078125,21.015625,20.96875,20.90625
3902,2021-06-27 10:30:00,3522,11.8203125,11.7890625,11.8125,11.8203125,11.8125,11.90625,12.015625,12.28125,12.71875,17.609375,20.007812,20.882812,21.109375,21.078125,21.015625,20.976562,20.914062
3903,2021-06-27 10:45:00,3516,11.7890625,11.703125,11.7265625,11.75,11.734375,11.84375,11.96875,12.2265625,12.671875,17.5625,19.960938,20.84375,21.09375,21.078125,21.023438,20.984375,20.914062
3904,2021-06-27 11:00:00,3522,11.7578125,11.7109375,11.7265625,11.734375,11.7265625,11.8203125,11.9375,12.2109375,12.671875,17.507812,19.914062,20.820312,21.085938,21.085938,21.03125,20.984375,20.921875
3905,2021-06-27 11:15:00,3516,11.7578125,11.71875,11.7265625,11.7421875,11.7265625,11.8359375,11.953125,12.234375,12.6875,17.492188,19.867188,20.796875,21.078125,21.085938,21.03125,20.992188,20.921875
3906,2021-06-27 11:30:00,3522,11.796875,11.7265625,11.7578125,11.7734375,11.765625,11.8671875,11.984375,12.2578125,12.6875,17.445312,19.820312,20.765625,21.070312,21.09375,21.039062,20.992188,20.921875
3907,2021-06-27 11:45:00,3510,11.8125,11.7578125,11.7734375,11.7890625,11.78125,11.8828125,12.0,12.2578125,12.6640625,17.40625,19.78125,20.734375,21.054688,21.09375,21.046875,21.0,20.929688
3908,2021-06-27 12:00:00,3522,11.8046875,11.71875,11.734375,11.75,11.75,11.859375,11.9921875,12.2421875,12.6875,17.382812,19.734375,20.710938,21.039062,21.085938,21.039062,21.007812,20.929688
3909,2021-06-27 12:15:00,3522,11.7890625,11.703125,11.7265625,11.7421875,11.7265625,11.828125,11.9375,12.1875,12.6328125,17.335938,19.6875,20.679688,21.03125,21.085938,21.046875,21.007812,20.945312
3910,2021-06-27 12:30:00,3510,11.7890625,11.7109375,11.734375,11.7578125,11.75,11.84375,11.9609375,12.21875,12.6484375,17.289062,19.648438,20.648438,21.015625,21.09375,21.054688,21.015625,20.9375
3911,2021-06-27 12:45:00,3510,11.8046875,11.7265625,11.765625,11.7734375,11.7734375,11.8828125,12.0,12.2421875,12.6484375,17.265625,19.609375,20.632812,21.015625,21.085938,21.054688,21.015625,20.945312
3912,2021-06-27 13:00:00,3516,11.6171875,11.4375,11.453125,11.46875,11.4765625,11.578125,11.7109375,11.9765625,12.4609375,17.226562,19.5625,20.59375,21.0,21.085938,21.0625,21.023438,20.953125
3913,2021-06-27 13:15:00,3510,11.609375,11.546875,11.5703125,11.578125,11.5859375,11.6875,11.8046875,12.0703125,12.484375,17.1875,19.523438,20.5625,20.976562,21.085938,21.0625,21.023438,20.953125
3914,2021-06-27 13:30:00,3510,11.625,11.59375,11.6171875,11.6328125,11.640625,11.7578125,11.890625,12.1484375,12.578125,17.179688,19.492188,20.539062,20.96875,21.078125,21.0625,21.023438,20.953125
3915,2021-06-27 13:45:00,3510,11.671875,11.6171875,11.640625,11.65625,11.6640625,11.78125,11.921875,12.1953125,12.65625,17.171875,19.453125,20.507812,20.960938,21.078125,21.070312,21.03125,20.953125
3916,2021-06-27 14:00:00,3510,11.7890625,11.75,11.7890625,11.8046875,11.8359375,11.953125,12.0859375,12.359375,12.796875,17.1875,19.414062,20.484375,20.9375,21.070312,21.070312,21.039062,20.960938
3917,2021-06-27 14:15:00,3510,11.78125,11.703125,11.75,11.7734375,11.8046875,11.921875,12.0703125,12.34375,12.8203125,17.179688,19.375,20.453125,20.929688,21.070312,21.070312,21.039062,20.96875
3918,2021-06-27 14:30:00,3516,11.9296875,11.8984375,11.9453125,12.0,12.046875,12.1796875,12.3515625,12.65625,13.140625,17.226562,19.34375,20.429688,20.914062,21.070312,21.070312,21.039062,20.96875
3919,2021-06-27 14:45:00,3510,12.0234375,11.890625,11.9296875,11.9765625,12.03125,12.1953125,12.40625,12.7421875,13.265625,17.265625,19.304688,20.40625,20.90625,21.0625,21.078125,21.039062,20.96875
3920,2021-06-27 15:00:00,3504,12.2578125,12.2109375,12.2421875,12.2890625,12.3515625,12.515625,12.75,13.1015625,13.6015625,17.34375,19.28125,20.375,20.890625,21.0625,21.078125,21.039062,20.960938
3921,2021-06-27 15:15:00,3510,12.453125,12.3515625,12.390625,12.4453125,12.5,12.65625,12.921875,13.296875,13.8046875,17.40625,19.257812,20.34375,20.867188,21.054688,21.078125,21.046875,20.96875
3922,2021-06-27 15:30:00,3504,12.65625,12.46875,12.5,12.578125,12.6640625,12.859375,13.15625,13.5546875,14.0390625,17.460938,19.226562,20.320312,20.859375,21.054688,21.070312,21.046875,20.96875
3923,2021-06-27 15:45:00,3510,12.890625,12.671875,12.703125,12.796875,12.875,13.0859375,13.4375,13.8203125,14.3125,17.539062,19.210938,20.296875,20.84375,21.046875,21.070312,21.046875,20.96875
3924,2021-06-27 16:00:00,3510,13.0859375,12.8515625,12.8671875,12.984375,13.046875,13.2734375,13.6640625,14.1015625,14.6015625,17.632812,19.195312,20.273438,20.828125,21.046875,21.078125,21.054688,20.976562
3925,2021-06-27 16:15:00,3504,13.4921875,13.2734375,13.265625,13.453125,13.5390625,13.7890625,14.15625,14.5625,15.0546875,17.78125,19.179688,20.25,20.8125,21.03125,21.070312,21.046875,20.96875
3926,2021-06-27 16:30:00,3510,14.046875,13.8984375,13.9453125,14.0390625,14.140625,14.390625,14.59375,15.0,15.46875,17.9375,19.164062,20.226562,20.796875,21.03125,21.078125,21.046875,20.96875
3927,2021-06-27 16:45:00,3510,14.375,13.9609375,14.015625,14.125,14.2578125,14.484375,14.6875,15.1015625,15.625,18.085938,19.15625,20.203125,20.78125,21.023438,21.078125,21.054688,20.96875
3928,2021-06-27 17:00:00,3510,14.859375,14.484375,14.5546875,14.671875,14.828125,15.015625,15.1796875,15.5546875,16.0625,18.234375,19.15625,20.179688,20.765625,21.015625,21.070312,21.054688,20.96875
3929,2021-06-27 17:15:00,3504,15.546875,15.1484375,15.234375,15.3359375,15.515625,15.734375,15.8984375,16.304688,16.8125,18.484375,19.15625,20.15625,20.75,21.015625,21.070312,21.054688,20.96875
3930,2021-06-27 17:30:00,3510,15.796875,15.2421875,15.3046875,15.421875,15.6171875,15.84375,16.085938,16.53125,17.09375,18.664062,19.164062,20.132812,20.734375,21.007812,21.070312,21.054688,20.96875
3931,2021-06-27 17:45:00,3510,16.445312,15.6484375,15.734375,15.84375,16.0625,16.296875,16.476562,16.9375,17.492188,18.90625,19.179688,20.117188,20.710938,21.0,21.070312,21.046875,20.96875
3932,2021-06-27 18:00:00,3510,17.070312,16.273438,16.34375,16.453125,16.632812,16.796875,16.945312,17.367188,17.890625,19.132812,19.195312,20.109375,20.703125,20.992188,21.0625,21.046875,20.96875
3933,2021-06-27 18:15:00,3510,17.359375,16.34375,16.40625,16.523438,16.726562,16.945312,17.09375,17.5625,18.1875,19.359375,19.21875,20.09375,20.679688,20.976562,21.0625,21.046875,20.96875
3934,2021-06-27 18:30:00,3504,17.734375,16.835938,16.84375,16.945312,17.125,17.296875,17.453125,17.914062,18.515625,19.570312,19.25,20.078125,20.671875,20.96875,21.0625,21.046875,20.96875
3935,2021-06-27 18:45:00,3504,18.8125,17.921875,18.015625,18.148438,18.367188,18.539062,18.664062,19.054688,19.570312,19.890625,19.289062,20.0625,20.65625,20.96875,21.054688,21.046875,20.96875
3936,2021-06-27 19:00:00,3510,20.023438,19.460938,19.625,19.679688,19.875,20.148438,20.257812,20.609375,21.226562,20.421875,19.328125,20.054688,20.640625,20.953125,21.054688,21.054688,20.960938
3937,2021-06-27 19:15:00,3510,21.515625,19.726562,20.007812,20.125,20.507812,21.101562,21.382812,22.0,23.023438,21.414062,19.375,20.046875,20.632812,20.953125,21.054688,21.046875,20.960938
3938,2021-06-27 19:30:00,3510,23.367188,21.40625,22.0625,22.195312,22.46875,23.507812,24.171875,25.148438,26.625,22.796875,19.4375,20.039062,20.609375,20.9375,21.046875,21.046875,20.960938
3939,2021-06-27 19:45:00,3504,23.90625,21.789062,22.46875,22.257812,22.53125,23.75,24.679688,25.890625,26.953125,23.703125,19.523438,20.03125,20.601562,20.929688,21.046875,21.046875,20.953125
3940,2021-06-27 20:00:00,3510,25.101562,23.078125,24.046875,23.492188,23.890625,25.265625,25.679688,26.59375,28.015625,24.398438,19.632812,20.039062,20.59375,20.921875,21.039062,21.046875,20.953125
3941,2021-06-27 20:15:00,3510,25.59375,23.601562,24.492188,23.742188,24.429688,25.789062,26.148438,27.5,28.640625,25.015625,19.773438,20.039062,20.578125,20.921875,21.039062,21.039062,20.953125
3942,2021-06-27 20:30:00,3522,25.914062,23.648438,24.539062,23.578125,24.96875,25.929688,26.28125,28.335938,29.085938,25.484375,19.9375,20.046875,20.570312,20.914062,21.03125,21.03125,20.945312
3943,2021-06-27 20:45:00,3522,26.179688,23.640625,24.414062,23.507812,24.8125,25.625,25.9375,27.664062,29.28125,25.757812,20.109375,20.0625,20.5625,20.90625,21.03125,21.03125,20.945312
3944,2021-06-27 21:00:00,3522,26.484375,24.203125,24.914062,24.039062,25.367188,25.734375,26.90625,28.273438,29.703125,26.046875,20.296875,20.085938,20.554688,20.898438,21.03125,21.03125,20.9375
3945,2021-06-27 21:15:00,3522,26.632812,24.59375,24.71875,24.046875,24.960938,25.820312,26.859375,28.492188,29.296875,26.320312,20.476562,20.109375,20.546875,20.882812,21.023438,21.023438,20.9375
3946,2021-06-27 21:30:00,3522,26.703125,24.28125,24.179688,23.765625,24.671875,25.78125,26.65625,28.328125,28.789062,26.289062,20.664062,20.140625,20.539062,20.882812,21.015625,21.023438,20.9375
3947,2021-06-27 21:45:00,3522,26.835938,24.75,24.585938,24.203125,24.90625,25.859375,26.898438,27.953125,28.898438,26.40625,20.859375,20.1875,20.53125,20.867188,21.007812,21.023438,20.929688
3948,2021-06-27 22:00:00,3528,26.523438,23.84375,23.921875,23.445312,24.046875,24.929688,25.828125,26.765625,27.96875,26.3125,21.03125,20.226562,20.53125,20.867188,21.007812,21.015625,20.921875
3949,2021-06-27 22:15:00,3528,25.992188,23.390625,23.164062,23.46875,23.90625,24.328125,25.007812,25.75,27.109375,26.054688,21.203125,20.273438,20.53125,20.859375,20.992188,21.007812,20.921875
3950,2021-06-27 22:30:00,3522,25.859375,23.164062,23.0625,23.40625,23.710938,24.171875,24.8125,25.445312,26.6875,25.796875,21.351562,20.320312,20.53125,20.851562,21.0,21.007812,20.921875
3951,2021-06-27 22:45:00,3528,26.03125,23.359375,23.15625,23.59375,23.640625,24.375,24.726562,25.351562,26.539062,25.554688,21.492188,20.382812,20.53125,20.84375,20.984375,21.0,20.914062
3952,2021-06-27 23:00:00,3522,25.734375,22.328125,22.171875,22.585938,22.4375,23.476562,23.78125,24.25,25.460938,25.242188,21.601562,20.4375,20.539062,20.835938,20.984375,21.0,20.914062
3953,2021-06-27 23:15:00,3522,25.804688,23.820312,22.585938,22.875,23.125,23.539062,23.507812,24.085938,25.164062,24.914062,21.703125,20.492188,20.539062,20.828125,20.976562,21.0,20.90625
3954,2021-06-27 23:30:00,3528,25.1875,22.648438,21.664062,21.914062,22.304688,22.671875,22.671875,23.570312,24.5,24.59375,21.765625,20.554688,20.554688,20.828125,20.976562,21.0,20.90625
3955,2021-06-27 23:45:00,3528,23.570312,20.773438,19.617188,19.734375,19.65625,20.164062,20.203125,21.054688,22.070312,24.0625,21.828125,20.609375,20.5625,20.820312,20.96875,20.984375,20.90625
3956,2021-06-28 00:00:00,3528,19.632812,17.109375,16.75,16.75,16.640625,16.820312,17.070312,17.585938,18.617188,22.984375,21.875,20.671875,20.578125,20.8125,20.960938,20.984375,20.890625
3957,2021-06-28 00:15:00,3528,18.46875,17.320312,16.875,16.890625,16.953125,17.0,17.195312,17.640625,18.242188,22.4375,21.898438,20.726562,20.585938,20.804688,20.953125,20.976562,20.890625
3958,2021-06-28 00:30:00,3534,17.664062,16.945312,16.382812,16.390625,16.5625,16.570312,16.867188,17.21875,17.804688,22.046875,21.890625,20.78125,20.601562,20.8125,20.953125,20.96875,20.890625
3959,2021-06-28 00:45:00,3528,16.414062,15.25,14.984375,15.0390625,14.9921875,15.1875,15.4296875,15.875,16.726562,21.65625,21.859375,20.828125,20.625,20.804688,20.953125,20.976562,20.890625
3960,2021-06-28 01:00:00,3534,15.5390625,14.890625,14.6796875,14.671875,14.5546875,14.703125,14.9140625,15.34375,16.15625,21.3125,21.828125,20.875,20.640625,20.804688,20.9375,20.960938,20.875
3961,2021-06-28 01:15:00,3528,15.1640625,14.7265625,14.59375,14.6015625,14.515625,14.6640625,14.8359375,15.1953125,15.8671875,21.015625,21.78125,20.914062,20.65625,20.804688,20.9375,20.960938,20.882812
3962,2021-06-28 01:30:00,3528,15.1484375,14.921875,14.7734375,14.78125,14.7109375,14.8515625,15.03125,15.3828125,16.046875,20.867188,21.710938,20.945312,20.671875,20.804688,20.929688,20.953125,20.882812
3963,2021-06-28 01:45:00,3522,15.34375,15.2421875,15.1875,15.1875,15.1640625,15.2890625,15.4453125,15.765625,16.367188,20.773438,21.648438,20.96875,20.703125,20.804688,20.929688,20.953125,20.875
3964,2021-06-28 02:00:00,3528,15.421875,15.0546875,15.0390625,15.0859375,15.1171875,15.3046875,15.515625,15.8828125,16.5,20.671875,21.570312,21.0,20.71875,20.804688,20.921875,20.953125,20.875
3965,2021-06-28 02:15:00,3528,14.9453125,14.359375,14.34375,14.3984375,14.453125,14.640625,14.8515625,15.2421875,15.8984375,20.453125,21.507812,21.015625,20.734375,20.8125,20.921875,20.953125,20.867188
3966,2021-06-28 02:30:00,3522,14.6484375,14.28125,14.2734375,14.296875,14.3046875,14.4765625,14.65625,15.015625,15.65625,20.28125,21.445312,21.03125,20.75,20.8125,20.921875,20.945312,20.867188
3967,2021-06-28 02:45:00,3522,14.3984375,14.0234375,14.015625,14.0546875,14.078125,14.25,14.4609375,14.84375,15.4765625,20.117188,21.375,21.039062,20.773438,20.820312,20.914062,20.945312,20.867188
3968,2021-06-28 03:00:00,3528,14.1015625,13.78125,13.765625,13.7890625,13.7890625,13.96875,14.140625,14.515625,15.140625,19.914062,21.3125,21.039062,20.789062,20.820312,20.914062,20.9375,20.859375
3969,2021-06-28 03:15:00,3522,13.8515625,13.53125,13.53125,13.5625,13.5625,13.734375,13.921875,14.3046875,14.921875,19.765625,21.25,21.046875,20.804688,20.820312,20.914062,20.929688,20.867188
3970,2021-06-28 03:30:00,3528,13.625,13.3984375,13.375,13.40625,13.40625,13.578125,13.7578125,14.1640625,14.8203125,19.632812,21.179688,21.046875,20.828125,20.820312,20.90625,20.929688,20.867188
3971,2021-06-28 03:45:00,3522,13.53125,13.34375,13.34375,13.34375,13.328125,13.484375,13.640625,14.0078125,14.6171875,19.484375,21.117188,21.046875,20.835938,20.835938,20.90625,20.929688,20.867188
3972,2021-06-28 04:00:00,3522,13.4140625,13.296875,13.265625,13.2734375,13.2421875,13.3828125,13.53125,13.8671875,14.4765625,19.359375,21.046875,21.039062,20.84375,20.835938,20.90625,20.921875,20.867188
3973,2021-06-28 04:15:00,3522,13.4140625,13.3046875,13.2890625,13.296875,13.2734375,13.421875,13.5625,13.8828125,14.4609375,19.242188,20.992188,21.03125,20.859375,20.851562,20.90625,20.929688,20.859375
3974,2021-06-28 04:30:00,3522,13.40625,13.328125,13.3046875,13.3046875,13.2578125,13.375,13.5078125,13.8359375,14.3984375,19.125,20.921875,21.023438,20.875,20.851562,20.90625,20.929688,20.859375
3975,2021-06-28 04:45:00,3522,13.2890625,13.1171875,13.1171875,13.125,13.1171875,13.2578125,13.4140625,13.75,14.3046875,19.03125,20.859375,21.015625,20.882812,20.859375,20.90625,20.921875,20.867188
3976,2021-06-28 05:00:00,3516,13.234375,13.140625,13.1171875,13.109375,13.0703125,13.21875,13.375,13.7265625,14.265625,18.96875,20.796875,21.0,20.890625,20.859375,20.90625,20.929688,20.867188
3977,2021-06-28 05:15:00,3522,13.15625,13.0546875,13.0390625,13.0546875,13.03125,13.1796875,13.3125,13.65625,14.1953125,18.875,20.734375,20.992188,20.898438,20.867188,20.90625,20.914062,20.867188
3978,2021-06-28 05:30:00,3522,13.203125,13.1328125,13.1328125,13.140625,13.1171875,13.2578125,13.3984375,13.7265625,14.265625,18.820312,20.664062,20.976562,20.90625,20.875,20.914062,20.921875,20.867188
3979,2021-06-28 05:45:00,3522,13.1484375,13.046875,13.0390625,13.0625,13.0546875,13.1953125,13.3359375,13.65625,14.1796875,18.734375,20.609375,20.953125,20.90625,20.875,20.914062,20.921875,20.867188
3980,2021-06-28 06:00:00,3522,13.046875,12.921875,12.921875,12.921875,12.9140625,13.046875,13.171875,13.484375,14.0078125,18.632812,20.5625,20.945312,20.90625,20.882812,20.90625,20.921875,20.867188
3981,2021-06-28 06:15:00,3516,12.984375,12.8828125,12.890625,12.90625,12.90625,13.046875,13.1953125,13.5078125,14.015625,18.5625,20.507812,20.929688,20.914062,20.890625,20.914062,20.914062,20.867188
3982,2021-06-28 06:30:00,3522,12.8359375,12.6953125,12.703125,12.7109375,12.71875,12.859375,13.0,13.3125,13.828125,18.46875,20.445312,20.90625,20.921875,20.898438,20.921875,20.921875,20.875
3983,2021-06-28 06:45:00,3522,12.6015625,12.3984375,12.421875,12.4375,12.4453125,12.59375,12.7421875,13.09375,13.65625,18.367188,20.398438,20.890625,20.921875,20.90625,20.914062,20.921875,20.875
3984,2021-06-28 07:00:00,3522,12.53125,12.453125,12.46875,12.4765625,12.484375,12.625,12.765625,13.078125,13.6328125,18.3125,20.34375,20.859375,20.921875,20.90625,20.914062,20.921875,20.875
3985,2021-06-28 07:15:00,3522,12.484375,12.390625,12.4140625,12.4296875,12.4453125,12.6015625,12.7578125,13.09375,13.640625,18.265625,20.296875,20.84375,20.921875,20.914062,20.921875,20.921875,20.882812
3986,2021-06-28 07:30:00,3516,12.390625,12.265625,12.2890625,12.3125,12.328125,12.4765625,12.6484375,13.0,13.5546875,18.203125,20.242188,20.828125,20.921875,20.921875,20.929688,20.929688,20.875
3987,2021-06-28 07:45:00,3522,12.34375,12.25,12.2734375,12.2890625,12.3046875,12.453125,12.609375,12.953125,13.4921875,18.132812,20.195312,20.804688,20.914062,20.914062,20.929688,20.921875,20.882812
3988,2021-06-28 08:00:00,3522,12.2890625,12.1640625,12.1953125,12.2109375,12.21875,12.359375,12.5078125,12.828125,13.3359375,18.0625,20.140625,20.78125,20.921875,20.929688,20.929688,20.921875,20.882812
3989,2021-06-28 08:15:00,3516,12.3046875,12.2578125,12.2890625,12.3125,12.328125,12.4765625,12.6328125,12.9609375,13.484375,18.039062,20.09375,20.757812,20.90625,20.921875,20.9375,20.929688,20.882812
3990,2021-06-28 08:30:00,3516,12.2890625,12.1796875,12.2109375,12.234375,12.2578125,12.3984375,12.5546875,12.8671875,13.375,17.96875,20.046875,20.742188,20.90625,20.921875,20.9375,20.929688,20.882812
3991,2021-06-28 08:45:00,3516,12.1875,12.1171875,12.15625,12.1796875,12.203125,12.3671875,12.515625,12.8203125,13.34375,17.9375,20.0,20.710938,20.90625,20.929688,20.929688,20.929688,20.890625
3992,2021-06-28 09:00:00,3510,12.171875,12.09375,12.125,12.1328125,12.1484375,12.2734375,12.4140625,12.7109375,13.234375,17.875,19.960938,20.6875,20.898438,20.929688,20.9375,20.929688,20.890625
3993,2021-06-28 09:15:00,3516,12.15625,12.09375,12.109375,12.125,12.125,12.25,12.375,12.6640625,13.171875,17.8125,19.914062,20.664062,20.890625,20.929688,20.945312,20.9375,20.898438
3994,2021-06-28 09:30:00,3516,12.1484375,12.0859375,12.109375,12.1171875,12.109375,12.2265625,12.34375,12.640625,13.140625,17.75,19.867188,20.648438,20.890625,20.9375,20.945312,20.9375,20.898438
3995,2021-06-28 09:45:00,3510,12.0390625,11.84375,11.875,11.90625,11.9296875,12.0625,12.203125,12.5,13.0,17.695312,19.828125,20.617188,20.882812,20.9375,20.945312,20.9375,20.898438
3996,2021-06-28 10:00:00,3516,11.9609375,11.859375,11.8828125,11.90625,11.8984375,12.0078125,12.1015625,12.34375,12.8046875,17.601562,19.789062,20.59375,20.875,20.9375,20.945312,20.9375,20.90625
3997,2021-06-28 10:15:00,3516,11.8359375,11.7578125,11.78125,11.7890625,11.78125,11.890625,12.0078125,12.2578125,12.703125,17.515625,19.742188,20.570312,20.867188,20.9375,20.953125,20.945312,20.90625
3998,2021-06-28 10:30:00,3510,11.84375,11.796875,11.8125,11.8203125,11.8125,11.921875,12.03125,12.2890625,12.734375,17.4375,19.703125,20.554688,20.859375,20.9375,20.945312,20.9375,20.90625
3999,2021-06-28 10:45:00,3510,11.8046875,11.7890625,11.8125,11.8203125,11.8046875,11.9140625,12.015625,12.265625,12.734375,17.429688,19.664062,20.523438,20.851562,20.945312,20.953125,20.945312,20.90625
4000,2021-06-28 11:00:00,3504,11.78125,11.6640625,11.6953125,11.7109375,11.71875,11.8203125,11.9296875,12.1484375,12.609375,17.359375,19.617188,20.5,20.835938,20.9375,20.960938,20.945312,20.90625
4001,2021-06-28 11:15:00,3510,11.7578125,11.6875,11.7109375,11.71875,11.703125,11.8125,11.9140625,12.1484375,12.59375,17.296875,19.578125,20.476562,20.828125,20.9375,20.953125,20.945312,20.914062
4002,2021-06-28 11:30:00,3510,11.734375,11.6484375,11.6796875,11.6953125,11.6953125,11.8046875,11.9140625,12.1484375,12.5859375,17.257812,19.53125,20.453125,20.820312,20.929688,20.953125,20.953125,20.90625
4003,2021-06-28 11:45:00,3516,11.6953125,11.6328125,11.6640625,11.6796875,11.671875,11.796875,11.90625,12.1484375,12.6015625,17.21875,19.492188,20.429688,20.8125,20.9375,20.960938,20.945312,20.914062
4004,2021-06-28 12:00:00,3510,11.609375,11.5,11.5234375,11.5390625,11.5390625,11.640625,11.765625,12.046875,12.5625,17.203125,19.453125,20.40625,20.796875,20.929688,20.960938,20.945312,20.914062
4005,2021-06-28 12:15:00,3510,11.625,11.5546875,11.578125,11.6015625,11.6015625,11.71875,11.84375,12.1171875,12.609375,17.171875,19.40625,20.382812,20.789062,20.929688,20.953125,20.945312,20.914062
4006,2021-06-28 12:30:00,3510,11.6328125,11.5546875,11.5859375,11.59375,11.59375,11.7109375,11.8125,12.078125,12.5703125,17.140625,19.367188,20.351562,20.773438,20.929688,20.960938,20.953125,20.914062
4007,2021-06-28 12:45:00,3510,11.5859375,11.5078125,11.53125,11.5546875,11.5546875,11.6875,11.8359375,12.140625,12.65625,17.132812,19.328125,20.328125,20.765625,20.921875,20.960938,20.945312,20.914062
4008,2021-06-28 13:00:00,3522,11.625,11.5546875,11.578125,11.59375,11.6015625,11.71875,11.84375,12.125,12.609375,17.078125,19.296875,20.304688,20.75,20.921875,20.960938,20.953125,20.914062
4009,2021-06-28 13:15:00,3504,11.65625,11.609375,11.6328125,11.640625,11.640625,11.7421875,11.859375,12.125,12.5859375,17.046875,19.257812,20.28125,20.734375,20.921875,20.960938,20.960938,20.914062
4010,2021-06-28 13:30:00,3510,11.7109375,11.6484375,11.6953125,11.7265625,11.75,11.875,12.0078125,12.2578125,12.734375,17.054688,19.226562,20.257812,20.726562,20.914062,20.960938,20.960938,20.914062
4011,2021-06-28 13:45:00,3510,11.8046875,11.6875,11.734375,11.765625,11.7890625,11.9140625,12.046875,12.3671875,12.9296875,17.085938,19.1875,20.226562,20.710938,20.914062,20.960938,20.960938,20.914062
4012,2021-06-28 14:00:00,3510,11.859375,11.75,11.8046875,11.84375,11.8828125,12.046875,12.234375,12.59375,13.1484375,17.125,19.15625,20.195312,20.695312,20.90625,20.953125,20.953125,20.914062
4013,2021-06-28 14:15:00,3504,12.0,11.9453125,11.984375,12.0078125,12.0390625,12.15625,12.3046875,12.6171875,13.1640625,17.164062,19.125,20.179688,20.6875,20.898438,20.960938,20.953125,20.914062
4014,2021-06-28 14:30:00,3504,11.953125,11.8046875,11.8359375,11.875,11.921875,12.0546875,12.2109375,12.5703125,13.09375,17.132812,19.09375,20.148438,20.671875,20.898438,20.960938,20.953125,20.914062
4015,2021-06-28 14:45:00,3516,12.0078125,11.75,11.796875,11.8515625,11.90625,12.0625,12.265625,12.640625,13.2265625,17.164062,19.070312,20.132812,20.65625,20.890625,20.960938,20.953125,20.914062
4016,2021-06-28 15:00:00,3510,12.125,11.953125,12.0,12.0546875,12.109375,12.25,12.46875,12.8828125,13.5,17.234375,19.046875,20.101562,20.648438,20.890625,20.960938,20.953125,20.914062
4017,2021-06-28 15:15:00,3504,12.2265625,12.1640625,12.2265625,12.296875,12.3515625,12.5,12.6953125,13.0859375,13.5859375,17.234375,19.015625,20.078125,20.632812,20.882812,20.953125,20.953125,20.914062
4018,2021-06-28 15:30:00,3510,12.4609375,12.375,12.421875,12.4765625,12.546875,12.6953125,12.9375,13.3046875,13.8046875,17.28125,19.0,20.054688,20.617188,20.875,20.953125,20.953125,20.914062
4019,2021-06-28 15:45:00,3510,12.6171875,12.3359375,12.40625,12.4921875,12.6328125,12.8359375,13.1484375,13.5390625,14.046875,17.375,18.984375,20.03125,20.601562,20.867188,20.953125,20.953125,20.90625
4020,2021-06-28 16:00:00,3510,12.9296875,12.609375,12.65625,12.78125,12.953125,13.1875,13.625,14.0078125,14.5625,17.515625,18.96875,20.007812,20.585938,20.867188,20.945312,20.953125,20.90625
4021,2021-06-28 16:15:00,3510,13.1015625,12.609375,12.625,12.703125,12.828125,13.0703125,13.5,13.890625,14.453125,17.546875,18.953125,19.984375,20.570312,20.851562,20.945312,20.953125,20.90625
4022,2021-06-28 16:30:00,3498,13.3125,12.8515625,12.8828125,12.9375,13.03125,13.3125,13.65625,14.015625,14.5234375,17.554688,18.9375,19.960938,20.554688,20.851562,20.945312,20.945312,20.90625
4023,2021-06-28 16:45:00,3510,13.7421875,13.3984375,13.4296875,13.546875,13.734375,14.078125,14.34375,14.6796875,15.171875,17.71875,18.929688,19.945312,20.546875,20.84375,20.9375,20.945312,20.90625
4024,2021-06-28 17:00:00,3498,14.65625,14.3359375,14.234375,14.4921875,14.71875,14.859375,15.0546875,15.3671875,15.8515625,17.960938,18.921875,19.921875,20.53125,20.828125,20.9375,20.945312,20.90625
4025,2021-06-28 17:15:00,3504,16.078125,15.9453125,15.8828125,16.195312,16.34375,16.398438,16.546875,16.75,17.15625,18.34375,18.921875,19.90625,20.507812,20.820312,20.929688,20.945312,20.898438
4026,2021-06-28 17:30:00,3510,17.882812,17.484375,17.570312,17.84375,18.070312,18.125,18.1875,18.335938,18.6875,18.890625,18.929688,19.882812,20.492188,20.820312,20.929688,20.945312,20.898438
4027,2021-06-28 17:45:00,3510,19.476562,18.382812,18.625,18.8125,19.039062,19.226562,19.445312,19.828125,20.335938,19.609375,18.9375,19.875,20.476562,20.804688,20.929688,20.9375,20.890625
4028,2021-06-28 18:00:00,3510,20.234375,18.359375,18.601562,18.8125,19.09375,19.398438,19.695312,20.21875,20.929688,20.085938,18.96875,19.851562,20.46875,20.804688,20.929688,20.9375,20.898438
4029,2021-06-28 18:15:00,3510,21.007812,19.890625,20.328125,20.515625,20.804688,21.15625,21.429688,21.835938,22.523438,20.632812,19.023438,19.84375,20.453125,20.789062,20.921875,20.929688,20.890625
4030,2021-06-28 18:30:00,3510,22.78125,21.046875,21.421875,21.828125,21.898438,22.96875,23.023438,23.429688,24.46875,21.570312,19.078125,19.828125,20.4375,20.78125,20.914062,20.929688,20.882812
4031,2021-06-28 18:45:00,3510,23.992188,22.226562,22.390625,23.039062,23.242188,24.367188,24.335938,24.640625,25.671875,22.4375,19.15625,19.820312,20.429688,20.78125,20.914062,20.929688,20.882812
4032,2021-06-28 17:30:00,3510,17.882812,17.484375,17.570312,17.84375,18.070312,18.125,18.1875,18.335938,18.6875,18.890625,18.929688,19.882812,20.492188,20.820312,20.929688,20.945312,20.898438
4033,2021-06-28 17:45:00,3510,19.476562,18.382812,18.625,18.8125,19.039062,19.226562,19.445312,19.828125,20.335938,19.609375,18.9375,19.875,20.476562,20.804688,20.929688,20.9375,20.890625
4034,2021-06-28 18:00:00,3510,20.234375,18.359375,18.601562,18.8125,19.09375,19.398438,19.695312,20.21875,20.929688,20.085938,18.96875,19.851562,20.46875,20.804688,20.929688,20.9375,20.898438
4035,2021-06-28 18:15:00,3510,21.007812,19.890625,20.328125,20.515625,20.804688,21.15625,21.429688,21.835938,22.523438,20.632812,19.023438,19.84375,20.453125,20.789062,20.921875,20.929688,20.890625
4036,2021-06-28 18:30:00,3510,22.78125,21.046875,21.421875,21.828125,21.898438,22.96875,23.023438,23.429688,24.46875,21.570312,19.078125,19.828125,20.4375,20.78125,20.914062,20.929688,20.882812
4037,2021-06-28 18:45:00,3510,23.992188,22.226562,22.390625,23.039062,23.242188,24.367188,24.335938,24.640625,25.671875,22.4375,19.15625,19.820312,20.429688,20.78125,20.914062,20.929688,20.882812
4038,2021-06-28 19:00:00,3510,25.039062,22.75,22.703125,23.679688,23.9375,25.0625,25.085938,25.328125,27.039062,23.25,19.257812,19.820312,20.414062,20.765625,20.90625,20.929688,20.882812
4039,2021-06-28 19:15:00,3516,25.726562,23.382812,23.585938,24.140625,24.515625,25.210938,25.429688,26.570312,28.179688,24.0,19.382812,19.8125,20.398438,20.765625,20.90625,20.921875,20.882812
4040,2021-06-28 19:30:00,3510,25.820312,23.453125,23.710938,23.890625,24.53125,25.085938,25.726562,27.515625,28.757812,24.640625,19.515625,19.820312,20.382812,20.742188,20.898438,20.921875,20.875
4041,2021-06-28 19:45:00,3510,26.234375,24.21875,24.570312,24.515625,25.039062,25.914062,26.898438,28.234375,29.796875,25.179688,19.679688,19.820312,20.375,20.742188,20.890625,20.921875,20.875
4042,2021-06-28 20:00:00,3516,26.085938,23.328125,23.53125,23.71875,23.789062,25.242188,26.039062,27.28125,28.757812,25.640625,19.84375,19.835938,20.359375,20.734375,20.882812,20.914062,20.867188
4043,2021-06-28 20:15:00,3516,26.210938,24.101562,24.40625,23.953125,24.429688,25.898438,26.742188,28.0,29.078125,25.867188,20.007812,19.859375,20.359375,20.726562,20.882812,20.90625,20.859375
4044,2021-06-28 20:30:00,3522,26.03125,23.84375,24.085938,23.476562,23.921875,25.734375,26.296875,27.929688,29.132812,26.273438,20.195312,19.882812,20.34375,20.71875,20.875,20.898438,20.859375
4045,2021-06-28 20:45:00,3522,26.75,24.546875,24.71875,23.65625,24.40625,26.226562,26.585938,28.132812,29.210938,26.398438,20.390625,19.914062,20.335938,20.703125,20.875,20.898438,20.851562
4046,2021-06-28 21:00:00,3516,26.539062,25.15625,25.234375,24.367188,24.953125,26.039062,27.03125,28.054688,29.578125,26.59375,20.570312,19.945312,20.335938,20.695312,20.867188,20.898438,20.851562
4047,2021-06-28 21:15:00,3522,26.828125,24.859375,25.070312,24.429688,25.03125,26.085938,27.109375,28.492188,29.640625,26.78125,20.75,19.984375,20.335938,20.695312,20.859375,20.890625,20.84375
4048,2021-06-28 21:30:00,3528,26.851562,25.164062,25.132812,24.28125,25.070312,26.25,27.296875,28.054688,29.132812,26.8125,20.9375,20.039062,20.328125,20.679688,20.851562,20.890625,20.835938
4049,2021-06-28 21:45:00,3528,26.875,24.367188,24.21875,23.632812,24.90625,25.976562,26.585938,27.3125,28.742188,26.84375,21.109375,20.09375,20.328125,20.671875,20.851562,20.882812,20.828125
4050,2021-06-28 22:00:00,3528,26.65625,24.460938,24.195312,23.75,24.71875,25.21875,26.515625,26.882812,28.601562,26.742188,21.28125,20.148438,20.328125,20.671875,20.84375,20.875,20.828125
4051,2021-06-28 22:15:00,3522,26.570312,24.0,23.757812,23.445312,24.328125,25.1875,26.148438,26.984375,28.335938,26.65625,21.4375,20.203125,20.335938,20.664062,20.835938,20.867188,20.828125
4052,2021-06-28 22:30:00,3522,26.5625,23.898438,22.882812,22.960938,24.117188,24.515625,25.179688,25.953125,26.75,26.28125,21.585938,20.265625,20.34375,20.65625,20.828125,20.867188,20.820312
4053,2021-06-28 22:45:00,3528,26.539062,23.804688,23.117188,23.632812,24.71875,24.84375,25.523438,26.375,27.171875,26.046875,21.710938,20.328125,20.34375,20.648438,20.828125,20.859375,20.820312
4054,2021-06-28 23:00:00,3528,25.578125,22.59375,22.203125,23.023438,23.085938,23.585938,24.0625,25.242188,25.539062,25.359375,21.820312,20.40625,20.359375,20.640625,20.820312,20.851562,20.8125
4055,2021-06-28 23:15:00,3528,25.125,21.882812,21.945312,22.789062,22.257812,22.726562,23.710938,24.203125,25.078125,25.148438,21.914062,20.46875,20.375,20.632812,20.804688,20.851562,20.804688
4056,2021-06-28 23:30:00,3528,25.007812,22.039062,21.585938,22.875,22.070312,22.53125,23.554688,23.960938,24.96875,24.84375,21.984375,20.53125,20.390625,20.632812,20.804688,20.84375,20.796875
4057,2021-06-28 23:45:00,3528,23.546875,20.085938,19.523438,20.625,20.070312,19.875,20.234375,20.71875,21.601562,24.070312,22.039062,20.59375,20.398438,20.632812,20.804688,20.84375,20.78125
4058,2021-06-29 00:00:00,3528,20.078125,17.984375,17.289062,17.375,17.492188,17.59375,17.84375,18.296875,19.0625,23.203125,22.078125,20.65625,20.421875,20.625,20.789062,20.835938,20.773438
4059,2021-06-29 00:15:00,3534,18.6875,17.601562,16.835938,16.882812,17.164062,17.0625,17.34375,17.476562,17.945312,22.679688,22.101562,20.71875,20.4375,20.625,20.78125,20.828125,20.75
4060,2021-06-29 00:30:00,3528,18.453125,18.273438,17.390625,17.234375,17.289062,17.257812,17.484375,17.492188,17.882812,22.289062,22.085938,20.773438,20.460938,20.625,20.78125,20.828125,20.726562
4061,2021-06-29 00:45:00,3528,17.953125,17.195312,16.765625,16.570312,16.671875,16.695312,16.828125,17.007812,17.46875,22.03125,22.070312,20.828125,20.484375,20.625,20.78125,20.8125,20.710938
4062,2021-06-29 01:00:00,3528,17.296875,16.945312,16.484375,16.195312,16.171875,16.125,16.210938,16.414062,16.882812,21.679688,22.039062,20.882812,20.507812,20.625,20.773438,20.8125,20.695312
4063,2021-06-29 01:15:00,3540,16.8125,16.585938,16.226562,16.0,15.984375,15.9140625,15.9609375,16.101562,16.546875,21.390625,21.992188,20.929688,20.53125,20.632812,20.765625,20.804688,20.679688
4064,2021-06-29 01:30:00,3534,16.414062,16.289062,16.0,15.8203125,15.84375,15.8203125,15.8984375,16.007812,16.382812,21.21875,21.945312,20.960938,20.554688,20.632812,20.75,20.796875,20.671875
4065,2021-06-29 01:45:00,3528,15.9453125,15.609375,15.3515625,15.2265625,15.2421875,15.265625,15.3828125,15.65625,16.09375,20.992188,21.890625,21.007812,20.585938,20.632812,20.757812,20.789062,20.65625
4066,2021-06-29 02:00:00,3534,15.3671875,15.078125,14.875,14.734375,14.703125,14.7421875,14.8828125,15.1640625,15.765625,20.859375,21.835938,21.039062,20.601562,20.632812,20.75,20.78125,20.65625
4067,2021-06-29 02:15:00,3528,15.0,14.90625,14.703125,14.53125,14.4453125,14.421875,14.484375,14.7578125,15.2890625,20.5625,21.773438,21.070312,20.632812,20.640625,20.75,20.773438,20.640625
4068,2021-06-29 02:30:00,3528,14.40625,14.1953125,14.046875,13.9921875,14.0,14.0625,14.234375,14.46875,14.9921875,20.445312,21.710938,21.085938,20.65625,20.648438,20.742188,20.757812,20.632812
4069,2021-06-29 02:45:00,3528,13.8828125,13.6484375,13.4296875,13.421875,13.3984375,13.5390625,13.8125,14.3046875,15.03125,20.335938,21.648438,21.101562,20.679688,20.648438,20.742188,20.757812,20.625
4070,2021-06-29 03:00:00,3528,13.7734375,13.96875,13.6796875,13.5625,13.390625,13.3828125,13.5078125,13.9296875,14.6015625,20.109375,21.585938,21.125,20.710938,20.65625,20.734375,20.75,20.617188
4071,2021-06-29 03:15:00,3528,13.5390625,13.421875,13.2421875,13.2578125,13.1796875,13.2578125,13.4453125,13.8828125,14.6015625,19.976562,21.515625,21.140625,20.726562,20.664062,20.734375,20.75,20.609375
4072,2021-06-29 03:30:00,3516,13.3515625,13.3671875,13.1875,13.125,12.984375,13.015625,13.1328125,13.5078125,14.125,19.75,21.445312,21.140625,20.75,20.671875,20.742188,20.742188,20.609375
4073,2021-06-29 03:45:00,3522,13.078125,13.125,13.03125,13.0,12.9375,12.9765625,13.0625,13.34375,13.8828125,19.554688,21.375,21.148438,20.773438,20.6875,20.734375,20.734375,20.601562
4074,2021-06-29 04:00:00,3522,13.2421875,13.328125,13.2890625,13.21875,13.1953125,13.2890625,13.4453125,13.75,14.2578125,19.515625,21.304688,21.148438,20.796875,20.703125,20.734375,20.726562,20.59375
4075,2021-06-29 04:15:00,3522,13.3125,13.2734375,13.2578125,13.203125,13.2109375,13.3203125,13.484375,13.7890625,14.296875,19.445312,21.234375,21.148438,20.820312,20.703125,20.734375,20.726562,20.59375
4076,2021-06-29 04:30:00,3528,13.3125,13.265625,13.265625,13.2265625,13.234375,13.3203125,13.421875,13.6484375,14.0703125,19.203125,21.164062,21.148438,20.835938,20.710938,20.734375,20.71875,20.585938
4077,2021-06-29 04:45:00,3528,13.3203125,13.25,13.25,13.203125,13.21875,13.3203125,13.4296875,13.640625,14.046875,19.125,21.101562,21.140625,20.859375,20.726562,20.734375,20.71875,20.585938
4078,2021-06-29 05:00:00,3522,13.3125,13.2109375,13.2109375,13.1796875,13.1953125,13.3046875,13.453125,13.71875,14.171875,19.09375,21.03125,21.132812,20.867188,20.734375,20.734375,20.710938,20.578125
4079,2021-06-29 05:15:00,3528,13.1640625,13.03125,13.0078125,13.015625,13.0234375,13.15625,13.3046875,13.5703125,14.03125,19.007812,20.960938,21.125,20.882812,20.742188,20.742188,20.710938,20.585938
4080,2021-06-29 05:30:00,3528,13.015625,12.9375,12.9140625,12.8828125,12.890625,13.015625,13.1484375,13.453125,13.9375,18.96875,20.898438,21.109375,20.898438,20.757812,20.742188,20.703125,20.578125
4081,2021-06-29 05:45:00,3522,12.84375,12.6953125,12.6796875,12.6875,12.6953125,12.859375,13.0546875,13.40625,13.9765625,18.914062,20.828125,21.101562,20.90625,20.765625,20.742188,20.703125,20.570312
4082,2021-06-29 06:00:00,3522,12.953125,12.9453125,12.921875,12.890625,12.890625,13.0,13.125,13.390625,13.9140625,18.84375,20.765625,21.085938,20.921875,20.78125,20.742188,20.703125,20.570312
4083,2021-06-29 06:15:00,3522,12.9609375,12.859375,12.859375,12.8359375,12.8671875,12.984375,13.1328125,13.4296875,13.8828125,18.71875,20.710938,21.070312,20.929688,20.789062,20.75,20.695312,20.570312
4084,2021-06-29 06:30:00,3522,12.84375,12.7421875,12.75,12.7421875,12.765625,12.875,13.015625,13.2734375,13.7109375,18.585938,20.648438,21.054688,20.9375,20.804688,20.75,20.703125,20.570312
4085,2021-06-29 06:45:00,3516,12.859375,12.8046875,12.8046875,12.796875,12.8203125,12.953125,13.125,13.421875,13.8515625,18.570312,20.585938,21.03125,20.945312,20.8125,20.75,20.695312,20.570312
4086,2021-06-29 07:00:00,3516,12.84375,12.7734375,12.7734375,12.75,12.7734375,12.8828125,13.03125,13.34375,13.8828125,18.523438,20.53125,21.015625,20.945312,20.8125,20.765625,20.695312,20.570312
4087,2021-06-29 07:15:00,3528,12.890625,12.8359375,12.828125,12.8125,12.859375,13.0078125,13.1796875,13.5234375,14.0703125,18.546875,20.476562,20.992188,20.953125,20.828125,20.765625,20.695312,20.5625
4088,2021-06-29 07:30:00,3528,12.8515625,12.75,12.75,12.7421875,12.78125,12.9140625,13.09375,13.40625,13.8984375,18.492188,20.421875,20.976562,20.953125,20.835938,20.773438,20.695312,20.570312
4089,2021-06-29 07:45:00,3516,12.84375,12.75,12.734375,12.7265625,12.75,12.8984375,13.078125,13.3984375,13.859375,18.414062,20.375,20.953125,20.953125,20.84375,20.773438,20.703125,20.570312
4090,2021-06-29 08:00:00,3522,12.8203125,12.71875,12.7109375,12.71875,12.75,12.8984375,13.0703125,13.375,13.828125,18.375,20.328125,20.929688,20.960938,20.851562,20.78125,20.695312,20.570312
4091,2021-06-29 08:15:00,3528,12.828125,12.78125,12.7734375,12.7578125,12.8046875,12.9296875,13.09375,13.390625,13.8515625,18.359375,20.28125,20.914062,20.960938,20.859375,20.78125,20.695312,20.570312
4092,2021-06-29 08:30:00,3522,12.7265625,12.5703125,12.5859375,12.6015625,12.6640625,12.828125,13.0234375,13.34375,13.8359375,18.320312,20.234375,20.890625,20.953125,20.867188,20.78125,20.703125,20.570312
4093,2021-06-29 08:45:00,3516,12.6328125,12.453125,12.46875,12.46875,12.5078125,12.6484375,12.8125,13.1328125,13.5546875,18.226562,20.195312,20.867188,20.953125,20.867188,20.796875,20.695312,20.570312
4094,2021-06-29 09:00:00,3522,12.4296875,12.2421875,12.265625,12.2890625,12.3515625,12.5078125,12.703125,13.0234375,13.5234375,18.1875,20.140625,20.84375,20.960938,20.875,20.796875,20.703125,20.578125
4095,2021-06-29 09:15:00,3522,12.2734375,12.125,12.140625,12.1484375,12.1796875,12.3125,12.4609375,12.734375,13.2265625,18.03125,20.109375,20.820312,20.960938,20.875,20.804688,20.703125,20.570312
4096,2021-06-29 09:30:00,3522,12.265625,12.171875,12.1953125,12.203125,12.2109375,12.3359375,12.46875,12.7265625,13.171875,17.945312,20.0625,20.796875,20.945312,20.882812,20.796875,20.710938,20.570312
4097,2021-06-29 09:45:00,3516,12.3046875,12.2421875,12.25,12.25,12.265625,12.3828125,12.5234375,12.8046875,13.2421875,17.890625,20.015625,20.773438,20.9375,20.890625,20.804688,20.710938,20.570312
4098,2021-06-29 10:00:00,3510,12.3046875,12.171875,12.1953125,12.21875,12.2734375,12.4453125,12.6484375,13.0078125,13.4609375,17.882812,19.96875,20.742188,20.9375,20.890625,20.804688,20.710938,20.570312
4099,2021-06-29 10:15:00,3522,12.2421875,12.125,12.1484375,12.1640625,12.1953125,12.359375,12.515625,12.84375,13.375,17.90625,19.921875,20.71875,20.9375,20.890625,20.8125,20.695312,20.570312
4100,2021-06-29 10:30:00,3522,12.203125,12.109375,12.140625,12.1796875,12.234375,12.390625,12.5234375,12.890625,13.671875,17.984375,19.875,20.695312,20.921875,20.898438,20.8125,20.710938,20.570312
4101,2021-06-29 10:45:00,3516,12.1171875,12.0390625,12.03125,12.0390625,12.0546875,12.1953125,12.34375,12.671875,13.265625,17.898438,19.835938,20.679688,20.914062,20.898438,20.820312,20.710938,20.570312
4102,2021-06-29 11:00:00,3510,12.125,11.9921875,12.0,12.0078125,12.015625,12.1484375,12.2890625,12.5859375,13.0859375,17.765625,19.789062,20.648438,20.90625,20.898438,20.828125,20.71875,20.570312
4103,2021-06-29 11:15:00,3522,12.1328125,12.109375,12.1328125,12.1640625,12.203125,12.3515625,12.5078125,12.7734375,13.1953125,17.773438,19.757812,20.625,20.898438,20.898438,20.820312,20.710938,20.570312
4104,2021-06-29 11:30:00,3510,12.109375,12.03125,12.0390625,12.0390625,12.0703125,12.203125,12.4140625,12.890625,13.7109375,17.804688,19.71875,20.59375,20.890625,20.898438,20.828125,20.71875,20.578125
4105,2021-06-29 11:45:00,3510,12.1640625,12.09375,12.109375,12.1015625,12.1015625,12.21875,12.3515625,12.6328125,13.09375,17.632812,19.671875,20.570312,20.882812,20.898438,20.828125,20.71875,20.570312
4106,2021-06-29 12:00:00,3510,12.1953125,12.140625,12.1640625,12.171875,12.1953125,12.3359375,12.4765625,12.75,13.1796875,17.601562,19.640625,20.546875,20.875,20.90625,20.828125,20.71875,20.570312
4107,2021-06-29 12:15:00,3516,12.1328125,12.03125,12.046875,12.0625,12.09375,12.2265625,12.3828125,12.6640625,13.109375,17.554688,19.601562,20.523438,20.859375,20.90625,20.828125,20.71875,20.570312
4108,2021-06-29 12:30:00,3510,12.0859375,11.96875,11.984375,12.0,12.03125,12.171875,12.3671875,12.6953125,13.21875,17.609375,19.5625,20.5,20.851562,20.898438,20.835938,20.726562,20.578125
4109,2021-06-29 12:45:00,3510,12.0078125,11.859375,11.875,11.890625,11.9296875,12.0703125,12.2578125,12.578125,13.0546875,17.539062,19.523438,20.476562,20.84375,20.898438,20.835938,20.726562,20.570312
4110,2021-06-29 13:00:00,3510,11.96875,11.8671875,11.8984375,11.921875,11.9609375,12.1171875,12.296875,12.625,13.1484375,17.539062,19.492188,20.445312,20.828125,20.890625,20.835938,20.71875,20.570312
4111,2021-06-29 13:15:00,3510,11.9921875,11.9296875,11.9609375,11.9609375,11.9921875,12.109375,12.2578125,12.5390625,13.0,17.453125,19.453125,20.421875,20.820312,20.890625,20.835938,20.726562,20.570312
4112,2021-06-29 13:30:00,3510,12.125,12.109375,12.1484375,12.1875,12.2421875,12.390625,12.5859375,12.9140625,13.4140625,17.523438,19.414062,20.398438,20.804688,20.890625,20.84375,20.71875,20.570312
4113,2021-06-29 13:45:00,3516,12.2578125,12.1953125,12.21875,12.234375,12.28125,12.3984375,12.546875,12.84375,13.3359375,17.53125,19.375,20.375,20.796875,20.882812,20.835938,20.726562,20.570312
4114,2021-06-29 14:00:00,3510,12.484375,12.546875,12.5703125,12.6015625,12.65625,12.796875,12.9609375,13.2265625,13.609375,17.492188,19.351562,20.351562,20.78125,20.882812,20.835938,20.726562,20.5625
4115,2021-06-29 14:15:00,3510,12.6953125,12.65625,12.671875,12.7109375,12.7890625,12.953125,13.1796875,13.4609375,13.921875,17.570312,19.3125,20.320312,20.765625,20.882812,20.835938,20.726562,20.570312
4116,2021-06-29 14:30:00,3510,12.9140625,12.828125,12.8046875,12.828125,12.8984375,13.0859375,13.3046875,13.59375,14.0234375,17.59375,19.28125,20.304688,20.742188,20.875,20.84375,20.726562,20.570312
4117,2021-06-29 14:45:00,3510,13.1484375,13.0234375,13.03125,13.0625,13.171875,13.3046875,13.5390625,13.765625,14.171875,17.617188,19.257812,20.273438,20.726562,20.867188,20.835938,20.726562,20.5625
4118,2021-06-29 15:00:00,3510,13.5625,13.3125,13.328125,13.3671875,13.5,13.6328125,13.890625,14.1328125,14.546875,17.695312,19.234375,20.25,20.71875,20.867188,20.835938,20.726562,20.5625
4119,2021-06-29 15:15:00,3510,13.9609375,13.84375,13.8359375,13.859375,13.984375,14.09375,14.3125,14.4765625,14.8203125,17.734375,19.21875,20.226562,20.703125,20.859375,20.835938,20.726562,20.5625
4120,2021-06-29 15:30:00,3510,14.59375,14.390625,14.3828125,14.40625,14.578125,14.6875,14.96875,15.140625,15.453125,17.875,19.195312,20.203125,20.6875,20.851562,20.835938,20.726562,20.5625
4121,2021-06-29 15:45:00,3510,15.28125,14.953125,14.9765625,15.03125,15.15625,15.265625,15.53125,15.6484375,15.9765625,18.03125,19.171875,20.171875,20.671875,20.851562,20.835938,20.726562,20.554688
4122,2021-06-29 16:00:00,3504,16.257812,15.828125,15.9140625,15.9140625,16.03125,16.085938,16.375,16.421875,16.6875,18.257812,19.164062,20.15625,20.664062,20.84375,20.828125,20.726562,20.546875
4123,2021-06-29 16:15:00,3510,16.90625,16.023438,16.078125,16.125,16.28125,16.367188,16.65625,16.742188,17.054688,18.445312,19.164062,20.132812,20.640625,20.835938,20.828125,20.726562,20.546875
4124,2021-06-29 16:30:00,3504,17.164062,16.15625,16.1875,16.226562,16.40625,16.492188,16.820312,16.914062,17.273438,18.585938,19.171875,20.109375,20.632812,20.828125,20.828125,20.71875,20.554688
4125,2021-06-29 16:45:00,3510,18.609375,18.023438,18.203125,18.148438,18.304688,18.304688,18.65625,18.578125,18.789062,18.945312,19.1875,20.09375,20.617188,20.820312,20.828125,20.71875,20.554688
4126,2021-06-29 17:00:00,3510,19.789062,18.460938,18.828125,18.757812,18.84375,18.632812,18.851562,19.125,19.476562,19.304688,19.195312,20.0625,20.601562,20.8125,20.828125,20.71875,20.546875
4127,2021-06-29 17:15:00,3510,20.820312,18.859375,19.3125,19.359375,19.421875,19.46875,19.84375,20.023438,20.429688,19.679688,19.226562,20.046875,20.585938,20.804688,20.820312,20.71875,20.53125
4128,2021-06-29 17:30:00,3510,21.90625,20.125,20.8125,20.828125,20.710938,21.015625,21.195312,21.46875,21.8125,20.140625,19.265625,20.046875,20.570312,20.796875,20.820312,20.710938,20.539062
4129,2021-06-29 17:45:00,3510,22.828125,20.710938,21.546875,21.523438,21.429688,21.84375,21.6875,22.148438,22.585938,20.523438,19.320312,20.03125,20.554688,20.789062,20.8125,20.710938,20.539062
4130,2021-06-29 18:00:00,3510,23.960938,21.65625,22.515625,22.679688,22.851562,23.34375,23.171875,23.59375,24.117188,21.015625,19.382812,20.015625,20.546875,20.789062,20.8125,20.710938,20.53125
4131,2021-06-29 18:15:00,3510,24.453125,22.195312,22.898438,22.703125,23.226562,23.515625,23.164062,23.625,24.085938,21.328125,19.46875,20.015625,20.53125,20.78125,20.8125,20.703125,20.53125
4132,2021-06-29 18:30:00,3510,25.046875,22.679688,23.484375,23.109375,24.085938,24.390625,24.070312,24.59375,25.117188,21.804688,19.5625,20.007812,20.515625,20.765625,20.796875,20.710938,20.53125
4133,2021-06-29 18:45:00,3516,25.601562,22.890625,23.796875,23.351562,24.421875,24.703125,24.390625,24.984375,25.460938,22.1875,19.671875,20.007812,20.5,20.765625,20.796875,20.703125,20.523438
4134,2021-06-29 19:00:00,3516,26.304688,23.976562,24.820312,24.085938,25.070312,24.664062,24.351562,25.234375,25.578125,22.515625,19.78125,20.007812,20.492188,20.75,20.796875,20.703125,20.523438
4135,2021-06-29 19:15:00,3516,26.585938,23.898438,24.734375,23.945312,24.984375,24.914062,25.523438,26.101562,26.898438,22.976562,19.898438,20.015625,20.484375,20.742188,20.789062,20.695312,20.515625
4136,2021-06-29 19:30:00,3516,26.773438,24.4375,25.203125,24.3125,25.117188,25.257812,26.0625,26.40625,27.617188,23.492188,20.015625,20.039062,20.46875,20.734375,20.789062,20.695312,20.515625
4137,2021-06-29 19:45:00,3528,27.023438,25.007812,25.71875,24.492188,25.554688,25.765625,27.023438,27.125,27.976562,23.765625,20.15625,20.054688,20.460938,20.726562,20.78125,20.6875,20.507812
4138,2021-06-29 20:00:00,3522,27.234375,25.273438,25.59375,24.5,25.210938,25.867188,26.179688,26.835938,27.421875,23.875,20.304688,20.078125,20.453125,20.71875,20.78125,20.6875,20.507812
4139,2021-06-29 20:15:00,3522,27.6875,25.585938,25.382812,24.976562,25.8125,26.015625,27.351562,27.125,28.070312,24.234375,20.445312,20.109375,20.445312,20.703125,20.773438,20.679688,20.5
4140,2021-06-29 19:00:00,3516,26.304688,23.976562,24.820312,24.085938,25.070312,24.664062,24.351562,25.234375,25.578125,22.515625,19.78125,20.007812,20.492188,20.75,20.796875,20.703125,20.523438
4141,2021-06-29 19:15:00,3516,26.585938,23.898438,24.734375,23.945312,24.984375,24.914062,25.523438,26.101562,26.898438,22.976562,19.898438,20.015625,20.484375,20.742188,20.789062,20.695312,20.515625
4142,2021-06-29 19:30:00,3516,26.773438,24.4375,25.203125,24.3125,25.117188,25.257812,26.0625,26.40625,27.617188,23.492188,20.015625,20.039062,20.46875,20.734375,20.789062,20.695312,20.515625
4143,2021-06-29 19:45:00,3528,27.023438,25.007812,25.71875,24.492188,25.554688,25.765625,27.023438,27.125,27.976562,23.765625,20.15625,20.054688,20.460938,20.726562,20.78125,20.6875,20.507812
4144,2021-06-29 20:00:00,3522,27.234375,25.273438,25.59375,24.5,25.210938,25.867188,26.179688,26.835938,27.421875,23.875,20.304688,20.078125,20.453125,20.71875,20.78125,20.6875,20.507812
4145,2021-06-29 20:15:00,3522,27.6875,25.585938,25.382812,24.976562,25.8125,26.015625,27.351562,27.125,28.070312,24.234375,20.445312,20.109375,20.445312,20.703125,20.773438,20.679688,20.5
4146,2021-06-29 20:30:00,3528,27.898438,26.15625,25.375,25.578125,26.875,26.117188,27.140625,27.578125,28.1875,24.445312,20.59375,20.140625,20.4375,20.703125,20.765625,20.679688,20.5
4147,2021-06-29 20:45:00,3528,28.351562,26.625,25.859375,25.945312,27.257812,26.6875,27.429688,28.21875,28.851562,24.640625,20.742188,20.171875,20.4375,20.695312,20.765625,20.671875,20.492188
4148,2021-06-29 21:00:00,3528,28.1875,26.28125,25.8125,25.203125,26.210938,25.984375,27.351562,27.851562,28.515625,24.929688,20.898438,20.210938,20.4375,20.679688,20.757812,20.671875,20.484375
4149,2021-06-29 21:15:00,3522,28.414062,26.890625,26.945312,25.59375,26.203125,26.476562,27.71875,28.234375,28.851562,24.984375,21.046875,20.257812,20.4375,20.679688,20.75,20.671875,20.484375
4150,2021-06-29 21:30:00,3534,28.40625,26.375,26.5625,25.429688,25.5625,26.609375,27.226562,27.875,28.226562,25.078125,21.203125,20.296875,20.4375,20.671875,20.742188,20.664062,20.476562
4151,2021-06-29 21:45:00,3534,28.203125,26.242188,25.96875,25.070312,25.242188,26.617188,27.328125,27.820312,28.492188,25.195312,21.351562,20.359375,20.4375,20.664062,20.742188,20.65625,20.476562
4152,2021-06-29 22:00:00,3534,27.796875,25.703125,25.304688,24.671875,24.960938,25.726562,26.476562,27.023438,28.039062,25.164062,21.492188,20.414062,20.445312,20.65625,20.726562,20.65625,20.46875
4153,2021-06-29 22:15:00,3534,27.40625,25.695312,24.703125,24.367188,24.796875,25.320312,25.914062,26.664062,27.421875,25.054688,21.625,20.460938,20.453125,20.65625,20.726562,20.648438,20.46875
4154,2021-06-29 22:30:00,3534,27.515625,25.789062,24.28125,24.390625,24.835938,25.257812,25.835938,26.78125,26.929688,24.804688,21.742188,20.523438,20.460938,20.640625,20.71875,20.648438,20.460938
4155,2021-06-29 22:45:00,3534,27.132812,25.273438,23.84375,23.835938,24.304688,24.695312,25.5,26.484375,26.835938,24.765625,21.851562,20.585938,20.46875,20.640625,20.71875,20.632812,20.453125
4156,2021-06-29 23:00:00,3528,26.171875,24.976562,23.78125,23.132812,23.601562,23.710938,22.195312,22.335938,23.390625,24.429688,21.9375,20.640625,20.484375,20.632812,20.710938,20.632812,20.445312
4157,2021-06-29 23:15:00,3534,26.09375,24.53125,23.679688,23.023438,23.117188,23.710938,22.226562,23.203125,23.609375,24.304688,22.015625,20.703125,20.492188,20.632812,20.703125,20.632812,20.4375
4158,2021-06-29 23:30:00,3534,25.921875,23.882812,23.125,22.460938,22.671875,23.351562,22.023438,22.945312,23.523438,24.070312,22.085938,20.765625,20.515625,20.625,20.703125,20.625,20.429688
4159,2021-06-29 23:45:00,3540,25.007812,22.890625,21.492188,21.304688,21.242188,21.710938,20.484375,21.179688,21.53125,23.664062,22.140625,20.828125,20.53125,20.625,20.695312,20.625,20.414062
4160,2021-06-30 00:00:00,3540,22.203125,20.09375,19.695312,19.507812,19.109375,19.132812,18.414062,18.765625,19.15625,22.953125,22.171875,20.875,20.546875,20.632812,20.6875,20.609375,20.414062
4161,2021-06-30 00:15:00,3546,21.132812,19.929688,19.554688,19.476562,19.242188,19.320312,18.96875,18.914062,18.929688,22.523438,22.195312,20.929688,20.578125,20.625,20.679688,20.609375,20.40625
4162,2021-06-30 00:30:00,3540,20.65625,19.695312,19.445312,19.390625,19.304688,19.25,19.054688,18.898438,18.8125,22.242188,22.195312,20.976562,20.59375,20.625,20.679688,20.601562,20.414062
4163,2021-06-30 00:45:00,3528,20.0,19.148438,18.8125,18.664062,18.28125,18.3125,18.085938,18.09375,18.234375,22.03125,22.171875,21.03125,20.617188,20.632812,20.671875,20.59375,20.40625
4164,2021-06-30 01:00:00,3540,19.234375,18.429688,18.179688,18.078125,17.78125,17.820312,17.609375,17.59375,17.671875,21.71875,22.140625,21.070312,20.632812,20.632812,20.671875,20.585938,20.398438
4165,2021-06-30 01:15:00,3540,18.554688,17.734375,17.539062,17.453125,17.148438,17.234375,17.0625,17.148438,17.273438,21.460938,22.09375,21.117188,20.664062,20.632812,20.664062,20.585938,20.40625
4166,2021-06-30 01:30:00,3540,17.648438,16.726562,16.515625,16.4375,16.203125,16.328125,16.296875,16.539062,16.875,21.296875,22.039062,21.148438,20.679688,20.640625,20.664062,20.578125,20.398438
4167,2021-06-30 01:45:00,3528,17.335938,16.90625,16.710938,16.625,16.265625,16.359375,16.1875,16.304688,16.484375,21.046875,21.976562,21.179688,20.710938,20.648438,20.65625,20.570312,20.398438
4168,2021-06-30 02:00:00,3540,17.023438,16.710938,16.492188,16.414062,16.078125,16.15625,15.9609375,16.0625,16.203125,20.851562,21.921875,21.210938,20.726562,20.640625,20.65625,20.570312,20.398438
4169,2021-06-30 02:15:00,3540,16.828125,16.40625,16.234375,16.171875,15.8671875,15.953125,15.8046875,15.9375,16.15625,20.6875,21.859375,21.226562,20.757812,20.65625,20.648438,20.570312,20.398438
4170,2021-06-30 02:30:00,3540,16.476562,16.125,15.8828125,15.7890625,15.484375,15.578125,15.4921875,15.703125,15.953125,20.578125,21.789062,21.242188,20.789062,20.664062,20.648438,20.570312,20.398438
4171,2021-06-30 02:45:00,3528,16.273438,16.046875,15.84375,15.75,15.34375,15.4375,15.328125,15.5625,15.734375,20.40625,21.726562,21.25,20.796875,20.664062,20.648438,20.5625,20.398438
4172,2021-06-30 03:00:00,3540,15.5859375,14.9375,14.734375,14.71875,14.484375,14.6796875,14.765625,15.1171875,15.4453125,20.320312,21.65625,21.265625,20.828125,20.679688,20.648438,20.5625,20.398438
4173,2021-06-30 03:15:00,3540,15.2734375,15.171875,14.96875,14.890625,14.4921875,14.6015625,14.5,14.78125,15.046875,20.117188,21.59375,21.265625,20.84375,20.679688,20.648438,20.554688,20.398438
4174,2021-06-30 03:30:00,3534,14.7578125,14.21875,14.0625,14.046875,13.7890625,13.9921875,14.0703125,14.453125,14.8515625,20.007812,21.53125,21.273438,20.867188,20.695312,20.65625,20.554688,20.40625
4175,2021-06-30 03:45:00,3522,13.796875,13.1484375,13.0390625,13.0859375,12.9453125,13.2578125,13.3984375,13.8359375,14.4453125,19.9375,21.460938,21.273438,20.882812,20.703125,20.648438,20.5625,20.398438
4176,2021-06-30 04:00:00,3528,13.4609375,13.1171875,12.9765625,12.9765625,12.765625,13.0078125,13.1015625,13.453125,13.9609375,19.765625,21.390625,21.265625,20.898438,20.710938,20.65625,20.554688,20.40625
4177,2021-06-30 04:15:00,3528,13.1796875,12.921875,12.8515625,12.859375,12.6875,12.890625,12.984375,13.3125,13.84375,19.65625,21.328125,21.273438,20.921875,20.726562,20.648438,20.546875,20.398438
4178,2021-06-30 04:30:00,3528,13.0234375,12.8046875,12.7421875,12.75,12.6015625,12.78125,12.8828125,13.203125,13.6953125,19.53125,21.257812,21.257812,20.929688,20.726562,20.65625,20.554688,20.414062
4179,2021-06-30 04:45:00,3534,12.703125,12.40625,12.375,12.40625,12.3046875,12.5078125,12.59375,12.9140625,13.375,19.367188,21.1875,21.257812,20.945312,20.734375,20.65625,20.554688,20.414062
4180,2021-06-30 05:00:00,3528,12.3984375,12.1640625,12.171875,12.2421875,12.1328125,12.3984375,12.5078125,12.8359375,13.328125,19.257812,21.117188,21.234375,20.953125,20.75,20.65625,20.554688,20.414062
4181,2021-06-30 05:15:00,3528,12.2578125,12.1484375,12.1796875,12.2421875,12.1953125,12.4453125,12.578125,12.9453125,13.5859375,19.203125,21.046875,21.226562,20.96875,20.765625,20.664062,20.5625,20.414062
4182,2021-06-30 05:30:00,3540,12.3046875,12.21875,12.234375,12.265625,12.2109375,12.4453125,12.6328125,13.0546875,13.578125,19.070312,20.976562,21.203125,20.976562,20.773438,20.664062,20.554688,20.421875
4183,2021-06-30 05:45:00,3528,12.234375,12.109375,12.109375,12.1328125,12.0078125,12.21875,12.328125,12.6328125,13.15625,18.992188,20.90625,21.1875,20.984375,20.78125,20.671875,20.5625,20.421875
4184,2021-06-30 06:00:00,3528,12.2421875,12.2578125,12.265625,12.3125,12.2421875,12.4453125,12.5703125,12.8984375,13.4375,18.898438,20.84375,21.171875,20.984375,20.78125,20.671875,20.5625,20.421875
4185,2021-06-30 06:15:00,3522,12.2109375,12.109375,12.15625,12.234375,12.21875,12.46875,12.6484375,13.015625,13.4609375,18.804688,20.773438,21.15625,21.0,20.796875,20.679688,20.570312,20.429688
4186,2021-06-30 06:30:00,3528,12.4453125,12.4453125,12.4140625,12.4296875,12.3046875,12.46875,12.5703125,12.9296875,13.4296875,18.703125,20.703125,21.140625,21.0,20.804688,20.679688,20.570312,20.429688
4187,2021-06-30 06:45:00,3528,12.4765625,12.28125,12.2734375,12.3203125,12.2734375,12.5078125,12.6953125,13.046875,13.4765625,18.617188,20.640625,21.117188,21.007812,20.8125,20.6875,20.570312,20.4375
4188,2021-06-30 07:00:00,3528,12.4765625,12.4140625,12.40625,12.40625,12.3125,12.453125,12.5703125,12.8984375,13.3359375,18.546875,20.578125,21.085938,21.007812,20.820312,20.695312,20.570312,20.4375
4189,2021-06-30 07:15:00,3522,12.3359375,12.234375,12.203125,12.21875,12.140625,12.3203125,12.453125,12.78125,13.25,18.53125,20.515625,21.070312,21.007812,20.835938,20.695312,20.570312,20.445312
4190,2021-06-30 07:30:00,3522,12.453125,12.3828125,12.390625,12.40625,12.3515625,12.5234375,12.6640625,13.0078125,13.5625,18.5,20.460938,21.046875,21.007812,20.835938,20.703125,20.578125,20.453125
4191,2021-06-30 07:45:00,3522,12.7578125,12.8203125,12.8359375,12.84375,12.8125,12.8984375,12.96875,13.1875,13.609375,18.398438,20.40625,21.015625,21.007812,20.84375,20.710938,20.578125,20.453125
4192,2021-06-30 08:00:00,3528,12.9375,12.9140625,12.8984375,12.8984375,12.8671875,12.96875,13.0625,13.3125,13.6640625,18.289062,20.34375,20.984375,21.007812,20.851562,20.710938,20.585938,20.453125
4193,2021-06-30 08:15:00,3516,12.9765625,12.8515625,12.84375,12.8515625,12.8125,12.9140625,13.015625,13.3125,13.75,18.28125,20.289062,20.960938,21.007812,20.851562,20.71875,20.59375,20.460938
4194,2021-06-30 08:30:00,3528,12.921875,12.7734375,12.765625,12.78125,12.7421875,12.859375,12.9765625,13.2890625,13.65625,18.1875,20.242188,20.9375,21.007812,20.867188,20.71875,20.59375,20.46875
4195,2021-06-30 08:45:00,3534,12.8828125,12.7734375,12.765625,12.7734375,12.7265625,12.8515625,12.96875,13.3046875,13.734375,18.226562,20.1875,20.90625,21.0,20.867188,20.726562,20.601562,20.46875
4196,2021-06-30 09:00:00,3522,12.6640625,12.390625,12.390625,12.4140625,12.3828125,12.515625,12.671875,13.0234375,13.4453125,18.085938,20.132812,20.882812,20.992188,20.875,20.734375,20.601562,20.46875
4197,2021-06-30 09:15:00,3522,12.4921875,12.3203125,12.3203125,12.34375,12.3046875,12.4296875,12.578125,12.9140625,13.359375,18.046875,20.085938,20.851562,20.984375,20.875,20.734375,20.609375,20.476562
4198,2021-06-30 09:30:00,3522,12.4296875,12.296875,12.3125,12.328125,12.3125,12.4140625,12.5390625,12.828125,13.2265625,17.929688,20.03125,20.835938,20.984375,20.875,20.742188,20.609375,20.476562
4199,2021-06-30 09:45:00,3522,12.390625,12.3046875,12.3359375,12.34375,12.3359375,12.4453125,12.5546875,12.828125,13.2578125,17.90625,19.984375,20.804688,20.976562,20.882812,20.75,20.609375,20.484375
4200,2021-06-30 10:00:00,3522,12.359375,12.2578125,12.296875,12.3125,12.3046875,12.4296875,12.5703125,12.8828125,13.2734375,17.867188,19.9375,20.773438,20.96875,20.882812,20.75,20.617188,20.484375
4201,2021-06-30 10:15:00,3528,12.2421875,12.1015625,12.125,12.1484375,12.1484375,12.2734375,12.40625,12.7109375,13.1484375,17.828125,19.882812,20.742188,20.953125,20.890625,20.757812,20.625,20.492188
4202,2021-06-30 10:30:00,3522,12.2109375,12.09375,12.1328125,12.1484375,12.1484375,12.2578125,12.3828125,12.6640625,13.109375,17.773438,19.835938,20.710938,20.953125,20.890625,20.765625,20.625,20.492188
4203,2021-06-30 10:45:00,3522,12.1796875,12.046875,12.09375,12.1171875,12.125,12.25,12.3828125,12.640625,13.0625,17.710938,19.796875,20.6875,20.9375,20.882812,20.765625,20.632812,20.5
4204,2021-06-30 11:00:00,3522,12.125,12.03125,12.0625,12.0703125,12.0703125,12.171875,12.2578125,12.5078125,12.9140625,17.601562,19.75,20.65625,20.929688,20.890625,20.773438,20.632812,20.515625
4205,2021-06-30 11:15:00,3522,12.046875,11.9140625,11.9609375,11.9765625,11.9921875,12.109375,12.2265625,12.5,12.9140625,17.578125,19.710938,20.632812,20.921875,20.890625,20.78125,20.640625,20.507812
4206,2021-06-30 11:30:00,3522,12.0,11.8828125,11.9140625,11.9375,11.9375,12.0546875,12.1796875,12.4453125,12.8671875,17.539062,19.664062,20.601562,20.90625,20.890625,20.773438,20.648438,20.515625
4207,2021-06-30 11:45:00,3516,11.9375,11.8203125,11.84375,11.8671875,11.859375,11.9609375,12.078125,12.3515625,12.7578125,17.453125,19.617188,20.570312,20.890625,20.890625,20.78125,20.648438,20.515625
4208,2021-06-30 12:00:00,3522,11.9453125,11.8515625,11.8828125,11.8984375,11.8984375,12.0,12.109375,12.3828125,12.7890625,17.421875,19.570312,20.546875,20.882812,20.890625,20.789062,20.65625,20.515625
4209,2021-06-30 12:15:00,3522,11.9296875,11.8515625,11.8984375,11.9375,11.953125,12.09375,12.2578125,12.546875,12.984375,17.460938,19.523438,20.515625,20.875,20.890625,20.789062,20.65625,20.523438
4210,2021-06-30 12:30:00,3522,11.9296875,11.875,11.90625,11.9296875,11.9375,12.0703125,12.2265625,12.5625,13.0546875,17.460938,19.484375,20.492188,20.867188,20.890625,20.789062,20.65625,20.523438
4211,2021-06-30 12:45:00,3522,11.890625,11.75,11.7734375,11.8046875,11.8125,11.953125,12.125,12.46875,12.9375,17.4375,19.445312,20.46875,20.851562,20.882812,20.796875,20.664062,20.523438
4212,2021-06-30 13:00:00,3522,11.78125,11.625,11.640625,11.6640625,11.65625,11.765625,11.8828125,12.1796875,12.703125,17.40625,19.398438,20.4375,20.835938,20.882812,20.789062,20.664062,20.523438
4213,2021-06-30 13:15:00,3528,11.78125,11.703125,11.7265625,11.7578125,11.765625,11.8828125,12.015625,12.3046875,12.7578125,17.367188,19.359375,20.40625,20.820312,20.882812,20.804688,20.664062,20.53125
4214,2021-06-30 13:30:00,3510,11.7890625,11.71875,11.7578125,11.78125,11.796875,11.9296875,12.0546875,12.359375,12.828125,17.296875,19.328125,20.375,20.804688,20.882812,20.804688,20.671875,20.53125
4215,2021-06-30 13:45:00,3516,11.8046875,11.765625,11.7890625,11.8203125,11.828125,11.9375,12.0546875,12.328125,12.765625,17.242188,19.289062,20.351562,20.789062,20.875,20.804688,20.671875,20.539062
4216,2021-06-30 14:00:00,3510,11.828125,11.734375,11.7734375,11.796875,11.8203125,11.9296875,12.0703125,12.3515625,12.8046875,17.226562,19.257812,20.320312,20.773438,20.875,20.804688,20.671875,20.53125
4217,2021-06-30 14:15:00,3510,11.859375,11.78125,11.8046875,11.8203125,11.8359375,11.9453125,12.0546875,12.3046875,12.75,17.1875,19.21875,20.296875,20.765625,20.867188,20.804688,20.679688,20.539062
4218,2021-06-30 14:30:00,3522,11.9453125,11.8359375,11.8671875,11.890625,11.9375,12.0625,12.1875,12.46875,12.9140625,17.1875,19.179688,20.265625,20.742188,20.859375,20.8125,20.679688,20.53125
4219,2021-06-30 14:45:00,3522,12.015625,11.9765625,12.0078125,12.0390625,12.0859375,12.2109375,12.3515625,12.6171875,13.046875,17.171875,19.148438,20.242188,20.726562,20.859375,20.804688,20.679688,20.539062
4220,2021-06-30 15:00:00,3522,12.046875,11.9453125,11.96875,11.9921875,12.0390625,12.171875,12.328125,12.609375,13.046875,17.148438,19.109375,20.21875,20.71875,20.851562,20.8125,20.6875,20.539062
4221,2021-06-30 15:15:00,3510,12.140625,12.0546875,12.078125,12.109375,12.15625,12.296875,12.4453125,12.71875,13.171875,17.171875,19.078125,20.195312,20.703125,20.84375,20.8125,20.6875,20.539062
4222,2021-06-30 15:30:00,3516,12.203125,12.109375,12.125,12.1484375,12.1875,12.3125,12.4375,12.6796875,13.1171875,17.101562,19.054688,20.164062,20.6875,20.84375,20.804688,20.679688,20.539062
4223,2021-06-30 15:45:00,3516,12.3203125,12.21875,12.2421875,12.2734375,12.328125,12.4765625,12.6328125,12.9296875,13.3671875,17.148438,19.015625,20.140625,20.664062,20.84375,20.804688,20.6875,20.539062
4224,2021-06-30 16:00:00,3516,12.3984375,12.265625,12.2734375,12.296875,12.3359375,12.484375,12.6328125,12.90625,13.3359375,17.125,18.984375,20.117188,20.65625,20.835938,20.8125,20.695312,20.539062
4225,2021-06-30 16:15:00,3510,12.609375,12.4375,12.4296875,12.4296875,12.5,12.6953125,12.875,13.1875,13.6328125,17.15625,18.96875,20.085938,20.632812,20.828125,20.804688,20.6875,20.539062
4226,2021-06-30 16:30:00,3504,12.796875,12.5859375,12.578125,12.546875,12.5234375,12.6953125,12.828125,13.1171875,13.5546875,17.132812,18.929688,20.054688,20.625,20.820312,20.804688,20.695312,20.53125
4227,2021-06-30 16:45:00,3510,13.2109375,13.203125,13.2109375,13.09375,13.015625,13.171875,13.1953125,13.5,13.921875,17.171875,18.90625,20.03125,20.609375,20.8125,20.804688,20.695312,20.539062
4228,2021-06-30 17:00:00,3516,13.5,13.3125,13.3359375,13.296875,13.3125,13.46875,13.4453125,13.8125,14.2734375,17.265625,18.890625,20.007812,20.585938,20.804688,20.804688,20.6875,20.539062
4229,2021-06-30 17:15:00,3516,14.0078125,13.828125,13.8828125,13.8203125,13.8828125,13.9375,13.875,14.1484375,14.625,17.375,18.867188,19.984375,20.570312,20.796875,20.804688,20.6875,20.53125
4230,2021-06-30 17:30:00,3510,14.28125,13.921875,13.9375,13.9296875,13.96875,14.03125,14.0859375,14.2734375,14.765625,17.4375,18.84375,19.960938,20.554688,20.789062,20.796875,20.695312,20.53125
4231,2021-06-30 17:45:00,3504,14.390625,14.0390625,14.0625,14.03125,14.0703125,14.125,14.1953125,14.359375,14.84375,17.46875,18.828125,19.9375,20.539062,20.78125,20.796875,20.6875,20.523438
4232,2021-06-30 18:00:00,3510,14.6328125,14.2421875,14.28125,14.25,14.2890625,14.3515625,14.4453125,14.5078125,15.0546875,17.53125,18.820312,19.90625,20.523438,20.773438,20.796875,20.695312,20.53125
4233,2021-06-30 18:15:00,3510,14.8125,14.484375,14.4921875,14.453125,14.4921875,14.5546875,14.6953125,14.75,15.34375,17.625,18.804688,19.890625,20.507812,20.765625,20.789062,20.6875,20.53125
4234,2021-06-30 18:30:00,3510,15.640625,15.3515625,15.421875,15.3515625,15.4296875,15.46875,15.59375,15.578125,16.109375,17.8125,18.804688,19.875,20.492188,20.765625,20.789062,20.6875,20.523438
4235,2021-06-30 18:45:00,3510,15.4921875,14.8984375,14.921875,14.875,14.9375,15.0078125,15.171875,15.3671875,15.84375,17.859375,18.804688,19.851562,20.476562,20.75,20.789062,20.679688,20.523438
4236,2021-06-30 19:00:00,3504,16.375,15.96875,16.164062,16.007812,16.179688,16.28125,16.5,16.695312,17.070312,18.117188,18.804688,19.828125,20.460938,20.734375,20.789062,20.6875,20.523438
4237,2021-06-30 19:15:00,3504,16.570312,15.984375,16.078125,15.9765625,16.03125,16.070312,16.242188,16.445312,16.859375,18.226562,18.8125,19.8125,20.445312,20.734375,20.78125,20.6875,20.515625
4238,2021-06-30 19:30:00,3510,16.734375,16.023438,16.117188,16.015625,16.140625,16.210938,16.4375,16.695312,17.195312,18.367188,18.820312,19.796875,20.429688,20.726562,20.773438,20.679688,20.515625
4239,2021-06-30 19:45:00,3504,17.835938,17.304688,17.351562,17.304688,17.398438,17.445312,17.640625,17.8125,18.28125,18.671875,18.84375,19.78125,20.414062,20.710938,20.765625,20.679688,20.507812
4240,2021-06-30 20:00:00,3510,18.953125,18.429688,18.617188,18.492188,18.570312,18.65625,18.820312,18.929688,19.273438,18.960938,18.859375,19.765625,20.398438,20.695312,20.765625,20.671875,20.507812
4241,2021-06-30 20:15:00,3510,18.507812,17.210938,17.210938,17.125,17.164062,17.210938,17.523438,17.78125,18.46875,19.085938,18.890625,19.742188,20.382812,20.6875,20.765625,20.671875,20.5
4242,2021-06-30 20:30:00,3510,18.96875,18.226562,18.304688,18.125,18.140625,18.15625,18.5,18.648438,19.195312,19.273438,18.929688,19.742188,20.367188,20.6875,20.757812,20.671875,20.5
4243,2021-06-30 20:45:00,3510,19.109375,17.976562,18.007812,17.820312,17.84375,17.929688,18.367188,18.539062,19.078125,19.414062,18.976562,19.726562,20.351562,20.679688,20.75,20.664062,20.492188
4244,2021-06-30 21:00:00,3510,18.765625,17.421875,17.515625,17.390625,17.523438,17.671875,18.132812,18.390625,18.96875,19.445312,19.023438,19.71875,20.335938,20.671875,20.75,20.664062,20.484375
4245,2021-06-30 21:15:00,3522,18.664062,17.476562,17.578125,17.460938,17.539062,17.6875,18.09375,18.273438,18.75,19.445312,19.070312,19.71875,20.328125,20.65625,20.742188,20.664062,20.484375
4246,2021-06-30 21:30:00,3510,18.296875,17.03125,17.09375,16.96875,17.054688,17.171875,17.570312,17.796875,18.320312,19.40625,19.109375,19.710938,20.304688,20.640625,20.734375,20.65625,20.476562
4247,2021-06-30 21:45:00,3510,18.203125,17.132812,17.1875,17.054688,17.101562,17.210938,17.5625,17.796875,18.304688,19.414062,19.15625,19.71875,20.304688,20.640625,20.726562,20.65625,20.476562
4248,2021-06-30 22:00:00,3504,17.875,16.84375,16.90625,16.804688,16.867188,16.992188,17.3125,17.554688,18.0625,19.375,19.195312,19.710938,20.28125,20.632812,20.71875,20.648438,20.46875
4249,2021-06-30 22:15:00,3510,17.820312,16.679688,16.734375,16.625,16.679688,16.804688,17.125,17.359375,17.890625,19.335938,19.234375,19.71875,20.273438,20.617188,20.71875,20.648438,20.46875
4250,2021-06-30 22:30:00,3510,17.804688,16.882812,16.953125,16.8125,16.859375,16.984375,17.273438,17.5,18.0,19.34375,19.265625,19.71875,20.265625,20.609375,20.710938,20.640625,20.460938
4251,2021-06-30 22:45:00,3510,17.59375,16.6875,16.742188,16.648438,16.6875,16.851562,17.101562,17.367188,17.84375,19.320312,19.289062,19.726562,20.25,20.601562,20.703125,20.632812,20.453125
4252,2021-06-30 23:00:00,3516,17.335938,16.429688,16.453125,16.375,16.414062,16.570312,16.8125,17.070312,17.5625,19.273438,19.3125,19.726562,20.242188,20.585938,20.695312,20.632812,20.453125
4253,2021-06-30 23:15:00,3516,16.984375,16.03125,16.078125,16.046875,16.007812,16.007812,16.203125,16.3125,16.6875,19.101562,19.335938,19.734375,20.234375,20.585938,20.6875,20.632812,20.445312
4254,2021-06-30 23:30:00,3516,16.476562,15.71875,15.6328125,15.7109375,15.765625,15.9296875,16.273438,16.601562,17.015625,19.007812,19.351562,19.742188,20.226562,20.570312,20.6875,20.617188,20.4375
4255,2021-06-30 23:45:00,3510,15.84375,15.0546875,15.03125,15.078125,14.9921875,15.078125,15.09375,15.125,15.2890625,18.640625,19.359375,19.75,20.21875,20.570312,20.679688,20.617188,20.429688
4256,2021-07-01 00:00:00,3504,15.71875,15.1328125,15.1328125,15.2109375,15.328125,15.515625,15.78125,16.109375,16.492188,18.75,19.359375,19.75,20.210938,20.546875,20.664062,20.609375,20.429688
4257,2021-07-01 00:15:00,3510,15.640625,15.2578125,15.21875,15.2578125,15.328125,15.4609375,15.7265625,16.046875,16.445312,18.734375,19.351562,19.757812,20.203125,20.539062,20.664062,20.601562,20.414062
4258,2021-07-01 00:30:00,3510,15.59375,15.125,15.109375,15.1484375,15.2109375,15.3515625,15.59375,15.8984375,16.296875,18.679688,19.34375,19.765625,20.203125,20.539062,20.65625,20.601562,20.40625
4259,2021-07-01 00:45:00,3510,15.4453125,14.9453125,14.921875,14.953125,15.0078125,15.15625,15.3984375,15.7109375,16.09375,18.609375,19.34375,19.765625,20.195312,20.53125,20.648438,20.585938,20.40625
4260,2021-07-01 01:00:00,3510,15.0546875,14.4921875,14.4765625,14.5078125,14.5546875,14.703125,14.953125,15.265625,15.6484375,18.484375,19.328125,19.765625,20.1875,20.523438,20.640625,20.585938,20.398438
4261,2021-07-01 01:15:00,3510,14.8046875,14.328125,14.3203125,14.3359375,14.3671875,14.515625,14.734375,15.0390625,15.390625,18.359375,19.320312,19.765625,20.1875,20.507812,20.632812,20.578125,20.390625
4262,2021-07-01 01:30:00,3510,14.5625,14.1875,14.171875,14.1796875,14.1953125,14.328125,14.5234375,14.796875,15.1796875,18.257812,19.296875,19.773438,20.179688,20.5,20.625,20.570312,20.390625
4263,2021-07-01 01:45:00,3504,14.3203125,14.0,13.984375,14.0,14.0078125,14.1171875,14.28125,14.5390625,14.921875,18.140625,19.273438,19.765625,20.179688,20.492188,20.625,20.5625,20.382812
4264,2021-07-01 02:00:00,3516,14.140625,13.8046875,13.8125,13.828125,13.8359375,13.9609375,14.109375,14.375,14.7734375,18.0625,19.257812,19.765625,20.171875,20.484375,20.609375,20.5625,20.375
4265,2021-07-01 02:15:00,3510,13.96875,13.671875,13.6875,13.6875,13.6875,13.8125,13.984375,14.25,14.640625,17.976562,19.234375,19.765625,20.171875,20.476562,20.601562,20.554688,20.367188
4266,2021-07-01 02:30:00,3510,13.7578125,13.5,13.5,13.5,13.484375,13.6015625,13.7578125,14.0234375,14.4140625,17.882812,19.203125,19.765625,20.164062,20.476562,20.601562,20.554688,20.367188
4267,2021-07-01 02:45:00,3510,13.5703125,13.3515625,13.3515625,13.34375,13.3359375,13.4453125,13.59375,13.8671875,14.265625,17.804688,19.171875,19.757812,20.164062,20.46875,20.59375,20.539062,20.359375
4268,2021-07-01 03:00:00,3504,13.4453125,13.21875,13.234375,13.25,13.2421875,13.3671875,13.5,13.75,14.140625,17.710938,19.148438,19.75,20.15625,20.460938,20.585938,20.539062,20.351562
4269,2021-07-01 03:15:00,3510,13.2734375,13.0625,13.078125,13.0859375,13.09375,13.2109375,13.3671875,13.640625,14.0546875,17.65625,19.117188,19.742188,20.15625,20.453125,20.578125,20.53125,20.351562
4270,2021-07-01 03:30:00,3510,13.1328125,12.9921875,13.0,13.0078125,13.015625,13.140625,13.3046875,13.578125,13.96875,17.554688,19.078125,19.734375,20.148438,20.445312,20.570312,20.523438,20.34375
4271,2021-07-01 03:45:00,3510,13.1328125,13.0546875,13.0703125,13.0703125,13.0546875,13.1796875,13.3203125,13.59375,13.96875,17.507812,19.046875,19.726562,20.140625,20.4375,20.5625,20.515625,20.335938
4272,2021-07-01 04:00:00,3510,13.0703125,12.921875,12.953125,12.9609375,12.9765625,13.1015625,13.25,13.5390625,13.90625,17.460938,19.007812,19.71875,20.140625,20.4375,20.5625,20.507812,20.335938
4273,2021-07-01 04:15:00,3510,12.96875,12.8359375,12.8671875,12.890625,12.9140625,13.0625,13.2265625,13.515625,13.90625,17.421875,18.976562,19.703125,20.132812,20.421875,20.554688,20.507812,20.335938
4274,2021-07-01 04:30:00,3510,12.8671875,12.7421875,12.7734375,12.8125,12.8359375,12.984375,13.15625,13.453125,13.859375,17.390625,18.9375,19.695312,20.125,20.421875,20.539062,20.492188,20.320312
4275,2021-07-01 04:45:00,3504,12.7734375,12.640625,12.6640625,12.6875,12.7109375,12.8515625,13.03125,13.328125,13.7734375,17.359375,18.90625,19.679688,20.125,20.421875,20.539062,20.492188,20.3125
4276,2021-07-01 05:00:00,3510,12.7578125,12.65625,12.703125,12.734375,12.75,12.890625,13.0625,13.34375,13.765625,17.320312,18.875,19.664062,20.109375,20.40625,20.53125,20.484375,20.320312
4277,2021-07-01 05:15:00,3498,12.6796875,12.5546875,12.5859375,12.609375,12.625,12.7578125,12.921875,13.1875,13.5859375,17.234375,18.835938,19.648438,20.101562,20.398438,20.523438,20.476562,20.304688
4278,2021-07-01 05:30:00,3504,12.6328125,12.5625,12.59375,12.6171875,12.6328125,12.765625,12.890625,13.1484375,13.53125,17.164062,18.8125,19.632812,20.101562,20.398438,20.523438,20.46875,20.3125
4279,2021-07-01 05:45:00,3504,12.6484375,12.6015625,12.640625,12.65625,12.6875,12.8125,12.9609375,13.21875,13.6015625,17.148438,18.78125,19.617188,20.09375,20.390625,20.515625,20.46875,20.296875
4280,2021-07-01 06:00:00,3504,12.6875,12.65625,12.6875,12.7109375,12.71875,12.8359375,12.9609375,13.203125,13.5859375,17.101562,18.742188,19.601562,20.078125,20.382812,20.507812,20.460938,20.296875
4281,2021-07-01 06:15:00,3504,12.6328125,12.5546875,12.578125,12.59375,12.609375,12.7109375,12.8359375,13.078125,13.453125,17.0625,18.710938,19.59375,20.078125,20.375,20.5,20.460938,20.289062
4282,2021-07-01 06:30:00,3504,12.6640625,12.6484375,12.671875,12.6875,12.703125,12.828125,12.9453125,13.203125,13.5703125,17.023438,18.679688,19.570312,20.070312,20.375,20.492188,20.453125,20.289062
4283,2021-07-01 06:45:00,3504,12.6171875,12.4765625,12.515625,12.5390625,12.5625,12.6875,12.8671875,13.1328125,13.5234375,17.007812,18.648438,19.554688,20.0625,20.359375,20.492188,20.445312,20.28125
4284,2021-07-01 07:00:00,3504,12.484375,12.3125,12.3515625,12.3828125,12.40625,12.5390625,12.703125,12.9765625,13.375,16.953125,18.617188,19.539062,20.046875,20.359375,20.484375,20.4375,20.273438
4285,2021-07-01 07:15:00,3510,12.359375,12.25,12.2734375,12.296875,12.3125,12.4296875,12.5859375,12.859375,13.234375,16.890625,18.585938,19.515625,20.039062,20.351562,20.476562,20.429688,20.265625
4286,2021-07-01 07:30:00,3504,12.3359375,12.265625,12.296875,12.3203125,12.328125,12.4375,12.578125,12.8515625,13.234375,16.875,18.5625,19.5,20.03125,20.351562,20.46875,20.429688,20.265625
4287,2021-07-01 07:45:00,3498,12.359375,12.3046875,12.3359375,12.3515625,12.3671875,12.484375,12.6328125,12.890625,13.265625,16.835938,18.53125,19.484375,20.015625,20.34375,20.46875,20.429688,20.257812
4288,2021-07-01 08:00:00,3504,12.3515625,12.296875,12.3203125,12.3359375,12.34375,12.4609375,12.5859375,12.84375,13.2578125,16.828125,18.5,19.460938,20.007812,20.335938,20.460938,20.414062,20.257812
4289,2021-07-01 08:15:00,3504,12.359375,12.2734375,12.3125,12.328125,12.3359375,12.453125,12.578125,12.8203125,13.2109375,16.789062,18.46875,19.445312,20.0,20.328125,20.453125,20.414062,20.25
4290,2021-07-01 08:30:00,3498,12.3515625,12.2890625,12.328125,12.34375,12.3515625,12.46875,12.59375,12.8359375,13.203125,16.742188,18.4375,19.429688,19.992188,20.320312,20.445312,20.40625,20.242188
4291,2021-07-01 08:45:00,3504,12.3828125,12.359375,12.3828125,12.3984375,12.40625,12.515625,12.625,12.859375,13.234375,16.734375,18.40625,19.398438,19.976562,20.3125,20.445312,20.40625,20.234375
4292,2021-07-01 09:00:00,3504,12.3828125,12.3203125,12.3515625,12.375,12.375,12.4921875,12.609375,12.84375,13.1953125,16.695312,18.382812,19.390625,19.96875,20.304688,20.4375,20.398438,20.226562
4293,2021-07-01 09:15:00,3510,12.390625,12.3125,12.3515625,12.375,12.375,12.484375,12.625,12.859375,13.2421875,16.6875,18.359375,19.359375,19.953125,20.296875,20.421875,20.390625,20.226562
4294,2021-07-01 09:30:00,3504,12.421875,12.3671875,12.40625,12.4375,12.4453125,12.5625,12.6875,12.9296875,13.2734375,16.65625,18.320312,19.351562,19.945312,20.289062,20.421875,20.382812,20.21875
4295,2021-07-01 09:45:00,3504,12.4296875,12.3984375,12.4296875,12.453125,12.453125,12.5703125,12.6953125,12.9296875,13.28125,16.648438,18.304688,19.328125,19.929688,20.289062,20.414062,20.375,20.210938
4296,2021-07-01 10:00:00,3504,12.4375,12.3828125,12.4140625,12.4375,12.4375,12.5546875,12.6640625,12.8828125,13.2265625,16.609375,18.265625,19.3125,19.921875,20.273438,20.414062,20.367188,20.203125
4297,2021-07-01 10:15:00,3498,12.40625,12.328125,12.359375,12.3671875,12.375,12.4765625,12.5859375,12.7890625,13.1484375,16.5625,18.25,19.289062,19.914062,20.265625,20.398438,20.367188,20.203125
4298,2021-07-01 10:30:00,3504,12.375,12.2890625,12.328125,12.328125,12.3125,12.3984375,12.46875,12.6484375,12.9765625,16.515625,18.21875,19.265625,19.890625,20.257812,20.390625,20.359375,20.195312
4299,2021-07-01 10:45:00,3504,12.40625,12.3671875,12.40625,12.4140625,12.4140625,12.515625,12.609375,12.7890625,13.09375,16.46875,18.195312,19.25,19.882812,20.25,20.390625,20.359375,20.1875
4300,2021-07-01 11:00:00,3504,12.3671875,12.2890625,12.3203125,12.3359375,12.328125,12.4296875,12.5234375,12.71875,13.0390625,16.4375,18.164062,19.226562,19.867188,20.242188,20.382812,20.351562,20.179688
4301,2021-07-01 11:15:00,3504,12.375,12.3203125,12.359375,12.3671875,12.359375,12.4453125,12.5234375,12.703125,12.9921875,16.398438,18.140625,19.21875,19.851562,20.234375,20.375,20.34375,20.171875
4302,2021-07-01 11:30:00,3504,12.4296875,12.40625,12.4375,12.453125,12.4453125,12.5390625,12.6171875,12.796875,13.078125,16.375,18.109375,19.1875,19.851562,20.226562,20.367188,20.335938,20.171875
4303,2021-07-01 11:45:00,3510,12.40625,12.3046875,12.3359375,12.3515625,12.359375,12.46875,12.578125,12.7734375,13.0703125,16.351562,18.085938,19.171875,19.835938,20.21875,20.359375,20.328125,20.164062
4304,2021-07-01 12:00:00,3504,12.328125,12.21875,12.25,12.2734375,12.265625,12.359375,12.4375,12.5859375,12.875,16.328125,18.0625,19.15625,19.820312,20.203125,20.351562,20.335938,20.164062
4305,2021-07-01 12:15:00,3492,12.328125,12.2734375,12.3125,12.328125,12.3203125,12.4140625,12.5,12.6640625,12.9453125,16.28125,18.03125,19.132812,19.804688,20.195312,20.351562,20.320312,20.15625
4306,2021-07-01 12:30:00,3504,12.3046875,12.234375,12.265625,12.2734375,12.265625,12.3515625,12.421875,12.59375,12.890625,16.265625,18.007812,19.109375,19.789062,20.1875,20.335938,20.3125,20.148438
4307,2021-07-01 12:45:00,3504,12.3671875,12.328125,12.359375,12.3828125,12.3828125,12.46875,12.5625,12.7421875,13.0234375,16.242188,17.976562,19.09375,19.78125,20.179688,20.335938,20.304688,20.140625
4308,2021-07-01 13:00:00,3498,12.421875,12.375,12.40625,12.421875,12.421875,12.5078125,12.59375,12.7578125,13.0390625,16.25,17.953125,19.070312,19.765625,20.171875,20.328125,20.296875,20.132812
4309,2021-07-01 13:15:00,3498,12.421875,12.375,12.3984375,12.4140625,12.4140625,12.5078125,12.59375,12.765625,13.0625,16.25,17.929688,19.054688,19.742188,20.15625,20.320312,20.296875,20.125
4310,2021-07-01 13:30:00,3498,12.4609375,12.4296875,12.4609375,12.46875,12.4765625,12.5703125,12.65625,12.8125,13.109375,16.25,17.90625,19.039062,19.734375,20.15625,20.3125,20.289062,20.125
4311,2021-07-01 13:45:00,3504,12.5703125,12.5546875,12.5859375,12.6015625,12.609375,12.703125,12.7890625,12.9765625,13.25,16.25,17.875,19.015625,19.726562,20.140625,20.304688,20.28125,20.117188
4312,2021-07-01 14:00:00,3498,12.6328125,12.5703125,12.59375,12.6171875,12.6171875,12.71875,12.828125,13.0078125,13.3046875,16.265625,17.859375,18.992188,19.710938,20.132812,20.296875,20.273438,20.101562
4313,2021-07-01 14:15:00,3492,12.6640625,12.6015625,12.625,12.6484375,12.6640625,12.7734375,12.875,13.046875,13.359375,16.28125,17.835938,18.976562,19.6875,20.125,20.289062,20.265625,20.101562
4314,2021-07-01 14:30:00,3504,12.71875,12.671875,12.6953125,12.71875,12.7265625,12.8203125,12.921875,13.09375,13.40625,16.28125,17.820312,18.960938,19.679688,20.109375,20.28125,20.257812,20.09375
4315,2021-07-01 14:45:00,3498,12.7734375,12.6640625,12.6875,12.71875,12.734375,12.828125,12.9375,13.09375,13.4140625,16.289062,17.8125,18.9375,19.664062,20.101562,20.273438,20.25,20.078125
4316,2021-07-01 15:00:00,3504,12.8359375,12.71875,12.734375,12.7734375,12.8046875,12.8984375,13.03125,13.2109375,13.5546875,16.3125,17.78125,18.914062,19.648438,20.09375,20.265625,20.242188,20.070312
4317,2021-07-01 15:15:00,3498,12.96875,12.875,12.8984375,12.9296875,12.9609375,13.0546875,13.1953125,13.3671875,13.703125,16.335938,17.773438,18.898438,19.632812,20.078125,20.257812,20.234375,20.0625
4318,2021-07-01 15:30:00,3504,13.1484375,12.9921875,12.9921875,13.03125,13.078125,13.1875,13.375,13.5546875,13.8984375,16.375,17.757812,18.890625,19.625,20.070312,20.25,20.226562,20.0625
4319,2021-07-01 15:45:00,3498,13.4140625,13.1953125,13.1796875,13.2421875,13.3046875,13.4296875,13.65625,13.84375,14.203125,16.4375,17.742188,18.859375,19.601562,20.054688,20.242188,20.226562,20.046875
4320,2021-07-01 16:00:00,3498,13.75,13.515625,13.4375,13.4921875,13.5390625,13.65625,13.90625,14.0546875,14.4140625,16.507812,17.726562,18.84375,19.59375,20.046875,20.234375,20.210938,20.039062
4321,2021-07-01 16:15:00,3498,14.0703125,13.78125,13.6171875,13.7421875,13.7578125,13.921875,14.1328125,14.265625,14.5859375,16.53125,17.726562,18.828125,19.578125,20.039062,20.226562,20.203125,20.039062
4322,2021-07-01 16:30:00,3498,14.3984375,14.1328125,13.90625,14.0703125,14.078125,14.28125,14.4609375,14.578125,14.9140625,16.632812,17.71875,18.8125,19.5625,20.03125,20.210938,20.203125,20.03125
4323,2021-07-01 16:45:00,3498,14.796875,14.53125,14.3046875,14.4375,14.4140625,14.6171875,14.78125,14.890625,15.265625,16.75,17.71875,18.789062,19.546875,20.007812,20.203125,20.1875,20.023438
4324,2021-07-01 17:00:00,3498,15.1171875,14.703125,14.515625,14.6171875,14.5859375,14.7578125,14.890625,14.9296875,15.328125,16.828125,17.71875,18.773438,19.523438,20.007812,20.195312,20.179688,20.015625
4325,2021-07-01 17:15:00,3498,15.390625,14.9609375,14.71875,14.8359375,14.8046875,15.0234375,15.15625,15.21875,15.625,16.90625,17.726562,18.757812,19.515625,19.992188,20.195312,20.179688,20.0
4326,2021-07-01 17:30:00,3498,15.9296875,15.5078125,15.2421875,15.359375,15.3125,15.5390625,15.6484375,15.671875,16.085938,17.039062,17.71875,18.75,19.5,19.976562,20.179688,20.171875,19.992188
4327,2021-07-01 17:45:00,3492,16.21875,15.625,15.3359375,15.4921875,15.4765625,15.7265625,15.890625,15.90625,16.367188,17.195312,17.742188,18.734375,19.492188,19.96875,20.171875,20.15625,19.992188
4328,2021-07-01 18:00:00,3498,16.695312,16.0625,15.71875,15.8671875,15.828125,16.085938,16.203125,16.179688,16.648438,17.320312,17.75,18.71875,19.476562,19.960938,20.164062,20.15625,19.976562
4329,2021-07-01 18:15:00,3498,17.15625,16.40625,16.117188,16.296875,16.375,16.648438,16.828125,16.851562,17.296875,17.492188,17.773438,18.710938,19.460938,19.945312,20.148438,20.140625,19.976562
4330,2021-07-01 18:30:00,3498,17.71875,16.898438,16.523438,16.742188,16.8125,17.109375,17.359375,17.460938,17.960938,17.734375,17.789062,18.695312,19.445312,19.9375,20.140625,20.132812,19.960938
4331,2021-07-01 18:45:00,3498,17.914062,17.03125,16.671875,16.835938,16.898438,17.171875,17.390625,17.4375,17.976562,17.875,17.820312,18.695312,19.4375,19.921875,20.132812,20.125,19.953125
4332,2021-07-01 19:00:00,3498,18.242188,17.382812,17.054688,17.171875,17.226562,17.46875,17.632812,17.625,18.085938,17.984375,17.859375,18.679688,19.421875,19.914062,20.125,20.117188,19.945312
4333,2021-07-01 19:15:00,3498,19.21875,18.375,18.054688,18.140625,18.203125,18.5,18.734375,18.804688,19.179688,18.304688,17.890625,18.679688,19.398438,19.90625,20.117188,20.109375,19.929688
4334,2021-07-01 19:30:00,3504,20.914062,20.078125,19.898438,19.78125,19.84375,20.234375,20.578125,20.6875,21.0625,18.789062,17.929688,18.679688,19.390625,19.882812,20.109375,20.101562,19.921875
4335,2021-07-01 19:45:00,3504,21.109375,19.554688,19.257812,19.3125,19.382812,19.703125,20.023438,20.273438,20.679688,19.085938,17.984375,18.671875,19.375,19.875,20.09375,20.09375,19.921875
4336,2021-07-01 20:00:00,3504,21.460938,19.734375,19.539062,19.617188,19.75,20.140625,20.570312,20.835938,21.1875,19.304688,18.046875,18.671875,19.367188,19.867188,20.078125,20.078125,19.90625
4337,2021-07-01 20:15:00,3510,21.132812,19.585938,19.421875,19.460938,19.617188,19.960938,20.40625,20.671875,21.0625,19.445312,18.117188,18.679688,19.351562,19.859375,20.078125,20.070312,19.898438
4338,2021-07-01 20:30:00,3504,21.796875,20.171875,20.257812,20.25,20.359375,20.78125,21.265625,21.59375,21.882812,19.703125,18.195312,18.679688,19.34375,19.84375,20.0625,20.0625,19.890625
4339,2021-07-01 20:45:00,3498,22.523438,20.640625,20.875,20.914062,21.015625,21.546875,22.148438,22.65625,22.960938,20.140625,18.273438,18.6875,19.335938,19.835938,20.054688,20.054688,19.875
4340,2021-07-01 21:00:00,3504,22.460938,20.742188,20.5,20.601562,20.53125,21.09375,21.453125,21.96875,22.289062,20.25,18.359375,18.695312,19.328125,19.828125,20.046875,20.039062,19.875
4341,2021-07-01 21:15:00,3510,23.570312,22.039062,21.726562,22.046875,21.867188,23.179688,23.382812,24.070312,24.070312,20.789062,18.445312,18.703125,19.3125,19.8125,20.039062,20.03125,19.859375
4342,2021-07-01 21:30:00,3516,23.96875,21.929688,22.0625,22.507812,22.140625,23.140625,23.828125,24.75,24.960938,21.328125,18.539062,18.71875,19.3125,19.804688,20.015625,20.023438,19.851562
4343,2021-07-01 21:45:00,3510,24.179688,22.242188,22.007812,22.335938,22.0625,23.046875,23.609375,24.773438,24.960938,21.671875,18.65625,18.742188,19.304688,19.789062,20.015625,20.015625,19.84375
4344,2021-07-01 22:00:00,3516,24.023438,22.148438,21.921875,21.96875,22.132812,23.109375,23.703125,24.984375,25.257812,21.914062,18.773438,18.757812,19.296875,19.78125,20.007812,20.0,19.835938
4345,2021-07-01 22:15:00,3510,23.875,21.75,21.414062,21.335938,21.5,22.53125,23.257812,24.234375,25.007812,22.164062,18.898438,18.789062,19.296875,19.773438,19.992188,19.992188,19.820312
4346,2021-07-01 22:30:00,3510,23.351562,21.085938,20.757812,20.28125,21.03125,21.679688,22.375,23.242188,24.09375,22.046875,19.03125,18.820312,19.289062,19.757812,19.984375,19.984375,19.8125
4347,2021-07-01 22:45:00,3510,22.820312,20.96875,20.320312,20.046875,20.882812,21.484375,22.117188,22.882812,23.796875,21.84375,19.148438,18.84375,19.289062,19.75,19.96875,19.976562,19.804688
4348,2021-07-01 23:00:00,3522,22.375,19.804688,19.34375,19.234375,19.804688,20.375,20.960938,21.765625,22.929688,21.648438,19.265625,18.875,19.28125,19.742188,19.960938,19.960938,19.804688
4349,2021-07-01 23:15:00,3510,21.953125,20.0625,19.492188,19.28125,19.953125,20.390625,21.054688,21.539062,22.171875,21.398438,19.351562,18.914062,19.289062,19.726562,19.953125,19.960938,19.789062
4350,2021-07-01 23:30:00,3516,21.507812,19.804688,18.921875,18.828125,19.992188,19.929688,21.1875,21.226562,21.601562,21.203125,19.445312,18.945312,19.289062,19.71875,19.9375,19.945312,19.789062
4351,2021-07-01 23:45:00,3522,21.0625,19.6875,18.1875,18.15625,18.71875,18.484375,19.40625,19.234375,19.6875,20.78125,19.507812,18.984375,19.289062,19.710938,19.929688,19.945312,19.773438
4352,2021-07-02 00:00:00,3516,18.617188,17.085938,16.734375,16.507812,16.445312,16.390625,16.492188,16.75,17.1875,20.09375,19.554688,19.03125,19.296875,19.703125,19.921875,19.9375,19.765625
4353,2021-07-02 00:15:00,3516,17.757812,16.890625,16.601562,16.460938,16.53125,16.484375,16.59375,16.773438,17.015625,19.734375,19.578125,19.0625,19.289062,19.695312,19.914062,19.914062,19.757812
4354,2021-07-02 00:30:00,3522,17.3125,16.53125,16.335938,16.320312,16.492188,16.375,16.570312,16.703125,16.882812,19.5,19.585938,19.101562,19.296875,19.6875,19.90625,19.90625,19.742188
4355,2021-07-02 00:45:00,3510,16.492188,15.546875,15.3203125,15.2265625,15.2109375,15.2890625,15.453125,15.7421875,16.171875,19.296875,19.570312,19.132812,19.3125,19.679688,19.898438,19.898438,19.742188
4356,2021-07-02 01:00:00,3516,15.7109375,15.1328125,14.9296875,14.765625,14.6953125,14.703125,14.796875,15.0625,15.4609375,19.039062,19.554688,19.164062,19.3125,19.671875,19.882812,19.890625,19.734375
4357,2021-07-02 01:15:00,3516,15.1796875,14.7421875,14.546875,14.3984375,14.34375,14.3359375,14.40625,14.6640625,15.0703125,18.835938,19.515625,19.195312,19.320312,19.671875,19.875,19.882812,19.71875
4358,2021-07-02 01:30:00,3522,14.7109375,14.3046875,14.140625,14.0078125,13.953125,13.9609375,14.0234375,14.28125,14.7265625,18.664062,19.476562,19.21875,19.328125,19.65625,19.867188,19.875,19.71875
4359,2021-07-02 01:45:00,3522,14.4375,14.1796875,14.015625,13.859375,13.78125,13.765625,13.8203125,14.0859375,14.5078125,18.5,19.429688,19.234375,19.34375,19.65625,19.851562,19.867188,19.703125
4360,2021-07-02 02:00:00,3522,13.9375,13.46875,13.328125,13.265625,13.265625,13.34375,13.5,13.828125,14.3359375,18.382812,19.382812,19.257812,19.34375,19.648438,19.84375,19.851562,19.703125
4361,2021-07-02 02:15:00,3510,13.6171875,13.390625,13.1796875,13.0390625,12.9921875,13.078125,13.2421875,13.59375,14.0703125,18.265625,19.328125,19.265625,19.359375,19.640625,19.835938,19.84375,19.6875
4362,2021-07-02 02:30:00,3516,13.515625,13.375,13.234375,13.09375,13.015625,13.0234375,13.1484375,13.4765625,13.96875,18.132812,19.273438,19.28125,19.367188,19.640625,19.828125,19.835938,19.6875
4363,2021-07-02 02:45:00,3516,13.1640625,12.8671875,12.75,12.6640625,12.640625,12.7109375,12.8828125,13.2421875,13.734375,18.015625,19.226562,19.28125,19.382812,19.640625,19.8125,19.828125,19.679688
4364,2021-07-02 03:00:00,3510,13.1953125,13.2421875,13.15625,13.0703125,13.03125,13.09375,13.2109375,13.4921875,13.921875,17.921875,19.1875,19.289062,19.382812,19.640625,19.820312,19.820312,19.671875
4365,2021-07-02 03:15:00,3522,13.328125,13.1640625,13.1484375,13.1484375,13.1796875,13.2890625,13.4765625,13.75,14.15625,17.875,19.125,19.296875,19.398438,19.632812,19.804688,19.820312,19.664062
4366,2021-07-02 03:30:00,3510,13.2109375,12.9921875,12.9765625,12.9609375,12.984375,13.09375,13.28125,13.5703125,14.0078125,17.789062,19.078125,19.289062,19.40625,19.632812,19.796875,19.804688,19.664062
4367,2021-07-02 03:45:00,3510,13.1796875,13.09375,13.046875,13.0078125,12.9921875,13.078125,13.2578125,13.5546875,14.0234375,17.75,19.023438,19.289062,19.40625,19.625,19.789062,19.796875,19.648438
4368,2021-07-02 04:00:00,3510,13.0703125,12.875,12.8671875,12.8671875,12.890625,13.0078125,13.171875,13.46875,13.90625,17.648438,18.976562,19.28125,19.414062,19.632812,19.789062,19.789062,19.648438
4369,2021-07-02 04:15:00,3510,12.7578125,12.4140625,12.4296875,12.4453125,12.4765625,12.625,12.8359375,13.1796875,13.671875,17.554688,18.9375,19.28125,19.421875,19.632812,19.78125,19.789062,19.640625
4370,2021-07-02 04:30:00,3516,12.5390625,12.3359375,12.3359375,12.3359375,12.3515625,12.46875,12.6328125,12.953125,13.421875,17.4375,18.890625,19.273438,19.429688,19.632812,19.78125,19.78125,19.632812
4371,2021-07-02 04:45:00,3510,12.375,12.125,12.140625,12.15625,12.1875,12.3203125,12.5234375,12.859375,13.328125,17.335938,18.84375,19.257812,19.421875,19.625,19.773438,19.773438,19.632812
4372,2021-07-02 05:00:00,3516,12.2109375,12.0234375,12.046875,12.046875,12.078125,12.2265625,12.4140625,12.71875,13.1796875,17.265625,18.796875,19.25,19.4375,19.632812,19.757812,19.757812,19.625
4373,2021-07-02 05:15:00,3510,12.203125,12.109375,12.1171875,12.125,12.15625,12.2890625,12.4921875,12.8203125,13.2734375,17.226562,18.757812,19.242188,19.4375,19.625,19.757812,19.757812,19.617188
4374,2021-07-02 05:30:00,3522,12.2421875,12.1328125,12.15625,12.15625,12.1875,12.3203125,12.5,12.7890625,13.2265625,17.164062,18.703125,19.226562,19.429688,19.625,19.757812,19.75,19.617188
4375,2021-07-02 05:45:00,3504,12.3046875,12.21875,12.2265625,12.21875,12.2265625,12.3359375,12.5,12.7890625,13.1875,17.085938,18.664062,19.210938,19.4375,19.625,19.75,19.742188,19.617188
4376,2021-07-02 06:00:00,3510,12.328125,12.2734375,12.2890625,12.296875,12.3125,12.421875,12.5703125,12.8515625,13.234375,17.039062,18.617188,19.203125,19.4375,19.625,19.742188,19.742188,19.609375
4377,2021-07-02 06:15:00,3510,12.3359375,12.2265625,12.2578125,12.265625,12.2890625,12.40625,12.5546875,12.8203125,13.2265625,16.992188,18.578125,19.1875,19.4375,19.625,19.734375,19.734375,19.601562
4378,2021-07-02 06:30:00,3510,12.265625,12.1640625,12.1875,12.2109375,12.2265625,12.34375,12.484375,12.7578125,13.171875,16.921875,18.539062,19.171875,19.4375,19.625,19.734375,19.726562,19.601562
4379,2021-07-02 06:45:00,3516,12.265625,12.1640625,12.1953125,12.2109375,12.2265625,12.3515625,12.5,12.7421875,13.1328125,16.882812,18.492188,19.15625,19.429688,19.625,19.734375,19.71875,19.59375
4380,2021-07-02 07:00:00,3510,12.2421875,12.1484375,12.171875,12.1875,12.203125,12.3203125,12.4765625,12.734375,13.171875,16.859375,18.453125,19.132812,19.429688,19.625,19.726562,19.71875,19.59375
4381,2021-07-02 07:15:00,3504,12.1875,12.0546875,12.0859375,12.1171875,12.140625,12.2578125,12.421875,12.6953125,13.1328125,16.820312,18.421875,19.125,19.429688,19.617188,19.726562,19.710938,19.585938
4382,2021-07-02 07:30:00,3510,12.15625,12.078125,12.1015625,12.1015625,12.1171875,12.234375,12.375,12.640625,13.0546875,16.757812,18.382812,19.101562,19.421875,19.617188,19.71875,19.710938,19.585938
4383,2021-07-02 07:45:00,3510,12.15625,12.0390625,12.0625,12.0703125,12.078125,12.1796875,12.3203125,12.5625,12.9765625,16.710938,18.34375,19.085938,19.421875,19.617188,19.71875,19.703125,19.585938
4384,2021-07-02 08:00:00,3510,12.1875,12.1328125,12.1484375,12.1484375,12.1484375,12.25,12.375,12.6015625,12.9921875,16.664062,18.3125,19.070312,19.40625,19.609375,19.71875,19.695312,19.578125
4385,2021-07-02 08:15:00,3510,12.21875,12.1015625,12.140625,12.15625,12.171875,12.296875,12.4453125,12.6953125,13.09375,16.679688,18.273438,19.046875,19.40625,19.609375,19.710938,19.6875,19.570312
4386,2021-07-02 08:30:00,3510,12.2109375,12.1328125,12.15625,12.1640625,12.1875,12.3046875,12.4296875,12.6796875,13.0546875,16.617188,18.234375,19.039062,19.398438,19.609375,19.703125,19.695312,19.570312
4387,2021-07-02 08:45:00,3510,12.125,12.0390625,12.0703125,12.0859375,12.1015625,12.21875,12.34375,12.6171875,13.0,16.570312,18.203125,19.015625,19.390625,19.601562,19.703125,19.6875,19.5625
4388,2021-07-02 09:00:00,3504,12.046875,11.9140625,11.953125,11.9765625,12.0,12.125,12.2734375,12.5703125,12.9765625,16.554688,18.164062,18.992188,19.390625,19.601562,19.703125,19.679688,19.5625
4389,2021-07-02 09:15:00,3504,11.9765625,11.8671875,11.875,11.90625,11.9140625,12.0234375,12.15625,12.4453125,12.8515625,16.507812,18.140625,18.976562,19.382812,19.59375,19.695312,19.679688,19.554688
4390,2021-07-02 09:30:00,3510,12.03125,12.0078125,12.03125,12.046875,12.0546875,12.15625,12.265625,12.5234375,12.90625,16.484375,18.101562,18.953125,19.375,19.601562,19.695312,19.671875,19.554688
4391,2021-07-02 09:45:00,3504,12.0390625,11.9765625,12.0078125,12.0234375,12.0390625,12.15625,12.296875,12.5546875,12.9453125,16.460938,18.070312,18.9375,19.367188,19.59375,19.6875,19.664062,19.546875
4392,2021-07-02 10:00:00,3504,11.9765625,11.84375,11.875,11.8984375,11.8984375,12.015625,12.1328125,12.375,12.8046875,16.429688,18.039062,18.921875,19.359375,19.585938,19.6875,19.664062,19.546875
4393,2021-07-02 10:15:00,3504,11.8828125,11.7578125,11.78125,11.796875,11.8203125,11.9296875,12.0546875,12.3125,12.7109375,16.375,18.015625,18.90625,19.351562,19.585938,19.6875,19.65625,19.539062
4394,2021-07-02 10:30:00,3510,11.8671875,11.8203125,11.84375,11.859375,11.859375,11.9609375,12.0625,12.3046875,12.6796875,16.328125,17.984375,18.882812,19.34375,19.585938,19.679688,19.65625,19.539062
4395,2021-07-02 10:45:00,3504,11.8984375,11.8515625,11.875,11.890625,11.8984375,11.9921875,12.1015625,12.3125,12.6875,16.304688,17.960938,18.867188,19.328125,19.585938,19.679688,19.65625,19.53125
4396,2021-07-02 11:00:00,3510,11.9453125,11.8984375,11.921875,11.9296875,11.921875,12.015625,12.09375,12.3203125,12.6796875,16.28125,17.929688,18.84375,19.320312,19.578125,19.671875,19.648438,19.53125
4397,2021-07-02 11:15:00,3504,11.9140625,11.828125,11.8515625,11.859375,11.8671875,11.9609375,12.046875,12.28125,12.6328125,16.21875,17.898438,18.828125,19.3125,19.570312,19.671875,19.648438,19.523438
4398,2021-07-02 11:30:00,3504,11.9296875,11.8359375,11.859375,11.8828125,11.8984375,12.015625,12.140625,12.40625,12.7734375,16.226562,17.867188,18.8125,19.304688,19.570312,19.664062,19.640625,19.523438
4399,2021-07-02 11:45:00,3504,11.8671875,11.7578125,11.78125,11.7890625,11.7890625,11.8828125,11.984375,12.2265625,12.625,16.195312,17.84375,18.789062,19.289062,19.5625,19.65625,19.640625,19.515625
4400,2021-07-02 12:00:00,3510,11.859375,11.8046875,11.828125,11.8359375,11.828125,11.9296875,12.03125,12.2578125,12.6328125,16.148438,17.8125,18.765625,19.28125,19.554688,19.65625,19.632812,19.507812
4401,2021-07-02 12:15:00,3510,11.8203125,11.734375,11.765625,11.7890625,11.7890625,11.8984375,12.0078125,12.234375,12.6015625,16.140625,17.78125,18.75,19.265625,19.546875,19.65625,19.625,19.507812
4402,2021-07-02 12:30:00,3504,11.78125,11.671875,11.6953125,11.7109375,11.703125,11.8125,11.9140625,12.15625,12.546875,16.109375,17.765625,18.734375,19.257812,19.546875,19.648438,19.625,19.5
4403,2021-07-02 12:45:00,3504,11.7734375,11.6875,11.71875,11.734375,11.7421875,11.859375,11.9921875,12.2265625,12.5859375,16.09375,17.742188,18.710938,19.25,19.539062,19.648438,19.625,19.5
4404,2021-07-02 13:00:00,3504,11.734375,11.6875,11.7109375,11.71875,11.71875,11.828125,11.953125,12.1953125,12.5859375,16.070312,17.710938,18.695312,19.234375,19.53125,19.640625,19.617188,19.492188
4405,2021-07-02 13:15:00,3498,11.859375,11.859375,11.890625,11.8984375,11.90625,12.0,12.1015625,12.328125,12.6953125,16.078125,17.6875,18.671875,19.226562,19.53125,19.632812,19.609375,19.484375
4406,2021-07-02 13:30:00,3504,11.9296875,11.9296875,11.9765625,12.0,12.0234375,12.1484375,12.2890625,12.5078125,12.859375,16.101562,17.664062,18.648438,19.210938,19.515625,19.632812,19.601562,19.476562
4407,2021-07-02 13:45:00,3504,12.015625,11.9765625,12.0078125,12.0234375,12.0390625,12.1484375,12.25,12.484375,12.84375,16.09375,17.632812,18.632812,19.203125,19.515625,19.625,19.601562,19.484375
4408,2021-07-02 14:00:00,3498,12.1953125,12.203125,12.234375,12.265625,12.2890625,12.4140625,12.5390625,12.7421875,13.078125,16.101562,17.617188,18.617188,19.195312,19.5,19.617188,19.601562,19.476562
4409,2021-07-02 14:15:00,3504,12.2734375,12.1875,12.21875,12.25,12.2578125,12.3828125,12.5078125,12.734375,13.09375,16.117188,17.59375,18.59375,19.1875,19.5,19.617188,19.59375,19.46875
4410,2021-07-02 14:30:00,3498,12.40625,12.3359375,12.3828125,12.421875,12.4609375,12.6015625,12.75,13.0,13.3671875,16.164062,17.570312,18.578125,19.164062,19.492188,19.617188,19.585938,19.460938
4411,2021-07-02 14:45:00,3504,12.5546875,12.4609375,12.4921875,12.53125,12.5703125,12.7265625,12.890625,13.171875,13.53125,16.1875,17.554688,18.5625,19.15625,19.484375,19.609375,19.578125,19.460938
4412,2021-07-02 15:00:00,3498,12.7578125,12.6796875,12.703125,12.7421875,12.796875,12.9765625,13.15625,13.421875,13.7734375,16.242188,17.539062,18.539062,19.148438,19.476562,19.601562,19.578125,19.453125
4413,2021-07-02 15:15:00,3498,13.140625,13.03125,13.03125,13.0234375,13.078125,13.265625,13.453125,13.703125,14.0390625,16.304688,17.53125,18.523438,19.125,19.46875,19.601562,19.570312,19.445312
4414,2021-07-02 15:30:00,3504,13.5546875,13.484375,13.4296875,13.4296875,13.5390625,13.765625,13.9296875,14.1484375,14.4609375,16.390625,17.515625,18.5,19.117188,19.460938,19.585938,19.570312,19.445312
4415,2021-07-02 15:45:00,3504,13.953125,13.671875,13.734375,13.6953125,13.8046875,14.09375,14.234375,14.46875,14.78125,16.5,17.507812,18.484375,19.109375,19.453125,19.585938,19.5625,19.4375
4416,2021-07-02 16:00:00,3498,14.265625,13.875,13.96875,13.90625,13.9765625,14.28125,14.4140625,14.671875,15.03125,16.601562,17.5,18.476562,19.09375,19.445312,19.578125,19.554688,19.421875
4417,2021-07-02 16:15:00,3504,14.7578125,14.4921875,14.5390625,14.40625,14.4921875,14.78125,14.8828125,15.109375,15.421875,16.703125,17.5,18.453125,19.078125,19.4375,19.578125,19.554688,19.421875
4418,2021-07-02 16:30:00,3498,15.4921875,15.25,15.328125,15.1796875,15.28125,15.578125,15.640625,15.796875,16.078125,16.867188,17.507812,18.445312,19.070312,19.429688,19.5625,19.546875,19.414062
4419,2021-07-02 16:45:00,3504,16.148438,15.53125,15.6328125,15.484375,15.6484375,16.023438,16.117188,16.328125,16.609375,17.054688,17.507812,18.429688,19.054688,19.414062,19.5625,19.546875,19.40625
4420,2021-07-02 17:00:00,3504,16.546875,15.8359375,15.8984375,15.734375,15.8984375,16.257812,16.335938,16.53125,16.898438,17.210938,17.523438,18.414062,19.046875,19.40625,19.554688,19.539062,19.398438
4421,2021-07-02 17:15:00,3504,16.851562,16.015625,16.085938,15.875,16.023438,16.375,16.429688,16.664062,17.015625,17.34375,17.546875,18.398438,19.023438,19.398438,19.546875,19.53125,19.390625
4422,2021-07-02 17:30:00,3504,17.851562,16.890625,17.03125,16.8125,17.007812,17.453125,17.46875,17.679688,17.953125,17.609375,17.570312,18.390625,19.023438,19.398438,19.546875,19.53125,19.382812
4423,2021-07-02 17:45:00,3504,19.21875,18.117188,18.289062,17.929688,18.132812,18.695312,18.625,18.796875,19.03125,17.976562,17.601562,18.382812,19.0,19.382812,19.539062,19.515625,19.382812
4424,2021-07-02 18:00:00,3498,20.84375,19.640625,19.9375,19.335938,19.34375,20.132812,20.078125,20.1875,20.289062,18.382812,17.632812,18.375,19.0,19.375,19.53125,19.507812,19.375
4425,2021-07-02 18:15:00,3504,22.5,21.484375,21.492188,20.953125,20.664062,21.828125,21.820312,22.039062,22.046875,18.976562,17.679688,18.367188,18.984375,19.375,19.523438,19.5,19.367188
4426,2021-07-02 18:30:00,3504,23.90625,21.945312,22.015625,21.25,21.398438,22.890625,22.960938,23.351562,23.476562,19.492188,17.75,18.367188,18.976562,19.359375,19.523438,19.5,19.359375
4427,2021-07-02 18:45:00,3510,24.484375,22.101562,21.195312,21.09375,21.5625,22.375,23.25,22.945312,23.15625,19.851562,17.828125,18.359375,18.960938,19.351562,19.507812,19.492188,19.34375
4428,2021-07-02 17:30:00,3504,17.851562,16.890625,17.03125,16.8125,17.007812,17.453125,17.46875,17.679688,17.953125,17.609375,17.570312,18.390625,19.023438,19.398438,19.546875,19.53125,19.382812
4429,2021-07-02 17:45:00,3504,19.21875,18.117188,18.289062,17.929688,18.132812,18.695312,18.625,18.796875,19.03125,17.976562,17.601562,18.382812,19.0,19.382812,19.539062,19.515625,19.382812
4430,2021-07-02 18:00:00,3498,20.84375,19.640625,19.9375,19.335938,19.34375,20.132812,20.078125,20.1875,20.289062,18.382812,17.632812,18.375,19.0,19.375,19.53125,19.507812,19.375
4431,2021-07-02 18:15:00,3504,22.5,21.484375,21.492188,20.953125,20.664062,21.828125,21.820312,22.039062,22.046875,18.976562,17.679688,18.367188,18.984375,19.375,19.523438,19.5,19.367188
4432,2021-07-02 18:30:00,3504,23.90625,21.945312,22.015625,21.25,21.398438,22.890625,22.960938,23.351562,23.476562,19.492188,17.75,18.367188,18.976562,19.359375,19.523438,19.5,19.359375
4433,2021-07-02 18:45:00,3510,24.484375,22.101562,21.195312,21.09375,21.5625,22.375,23.25,22.945312,23.15625,19.851562,17.828125,18.359375,18.960938,19.351562,19.507812,19.492188,19.34375
4434,2021-07-02 19:00:00,3498,24.914062,22.3125,21.828125,21.890625,22.539062,23.203125,24.0625,24.171875,24.632812,20.398438,17.914062,18.367188,18.953125,19.34375,19.5,19.492188,19.335938
4435,2021-07-02 19:15:00,3510,24.445312,21.960938,21.117188,22.179688,21.9375,22.71875,22.945312,23.40625,23.890625,20.726562,18.023438,18.367188,18.945312,19.34375,19.492188,19.476562,19.335938
4436,2021-07-02 19:30:00,3510,25.023438,21.953125,22.09375,22.625,21.890625,23.007812,23.632812,24.007812,24.679688,21.140625,18.140625,18.382812,18.9375,19.328125,19.484375,19.476562,19.328125
4437,2021-07-02 19:45:00,3516,25.4375,22.273438,23.210938,23.25,22.34375,23.125,23.921875,24.421875,25.226562,21.375,18.265625,18.390625,18.929688,19.320312,19.484375,19.46875,19.3125
4438,2021-07-02 20:00:00,3510,25.796875,22.398438,23.554688,23.546875,23.445312,24.203125,24.828125,25.640625,26.148438,21.851562,18.398438,18.40625,18.921875,19.3125,19.484375,19.460938,19.3125
4439,2021-07-02 20:15:00,3516,25.804688,21.984375,23.265625,22.390625,22.960938,23.414062,24.34375,24.90625,26.023438,22.257812,18.523438,18.421875,18.914062,19.304688,19.46875,19.453125,19.304688
4440,2021-07-02 20:30:00,3516,25.195312,21.234375,22.8125,21.367188,21.945312,22.515625,23.453125,23.929688,25.039062,22.304688,18.671875,18.453125,18.90625,19.289062,19.460938,19.445312,19.296875
4441,2021-07-02 20:45:00,3522,25.382812,22.34375,23.953125,22.335938,23.140625,23.5,23.75,24.90625,25.242188,22.210938,18.828125,18.476562,18.90625,19.289062,19.453125,19.4375,19.289062
4442,2021-07-02 21:00:00,3522,25.476562,22.875,24.164062,22.6875,23.765625,23.460938,23.90625,25.445312,25.492188,22.53125,18.96875,18.515625,18.90625,19.273438,19.445312,19.429688,19.28125
4443,2021-07-02 21:15:00,3522,25.6875,23.234375,24.398438,23.195312,23.859375,23.695312,24.125,25.484375,25.695312,22.789062,19.109375,18.554688,18.898438,19.265625,19.4375,19.429688,19.273438
4444,2021-07-02 21:30:00,3522,26.179688,24.117188,25.09375,24.367188,24.59375,24.8125,25.84375,27.03125,27.109375,23.125,19.257812,18.59375,18.90625,19.257812,19.429688,19.414062,19.265625
4445,2021-07-02 21:45:00,3522,25.976562,23.40625,23.765625,24.054688,23.609375,24.375,25.046875,25.96875,26.625,23.28125,19.382812,18.640625,18.90625,19.257812,19.421875,19.414062,19.257812
4446,2021-07-02 22:00:00,3522,25.5,22.867188,22.679688,23.234375,22.351562,23.585938,23.796875,25.015625,25.367188,23.25,19.539062,18.6875,18.90625,19.25,19.421875,19.398438,19.25
4447,2021-07-02 22:15:00,3522,24.859375,21.914062,21.492188,22.289062,21.5,23.289062,22.96875,24.070312,24.8125,23.15625,19.679688,18.75,18.90625,19.234375,19.398438,19.390625,19.242188
4448,2021-07-02 22:30:00,3528,24.242188,21.75,21.125,21.414062,21.460938,22.828125,22.984375,23.6875,24.679688,22.96875,19.8125,18.796875,18.921875,19.234375,19.398438,19.382812,19.234375
4449,2021-07-02 22:45:00,3516,23.554688,20.867188,20.492188,20.34375,21.015625,22.398438,21.882812,22.625,23.328125,22.664062,19.914062,18.851562,18.921875,19.226562,19.390625,19.375,19.234375
4450,2021-07-02 23:00:00,3528,22.820312,19.6875,19.742188,19.039062,20.0625,21.507812,20.726562,21.335938,22.023438,22.265625,20.0,18.90625,18.929688,19.21875,19.382812,19.367188,19.21875
4451,2021-07-02 23:15:00,3522,23.039062,20.085938,20.078125,19.351562,20.742188,21.328125,21.257812,21.210938,21.671875,21.9375,20.070312,18.960938,18.945312,19.210938,19.375,19.359375,19.21875
4452,2021-07-02 23:30:00,3528,22.46875,19.78125,19.1875,19.117188,20.09375,20.679688,20.820312,20.773438,21.179688,21.6875,20.132812,19.015625,18.953125,19.210938,19.367188,19.351562,19.210938
4453,2021-07-02 23:45:00,3528,20.820312,17.648438,17.046875,17.296875,17.710938,17.71875,17.992188,18.429688,19.164062,21.296875,20.164062,19.070312,18.96875,19.203125,19.359375,19.351562,19.203125
4454,2021-07-03 00:00:00,3528,18.171875,16.132812,15.8046875,15.7421875,15.625,15.671875,15.875,16.320312,17.007812,20.601562,20.179688,19.125,18.992188,19.203125,19.351562,19.34375,19.195312
4455,2021-07-03 00:15:00,3528,16.875,15.7734375,15.5703125,15.609375,15.5625,15.5625,15.7265625,16.085938,16.578125,20.25,20.179688,19.171875,19.0,19.203125,19.34375,19.335938,19.1875
4456,2021-07-03 00:30:00,3528,16.234375,15.4375,15.2578125,15.2890625,15.28125,15.390625,15.5703125,15.8828125,16.359375,19.96875,20.164062,19.21875,19.015625,19.195312,19.335938,19.320312,19.1875
4457,2021-07-03 00:45:00,3522,16.15625,15.6328125,15.515625,15.46875,15.46875,15.6015625,15.7109375,15.9765625,16.390625,19.78125,20.125,19.265625,19.039062,19.203125,19.328125,19.320312,19.179688
4458,2021-07-03 01:00:00,3522,15.8125,15.2421875,15.0859375,15.0703125,15.078125,15.203125,15.390625,15.7265625,16.21875,19.648438,20.070312,19.296875,19.0625,19.195312,19.328125,19.3125,19.171875
4459,2021-07-03 01:15:00,3522,16.1875,15.84375,15.7578125,15.6953125,15.703125,15.828125,15.90625,16.140625,16.515625,19.523438,20.015625,19.328125,19.070312,19.195312,19.320312,19.3125,19.164062
4460,2021-07-03 01:30:00,3522,15.7734375,14.9921875,14.921875,14.921875,15.0,15.21875,15.421875,15.78125,16.296875,19.429688,19.96875,19.359375,19.101562,19.203125,19.3125,19.296875,19.15625
4461,2021-07-03 01:45:00,3528,15.4296875,14.78125,14.703125,14.7265625,14.8046875,15.03125,15.25,15.640625,16.164062,19.320312,19.914062,19.382812,19.117188,19.203125,19.304688,19.289062,19.15625
4462,2021-07-03 02:00:00,3528,15.0078125,14.4375,14.3359375,14.3515625,14.421875,14.609375,14.8203125,15.1875,15.75,19.1875,19.859375,19.398438,19.132812,19.203125,19.304688,19.289062,19.15625
4463,2021-07-03 02:15:00,3528,14.3828125,13.7890625,13.6484375,13.6953125,13.7265625,13.90625,14.1640625,14.6171875,15.2890625,19.03125,19.8125,19.414062,19.15625,19.203125,19.304688,19.28125,19.148438
4464,2021-07-03 02:30:00,3522,14.0546875,13.78125,13.6953125,13.6875,13.671875,13.7890625,13.9453125,14.265625,14.7734375,18.804688,19.765625,19.429688,19.171875,19.210938,19.296875,19.28125,19.140625
4465,2021-07-03 02:45:00,3522,14.140625,13.828125,13.7890625,13.78125,13.7890625,13.9296875,14.09375,14.4375,14.9140625,18.703125,19.710938,19.4375,19.1875,19.210938,19.289062,19.273438,19.140625
4466,2021-07-03 03:00:00,3522,14.015625,13.6953125,13.640625,13.6484375,13.6484375,13.78125,13.984375,14.34375,14.8984375,18.625,19.65625,19.4375,19.203125,19.21875,19.289062,19.265625,19.132812
4467,2021-07-03 03:15:00,3522,13.8984375,13.5703125,13.5234375,13.515625,13.4921875,13.609375,13.796875,14.15625,14.6796875,18.492188,19.601562,19.445312,19.226562,19.226562,19.289062,19.265625,19.132812
4468,2021-07-03 03:30:00,3528,13.65625,13.2578125,13.2265625,13.2265625,13.21875,13.34375,13.53125,13.8671875,14.3828125,18.359375,19.554688,19.453125,19.234375,19.226562,19.289062,19.257812,19.132812
4469,2021-07-03 03:45:00,3528,13.3125,12.953125,12.921875,12.921875,12.9296875,13.0703125,13.2734375,13.6328125,14.1796875,18.242188,19.492188,19.445312,19.25,19.234375,19.28125,19.25,19.125
4470,2021-07-03 04:00:00,3528,13.1640625,12.9453125,12.9296875,12.9140625,12.8828125,12.96875,13.125,13.453125,13.9609375,18.101562,19.445312,19.445312,19.257812,19.234375,19.28125,19.25,19.125
4471,2021-07-03 04:15:00,3516,13.1796875,13.0078125,13.0078125,12.9921875,12.9609375,13.0234375,13.140625,13.421875,13.8515625,17.960938,19.382812,19.4375,19.273438,19.242188,19.28125,19.242188,19.117188
4472,2021-07-03 04:30:00,3522,12.9375,12.609375,12.625,12.6328125,12.640625,12.7578125,12.9296875,13.25,13.7421875,17.867188,19.328125,19.4375,19.28125,19.25,19.28125,19.242188,19.125
4473,2021-07-03 04:45:00,3522,12.578125,12.28125,12.2734375,12.2734375,12.2890625,12.4140625,12.6171875,12.96875,13.46875,17.757812,19.273438,19.429688,19.296875,19.257812,19.273438,19.242188,19.117188
4474,2021-07-03 05:00:00,3522,12.4765625,12.2890625,12.3046875,12.3046875,12.296875,12.421875,12.5859375,12.9140625,13.3984375,17.640625,19.21875,19.414062,19.304688,19.257812,19.28125,19.234375,19.117188
4475,2021-07-03 05:15:00,3522,12.40625,12.234375,12.2421875,12.2578125,12.265625,12.390625,12.53125,12.8203125,13.2890625,17.539062,19.164062,19.398438,19.3125,19.265625,19.289062,19.234375,19.117188
4476,2021-07-03 05:30:00,3522,12.4140625,12.34375,12.34375,12.3359375,12.3203125,12.4140625,12.5546875,12.859375,13.3203125,17.5,19.109375,19.390625,19.3125,19.273438,19.28125,19.234375,19.109375
4477,2021-07-03 05:45:00,3516,12.34375,12.1796875,12.1953125,12.2109375,12.2265625,12.3359375,12.5078125,12.828125,13.3359375,17.460938,19.054688,19.382812,19.320312,19.28125,19.28125,19.234375,19.117188
4478,2021-07-03 06:00:00,3522,12.2578125,12.109375,12.125,12.1328125,12.140625,12.2578125,12.421875,12.734375,13.2109375,17.351562,19.0,19.367188,19.328125,19.28125,19.28125,19.234375,19.117188
4479,2021-07-03 06:15:00,3510,12.3046875,12.21875,12.2265625,12.2265625,12.2265625,12.34375,12.484375,12.7890625,13.203125,17.28125,18.945312,19.351562,19.328125,19.289062,19.28125,19.226562,19.109375
4480,2021-07-03 06:30:00,3522,12.2265625,12.0390625,12.0546875,12.0703125,12.078125,12.1953125,12.3515625,12.6796875,13.125,17.210938,18.898438,19.328125,19.335938,19.296875,19.289062,19.226562,19.117188
4481,2021-07-03 06:45:00,3516,12.171875,12.0546875,12.0703125,12.078125,12.078125,12.1875,12.328125,12.6328125,13.0859375,17.179688,18.84375,19.320312,19.335938,19.296875,19.289062,19.226562,19.109375
4482,2021-07-03 07:00:00,3516,12.2421875,12.1640625,12.1796875,12.1953125,12.1953125,12.3125,12.4375,12.71875,13.1328125,17.109375,18.804688,19.289062,19.34375,19.304688,19.289062,19.226562,19.109375
4483,2021-07-03 07:15:00,3516,12.21875,12.078125,12.1015625,12.109375,12.1328125,12.25,12.4296875,12.7265625,13.1796875,17.085938,18.75,19.28125,19.335938,19.304688,19.289062,19.226562,19.109375
4484,2021-07-03 07:30:00,3522,12.2421875,12.171875,12.1875,12.1875,12.1796875,12.3046875,12.4453125,12.734375,13.1328125,17.015625,18.703125,19.257812,19.34375,19.3125,19.289062,19.226562,19.117188
4485,2021-07-03 07:45:00,3516,12.234375,12.1484375,12.171875,12.171875,12.15625,12.2578125,12.390625,12.6796875,13.09375,16.960938,18.65625,19.242188,19.335938,19.3125,19.289062,19.226562,19.109375
4486,2021-07-03 08:00:00,3516,12.265625,12.15625,12.1640625,12.171875,12.171875,12.28125,12.4140625,12.6953125,13.1171875,16.921875,18.617188,19.21875,19.335938,19.320312,19.296875,19.226562,19.109375
4487,2021-07-03 08:15:00,3510,12.15625,11.9453125,11.9609375,11.984375,12.0,12.125,12.296875,12.6171875,13.0703125,16.898438,18.570312,19.203125,19.335938,19.320312,19.296875,19.21875,19.117188
4488,2021-07-03 08:30:00,3516,12.078125,11.984375,11.9921875,12.0,12.0,12.109375,12.2421875,12.515625,12.9296875,16.835938,18.53125,19.1875,19.335938,19.328125,19.296875,19.21875,19.109375
4489,2021-07-03 08:45:00,3510,12.1015625,12.0,12.015625,12.015625,12.0078125,12.1171875,12.2578125,12.546875,12.96875,16.789062,18.492188,19.15625,19.328125,19.335938,19.296875,19.21875,19.109375
4490,2021-07-03 09:00:00,3510,12.0390625,11.875,11.8984375,11.8984375,11.890625,12.0,12.1328125,12.421875,12.84375,16.75,18.445312,19.140625,19.328125,19.335938,19.304688,19.21875,19.109375
4491,2021-07-03 09:15:00,3516,11.96875,11.8359375,11.84375,11.859375,11.859375,11.96875,12.09375,12.3828125,12.8125,16.703125,18.40625,19.125,19.320312,19.335938,19.304688,19.226562,19.109375
4492,2021-07-03 09:30:00,3510,11.921875,11.8203125,11.8359375,11.84375,11.84375,11.9609375,12.1015625,12.375,12.796875,16.664062,18.375,19.101562,19.320312,19.328125,19.296875,19.234375,19.109375
4493,2021-07-03 09:45:00,3510,11.921875,11.8125,11.828125,11.828125,11.828125,11.9375,12.0703125,12.34375,12.78125,16.609375,18.335938,19.078125,19.3125,19.335938,19.304688,19.21875,19.109375
4494,2021-07-03 10:00:00,3510,11.9140625,11.7890625,11.8046875,11.8046875,11.8046875,11.90625,12.0234375,12.2890625,12.7421875,16.59375,18.304688,19.054688,19.3125,19.34375,19.3125,19.226562,19.109375
4495,2021-07-03 10:15:00,3510,11.8828125,11.7734375,11.7890625,11.7890625,11.8046875,11.9140625,12.0390625,12.296875,12.71875,16.53125,18.257812,19.03125,19.296875,19.335938,19.304688,19.226562,19.109375
4496,2021-07-03 10:30:00,3504,11.84375,11.7265625,11.7265625,11.7265625,11.7265625,11.8359375,11.96875,12.25,12.6953125,16.515625,18.234375,19.023438,19.289062,19.34375,19.304688,19.21875,19.109375
4497,2021-07-03 10:45:00,3510,11.8203125,11.7109375,11.7265625,11.7109375,11.7109375,11.8125,11.9375,12.21875,12.6640625,16.484375,18.203125,18.992188,19.289062,19.34375,19.3125,19.226562,19.109375
4498,2021-07-03 11:00:00,3510,11.8359375,11.703125,11.71875,11.7109375,11.71875,11.8203125,11.9453125,12.1953125,12.625,16.445312,18.15625,18.976562,19.28125,19.335938,19.304688,19.234375,19.117188
4499,2021-07-03 11:15:00,3510,11.734375,11.6015625,11.6171875,11.6171875,11.640625,11.7578125,11.890625,12.171875,12.6328125,16.429688,18.117188,18.953125,19.265625,19.335938,19.3125,19.226562,19.109375
4500,2021-07-03 11:30:00,3510,11.7421875,11.65625,11.6796875,11.671875,11.6875,11.8046875,11.9296875,12.1875,12.6328125,16.398438,18.09375,18.9375,19.265625,19.335938,19.3125,19.226562,19.109375
4501,2021-07-03 11:45:00,3510,11.765625,11.6796875,11.703125,11.703125,11.7265625,11.8359375,11.9765625,12.2421875,12.6640625,16.351562,18.0625,18.914062,19.25,19.335938,19.3125,19.226562,19.101562
4502,2021-07-03 12:00:00,3510,11.734375,11.578125,11.59375,11.59375,11.6015625,11.703125,11.859375,12.140625,12.578125,16.3125,18.03125,18.890625,19.242188,19.335938,19.320312,19.226562,19.101562
4503,2021-07-03 12:15:00,3504,11.640625,11.4921875,11.5,11.5078125,11.5078125,11.609375,11.734375,12.0,12.4453125,16.257812,18.0,18.875,19.234375,19.335938,19.3125,19.226562,19.101562
4504,2021-07-03 12:30:00,3516,11.578125,11.421875,11.4375,11.4453125,11.46875,11.5859375,11.71875,11.984375,12.4296875,16.226562,17.96875,18.851562,19.226562,19.328125,19.320312,19.234375,19.101562
4505,2021-07-03 12:45:00,3504,11.5078125,11.40625,11.4296875,11.4375,11.4375,11.5546875,11.671875,11.9453125,12.3828125,16.210938,17.9375,18.835938,19.210938,19.328125,19.320312,19.226562,19.101562
4506,2021-07-03 13:00:00,3510,11.5546875,11.4921875,11.5078125,11.5234375,11.5390625,11.65625,11.78125,12.0234375,12.4296875,16.210938,17.90625,18.8125,19.203125,19.328125,19.3125,19.226562,19.101562
4507,2021-07-03 13:15:00,3510,11.6328125,11.6171875,11.640625,11.6484375,11.65625,11.765625,11.875,12.1015625,12.4921875,16.1875,17.875,18.789062,19.195312,19.328125,19.3125,19.226562,19.101562
4508,2021-07-03 13:30:00,3510,11.6875,11.6875,11.7109375,11.71875,11.734375,11.84375,11.9453125,12.171875,12.5625,16.195312,17.84375,18.765625,19.179688,19.320312,19.3125,19.226562,19.09375
4509,2021-07-03 13:45:00,3510,11.796875,11.765625,11.796875,11.8046875,11.796875,11.890625,11.9609375,12.1484375,12.5078125,16.1875,17.8125,18.75,19.171875,19.3125,19.320312,19.226562,19.09375
4510,2021-07-03 14:00:00,3510,11.9375,11.90625,11.953125,11.984375,12.015625,12.140625,12.2421875,12.4375,12.75,16.1875,17.789062,18.71875,19.164062,19.3125,19.3125,19.226562,19.085938
4511,2021-07-03 14:15:00,3504,11.8984375,11.828125,11.84375,11.859375,11.875,11.9921875,12.1015625,12.3203125,12.703125,16.179688,17.765625,18.695312,19.15625,19.304688,19.3125,19.226562,19.085938
4512,2021-07-03 14:30:00,3510,11.890625,11.7265625,11.75,11.765625,11.7890625,11.9140625,12.0078125,12.203125,12.59375,16.179688,17.734375,18.679688,19.140625,19.304688,19.3125,19.226562,19.085938
4513,2021-07-03 14:45:00,3504,12.046875,12.0234375,12.0625,12.0703125,12.109375,12.2421875,12.359375,12.5390625,12.8359375,16.15625,17.71875,18.664062,19.125,19.304688,19.3125,19.21875,19.085938
4514,2021-07-03 15:00:00,3504,12.1640625,12.0859375,12.125,12.1484375,12.2109375,12.375,12.4921875,12.671875,12.9921875,16.195312,17.6875,18.640625,19.125,19.296875,19.304688,19.21875,19.085938
4515,2021-07-03 15:15:00,3510,12.2890625,12.2109375,12.25,12.2734375,12.359375,12.546875,12.6796875,12.875,13.1953125,16.210938,17.671875,18.617188,19.109375,19.289062,19.3125,19.21875,19.078125
4516,2021-07-03 15:30:00,3510,12.46875,12.3515625,12.40625,12.453125,12.578125,12.8125,12.9921875,13.203125,13.5546875,16.28125,17.648438,18.59375,19.09375,19.28125,19.304688,19.21875,19.078125
4517,2021-07-03 15:45:00,3510,12.734375,12.6015625,12.6484375,12.6953125,12.8359375,13.109375,13.3046875,13.53125,13.859375,16.359375,17.625,18.578125,19.078125,19.28125,19.304688,19.210938,19.070312
4518,2021-07-03 16:00:00,3510,13.0703125,13.0390625,13.0859375,13.1328125,13.25,13.4921875,13.640625,13.8046875,14.0859375,16.40625,17.617188,18.554688,19.070312,19.273438,19.304688,19.210938,19.070312
4519,2021-07-03 16:15:00,3498,13.2109375,12.9375,12.953125,12.984375,13.109375,13.390625,13.5859375,13.796875,14.21875,16.515625,17.601562,18.546875,19.054688,19.273438,19.296875,19.210938,19.070312
4520,2021-07-03 16:30:00,3510,13.5625,13.3359375,13.359375,13.4140625,13.5625,13.859375,14.0546875,14.2578125,14.625,16.617188,17.59375,18.515625,19.046875,19.265625,19.289062,19.210938,19.0625
4521,2021-07-03 16:45:00,3504,14.3359375,14.1953125,14.203125,14.3125,14.421875,14.734375,14.859375,15.015625,15.3671875,16.78125,17.59375,18.5,19.03125,19.257812,19.289062,19.210938,19.054688
4522,2021-07-03 17:00:00,3510,15.265625,14.6875,14.53125,14.6015625,14.796875,15.203125,15.3828125,15.59375,15.984375,17.0,17.59375,18.484375,19.015625,19.25,19.289062,19.210938,19.054688
4523,2021-07-03 17:15:00,3504,16.5625,16.3125,16.078125,16.203125,16.351562,16.578125,16.671875,16.742188,17.046875,17.257812,17.59375,18.46875,19.0,19.242188,19.289062,19.210938,19.054688
4524,2021-07-03 17:30:00,3504,17.9375,17.34375,17.046875,17.046875,17.164062,17.398438,17.632812,17.515625,17.84375,17.59375,17.609375,18.453125,18.992188,19.242188,19.28125,19.203125,19.046875
4525,2021-07-03 17:45:00,3504,19.820312,19.171875,18.804688,18.734375,18.75,19.078125,19.359375,19.054688,19.289062,18.0,17.632812,18.445312,18.976562,19.234375,19.28125,19.203125,19.046875
4526,2021-07-03 18:00:00,3504,21.132812,19.859375,19.34375,19.304688,19.171875,19.765625,20.15625,19.71875,20.09375,18.4375,17.671875,18.429688,18.96875,19.226562,19.273438,19.203125,19.039062
4527,2021-07-03 18:15:00,3504,22.570312,20.632812,20.109375,20.25,20.1875,21.039062,21.15625,20.6875,21.0,18.8125,17.71875,18.421875,18.953125,19.21875,19.273438,19.195312,19.03125
4528,2021-07-03 18:30:00,3498,23.234375,20.953125,20.476562,20.773438,20.34375,21.8125,22.0,21.5625,21.875,19.242188,17.78125,18.414062,18.945312,19.210938,19.265625,19.1875,19.03125
4529,2021-07-03 18:45:00,3504,23.851562,21.53125,21.25,21.390625,21.140625,22.234375,22.421875,22.03125,22.640625,19.742188,17.851562,18.40625,18.929688,19.210938,19.265625,19.179688,19.03125
4530,2021-07-03 19:00:00,3510,23.867188,21.15625,20.929688,20.5,20.921875,21.757812,22.117188,22.015625,22.828125,20.046875,17.9375,18.40625,18.921875,19.195312,19.265625,19.1875,19.023438
4531,2021-07-03 19:15:00,3504,21.171875,18.117188,17.875,17.53125,17.929688,18.453125,18.84375,19.101562,20.101562,19.757812,18.03125,18.40625,18.921875,19.1875,19.257812,19.179688,19.023438
4532,2021-07-03 19:30:00,3504,22.929688,21.5,20.773438,20.375,21.117188,21.890625,21.890625,22.25,22.960938,20.34375,18.132812,18.40625,18.90625,19.1875,19.25,19.179688,19.015625
4533,2021-07-03 19:45:00,3516,24.335938,22.96875,21.5625,21.546875,21.859375,22.578125,22.828125,23.3125,24.164062,20.789062,18.234375,18.421875,18.898438,19.171875,19.242188,19.171875,19.007812
4534,2021-07-03 20:00:00,3516,24.859375,22.328125,21.34375,21.445312,21.796875,22.515625,23.007812,23.664062,24.789062,21.328125,18.335938,18.4375,18.890625,19.171875,19.25,19.164062,19.0
4535,2021-07-03 20:15:00,3516,24.710938,21.820312,21.5,21.757812,21.46875,22.28125,23.335938,23.953125,24.554688,21.648438,18.445312,18.453125,18.882812,19.164062,19.242188,19.164062,18.992188
4536,2021-07-03 19:00:00,3510,23.867188,21.15625,20.929688,20.5,20.921875,21.757812,22.117188,22.015625,22.828125,20.046875,17.9375,18.40625,18.921875,19.195312,19.265625,19.1875,19.023438
4537,2021-07-03 19:15:00,3504,21.171875,18.117188,17.875,17.53125,17.929688,18.453125,18.84375,19.101562,20.101562,19.757812,18.03125,18.40625,18.921875,19.1875,19.257812,19.179688,19.023438
4538,2021-07-03 19:30:00,3504,22.929688,21.5,20.773438,20.375,21.117188,21.890625,21.890625,22.25,22.960938,20.34375,18.132812,18.40625,18.90625,19.1875,19.25,19.179688,19.015625
4539,2021-07-03 19:45:00,3516,24.335938,22.96875,21.5625,21.546875,21.859375,22.578125,22.828125,23.3125,24.164062,20.789062,18.234375,18.421875,18.898438,19.171875,19.242188,19.171875,19.007812
4540,2021-07-03 20:00:00,3516,24.859375,22.328125,21.34375,21.445312,21.796875,22.515625,23.007812,23.664062,24.789062,21.328125,18.335938,18.4375,18.890625,19.171875,19.25,19.164062,19.0
4541,2021-07-03 20:15:00,3516,24.710938,21.820312,21.5,21.757812,21.46875,22.28125,23.335938,23.953125,24.554688,21.648438,18.445312,18.453125,18.882812,19.164062,19.242188,19.164062,18.992188
4542,2021-07-03 20:30:00,3516,24.507812,21.765625,21.632812,22.015625,21.59375,22.53125,23.546875,23.9375,24.78125,21.898438,18.570312,18.46875,18.875,19.15625,19.234375,19.15625,18.992188
4543,2021-07-03 20:45:00,3516,24.53125,21.59375,22.226562,22.164062,22.101562,22.796875,23.507812,24.210938,25.125,22.015625,18.695312,18.492188,18.867188,19.148438,19.226562,19.15625,18.992188
4544,2021-07-03 21:00:00,3522,24.5,21.835938,22.46875,22.007812,22.046875,23.125,23.257812,24.328125,25.335938,22.195312,18.828125,18.515625,18.867188,19.140625,19.226562,19.148438,18.976562
4545,2021-07-03 21:15:00,3516,24.9375,22.28125,22.25,21.921875,21.890625,23.242188,23.375,24.46875,25.007812,22.289062,18.953125,18.546875,18.859375,19.132812,19.21875,19.140625,18.984375
4546,2021-07-03 21:30:00,3522,24.664062,21.5625,21.734375,21.242188,21.414062,22.484375,23.023438,24.117188,24.4375,22.390625,19.078125,18.578125,18.859375,19.125,19.210938,19.140625,18.976562
4547,2021-07-03 21:45:00,3522,24.898438,22.039062,21.78125,21.320312,21.875,22.546875,23.617188,24.21875,24.476562,22.398438,19.203125,18.625,18.859375,19.117188,19.203125,19.140625,18.96875
4548,2021-07-03 22:00:00,3528,23.757812,21.242188,20.851562,21.015625,20.820312,21.375,22.429688,23.03125,23.320312,22.148438,19.328125,18.65625,18.859375,19.109375,19.195312,19.132812,18.960938
4549,2021-07-03 22:15:00,3522,23.367188,20.804688,20.078125,20.515625,20.171875,20.96875,21.546875,21.992188,22.671875,22.054688,19.4375,18.695312,18.859375,19.101562,19.195312,19.125,18.953125
4550,2021-07-03 22:30:00,3522,22.9375,20.828125,19.710938,20.507812,19.96875,21.203125,21.757812,21.953125,22.4375,21.914062,19.53125,18.742188,18.867188,19.101562,19.1875,19.125,18.953125
4551,2021-07-03 22:45:00,3522,21.773438,19.398438,18.703125,19.054688,18.992188,19.90625,20.140625,20.570312,21.109375,21.617188,19.609375,18.789062,18.875,19.09375,19.179688,19.109375,18.945312
4552,2021-07-03 23:00:00,3522,21.484375,19.671875,19.054688,19.085938,19.296875,20.140625,20.148438,20.742188,21.25,21.476562,19.679688,18.835938,18.882812,19.09375,19.171875,19.109375,18.945312
4553,2021-07-03 23:15:00,3522,21.945312,20.03125,19.796875,19.484375,20.148438,20.851562,20.484375,20.984375,21.25,21.351562,19.734375,18.882812,18.882812,19.085938,19.171875,19.101562,18.9375
4554,2021-07-03 23:30:00,3522,21.914062,19.070312,18.898438,18.734375,19.914062,19.796875,20.164062,20.609375,20.921875,21.296875,19.765625,18.921875,18.898438,19.078125,19.164062,19.101562,18.929688
4555,2021-07-03 23:45:00,3522,19.632812,17.054688,16.757812,16.695312,16.9375,17.078125,17.320312,17.84375,18.539062,20.773438,19.796875,18.960938,18.90625,19.078125,19.164062,19.09375,18.929688
4556,2021-07-04 00:00:00,3522,17.710938,15.7890625,15.5546875,15.5625,15.59375,15.828125,16.0,16.484375,17.1875,20.289062,19.8125,19.0,18.921875,19.078125,19.15625,19.085938,18.921875
4557,2021-07-04 00:15:00,3522,16.734375,15.5625,15.34375,15.3046875,15.3046875,15.4375,15.546875,15.9375,16.507812,19.929688,19.820312,19.046875,18.929688,19.070312,19.148438,19.078125,18.921875
4558,2021-07-04 00:30:00,3516,16.132812,15.390625,15.2265625,15.1796875,15.1328125,15.21875,15.28125,15.5234375,15.953125,19.578125,19.804688,19.078125,18.9375,19.070312,19.140625,19.078125,18.90625
4559,2021-07-04 00:45:00,3522,15.59375,14.875,14.6875,14.671875,14.6328125,14.734375,14.8203125,15.1328125,15.6640625,19.351562,19.78125,19.117188,18.960938,19.0625,19.140625,19.078125,18.914062
4560,2021-07-04 01:00:00,3522,15.5859375,14.984375,14.8046875,14.796875,14.75,14.875,15.0,15.3515625,15.84375,19.242188,19.742188,19.140625,18.96875,19.070312,19.140625,19.070312,18.90625
4561,2021-07-04 01:15:00,3522,14.84375,14.3046875,14.125,14.0859375,13.9921875,14.0625,14.1328125,14.484375,15.078125,19.023438,19.703125,19.171875,18.992188,19.0625,19.132812,19.0625,18.898438
4562,2021-07-04 01:30:00,3522,14.4453125,14.09375,13.9140625,13.8515625,13.734375,13.7578125,13.8359375,14.1640625,14.7109375,18.8125,19.648438,19.195312,19.0,19.070312,19.125,19.0625,18.898438
4563,2021-07-04 01:45:00,3510,14.25,13.96875,13.8046875,13.75,13.625,13.6484375,13.703125,13.9921875,14.515625,18.632812,19.59375,19.21875,19.015625,19.070312,19.125,19.0625,18.890625
4564,2021-07-04 02:00:00,3516,14.140625,13.953125,13.8359375,13.7890625,13.71875,13.7578125,13.78125,14.015625,14.421875,18.445312,19.546875,19.226562,19.03125,19.070312,19.117188,19.054688,18.890625
4565,2021-07-04 02:15:00,3522,14.25,13.921875,13.828125,13.8203125,13.7734375,13.8671875,13.9609375,14.2421875,14.65625,18.398438,19.484375,19.234375,19.046875,19.078125,19.109375,19.054688,18.890625
4566,2021-07-04 02:30:00,3516,14.25,14.0546875,13.953125,13.890625,13.8515625,13.9375,14.0078125,14.2578125,14.6875,18.328125,19.429688,19.242188,19.054688,19.070312,19.109375,19.046875,18.890625
4567,2021-07-04 02:45:00,3516,14.203125,13.9453125,13.84375,13.796875,13.75,13.828125,13.875,14.1171875,14.5546875,18.203125,19.359375,19.25,19.078125,19.078125,19.109375,19.039062,18.882812
4568,2021-07-04 03:00:00,3510,13.7734375,13.234375,13.1796875,13.1875,13.1875,13.3046875,13.4375,13.734375,14.234375,18.054688,19.320312,19.25,19.085938,19.085938,19.109375,19.039062,18.882812
4569,2021-07-04 03:15:00,3522,13.4296875,13.0625,13.0078125,12.96875,12.9375,13.0390625,13.1484375,13.46875,14.0,17.976562,19.257812,19.25,19.101562,19.085938,19.109375,19.039062,18.882812
4570,2021-07-04 03:30:00,3522,13.3046875,13.0625,13.0234375,12.9921875,12.953125,13.0390625,13.140625,13.4453125,13.8984375,17.875,19.203125,19.25,19.109375,19.085938,19.109375,19.039062,18.875
4571,2021-07-04 03:45:00,3516,13.109375,12.8046875,12.78125,12.7734375,12.7578125,12.8671875,13.0,13.328125,13.8359375,17.78125,19.148438,19.242188,19.117188,19.09375,19.109375,19.03125,18.875
4572,2021-07-04 04:00:00,3516,12.8984375,12.59375,12.5859375,12.5703125,12.5546875,12.65625,12.7890625,13.109375,13.625,17.695312,19.09375,19.234375,19.125,19.09375,19.101562,19.03125,18.875
4573,2021-07-04 04:15:00,3522,12.7734375,12.609375,12.5703125,12.546875,12.5234375,12.609375,12.71875,13.03125,13.5390625,17.585938,19.039062,19.226562,19.132812,19.101562,19.101562,19.023438,18.875
4574,2021-07-04 04:30:00,3522,12.640625,12.4296875,12.4140625,12.40625,12.3984375,12.5078125,12.640625,12.9453125,13.4453125,17.492188,18.992188,19.21875,19.140625,19.109375,19.101562,19.023438,18.875
4575,2021-07-04 04:45:00,3522,12.625,12.4296875,12.4296875,12.421875,12.4375,12.5625,12.7265625,13.0546875,13.5703125,17.460938,18.9375,19.210938,19.148438,19.117188,19.101562,19.023438,18.875
4576,2021-07-04 05:00:00,3522,12.515625,12.359375,12.3515625,12.3359375,12.328125,12.4375,12.578125,12.8828125,13.3671875,17.390625,18.890625,19.195312,19.15625,19.117188,19.109375,19.023438,18.867188
4577,2021-07-04 05:15:00,3522,12.484375,12.328125,12.3359375,12.34375,12.328125,12.421875,12.53125,12.796875,13.265625,17.296875,18.84375,19.179688,19.15625,19.117188,19.101562,19.015625,18.875
4578,2021-07-04 05:30:00,3510,12.5,12.375,12.3828125,12.3828125,12.375,12.4765625,12.5859375,12.859375,13.3046875,17.242188,18.789062,19.171875,19.171875,19.117188,19.109375,19.015625,18.867188
4579,2021-07-04 05:45:00,3522,12.4609375,12.296875,12.3046875,12.3125,12.3046875,12.421875,12.5625,12.8515625,13.3125,17.203125,18.742188,19.15625,19.164062,19.132812,19.109375,19.015625,18.867188
4580,2021-07-04 06:00:00,3510,12.421875,12.3125,12.3125,12.3125,12.3046875,12.40625,12.5078125,12.765625,13.1953125,17.101562,18.695312,19.140625,19.171875,19.132812,19.109375,19.015625,18.867188
4581,2021-07-04 06:15:00,3516,12.5,12.4609375,12.4609375,12.4375,12.4375,12.546875,12.671875,12.9453125,13.3828125,17.085938,18.648438,19.125,19.164062,19.132812,19.109375,19.015625,18.875
4582,2021-07-04 06:30:00,3510,12.453125,12.3046875,12.3203125,12.328125,12.3359375,12.4453125,12.5703125,12.8515625,13.3046875,17.046875,18.601562,19.109375,19.171875,19.140625,19.109375,19.015625,18.875
4583,2021-07-04 06:45:00,3510,12.4453125,12.375,12.375,12.359375,12.3515625,12.4453125,12.5625,12.859375,13.3203125,17.023438,18.570312,19.09375,19.171875,19.132812,19.109375,19.015625,18.875
4584,2021-07-04 07:00:00,3510,12.4296875,12.3125,12.3125,12.3203125,12.3203125,12.421875,12.53125,12.8203125,13.28125,16.992188,18.515625,19.070312,19.164062,19.148438,19.109375,19.007812,18.875
4585,2021-07-04 07:15:00,3522,12.4140625,12.2890625,12.296875,12.296875,12.296875,12.40625,12.53125,12.8125,13.28125,16.960938,18.484375,19.054688,19.164062,19.148438,19.109375,19.015625,18.875
4586,2021-07-04 07:30:00,3522,12.390625,12.296875,12.3046875,12.3046875,12.328125,12.453125,12.59375,12.8984375,13.34375,16.929688,18.445312,19.039062,19.171875,19.15625,19.109375,19.015625,18.875
4587,2021-07-04 07:45:00,3510,12.3515625,12.2109375,12.2265625,12.2421875,12.2421875,12.375,12.5078125,12.7890625,13.265625,16.90625,18.40625,19.015625,19.164062,19.15625,19.117188,19.015625,18.882812
4588,2021-07-04 08:00:00,3516,12.359375,12.2421875,12.2578125,12.25,12.25,12.3671875,12.484375,12.75,13.1875,16.835938,18.367188,18.992188,19.164062,19.15625,19.117188,19.015625,18.875
4589,2021-07-04 08:15:00,3510,12.359375,12.234375,12.25,12.25,12.2578125,12.3828125,12.5078125,12.78125,13.265625,16.828125,18.335938,18.976562,19.164062,19.15625,19.117188,19.015625,18.875
4590,2021-07-04 08:30:00,3504,12.3125,12.1875,12.2109375,12.2109375,12.21875,12.34375,12.4609375,12.7265625,13.1640625,16.765625,18.296875,18.960938,19.15625,19.164062,19.125,19.015625,18.882812
4591,2021-07-04 08:45:00,3510,12.234375,12.0546875,12.09375,12.1171875,12.140625,12.2890625,12.4296875,12.71875,13.1875,16.71875,18.273438,18.945312,19.148438,19.171875,19.117188,19.015625,18.875
4592,2021-07-04 09:00:00,3510,12.1640625,12.015625,12.0390625,12.0390625,12.046875,12.1640625,12.296875,12.578125,13.03125,16.679688,18.242188,18.921875,19.148438,19.164062,19.117188,19.015625,18.875
4593,2021-07-04 09:15:00,3510,12.109375,11.984375,12.0078125,12.0234375,12.03125,12.15625,12.265625,12.5390625,12.953125,16.609375,18.203125,18.90625,19.140625,19.15625,19.125,19.015625,18.875
4594,2021-07-04 09:30:00,3510,12.1015625,11.984375,12.015625,12.0234375,12.03125,12.15625,12.2734375,12.5546875,12.9921875,16.601562,18.171875,18.890625,19.132812,19.164062,19.125,19.015625,18.882812
4595,2021-07-04 09:45:00,3504,12.09375,11.9921875,12.0078125,12.0,12.0,12.1015625,12.21875,12.4921875,12.9453125,16.554688,18.140625,18.875,19.125,19.164062,19.125,19.015625,18.875
4596,2021-07-04 10:00:00,3510,12.1328125,12.078125,12.1015625,12.109375,12.109375,12.1953125,12.3046875,12.546875,12.9609375,16.523438,18.101562,18.84375,19.125,19.15625,19.125,19.015625,18.882812
4597,2021-07-04 10:15:00,3504,12.1875,12.125,12.1484375,12.15625,12.15625,12.2578125,12.3515625,12.59375,13.0078125,16.515625,18.070312,18.828125,19.109375,19.15625,19.132812,19.015625,18.882812
4598,2021-07-04 10:30:00,3510,12.1484375,12.0,12.03125,12.046875,12.0546875,12.171875,12.2734375,12.5390625,12.9609375,16.46875,18.039062,18.8125,19.109375,19.171875,19.125,19.023438,18.890625
4599,2021-07-04 10:45:00,3504,12.109375,12.015625,12.0390625,12.0390625,12.03125,12.1328125,12.21875,12.46875,12.890625,16.445312,18.015625,18.796875,19.101562,19.164062,19.125,19.023438,18.882812
4600,2021-07-04 11:00:00,3504,11.984375,11.7890625,11.8125,11.8125,11.8046875,11.921875,12.0390625,12.328125,12.75,16.375,17.976562,18.773438,19.09375,19.164062,19.125,19.023438,18.882812
4601,2021-07-04 11:15:00,3504,11.90625,11.7734375,11.78125,11.7734375,11.7734375,11.890625,12.015625,12.2890625,12.71875,16.34375,17.953125,18.75,19.085938,19.15625,19.132812,19.023438,18.882812
4602,2021-07-04 11:30:00,3504,11.890625,11.7734375,11.78125,11.765625,11.7578125,11.859375,11.9765625,12.25,12.6796875,16.304688,17.921875,18.726562,19.070312,19.15625,19.132812,19.023438,18.882812
4603,2021-07-04 11:45:00,3510,11.921875,11.8359375,11.859375,11.8671875,11.859375,11.96875,12.0703125,12.3203125,12.6953125,16.273438,17.898438,18.710938,19.070312,19.15625,19.132812,19.015625,18.882812
4604,2021-07-04 12:00:00,3504,11.984375,11.9375,11.9609375,11.96875,11.96875,12.0625,12.140625,12.359375,12.7265625,16.257812,17.867188,18.695312,19.054688,19.15625,19.132812,19.023438,18.882812
4605,2021-07-04 12:15:00,3504,11.9765625,11.8125,11.8515625,11.875,11.8828125,12.0,12.1015625,12.359375,12.7578125,16.25,17.835938,18.679688,19.046875,19.15625,19.132812,19.023438,18.875
4606,2021-07-04 12:30:00,3504,11.8828125,11.7578125,11.7890625,11.796875,11.796875,11.90625,12.0,12.203125,12.6015625,16.210938,17.8125,18.65625,19.039062,19.148438,19.132812,19.023438,18.882812
4607,2021-07-04 12:45:00,3504,11.828125,11.703125,11.71875,11.7265625,11.71875,11.8203125,11.8984375,12.125,12.5703125,16.21875,17.78125,18.640625,19.03125,19.148438,19.125,19.023438,18.875
4608,2021-07-04 13:00:00,3504,11.828125,11.75,11.765625,11.7734375,11.765625,11.84375,11.9140625,12.125,12.546875,16.164062,17.757812,18.617188,19.015625,19.148438,19.125,19.023438,18.875
4609,2021-07-04 13:15:00,3504,11.90625,11.8203125,11.84375,11.8515625,11.8515625,11.953125,12.046875,12.2890625,12.6875,16.140625,17.726562,18.59375,19.007812,19.140625,19.132812,19.023438,18.875
4610,2021-07-04 13:30:00,3504,11.953125,11.875,11.890625,11.90625,11.90625,12.0078125,12.1015625,12.3359375,12.7421875,16.140625,17.703125,18.578125,19.0,19.132812,19.132812,19.023438,18.875
4611,2021-07-04 13:45:00,3498,12.0703125,12.0625,12.0859375,12.09375,12.09375,12.1875,12.2734375,12.46875,12.8359375,16.125,17.671875,18.554688,18.984375,19.132812,19.125,19.023438,18.875
4612,2021-07-04 14:00:00,3504,12.171875,12.1015625,12.1171875,12.125,12.1328125,12.234375,12.3046875,12.5,12.859375,16.132812,17.648438,18.546875,18.984375,19.132812,19.125,19.023438,18.875
4613,2021-07-04 14:15:00,3498,12.28125,12.2109375,12.234375,12.2421875,12.25,12.359375,12.4375,12.640625,12.9921875,16.117188,17.625,18.523438,18.96875,19.125,19.125,19.015625,18.867188
4614,2021-07-04 14:30:00,3504,12.484375,12.4140625,12.4375,12.453125,12.484375,12.625,12.7265625,12.9609375,13.296875,16.148438,17.601562,18.5,18.953125,19.125,19.125,19.023438,18.875
4615,2021-07-04 14:45:00,3504,12.671875,12.546875,12.5546875,12.5859375,12.6484375,12.8203125,12.96875,13.234375,13.5859375,16.195312,17.585938,18.484375,18.945312,19.117188,19.117188,19.023438,18.867188
4616,2021-07-04 15:00:00,3498,12.859375,12.6484375,12.6171875,12.6171875,12.65625,12.8125,12.9140625,13.2265625,13.578125,16.234375,17.5625,18.46875,18.9375,19.109375,19.117188,19.015625,18.867188
4617,2021-07-04 15:15:00,3504,13.140625,12.9375,12.9140625,12.8984375,12.9609375,13.15625,13.2578125,13.5703125,13.8671875,16.265625,17.546875,18.453125,18.921875,19.109375,19.117188,19.015625,18.859375
4618,2021-07-04 15:30:00,3504,13.4453125,13.1640625,13.15625,13.0546875,13.1015625,13.40625,13.4609375,13.7734375,14.0859375,16.335938,17.53125,18.429688,18.90625,19.101562,19.117188,19.007812,18.859375
4619,2021-07-04 15:45:00,3504,13.84375,13.625,13.6328125,13.5078125,13.5234375,13.84375,13.921875,14.1796875,14.453125,16.421875,17.515625,18.414062,18.898438,19.09375,19.117188,19.015625,18.867188
4620,2021-07-04 16:00:00,3504,14.2265625,13.921875,13.8359375,13.796875,13.6640625,14.0390625,14.1484375,14.34375,14.6328125,16.476562,17.515625,18.390625,18.890625,19.09375,19.109375,19.015625,18.859375
4621,2021-07-04 16:15:00,3498,14.734375,14.234375,14.15625,14.1953125,13.96875,14.453125,14.578125,14.78125,15.046875,16.609375,17.5,18.375,18.875,19.078125,19.109375,19.015625,18.859375
4622,2021-07-04 16:30:00,3504,15.1953125,14.703125,14.5859375,14.6015625,14.34375,14.8359375,14.9453125,15.125,15.3984375,16.726562,17.5,18.359375,18.867188,19.078125,19.109375,19.007812,18.851562
4623,2021-07-04 16:45:00,3504,15.5,14.8203125,14.765625,14.75,14.5,14.9921875,15.0703125,15.21875,15.4375,16.765625,17.507812,18.351562,18.859375,19.078125,19.09375,19.007812,18.84375
4624,2021-07-04 17:00:00,3504,15.578125,14.796875,14.734375,14.671875,14.3984375,14.8671875,14.9453125,15.140625,15.390625,16.8125,17.507812,18.335938,18.84375,19.070312,19.101562,19.007812,18.84375
4625,2021-07-04 17:15:00,3504,15.84375,15.03125,14.9375,14.8828125,14.5234375,15.0625,15.1171875,15.2890625,15.5546875,16.882812,17.515625,18.3125,18.835938,19.0625,19.09375,19.0,18.84375
4626,2021-07-04 17:30:00,3504,16.171875,15.46875,15.359375,15.2734375,14.90625,15.4375,15.4765625,15.609375,15.8125,16.960938,17.523438,18.304688,18.828125,19.054688,19.09375,19.0,18.835938
4627,2021-07-04 17:45:00,3510,16.4375,15.6328125,15.5390625,15.46875,15.140625,15.75,15.8359375,16.023438,16.25,17.085938,17.539062,18.296875,18.804688,19.046875,19.09375,19.0,18.835938
4628,2021-07-04 18:00:00,3504,17.109375,16.4375,16.34375,16.171875,15.71875,16.335938,16.304688,16.375,16.484375,17.179688,17.546875,18.28125,18.796875,19.039062,19.085938,18.992188,18.835938
4629,2021-07-04 18:15:00,3504,17.484375,16.164062,16.15625,16.078125,15.546875,16.28125,16.226562,16.351562,16.539062,17.289062,17.570312,18.273438,18.789062,19.03125,19.078125,18.992188,18.828125
4630,2021-07-04 18:30:00,3504,17.789062,16.820312,16.734375,16.601562,16.140625,16.84375,16.78125,16.867188,17.015625,17.375,17.578125,18.265625,18.773438,19.023438,19.078125,18.984375,18.828125
4631,2021-07-04 18:45:00,3498,17.945312,16.765625,16.664062,16.59375,16.1875,16.945312,16.984375,17.15625,17.375,17.539062,17.609375,18.257812,18.765625,19.015625,19.070312,18.984375,18.828125
4632,2021-07-04 19:00:00,3510,18.617188,17.3125,17.3125,17.164062,17.1875,17.414062,17.351562,17.476562,17.671875,17.710938,17.625,18.257812,18.757812,19.015625,19.078125,18.984375,18.820312
4633,2021-07-04 19:15:00,3504,19.539062,18.265625,18.078125,17.90625,17.921875,18.117188,17.992188,18.070312,18.171875,17.890625,17.648438,18.25,18.75,19.015625,19.0625,18.984375,18.8125
4634,2021-07-04 19:30:00,3498,20.132812,18.445312,18.273438,18.171875,18.257812,18.453125,18.320312,18.367188,18.46875,18.078125,17.695312,18.25,18.734375,18.992188,19.0625,18.984375,18.8125
4635,2021-07-04 19:45:00,3504,20.148438,18.3125,18.179688,18.03125,18.046875,18.234375,18.101562,18.195312,18.320312,18.148438,17.726562,18.242188,18.726562,18.992188,19.054688,18.976562,18.804688
4636,2021-07-04 20:00:00,3510,21.15625,19.390625,19.140625,19.15625,19.234375,19.625,19.671875,19.882812,20.015625,18.546875,17.773438,18.242188,18.71875,18.984375,19.054688,18.96875,18.796875
4637,2021-07-04 20:15:00,3504,21.953125,20.164062,19.75,19.6875,19.71875,20.125,20.335938,20.609375,20.828125,18.945312,17.8125,18.25,18.710938,18.984375,19.046875,18.96875,18.796875
4638,2021-07-04 20:30:00,3504,21.71875,20.09375,19.453125,19.523438,19.4375,19.71875,19.851562,20.046875,20.265625,18.992188,17.867188,18.25,18.695312,18.976562,19.039062,18.953125,18.796875
4639,2021-07-04 20:45:00,3504,22.710938,21.140625,20.523438,20.734375,20.617188,20.71875,20.929688,21.0625,21.28125,19.375,17.929688,18.257812,18.695312,18.96875,19.039062,18.960938,18.789062
4640,2021-07-04 21:00:00,3504,23.460938,21.46875,20.726562,21.15625,20.945312,21.328125,21.414062,21.898438,22.390625,19.796875,17.992188,18.257812,18.679688,18.953125,19.03125,18.953125,18.78125
4641,2021-07-04 21:15:00,3510,23.5625,20.648438,19.96875,20.414062,20.210938,21.0,21.117188,21.867188,22.375,20.148438,18.0625,18.265625,18.679688,18.953125,19.03125,18.953125,18.78125
4642,2021-07-04 21:30:00,3510,23.039062,20.5,20.21875,19.6875,20.171875,20.234375,20.515625,21.117188,21.640625,20.226562,18.148438,18.28125,18.671875,18.945312,19.023438,18.945312,18.773438
4643,2021-07-04 21:45:00,3504,22.71875,20.421875,20.125,19.359375,20.203125,20.078125,20.9375,21.132812,21.59375,20.179688,18.242188,18.289062,18.664062,18.9375,19.015625,18.945312,18.773438
4644,2021-07-04 22:00:00,3522,22.609375,19.554688,19.492188,18.882812,19.585938,19.75,20.445312,20.773438,20.984375,20.1875,18.335938,18.304688,18.664062,18.929688,19.007812,18.9375,18.765625
4645,2021-07-04 22:15:00,3516,23.007812,20.898438,19.9375,20.375,20.304688,20.90625,21.382812,21.851562,21.976562,20.328125,18.414062,18.320312,18.65625,18.921875,19.007812,18.9375,18.765625
4646,2021-07-04 22:30:00,3510,22.171875,19.890625,18.84375,19.125,19.0625,19.742188,19.953125,20.3125,20.679688,20.148438,18.5,18.34375,18.65625,18.921875,19.0,18.921875,18.757812
4647,2021-07-04 22:45:00,3516,20.898438,18.226562,17.820312,18.046875,18.125,18.601562,18.609375,19.070312,19.664062,19.96875,18.570312,18.359375,18.65625,18.914062,18.992188,18.921875,18.757812
4648,2021-07-04 23:00:00,3516,20.460938,18.515625,18.359375,18.539062,18.507812,18.992188,18.648438,19.070312,19.40625,19.71875,18.640625,18.390625,18.65625,18.898438,18.992188,18.921875,18.75
4649,2021-07-04 23:15:00,3522,19.5625,17.476562,17.257812,17.28125,17.523438,17.921875,17.984375,18.375,18.851562,19.617188,18.6875,18.414062,18.648438,18.898438,18.984375,18.90625,18.742188
4650,2021-07-04 23:30:00,3516,19.148438,17.382812,17.179688,17.15625,17.3125,17.59375,17.5625,17.84375,18.25,19.421875,18.726562,18.4375,18.648438,18.898438,18.976562,18.90625,18.734375
4651,2021-07-04 23:45:00,3516,18.109375,16.273438,16.0625,16.046875,16.25,16.4375,16.484375,16.898438,17.335938,19.1875,18.757812,18.46875,18.648438,18.890625,18.976562,18.898438,18.734375
4652,2021-07-05 00:00:00,3510,17.546875,16.070312,15.8515625,15.8359375,15.9453125,16.203125,16.273438,16.664062,17.132812,19.023438,18.773438,18.492188,18.648438,18.890625,18.960938,18.898438,18.726562
4653,2021-07-05 00:15:00,3510,16.617188,15.3671875,15.1640625,15.171875,15.203125,15.3984375,15.4375,15.796875,16.289062,18.789062,18.78125,18.515625,18.65625,18.882812,18.960938,18.890625,18.726562
4654,2021-07-05 00:30:00,3516,16.40625,15.7109375,15.5390625,15.484375,15.5078125,15.6796875,15.6640625,15.90625,16.257812,18.59375,18.773438,18.546875,18.664062,18.867188,18.953125,18.890625,18.71875
4655,2021-07-05 00:45:00,3516,16.4375,15.6640625,15.4765625,15.4296875,15.46875,15.65625,15.6796875,15.90625,16.28125,18.515625,18.773438,18.554688,18.671875,18.867188,18.953125,18.882812,18.71875
4656,2021-07-05 01:00:00,3516,16.242188,15.3359375,15.1953125,15.171875,15.234375,15.4296875,15.453125,15.703125,16.078125,18.429688,18.757812,18.578125,18.671875,18.867188,18.945312,18.882812,18.710938
4657,2021-07-05 01:15:00,3516,16.015625,15.2890625,15.109375,15.0546875,15.078125,15.265625,15.3203125,15.59375,16.015625,18.351562,18.734375,18.601562,18.679688,18.859375,18.9375,18.875,18.703125
4658,2021-07-05 01:30:00,3510,15.71875,14.9453125,14.796875,14.7578125,14.78125,14.953125,15.03125,15.2890625,15.703125,18.195312,18.703125,18.609375,18.6875,18.867188,18.9375,18.875,18.703125
4659,2021-07-05 01:45:00,3510,15.2890625,14.53125,14.3828125,14.3515625,14.3828125,14.5390625,14.6484375,14.9453125,15.40625,18.125,18.6875,18.625,18.695312,18.859375,18.929688,18.867188,18.703125
4660,2021-07-05 02:00:00,3516,14.625,13.8203125,13.734375,13.7265625,13.765625,13.9296875,14.0703125,14.40625,14.890625,17.9375,18.664062,18.625,18.695312,18.851562,18.929688,18.859375,18.695312
4661,2021-07-05 02:15:00,3510,14.375,13.90625,13.8046875,13.7578125,13.765625,13.90625,14.015625,14.3203125,14.796875,17.859375,18.632812,18.640625,18.710938,18.851562,18.929688,18.859375,18.695312
4662,2021-07-05 02:30:00,3516,13.9453125,13.3359375,13.2734375,13.265625,13.3125,13.46875,13.625,13.96875,14.4921875,17.742188,18.609375,18.648438,18.710938,18.851562,18.914062,18.851562,18.6875
4663,2021-07-05 02:45:00,3510,13.5546875,13.0625,12.9921875,12.9765625,13.0,13.140625,13.28125,13.625,14.1484375,17.59375,18.578125,18.648438,18.71875,18.851562,18.914062,18.84375,18.6875
4664,2021-07-05 03:00:00,3510,13.3125,12.9375,12.8828125,12.875,12.890625,13.015625,13.140625,13.4453125,13.9453125,17.46875,18.539062,18.65625,18.726562,18.851562,18.90625,18.84375,18.6875
4665,2021-07-05 03:15:00,3510,13.1328125,12.8671875,12.8125,12.796875,12.796875,12.9296875,13.078125,13.4140625,13.953125,17.421875,18.5,18.65625,18.726562,18.84375,18.90625,18.84375,18.679688
4666,2021-07-05 03:30:00,3510,12.828125,12.4453125,12.4296875,12.4453125,12.4609375,12.578125,12.7421875,13.0859375,13.6484375,17.304688,18.460938,18.65625,18.734375,18.84375,18.898438,18.84375,18.679688
4667,2021-07-05 03:45:00,3510,12.625,12.3515625,12.3203125,12.3125,12.3046875,12.421875,12.578125,12.9140625,13.4453125,17.203125,18.421875,18.65625,18.734375,18.851562,18.90625,18.835938,18.679688
4668,2021-07-05 04:00:00,3516,12.5546875,12.3515625,12.34375,12.3203125,12.296875,12.3984375,12.5,12.7578125,13.21875,17.078125,18.390625,18.648438,18.742188,18.84375,18.898438,18.835938,18.671875
4669,2021-07-05 04:15:00,3516,12.4140625,12.2421875,12.21875,12.21875,12.2109375,12.3203125,12.4375,12.7421875,13.234375,17.0,18.34375,18.648438,18.75,18.84375,18.898438,18.828125,18.671875
4670,2021-07-05 04:30:00,3504,12.40625,12.2578125,12.25,12.2578125,12.25,12.375,12.5,12.78125,13.28125,16.96875,18.3125,18.648438,18.75,18.84375,18.890625,18.828125,18.664062
4671,2021-07-05 04:45:00,3510,12.4375,12.3515625,12.34375,12.328125,12.328125,12.4453125,12.5625,12.8515625,13.328125,16.921875,18.265625,18.632812,18.75,18.851562,18.890625,18.828125,18.671875
4672,2021-07-05 05:00:00,3516,12.421875,12.2578125,12.2734375,12.265625,12.265625,12.375,12.5078125,12.78125,13.25,16.828125,18.226562,18.632812,18.757812,18.851562,18.890625,18.820312,18.664062
4673,2021-07-05 05:15:00,3516,12.2421875,12.0546875,12.0625,12.0703125,12.078125,12.1875,12.3125,12.6015625,13.0703125,16.773438,18.179688,18.617188,18.757812,18.851562,18.882812,18.820312,18.664062
4674,2021-07-05 05:30:00,3510,12.1640625,12.015625,12.0234375,12.0390625,12.046875,12.1640625,12.3125,12.6015625,13.0703125,16.734375,18.140625,18.609375,18.757812,18.84375,18.890625,18.820312,18.664062
4675,2021-07-05 05:45:00,3510,12.1796875,12.0625,12.078125,12.0859375,12.09375,12.21875,12.3671875,12.6484375,13.1328125,16.710938,18.101562,18.59375,18.757812,18.851562,18.890625,18.820312,18.664062
4676,2021-07-05 06:00:00,3510,12.1328125,12.0,12.0234375,12.0390625,12.078125,12.2109375,12.3828125,12.6953125,13.203125,16.695312,18.070312,18.585938,18.757812,18.851562,18.875,18.8125,18.664062
4677,2021-07-05 06:15:00,3510,12.1171875,11.953125,11.9609375,11.9765625,12.0,12.1171875,12.25,12.5390625,13.03125,16.640625,18.039062,18.570312,18.765625,18.851562,18.882812,18.8125,18.664062
4678,2021-07-05 06:30:00,3510,12.1328125,12.078125,12.078125,12.078125,12.0859375,12.1796875,12.2734375,12.5234375,12.953125,16.570312,18.0,18.554688,18.757812,18.851562,18.875,18.804688,18.65625
4679,2021-07-05 06:45:00,3510,12.1484375,12.0234375,12.03125,12.03125,12.03125,12.1328125,12.265625,12.5625,13.0390625,16.546875,17.960938,18.539062,18.757812,18.851562,18.882812,18.804688,18.664062
4680,2021-07-05 07:00:00,3504,12.09375,11.8984375,11.90625,11.9140625,11.9296875,12.0546875,12.21875,12.5390625,13.0234375,16.53125,17.929688,18.523438,18.75,18.851562,18.875,18.804688,18.65625
4681,2021-07-05 07:15:00,3510,12.015625,11.8828125,11.8984375,11.9140625,11.9296875,12.0625,12.21875,12.53125,13.078125,16.53125,17.90625,18.515625,18.757812,18.851562,18.875,18.796875,18.664062
4682,2021-07-05 07:30:00,3504,11.9765625,11.859375,11.859375,11.8671875,11.859375,11.9609375,12.0859375,12.359375,12.8203125,16.453125,17.867188,18.507812,18.757812,18.851562,18.875,18.796875,18.65625
4683,2021-07-05 07:45:00,3504,12.0625,11.9765625,11.984375,12.0,12.0,12.109375,12.234375,12.515625,13.0546875,16.46875,17.835938,18.484375,18.742188,18.84375,18.875,18.796875,18.65625
4684,2021-07-05 08:00:00,3504,12.03125,11.8984375,11.8984375,11.8984375,11.90625,12.015625,12.1640625,12.4609375,12.9453125,16.398438,17.8125,18.46875,18.734375,18.84375,18.875,18.796875,18.65625
4685,2021-07-05 08:15:00,3504,11.9609375,11.75,11.7578125,11.7734375,11.7734375,11.875,12.015625,12.3125,12.7734375,16.351562,17.789062,18.453125,18.734375,18.851562,18.875,18.796875,18.65625
4686,2021-07-05 08:30:00,3504,11.8515625,11.703125,11.71875,11.7265625,11.7265625,11.828125,11.9296875,12.203125,12.65625,16.28125,17.757812,18.4375,18.734375,18.84375,18.875,18.796875,18.65625
4687,2021-07-05 08:45:00,3504,11.765625,11.65625,11.6796875,11.6875,11.703125,11.8046875,11.9140625,12.171875,12.609375,16.234375,17.726562,18.421875,18.726562,18.851562,18.867188,18.796875,18.65625
4688,2021-07-05 09:00:00,3504,11.765625,11.6953125,11.703125,11.71875,11.7265625,11.84375,11.9609375,12.234375,12.703125,16.242188,17.695312,18.40625,18.726562,18.851562,18.867188,18.789062,18.65625
4689,2021-07-05 09:15:00,3510,11.65625,11.5078125,11.5234375,11.5390625,11.5390625,11.640625,11.7578125,12.0234375,12.5,16.179688,17.664062,18.390625,18.71875,18.84375,18.867188,18.789062,18.648438
4690,2021-07-05 09:30:00,3504,11.734375,11.71875,11.7421875,11.7421875,11.7421875,11.84375,11.9453125,12.1875,12.6171875,16.140625,17.632812,18.375,18.710938,18.84375,18.867188,18.789062,18.65625
4691,2021-07-05 09:45:00,3504,11.828125,11.8046875,11.828125,11.8359375,11.828125,11.9140625,11.984375,12.1875,12.6015625,16.132812,17.609375,18.359375,18.703125,18.84375,18.867188,18.789062,18.648438
4692,2021-07-05 10:00:00,3504,11.7734375,11.6484375,11.6640625,11.6796875,11.6875,11.7890625,11.890625,12.140625,12.59375,16.09375,17.585938,18.34375,18.703125,18.851562,18.867188,18.789062,18.648438
4693,2021-07-05 10:15:00,3504,11.671875,11.53125,11.5546875,11.5625,11.5703125,11.671875,11.78125,12.03125,12.4453125,16.03125,17.554688,18.335938,18.695312,18.835938,18.867188,18.789062,18.648438
4694,2021-07-05 10:30:00,3504,11.625,11.53125,11.5390625,11.546875,11.53125,11.625,11.71875,11.9765625,12.390625,15.9765625,17.53125,18.3125,18.6875,18.835938,18.867188,18.78125,18.648438
4695,2021-07-05 10:45:00,3498,11.6171875,11.5390625,11.5546875,11.5625,11.5546875,11.6484375,11.7421875,11.9921875,12.40625,15.953125,17.5,18.296875,18.679688,18.835938,18.867188,18.789062,18.648438
4696,2021-07-05 11:00:00,3504,11.609375,11.4921875,11.5,11.5078125,11.5,11.6015625,11.703125,11.96875,12.3984375,15.9453125,17.476562,18.28125,18.671875,18.835938,18.859375,18.78125,18.648438
4697,2021-07-05 11:15:00,3504,11.5546875,11.46875,11.46875,11.4609375,11.453125,11.546875,11.6640625,11.90625,12.3828125,15.90625,17.445312,18.265625,18.671875,18.835938,18.859375,18.78125,18.640625
4698,2021-07-05 11:30:00,3504,11.609375,11.5390625,11.5390625,11.546875,11.53125,11.625,11.7265625,11.953125,12.3828125,15.875,17.421875,18.25,18.65625,18.828125,18.859375,18.78125,18.640625
4699,2021-07-05 11:45:00,3498,11.6484375,11.609375,11.6015625,11.5859375,11.5703125,11.65625,11.75,11.953125,12.390625,15.84375,17.398438,18.234375,18.648438,18.828125,18.859375,18.78125,18.640625
4700,2021-07-05 12:00:00,3504,11.71875,11.6640625,11.6640625,11.6484375,11.6328125,11.734375,11.8515625,12.0703125,12.4921875,15.8359375,17.375,18.21875,18.640625,18.820312,18.851562,18.78125,18.648438
4701,2021-07-05 12:15:00,3504,11.734375,11.671875,11.6953125,11.6875,11.6640625,11.75,11.8515625,12.03125,12.4453125,15.8203125,17.34375,18.195312,18.632812,18.820312,18.859375,18.78125,18.640625
4702,2021-07-05 12:30:00,3498,11.7578125,11.640625,11.6640625,11.6875,11.6875,11.796875,11.90625,12.125,12.5078125,15.78125,17.3125,18.171875,18.617188,18.8125,18.851562,18.773438,18.632812
4703,2021-07-05 12:45:00,3504,11.6484375,11.484375,11.5078125,11.5234375,11.5234375,11.6171875,11.7265625,11.9453125,12.3671875,15.7734375,17.296875,18.164062,18.609375,18.8125,18.851562,18.773438,18.632812
4704,2021-07-05 13:00:00,3498,11.6171875,11.5234375,11.5546875,11.5625,11.5703125,11.6640625,11.75,11.9765625,12.3828125,15.7734375,17.273438,18.140625,18.601562,18.804688,18.851562,18.765625,18.632812
4705,2021-07-05 13:15:00,3504,11.6640625,11.65625,11.6875,11.6875,11.6875,11.7734375,11.859375,12.03125,12.4140625,15.7421875,17.25,18.125,18.59375,18.804688,18.84375,18.773438,18.632812
4706,2021-07-05 13:30:00,3498,11.765625,11.734375,11.765625,11.7734375,11.78125,11.8828125,11.96875,12.15625,12.5078125,15.7265625,17.226562,18.109375,18.578125,18.789062,18.84375,18.765625,18.632812
4707,2021-07-05 13:45:00,3498,11.78125,11.6875,11.7109375,11.734375,11.7421875,11.84375,11.9296875,12.109375,12.46875,15.734375,17.210938,18.09375,18.578125,18.789062,18.84375,18.765625,18.625
4708,2021-07-05 14:00:00,3486,11.921875,11.8828125,11.9140625,11.9375,11.9609375,12.078125,12.171875,12.375,12.6796875,15.7421875,17.179688,18.078125,18.5625,18.789062,18.84375,18.765625,18.625
4709,2021-07-05 14:15:00,3498,12.0390625,11.9765625,12.0,12.015625,12.03125,12.1484375,12.2265625,12.421875,12.734375,15.7421875,17.164062,18.054688,18.554688,18.789062,18.835938,18.765625,18.625
4710,2021-07-05 14:30:00,3498,12.1171875,12.0,12.03125,12.0625,12.0859375,12.203125,12.2890625,12.4765625,12.7890625,15.75,17.148438,18.039062,18.539062,18.78125,18.835938,18.765625,18.625
4711,2021-07-05 14:45:00,3498,12.296875,12.25,12.2890625,12.3203125,12.34375,12.4609375,12.5390625,12.6953125,13.0,15.7734375,17.132812,18.023438,18.53125,18.78125,18.828125,18.757812,18.617188
4712,2021-07-05 15:00:00,3504,12.390625,12.2265625,12.265625,12.3203125,12.375,12.515625,12.6328125,12.8359375,13.1640625,15.8046875,17.109375,18.007812,18.523438,18.773438,18.820312,18.757812,18.617188
4713,2021-07-05 15:15:00,3498,12.453125,12.2578125,12.2890625,12.3203125,12.3671875,12.5078125,12.6015625,12.8046875,13.1640625,15.84375,17.09375,17.992188,18.507812,18.765625,18.828125,18.75,18.609375
4714,2021-07-05 15:30:00,3498,12.6328125,12.421875,12.484375,12.5625,12.6640625,12.875,13.0234375,13.265625,13.5703125,15.875,17.078125,17.976562,18.5,18.757812,18.820312,18.75,18.609375
4715,2021-07-05 15:45:00,3498,12.8125,12.6875,12.7109375,12.734375,12.78125,12.9140625,12.96875,13.1015625,13.40625,15.90625,17.070312,17.96875,18.5,18.75,18.820312,18.75,18.609375
4716,2021-07-05 16:00:00,3504,12.96875,12.578125,12.6171875,12.703125,12.78125,13.0078125,13.1484375,13.40625,13.765625,15.984375,17.054688,17.945312,18.484375,18.75,18.8125,18.742188,18.601562
4717,2021-07-05 16:15:00,3498,13.1484375,12.8046875,12.828125,12.921875,13.015625,13.2265625,13.34375,13.5859375,13.9453125,16.023438,17.046875,17.929688,18.46875,18.734375,18.804688,18.742188,18.601562
4718,2021-07-05 16:30:00,3498,13.359375,12.8515625,12.8515625,12.9375,13.046875,13.28125,13.421875,13.703125,14.0703125,16.078125,17.039062,17.90625,18.460938,18.726562,18.804688,18.742188,18.59375
4719,2021-07-05 16:45:00,3498,13.921875,13.2890625,13.21875,13.34375,13.515625,13.8046875,13.9765625,14.3359375,14.6953125,16.234375,17.046875,17.898438,18.4375,18.726562,18.796875,18.734375,18.585938
4720,2021-07-05 17:00:00,3504,14.390625,13.7734375,13.46875,13.6171875,13.7890625,14.1484375,14.296875,14.6640625,15.0390625,16.34375,17.046875,17.890625,18.4375,18.71875,18.796875,18.734375,18.59375
4721,2021-07-05 17:15:00,3504,15.09375,14.65625,14.296875,14.3515625,14.6328125,14.9375,15.1796875,15.453125,15.75,16.492188,17.046875,17.875,18.421875,18.710938,18.789062,18.726562,18.578125
4722,2021-07-05 17:30:00,3504,15.375,14.40625,14.0,14.1640625,14.3671875,14.546875,14.9296875,15.1484375,15.5546875,16.601562,17.054688,17.859375,18.414062,18.703125,18.789062,18.726562,18.578125
4723,2021-07-05 17:45:00,3492,15.4453125,14.4453125,14.1171875,14.328125,14.484375,14.6328125,14.96875,15.1953125,15.59375,16.679688,17.070312,17.851562,18.398438,18.703125,18.78125,18.71875,18.570312
4724,2021-07-05 18:00:00,3498,15.5234375,14.546875,14.1953125,14.3671875,14.609375,14.8359375,15.09375,15.3359375,15.78125,16.757812,17.085938,17.835938,18.382812,18.6875,18.78125,18.71875,18.570312
4725,2021-07-05 18:15:00,3498,16.101562,15.2109375,14.78125,14.9453125,15.28125,15.609375,15.6015625,15.8125,16.203125,16.875,17.109375,17.835938,18.382812,18.6875,18.773438,18.710938,18.570312
4726,2021-07-05 18:30:00,3498,17.273438,16.625,16.3125,16.15625,16.5,16.796875,16.695312,16.828125,17.101562,17.054688,17.132812,17.828125,18.375,18.671875,18.773438,18.710938,18.5625
4727,2021-07-05 18:45:00,3498,18.9375,17.796875,17.46875,17.625,17.890625,18.296875,18.21875,18.460938,18.757812,17.578125,17.15625,17.820312,18.359375,18.664062,18.765625,18.710938,18.5625
4728,2021-07-05 19:00:00,3504,21.085938,20.390625,19.46875,20.1875,19.859375,20.117188,20.34375,20.109375,20.015625,18.109375,17.1875,17.8125,18.359375,18.65625,18.757812,18.695312,18.546875
4729,2021-07-05 19:15:00,3504,22.351562,21.046875,20.148438,21.234375,20.265625,21.382812,21.570312,21.351562,21.65625,18.664062,17.234375,17.8125,18.351562,18.65625,18.757812,18.695312,18.546875
4730,2021-07-05 19:30:00,3498,23.304688,21.804688,20.84375,21.71875,20.4375,21.539062,21.335938,21.804688,22.335938,19.164062,17.296875,17.8125,18.335938,18.648438,18.75,18.695312,18.546875
4731,2021-07-05 19:45:00,3498,23.859375,22.125,20.976562,21.484375,20.664062,21.328125,21.898438,22.898438,23.320312,19.601562,17.367188,17.8125,18.328125,18.640625,18.75,18.6875,18.539062
4732,2021-07-05 20:00:00,3504,24.4375,22.679688,21.429688,21.484375,20.898438,21.585938,22.242188,23.015625,23.28125,19.9375,17.460938,17.8125,18.320312,18.632812,18.734375,18.6875,18.539062
4733,2021-07-05 20:15:00,3510,24.265625,22.289062,20.71875,20.851562,20.765625,21.210938,22.125,23.164062,23.71875,20.328125,17.5625,17.820312,18.3125,18.625,18.734375,18.679688,18.53125
4734,2021-07-05 20:30:00,3504,24.890625,22.640625,21.3125,21.140625,21.21875,21.851562,22.546875,23.796875,24.1875,20.601562,17.679688,17.835938,18.304688,18.625,18.726562,18.671875,18.523438
4735,2021-07-05 20:45:00,3504,25.625,23.140625,22.617188,22.539062,22.679688,22.960938,24.078125,24.765625,25.125,20.875,17.804688,17.851562,18.304688,18.617188,18.71875,18.671875,18.515625
4736,2021-07-05 21:00:00,3504,25.703125,21.851562,21.257812,21.664062,21.554688,21.96875,22.789062,23.90625,24.421875,21.015625,17.929688,17.867188,18.296875,18.609375,18.71875,18.65625,18.515625
4737,2021-07-05 21:15:00,3510,26.382812,23.554688,22.3125,22.328125,23.578125,23.140625,23.734375,24.328125,24.726562,21.101562,18.046875,17.882812,18.289062,18.601562,18.710938,18.664062,18.507812
4738,2021-07-05 21:30:00,3510,25.734375,21.9375,21.109375,21.0625,22.351562,21.898438,22.53125,23.195312,23.71875,21.265625,18.179688,17.90625,18.28125,18.59375,18.703125,18.65625,18.5
4739,2021-07-05 21:45:00,3516,25.4375,22.203125,21.507812,21.34375,22.59375,22.34375,23.054688,24.039062,24.679688,21.375,18.304688,17.9375,18.28125,18.585938,18.695312,18.65625,18.5
4740,2021-07-05 22:00:00,3516,25.195312,22.210938,21.296875,21.3125,21.875,22.164062,23.007812,23.953125,24.71875,21.421875,18.421875,17.96875,18.28125,18.578125,18.695312,18.648438,18.492188
4741,2021-07-05 22:15:00,3522,24.453125,20.632812,20.046875,20.710938,20.601562,21.25,21.789062,22.890625,23.726562,21.328125,18.539062,18.007812,18.28125,18.570312,18.6875,18.640625,18.484375
4742,2021-07-05 22:30:00,3522,23.382812,20.210938,19.257812,20.492188,20.140625,20.6875,21.0,21.898438,22.679688,21.203125,18.648438,18.046875,18.289062,18.570312,18.679688,18.632812,18.484375
4743,2021-07-05 22:45:00,3522,22.898438,20.054688,19.835938,20.078125,19.96875,21.28125,20.734375,22.15625,22.398438,21.023438,18.75,18.078125,18.28125,18.5625,18.671875,18.632812,18.476562
4744,2021-07-05 23:00:00,3522,22.34375,19.296875,19.289062,19.257812,19.59375,20.90625,20.3125,21.203125,21.820312,20.851562,18.835938,18.125,18.289062,18.554688,18.664062,18.625,18.46875
4745,2021-07-05 23:15:00,3522,21.289062,18.625,18.671875,18.390625,18.703125,19.640625,19.226562,20.015625,20.367188,20.460938,18.90625,18.171875,18.289062,18.546875,18.664062,18.617188,18.460938
4746,2021-07-05 23:30:00,3528,19.984375,17.421875,17.078125,17.195312,17.367188,18.015625,17.84375,18.617188,19.046875,20.085938,18.96875,18.210938,18.304688,18.546875,18.65625,18.609375,18.460938
4747,2021-07-05 23:45:00,3522,18.671875,16.609375,16.3125,16.351562,16.414062,16.664062,16.671875,17.0625,17.546875,19.679688,19.0,18.257812,18.3125,18.539062,18.648438,18.609375,18.453125
4748,2021-07-06 00:00:00,3522,17.84375,16.546875,16.289062,16.234375,16.234375,16.4375,16.398438,16.695312,17.125,19.375,19.023438,18.296875,18.320312,18.53125,18.640625,18.601562,18.445312
4749,2021-07-06 00:15:00,3528,17.210938,15.96875,15.8046875,15.765625,15.7734375,15.9453125,15.953125,16.234375,16.671875,19.15625,19.023438,18.335938,18.328125,18.523438,18.640625,18.601562,18.4375
4750,2021-07-06 00:30:00,3516,16.828125,15.7421875,15.59375,15.609375,15.6796875,15.921875,15.9453125,16.265625,16.671875,19.007812,19.015625,18.382812,18.34375,18.523438,18.632812,18.585938,18.4375
4751,2021-07-06 00:45:00,3522,16.554688,15.7109375,15.5234375,15.453125,15.4453125,15.625,15.6484375,15.96875,16.414062,18.851562,18.992188,18.40625,18.351562,18.523438,18.625,18.585938,18.4375
4752,2021-07-06 01:00:00,3516,16.1875,15.3203125,15.171875,15.125,15.1171875,15.2734375,15.2890625,15.5703125,15.984375,18.671875,18.953125,18.445312,18.359375,18.523438,18.617188,18.578125,18.429688
4753,2021-07-06 01:15:00,3522,15.921875,15.2265625,15.046875,14.9921875,14.9765625,15.1328125,15.1484375,15.4296875,15.8671875,18.539062,18.929688,18.46875,18.375,18.523438,18.617188,18.570312,18.421875
4754,2021-07-06 01:30:00,3522,15.7578125,14.984375,14.875,14.84375,14.8515625,15.0234375,15.0546875,15.3359375,15.765625,18.429688,18.890625,18.492188,18.382812,18.515625,18.609375,18.570312,18.421875
4755,2021-07-06 01:45:00,3528,15.0625,14.1875,14.1328125,14.125,14.140625,14.296875,14.3984375,14.734375,15.2109375,18.25,18.867188,18.507812,18.398438,18.523438,18.609375,18.5625,18.414062
4756,2021-07-06 02:00:00,3516,14.4921875,13.90625,13.8046875,13.7734375,13.765625,13.90625,13.9921875,14.2890625,14.7890625,18.070312,18.828125,18.523438,18.414062,18.515625,18.601562,18.5625,18.414062
4757,2021-07-06 02:15:00,3516,13.96875,13.3984375,13.34375,13.3359375,13.328125,13.46875,13.5703125,13.90625,14.3984375,17.890625,18.78125,18.53125,18.421875,18.515625,18.59375,18.554688,18.414062
4758,2021-07-06 02:30:00,3510,13.8125,13.4296875,13.390625,13.375,13.359375,13.46875,13.53125,13.765625,14.171875,17.71875,18.734375,18.546875,18.429688,18.523438,18.601562,18.554688,18.40625
4759,2021-07-06 02:45:00,3522,13.5703125,13.1640625,13.1171875,13.1015625,13.0859375,13.203125,13.296875,13.578125,14.015625,17.59375,18.6875,18.5625,18.453125,18.523438,18.59375,18.539062,18.398438
4760,2021-07-06 03:00:00,3510,13.3046875,13.03125,12.96875,12.9375,12.8984375,12.984375,13.0625,13.3203125,13.7734375,17.476562,18.640625,18.5625,18.460938,18.523438,18.585938,18.539062,18.398438
4761,2021-07-06 03:15:00,3516,13.15625,12.890625,12.875,12.84375,12.8125,12.8984375,12.9609375,13.1953125,13.640625,17.359375,18.585938,18.5625,18.476562,18.53125,18.585938,18.539062,18.390625
4762,2021-07-06 03:30:00,3522,12.9375,12.671875,12.640625,12.625,12.59375,12.6796875,12.765625,13.0234375,13.4921875,17.242188,18.539062,18.570312,18.484375,18.523438,18.585938,18.53125,18.398438
4763,2021-07-06 03:45:00,3510,12.78125,12.5625,12.546875,12.5234375,12.484375,12.578125,12.6328125,12.8515625,13.28125,17.140625,18.492188,18.570312,18.492188,18.53125,18.585938,18.539062,18.390625
4764,2021-07-06 04:00:00,3510,12.703125,12.5625,12.546875,12.515625,12.4765625,12.5390625,12.59375,12.7890625,13.1796875,17.023438,18.4375,18.570312,18.5,18.53125,18.578125,18.53125,18.390625
4765,2021-07-06 04:15:00,3510,12.515625,12.25,12.2421875,12.2421875,12.2265625,12.3359375,12.4375,12.6875,13.125,16.929688,18.390625,18.5625,18.507812,18.539062,18.578125,18.53125,18.390625
4766,2021-07-06 04:30:00,3510,12.4609375,12.390625,12.359375,12.3203125,12.2734375,12.3359375,12.3828125,12.5859375,12.984375,16.828125,18.335938,18.546875,18.515625,18.539062,18.570312,18.523438,18.390625
4767,2021-07-06 04:45:00,3510,12.375,12.203125,12.1953125,12.1953125,12.171875,12.25,12.3203125,12.53125,12.921875,16.742188,18.289062,18.546875,18.523438,18.539062,18.578125,18.523438,18.390625
4768,2021-07-06 05:00:00,3510,12.25,12.0703125,12.0703125,12.0703125,12.0546875,12.1484375,12.2265625,12.4765625,12.8828125,16.679688,18.234375,18.53125,18.53125,18.546875,18.578125,18.515625,18.390625
4769,2021-07-06 05:15:00,3522,12.203125,12.046875,12.0390625,12.0390625,12.0234375,12.1171875,12.21875,12.4765625,12.8984375,16.632812,18.179688,18.523438,18.53125,18.546875,18.570312,18.523438,18.390625
4770,2021-07-06 05:30:00,3516,12.2109375,12.1328125,12.109375,12.09375,12.078125,12.15625,12.2265625,12.453125,12.859375,16.578125,18.132812,18.507812,18.539062,18.554688,18.578125,18.515625,18.390625
4771,2021-07-06 05:45:00,3516,12.25,12.171875,12.171875,12.1640625,12.1328125,12.2109375,12.265625,12.4609375,12.84375,16.539062,18.085938,18.5,18.554688,18.5625,18.578125,18.515625,18.382812
4772,2021-07-06 06:00:00,3510,12.1875,12.0390625,12.046875,12.03125,12.0,12.078125,12.140625,12.3515625,12.75,16.46875,18.039062,18.484375,18.546875,18.5625,18.570312,18.515625,18.390625
4773,2021-07-06 06:15:00,3510,12.078125,11.96875,11.953125,11.9453125,11.90625,11.9921875,12.0546875,12.265625,12.671875,16.40625,18.0,18.476562,18.546875,18.5625,18.570312,18.515625,18.390625
4774,2021-07-06 06:30:00,3510,12.0078125,11.859375,11.8671875,11.8671875,11.859375,11.953125,12.046875,12.28125,12.6875,16.359375,17.945312,18.460938,18.554688,18.570312,18.578125,18.507812,18.382812
4775,2021-07-06 06:45:00,3510,11.9921875,11.890625,11.890625,11.8828125,11.859375,11.9453125,12.0390625,12.2734375,12.6875,16.3125,17.90625,18.4375,18.5625,18.578125,18.578125,18.507812,18.382812
4776,2021-07-06 07:00:00,3510,11.9609375,11.859375,11.8515625,11.8671875,11.8515625,11.9453125,12.0390625,12.2578125,12.65625,16.28125,17.867188,18.429688,18.546875,18.578125,18.578125,18.507812,18.390625
4777,2021-07-06 07:15:00,3510,12.0234375,11.9375,11.953125,11.953125,11.9453125,12.03125,12.1171875,12.3203125,12.6953125,16.257812,17.828125,18.414062,18.554688,18.578125,18.578125,18.507812,18.390625
4778,2021-07-06 07:30:00,3510,11.9765625,11.859375,11.8671875,11.8828125,11.8671875,11.9609375,12.03125,12.25,12.625,16.210938,17.789062,18.390625,18.546875,18.585938,18.578125,18.507812,18.390625
4779,2021-07-06 07:45:00,3504,11.953125,11.8671875,11.875,11.875,11.859375,11.953125,12.0390625,12.2421875,12.6171875,16.15625,17.757812,18.375,18.546875,18.578125,18.578125,18.507812,18.390625
4780,2021-07-06 08:00:00,3516,11.9609375,11.8984375,11.90625,11.90625,11.890625,11.96875,12.03125,12.21875,12.5859375,16.140625,17.71875,18.359375,18.554688,18.585938,18.578125,18.5,18.382812
4781,2021-07-06 08:15:00,3516,11.9765625,11.9140625,11.9375,11.9375,11.921875,12.015625,12.09375,12.3125,12.6640625,16.117188,17.679688,18.34375,18.539062,18.585938,18.578125,18.507812,18.382812
4782,2021-07-06 08:30:00,3510,11.921875,11.796875,11.8125,11.828125,11.8203125,11.9140625,11.9765625,12.171875,12.53125,16.0625,17.640625,18.328125,18.546875,18.585938,18.578125,18.507812,18.390625
4783,2021-07-06 08:45:00,3510,11.7578125,11.59375,11.609375,11.625,11.6171875,11.7109375,11.7890625,12.0,12.375,16.015625,17.617188,18.304688,18.539062,18.59375,18.585938,18.507812,18.382812
4784,2021-07-06 09:00:00,3504,11.6328125,11.484375,11.5,11.5234375,11.515625,11.609375,11.6953125,11.9140625,12.3203125,15.984375,17.570312,18.289062,18.53125,18.59375,18.585938,18.507812,18.390625
4785,2021-07-06 09:15:00,3510,11.53125,11.3828125,11.40625,11.4296875,11.4296875,11.515625,11.578125,11.765625,12.1328125,15.9140625,17.546875,18.265625,18.53125,18.59375,18.585938,18.507812,18.390625
4786,2021-07-06 09:30:00,3504,11.421875,11.25,11.265625,11.2890625,11.296875,11.3984375,11.4921875,11.7265625,12.1640625,15.8828125,17.507812,18.25,18.523438,18.59375,18.585938,18.507812,18.390625
4787,2021-07-06 09:45:00,3510,11.3046875,11.125,11.15625,11.171875,11.1796875,11.265625,11.3359375,11.53125,11.9453125,15.828125,17.484375,18.234375,18.515625,18.59375,18.585938,18.507812,18.390625
4788,2021-07-06 10:00:00,3504,11.140625,10.984375,11.0,11.0078125,11.0078125,11.109375,11.1875,11.40625,11.8125,15.765625,17.453125,18.210938,18.515625,18.59375,18.585938,18.515625,18.390625
4789,2021-07-06 10:15:00,3504,11.078125,10.9921875,11.0078125,11.03125,11.015625,11.1015625,11.1875,11.40625,11.828125,15.7265625,17.421875,18.195312,18.507812,18.59375,18.59375,18.507812,18.390625
4790,2021-07-06 10:30:00,3510,11.0546875,11.0,11.015625,11.0234375,11.0078125,11.09375,11.15625,11.34375,11.7578125,15.6640625,17.382812,18.179688,18.5,18.59375,18.585938,18.507812,18.390625
4791,2021-07-06 10:45:00,3504,11.1171875,11.0859375,11.109375,11.1171875,11.1015625,11.171875,11.2265625,11.3828125,11.7421875,15.6171875,17.351562,18.164062,18.492188,18.59375,18.59375,18.515625,18.390625
4792,2021-07-06 11:00:00,3510,11.1875,11.171875,11.1953125,11.203125,11.1953125,11.28125,11.34375,11.5234375,11.890625,15.609375,17.320312,18.132812,18.484375,18.59375,18.59375,18.507812,18.390625
4793,2021-07-06 11:15:00,3498,11.2890625,11.296875,11.3125,11.3125,11.296875,11.3671875,11.40625,11.5390625,11.890625,15.6015625,17.28125,18.117188,18.476562,18.59375,18.59375,18.507812,18.390625
4794,2021-07-06 11:30:00,3510,11.3203125,11.234375,11.265625,11.28125,11.2734375,11.359375,11.4140625,11.578125,11.9296875,15.5703125,17.257812,18.101562,18.476562,18.585938,18.585938,18.507812,18.382812
4795,2021-07-06 11:45:00,3504,11.34375,11.3046875,11.328125,11.3359375,11.328125,11.40625,11.4609375,11.625,11.96875,15.515625,17.21875,18.078125,18.46875,18.585938,18.585938,18.515625,18.382812
4796,2021-07-06 12:00:00,3504,11.3203125,11.21875,11.2421875,11.2578125,11.25,11.3359375,11.40625,11.59375,11.9609375,15.5078125,17.1875,18.0625,18.453125,18.585938,18.585938,18.507812,18.382812
4797,2021-07-06 12:15:00,3504,11.2890625,11.1875,11.2109375,11.2265625,11.2265625,11.3203125,11.390625,11.5859375,11.9609375,15.484375,17.164062,18.039062,18.4375,18.578125,18.59375,18.5,18.382812
4798,2021-07-06 12:30:00,3504,11.2421875,11.1328125,11.15625,11.171875,11.15625,11.234375,11.2734375,11.421875,11.7734375,15.453125,17.140625,18.023438,18.4375,18.578125,18.585938,18.507812,18.382812
4799,2021-07-06 12:45:00,3504,11.203125,11.1015625,11.1171875,11.1328125,11.125,11.21875,11.2734375,11.4453125,11.7890625,15.421875,17.101562,18.0,18.429688,18.578125,18.585938,18.507812,18.382812
4800,2021-07-06 13:00:00,3498,11.125,11.0,11.03125,11.046875,11.0390625,11.125,11.1953125,11.375,11.75,15.3828125,17.085938,17.984375,18.414062,18.578125,18.585938,18.507812,18.382812
4801,2021-07-06 13:15:00,3498,11.140625,11.0859375,11.1171875,11.1171875,11.109375,11.1875,11.25,11.421875,11.796875,15.3671875,17.046875,17.96875,18.414062,18.570312,18.585938,18.507812,18.375
4802,2021-07-06 13:30:00,3504,11.2578125,11.25,11.2734375,11.28125,11.2734375,11.359375,11.4140625,11.5859375,11.921875,15.328125,17.015625,17.945312,18.398438,18.570312,18.585938,18.507812,18.375
4803,2021-07-06 13:45:00,3498,11.34375,11.296875,11.3203125,11.3203125,11.3203125,11.3984375,11.4453125,11.6015625,11.921875,15.3359375,16.992188,17.929688,18.390625,18.570312,18.585938,18.507812,18.375
4804,2021-07-06 14:00:00,3504,11.375,11.2734375,11.2890625,11.3125,11.3046875,11.390625,11.453125,11.609375,11.9296875,15.3125,16.96875,17.914062,18.375,18.5625,18.585938,18.5,18.375
4805,2021-07-06 14:15:00,3504,11.34375,11.171875,11.1875,11.21875,11.2265625,11.3125,11.390625,11.59375,11.96875,15.3359375,16.945312,17.890625,18.367188,18.554688,18.585938,18.5,18.375
4806,2021-07-06 14:30:00,3498,11.3125,11.15625,11.171875,11.1875,11.1953125,11.2890625,11.359375,11.5546875,11.90625,15.296875,16.921875,17.875,18.351562,18.546875,18.578125,18.507812,18.375
4807,2021-07-06 14:45:00,3498,11.3359375,11.203125,11.21875,11.2265625,11.2265625,11.3203125,11.390625,11.609375,11.953125,15.265625,16.898438,17.851562,18.34375,18.546875,18.578125,18.5,18.367188
4808,2021-07-06 15:00:00,3504,11.4609375,11.328125,11.3359375,11.3515625,11.359375,11.46875,11.546875,11.78125,12.1328125,15.3046875,16.875,17.828125,18.335938,18.539062,18.570312,18.5,18.367188
4809,2021-07-06 15:15:00,3498,11.6015625,11.4375,11.4296875,11.4453125,11.4609375,11.5625,11.65625,11.8671875,12.1796875,15.296875,16.851562,17.820312,18.320312,18.539062,18.578125,18.492188,18.367188
4810,2021-07-06 15:30:00,3504,11.71875,11.4921875,11.484375,11.4921875,11.515625,11.6171875,11.703125,11.90625,12.203125,15.296875,16.828125,17.796875,18.3125,18.53125,18.578125,18.5,18.359375
4811,2021-07-06 15:45:00,3504,11.9296875,11.671875,11.6484375,11.6796875,11.734375,11.828125,11.96875,12.1796875,12.4765625,15.3515625,16.8125,17.773438,18.304688,18.523438,18.578125,18.5,18.359375
4812,2021-07-06 16:00:00,3504,12.2109375,11.9765625,11.90625,11.9296875,12.0546875,12.125,12.296875,12.5078125,12.796875,15.3828125,16.796875,17.757812,18.289062,18.515625,18.570312,18.492188,18.359375
4813,2021-07-06 16:15:00,3504,12.3671875,11.953125,11.84375,11.890625,12.0390625,12.0703125,12.2578125,12.484375,12.7890625,15.4375,16.78125,17.742188,18.289062,18.515625,18.570312,18.492188,18.351562
4814,2021-07-06 16:30:00,3498,12.65625,12.265625,12.1953125,12.1640625,12.375,12.3671875,12.5703125,12.8125,13.109375,15.4609375,16.765625,17.71875,18.265625,18.507812,18.5625,18.492188,18.351562
4815,2021-07-06 16:45:00,3504,13.1875,12.8515625,12.78125,12.7109375,12.921875,12.8984375,13.1328125,13.3828125,13.6484375,15.5859375,16.75,17.710938,18.257812,18.5,18.5625,18.484375,18.34375
4816,2021-07-06 17:00:00,3504,13.484375,12.90625,12.859375,12.8359375,13.0234375,12.9921875,13.2578125,13.53125,13.8359375,15.6796875,16.75,17.6875,18.242188,18.5,18.554688,18.484375,18.34375
4817,2021-07-06 17:15:00,3504,13.8515625,13.4375,13.359375,13.2890625,13.484375,13.4765625,13.703125,13.953125,14.21875,15.75,16.742188,17.671875,18.234375,18.492188,18.554688,18.476562,18.335938
4818,2021-07-06 17:30:00,3498,14.3515625,13.8125,13.6953125,13.7890625,13.8515625,13.7578125,14.0,14.2421875,14.484375,15.890625,16.75,17.65625,18.21875,18.484375,18.554688,18.484375,18.335938
4819,2021-07-06 17:45:00,3504,15.5,15.0078125,14.875,14.9921875,15.0625,15.171875,15.2265625,15.40625,15.5390625,16.09375,16.75,17.640625,18.203125,18.484375,18.546875,18.484375,18.328125
4820,2021-07-06 18:00:00,3498,17.117188,16.320312,16.140625,16.265625,16.3125,16.390625,16.351562,16.539062,16.617188,16.414062,16.757812,17.625,18.203125,18.46875,18.546875,18.476562,18.328125
4821,2021-07-06 18:15:00,3498,19.109375,17.835938,17.804688,18.015625,17.835938,18.0,17.960938,18.085938,18.039062,16.789062,16.765625,17.617188,18.1875,18.46875,18.546875,18.476562,18.320312
4822,2021-07-06 18:30:00,3504,21.140625,19.828125,19.953125,19.78125,19.445312,19.554688,19.414062,19.664062,19.40625,17.296875,16.789062,17.601562,18.171875,18.460938,18.53125,18.46875,18.320312
4823,2021-07-06 18:45:00,3504,22.757812,20.890625,21.523438,20.859375,21.117188,21.007812,21.09375,21.445312,21.40625,17.882812,16.828125,17.59375,18.171875,18.453125,18.53125,18.46875,18.320312
4824,2021-07-06 17:30:00,3498,14.3515625,13.8125,13.6953125,13.7890625,13.8515625,13.7578125,14.0,14.2421875,14.484375,15.890625,16.75,17.65625,18.21875,18.484375,18.554688,18.484375,18.335938
4825,2021-07-06 17:45:00,3504,15.5,15.0078125,14.875,14.9921875,15.0625,15.171875,15.2265625,15.40625,15.5390625,16.09375,16.75,17.640625,18.203125,18.484375,18.546875,18.484375,18.328125
4826,2021-07-06 18:00:00,3498,17.117188,16.320312,16.140625,16.265625,16.3125,16.390625,16.351562,16.539062,16.617188,16.414062,16.757812,17.625,18.203125,18.46875,18.546875,18.476562,18.328125
4827,2021-07-06 18:15:00,3498,19.109375,17.835938,17.804688,18.015625,17.835938,18.0,17.960938,18.085938,18.039062,16.789062,16.765625,17.617188,18.1875,18.46875,18.546875,18.476562,18.320312
4828,2021-07-06 18:30:00,3504,21.140625,19.828125,19.953125,19.78125,19.445312,19.554688,19.414062,19.664062,19.40625,17.296875,16.789062,17.601562,18.171875,18.460938,18.53125,18.46875,18.320312
4829,2021-07-06 18:45:00,3504,22.757812,20.890625,21.523438,20.859375,21.117188,21.007812,21.09375,21.445312,21.40625,17.882812,16.828125,17.59375,18.171875,18.453125,18.53125,18.46875,18.320312
4830,2021-07-06 19:00:00,3504,23.851562,21.585938,22.179688,21.335938,21.960938,21.484375,21.71875,22.648438,22.09375,18.359375,16.875,17.585938,18.148438,18.453125,18.523438,18.460938,18.3125
4831,2021-07-06 19:15:00,3510,24.390625,21.71875,22.132812,22.15625,21.65625,22.1875,22.453125,22.703125,22.804688,18.78125,16.953125,17.570312,18.140625,18.4375,18.523438,18.460938,18.3125
4832,2021-07-06 19:30:00,3510,24.78125,22.023438,21.9375,22.015625,21.671875,21.773438,22.179688,22.8125,23.21875,19.195312,17.03125,17.570312,18.125,18.4375,18.515625,18.453125,18.304688
4833,2021-07-06 19:45:00,3498,24.96875,21.992188,21.742188,21.609375,21.398438,21.96875,22.078125,22.820312,23.460938,19.578125,17.132812,17.578125,18.117188,18.429688,18.515625,18.445312,18.296875
4834,2021-07-06 20:00:00,3510,25.484375,22.570312,22.304688,21.929688,21.820312,22.648438,22.53125,23.328125,24.132812,19.859375,17.234375,17.585938,18.109375,18.414062,18.507812,18.445312,18.296875
4835,2021-07-06 20:15:00,3516,25.5625,22.257812,22.03125,21.851562,21.875,22.539062,22.507812,23.773438,24.34375,20.273438,17.351562,17.585938,18.101562,18.414062,18.5,18.445312,18.296875
4836,2021-07-06 20:30:00,3510,26.296875,23.164062,22.875,22.359375,22.492188,23.117188,23.4375,24.359375,24.875,20.484375,17.460938,17.601562,18.09375,18.40625,18.5,18.4375,18.28125
4837,2021-07-06 20:45:00,3522,26.96875,23.195312,22.632812,23.265625,22.828125,23.765625,23.890625,24.773438,25.070312,20.703125,17.585938,17.617188,18.085938,18.398438,18.492188,18.4375,18.28125
4838,2021-07-06 21:00:00,3516,26.546875,22.4375,22.289062,21.960938,22.117188,22.960938,23.34375,24.3125,24.851562,20.875,17.71875,17.632812,18.078125,18.390625,18.484375,18.429688,18.273438
4839,2021-07-06 21:15:00,3516,26.101562,22.265625,22.25,21.617188,22.625,23.15625,23.359375,24.3125,24.9375,21.117188,17.84375,17.664062,18.078125,18.382812,18.484375,18.421875,18.265625
4840,2021-07-06 21:30:00,3510,25.921875,22.007812,22.054688,22.570312,22.828125,23.0,23.398438,24.21875,24.898438,21.28125,17.976562,17.695312,18.070312,18.375,18.476562,18.421875,18.265625
4841,2021-07-06 21:45:00,3522,25.710938,22.523438,21.976562,22.210938,22.226562,22.789062,22.96875,23.804688,24.328125,21.210938,18.09375,17.71875,18.070312,18.367188,18.476562,18.421875,18.257812
4842,2021-07-06 22:00:00,3528,24.992188,21.882812,21.117188,21.695312,22.070312,23.257812,23.015625,23.976562,24.578125,21.3125,18.226562,17.757812,18.070312,18.359375,18.46875,18.414062,18.25
4843,2021-07-06 22:15:00,3516,24.078125,21.617188,20.492188,21.265625,21.046875,21.992188,22.171875,22.726562,23.390625,21.21875,18.335938,17.796875,18.0625,18.359375,18.460938,18.40625,18.25
4844,2021-07-06 22:30:00,3528,23.84375,21.0,20.671875,21.5625,21.25,21.960938,22.023438,22.609375,23.351562,21.070312,18.445312,17.835938,18.0625,18.351562,18.453125,18.398438,18.242188
4845,2021-07-06 22:45:00,3522,23.265625,20.867188,20.492188,21.390625,21.007812,22.3125,21.492188,22.484375,22.828125,20.9375,18.53125,17.875,18.070312,18.34375,18.445312,18.390625,18.242188
4846,2021-07-06 23:00:00,3522,22.65625,20.3125,20.007812,20.40625,20.382812,21.679688,20.859375,21.8125,22.054688,20.765625,18.617188,17.914062,18.070312,18.335938,18.445312,18.390625,18.234375
4847,2021-07-06 23:15:00,3522,21.945312,19.640625,19.25,19.78125,19.828125,20.40625,20.242188,21.085938,21.398438,20.539062,18.679688,17.953125,18.078125,18.328125,18.429688,18.390625,18.226562
4848,2021-07-06 23:30:00,3528,21.640625,19.570312,19.148438,19.273438,20.367188,20.101562,20.359375,20.851562,21.03125,20.398438,18.742188,18.0,18.078125,18.328125,18.4375,18.375,18.21875
4849,2021-07-06 23:45:00,3522,19.601562,17.53125,16.953125,16.96875,17.15625,17.085938,17.21875,17.539062,18.132812,19.875,18.789062,18.039062,18.085938,18.320312,18.429688,18.375,18.21875
4850,2021-07-07 00:00:00,3522,18.210938,16.960938,16.570312,16.453125,16.203125,16.242188,16.257812,16.476562,17.015625,19.429688,18.828125,18.085938,18.101562,18.3125,18.421875,18.367188,18.21875
4851,2021-07-07 00:15:00,3522,17.4375,16.515625,16.304688,16.242188,16.0625,16.148438,16.117188,16.195312,16.484375,19.054688,18.835938,18.125,18.109375,18.3125,18.414062,18.367188,18.203125
4852,2021-07-07 00:30:00,3528,16.765625,16.164062,15.9453125,15.9140625,15.875,15.875,15.8828125,15.9296875,16.148438,18.78125,18.835938,18.164062,18.125,18.3125,18.40625,18.359375,18.203125
4853,2021-07-07 00:45:00,3522,15.859375,15.0546875,14.8515625,14.8515625,14.7109375,14.7890625,14.859375,15.078125,15.4609375,18.554688,18.820312,18.203125,18.132812,18.3125,18.398438,18.351562,18.195312
4854,2021-07-07 01:00:00,3516,15.046875,14.6953125,14.453125,14.375,14.15625,14.171875,14.1875,14.34375,14.7734375,18.296875,18.789062,18.234375,18.140625,18.304688,18.40625,18.351562,18.195312
4855,2021-07-07 01:15:00,3528,14.7109375,14.3984375,14.234375,14.203125,14.0234375,14.0390625,14.0546875,14.171875,14.5078125,18.070312,18.757812,18.265625,18.164062,18.304688,18.390625,18.34375,18.1875
4856,2021-07-07 01:30:00,3522,14.1875,13.9140625,13.7421875,13.71875,13.53125,13.546875,13.578125,13.7265625,14.1328125,17.890625,18.703125,18.289062,18.171875,18.296875,18.390625,18.34375,18.1875
4857,2021-07-07 01:45:00,3528,13.9609375,13.78125,13.6484375,13.6328125,13.453125,13.4765625,13.5,13.609375,13.96875,17.734375,18.65625,18.304688,18.195312,18.304688,18.382812,18.335938,18.179688
4858,2021-07-07 02:00:00,3516,13.4453125,13.140625,13.0078125,13.03125,12.8984375,12.9453125,13.0078125,13.234375,13.703125,17.585938,18.601562,18.328125,18.203125,18.304688,18.382812,18.328125,18.179688
4859,2021-07-07 02:15:00,3528,13.046875,12.9140625,12.7578125,12.7578125,12.625,12.6875,12.796875,13.046875,13.5546875,17.476562,18.554688,18.335938,18.21875,18.304688,18.375,18.328125,18.171875
4860,2021-07-07 02:30:00,3522,12.8671875,12.8359375,12.6953125,12.703125,12.5703125,12.6171875,12.6796875,12.890625,13.3359375,17.3125,18.5,18.351562,18.226562,18.304688,18.375,18.328125,18.171875
4861,2021-07-07 02:45:00,3522,12.671875,12.59375,12.484375,12.5078125,12.4296875,12.4921875,12.578125,12.78125,13.2109375,17.179688,18.445312,18.359375,18.242188,18.304688,18.375,18.320312,18.171875
4862,2021-07-07 03:00:00,3522,12.6796875,12.6875,12.609375,12.59375,12.5078125,12.5625,12.59375,12.7265625,13.0703125,17.054688,18.390625,18.367188,18.25,18.304688,18.367188,18.320312,18.164062
4863,2021-07-07 03:15:00,3522,12.5,12.2890625,12.2109375,12.2578125,12.203125,12.3046875,12.390625,12.6328125,13.0390625,16.9375,18.328125,18.359375,18.265625,18.3125,18.367188,18.3125,18.164062
4864,2021-07-07 03:30:00,3510,12.5234375,12.453125,12.390625,12.375,12.296875,12.359375,12.4140625,12.609375,13.03125,16.882812,18.28125,18.359375,18.273438,18.3125,18.367188,18.304688,18.164062
4865,2021-07-07 03:45:00,3522,12.5703125,12.4765625,12.4296875,12.40625,12.3359375,12.40625,12.453125,12.640625,13.046875,16.804688,18.226562,18.359375,18.289062,18.320312,18.359375,18.304688,18.15625
4866,2021-07-07 04:00:00,3516,12.5546875,12.4140625,12.3515625,12.3359375,12.296875,12.390625,12.4921875,12.7578125,13.234375,16.8125,18.164062,18.351562,18.296875,18.320312,18.359375,18.304688,18.164062
4867,2021-07-07 04:15:00,3522,12.6328125,12.546875,12.4921875,12.4609375,12.390625,12.46875,12.53125,12.7578125,13.1875,16.75,18.117188,18.34375,18.304688,18.328125,18.359375,18.304688,18.164062
4868,2021-07-07 04:30:00,3516,12.5859375,12.453125,12.3984375,12.3828125,12.328125,12.4140625,12.5,12.7421875,13.171875,16.6875,18.070312,18.335938,18.3125,18.320312,18.351562,18.296875,18.15625
4869,2021-07-07 04:45:00,3510,12.3359375,12.09375,12.0703125,12.0625,12.046875,12.15625,12.25,12.515625,12.953125,16.554688,18.015625,18.320312,18.320312,18.335938,18.359375,18.296875,18.15625
4870,2021-07-07 05:00:00,3516,12.2734375,12.1328125,12.109375,12.09375,12.0703125,12.15625,12.265625,12.53125,12.9765625,16.53125,17.976562,18.320312,18.328125,18.328125,18.359375,18.296875,18.164062
4871,2021-07-07 05:15:00,3510,12.2421875,12.109375,12.0859375,12.078125,12.0703125,12.203125,12.34375,12.6328125,13.09375,16.507812,17.929688,18.304688,18.335938,18.34375,18.359375,18.289062,18.164062
4872,2021-07-07 05:30:00,3510,12.1640625,11.90625,11.8984375,11.9140625,11.90625,12.03125,12.15625,12.4453125,12.9140625,16.453125,17.890625,18.289062,18.328125,18.34375,18.359375,18.296875,18.15625
4873,2021-07-07 05:45:00,3516,11.953125,11.7265625,11.703125,11.7109375,11.703125,11.828125,11.953125,12.2421875,12.71875,16.375,17.84375,18.273438,18.335938,18.34375,18.359375,18.289062,18.15625
4874,2021-07-07 06:00:00,3522,11.796875,11.5703125,11.5625,11.578125,11.5859375,11.703125,11.84375,12.140625,12.609375,16.296875,17.8125,18.265625,18.34375,18.351562,18.351562,18.289062,18.164062
4875,2021-07-07 06:15:00,3516,11.703125,11.578125,11.5546875,11.546875,11.546875,11.6640625,11.78125,12.0703125,12.5390625,16.257812,17.765625,18.25,18.34375,18.351562,18.359375,18.289062,18.164062
4876,2021-07-07 06:30:00,3516,11.5546875,11.3359375,11.328125,11.34375,11.3359375,11.4375,11.546875,11.8203125,12.2890625,16.164062,17.726562,18.242188,18.335938,18.359375,18.359375,18.296875,18.164062
4877,2021-07-07 06:45:00,3510,11.5703125,11.46875,11.453125,11.4453125,11.4140625,11.515625,11.6015625,11.8515625,12.2734375,16.0625,17.6875,18.21875,18.34375,18.367188,18.359375,18.296875,18.164062
4878,2021-07-07 07:00:00,3516,11.578125,11.5078125,11.484375,11.46875,11.4609375,11.5625,11.671875,11.9453125,12.40625,16.070312,17.648438,18.203125,18.34375,18.359375,18.359375,18.289062,18.164062
4879,2021-07-07 07:15:00,3498,11.4921875,11.390625,11.375,11.3671875,11.359375,11.4609375,11.5546875,11.8203125,12.25,15.984375,17.609375,18.1875,18.34375,18.375,18.367188,18.289062,18.164062
4880,2021-07-07 07:30:00,3510,11.40625,11.2109375,11.2265625,11.2421875,11.265625,11.375,11.4921875,11.7890625,12.21875,15.9453125,17.570312,18.171875,18.34375,18.375,18.367188,18.289062,18.164062
4881,2021-07-07 07:45:00,3522,11.375,11.2890625,11.2734375,11.2734375,11.265625,11.359375,11.453125,11.6953125,12.15625,15.921875,17.53125,18.15625,18.34375,18.375,18.367188,18.289062,18.164062
4882,2021-07-07 08:00:00,3504,11.3359375,11.1953125,11.1875,11.1953125,11.203125,11.328125,11.4375,11.7109375,12.1640625,15.8984375,17.5,18.140625,18.335938,18.375,18.367188,18.296875,18.171875
4883,2021-07-07 08:15:00,3504,11.2265625,11.078125,11.078125,11.09375,11.09375,11.1953125,11.3046875,11.546875,12.0,15.8125,17.460938,18.117188,18.335938,18.375,18.375,18.296875,18.171875
4884,2021-07-07 08:30:00,3510,11.1484375,11.046875,11.046875,11.0625,11.0625,11.171875,11.265625,11.5078125,11.953125,15.7578125,17.429688,18.109375,18.335938,18.382812,18.375,18.296875,18.171875
4885,2021-07-07 08:45:00,3510,11.1484375,11.0625,11.0859375,11.1015625,11.109375,11.2421875,11.359375,11.6484375,12.1015625,15.75,17.390625,18.085938,18.328125,18.375,18.375,18.289062,18.171875
4886,2021-07-07 09:00:00,3510,11.15625,11.078125,11.09375,11.109375,11.109375,11.2265625,11.3359375,11.5859375,12.03125,15.7109375,17.359375,18.070312,18.328125,18.382812,18.367188,18.296875,18.179688
4887,2021-07-07 09:15:00,3510,11.1171875,11.0234375,11.0390625,11.046875,11.046875,11.1484375,11.2578125,11.484375,11.921875,15.65625,17.320312,18.046875,18.320312,18.382812,18.375,18.289062,18.171875
4888,2021-07-07 09:30:00,3510,11.1015625,11.0234375,11.03125,11.0390625,11.03125,11.1328125,11.21875,11.421875,11.8359375,15.609375,17.289062,18.03125,18.320312,18.382812,18.375,18.296875,18.179688
4889,2021-07-07 09:45:00,3504,11.078125,10.9921875,11.0078125,11.0234375,11.0234375,11.1171875,11.2109375,11.4453125,11.8671875,15.578125,17.257812,18.015625,18.3125,18.390625,18.382812,18.296875,18.179688
4890,2021-07-07 10:00:00,3510,11.0625,11.0078125,11.0234375,11.0234375,11.015625,11.1171875,11.203125,11.421875,11.8359375,15.5234375,17.226562,17.992188,18.3125,18.390625,18.375,18.296875,18.179688
4891,2021-07-07 10:15:00,3522,11.0234375,10.90625,10.921875,10.9296875,10.9296875,11.015625,11.1015625,11.3203125,11.75,15.453125,17.1875,17.976562,18.304688,18.382812,18.375,18.304688,18.1875
4892,2021-07-07 10:30:00,3504,10.96875,10.8359375,10.8671875,10.875,10.8828125,10.9765625,11.0625,11.2890625,11.703125,15.4296875,17.164062,17.960938,18.289062,18.382812,18.382812,18.304688,18.179688
4893,2021-07-07 10:45:00,3504,10.9296875,10.8515625,10.8671875,10.8828125,10.890625,10.9921875,11.09375,11.34375,11.7890625,15.421875,17.132812,17.945312,18.289062,18.382812,18.382812,18.304688,18.179688
4894,2021-07-07 11:00:00,3504,10.921875,10.8046875,10.8359375,10.84375,10.84375,10.9453125,11.0390625,11.2734375,11.703125,15.4140625,17.09375,17.921875,18.28125,18.382812,18.382812,18.304688,18.179688
4895,2021-07-07 11:15:00,3504,10.859375,10.75,10.7734375,10.7890625,10.8046875,10.921875,11.046875,11.3203125,11.7890625,15.390625,17.0625,17.90625,18.273438,18.382812,18.382812,18.296875,18.195312
4896,2021-07-07 11:30:00,3504,10.859375,10.796875,10.8203125,10.828125,10.828125,10.921875,11.0078125,11.234375,11.6796875,15.34375,17.039062,17.890625,18.265625,18.382812,18.382812,18.304688,18.1875
4897,2021-07-07 11:45:00,3510,10.875,10.8046875,10.84375,10.8515625,10.8671875,10.984375,11.1015625,11.359375,11.78125,15.3203125,17.007812,17.867188,18.257812,18.382812,18.382812,18.3125,18.195312
4898,2021-07-07 12:00:00,3498,10.8359375,10.765625,10.78125,10.7890625,10.78125,10.875,10.96875,11.203125,11.65625,15.3203125,16.984375,17.851562,18.25,18.375,18.390625,18.304688,18.195312
4899,2021-07-07 12:15:00,3504,10.8046875,10.6640625,10.6953125,10.71875,10.7421875,10.84375,10.953125,11.1953125,11.6171875,15.2734375,16.953125,17.835938,18.242188,18.382812,18.390625,18.304688,18.195312
4900,2021-07-07 12:30:00,3498,10.7734375,10.7421875,10.7578125,10.765625,10.78125,10.890625,10.9921875,11.2421875,11.640625,15.21875,16.929688,17.8125,18.234375,18.375,18.390625,18.304688,18.195312
4901,2021-07-07 12:45:00,3504,10.7421875,10.6484375,10.6796875,10.6875,10.703125,10.796875,10.8828125,11.0859375,11.46875,15.1875,16.898438,17.796875,18.226562,18.375,18.382812,18.304688,18.1875
4902,2021-07-07 13:00:00,3504,10.6953125,10.546875,10.5703125,10.578125,10.5859375,10.6875,10.7734375,10.984375,11.4140625,15.1875,16.875,17.78125,18.210938,18.367188,18.382812,18.304688,18.1875
4903,2021-07-07 13:15:00,3504,10.6796875,10.578125,10.609375,10.6171875,10.6171875,10.7265625,10.8125,11.0390625,11.4765625,15.1796875,16.851562,17.757812,18.203125,18.367188,18.382812,18.304688,18.195312
4904,2021-07-07 13:30:00,3498,10.703125,10.59375,10.6171875,10.625,10.6328125,10.7265625,10.7890625,10.984375,11.40625,15.1328125,16.828125,17.742188,18.195312,18.359375,18.382812,18.304688,18.1875
4905,2021-07-07 13:45:00,3504,10.7734375,10.7734375,10.7734375,10.7734375,10.7734375,10.875,10.96875,11.2109375,11.59375,15.109375,16.796875,17.726562,18.179688,18.367188,18.382812,18.3125,18.179688
4906,2021-07-07 14:00:00,3504,10.8515625,10.796875,10.8359375,10.859375,10.8984375,11.0390625,11.171875,11.4296875,11.859375,15.15625,16.773438,17.703125,18.171875,18.359375,18.382812,18.304688,18.179688
4907,2021-07-07 14:15:00,3498,10.953125,10.921875,10.9453125,10.953125,10.9765625,11.09375,11.1796875,11.3828125,11.7578125,15.1328125,16.75,17.6875,18.164062,18.351562,18.382812,18.304688,18.1875
4908,2021-07-07 14:30:00,3504,11.0546875,10.9140625,10.9296875,10.953125,10.953125,11.0625,11.1328125,11.3359375,11.7421875,15.140625,16.726562,17.664062,18.148438,18.351562,18.375,18.304688,18.179688
4909,2021-07-07 14:45:00,3504,11.1015625,10.9765625,11.0,11.0078125,11.0078125,11.109375,11.1640625,11.359375,11.7421875,15.09375,16.703125,17.640625,18.140625,18.34375,18.382812,18.304688,18.179688
4910,2021-07-07 15:00:00,3504,11.2890625,11.1953125,11.25,11.28125,11.3203125,11.4609375,11.578125,11.828125,12.171875,15.1171875,16.6875,17.625,18.125,18.34375,18.382812,18.304688,18.179688
4911,2021-07-07 15:15:00,3498,11.390625,11.2109375,11.2421875,11.265625,11.28125,11.40625,11.4921875,11.703125,12.078125,15.125,16.664062,17.609375,18.117188,18.34375,18.375,18.304688,18.179688
4912,2021-07-07 15:30:00,3504,11.4765625,11.1796875,11.2109375,11.2421875,11.2578125,11.3984375,11.4921875,11.734375,12.125,15.140625,16.648438,17.585938,18.109375,18.328125,18.375,18.304688,18.171875
4913,2021-07-07 15:45:00,3498,11.5625,11.2734375,11.2734375,11.3125,11.328125,11.46875,11.6171875,11.8671875,12.25,15.15625,16.625,17.570312,18.09375,18.328125,18.375,18.304688,18.171875
4914,2021-07-07 16:00:00,3504,11.765625,11.4140625,11.40625,11.4453125,11.4609375,11.6171875,11.78125,12.015625,12.3828125,15.1796875,16.609375,17.554688,18.085938,18.320312,18.375,18.304688,18.171875
4915,2021-07-07 16:15:00,3504,12.0,11.6171875,11.5859375,11.640625,11.6796875,11.8671875,12.03125,12.2734375,12.6328125,15.234375,16.59375,17.539062,18.078125,18.304688,18.375,18.304688,18.164062
4916,2021-07-07 16:30:00,3504,12.0703125,11.5390625,11.484375,11.53125,11.625,11.8125,11.9921875,12.2265625,12.640625,15.2421875,16.570312,17.523438,18.0625,18.3125,18.367188,18.296875,18.164062
4917,2021-07-07 16:45:00,3504,12.3828125,11.8984375,11.78125,11.84375,11.9765625,12.1796875,12.296875,12.5390625,12.9140625,15.3203125,16.5625,17.5,18.054688,18.304688,18.359375,18.296875,18.164062
4918,2021-07-07 17:00:00,3498,12.890625,12.4140625,12.1484375,12.2265625,12.40625,12.5859375,12.671875,12.90625,13.265625,15.40625,16.546875,17.492188,18.039062,18.296875,18.359375,18.296875,18.164062
4919,2021-07-07 17:15:00,3498,13.6953125,13.203125,12.828125,13.1171875,13.109375,13.34375,13.34375,13.53125,13.796875,15.53125,16.546875,17.46875,18.023438,18.296875,18.359375,18.296875,18.15625
4920,2021-07-07 17:30:00,3498,14.1875,13.640625,13.265625,13.4921875,13.3828125,13.609375,13.59375,13.7421875,14.03125,15.609375,16.546875,17.460938,18.015625,18.289062,18.351562,18.296875,18.15625
4921,2021-07-07 17:45:00,3504,15.1171875,14.609375,14.0859375,14.375,14.234375,14.484375,14.4375,14.5390625,14.75,15.7734375,16.546875,17.445312,18.007812,18.28125,18.351562,18.289062,18.15625
4922,2021-07-07 18:00:00,3498,15.953125,15.1484375,14.578125,14.890625,14.6953125,14.96875,14.9140625,15.0859375,15.3359375,15.9921875,16.546875,17.429688,17.992188,18.273438,18.34375,18.28125,18.148438
4923,2021-07-07 18:15:00,3504,17.226562,16.21875,15.78125,15.96875,15.765625,16.085938,16.0,16.210938,16.398438,16.28125,16.5625,17.421875,17.984375,18.265625,18.34375,18.289062,18.148438
4924,2021-07-07 18:30:00,3504,19.195312,18.078125,18.054688,17.929688,17.53125,17.710938,17.53125,17.648438,17.648438,16.679688,16.578125,17.40625,17.976562,18.265625,18.34375,18.28125,18.148438
4925,2021-07-07 18:45:00,3504,20.921875,19.125,19.429688,19.039062,18.96875,19.234375,18.851562,19.140625,19.257812,17.195312,16.601562,17.390625,17.960938,18.257812,18.335938,18.28125,18.140625
4926,2021-07-07 19:00:00,3504,21.328125,19.4375,19.71875,19.242188,19.140625,19.1875,18.796875,19.125,19.1875,17.390625,16.648438,17.382812,17.953125,18.25,18.328125,18.28125,18.140625
4927,2021-07-07 19:15:00,3510,21.492188,19.554688,20.039062,19.625,19.359375,19.390625,19.078125,19.359375,19.492188,17.617188,16.695312,17.382812,17.945312,18.242188,18.328125,18.273438,18.132812
4928,2021-07-07 19:30:00,3504,21.726562,19.6875,20.242188,19.34375,19.023438,18.960938,18.851562,19.109375,19.34375,17.765625,16.757812,17.375,17.9375,18.234375,18.328125,18.273438,18.125
4929,2021-07-07 19:45:00,3504,23.140625,21.234375,21.773438,20.664062,20.335938,20.453125,20.625,21.070312,21.335938,18.273438,16.8125,17.375,17.921875,18.226562,18.320312,18.265625,18.125
4930,2021-07-07 20:00:00,3504,24.664062,22.929688,23.40625,21.40625,21.242188,21.65625,21.609375,21.96875,22.625,18.804688,16.898438,17.367188,17.914062,18.21875,18.3125,18.265625,18.117188
4931,2021-07-07 20:15:00,3498,25.078125,22.742188,22.65625,21.296875,21.414062,21.664062,21.507812,22.578125,23.085938,19.335938,16.96875,17.375,17.90625,18.21875,18.3125,18.257812,18.117188
4932,2021-07-07 19:00:00,3504,21.328125,19.4375,19.71875,19.242188,19.140625,19.1875,18.796875,19.125,19.1875,17.390625,16.648438,17.382812,17.953125,18.25,18.328125,18.28125,18.140625
4933,2021-07-07 19:15:00,3510,21.492188,19.554688,20.039062,19.625,19.359375,19.390625,19.078125,19.359375,19.492188,17.617188,16.695312,17.382812,17.945312,18.242188,18.328125,18.273438,18.132812
4934,2021-07-07 19:30:00,3504,21.726562,19.6875,20.242188,19.34375,19.023438,18.960938,18.851562,19.109375,19.34375,17.765625,16.757812,17.375,17.9375,18.234375,18.328125,18.273438,18.125
4935,2021-07-07 19:45:00,3504,23.140625,21.234375,21.773438,20.664062,20.335938,20.453125,20.625,21.070312,21.335938,18.273438,16.8125,17.375,17.921875,18.226562,18.320312,18.265625,18.125
4936,2021-07-07 20:00:00,3504,24.664062,22.929688,23.40625,21.40625,21.242188,21.65625,21.609375,21.96875,22.625,18.804688,16.898438,17.367188,17.914062,18.21875,18.3125,18.265625,18.117188
4937,2021-07-07 20:15:00,3498,25.078125,22.742188,22.65625,21.296875,21.414062,21.664062,21.507812,22.578125,23.085938,19.335938,16.96875,17.375,17.90625,18.21875,18.3125,18.257812,18.117188
4938,2021-07-07 20:30:00,3510,25.257812,22.484375,22.359375,21.0625,21.03125,21.4375,21.671875,22.734375,23.0,19.632812,17.0625,17.382812,17.898438,18.203125,18.304688,18.257812,18.109375
4939,2021-07-07 20:45:00,3510,25.164062,22.023438,21.53125,20.648438,21.015625,21.414062,21.75,22.367188,22.773438,19.703125,17.171875,17.390625,17.890625,18.195312,18.296875,18.25,18.109375
4940,2021-07-07 21:00:00,3504,24.992188,21.6875,20.765625,20.421875,20.671875,21.351562,21.859375,22.125,22.71875,19.78125,17.28125,17.414062,17.882812,18.195312,18.304688,18.25,18.09375
4941,2021-07-07 21:15:00,3510,25.21875,22.09375,21.929688,20.78125,21.601562,22.234375,22.21875,22.453125,22.9375,19.992188,17.390625,17.414062,17.875,18.1875,18.289062,18.242188,18.09375
4942,2021-07-07 21:30:00,3510,25.109375,21.875,21.945312,20.695312,22.09375,21.867188,22.914062,22.210938,22.796875,20.09375,17.507812,17.445312,17.875,18.179688,18.28125,18.242188,18.09375
4943,2021-07-07 21:45:00,3522,24.953125,21.523438,21.3125,20.648438,21.84375,21.617188,22.289062,22.023438,22.578125,20.148438,17.609375,17.46875,17.867188,18.171875,18.28125,18.242188,18.085938
4944,2021-07-07 22:00:00,3510,24.546875,22.757812,20.835938,20.84375,21.757812,21.765625,22.046875,22.046875,22.445312,20.164062,17.726562,17.484375,17.867188,18.164062,18.28125,18.226562,18.078125
4945,2021-07-07 22:15:00,3516,23.953125,22.039062,20.46875,21.070312,21.421875,21.5,21.539062,21.492188,21.898438,20.0625,17.820312,17.523438,17.859375,18.15625,18.265625,18.226562,18.078125
4946,2021-07-07 22:30:00,3522,23.421875,21.710938,20.28125,21.101562,21.4375,21.164062,20.992188,21.09375,21.585938,20.0,17.914062,17.546875,17.859375,18.148438,18.265625,18.21875,18.0625
4947,2021-07-07 22:45:00,3516,23.148438,22.226562,20.640625,21.023438,20.96875,21.195312,21.171875,21.4375,22.046875,19.976562,17.992188,17.578125,17.859375,18.140625,18.257812,18.21875,18.0625
4948,2021-07-07 23:00:00,3516,22.78125,21.546875,19.898438,19.921875,20.078125,20.765625,20.507812,21.109375,21.539062,19.890625,18.054688,17.617188,17.867188,18.132812,18.25,18.210938,18.0625
4949,2021-07-07 23:15:00,3522,22.390625,20.914062,19.1875,19.398438,20.039062,20.265625,20.023438,20.648438,20.898438,19.757812,18.125,17.648438,17.867188,18.125,18.242188,18.210938,18.046875
4950,2021-07-07 23:30:00,3522,22.234375,20.453125,18.914062,18.875,19.632812,19.445312,19.382812,19.820312,20.023438,19.554688,18.171875,17.6875,17.867188,18.125,18.25,18.203125,18.046875
4951,2021-07-07 23:45:00,3522,20.234375,17.664062,17.210938,17.0625,17.171875,17.125,17.15625,17.367188,17.820312,19.09375,18.226562,17.71875,17.875,18.117188,18.234375,18.195312,18.039062
4952,2021-07-08 00:00:00,3522,18.25,16.632812,16.25,16.078125,15.8828125,15.9296875,15.9609375,16.125,16.554688,18.695312,18.257812,17.757812,17.875,18.117188,18.234375,18.1875,18.039062
4953,2021-07-08 00:15:00,3522,17.3125,16.242188,16.015625,15.9296875,15.7734375,15.8125,15.78125,15.8203125,16.125,18.414062,18.273438,17.78125,17.882812,18.109375,18.226562,18.1875,18.03125
4954,2021-07-08 00:30:00,3522,16.789062,16.101562,15.859375,15.7109375,15.6640625,15.6640625,15.6171875,15.640625,15.8828125,18.226562,18.273438,17.820312,17.882812,18.109375,18.21875,18.179688,18.03125
4955,2021-07-08 00:45:00,3516,16.109375,15.3203125,15.09375,14.984375,14.859375,14.8984375,14.9453125,15.1328125,15.515625,18.046875,18.265625,17.851562,17.898438,18.109375,18.21875,18.171875,18.023438
4956,2021-07-08 01:00:00,3522,15.2734375,14.53125,14.3125,14.1875,14.0703125,14.09375,14.1640625,14.3984375,14.9296875,17.882812,18.242188,17.875,17.90625,18.09375,18.210938,18.171875,18.015625
4957,2021-07-08 01:15:00,3522,14.890625,14.5703125,14.3671875,14.2109375,14.0390625,13.9921875,13.9609375,14.0546875,14.453125,17.664062,18.21875,17.898438,17.914062,18.09375,18.203125,18.164062,18.015625
4958,2021-07-08 01:30:00,3522,14.5390625,14.234375,14.0859375,13.984375,13.828125,13.8125,13.7734375,13.8125,14.109375,17.453125,18.179688,17.921875,17.921875,18.085938,18.195312,18.15625,18.007812
4959,2021-07-08 01:45:00,3522,13.8671875,13.4453125,13.296875,13.2109375,13.1015625,13.109375,13.1640625,13.34375,13.7734375,17.3125,18.148438,17.9375,17.9375,18.085938,18.195312,18.148438,18.007812
4960,2021-07-08 02:00:00,3516,13.4140625,13.2265625,13.0625,12.96875,12.8125,12.765625,12.7734375,12.9375,13.3984375,17.15625,18.109375,17.953125,17.945312,18.09375,18.1875,18.148438,18.007812
4961,2021-07-08 02:15:00,3522,13.046875,12.8046875,12.6796875,12.609375,12.4921875,12.484375,12.5546875,12.7734375,13.25,17.039062,18.070312,17.96875,17.953125,18.09375,18.179688,18.148438,18.0
4962,2021-07-08 02:30:00,3522,12.7109375,12.5234375,12.421875,12.375,12.2578125,12.2578125,12.34375,12.5859375,13.0390625,16.90625,18.023438,17.976562,17.960938,18.09375,18.1875,18.132812,17.992188
4963,2021-07-08 02:45:00,3522,12.2109375,12.171875,12.078125,12.03125,11.953125,11.9765625,12.078125,12.3046875,12.8125,16.796875,17.976562,17.976562,17.96875,18.085938,18.179688,18.140625,17.992188
4964,2021-07-08 03:00:00,3516,12.03125,12.078125,12.03125,11.96875,11.8671875,11.8671875,11.9453125,12.140625,12.625,16.664062,17.929688,17.976562,17.984375,18.09375,18.171875,18.132812,17.992188
4965,2021-07-08 03:15:00,3516,11.546875,11.390625,11.3671875,11.3828125,11.3671875,11.40625,11.546875,11.8359375,12.3828125,16.554688,17.882812,17.984375,17.992188,18.09375,18.164062,18.125,17.984375
4966,2021-07-08 03:30:00,3516,11.53125,11.5859375,11.5390625,11.5078125,11.453125,11.484375,11.5546875,11.7578125,12.2265625,16.414062,17.84375,17.984375,17.992188,18.09375,18.164062,18.125,17.984375
4967,2021-07-08 03:45:00,3522,11.609375,11.6484375,11.6015625,11.5703125,11.53125,11.578125,11.6328125,11.8203125,12.203125,16.265625,17.789062,17.984375,18.007812,18.09375,18.15625,18.117188,17.984375
4968,2021-07-08 04:00:00,3510,11.6875,11.59375,11.5625,11.546875,11.5,11.5703125,11.6328125,11.8359375,12.25,16.210938,17.734375,17.96875,18.007812,18.101562,18.15625,18.117188,17.984375
4969,2021-07-08 04:15:00,3522,11.609375,11.4609375,11.421875,11.3984375,11.3671875,11.4375,11.5078125,11.734375,12.171875,16.140625,17.6875,17.976562,18.015625,18.101562,18.15625,18.117188,17.976562
4970,2021-07-08 04:30:00,3510,11.59375,11.4609375,11.40625,11.390625,11.359375,11.4453125,11.53125,11.7578125,12.2109375,16.109375,17.632812,17.96875,18.023438,18.101562,18.15625,18.117188,17.976562
4971,2021-07-08 04:45:00,3510,11.671875,11.5859375,11.5390625,11.5078125,11.4765625,11.5546875,11.640625,11.8671875,12.3203125,16.078125,17.59375,17.960938,18.03125,18.101562,18.15625,18.109375,17.976562
4972,2021-07-08 05:00:00,3516,11.6640625,11.53125,11.4921875,11.46875,11.4296875,11.5,11.5625,11.765625,12.171875,15.9765625,17.546875,17.953125,18.03125,18.109375,18.15625,18.109375,17.984375
4973,2021-07-08 05:15:00,3522,11.6484375,11.5390625,11.515625,11.5,11.4609375,11.53125,11.578125,11.734375,12.109375,15.8984375,17.5,17.9375,18.039062,18.109375,18.15625,18.109375,17.984375
4974,2021-07-08 05:30:00,3510,11.515625,11.3359375,11.3125,11.3125,11.2890625,11.3828125,11.4609375,11.671875,12.0859375,15.8359375,17.453125,17.929688,18.039062,18.117188,18.15625,18.101562,17.984375
4975,2021-07-08 05:45:00,3516,11.3515625,11.1328125,11.1328125,11.1328125,11.125,11.2265625,11.3125,11.515625,11.9453125,15.7578125,17.414062,17.914062,18.046875,18.117188,18.148438,18.101562,17.976562
4976,2021-07-08 06:00:00,3516,11.21875,10.9921875,11.0,11.0078125,11.015625,11.109375,11.2109375,11.4453125,11.875,15.6953125,17.375,17.898438,18.046875,18.117188,18.15625,18.101562,17.984375
4977,2021-07-08 06:15:00,3516,11.0703125,10.9296875,10.921875,10.921875,10.9296875,11.0234375,11.1015625,11.3203125,11.75,15.6171875,17.335938,17.890625,18.046875,18.117188,18.148438,18.09375,17.984375
4978,2021-07-08 06:30:00,3510,11.0546875,10.9609375,10.953125,10.953125,10.953125,11.046875,11.125,11.34375,11.78125,15.578125,17.289062,17.875,18.046875,18.117188,18.148438,18.09375,17.976562
4979,2021-07-08 06:45:00,3516,11.0703125,10.953125,10.953125,10.953125,10.9609375,11.0703125,11.171875,11.421875,11.875,15.578125,17.257812,17.859375,18.046875,18.117188,18.148438,18.101562,17.976562
4980,2021-07-08 07:00:00,3510,11.0,10.8515625,10.859375,10.8671875,10.875,10.9765625,11.0703125,11.328125,11.78125,15.5234375,17.210938,17.84375,18.046875,18.132812,18.15625,18.09375,17.984375
4981,2021-07-08 07:15:00,3510,10.9609375,10.84375,10.859375,10.859375,10.8671875,10.9609375,11.046875,11.296875,11.7109375,15.4453125,17.171875,17.828125,18.046875,18.125,18.15625,18.101562,17.976562
4982,2021-07-08 07:30:00,3510,10.90625,10.7890625,10.8046875,10.8046875,10.8125,10.8984375,10.9765625,11.1875,11.59375,15.390625,17.132812,17.8125,18.046875,18.125,18.15625,18.09375,17.984375
4983,2021-07-08 07:45:00,3504,10.875,10.75,10.765625,10.78125,10.7734375,10.875,10.953125,11.1640625,11.5859375,15.328125,17.09375,17.789062,18.046875,18.125,18.148438,18.09375,17.984375
4984,2021-07-08 08:00:00,3510,10.84375,10.7578125,10.7734375,10.78125,10.78125,10.875,10.953125,11.1640625,11.578125,15.2890625,17.054688,17.78125,18.039062,18.132812,18.15625,18.09375,17.984375
4985,2021-07-08 08:15:00,3510,10.8125,10.71875,10.7421875,10.75,10.765625,10.859375,10.9609375,11.1953125,11.625,15.2734375,17.015625,17.765625,18.039062,18.132812,18.15625,18.09375,17.984375
4986,2021-07-08 08:30:00,3510,10.8046875,10.7421875,10.765625,10.765625,10.765625,10.84375,10.90625,11.0625,11.4453125,15.2265625,16.976562,17.742188,18.03125,18.132812,18.164062,18.09375,17.984375
4987,2021-07-08 08:45:00,3510,10.828125,10.7109375,10.734375,10.734375,10.75,10.8359375,10.921875,11.1171875,11.5234375,15.21875,16.945312,17.726562,18.03125,18.140625,18.164062,18.101562,17.984375
4988,2021-07-08 09:00:00,3510,10.8671875,10.8125,10.8203125,10.8203125,10.8203125,10.90625,10.984375,11.1796875,11.5859375,15.2109375,16.914062,17.710938,18.023438,18.132812,18.164062,18.101562,17.992188
4989,2021-07-08 09:15:00,3504,10.96875,10.9609375,10.96875,10.9609375,10.953125,11.03125,11.0859375,11.2578125,11.6328125,15.1875,16.875,17.695312,18.023438,18.140625,18.15625,18.09375,17.984375
4990,2021-07-08 09:30:00,3510,11.0546875,11.0390625,11.046875,11.0546875,11.046875,11.125,11.1953125,11.3671875,11.71875,15.1328125,16.851562,17.671875,18.015625,18.140625,18.15625,18.101562,17.992188
4991,2021-07-08 09:45:00,3504,11.1640625,11.140625,11.1640625,11.1640625,11.1640625,11.265625,11.3359375,11.53125,11.890625,15.1484375,16.820312,17.65625,18.007812,18.132812,18.15625,18.09375,17.992188
4992,2021-07-08 10:00:00,3510,11.1640625,11.0859375,11.109375,11.1171875,11.109375,11.203125,11.28125,11.4765625,11.8515625,15.1328125,16.789062,17.632812,18.0,18.132812,18.15625,18.09375,17.992188
4993,2021-07-08 10:15:00,3504,11.171875,11.1171875,11.140625,11.1484375,11.15625,11.25,11.3359375,11.5390625,11.890625,15.1171875,16.765625,17.609375,17.992188,18.132812,18.15625,18.09375,18.0
4994,2021-07-08 10:30:00,3510,11.125,10.9921875,11.0078125,11.0234375,11.0234375,11.109375,11.21875,11.421875,11.8203125,15.109375,16.742188,17.585938,17.992188,18.132812,18.15625,18.09375,18.0
4995,2021-07-08 10:45:00,3504,11.078125,10.9921875,11.0,11.0078125,11.0,11.078125,11.1640625,11.34375,11.703125,15.0546875,16.710938,17.578125,17.984375,18.132812,18.164062,18.101562,17.992188
4996,2021-07-08 11:00:00,3504,11.0859375,11.0,11.015625,11.0234375,11.0234375,11.109375,11.1796875,11.375,11.734375,15.046875,16.679688,17.5625,17.976562,18.132812,18.164062,18.101562,17.992188
4997,2021-07-08 11:15:00,3504,11.0546875,10.9375,10.953125,10.9609375,10.9609375,11.046875,11.1328125,11.3203125,11.6875,15.0234375,16.664062,17.539062,17.960938,18.125,18.15625,18.101562,17.992188
4998,2021-07-08 11:30:00,3498,11.1015625,11.046875,11.0625,11.078125,11.078125,11.171875,11.25,11.4375,11.796875,15.0234375,16.640625,17.515625,17.960938,18.132812,18.15625,18.101562,18.0
4999,2021-07-08 11:45:00,3498,11.0234375,10.828125,10.8515625,10.8671875,10.8828125,10.984375,11.109375,11.3671875,11.8046875,15.0390625,16.617188,17.507812,17.945312,18.125,18.15625,18.101562,17.992188
5000,2021-07-08 12:00:00,3504,10.921875,10.7890625,10.796875,10.8125,10.8203125,10.9140625,11.03125,11.28125,11.7109375,15.015625,16.585938,17.484375,17.9375,18.125,18.164062,18.109375,17.992188
5001,2021-07-08 12:15:00,3504,10.8984375,10.8046875,10.8203125,10.8203125,10.8203125,10.90625,10.984375,11.171875,11.578125,14.984375,16.5625,17.46875,17.929688,18.117188,18.15625,18.101562,17.992188
5002,2021-07-08 12:30:00,3498,10.9375,10.875,10.90625,10.9140625,10.9453125,11.0703125,11.1875,11.421875,11.828125,14.984375,16.546875,17.453125,17.929688,18.109375,18.15625,18.101562,18.0
5003,2021-07-08 12:45:00,3510,10.96875,10.890625,10.9140625,10.9140625,10.9296875,11.03125,11.125,11.3515625,11.765625,14.9765625,16.523438,17.4375,17.914062,18.109375,18.15625,18.101562,17.992188
5004,2021-07-08 13:00:00,3504,10.8671875,10.7109375,10.7265625,10.734375,10.7421875,10.8359375,10.9453125,11.1875,11.6328125,14.953125,16.5,17.421875,17.90625,18.109375,18.15625,18.09375,18.0
5005,2021-07-08 13:15:00,3504,10.890625,10.796875,10.8203125,10.828125,10.828125,10.921875,11.0078125,11.203125,11.625,14.9765625,16.484375,17.398438,17.898438,18.109375,18.15625,18.101562,17.992188
5006,2021-07-08 13:30:00,3504,10.9296875,10.859375,10.875,10.8828125,10.8984375,10.9921875,11.09375,11.296875,11.6875,14.9296875,16.46875,17.382812,17.890625,18.101562,18.148438,18.101562,17.992188
5007,2021-07-08 13:45:00,3504,11.0234375,10.9296875,10.9375,10.9453125,10.953125,11.0546875,11.140625,11.3515625,11.71875,14.8984375,16.445312,17.367188,17.875,18.09375,18.15625,18.101562,17.984375
5008,2021-07-08 14:00:00,3498,11.1640625,11.0625,11.0625,11.0703125,11.0859375,11.21875,11.3046875,11.5,11.859375,14.921875,16.429688,17.351562,17.867188,18.09375,18.15625,18.101562,17.992188
5009,2021-07-08 14:15:00,3504,11.4609375,11.4140625,11.390625,11.40625,11.4375,11.5703125,11.6796875,11.890625,12.25,15.0234375,16.414062,17.335938,17.859375,18.09375,18.148438,18.101562,17.984375
5010,2021-07-08 14:30:00,3498,11.890625,11.9140625,11.859375,11.8671875,11.90625,12.0546875,12.1328125,12.3046875,12.609375,15.1015625,16.390625,17.320312,17.851562,18.085938,18.148438,18.101562,17.984375
5011,2021-07-08 14:45:00,3498,13.265625,13.7578125,13.4296875,13.265625,13.171875,13.328125,13.28125,13.3125,13.5078125,15.265625,16.382812,17.304688,17.835938,18.085938,18.148438,18.09375,17.984375
5012,2021-07-08 15:00:00,3504,13.8828125,13.53125,13.2265625,13.2265625,13.1640625,13.3359375,13.4609375,13.6171875,13.8984375,15.4375,16.367188,17.296875,17.828125,18.078125,18.148438,18.09375,17.984375
5013,2021-07-08 15:15:00,3504,15.3125,17.007812,15.5546875,15.1484375,14.8125,15.0078125,15.046875,14.7578125,14.7421875,15.6484375,16.367188,17.273438,17.820312,18.078125,18.140625,18.09375,17.976562
5014,2021-07-08 15:30:00,3498,16.382812,17.742188,16.445312,16.296875,16.015625,16.101562,16.25,15.8984375,15.7109375,15.890625,16.375,17.257812,17.8125,18.0625,18.140625,18.09375,17.984375
5015,2021-07-08 15:45:00,3504,18.3125,16.898438,17.023438,17.085938,16.765625,16.898438,16.828125,16.546875,16.328125,16.109375,16.382812,17.25,17.796875,18.054688,18.140625,18.09375,17.976562
5016,2021-07-08 16:00:00,3498,19.726562,18.804688,18.59375,18.5,18.132812,18.359375,18.28125,17.914062,17.53125,16.390625,16.398438,17.242188,17.789062,18.054688,18.140625,18.085938,17.976562
5017,2021-07-08 16:15:00,3498,22.054688,21.1875,20.203125,19.476562,18.921875,18.960938,18.773438,18.34375,18.007812,16.617188,16.429688,17.226562,17.773438,18.054688,18.125,18.085938,17.96875
5018,2021-07-08 16:30:00,3504,23.460938,22.554688,21.140625,20.65625,20.078125,20.3125,20.117188,19.789062,19.375,16.921875,16.460938,17.21875,17.765625,18.046875,18.132812,18.085938,17.96875
5019,2021-07-08 16:45:00,3504,24.46875,23.117188,21.507812,21.054688,20.507812,20.679688,20.546875,20.375,19.96875,17.21875,16.507812,17.210938,17.757812,18.039062,18.125,18.078125,17.96875
5020,2021-07-08 17:00:00,3498,25.507812,24.359375,22.75,22.28125,21.882812,21.804688,21.523438,21.296875,20.875,17.5,16.554688,17.203125,17.75,18.039062,18.117188,18.078125,17.960938
5021,2021-07-08 17:15:00,3510,26.1875,24.375,22.734375,22.742188,21.992188,21.890625,21.742188,21.484375,21.140625,17.734375,16.617188,17.203125,17.742188,18.03125,18.125,18.078125,17.960938
5022,2021-07-08 17:30:00,3510,27.148438,25.570312,23.96875,23.835938,22.945312,22.578125,22.507812,22.195312,21.75,18.023438,16.6875,17.203125,17.734375,18.023438,18.125,18.078125,17.953125
5023,2021-07-08 17:45:00,3510,27.992188,25.984375,24.226562,24.742188,23.242188,23.148438,22.898438,22.726562,22.382812,18.28125,16.75,17.203125,17.726562,18.023438,18.109375,18.078125,17.953125
5024,2021-07-08 18:00:00,3522,28.234375,26.46875,24.859375,25.585938,24.070312,23.804688,24.007812,23.539062,23.289062,18.617188,16.828125,17.210938,17.710938,18.007812,18.109375,18.070312,17.953125
5025,2021-07-08 18:15:00,3516,29.039062,26.710938,25.4375,25.46875,24.5,24.5625,25.164062,24.921875,24.335938,19.046875,16.90625,17.210938,17.710938,18.007812,18.101562,18.070312,17.953125
5026,2021-07-08 18:30:00,3522,29.078125,26.15625,25.375,24.828125,24.617188,24.820312,24.59375,24.632812,24.359375,19.335938,16.992188,17.226562,17.703125,18.0,18.09375,18.0625,17.945312
5027,2021-07-08 18:45:00,3522,29.546875,26.890625,26.296875,25.914062,25.890625,25.414062,24.898438,24.9375,24.757812,19.59375,17.09375,17.242188,17.695312,17.992188,18.09375,18.0625,17.9375
5028,2021-07-08 19:00:00,3528,30.21875,26.8125,26.664062,26.382812,26.585938,26.242188,25.171875,25.28125,25.054688,19.882812,17.1875,17.257812,17.695312,17.992188,18.09375,18.054688,17.929688
5029,2021-07-08 19:15:00,3528,30.773438,27.40625,26.804688,27.078125,25.851562,25.445312,25.234375,25.375,25.25,20.109375,17.289062,17.273438,17.6875,17.984375,18.085938,18.054688,17.929688
5030,2021-07-08 19:30:00,3528,31.3125,27.765625,27.367188,27.382812,25.429688,25.320312,25.15625,25.09375,25.0,20.296875,17.390625,17.296875,17.6875,17.976562,18.085938,18.054688,17.921875
5031,2021-07-08 19:45:00,3528,31.679688,28.0,27.671875,27.1875,25.976562,26.078125,26.25,26.179688,26.296875,20.671875,17.5,17.320312,17.6875,17.96875,18.078125,18.046875,17.921875
5032,2021-07-08 20:00:00,3528,31.664062,27.914062,27.789062,26.429688,25.859375,26.492188,26.171875,25.890625,26.4375,21.007812,17.609375,17.351562,17.679688,17.96875,18.078125,18.046875,17.921875
5033,2021-07-08 20:15:00,3534,31.625,27.695312,27.5,26.460938,26.054688,26.5625,26.328125,26.820312,26.976562,21.414062,17.734375,17.375,17.679688,17.960938,18.070312,18.03125,17.914062
5034,2021-07-08 20:30:00,3528,31.867188,28.617188,27.757812,26.578125,26.59375,27.421875,27.210938,27.914062,27.726562,21.742188,17.851562,17.414062,17.679688,17.953125,18.070312,18.039062,17.914062
5035,2021-07-08 20:45:00,3534,32.21875,28.953125,27.578125,26.664062,26.617188,27.210938,27.445312,27.703125,27.710938,21.765625,17.96875,17.4375,17.6875,17.945312,18.0625,18.03125,17.90625
5036,2021-07-08 21:00:00,3540,32.085938,28.703125,27.070312,26.390625,26.65625,27.34375,27.640625,27.6875,27.921875,21.945312,18.09375,17.476562,17.6875,17.945312,18.0625,18.023438,17.90625
5037,2021-07-08 21:15:00,3540,31.875,28.320312,26.671875,26.4375,26.578125,27.5,27.382812,27.296875,27.359375,21.992188,18.234375,17.515625,17.6875,17.945312,18.0625,18.03125,17.90625
5038,2021-07-08 21:30:00,3540,31.5625,27.609375,25.789062,25.554688,25.585938,26.0625,26.609375,26.179688,26.523438,21.984375,18.34375,17.554688,17.703125,17.9375,18.046875,18.023438,17.898438
5039,2021-07-08 21:45:00,3540,31.320312,27.71875,26.460938,25.898438,25.992188,26.3125,26.15625,26.476562,26.414062,21.914062,18.476562,17.609375,17.703125,17.9375,18.046875,18.015625,17.890625
5040,2021-07-08 22:00:00,3546,30.476562,27.648438,26.21875,25.773438,25.835938,26.492188,25.96875,26.351562,26.257812,21.890625,18.59375,17.648438,17.710938,17.9375,18.046875,18.015625,17.890625
5041,2021-07-08 22:15:00,3546,29.625,27.109375,25.898438,25.304688,25.546875,25.796875,25.726562,25.851562,25.953125,21.929688,18.695312,17.703125,17.726562,17.921875,18.039062,18.007812,17.890625
5042,2021-07-08 22:30:00,3546,29.0,26.523438,25.5,25.25,25.296875,25.59375,25.6875,25.796875,26.023438,21.921875,18.796875,17.75,17.734375,17.929688,18.03125,18.007812,17.890625
5043,2021-07-08 22:45:00,3546,28.765625,26.117188,25.226562,24.828125,25.046875,25.429688,25.15625,25.71875,25.632812,21.84375,18.882812,17.804688,17.75,17.929688,18.03125,18.0,17.882812
5044,2021-07-08 23:00:00,3546,29.007812,26.539062,25.648438,25.070312,25.15625,25.492188,25.257812,25.609375,25.265625,21.65625,18.960938,17.859375,17.757812,17.921875,18.03125,18.0,17.882812
5045,2021-07-08 23:15:00,3546,29.234375,26.617188,25.6875,25.304688,25.570312,25.359375,25.101562,24.96875,24.640625,21.453125,19.023438,17.90625,17.773438,17.929688,18.023438,17.992188,17.882812
5046,2021-07-08 23:30:00,3546,29.335938,26.484375,25.59375,25.304688,25.648438,25.21875,25.117188,25.015625,24.773438,21.367188,19.09375,17.953125,17.789062,17.929688,18.015625,17.992188,17.890625
5047,2021-07-08 23:45:00,3552,27.3125,23.820312,23.101562,22.773438,22.445312,22.34375,22.109375,22.109375,22.351562,21.0625,19.140625,18.007812,17.804688,17.929688,18.023438,17.992188,17.882812
5048,2021-07-09 00:00:00,3546,25.59375,23.9375,23.164062,22.5625,21.875,21.554688,21.109375,20.796875,20.875,20.65625,19.1875,18.054688,17.828125,17.929688,18.015625,17.992188,17.882812
5049,2021-07-09 00:15:00,3546,24.351562,22.414062,21.984375,21.765625,21.5,21.359375,21.046875,20.695312,20.460938,20.335938,19.21875,18.101562,17.84375,17.929688,18.015625,17.984375,17.882812
5050,2021-07-09 00:30:00,3552,22.570312,20.867188,20.351562,20.085938,19.9375,19.882812,19.679688,19.570312,19.601562,20.148438,19.226562,18.148438,17.875,17.929688,18.015625,17.992188,17.882812
5051,2021-07-09 00:45:00,3540,21.78125,20.289062,19.71875,19.3125,19.007812,18.929688,18.835938,18.882812,19.078125,19.953125,19.226562,18.195312,17.882812,17.945312,18.015625,17.984375,17.882812
5052,2021-07-09 01:00:00,3540,20.28125,18.320312,17.90625,17.789062,17.734375,17.820312,17.9375,18.195312,18.601562,19.757812,19.21875,18.242188,17.90625,17.945312,18.015625,17.984375,17.890625
5053,2021-07-09 01:15:00,3546,19.539062,18.085938,17.6875,17.5,17.382812,17.4375,17.507812,17.78125,18.25,19.609375,19.203125,18.28125,17.929688,17.953125,18.015625,17.984375,17.890625
5054,2021-07-09 01:30:00,3546,19.070312,18.007812,17.65625,17.453125,17.335938,17.289062,17.257812,17.34375,17.679688,19.421875,19.195312,18.3125,17.953125,17.953125,18.007812,17.984375,17.890625
5055,2021-07-09 01:45:00,3540,18.382812,17.429688,16.9375,16.726562,16.726562,16.726562,16.710938,16.75,17.09375,19.234375,19.171875,18.351562,17.976562,17.960938,18.007812,17.984375,17.898438
5056,2021-07-09 02:00:00,3546,17.71875,16.773438,16.34375,16.15625,16.203125,16.25,16.351562,16.5,16.851562,19.054688,19.140625,18.382812,18.0,17.96875,18.007812,17.984375,17.898438
5057,2021-07-09 02:15:00,3546,17.21875,16.40625,16.164062,15.8984375,16.078125,16.179688,16.3125,16.5,16.78125,18.914062,19.109375,18.414062,18.023438,17.976562,18.015625,17.984375,17.898438
5058,2021-07-09 02:30:00,3546,17.59375,17.429688,16.9375,16.523438,16.5625,16.460938,16.328125,16.085938,16.070312,18.695312,19.078125,18.429688,18.046875,17.984375,18.015625,17.984375,17.90625
5059,2021-07-09 02:45:00,3540,17.515625,17.03125,16.554688,16.21875,16.257812,16.171875,16.03125,15.828125,15.8828125,18.5625,19.039062,18.453125,18.070312,17.992188,18.023438,17.984375,17.914062
5060,2021-07-09 03:00:00,3546,17.632812,17.515625,16.882812,16.390625,16.3125,16.195312,16.0,15.6875,15.6171875,18.398438,18.992188,18.46875,18.09375,18.0,18.023438,17.984375,17.921875
5061,2021-07-09 03:15:00,3540,17.585938,17.171875,16.585938,16.117188,16.046875,15.890625,15.6875,15.5078125,15.6015625,18.3125,18.953125,18.484375,18.109375,18.015625,18.023438,17.984375,17.929688
5062,2021-07-09 03:30:00,3540,17.71875,17.375,16.789062,16.210938,16.125,15.9140625,15.6328125,15.3359375,15.328125,18.140625,18.90625,18.492188,18.132812,18.023438,18.023438,17.992188,17.929688
5063,2021-07-09 03:45:00,3546,17.796875,17.328125,16.757812,16.234375,16.148438,15.9296875,15.6484375,15.3828125,15.390625,18.046875,18.867188,18.507812,18.15625,18.03125,18.03125,18.0,17.9375
5064,2021-07-09 04:00:00,3534,18.296875,18.28125,17.914062,17.414062,17.539062,17.3125,17.015625,16.632812,16.1875,17.96875,18.820312,18.515625,18.171875,18.046875,18.039062,18.0,17.945312
5065,2021-07-09 04:15:00,3540,18.507812,18.117188,17.554688,17.109375,17.101562,17.046875,16.890625,16.679688,16.476562,18.070312,18.773438,18.523438,18.195312,18.0625,18.046875,18.007812,17.953125
5066,2021-07-09 04:30:00,3534,18.09375,17.375,16.804688,16.382812,16.335938,16.242188,16.085938,15.8828125,15.859375,17.984375,18.726562,18.523438,18.210938,18.070312,18.046875,18.015625,17.96875
5067,2021-07-09 04:45:00,3546,17.851562,17.679688,17.21875,16.46875,16.429688,16.210938,15.921875,15.5859375,15.46875,17.890625,18.679688,18.523438,18.226562,18.085938,18.054688,18.015625,17.976562
5068,2021-07-09 05:00:00,3540,18.125,17.96875,17.375,16.757812,16.664062,16.390625,16.023438,15.53125,15.2734375,17.734375,18.65625,18.53125,18.25,18.101562,18.0625,18.023438,17.984375
5069,2021-07-09 05:15:00,3540,18.242188,18.195312,17.578125,16.953125,16.945312,16.601562,16.203125,15.5078125,15.0703125,17.664062,18.609375,18.53125,18.265625,18.109375,18.070312,18.023438,17.992188
5070,2021-07-09 05:30:00,3540,18.484375,18.210938,17.703125,17.203125,17.203125,16.9375,16.460938,15.796875,15.359375,17.632812,18.570312,18.53125,18.28125,18.117188,18.078125,18.03125,18.007812
5071,2021-07-09 05:45:00,3540,18.398438,18.0,17.539062,17.0,17.054688,16.828125,16.414062,15.859375,15.4140625,17.585938,18.53125,18.53125,18.296875,18.132812,18.085938,18.039062,18.015625
5072,2021-07-09 06:00:00,3534,18.53125,18.703125,18.140625,17.570312,17.671875,17.453125,17.078125,16.375,15.6484375,17.546875,18.492188,18.523438,18.304688,18.148438,18.09375,18.046875,18.03125
5073,2021-07-09 06:15:00,3540,18.484375,18.265625,17.828125,17.234375,17.226562,17.03125,16.71875,16.148438,15.6796875,17.53125,18.460938,18.515625,18.320312,18.164062,18.101562,18.054688,18.039062
5074,2021-07-09 06:30:00,3534,18.507812,18.382812,17.789062,17.21875,17.203125,16.945312,16.5625,15.921875,15.4921875,17.53125,18.429688,18.523438,18.335938,18.171875,18.109375,18.070312,18.046875
5075,2021-07-09 06:45:00,3540,18.421875,17.96875,17.4375,16.976562,16.960938,16.773438,16.421875,15.921875,15.6171875,17.5,18.398438,18.515625,18.351562,18.1875,18.117188,18.070312,18.0625
5076,2021-07-09 07:00:00,3528,18.445312,18.273438,17.710938,17.210938,17.25,16.992188,16.617188,16.007812,15.578125,17.46875,18.367188,18.507812,18.351562,18.203125,18.132812,18.078125,18.078125
5077,2021-07-09 07:15:00,3540,18.445312,18.109375,17.585938,17.125,17.03125,16.796875,16.445312,15.9609375,15.71875,17.492188,18.335938,18.5,18.359375,18.21875,18.132812,18.085938,18.085938
5078,2021-07-09 07:30:00,3540,18.710938,18.664062,18.078125,17.507812,17.429688,17.125,16.71875,16.0625,15.625,17.460938,18.320312,18.5,18.375,18.226562,18.148438,18.101562,18.09375
5079,2021-07-09 07:45:00,3540,18.765625,18.554688,18.023438,17.4375,17.351562,17.046875,16.632812,16.046875,15.71875,17.460938,18.289062,18.492188,18.382812,18.242188,18.15625,18.109375,18.109375
5080,2021-07-09 08:00:00,3534,19.148438,19.15625,18.617188,18.039062,17.953125,17.625,17.15625,16.421875,15.8828125,17.445312,18.273438,18.476562,18.390625,18.25,18.171875,18.117188,18.117188
5081,2021-07-09 08:15:00,3528,19.296875,19.226562,18.75,18.257812,18.164062,17.921875,17.53125,16.90625,16.367188,17.476562,18.25,18.476562,18.398438,18.265625,18.171875,18.125,18.132812
5082,2021-07-09 08:30:00,3528,19.515625,19.328125,18.851562,18.429688,18.382812,18.203125,17.875,17.304688,16.71875,17.515625,18.226562,18.46875,18.40625,18.273438,18.195312,18.140625,18.148438
5083,2021-07-09 08:45:00,3528,19.578125,19.375,18.84375,18.390625,18.25,17.953125,17.515625,16.96875,16.617188,17.585938,18.203125,18.460938,18.414062,18.28125,18.203125,18.148438,18.148438
5084,2021-07-09 09:00:00,3534,19.507812,19.148438,18.601562,18.070312,17.984375,17.703125,17.304688,16.8125,16.523438,17.578125,18.1875,18.453125,18.421875,18.296875,18.210938,18.15625,18.171875
5085,2021-07-09 09:15:00,3540,19.578125,19.21875,18.65625,18.09375,17.984375,17.679688,17.257812,16.71875,16.367188,17.546875,18.179688,18.445312,18.421875,18.304688,18.226562,18.164062,18.179688
5086,2021-07-09 09:30:00,3534,19.585938,19.242188,18.828125,18.226562,18.070312,17.757812,17.304688,16.734375,16.335938,17.515625,18.164062,18.4375,18.429688,18.3125,18.234375,18.179688,18.203125
5087,2021-07-09 09:45:00,3534,19.882812,19.882812,19.3125,18.757812,18.6875,18.351562,17.859375,17.070312,16.367188,17.492188,18.164062,18.4375,18.4375,18.320312,18.25,18.195312,18.203125
5088,2021-07-09 10:00:00,3540,20.070312,19.695312,19.28125,18.757812,18.625,18.304688,17.820312,17.21875,16.6875,17.492188,18.148438,18.4375,18.4375,18.335938,18.257812,18.203125,18.226562
5089,2021-07-09 10:15:00,3528,20.101562,19.757812,19.265625,18.710938,18.59375,18.234375,17.726562,17.109375,16.65625,17.523438,18.132812,18.429688,18.4375,18.34375,18.265625,18.21875,18.234375
5090,2021-07-09 10:30:00,3534,19.796875,19.15625,18.789062,18.320312,18.242188,17.992188,17.585938,17.109375,16.75,17.554688,18.132812,18.421875,18.453125,18.351562,18.28125,18.226562,18.242188
5091,2021-07-09 10:45:00,3534,19.5625,19.226562,18.828125,18.25,18.148438,17.820312,17.390625,16.882812,16.585938,17.546875,18.125,18.414062,18.445312,18.367188,18.289062,18.234375,18.257812
5092,2021-07-09 11:00:00,3534,19.4375,18.914062,18.5625,18.039062,17.921875,17.65625,17.265625,16.867188,16.671875,17.570312,18.109375,18.414062,18.453125,18.375,18.304688,18.242188,18.273438
5093,2021-07-09 11:15:00,3534,19.523438,19.273438,18.921875,18.445312,18.351562,18.039062,17.601562,17.101562,16.773438,17.570312,18.109375,18.40625,18.453125,18.382812,18.3125,18.265625,18.273438
5094,2021-07-09 11:30:00,3528,19.632812,19.648438,19.179688,18.664062,18.546875,18.21875,17.78125,17.21875,16.859375,17.609375,18.101562,18.398438,18.460938,18.390625,18.320312,18.273438,18.289062
5095,2021-07-09 11:45:00,3534,19.554688,19.210938,18.71875,18.289062,18.25,18.0,17.617188,17.140625,16.804688,17.601562,18.09375,18.398438,18.453125,18.398438,18.328125,18.28125,18.304688
5096,2021-07-09 12:00:00,3534,19.210938,18.546875,18.25,17.828125,17.773438,17.5625,17.234375,16.921875,16.75,17.601562,18.09375,18.390625,18.460938,18.414062,18.335938,18.296875,18.320312
5097,2021-07-09 12:15:00,3528,19.0625,18.726562,18.296875,17.835938,17.8125,17.515625,17.15625,16.6875,16.453125,17.585938,18.085938,18.390625,18.46875,18.414062,18.34375,18.304688,18.335938
5098,2021-07-09 12:30:00,3528,19.203125,18.960938,18.585938,18.140625,18.101562,17.851562,17.414062,16.851562,16.414062,17.5,18.085938,18.390625,18.46875,18.421875,18.351562,18.3125,18.34375
5099,2021-07-09 12:45:00,3528,19.523438,19.453125,18.984375,18.484375,18.421875,18.164062,17.75,17.070312,16.414062,17.492188,18.085938,18.382812,18.476562,18.429688,18.367188,18.320312,18.359375
5100,2021-07-09 13:00:00,3528,19.335938,18.976562,18.867188,18.5625,19.023438,18.890625,18.515625,18.257812,17.4375,17.4375,18.078125,18.382812,18.476562,18.4375,18.375,18.335938,18.367188
5101,2021-07-09 13:15:00,3528,19.234375,18.820312,18.5,18.210938,18.351562,18.28125,17.984375,17.617188,17.171875,17.523438,18.078125,18.375,18.476562,18.445312,18.382812,18.351562,18.375
5102,2021-07-09 13:30:00,3540,19.226562,18.84375,18.40625,18.015625,18.007812,17.851562,17.53125,17.078125,16.703125,17.53125,18.070312,18.375,18.476562,18.453125,18.398438,18.359375,18.382812
5103,2021-07-09 13:45:00,3534,18.984375,18.421875,18.039062,17.6875,17.679688,17.492188,17.179688,16.867188,16.6875,17.5625,18.0625,18.375,18.484375,18.453125,18.40625,18.367188,18.398438
5104,2021-07-09 14:00:00,3528,18.90625,18.421875,18.125,17.6875,17.664062,17.492188,17.195312,16.953125,16.8125,17.578125,18.054688,18.367188,18.484375,18.46875,18.414062,18.375,18.40625
5105,2021-07-09 14:15:00,3528,19.375,19.367188,18.859375,18.445312,18.398438,18.242188,17.835938,17.4375,17.125,17.617188,18.054688,18.367188,18.492188,18.46875,18.421875,18.398438,18.414062
5106,2021-07-09 14:30:00,3528,23.109375,22.867188,22.203125,21.476562,21.453125,21.695312,20.21875,19.40625,18.695312,17.84375,18.054688,18.367188,18.484375,18.476562,18.429688,18.398438,18.429688
5107,2021-07-09 14:45:00,3528,25.84375,24.515625,23.71875,22.929688,22.90625,23.226562,21.859375,21.015625,20.171875,18.15625,18.046875,18.359375,18.492188,18.484375,18.4375,18.414062,18.445312
5108,2021-07-09 15:00:00,3534,27.617188,25.539062,24.453125,23.578125,23.695312,24.15625,22.867188,22.148438,21.328125,18.445312,18.0625,18.359375,18.5,18.492188,18.453125,18.421875,18.453125
5109,2021-07-09 15:15:00,3528,27.546875,24.804688,23.953125,23.09375,22.96875,23.210938,22.523438,22.023438,21.4375,18.664062,18.078125,18.367188,18.492188,18.5,18.460938,18.429688,18.460938
5110,2021-07-09 15:30:00,3528,27.5625,25.757812,25.304688,23.96875,23.742188,23.726562,23.21875,22.53125,21.90625,18.859375,18.101562,18.359375,18.492188,18.507812,18.46875,18.445312,18.476562
5111,2021-07-09 15:45:00,3528,27.726562,25.101562,24.539062,23.8125,23.5625,23.476562,23.132812,22.703125,22.125,19.03125,18.140625,18.367188,18.5,18.507812,18.484375,18.445312,18.484375
5112,2021-07-09 16:00:00,3534,28.148438,25.835938,25.117188,24.742188,24.453125,24.28125,23.851562,23.382812,22.710938,19.21875,18.179688,18.359375,18.5,18.515625,18.492188,18.460938,18.492188
5113,2021-07-09 16:15:00,3534,29.132812,26.664062,25.507812,24.84375,24.585938,24.53125,24.09375,23.796875,23.1875,19.453125,18.226562,18.367188,18.507812,18.523438,18.492188,18.476562,18.5
5114,2021-07-09 16:30:00,3528,30.273438,27.742188,26.226562,25.265625,25.164062,25.03125,24.609375,24.289062,23.671875,19.6875,18.273438,18.375,18.5,18.53125,18.507812,18.484375,18.507812
5115,2021-07-09 16:45:00,3534,30.210938,27.046875,25.914062,25.265625,25.15625,24.867188,24.414062,24.148438,23.679688,19.867188,18.328125,18.375,18.507812,18.53125,18.507812,18.492188,18.523438
5116,2021-07-09 17:00:00,3528,30.640625,27.429688,26.257812,25.34375,25.242188,25.171875,24.734375,24.46875,24.0625,20.0625,18.382812,18.382812,18.507812,18.539062,18.515625,18.5,18.53125
5117,2021-07-09 17:15:00,3540,30.921875,28.023438,27.054688,25.8125,25.671875,25.554688,25.085938,24.835938,24.4375,20.28125,18.460938,18.398438,18.515625,18.546875,18.523438,18.515625,18.539062
5118,2021-07-09 17:30:00,3540,31.53125,28.585938,28.039062,26.53125,26.328125,26.15625,25.828125,25.484375,25.0625,20.515625,18.515625,18.40625,18.515625,18.554688,18.53125,18.515625,18.546875
5119,2021-07-09 17:45:00,3534,31.28125,28.382812,27.726562,26.453125,26.171875,26.117188,25.648438,25.34375,24.976562,20.625,18.585938,18.421875,18.515625,18.554688,18.546875,18.53125,18.554688
5120,2021-07-09 18:00:00,3534,31.296875,28.304688,27.84375,26.914062,26.976562,26.65625,25.976562,25.8125,25.375,20.804688,18.65625,18.4375,18.523438,18.5625,18.554688,18.539062,18.570312
5121,2021-07-09 18:15:00,3546,31.421875,28.101562,27.96875,27.382812,27.265625,26.710938,26.296875,25.859375,25.523438,21.007812,18.734375,18.460938,18.53125,18.570312,18.5625,18.546875,18.578125
5122,2021-07-09 18:30:00,3546,31.390625,27.890625,28.242188,27.773438,26.8125,26.335938,26.0625,25.898438,25.664062,21.164062,18.8125,18.484375,18.539062,18.570312,18.570312,18.554688,18.585938
5123,2021-07-09 18:45:00,3540,32.117188,28.960938,29.5,28.765625,27.460938,27.601562,26.859375,26.695312,26.351562,21.40625,18.882812,18.5,18.546875,18.578125,18.578125,18.570312,18.59375
5124,2021-07-09 19:00:00,3540,32.320312,28.820312,29.46875,28.28125,27.179688,27.523438,26.75,26.804688,26.617188,21.6875,18.96875,18.523438,18.546875,18.585938,18.585938,18.578125,18.601562
5125,2021-07-09 19:15:00,3540,33.0,29.78125,30.210938,28.945312,27.9375,27.789062,27.5,27.382812,27.28125,21.9375,19.046875,18.546875,18.554688,18.585938,18.59375,18.585938,18.617188
5126,2021-07-09 19:30:00,3546,32.8125,29.789062,29.765625,28.320312,27.75,27.804688,27.3125,27.414062,27.414062,22.140625,19.132812,18.585938,18.570312,18.59375,18.601562,18.59375,18.625
5127,2021-07-09 19:45:00,3552,32.117188,28.960938,28.75,27.34375,27.40625,27.273438,27.023438,27.398438,27.398438,22.367188,19.21875,18.609375,18.570312,18.601562,18.609375,18.609375,18.640625
5128,2021-07-09 20:00:00,3552,31.773438,29.09375,28.867188,27.265625,27.570312,27.21875,27.117188,27.546875,27.453125,22.507812,19.3125,18.640625,18.585938,18.609375,18.609375,18.609375,18.648438
5129,2021-07-09 20:15:00,3546,32.21875,30.078125,29.273438,28.109375,28.15625,27.984375,28.070312,28.148438,28.09375,22.6875,19.398438,18.679688,18.601562,18.617188,18.625,18.625,18.65625
5130,2021-07-09 20:30:00,3546,32.671875,30.617188,29.695312,28.601562,28.359375,28.390625,28.5,28.46875,28.210938,22.828125,19.492188,18.71875,18.617188,18.625,18.632812,18.625,18.671875
5131,2021-07-09 20:45:00,3552,32.257812,29.796875,28.78125,28.210938,28.140625,28.226562,28.273438,28.523438,28.023438,22.890625,19.585938,18.75,18.617188,18.632812,18.640625,18.640625,18.671875
5132,2021-07-09 21:00:00,3546,31.953125,29.359375,28.71875,27.820312,27.71875,28.351562,28.203125,28.125,27.945312,22.976562,19.671875,18.796875,18.632812,18.640625,18.640625,18.648438,18.6875
5133,2021-07-09 21:15:00,3546,32.039062,29.328125,28.140625,27.84375,27.46875,28.359375,27.828125,27.640625,27.601562,22.84375,19.765625,18.828125,18.648438,18.648438,18.648438,18.65625,18.703125
5134,2021-07-09 21:30:00,3552,32.070312,29.523438,28.273438,27.71875,27.992188,28.53125,27.820312,27.585938,27.40625,22.882812,19.851562,18.875,18.664062,18.65625,18.664062,18.664062,18.710938
5135,2021-07-09 21:45:00,3552,32.148438,29.28125,28.335938,27.726562,28.234375,28.507812,28.078125,27.71875,27.53125,22.914062,19.9375,18.90625,18.6875,18.671875,18.671875,18.679688,18.726562
5136,2021-07-09 22:00:00,3558,31.84375,28.960938,28.09375,27.671875,28.140625,28.132812,27.890625,27.34375,27.132812,22.765625,20.007812,18.953125,18.703125,18.671875,18.679688,18.6875,18.734375
5137,2021-07-09 22:15:00,3552,31.539062,28.945312,28.0625,27.65625,27.789062,28.34375,27.882812,27.460938,27.335938,22.828125,20.078125,19.0,18.71875,18.679688,18.6875,18.703125,18.75
5138,2021-07-09 22:30:00,3552,31.5,29.390625,28.53125,28.085938,27.929688,28.3125,28.023438,27.34375,27.109375,22.71875,20.140625,19.039062,18.75,18.695312,18.695312,18.703125,18.765625
5139,2021-07-09 22:45:00,3552,31.320312,29.429688,28.492188,28.445312,27.859375,28.023438,27.851562,27.265625,26.960938,22.640625,20.203125,19.085938,18.757812,18.710938,18.710938,18.71875,18.78125
5140,2021-07-09 23:00:00,3552,30.898438,28.703125,27.671875,26.820312,26.695312,26.734375,26.359375,26.054688,25.609375,22.320312,20.25,19.125,18.78125,18.71875,18.71875,18.734375,18.789062
5141,2021-07-09 23:15:00,3558,30.859375,28.171875,27.429688,26.375,26.429688,26.382812,26.21875,26.007812,25.53125,22.039062,20.296875,19.179688,18.8125,18.734375,18.734375,18.742188,18.8125
5142,2021-07-09 23:30:00,3552,30.171875,27.664062,27.109375,25.890625,25.851562,25.875,25.726562,25.617188,25.3125,22.046875,20.328125,19.226562,18.835938,18.742188,18.734375,18.757812,18.828125
5143,2021-07-09 23:45:00,3552,28.609375,26.304688,25.765625,24.945312,24.75,24.53125,24.09375,23.507812,23.109375,21.617188,20.351562,19.265625,18.851562,18.765625,18.75,18.765625,18.835938
5144,2021-07-10 00:00:00,3558,26.617188,24.1875,23.789062,23.179688,23.171875,23.007812,22.617188,22.25,21.976562,21.25,20.367188,19.304688,18.882812,18.773438,18.765625,18.78125,18.851562
5145,2021-07-10 00:15:00,3552,25.601562,23.492188,23.273438,22.507812,22.453125,22.351562,21.984375,21.664062,21.4375,21.0625,20.375,19.34375,18.90625,18.789062,18.773438,18.789062,18.867188
5146,2021-07-10 00:30:00,3552,24.570312,22.820312,22.515625,21.867188,21.96875,21.953125,21.6875,21.414062,21.140625,20.921875,20.367188,19.390625,18.9375,18.804688,18.789062,18.804688,18.890625
5147,2021-07-10 00:45:00,3552,23.75,22.265625,22.242188,21.109375,20.960938,20.835938,20.585938,20.335938,20.210938,20.726562,20.359375,19.429688,18.960938,18.820312,18.804688,18.8125,18.90625
5148,2021-07-10 01:00:00,3564,23.429688,22.460938,22.070312,21.125,20.859375,20.648438,20.289062,19.960938,19.851562,20.609375,20.335938,19.460938,18.984375,18.835938,18.8125,18.828125,18.921875
5149,2021-07-10 01:15:00,3546,22.570312,21.242188,21.078125,20.59375,20.515625,20.390625,20.117188,19.898438,19.8125,20.484375,20.320312,19.492188,19.015625,18.84375,18.820312,18.835938,18.929688
5150,2021-07-10 01:30:00,3558,21.8125,20.4375,20.257812,19.789062,19.726562,19.59375,19.273438,19.109375,19.164062,20.3125,20.296875,19.523438,19.046875,18.867188,18.835938,18.859375,18.953125
5151,2021-07-10 01:45:00,3552,21.226562,20.054688,19.921875,19.171875,19.101562,18.9375,18.609375,18.429688,18.523438,20.164062,20.265625,19.554688,19.070312,18.882812,18.851562,18.875,18.96875
5152,2021-07-10 02:00:00,3552,20.578125,19.15625,18.914062,18.507812,18.429688,18.351562,18.171875,18.203125,18.453125,20.03125,20.234375,19.570312,19.09375,18.90625,18.867188,18.890625,18.984375
5153,2021-07-10 02:15:00,3552,20.0,19.148438,19.039062,18.578125,18.53125,18.40625,18.203125,18.109375,18.273438,19.945312,20.210938,19.601562,19.125,18.914062,18.882812,18.90625,19.015625
5154,2021-07-10 02:30:00,3552,19.078125,18.117188,17.976562,17.6875,17.742188,17.757812,17.734375,17.90625,18.203125,19.882812,20.179688,19.625,19.148438,18.945312,18.890625,18.90625,19.023438
5155,2021-07-10 02:45:00,3552,18.453125,17.632812,17.5625,17.28125,17.304688,17.328125,17.3125,17.523438,17.921875,19.796875,20.148438,19.632812,19.179688,18.960938,18.90625,18.929688,19.046875
5156,2021-07-10 03:00:00,3552,17.554688,16.382812,16.265625,16.320312,16.515625,16.734375,16.976562,17.390625,17.851562,19.695312,20.109375,19.648438,19.203125,18.976562,18.921875,18.945312,19.070312
5157,2021-07-10 03:15:00,3552,17.421875,16.921875,16.890625,16.648438,16.6875,16.695312,16.671875,16.789062,17.109375,19.53125,20.078125,19.664062,19.226562,19.0,18.929688,18.96875,19.09375
5158,2021-07-10 03:30:00,3552,16.632812,15.828125,15.8046875,15.7734375,15.859375,15.984375,16.132812,16.453125,16.945312,19.429688,20.046875,19.679688,19.257812,19.015625,18.953125,18.984375,19.109375
5159,2021-07-10 03:45:00,3552,15.9140625,15.234375,15.21875,15.1796875,15.25,15.390625,15.5390625,15.90625,16.445312,19.289062,20.007812,19.6875,19.273438,19.039062,18.976562,18.992188,19.132812
5160,2021-07-10 04:00:00,3558,15.265625,14.59375,14.5625,14.5390625,14.796875,15.0390625,15.2578125,15.71875,16.507812,19.210938,19.976562,19.703125,19.304688,19.0625,18.992188,19.015625,19.15625
5161,2021-07-10 04:15:00,3546,15.234375,14.8984375,14.875,14.6171875,14.8359375,15.0234375,15.1875,15.390625,15.7578125,18.90625,19.9375,19.710938,19.328125,19.078125,19.007812,19.03125,19.171875
5162,2021-07-10 04:30:00,3552,14.921875,14.5,14.5625,14.4140625,14.453125,14.546875,14.6328125,14.953125,15.4765625,18.914062,19.898438,19.710938,19.351562,19.101562,19.023438,19.054688,19.1875
5163,2021-07-10 04:45:00,3552,14.265625,13.7890625,13.8125,13.7421875,13.7421875,13.8515625,13.9921875,14.3828125,15.0625,18.804688,19.859375,19.71875,19.367188,19.125,19.039062,19.070312,19.21875
5164,2021-07-10 05:00:00,3552,13.6796875,13.3203125,13.359375,13.28125,13.296875,13.421875,13.6328125,14.1328125,14.875,18.640625,19.820312,19.726562,19.390625,19.148438,19.0625,19.085938,19.242188
5165,2021-07-10 05:15:00,3546,13.28125,13.0078125,13.078125,13.0625,13.1171875,13.296875,13.5546875,14.078125,14.875,18.53125,19.78125,19.726562,19.414062,19.164062,19.078125,19.109375,19.257812
5166,2021-07-10 05:30:00,3546,13.125,12.9296875,13.0078125,12.9921875,13.078125,13.28125,13.578125,14.09375,14.8515625,18.453125,19.734375,19.734375,19.429688,19.1875,19.101562,19.125,19.28125
5167,2021-07-10 05:45:00,3546,13.0,12.9453125,13.0078125,12.8984375,12.921875,13.046875,13.2265625,13.703125,14.4921875,18.367188,19.6875,19.734375,19.453125,19.210938,19.117188,19.140625,19.304688
5168,2021-07-10 06:00:00,3546,12.7578125,12.5390625,12.609375,12.6171875,12.6328125,12.7578125,12.9453125,13.40625,14.2578125,18.273438,19.640625,19.726562,19.46875,19.234375,19.132812,19.164062,19.320312
5169,2021-07-10 06:15:00,3534,12.4140625,12.2265625,12.296875,12.3046875,12.3828125,12.625,12.9296875,13.4765625,14.296875,18.21875,19.59375,19.726562,19.492188,19.25,19.15625,19.1875,19.34375
5170,2021-07-10 06:30:00,3546,12.125,12.03125,12.1015625,12.1015625,12.1328125,12.3125,12.546875,13.09375,13.9375,18.101562,19.554688,19.726562,19.507812,19.273438,19.179688,19.210938,19.375
5171,2021-07-10 06:45:00,3540,11.9296875,11.859375,11.96875,11.9765625,12.0234375,12.2109375,12.453125,12.9609375,13.78125,18.039062,19.5,19.71875,19.523438,19.289062,19.195312,19.226562,19.390625
5172,2021-07-10 07:00:00,3546,11.8203125,11.8203125,11.9296875,11.90625,11.921875,12.078125,12.2734375,12.7578125,13.515625,17.898438,19.460938,19.710938,19.539062,19.3125,19.210938,19.242188,19.421875
5173,2021-07-10 07:15:00,3546,11.640625,11.6015625,11.703125,11.734375,11.75,11.890625,12.0703125,12.4921875,13.234375,17.773438,19.414062,19.710938,19.546875,19.328125,19.234375,19.265625,19.4375
5174,2021-07-10 07:30:00,3546,11.546875,11.546875,11.6484375,11.6484375,11.6796875,11.8515625,12.0859375,12.609375,13.5546875,17.765625,19.367188,19.695312,19.5625,19.351562,19.257812,19.289062,19.46875
5175,2021-07-10 07:45:00,3540,11.3984375,11.3984375,11.5078125,11.546875,11.609375,11.8203125,12.0703125,12.6953125,13.625,17.703125,19.3125,19.6875,19.578125,19.367188,19.28125,19.304688,19.476562
5176,2021-07-10 08:00:00,3546,11.2734375,11.265625,11.3828125,11.4453125,11.5625,11.8125,12.1484375,12.7265625,13.59375,17.617188,19.28125,19.679688,19.585938,19.390625,19.289062,19.328125,19.507812
5177,2021-07-10 08:15:00,3546,11.21875,11.2578125,11.390625,11.40625,11.4453125,11.6015625,11.7734375,12.1328125,12.7734375,17.484375,19.226562,19.671875,19.59375,19.414062,19.320312,19.351562,19.523438
5178,2021-07-10 08:30:00,3540,11.1640625,11.1796875,11.3359375,11.375,11.4609375,11.703125,12.046875,12.578125,13.390625,17.4375,19.1875,19.65625,19.601562,19.429688,19.335938,19.367188,19.546875
5179,2021-07-10 08:45:00,3546,11.171875,11.3671875,11.4765625,11.4765625,11.546875,11.765625,12.046875,12.5546875,13.3125,17.414062,19.140625,19.648438,19.617188,19.453125,19.359375,19.390625,19.570312
5180,2021-07-10 09:00:00,3540,11.21875,11.3359375,11.4765625,11.4921875,11.5390625,11.6953125,11.9296875,12.3828125,13.046875,17.351562,19.09375,19.632812,19.632812,19.46875,19.375,19.40625,19.585938
5181,2021-07-10 09:15:00,3534,11.171875,11.25,11.3828125,11.375,11.3984375,11.5546875,11.7734375,12.2265625,13.0546875,17.335938,19.054688,19.617188,19.640625,19.484375,19.390625,19.4375,19.609375
5182,2021-07-10 09:30:00,3540,11.078125,11.21875,11.328125,11.4140625,11.5703125,11.84375,12.1484375,12.59375,13.3125,17.296875,19.015625,19.601562,19.640625,19.5,19.421875,19.453125,19.625
5183,2021-07-10 09:45:00,3540,11.40625,11.734375,11.859375,11.7890625,11.8359375,11.9765625,12.1640625,12.5078125,13.0390625,17.1875,18.96875,19.59375,19.65625,19.515625,19.4375,19.476562,19.648438
5184,2021-07-10 10:00:00,3534,11.2421875,11.296875,11.3984375,11.4609375,11.5390625,11.7265625,11.9921875,12.4453125,13.15625,17.1875,18.929688,19.578125,19.65625,19.539062,19.453125,19.5,19.664062
5185,2021-07-10 10:15:00,3534,11.2265625,11.40625,11.515625,11.53125,11.640625,11.875,12.15625,12.6015625,13.2421875,17.171875,18.890625,19.5625,19.664062,19.554688,19.476562,19.507812,19.679688
5186,2021-07-10 10:30:00,3546,12.0078125,12.5703125,12.7109375,12.59375,12.6328125,12.71875,12.8203125,13.0,13.4296875,17.15625,18.867188,19.546875,19.671875,19.5625,19.492188,19.539062,19.703125
5187,2021-07-10 10:45:00,3540,11.8203125,11.796875,11.8671875,11.9296875,11.96875,12.1484375,12.3515625,12.78125,13.4375,17.1875,18.828125,19.539062,19.671875,19.585938,19.515625,19.554688,19.71875
5188,2021-07-10 11:00:00,3534,11.8828125,11.96875,12.0390625,12.0625,12.109375,12.265625,12.4296875,12.7578125,13.3125,17.125,18.789062,19.523438,19.671875,19.601562,19.53125,19.570312,19.734375
5189,2021-07-10 11:15:00,3540,11.359375,11.2421875,11.2890625,11.3984375,11.5,11.71875,11.984375,12.5,13.34375,17.125,18.757812,19.5,19.679688,19.617188,19.554688,19.59375,19.75
5190,2021-07-10 11:30:00,3546,11.140625,11.1953125,11.2421875,11.2734375,11.3515625,11.5234375,11.78125,12.265625,13.0703125,17.0625,18.726562,19.484375,19.679688,19.625,19.5625,19.617188,19.765625
5191,2021-07-10 11:45:00,3540,10.96875,10.8984375,10.9921875,11.0625,11.1171875,11.2578125,11.4609375,11.8828125,12.671875,16.929688,18.695312,19.46875,19.679688,19.640625,19.585938,19.625,19.789062
5192,2021-07-10 12:00:00,3540,11.0625,11.7265625,11.8203125,11.71875,11.875,11.9453125,12.0859375,12.28125,12.7734375,16.882812,18.671875,19.453125,19.679688,19.65625,19.601562,19.648438,19.796875
5193,2021-07-10 12:15:00,3540,11.796875,12.421875,12.6015625,12.7578125,12.875,13.03125,13.125,13.3828125,13.6875,16.945312,18.640625,19.4375,19.679688,19.664062,19.617188,19.664062,19.820312
5194,2021-07-10 12:30:00,3528,12.3984375,13.125,13.28125,13.3671875,13.4765625,13.625,13.78125,14.0,14.234375,16.992188,18.601562,19.421875,19.6875,19.679688,19.640625,19.679688,19.835938
5195,2021-07-10 12:45:00,3540,12.6796875,13.046875,13.21875,13.2890625,13.515625,13.75,13.984375,14.234375,14.546875,17.09375,18.578125,19.398438,19.6875,19.6875,19.65625,19.695312,19.84375
5196,2021-07-10 13:00:00,3528,12.765625,13.0703125,13.28125,13.421875,13.6953125,13.859375,14.0390625,14.265625,14.625,17.148438,18.554688,19.382812,19.679688,19.695312,19.671875,19.71875,19.859375
5197,2021-07-10 13:15:00,3528,12.7109375,13.078125,13.34375,13.6328125,13.8203125,13.8515625,13.90625,14.0703125,14.4765625,17.140625,18.53125,19.367188,19.679688,19.710938,19.6875,19.734375,19.875
5198,2021-07-10 13:30:00,3528,12.8671875,13.171875,13.40625,13.609375,13.8828125,14.046875,14.1015625,14.140625,14.421875,17.125,18.515625,19.351562,19.679688,19.71875,19.703125,19.75,19.890625
5199,2021-07-10 13:45:00,3534,13.2265625,13.5234375,13.65625,13.71875,13.8203125,14.015625,14.15625,14.3046875,14.6171875,17.148438,18.5,19.335938,19.679688,19.726562,19.71875,19.765625,19.898438
5200,2021-07-10 14:00:00,3528,13.21875,13.0859375,13.125,13.140625,13.1953125,13.390625,13.5859375,13.828125,14.25,17.15625,18.484375,19.328125,19.679688,19.734375,19.734375,19.789062,19.921875
5201,2021-07-10 14:15:00,3528,13.6171875,13.7109375,13.703125,13.578125,13.6328125,13.7734375,13.9140625,14.1328125,14.5546875,17.203125,18.476562,19.3125,19.679688,19.75,19.742188,19.796875,19.929688
5202,2021-07-10 14:30:00,3534,17.078125,17.0625,16.859375,16.195312,15.953125,15.9453125,15.71875,15.5390625,15.5703125,17.351562,18.46875,19.289062,19.664062,19.757812,19.757812,19.820312,19.9375
5203,2021-07-10 14:45:00,3528,19.6875,18.382812,18.0625,17.46875,17.273438,17.273438,17.125,16.921875,16.8125,17.625,18.460938,19.289062,19.671875,19.757812,19.78125,19.835938,19.953125
5204,2021-07-10 15:00:00,3528,21.078125,19.023438,18.820312,18.070312,17.898438,17.867188,17.734375,17.492188,17.320312,17.773438,18.453125,19.273438,19.664062,19.773438,19.789062,19.84375,19.960938
5205,2021-07-10 15:15:00,3528,21.1875,19.039062,18.570312,18.296875,18.257812,18.226562,18.15625,18.0625,17.898438,17.953125,18.460938,19.257812,19.664062,19.78125,19.796875,19.859375,19.96875
5206,2021-07-10 15:30:00,3522,20.695312,19.226562,18.8125,18.53125,18.539062,18.421875,18.328125,18.234375,18.132812,18.09375,18.476562,19.25,19.65625,19.789062,19.8125,19.867188,19.984375
5207,2021-07-10 15:45:00,3528,21.398438,19.507812,19.359375,19.078125,19.132812,19.148438,18.96875,18.851562,18.664062,18.25,18.492188,19.242188,19.65625,19.789062,19.820312,19.890625,19.992188
5208,2021-07-10 16:00:00,3528,22.125,20.34375,19.976562,19.734375,19.8125,19.8125,19.65625,19.5,19.273438,18.429688,18.507812,19.234375,19.65625,19.796875,19.835938,19.898438,20.0
5209,2021-07-10 16:15:00,3528,23.265625,21.46875,20.945312,20.734375,20.40625,20.5,20.304688,20.195312,19.875,18.609375,18.546875,19.226562,19.648438,19.804688,19.851562,19.914062,20.007812
5210,2021-07-10 16:30:00,3534,24.53125,22.460938,21.765625,21.570312,21.265625,21.289062,21.171875,20.898438,20.578125,18.820312,18.578125,19.21875,19.648438,19.8125,19.859375,19.921875,20.023438
5211,2021-07-10 16:45:00,3528,25.53125,23.40625,22.460938,22.515625,21.976562,22.007812,21.890625,21.757812,21.453125,19.078125,18.617188,19.21875,19.648438,19.8125,19.867188,19.9375,20.023438
5212,2021-07-10 17:00:00,3534,26.132812,23.90625,22.71875,22.882812,22.265625,22.296875,22.039062,21.921875,21.640625,19.289062,18.65625,19.21875,19.640625,19.820312,19.882812,19.945312,20.039062
5213,2021-07-10 17:15:00,3528,26.859375,24.765625,23.304688,23.289062,22.703125,22.765625,22.5,22.382812,22.117188,19.492188,18.710938,19.226562,19.640625,19.828125,19.890625,19.960938,20.046875
5214,2021-07-10 17:30:00,3534,27.523438,25.46875,23.890625,23.375,23.273438,23.523438,23.09375,23.039062,22.8125,19.703125,18.757812,19.21875,19.632812,19.828125,19.898438,19.96875,20.054688
5215,2021-07-10 17:45:00,3522,28.203125,25.898438,24.5,23.828125,24.03125,24.070312,23.671875,23.578125,23.320312,19.929688,18.820312,19.21875,19.632812,19.835938,19.914062,19.976562,20.0625
5216,2021-07-10 18:00:00,3534,28.632812,26.554688,25.132812,24.304688,24.539062,24.578125,24.125,23.992188,23.65625,20.140625,18.882812,19.234375,19.640625,19.835938,19.914062,19.984375,20.070312
5217,2021-07-10 18:15:00,3534,28.929688,26.4375,25.539062,24.476562,24.71875,24.5625,24.25,24.484375,24.0625,20.414062,18.945312,19.242188,19.640625,19.84375,19.929688,20.0,20.070312
5218,2021-07-10 18:30:00,3528,29.609375,27.039062,26.578125,24.890625,24.945312,25.359375,24.640625,24.65625,24.453125,20.648438,19.015625,19.257812,19.632812,19.851562,19.9375,20.015625,20.078125
5219,2021-07-10 18:45:00,3534,30.40625,28.070312,27.484375,25.554688,25.414062,25.429688,25.132812,25.09375,24.921875,20.820312,19.09375,19.265625,19.640625,19.851562,19.945312,20.023438,20.085938
5220,2021-07-10 17:30:00,3534,27.523438,25.46875,23.890625,23.375,23.273438,23.523438,23.09375,23.039062,22.8125,19.703125,18.757812,19.21875,19.632812,19.828125,19.898438,19.96875,20.054688
5221,2021-07-10 17:45:00,3522,28.203125,25.898438,24.5,23.828125,24.03125,24.070312,23.671875,23.578125,23.320312,19.929688,18.820312,19.21875,19.632812,19.835938,19.914062,19.976562,20.0625
5222,2021-07-10 18:00:00,3534,28.632812,26.554688,25.132812,24.304688,24.539062,24.578125,24.125,23.992188,23.65625,20.140625,18.882812,19.234375,19.640625,19.835938,19.914062,19.984375,20.070312
5223,2021-07-10 18:15:00,3534,28.929688,26.4375,25.539062,24.476562,24.71875,24.5625,24.25,24.484375,24.0625,20.414062,18.945312,19.242188,19.640625,19.84375,19.929688,20.0,20.070312
5224,2021-07-10 18:30:00,3528,29.609375,27.039062,26.578125,24.890625,24.945312,25.359375,24.640625,24.65625,24.453125,20.648438,19.015625,19.257812,19.632812,19.851562,19.9375,20.015625,20.078125
5225,2021-07-10 18:45:00,3534,30.40625,28.070312,27.484375,25.554688,25.414062,25.429688,25.132812,25.09375,24.921875,20.820312,19.09375,19.265625,19.640625,19.851562,19.945312,20.023438,20.085938
5226,2021-07-10 19:00:00,3534,31.039062,28.460938,27.476562,25.898438,25.773438,25.84375,25.65625,25.515625,25.382812,21.101562,19.164062,19.28125,19.632812,19.851562,19.953125,20.023438,20.09375
5227,2021-07-10 19:15:00,3540,31.554688,28.828125,27.382812,26.210938,26.03125,26.148438,25.929688,25.820312,25.71875,21.296875,19.242188,19.296875,19.640625,19.859375,19.960938,20.039062,20.101562
5228,2021-07-10 19:30:00,3540,31.757812,28.984375,27.335938,26.328125,26.195312,26.3125,25.890625,25.992188,25.929688,21.460938,19.328125,19.320312,19.640625,19.859375,19.96875,20.039062,20.101562
5229,2021-07-10 19:45:00,3540,31.804688,29.109375,27.289062,26.367188,26.28125,26.484375,25.9375,26.085938,26.109375,21.671875,19.40625,19.335938,19.648438,19.867188,19.976562,20.054688,20.117188
5230,2021-07-10 20:00:00,3540,31.835938,29.015625,27.148438,26.289062,26.445312,26.265625,25.984375,26.171875,26.34375,21.929688,19.5,19.367188,19.648438,19.875,19.984375,20.0625,20.117188
5231,2021-07-10 20:15:00,3546,31.90625,29.078125,27.273438,26.5,26.71875,26.445312,26.34375,26.570312,26.515625,22.101562,19.585938,19.390625,19.65625,19.867188,19.992188,20.0625,20.125
5232,2021-07-10 20:30:00,3540,32.0625,29.234375,27.625,26.835938,26.695312,26.851562,26.75,27.171875,26.9375,22.226562,19.671875,19.421875,19.664062,19.875,20.0,20.078125,20.125
5233,2021-07-10 20:45:00,3540,31.726562,28.039062,26.59375,25.921875,25.890625,26.40625,26.492188,26.65625,26.632812,22.34375,19.757812,19.453125,19.664062,19.882812,20.0,20.078125,20.132812
5234,2021-07-10 21:00:00,3546,31.429688,27.820312,26.507812,26.21875,25.9375,26.429688,26.679688,26.476562,26.453125,22.398438,19.851562,19.484375,19.671875,19.890625,20.007812,20.085938,20.132812
5235,2021-07-10 21:15:00,3546,30.976562,27.070312,26.109375,25.625,25.640625,26.414062,26.1875,26.296875,26.25,22.46875,19.9375,19.523438,19.679688,19.890625,20.007812,20.09375,20.140625
5236,2021-07-10 21:30:00,3546,30.929688,27.351562,26.351562,25.960938,26.007812,26.476562,26.171875,26.101562,26.109375,22.476562,20.015625,19.554688,19.6875,19.890625,20.023438,20.101562,20.148438
5237,2021-07-10 21:45:00,3546,30.695312,26.945312,26.710938,25.75,25.984375,26.765625,26.335938,26.015625,26.023438,22.460938,20.109375,19.59375,19.703125,19.898438,20.023438,20.109375,20.148438
5238,2021-07-10 22:00:00,3546,30.257812,26.445312,26.382812,25.398438,25.578125,26.6875,25.742188,25.65625,25.789062,22.460938,20.1875,19.625,19.710938,19.90625,20.039062,20.117188,20.164062
5239,2021-07-10 22:15:00,3546,30.1875,26.914062,26.703125,26.085938,26.257812,26.6875,26.046875,25.9375,25.953125,22.4375,20.257812,19.664062,19.726562,19.914062,20.039062,20.117188,20.171875
5240,2021-07-10 22:30:00,3546,29.882812,26.742188,26.429688,25.859375,26.132812,26.210938,25.90625,26.046875,26.078125,22.5625,20.320312,19.703125,19.742188,19.914062,20.046875,20.125,20.171875
5241,2021-07-10 22:45:00,3546,29.257812,26.40625,26.015625,25.578125,25.367188,25.59375,25.3125,25.4375,25.554688,22.4375,20.382812,19.742188,19.75,19.921875,20.046875,20.132812,20.171875
5242,2021-07-10 23:00:00,3546,28.460938,25.625,25.375,24.75,24.75,24.921875,24.890625,25.078125,25.3125,22.351562,20.4375,19.78125,19.773438,19.929688,20.054688,20.140625,20.179688
5243,2021-07-10 23:15:00,3546,28.054688,25.6875,25.398438,24.5,24.6875,24.789062,24.703125,24.804688,24.882812,22.289062,20.492188,19.828125,19.789062,19.9375,20.0625,20.148438,20.1875
5244,2021-07-10 23:30:00,3552,27.398438,24.703125,24.21875,23.757812,23.75,24.078125,23.984375,24.140625,24.226562,22.164062,20.539062,19.859375,19.804688,19.945312,20.070312,20.15625,20.195312
5245,2021-07-10 23:45:00,3546,25.117188,22.554688,21.9375,21.546875,21.367188,21.367188,21.210938,21.3125,21.671875,21.734375,20.585938,19.898438,19.820312,19.953125,20.078125,20.15625,20.203125
5246,2021-07-11 00:00:00,3546,23.742188,22.234375,21.851562,21.335938,21.15625,21.070312,20.859375,20.671875,20.734375,21.382812,20.609375,19.9375,19.835938,19.960938,20.085938,20.171875,20.210938
5247,2021-07-11 00:15:00,3546,22.742188,21.320312,20.992188,20.585938,20.492188,20.453125,20.265625,20.164062,20.242188,21.15625,20.640625,19.976562,19.859375,19.96875,20.085938,20.171875,20.210938
5248,2021-07-11 00:30:00,3552,22.148438,21.0,20.679688,20.1875,20.109375,20.0625,19.914062,19.789062,19.859375,20.992188,20.640625,20.007812,19.882812,19.976562,20.101562,20.171875,20.21875
5249,2021-07-11 00:45:00,3546,21.375,19.773438,19.390625,19.109375,19.03125,19.148438,19.210938,19.429688,19.734375,20.890625,20.640625,20.046875,19.90625,19.984375,20.101562,20.1875,20.226562
5250,2021-07-11 01:00:00,3546,20.617188,19.625,19.265625,18.601562,18.5,18.5,18.554688,18.820312,19.242188,20.765625,20.640625,20.078125,19.921875,20.0,20.117188,20.1875,20.242188
5251,2021-07-11 01:15:00,3552,20.234375,19.484375,19.140625,18.601562,18.46875,18.421875,18.367188,18.507812,18.828125,20.585938,20.625,20.117188,19.945312,20.007812,20.125,20.203125,20.242188
5252,2021-07-11 01:30:00,3552,19.820312,19.125,18.867188,18.429688,18.296875,18.25,18.125,18.15625,18.414062,20.414062,20.609375,20.140625,19.96875,20.023438,20.125,20.210938,20.257812
5253,2021-07-11 01:45:00,3546,19.140625,18.320312,18.007812,17.65625,17.5625,17.601562,17.609375,17.828125,18.242188,20.328125,20.59375,20.171875,19.984375,20.03125,20.132812,20.21875,20.265625
5254,2021-07-11 02:00:00,3552,18.484375,17.601562,17.304688,17.0625,17.140625,17.335938,17.585938,17.945312,18.3125,20.195312,20.570312,20.195312,20.007812,20.046875,20.148438,20.226562,20.273438
5255,2021-07-11 02:15:00,3552,18.234375,17.5625,17.304688,17.039062,17.039062,17.132812,17.242188,17.546875,18.015625,20.109375,20.546875,20.210938,20.03125,20.0625,20.15625,20.234375,20.28125
5256,2021-07-11 02:30:00,3546,17.695312,17.046875,16.773438,16.585938,16.679688,16.859375,17.046875,17.445312,18.0,20.039062,20.523438,20.234375,20.054688,20.070312,20.164062,20.242188,20.296875
5257,2021-07-11 02:45:00,3546,17.34375,16.804688,16.625,16.507812,16.585938,16.734375,16.890625,17.179688,17.585938,19.929688,20.492188,20.257812,20.078125,20.09375,20.171875,20.25,20.304688
5258,2021-07-11 03:00:00,3546,17.546875,17.40625,17.234375,17.015625,17.125,17.1875,17.15625,17.265625,17.617188,19.867188,20.46875,20.265625,20.09375,20.101562,20.1875,20.257812,20.3125
5259,2021-07-11 03:15:00,3546,17.4375,17.140625,16.992188,16.8125,16.820312,16.859375,16.828125,16.96875,17.304688,19.765625,20.4375,20.28125,20.125,20.117188,20.195312,20.273438,20.328125
5260,2021-07-11 03:30:00,3552,16.609375,16.140625,15.9375,15.8125,15.96875,16.140625,16.296875,16.648438,17.148438,19.664062,20.414062,20.296875,20.140625,20.132812,20.203125,20.28125,20.34375
5261,2021-07-11 03:45:00,3546,16.492188,16.554688,16.421875,16.140625,16.15625,16.171875,16.179688,16.296875,16.65625,19.523438,20.382812,20.304688,20.15625,20.148438,20.210938,20.289062,20.34375
5262,2021-07-11 04:00:00,3540,16.148438,15.7890625,15.703125,15.59375,15.578125,15.640625,15.6875,15.921875,16.40625,19.460938,20.351562,20.3125,20.179688,20.164062,20.226562,20.296875,20.359375
5263,2021-07-11 04:15:00,3540,15.3984375,14.8125,14.7109375,14.75,14.7890625,14.9375,15.0859375,15.4921875,16.164062,19.34375,20.320312,20.320312,20.203125,20.179688,20.234375,20.3125,20.375
5264,2021-07-11 04:30:00,3546,14.6875,14.203125,14.1171875,14.1875,14.2265625,14.4296875,14.65625,15.0859375,15.7265625,19.210938,20.289062,20.328125,20.21875,20.195312,20.25,20.320312,20.390625
5265,2021-07-11 04:45:00,3546,14.75,14.8984375,14.8828125,14.578125,14.625,14.6796875,14.734375,14.9140625,15.40625,19.078125,20.257812,20.335938,20.234375,20.210938,20.265625,20.335938,20.40625
5266,2021-07-11 05:00:00,3540,14.2578125,13.921875,13.8984375,13.9375,13.9765625,14.15625,14.359375,14.7578125,15.375,18.976562,20.21875,20.335938,20.257812,20.226562,20.273438,20.34375,20.414062
5267,2021-07-11 05:15:00,3540,14.1328125,13.9765625,13.9609375,13.9375,13.9296875,14.046875,14.15625,14.4453125,15.0234375,18.882812,20.179688,20.335938,20.273438,20.242188,20.289062,20.359375,20.429688
5268,2021-07-11 05:30:00,3540,14.1875,14.4765625,14.4765625,14.3515625,14.359375,14.4296875,14.5,14.71875,15.140625,18.773438,20.148438,20.34375,20.28125,20.257812,20.304688,20.367188,20.445312
5269,2021-07-11 05:45:00,3546,14.2109375,14.2265625,14.203125,14.140625,14.1328125,14.2109375,14.28125,14.546875,15.0703125,18.726562,20.101562,20.34375,20.296875,20.273438,20.3125,20.375,20.453125
5270,2021-07-11 06:00:00,3534,13.5859375,13.3125,13.25,13.3046875,13.328125,13.5078125,13.703125,14.140625,14.859375,18.671875,20.0625,20.34375,20.320312,20.289062,20.328125,20.382812,20.46875
5271,2021-07-11 06:15:00,3540,12.9375,12.7421875,12.6953125,12.6953125,12.7265625,12.90625,13.1171875,13.5859375,14.328125,18.554688,20.023438,20.335938,20.328125,20.304688,20.34375,20.40625,20.484375
5272,2021-07-11 06:30:00,3540,12.390625,12.25,12.25,12.3359375,12.421875,12.6875,13.1015625,13.7734375,14.625,18.421875,19.984375,20.335938,20.34375,20.320312,20.34375,20.414062,20.492188
5273,2021-07-11 06:45:00,3534,12.03125,12.0859375,12.0859375,12.09375,12.1484375,12.375,12.6640625,13.2109375,14.0078125,18.320312,19.945312,20.335938,20.359375,20.335938,20.367188,20.429688,20.515625
5274,2021-07-11 07:00:00,3546,11.8671875,11.9765625,12.0,12.015625,12.046875,12.2109375,12.3984375,12.8359375,13.65625,18.273438,19.90625,20.328125,20.375,20.351562,20.382812,20.445312,20.53125
5275,2021-07-11 07:15:00,3540,11.75,11.890625,11.9296875,11.9140625,11.9140625,12.0625,12.25,12.6953125,13.4375,18.109375,19.867188,20.320312,20.382812,20.359375,20.390625,20.453125,20.539062
5276,2021-07-11 07:30:00,3540,11.4375,11.5625,11.609375,11.6484375,11.7265625,11.9609375,12.2421875,12.78125,13.5234375,18.03125,19.820312,20.320312,20.398438,20.382812,20.40625,20.46875,20.554688
5277,2021-07-11 07:45:00,3540,11.265625,11.390625,11.4375,11.4765625,11.515625,11.7421875,12.0390625,12.59375,13.421875,17.976562,19.773438,20.304688,20.40625,20.390625,20.421875,20.476562,20.5625
5278,2021-07-11 08:00:00,3540,11.1171875,11.25,11.3359375,11.4140625,11.5078125,11.78125,12.046875,12.5625,13.3359375,17.890625,19.734375,20.304688,20.414062,20.414062,20.429688,20.5,20.578125
5279,2021-07-11 08:15:00,3540,10.9921875,11.1328125,11.1875,11.2421875,11.3125,11.5,11.65625,12.015625,12.703125,17.734375,19.6875,20.289062,20.421875,20.421875,20.445312,20.507812,20.59375
5280,2021-07-11 08:30:00,3534,10.96875,11.15625,11.2265625,11.2421875,11.25,11.421875,11.640625,12.078125,12.8125,17.679688,19.648438,20.28125,20.429688,20.4375,20.460938,20.523438,20.601562
5281,2021-07-11 08:45:00,3540,10.96875,11.203125,11.2890625,11.3046875,11.359375,11.5625,11.8359375,12.296875,13.03125,17.648438,19.601562,20.265625,20.4375,20.453125,20.476562,20.53125,20.625
5282,2021-07-11 09:00:00,3528,10.8671875,11.046875,11.140625,11.1953125,11.2734375,11.5,11.75,12.2265625,13.0078125,17.601562,19.554688,20.257812,20.4375,20.460938,20.484375,20.546875,20.632812
5283,2021-07-11 09:15:00,3528,10.796875,11.0390625,11.15625,11.296875,11.4375,11.75,12.109375,12.640625,13.4140625,17.570312,19.515625,20.242188,20.445312,20.476562,20.5,20.554688,20.65625
5284,2021-07-11 09:30:00,3528,10.8671875,11.2890625,11.375,11.359375,11.4921875,11.6796875,12.0,12.5,13.3046875,17.523438,19.476562,20.226562,20.453125,20.492188,20.515625,20.578125,20.664062
5285,2021-07-11 09:45:00,3522,11.0625,11.3984375,11.5234375,11.65625,11.75,11.9765625,12.265625,12.734375,13.4140625,17.5,19.429688,20.210938,20.453125,20.5,20.53125,20.585938,20.671875
5286,2021-07-11 10:00:00,3528,10.796875,11.0078125,11.0859375,11.2421875,11.4453125,11.7890625,12.09375,12.6953125,13.4765625,17.453125,19.382812,20.203125,20.453125,20.515625,20.539062,20.601562,20.6875
5287,2021-07-11 10:15:00,3528,10.734375,10.9921875,11.09375,11.1875,11.296875,11.546875,11.875,12.3984375,13.0859375,17.359375,19.351562,20.1875,20.460938,20.523438,20.5625,20.617188,20.703125
5288,2021-07-11 10:30:00,3528,10.421875,10.6328125,10.796875,11.0234375,11.234375,11.59375,11.9296875,12.4609375,13.1875,17.296875,19.320312,20.171875,20.46875,20.539062,20.5625,20.632812,20.710938
5289,2021-07-11 10:45:00,3528,10.2578125,10.4296875,10.5234375,10.625,10.71875,10.953125,11.2890625,11.859375,12.6640625,17.28125,19.28125,20.15625,20.460938,20.539062,20.578125,20.632812,20.726562
5290,2021-07-11 11:00:00,3534,10.203125,10.8828125,10.4609375,10.3984375,10.421875,10.6015625,10.828125,11.21875,11.9296875,17.125,19.242188,20.140625,20.460938,20.554688,20.59375,20.65625,20.734375
5291,2021-07-11 11:15:00,3528,10.1015625,10.375,10.4375,10.4765625,10.4453125,10.546875,10.6953125,11.0546875,11.71875,16.960938,19.203125,20.117188,20.460938,20.5625,20.601562,20.664062,20.742188
5292,2021-07-11 11:30:00,3534,10.0625,10.46875,10.25,10.234375,10.2109375,10.34375,10.4921875,10.8046875,11.46875,16.921875,19.15625,20.101562,20.46875,20.570312,20.617188,20.679688,20.757812
5293,2021-07-11 11:45:00,3528,10.4296875,10.9296875,10.8359375,10.6875,10.6328125,10.703125,10.7890625,10.984375,11.6171875,16.890625,19.117188,20.078125,20.460938,20.585938,20.632812,20.695312,20.773438
5294,2021-07-11 12:00:00,3522,10.6484375,10.78125,10.8359375,10.875,10.9375,11.078125,11.21875,11.5,12.15625,16.898438,19.078125,20.0625,20.46875,20.585938,20.640625,20.703125,20.78125
5295,2021-07-11 12:15:00,3528,10.75,10.765625,10.8203125,10.8359375,10.859375,10.9765625,11.125,11.4375,12.1171875,16.875,19.03125,20.046875,20.460938,20.601562,20.648438,20.710938,20.796875
5296,2021-07-11 12:30:00,3528,10.78125,10.75,10.8046875,10.859375,10.8984375,11.0625,11.2421875,11.59375,12.2265625,16.835938,18.992188,20.03125,20.460938,20.609375,20.664062,20.726562,20.804688
5297,2021-07-11 12:45:00,3528,10.7265625,10.6953125,10.734375,10.734375,10.765625,10.8828125,11.046875,11.359375,11.9921875,16.773438,18.960938,20.007812,20.460938,20.617188,20.671875,20.742188,20.8125
5298,2021-07-11 13:00:00,3522,10.6640625,10.6171875,10.65625,10.6484375,10.6640625,10.765625,10.9140625,11.2265625,11.8671875,16.710938,18.921875,19.992188,20.460938,20.617188,20.6875,20.75,20.820312
5299,2021-07-11 13:15:00,3528,10.609375,10.5625,10.578125,10.5859375,10.6015625,10.703125,10.859375,11.1875,11.890625,16.695312,18.882812,19.96875,20.453125,20.632812,20.695312,20.765625,20.835938
5300,2021-07-11 13:30:00,3528,10.5625,10.5,10.53125,10.5625,10.578125,10.703125,10.8828125,11.234375,11.9609375,16.671875,18.851562,19.945312,20.445312,20.640625,20.710938,20.773438,20.835938
5301,2021-07-11 13:45:00,3528,10.6484375,10.7109375,10.734375,10.7421875,10.765625,10.890625,11.046875,11.3671875,12.015625,16.648438,18.820312,19.929688,20.4375,20.640625,20.71875,20.78125,20.84375
5302,2021-07-11 14:00:00,3522,10.8671875,10.9609375,10.9453125,10.90625,10.921875,11.015625,11.15625,11.4375,12.0859375,16.640625,18.78125,19.90625,20.4375,20.648438,20.726562,20.796875,20.859375
5303,2021-07-11 14:15:00,3522,11.1796875,11.234375,11.1875,11.1640625,11.1640625,11.234375,11.359375,11.578125,12.140625,16.585938,18.757812,19.890625,20.429688,20.648438,20.734375,20.796875,20.859375
5304,2021-07-11 14:30:00,3528,11.9453125,12.109375,12.03125,11.984375,11.9453125,11.9765625,12.1015625,12.25,12.6953125,16.617188,18.71875,19.875,20.421875,20.65625,20.742188,20.820312,20.867188
5305,2021-07-11 14:45:00,3522,12.21875,12.1328125,12.03125,12.0234375,12.0078125,12.0546875,12.21875,12.4140625,12.9140625,16.671875,18.6875,19.851562,20.414062,20.65625,20.75,20.820312,20.875
5306,2021-07-11 15:00:00,3522,12.7578125,12.5234375,12.40625,12.40625,12.375,12.4140625,12.5859375,12.8046875,13.2421875,16.734375,18.65625,19.828125,20.414062,20.664062,20.765625,20.835938,20.875
5307,2021-07-11 15:15:00,3528,13.828125,13.703125,13.53125,13.4453125,13.375,13.390625,13.546875,13.671875,14.0,16.867188,18.640625,19.8125,20.40625,20.65625,20.765625,20.835938,20.890625
5308,2021-07-11 15:30:00,3516,15.7421875,15.7890625,15.4765625,15.265625,15.0859375,15.0234375,15.171875,15.1953125,15.328125,17.140625,18.617188,19.789062,20.390625,20.671875,20.78125,20.84375,20.898438
5309,2021-07-11 15:45:00,3522,16.859375,15.9375,15.96875,15.90625,15.9375,15.7578125,15.8828125,15.875,15.953125,17.351562,18.601562,19.773438,20.390625,20.671875,20.789062,20.851562,20.898438
5310,2021-07-11 16:00:00,3516,17.640625,16.5,16.328125,16.289062,16.171875,16.117188,16.28125,16.304688,16.390625,17.5,18.59375,19.757812,20.390625,20.664062,20.789062,20.867188,20.90625
5311,2021-07-11 16:15:00,3522,19.0,18.085938,17.71875,17.617188,17.351562,17.171875,17.421875,17.3125,17.273438,17.734375,18.601562,19.734375,20.375,20.671875,20.804688,20.867188,20.914062
5312,2021-07-11 16:30:00,3528,20.234375,18.695312,18.265625,18.515625,17.96875,17.78125,18.171875,18.179688,18.15625,18.0,18.617188,19.726562,20.367188,20.671875,20.804688,20.882812,20.914062
5313,2021-07-11 16:45:00,3522,21.460938,19.453125,19.023438,19.117188,18.570312,18.3125,18.804688,18.875,18.851562,18.273438,18.632812,19.710938,20.359375,20.671875,20.8125,20.882812,20.921875
5314,2021-07-11 17:00:00,3522,22.054688,19.90625,19.328125,19.28125,18.976562,18.695312,19.1875,19.273438,19.242188,18.46875,18.65625,19.695312,20.359375,20.679688,20.8125,20.890625,20.921875
5315,2021-07-11 17:15:00,3516,22.867188,20.9375,20.304688,20.09375,19.8125,19.53125,19.976562,20.015625,19.976562,18.695312,18.695312,19.679688,20.34375,20.679688,20.820312,20.898438,20.921875
5316,2021-07-11 17:30:00,3522,23.898438,21.945312,21.382812,21.054688,20.664062,20.289062,20.734375,20.75,20.679688,18.9375,18.742188,19.679688,20.335938,20.679688,20.828125,20.90625,20.9375
5317,2021-07-11 17:45:00,3522,24.0,22.171875,21.617188,21.25,20.6875,20.804688,20.75,20.84375,20.828125,19.117188,18.789062,19.671875,20.328125,20.679688,20.828125,20.90625,20.929688
5318,2021-07-11 18:00:00,3522,25.179688,22.726562,22.976562,22.507812,21.273438,21.609375,21.601562,21.554688,21.460938,19.382812,18.84375,19.65625,20.320312,20.671875,20.835938,20.914062,20.9375
5319,2021-07-11 18:15:00,3516,25.789062,23.453125,23.734375,23.289062,22.03125,22.734375,22.695312,22.640625,22.523438,19.71875,18.898438,19.664062,20.3125,20.671875,20.84375,20.921875,20.9375
5320,2021-07-11 18:30:00,3522,25.695312,23.46875,23.367188,23.320312,22.078125,22.921875,22.65625,22.8125,22.875,20.007812,18.953125,19.664062,20.304688,20.671875,20.84375,20.921875,20.9375
5321,2021-07-11 18:45:00,3522,25.945312,23.59375,23.390625,22.914062,22.109375,22.398438,22.375,22.640625,22.835938,20.1875,19.023438,19.664062,20.304688,20.671875,20.84375,20.929688,20.945312
5322,2021-07-11 19:00:00,3522,26.046875,23.445312,22.882812,22.726562,22.101562,22.523438,22.4375,23.046875,23.1875,20.414062,19.09375,19.671875,20.296875,20.671875,20.851562,20.929688,20.945312
5323,2021-07-11 19:15:00,3534,26.234375,23.5625,22.710938,22.804688,22.296875,22.84375,22.867188,23.414062,23.679688,20.640625,19.164062,19.679688,20.289062,20.664062,20.84375,20.9375,20.945312
5324,2021-07-11 19:30:00,3528,26.460938,23.617188,22.59375,22.703125,22.078125,22.648438,22.492188,23.140625,23.6875,20.859375,19.242188,19.695312,20.289062,20.671875,20.851562,20.9375,20.945312
5325,2021-07-11 19:45:00,3522,26.234375,23.382812,22.507812,22.429688,21.890625,22.203125,22.273438,22.875,23.3125,20.96875,19.328125,19.703125,20.28125,20.664062,20.859375,20.945312,20.945312
5326,2021-07-11 20:00:00,3528,26.453125,23.585938,22.929688,22.601562,22.476562,22.835938,22.65625,23.40625,23.9375,21.234375,19.421875,19.726562,20.289062,20.664062,20.867188,20.945312,20.945312
5327,2021-07-11 20:15:00,3528,26.101562,23.359375,22.742188,22.359375,22.257812,22.53125,22.882812,23.679688,24.40625,21.421875,19.5,19.742188,20.28125,20.664062,20.859375,20.953125,20.945312
5328,2021-07-11 19:00:00,3522,26.046875,23.445312,22.882812,22.726562,22.101562,22.523438,22.4375,23.046875,23.1875,20.414062,19.09375,19.671875,20.296875,20.671875,20.851562,20.929688,20.945312
5329,2021-07-11 19:15:00,3534,26.234375,23.5625,22.710938,22.804688,22.296875,22.84375,22.867188,23.414062,23.679688,20.640625,19.164062,19.679688,20.289062,20.664062,20.84375,20.9375,20.945312
5330,2021-07-11 19:30:00,3528,26.460938,23.617188,22.59375,22.703125,22.078125,22.648438,22.492188,23.140625,23.6875,20.859375,19.242188,19.695312,20.289062,20.671875,20.851562,20.9375,20.945312
5331,2021-07-11 19:45:00,3522,26.234375,23.382812,22.507812,22.429688,21.890625,22.203125,22.273438,22.875,23.3125,20.96875,19.328125,19.703125,20.28125,20.664062,20.859375,20.945312,20.945312
5332,2021-07-11 20:00:00,3528,26.453125,23.585938,22.929688,22.601562,22.476562,22.835938,22.65625,23.40625,23.9375,21.234375,19.421875,19.726562,20.289062,20.664062,20.867188,20.945312,20.945312
5333,2021-07-11 20:15:00,3528,26.101562,23.359375,22.742188,22.359375,22.257812,22.53125,22.882812,23.679688,24.40625,21.421875,19.5,19.742188,20.28125,20.664062,20.859375,20.953125,20.945312
5334,2021-07-11 20:30:00,3528,26.414062,24.210938,23.726562,23.085938,22.960938,23.28125,24.03125,24.773438,25.085938,21.609375,19.59375,19.757812,20.28125,20.664062,20.867188,20.953125,20.953125
5335,2021-07-11 20:45:00,3534,26.101562,23.679688,23.265625,22.25,22.164062,22.710938,23.789062,24.078125,24.648438,21.804688,19.671875,19.78125,20.28125,20.664062,20.859375,20.953125,20.953125
5336,2021-07-11 21:00:00,3522,26.0625,24.0,23.835938,22.585938,22.65625,23.632812,25.09375,24.960938,25.390625,21.960938,19.757812,19.804688,20.273438,20.664062,20.859375,20.953125,20.945312
5337,2021-07-11 21:15:00,3528,25.335938,22.867188,22.429688,21.609375,21.6875,22.742188,23.351562,23.976562,24.734375,21.984375,19.84375,19.835938,20.28125,20.664062,20.859375,20.953125,20.945312
5338,2021-07-11 21:30:00,3528,25.40625,23.257812,22.476562,21.820312,22.140625,23.960938,23.90625,24.5625,25.21875,22.132812,19.9375,19.859375,20.28125,20.65625,20.867188,20.953125,20.945312
5339,2021-07-11 21:45:00,3528,24.921875,22.671875,22.289062,21.554688,22.109375,23.953125,23.914062,24.429688,25.085938,22.21875,20.03125,19.890625,20.289062,20.65625,20.859375,20.960938,20.945312
5340,2021-07-11 22:00:00,3528,24.523438,21.710938,21.585938,21.054688,21.765625,23.3125,23.203125,23.9375,24.734375,22.304688,20.117188,19.929688,20.289062,20.65625,20.867188,20.960938,20.945312
5341,2021-07-11 22:15:00,3528,23.875,20.90625,21.179688,20.476562,21.117188,22.953125,22.484375,23.28125,24.132812,22.265625,20.203125,19.953125,20.296875,20.65625,20.867188,20.960938,20.945312
5342,2021-07-11 22:30:00,3528,23.4375,21.085938,21.515625,20.914062,21.632812,22.664062,23.125,23.679688,24.359375,22.304688,20.28125,19.984375,20.304688,20.65625,20.867188,20.960938,20.9375
5343,2021-07-11 22:45:00,3528,22.953125,20.796875,20.679688,20.59375,21.21875,22.421875,22.59375,23.046875,23.695312,22.296875,20.359375,20.03125,20.3125,20.65625,20.867188,20.960938,20.945312
5344,2021-07-11 23:00:00,3522,22.5625,20.6875,20.367188,20.1875,20.710938,21.789062,21.8125,22.101562,22.6875,22.0625,20.429688,20.0625,20.320312,20.65625,20.867188,20.96875,20.945312
5345,2021-07-11 23:15:00,3528,21.8125,20.0625,19.78125,19.679688,20.21875,21.523438,21.015625,21.421875,22.25,21.78125,20.492188,20.101562,20.328125,20.648438,20.867188,20.960938,20.9375
5346,2021-07-11 23:30:00,3528,20.960938,19.179688,18.882812,19.023438,19.601562,20.8125,20.390625,20.960938,21.5625,21.625,20.546875,20.132812,20.335938,20.65625,20.875,20.96875,20.9375
5347,2021-07-11 23:45:00,3534,18.75,16.539062,16.34375,16.421875,16.429688,16.679688,16.882812,17.59375,18.617188,21.101562,20.585938,20.179688,20.351562,20.65625,20.867188,20.960938,20.9375
5348,2021-07-12 00:00:00,3528,17.335938,15.953125,15.90625,15.8515625,15.7421875,15.859375,16.015625,16.460938,17.273438,20.609375,20.601562,20.210938,20.359375,20.65625,20.867188,20.960938,20.9375
5349,2021-07-12 00:15:00,3534,16.476562,15.359375,15.421875,15.3671875,15.3515625,15.421875,15.53125,15.890625,16.570312,20.28125,20.609375,20.242188,20.375,20.664062,20.875,20.960938,20.9375
5350,2021-07-12 00:30:00,3528,15.9453125,15.2109375,15.28125,15.2578125,15.2578125,15.640625,15.46875,15.765625,16.367188,20.046875,20.609375,20.28125,20.382812,20.664062,20.867188,20.96875,20.9375
5351,2021-07-12 00:45:00,3540,15.4921875,14.7890625,14.8828125,14.796875,14.6875,14.8125,14.90625,15.3046875,16.0,19.867188,20.585938,20.3125,20.40625,20.671875,20.867188,20.960938,20.945312
5352,2021-07-12 01:00:00,3528,15.2109375,14.65625,14.7421875,14.6484375,14.5,14.5546875,14.6171875,14.9140625,15.515625,19.617188,20.554688,20.335938,20.414062,20.671875,20.867188,20.96875,20.945312
5353,2021-07-12 01:15:00,3522,14.3828125,13.671875,13.71875,13.71875,13.625,13.7265625,13.8515625,14.2734375,15.0234375,19.421875,20.523438,20.359375,20.4375,20.671875,20.875,20.960938,20.945312
5354,2021-07-12 01:30:00,3534,13.875,13.375,13.453125,13.421875,13.2890625,13.359375,13.453125,13.7734375,14.4765625,19.21875,20.476562,20.382812,20.445312,20.679688,20.882812,20.96875,20.9375
5355,2021-07-12 01:45:00,3528,13.2109375,12.7109375,12.8046875,12.78125,12.6953125,12.8046875,12.96875,13.421875,14.234375,19.046875,20.4375,20.398438,20.460938,20.6875,20.875,20.96875,20.945312
5356,2021-07-12 02:00:00,3534,12.7578125,12.40625,12.5078125,12.46875,12.3828125,12.4921875,12.65625,13.1484375,13.96875,18.882812,20.382812,20.421875,20.484375,20.6875,20.882812,20.976562,20.945312
5357,2021-07-12 02:15:00,3528,12.203125,11.859375,11.9296875,11.9453125,11.890625,12.03125,12.25,12.78125,13.609375,18.71875,20.328125,20.421875,20.492188,20.695312,20.882812,20.96875,20.945312
5358,2021-07-12 02:30:00,3528,11.78125,11.5078125,11.6015625,11.6484375,11.6171875,11.796875,12.0703125,12.6796875,13.6328125,18.632812,20.273438,20.4375,20.507812,20.695312,20.882812,20.976562,20.953125
5359,2021-07-12 02:45:00,3522,11.4296875,11.3046875,11.40625,11.4453125,11.40625,11.59375,11.890625,12.4921875,13.4296875,18.5,20.210938,20.4375,20.523438,20.710938,20.890625,20.976562,20.953125
5360,2021-07-12 03:00:00,3528,11.3828125,11.3828125,11.484375,11.4609375,11.3828125,11.4765625,11.640625,12.1015625,12.890625,18.296875,20.15625,20.445312,20.53125,20.71875,20.890625,20.976562,20.945312
5361,2021-07-12 03:15:00,3528,11.640625,11.7109375,11.7734375,11.71875,11.6640625,11.7421875,11.8359375,12.1328125,12.7421875,18.078125,20.101562,20.4375,20.546875,20.71875,20.890625,20.984375,20.953125
5362,2021-07-12 03:30:00,3528,11.6328125,11.4765625,11.5,11.484375,11.4609375,11.5625,11.6796875,12.015625,12.625,17.945312,20.039062,20.4375,20.5625,20.726562,20.898438,20.976562,20.960938
5363,2021-07-12 03:45:00,3522,11.5625,11.375,11.3984375,11.390625,11.3828125,11.515625,11.6796875,12.0546875,12.7109375,17.875,19.976562,20.4375,20.570312,20.726562,20.898438,20.984375,20.960938
5364,2021-07-12 04:00:00,3522,11.5546875,11.4375,11.4765625,11.4296875,11.4375,11.6015625,11.8125,12.25,12.9296875,17.851562,19.914062,20.429688,20.578125,20.742188,20.898438,20.984375,20.960938
5365,2021-07-12 04:15:00,3528,11.734375,11.6640625,11.703125,11.6484375,11.625,11.71875,11.84375,12.15625,12.78125,17.78125,19.851562,20.421875,20.59375,20.75,20.90625,20.984375,20.96875
5366,2021-07-12 04:30:00,3528,11.7421875,11.5859375,11.609375,11.5703125,11.5625,11.6875,11.8671875,12.2734375,12.96875,17.773438,19.796875,20.40625,20.59375,20.757812,20.90625,20.984375,20.96875
5367,2021-07-12 04:45:00,3522,11.6171875,11.4375,11.46875,11.4375,11.4296875,11.5546875,11.6953125,12.0859375,12.75,17.664062,19.742188,20.398438,20.609375,20.773438,20.914062,20.992188,20.96875
5368,2021-07-12 05:00:00,3522,11.6015625,11.484375,11.5234375,11.484375,11.484375,11.609375,11.78125,12.140625,12.7734375,17.570312,19.6875,20.382812,20.617188,20.78125,20.921875,20.992188,20.96875
5369,2021-07-12 05:15:00,3528,11.5078125,11.328125,11.3515625,11.3359375,11.3515625,11.5078125,11.6953125,12.15625,12.828125,17.5625,19.632812,20.375,20.617188,20.789062,20.921875,20.992188,20.976562
5370,2021-07-12 05:30:00,3528,11.53125,11.4140625,11.4453125,11.40625,11.3984375,11.53125,11.6875,12.0703125,12.6953125,17.492188,19.585938,20.359375,20.632812,20.789062,20.921875,21.0,20.976562
5371,2021-07-12 05:45:00,3522,11.5078125,11.359375,11.3828125,11.3828125,11.390625,11.5234375,11.6796875,12.0625,12.703125,17.429688,19.539062,20.335938,20.625,20.796875,20.929688,21.0,20.984375
5372,2021-07-12 06:00:00,3528,11.4609375,11.3359375,11.359375,11.3359375,11.359375,11.5078125,11.71875,12.109375,12.7734375,17.398438,19.492188,20.320312,20.632812,20.804688,20.929688,21.0,20.984375
5373,2021-07-12 06:15:00,3522,11.4140625,11.2578125,11.2734375,11.2734375,11.296875,11.453125,11.6640625,12.109375,12.828125,17.390625,19.453125,20.304688,20.632812,20.8125,20.945312,21.007812,20.984375
5374,2021-07-12 06:30:00,3522,11.21875,11.0,11.0078125,11.0234375,11.0546875,11.21875,11.3984375,11.84375,12.5546875,17.320312,19.40625,20.289062,20.632812,20.820312,20.945312,21.007812,20.984375
5375,2021-07-12 06:45:00,3528,11.1796875,11.0390625,11.0625,11.0546875,11.0703125,11.21875,11.40625,11.8203125,12.46875,17.242188,19.359375,20.265625,20.640625,20.828125,20.945312,21.015625,20.992188
5376,2021-07-12 07:00:00,3522,11.0859375,10.921875,10.9375,10.9453125,10.96875,11.109375,11.2890625,11.703125,12.4140625,17.203125,19.320312,20.25,20.632812,20.835938,20.960938,21.015625,20.992188
5377,2021-07-12 07:15:00,3516,10.9453125,10.7734375,10.7890625,10.8125,10.8515625,10.9921875,11.1796875,11.609375,12.3125,17.140625,19.28125,20.234375,20.632812,20.828125,20.960938,21.023438,21.0
5378,2021-07-12 07:30:00,3522,10.8515625,10.6953125,10.7109375,10.734375,10.78125,10.9375,11.1328125,11.5859375,12.3515625,17.132812,19.242188,20.21875,20.632812,20.835938,20.960938,21.023438,21.0
5379,2021-07-12 07:45:00,3516,10.78125,10.6484375,10.6796875,10.6953125,10.7421875,10.890625,11.09375,11.5390625,12.2734375,17.078125,19.203125,20.203125,20.632812,20.84375,20.96875,21.03125,21.007812
5380,2021-07-12 08:00:00,3522,10.6953125,10.5703125,10.6015625,10.6171875,10.6484375,10.8125,11.015625,11.421875,12.109375,17.0,19.164062,20.179688,20.625,20.851562,20.976562,21.03125,21.007812
5381,2021-07-12 08:15:00,3522,10.6796875,10.5703125,10.6015625,10.640625,10.6953125,10.875,11.1171875,11.609375,12.3203125,16.984375,19.125,20.164062,20.625,20.851562,20.976562,21.039062,21.007812
5382,2021-07-12 08:30:00,3516,10.5625,10.421875,10.4375,10.46875,10.515625,10.6640625,10.8828125,11.3203125,12.03125,16.914062,19.09375,20.140625,20.617188,20.859375,20.984375,21.039062,21.007812
5383,2021-07-12 08:45:00,3522,10.53125,10.46875,10.5,10.5234375,10.546875,10.6875,10.859375,11.2421875,11.9453125,16.84375,19.054688,20.117188,20.617188,20.859375,20.984375,21.039062,21.015625
5384,2021-07-12 09:00:00,3516,10.546875,10.46875,10.484375,10.515625,10.5546875,10.703125,10.875,11.25,11.921875,16.78125,19.023438,20.101562,20.617188,20.859375,20.992188,21.046875,21.015625
5385,2021-07-12 09:15:00,3522,10.4296875,10.296875,10.3125,10.34375,10.3828125,10.5234375,10.6875,11.078125,11.7578125,16.71875,18.976562,20.078125,20.601562,20.859375,21.0,21.046875,21.023438
5386,2021-07-12 09:30:00,3510,10.3828125,10.3203125,10.34375,10.359375,10.390625,10.515625,10.6875,11.0625,11.7265625,16.6875,18.945312,20.054688,20.609375,20.867188,21.0,21.054688,21.023438
5387,2021-07-12 09:45:00,3516,10.3671875,10.2578125,10.28125,10.3046875,10.3359375,10.453125,10.59375,10.953125,11.609375,16.632812,18.90625,20.039062,20.59375,20.867188,21.007812,21.054688,21.023438
5388,2021-07-12 10:00:00,3522,10.359375,10.34375,10.3828125,10.3828125,10.3984375,10.5078125,10.6484375,10.984375,11.609375,16.546875,18.875,20.015625,20.585938,20.875,21.007812,21.054688,21.015625
5389,2021-07-12 10:15:00,3516,10.328125,10.21875,10.2265625,10.2578125,10.2890625,10.40625,10.5390625,10.875,11.5,16.507812,18.835938,19.992188,20.578125,20.867188,21.007812,21.0625,21.015625
5390,2021-07-12 10:30:00,3510,10.1953125,10.0859375,10.109375,10.1328125,10.15625,10.2890625,10.46875,10.84375,11.484375,16.4375,18.804688,19.976562,20.570312,20.867188,21.015625,21.0625,21.023438
5391,2021-07-12 10:45:00,3516,10.1640625,10.109375,10.140625,10.1484375,10.15625,10.265625,10.40625,10.734375,11.3828125,16.429688,18.757812,19.953125,20.5625,20.875,21.007812,21.054688,21.023438
5392,2021-07-12 11:00:00,3510,10.1171875,10.03125,10.046875,10.0546875,10.0703125,10.1796875,10.3125,10.6484375,11.3046875,16.382812,18.726562,19.929688,20.5625,20.867188,21.023438,21.070312,21.015625
5393,2021-07-12 11:15:00,3510,10.125,10.0546875,10.078125,10.09375,10.09375,10.1796875,10.28125,10.5546875,11.1484375,16.328125,18.6875,19.914062,20.546875,20.875,21.015625,21.070312,21.023438
5394,2021-07-12 11:30:00,3504,10.125,10.0703125,10.09375,10.109375,10.1171875,10.21875,10.3515625,10.671875,11.28125,16.28125,18.640625,19.890625,20.539062,20.867188,21.015625,21.070312,21.023438
5395,2021-07-12 11:45:00,3510,10.109375,10.046875,10.078125,10.0703125,10.078125,10.171875,10.2734375,10.5390625,11.1171875,16.21875,18.617188,19.867188,20.53125,20.867188,21.023438,21.070312,21.023438
5396,2021-07-12 12:00:00,3510,10.1328125,10.109375,10.140625,10.140625,10.140625,10.234375,10.328125,10.5859375,11.1484375,16.171875,18.578125,19.84375,20.515625,20.867188,21.023438,21.070312,21.015625
5397,2021-07-12 12:15:00,3516,10.0625,9.9921875,10.0234375,10.0234375,10.03125,10.1328125,10.25,10.5546875,11.125,16.09375,18.539062,19.820312,20.507812,20.867188,21.023438,21.070312,21.023438
5398,2021-07-12 12:30:00,3510,10.046875,9.9765625,10.0078125,10.015625,10.03125,10.1328125,10.265625,10.5703125,11.1640625,16.078125,18.507812,19.796875,20.5,20.867188,21.023438,21.070312,21.015625
5399,2021-07-12 12:45:00,3510,10.0,9.9140625,9.9375,9.9453125,9.953125,10.046875,10.1640625,10.4296875,11.0,16.046875,18.46875,19.78125,20.484375,20.859375,21.023438,21.078125,21.015625
5400,2021-07-12 13:00:00,3510,9.90625,9.8046875,9.8203125,9.8359375,9.8515625,9.953125,10.078125,10.359375,10.9453125,15.96875,18.4375,19.757812,20.476562,20.859375,21.023438,21.070312,21.015625
5401,2021-07-12 13:15:00,3504,9.8671875,9.796875,9.8203125,9.84375,9.8671875,9.9765625,10.109375,10.421875,11.03125,15.9609375,18.398438,19.734375,20.460938,20.851562,21.023438,21.078125,21.015625
5402,2021-07-12 13:30:00,3504,9.890625,9.875,9.8984375,9.90625,9.8984375,10.0,10.1015625,10.375,10.9609375,15.9296875,18.367188,19.703125,20.453125,20.851562,21.023438,21.078125,21.015625
5403,2021-07-12 13:45:00,3510,9.9609375,9.8828125,9.8984375,9.921875,9.9453125,10.046875,10.1484375,10.421875,10.984375,15.8828125,18.328125,19.6875,20.445312,20.84375,21.023438,21.070312,21.015625
5404,2021-07-12 14:00:00,3510,10.0234375,9.984375,9.9921875,10.0,10.015625,10.109375,10.21875,10.4921875,11.03125,15.8515625,18.296875,19.664062,20.429688,20.84375,21.015625,21.078125,21.007812
5405,2021-07-12 14:15:00,3510,10.1640625,10.1484375,10.15625,10.171875,10.1953125,10.296875,10.3984375,10.65625,11.1875,15.8515625,18.257812,19.640625,20.421875,20.835938,21.015625,21.070312,21.007812
5406,2021-07-12 14:30:00,3504,10.328125,10.3125,10.3125,10.3046875,10.328125,10.4375,10.5390625,10.8046875,11.3125,15.8515625,18.226562,19.617188,20.40625,20.828125,21.015625,21.078125,21.0
5407,2021-07-12 14:45:00,3504,10.46875,10.40625,10.3984375,10.390625,10.421875,10.5234375,10.6484375,10.8984375,11.390625,15.8515625,18.203125,19.59375,20.390625,20.828125,21.015625,21.070312,21.0
5408,2021-07-12 15:00:00,3504,10.6640625,10.5859375,10.5546875,10.53125,10.5859375,10.6953125,10.8359375,11.1015625,11.6171875,15.890625,18.164062,19.570312,20.375,20.820312,21.015625,21.0625,20.992188
5409,2021-07-12 15:15:00,3504,10.8828125,10.796875,10.7578125,10.7578125,10.8203125,10.9453125,11.109375,11.4140625,11.953125,15.953125,18.140625,19.546875,20.367188,20.8125,21.007812,21.0625,20.992188
5410,2021-07-12 15:30:00,3504,11.1953125,11.0625,10.9921875,10.984375,11.046875,11.15625,11.2890625,11.5625,12.078125,16.0,18.109375,19.523438,20.351562,20.804688,21.015625,21.070312,20.992188
5411,2021-07-12 15:45:00,3498,11.5390625,11.359375,11.2734375,11.2734375,11.328125,11.4296875,11.5703125,11.8359375,12.2890625,16.015625,18.085938,19.492188,20.328125,20.804688,21.007812,21.0625,20.984375
5412,2021-07-12 16:00:00,3504,11.8828125,11.7265625,11.6171875,11.609375,11.6875,11.796875,11.9296875,12.171875,12.625,16.09375,18.0625,19.46875,20.320312,20.796875,21.007812,21.054688,20.976562
5413,2021-07-12 16:15:00,3516,12.09375,11.7890625,11.625,11.609375,11.6796875,11.765625,11.8671875,12.078125,12.4921875,16.109375,18.046875,19.453125,20.304688,20.78125,21.0,21.054688,20.96875
5414,2021-07-12 16:30:00,3504,12.578125,12.3671875,12.171875,12.125,12.203125,12.3203125,12.4453125,12.6640625,13.03125,16.195312,18.039062,19.429688,20.296875,20.773438,21.0,21.054688,20.96875
5415,2021-07-12 16:45:00,3498,13.0859375,12.71875,12.5078125,12.453125,12.5625,12.65625,12.796875,13.0234375,13.390625,16.289062,18.023438,19.398438,20.273438,20.773438,20.992188,21.046875,20.960938
5416,2021-07-12 17:00:00,3498,13.734375,13.328125,13.0703125,13.0390625,13.1796875,13.296875,13.4609375,13.6953125,14.0546875,16.453125,18.015625,19.382812,20.257812,20.765625,20.984375,21.046875,20.953125
5417,2021-07-12 17:15:00,3510,14.0859375,13.515625,13.1640625,13.140625,13.2890625,13.4140625,13.5703125,13.875,14.296875,16.5625,18.007812,19.367188,20.25,20.75,20.984375,21.039062,20.953125
5418,2021-07-12 17:30:00,3504,14.5234375,13.59375,13.25,13.265625,13.453125,13.546875,13.734375,14.09375,14.4921875,16.648438,18.007812,19.34375,20.234375,20.742188,20.976562,21.039062,20.945312
5419,2021-07-12 17:45:00,3498,15.1796875,14.5390625,14.140625,14.0703125,14.203125,14.3046875,14.484375,14.7734375,15.125,16.796875,18.015625,19.328125,20.210938,20.734375,20.976562,21.03125,20.9375
5420,2021-07-12 18:00:00,3504,15.7109375,14.71875,14.171875,14.15625,14.359375,14.421875,14.5546875,14.84375,15.1875,16.90625,18.015625,19.3125,20.203125,20.726562,20.96875,21.023438,20.929688
5421,2021-07-12 18:15:00,3504,15.59375,14.703125,14.234375,14.0546875,14.1953125,14.2265625,14.34375,14.5859375,14.96875,16.929688,18.03125,19.296875,20.1875,20.71875,20.960938,21.023438,20.921875
5422,2021-07-12 18:30:00,3498,16.0625,15.2890625,14.796875,14.625,14.7890625,14.828125,14.9921875,15.2109375,15.5234375,17.023438,18.046875,19.289062,20.179688,20.703125,20.960938,21.015625,20.914062
5423,2021-07-12 18:45:00,3504,17.0,16.34375,15.7734375,15.5546875,15.6953125,15.734375,15.8984375,16.15625,16.445312,17.265625,18.0625,19.265625,20.164062,20.695312,20.953125,21.015625,20.90625
5424,2021-07-12 19:00:00,3504,19.539062,19.328125,18.351562,18.078125,17.921875,17.984375,18.148438,18.234375,18.179688,17.664062,18.078125,19.257812,20.148438,20.6875,20.945312,21.0,20.898438
5425,2021-07-12 19:15:00,3504,21.390625,20.492188,19.21875,19.460938,19.171875,19.4375,19.492188,19.8125,19.84375,18.15625,18.109375,19.25,20.140625,20.679688,20.9375,21.0,20.890625
5426,2021-07-12 19:30:00,3510,22.484375,21.851562,20.484375,20.265625,20.109375,20.203125,20.335938,20.609375,20.78125,18.492188,18.140625,19.242188,20.125,20.671875,20.9375,20.992188,20.882812
5427,2021-07-12 19:45:00,3504,23.34375,21.992188,20.882812,20.828125,20.5625,20.664062,20.8125,21.210938,21.53125,18.929688,18.195312,19.242188,20.117188,20.664062,20.921875,20.984375,20.875
5428,2021-07-12 20:00:00,3510,23.867188,22.453125,21.3125,21.070312,20.859375,20.914062,21.007812,21.523438,21.929688,19.234375,18.25,19.226562,20.09375,20.648438,20.921875,20.984375,20.859375
5429,2021-07-12 20:15:00,3504,23.765625,22.0,21.070312,20.671875,20.578125,20.328125,20.648438,21.367188,21.75,19.421875,18.320312,19.234375,20.085938,20.640625,20.914062,20.976562,20.859375
5430,2021-07-12 20:30:00,3504,23.84375,22.421875,21.289062,20.96875,20.6875,20.710938,21.070312,21.804688,22.03125,19.617188,18.398438,19.226562,20.078125,20.632812,20.90625,20.96875,20.84375
5431,2021-07-12 20:45:00,3510,24.0,21.984375,21.140625,20.921875,20.4375,20.773438,21.304688,21.867188,22.085938,19.789062,18.484375,19.234375,20.0625,20.625,20.898438,20.960938,20.84375
5432,2021-07-12 21:00:00,3510,23.6875,21.460938,20.875,20.445312,20.070312,20.453125,21.367188,21.351562,21.882812,19.851562,18.5625,19.234375,20.046875,20.609375,20.890625,20.960938,20.835938
5433,2021-07-12 21:15:00,3510,23.78125,22.351562,21.085938,20.554688,20.554688,21.101562,21.851562,21.671875,22.0625,19.90625,18.648438,19.25,20.039062,20.601562,20.882812,20.945312,20.820312
5434,2021-07-12 21:30:00,3510,23.476562,21.46875,20.5,20.101562,20.21875,21.625,21.453125,21.5,21.875,20.007812,18.726562,19.265625,20.039062,20.59375,20.875,20.9375,20.8125
5435,2021-07-12 21:45:00,3522,23.289062,20.867188,20.21875,19.882812,20.132812,21.65625,21.164062,21.203125,21.53125,20.015625,18.804688,19.273438,20.03125,20.578125,20.867188,20.929688,20.804688
5436,2021-07-12 22:00:00,3522,22.835938,20.507812,19.945312,19.734375,19.96875,21.203125,20.890625,20.734375,21.28125,20.0,18.875,19.289062,20.015625,20.570312,20.851562,20.921875,20.796875
5437,2021-07-12 22:15:00,3510,22.5,20.25,20.015625,19.539062,19.898438,20.75,20.351562,20.546875,21.101562,19.945312,18.953125,19.3125,20.007812,20.570312,20.851562,20.914062,20.78125
5438,2021-07-12 22:30:00,3522,22.195312,19.914062,19.664062,19.328125,19.726562,20.539062,20.085938,20.648438,20.929688,19.945312,19.007812,19.328125,20.007812,20.554688,20.835938,20.90625,20.773438
5439,2021-07-12 22:45:00,3522,21.71875,19.304688,18.992188,18.914062,19.382812,20.007812,19.78125,20.289062,20.695312,19.929688,19.0625,19.34375,20.0,20.546875,20.828125,20.898438,20.757812
5440,2021-07-12 23:00:00,3516,20.742188,18.804688,18.242188,18.148438,18.4375,18.867188,18.695312,19.09375,19.554688,19.734375,19.109375,19.367188,19.992188,20.53125,20.820312,20.882812,20.75
5441,2021-07-12 23:15:00,3510,20.328125,18.953125,18.398438,18.164062,18.46875,18.757812,18.8125,19.140625,19.625,19.65625,19.15625,19.382812,19.992188,20.523438,20.8125,20.882812,20.742188
5442,2021-07-12 23:30:00,3516,19.273438,17.9375,17.273438,17.164062,17.335938,17.507812,17.554688,18.0,18.585938,19.460938,19.1875,19.40625,19.984375,20.515625,20.804688,20.875,20.734375
5443,2021-07-12 23:45:00,3522,17.34375,15.65625,15.53125,15.5,15.4921875,15.5703125,15.6484375,15.9765625,16.625,19.078125,19.226562,19.429688,19.992188,20.507812,20.796875,20.859375,20.71875
5444,2021-07-13 00:00:00,3516,16.070312,14.9765625,14.8828125,14.7578125,14.7578125,14.796875,14.875,15.15625,15.71875,18.757812,19.242188,19.453125,19.984375,20.492188,20.789062,20.851562,20.710938
5445,2021-07-13 00:15:00,3516,15.453125,14.8203125,14.75,14.59375,14.59375,14.6015625,14.640625,14.8046875,15.2578125,18.507812,19.25,19.46875,19.984375,20.492188,20.78125,20.84375,20.703125
5446,2021-07-13 00:30:00,3510,15.0390625,14.4375,14.3515625,14.2265625,14.265625,14.296875,14.3359375,14.484375,14.90625,18.328125,19.242188,19.484375,19.984375,20.484375,20.765625,20.835938,20.6875
5447,2021-07-13 00:45:00,3510,14.5546875,14.1015625,14.0625,13.9140625,13.8984375,13.9140625,13.921875,14.0546875,14.484375,18.109375,19.226562,19.507812,19.984375,20.46875,20.757812,20.828125,20.6875
5448,2021-07-13 01:00:00,3516,14.2734375,13.8515625,13.8671875,13.765625,13.7421875,13.75,13.7578125,13.9296875,14.3359375,17.984375,19.210938,19.515625,19.992188,20.46875,20.742188,20.820312,20.671875
5449,2021-07-13 01:15:00,3516,13.609375,12.96875,12.9765625,12.984375,12.984375,13.0703125,13.1640625,13.4921875,14.046875,17.859375,19.179688,19.539062,19.992188,20.460938,20.734375,20.804688,20.664062
5450,2021-07-13 01:30:00,3516,13.109375,12.6484375,12.671875,12.625,12.6328125,12.703125,12.7890625,13.1015625,13.71875,17.757812,19.148438,19.546875,19.992188,20.453125,20.726562,20.796875,20.65625
5451,2021-07-13 01:45:00,3510,12.953125,12.7578125,12.7890625,12.6953125,12.6875,12.7265625,12.7578125,12.9609375,13.46875,17.601562,19.109375,19.554688,19.992188,20.445312,20.71875,20.789062,20.648438
5452,2021-07-13 02:00:00,3510,13.015625,12.6640625,12.625,12.609375,12.6328125,12.7109375,12.765625,13.0,13.484375,17.492188,19.078125,19.554688,19.992188,20.4375,20.710938,20.78125,20.632812
5453,2021-07-13 02:15:00,3522,12.9609375,12.5859375,12.53125,12.484375,12.5,12.5703125,12.609375,12.796875,13.2421875,17.367188,19.039062,19.5625,20.0,20.4375,20.703125,20.773438,20.632812
5454,2021-07-13 02:30:00,3522,12.7578125,12.40625,12.3359375,12.265625,12.296875,12.3671875,12.4375,12.7109375,13.234375,17.289062,18.992188,19.5625,20.0,20.429688,20.695312,20.757812,20.617188
5455,2021-07-13 02:45:00,3510,12.4140625,11.9765625,11.9296875,11.9140625,11.9296875,12.0078125,12.0625,12.3125,12.828125,17.179688,18.953125,19.5625,20.007812,20.421875,20.6875,20.75,20.609375
5456,2021-07-13 03:00:00,3510,11.9609375,11.5390625,11.5,11.4921875,11.515625,11.6171875,11.7109375,12.0234375,12.6171875,17.070312,18.90625,19.554688,20.0,20.421875,20.679688,20.742188,20.609375
5457,2021-07-13 03:15:00,3510,11.7421875,11.4453125,11.4296875,11.40625,11.421875,11.515625,11.6015625,11.8671875,12.40625,16.921875,18.867188,19.554688,20.007812,20.40625,20.671875,20.734375,20.59375
5458,2021-07-13 03:30:00,3516,11.4453125,11.15625,11.140625,11.140625,11.15625,11.25,11.3359375,11.6015625,12.1484375,16.820312,18.828125,19.546875,20.007812,20.40625,20.664062,20.726562,20.585938
5459,2021-07-13 03:45:00,3504,11.28125,11.09375,11.0859375,11.0546875,11.0703125,11.1484375,11.234375,11.4921875,12.046875,16.742188,18.78125,19.539062,20.007812,20.40625,20.65625,20.71875,20.585938
5460,2021-07-13 04:00:00,3504,11.234375,11.1015625,11.09375,11.0703125,11.078125,11.1484375,11.203125,11.3984375,11.875,16.640625,18.726562,19.53125,20.007812,20.40625,20.648438,20.710938,20.578125
5461,2021-07-13 04:15:00,3516,11.1484375,11.03125,11.0390625,11.0078125,11.015625,11.1015625,11.1875,11.4375,11.9609375,16.554688,18.6875,19.523438,20.007812,20.398438,20.648438,20.703125,20.570312
5462,2021-07-13 04:30:00,3516,11.0859375,10.953125,10.9609375,10.9375,10.953125,11.0234375,11.1015625,11.3125,11.8203125,16.46875,18.640625,19.507812,20.007812,20.398438,20.640625,20.695312,20.5625
5463,2021-07-13 04:45:00,3510,11.0,10.890625,10.8984375,10.8671875,10.8828125,10.96875,11.03125,11.265625,11.7734375,16.398438,18.59375,19.492188,20.0,20.390625,20.632812,20.6875,20.5625
5464,2021-07-13 05:00:00,3510,10.9296875,10.8515625,10.859375,10.8203125,10.828125,10.8984375,10.953125,11.15625,11.640625,16.328125,18.546875,19.484375,20.0,20.382812,20.625,20.679688,20.546875
5465,2021-07-13 05:15:00,3510,10.9453125,10.828125,10.84375,10.84375,10.8515625,10.9375,11.0078125,11.234375,11.7109375,16.273438,18.5,19.46875,19.992188,20.382812,20.625,20.679688,20.546875
5466,2021-07-13 05:30:00,3510,10.8515625,10.734375,10.7421875,10.734375,10.7421875,10.8203125,10.875,11.0859375,11.5625,16.210938,18.460938,19.453125,19.992188,20.382812,20.617188,20.664062,20.539062
5467,2021-07-13 05:45:00,3510,10.8125,10.734375,10.7421875,10.7421875,10.7421875,10.8203125,10.8828125,11.0703125,11.5390625,16.140625,18.421875,19.4375,19.984375,20.375,20.609375,20.65625,20.539062
5468,2021-07-13 06:00:00,3510,10.8125,10.7421875,10.7578125,10.7421875,10.75,10.828125,10.890625,11.0703125,11.5234375,16.101562,18.375,19.421875,19.984375,20.375,20.601562,20.65625,20.523438
5469,2021-07-13 06:15:00,3510,10.78125,10.6953125,10.7109375,10.703125,10.7109375,10.796875,10.875,11.0859375,11.5703125,16.078125,18.328125,19.398438,19.984375,20.375,20.59375,20.648438,20.523438
5470,2021-07-13 06:30:00,3504,10.78125,10.71875,10.7265625,10.703125,10.7109375,10.78125,10.8359375,11.0,11.453125,16.015625,18.289062,19.375,19.96875,20.367188,20.59375,20.640625,20.515625
5471,2021-07-13 06:45:00,3504,10.78125,10.703125,10.71875,10.703125,10.7109375,10.7890625,10.859375,11.0625,11.5390625,15.984375,18.242188,19.359375,19.96875,20.359375,20.585938,20.632812,20.515625
5472,2021-07-13 07:00:00,3504,10.8203125,10.7734375,10.7890625,10.7734375,10.78125,10.8515625,10.9296875,11.1171875,11.5546875,15.9296875,18.210938,19.335938,19.960938,20.359375,20.578125,20.625,20.507812
5473,2021-07-13 07:15:00,3504,10.796875,10.703125,10.7265625,10.71875,10.7265625,10.8046875,10.8671875,11.0625,11.5078125,15.8984375,18.171875,19.320312,19.945312,20.351562,20.578125,20.625,20.5
5474,2021-07-13 07:30:00,3504,10.703125,10.5859375,10.6015625,10.5859375,10.6015625,10.6796875,10.7421875,10.921875,11.359375,15.84375,18.132812,19.304688,19.953125,20.359375,20.570312,20.617188,20.5
5475,2021-07-13 07:45:00,3504,10.6484375,10.546875,10.5703125,10.5703125,10.59375,10.671875,10.75,10.9375,11.40625,15.828125,18.09375,19.28125,19.945312,20.351562,20.5625,20.609375,20.492188
5476,2021-07-13 08:00:00,3504,10.5546875,10.4453125,10.4765625,10.484375,10.5,10.578125,10.6640625,10.8828125,11.3359375,15.7578125,18.054688,19.265625,19.929688,20.34375,20.5625,20.609375,20.484375
5477,2021-07-13 08:15:00,3510,10.4375,10.3203125,10.34375,10.3515625,10.359375,10.4375,10.515625,10.734375,11.2109375,15.71875,18.023438,19.242188,19.921875,20.335938,20.554688,20.601562,20.476562
5478,2021-07-13 08:30:00,3504,10.390625,10.296875,10.328125,10.328125,10.328125,10.40625,10.46875,10.65625,11.1015625,15.65625,17.992188,19.21875,19.914062,20.335938,20.554688,20.59375,20.476562
5479,2021-07-13 08:45:00,3504,10.3359375,10.2421875,10.265625,10.265625,10.28125,10.3515625,10.4140625,10.6015625,11.03125,15.59375,17.960938,19.203125,19.898438,20.328125,20.546875,20.585938,20.46875
5480,2021-07-13 09:00:00,3504,10.3046875,10.25,10.28125,10.2734375,10.2734375,10.34375,10.390625,10.546875,10.9453125,15.5390625,17.921875,19.179688,19.898438,20.328125,20.539062,20.585938,20.460938
5481,2021-07-13 09:15:00,3498,10.2578125,10.203125,10.21875,10.2109375,10.21875,10.28125,10.3203125,10.4453125,10.8046875,15.46875,17.890625,19.15625,19.882812,20.3125,20.53125,20.578125,20.460938
5482,2021-07-13 09:30:00,3504,10.296875,10.2578125,10.2734375,10.28125,10.28125,10.3515625,10.3984375,10.5390625,10.9296875,15.4453125,17.851562,19.132812,19.875,20.304688,20.53125,20.578125,20.453125
5483,2021-07-13 09:45:00,3498,10.2578125,10.1875,10.2109375,10.21875,10.2109375,10.2890625,10.3515625,10.515625,10.9296875,15.4140625,17.820312,19.117188,19.867188,20.304688,20.523438,20.570312,20.445312
5484,2021-07-13 10:00:00,3504,10.1953125,10.1015625,10.125,10.1484375,10.1484375,10.21875,10.2890625,10.484375,10.9140625,15.390625,17.78125,19.09375,19.859375,20.304688,20.523438,20.5625,20.445312
5485,2021-07-13 10:15:00,3498,10.1171875,10.0546875,10.078125,10.0703125,10.078125,10.15625,10.2265625,10.4296875,10.890625,15.359375,17.75,19.070312,19.84375,20.289062,20.515625,20.5625,20.429688
5486,2021-07-13 10:30:00,3504,10.1953125,10.1796875,10.2109375,10.2109375,10.2109375,10.2734375,10.3359375,10.5,10.9140625,15.3359375,17.71875,19.046875,19.828125,20.289062,20.507812,20.554688,20.429688
5487,2021-07-13 10:45:00,3504,10.125,10.046875,10.0703125,10.078125,10.0859375,10.1640625,10.2421875,10.421875,10.890625,15.3125,17.6875,19.03125,19.8125,20.28125,20.507812,20.546875,20.429688
5488,2021-07-13 11:00:00,3498,10.109375,10.046875,10.0625,10.0703125,10.0859375,10.1640625,10.2421875,10.4453125,10.8984375,15.2890625,17.648438,19.007812,19.804688,20.273438,20.492188,20.539062,20.421875
5489,2021-07-13 11:15:00,3498,10.0703125,10.0,10.0234375,10.03125,10.0390625,10.109375,10.171875,10.3515625,10.7890625,15.2578125,17.617188,18.992188,19.789062,20.265625,20.492188,20.53125,20.414062
5490,2021-07-13 11:30:00,3498,10.03125,9.9609375,9.984375,9.9921875,10.0,10.0703125,10.171875,10.390625,10.8671875,15.234375,17.585938,18.960938,19.773438,20.25,20.476562,20.523438,20.398438
5491,2021-07-13 11:45:00,3504,10.0078125,9.9375,9.96875,9.9765625,9.96875,10.046875,10.1171875,10.3203125,10.7734375,15.2109375,17.5625,18.945312,19.765625,20.25,20.476562,20.515625,20.398438
5492,2021-07-13 12:00:00,3504,9.984375,9.9296875,9.953125,9.953125,9.953125,10.015625,10.078125,10.2578125,10.6875,15.171875,17.53125,18.921875,19.75,20.242188,20.46875,20.515625,20.390625
5493,2021-07-13 12:15:00,3504,9.9375,9.859375,9.8828125,9.890625,9.890625,9.96875,10.046875,10.265625,10.71875,15.1328125,17.5,18.90625,19.742188,20.234375,20.46875,20.507812,20.390625
5494,2021-07-13 12:30:00,3504,9.9609375,9.921875,9.953125,9.9453125,9.953125,10.03125,10.1015625,10.3125,10.78125,15.125,17.476562,18.882812,19.726562,20.226562,20.453125,20.5,20.375
5495,2021-07-13 12:45:00,3504,9.921875,9.8359375,9.859375,9.875,9.8828125,9.953125,10.0234375,10.21875,10.6796875,15.1171875,17.453125,18.851562,19.710938,20.210938,20.453125,20.492188,20.367188
5496,2021-07-13 13:00:00,3498,9.890625,9.8203125,9.84375,9.859375,9.859375,9.9375,10.0,10.171875,10.5859375,15.0390625,17.421875,18.828125,19.695312,20.203125,20.445312,20.484375,20.367188
5497,2021-07-13 13:15:00,3498,9.8984375,9.859375,9.890625,9.8984375,9.890625,9.9609375,10.015625,10.1796875,10.5859375,15.03125,17.390625,18.8125,19.679688,20.195312,20.4375,20.484375,20.351562
5498,2021-07-13 13:30:00,3498,9.953125,9.9375,9.9609375,9.953125,9.9609375,10.015625,10.0859375,10.2421875,10.65625,15.015625,17.359375,18.789062,19.664062,20.1875,20.429688,20.476562,20.351562
5499,2021-07-13 13:45:00,3498,9.984375,9.9375,9.953125,9.96875,9.96875,10.046875,10.125,10.3203125,10.7734375,15.015625,17.335938,18.765625,19.65625,20.171875,20.421875,20.46875,20.335938
5500,2021-07-13 14:00:00,3498,10.0,9.96875,9.984375,9.9765625,9.9765625,10.0390625,10.09375,10.265625,10.6796875,15.0078125,17.3125,18.742188,19.632812,20.164062,20.414062,20.46875,20.328125
5501,2021-07-13 14:15:00,3498,10.078125,10.0078125,10.015625,10.03125,10.0390625,10.1015625,10.15625,10.3203125,10.7265625,15.0078125,17.28125,18.71875,19.625,20.15625,20.40625,20.460938,20.320312
5502,2021-07-13 14:30:00,3486,10.109375,10.046875,10.0546875,10.0625,10.0703125,10.1484375,10.2109375,10.3671875,10.765625,14.984375,17.257812,18.695312,19.601562,20.140625,20.40625,20.453125,20.3125
5503,2021-07-13 14:45:00,3498,10.1953125,10.1640625,10.15625,10.15625,10.1484375,10.2109375,10.265625,10.390625,10.765625,14.96875,17.234375,18.679688,19.59375,20.132812,20.390625,20.4375,20.304688
5504,2021-07-13 15:00:00,3492,10.3046875,10.2265625,10.203125,10.2265625,10.234375,10.3125,10.3984375,10.5703125,10.9765625,14.9921875,17.210938,18.65625,19.570312,20.117188,20.382812,20.429688,20.296875
5505,2021-07-13 15:15:00,3492,10.421875,10.3203125,10.296875,10.3203125,10.328125,10.390625,10.4609375,10.625,11.0,14.9921875,17.1875,18.632812,19.554688,20.109375,20.375,20.421875,20.289062
5506,2021-07-13 15:30:00,3492,10.6015625,10.546875,10.5,10.5078125,10.515625,10.578125,10.65625,10.828125,11.1953125,14.9921875,17.171875,18.609375,19.546875,20.101562,20.367188,20.421875,20.273438
5507,2021-07-13 15:45:00,3498,10.765625,10.6484375,10.5859375,10.5859375,10.6015625,10.6484375,10.734375,10.8671875,11.21875,15.015625,17.148438,18.585938,19.523438,20.09375,20.359375,20.40625,20.265625
5508,2021-07-13 16:00:00,3492,10.9921875,10.8828125,10.8046875,10.8046875,10.828125,10.8671875,10.953125,11.0546875,11.3828125,15.046875,17.125,18.5625,19.507812,20.070312,20.351562,20.398438,20.257812
5509,2021-07-13 16:15:00,3504,11.1953125,11.0,10.9140625,10.90625,10.9453125,10.9453125,11.0625,11.1796875,11.4921875,15.0390625,17.101562,18.546875,19.492188,20.0625,20.34375,20.390625,20.25
5510,2021-07-13 16:30:00,3498,11.3671875,11.125,11.0390625,11.0234375,11.046875,11.015625,11.1328125,11.21875,11.5,15.0390625,17.085938,18.53125,19.46875,20.046875,20.335938,20.382812,20.234375
5511,2021-07-13 16:45:00,3498,11.5859375,11.3515625,11.25,11.2109375,11.2109375,11.1484375,11.2890625,11.375,11.671875,15.0703125,17.070312,18.507812,19.460938,20.039062,20.320312,20.375,20.226562
5512,2021-07-13 17:00:00,3486,11.984375,11.7734375,11.640625,11.5703125,11.5546875,11.4375,11.6015625,11.6328125,11.875,15.1015625,17.0625,18.484375,19.4375,20.03125,20.3125,20.359375,20.21875
5513,2021-07-13 17:15:00,3492,12.2578125,11.9609375,11.8515625,11.7265625,11.7265625,11.6015625,11.796875,11.8515625,12.1015625,15.1484375,17.046875,18.46875,19.429688,20.015625,20.296875,20.351562,20.203125
5514,2021-07-13 17:30:00,3498,12.578125,12.2421875,12.140625,11.9609375,11.953125,11.7578125,11.984375,11.984375,12.1875,15.1953125,17.03125,18.445312,19.40625,20.007812,20.289062,20.34375,20.195312
5515,2021-07-13 17:45:00,3486,12.796875,12.375,12.2421875,12.1171875,12.109375,11.9453125,12.1796875,12.234375,12.4609375,15.234375,17.023438,18.429688,19.390625,19.992188,20.28125,20.335938,20.1875
5516,2021-07-13 18:00:00,3492,13.046875,12.65625,12.484375,12.3515625,12.3203125,12.1171875,12.34375,12.3828125,12.546875,15.2734375,17.007812,18.414062,19.375,19.976562,20.273438,20.328125,20.171875
5517,2021-07-13 18:15:00,3486,13.484375,13.0703125,12.8828125,12.71875,12.671875,12.3828125,12.6640625,12.6796875,12.8125,15.359375,17.007812,18.398438,19.359375,19.960938,20.257812,20.3125,20.15625
5518,2021-07-13 18:30:00,3492,14.390625,14.0859375,13.84375,13.6484375,13.59375,13.2265625,13.5703125,13.5546875,13.5859375,15.4609375,17.007812,18.375,19.34375,19.960938,20.25,20.304688,20.15625
5519,2021-07-13 18:45:00,3492,15.09375,14.6171875,14.296875,14.078125,14.03125,13.6171875,14.0078125,14.0234375,14.0625,15.609375,17.007812,18.367188,19.328125,19.945312,20.242188,20.289062,20.140625
5520,2021-07-13 19:00:00,3486,15.734375,15.046875,14.6953125,14.5,14.4453125,13.921875,14.3828125,14.421875,14.4921875,15.765625,17.007812,18.34375,19.3125,19.929688,20.234375,20.28125,20.132812
5521,2021-07-13 19:15:00,3492,16.195312,15.34375,14.9375,14.7109375,14.6484375,14.0625,14.6015625,14.6875,14.796875,15.890625,17.007812,18.335938,19.296875,19.914062,20.21875,20.273438,20.117188
5522,2021-07-13 19:30:00,3492,16.382812,15.546875,15.03125,14.8046875,14.7265625,14.15625,14.65625,14.7265625,14.8515625,15.9921875,17.023438,18.320312,19.28125,19.90625,20.203125,20.257812,20.101562
5523,2021-07-13 19:45:00,3486,16.484375,15.421875,14.9609375,14.828125,14.7890625,14.2421875,14.7890625,14.921875,15.09375,16.101562,17.046875,18.304688,19.265625,19.882812,20.195312,20.25,20.09375
5524,2021-07-13 20:00:00,3498,16.859375,15.9921875,15.46875,15.3046875,15.2109375,14.984375,15.21875,15.3125,15.4453125,16.1875,17.054688,18.296875,19.25,19.875,20.1875,20.242188,20.078125
5525,2021-07-13 20:15:00,3498,17.820312,16.828125,16.210938,16.0,15.890625,15.6015625,15.8359375,15.9140625,16.015625,16.398438,17.070312,18.28125,19.234375,19.867188,20.171875,20.226562,20.070312
5526,2021-07-13 20:30:00,3498,19.054688,17.617188,17.226562,17.335938,16.921875,16.625,16.992188,17.242188,17.140625,16.695312,17.09375,18.273438,19.21875,19.851562,20.15625,20.21875,20.054688
5527,2021-07-13 20:45:00,3498,20.523438,18.679688,18.328125,18.476562,17.945312,17.632812,18.375,18.640625,18.523438,17.109375,17.125,18.273438,19.203125,19.84375,20.148438,20.203125,20.046875
5528,2021-07-13 21:00:00,3498,20.40625,17.90625,17.40625,17.5625,17.234375,16.921875,17.546875,17.679688,17.859375,17.1875,17.171875,18.257812,19.195312,19.828125,20.140625,20.195312,20.03125
5529,2021-07-13 21:15:00,3498,20.359375,18.273438,17.570312,17.453125,17.34375,17.445312,17.554688,17.632812,17.898438,17.3125,17.210938,18.257812,19.179688,19.8125,20.125,20.179688,20.015625
5530,2021-07-13 21:30:00,3486,19.632812,17.679688,16.945312,16.679688,16.640625,16.742188,16.710938,16.84375,17.179688,17.265625,17.25,18.25,19.164062,19.796875,20.109375,20.179688,20.007812
5531,2021-07-13 21:45:00,3504,19.3125,17.453125,16.84375,16.664062,16.664062,16.8125,16.820312,16.96875,17.25,17.3125,17.304688,18.25,19.15625,19.78125,20.101562,20.164062,19.992188
5532,2021-07-13 22:00:00,3504,19.34375,17.625,16.96875,16.765625,16.765625,16.945312,16.828125,16.890625,17.132812,17.335938,17.34375,18.257812,19.140625,19.773438,20.078125,20.148438,19.984375
5533,2021-07-13 22:15:00,3498,19.507812,17.585938,16.929688,16.859375,16.929688,17.53125,17.109375,17.09375,17.320312,17.34375,17.390625,18.257812,19.132812,19.757812,20.070312,20.132812,19.96875
5534,2021-07-13 22:30:00,3504,19.078125,17.257812,16.632812,16.539062,16.671875,16.945312,16.789062,16.882812,17.140625,17.34375,17.429688,18.257812,19.117188,19.742188,20.054688,20.125,19.960938
5535,2021-07-13 22:45:00,3504,18.703125,16.960938,16.40625,16.3125,16.484375,16.734375,16.625,16.835938,17.023438,17.351562,17.460938,18.257812,19.101562,19.734375,20.054688,20.109375,19.945312
5536,2021-07-13 23:00:00,3498,18.3125,16.703125,16.203125,16.046875,16.203125,16.3125,16.226562,16.382812,16.640625,17.289062,17.5,18.265625,19.09375,19.71875,20.03125,20.101562,19.929688
5537,2021-07-13 23:15:00,3504,18.03125,16.546875,16.148438,15.90625,16.007812,16.09375,15.9765625,16.09375,16.328125,17.226562,17.53125,18.273438,19.09375,19.703125,20.023438,20.09375,19.921875
5538,2021-07-13 23:30:00,3504,17.25,15.8203125,15.4609375,15.2578125,15.2890625,15.328125,15.3359375,15.5234375,15.84375,17.140625,17.554688,18.273438,19.078125,19.695312,20.007812,20.070312,19.90625
5539,2021-07-13 23:45:00,3504,16.476562,15.21875,14.9140625,14.71875,14.75,14.8203125,14.84375,15.0390625,15.390625,17.039062,17.578125,18.28125,19.070312,19.679688,20.0,20.0625,19.890625
5540,2021-07-14 00:00:00,3498,15.8828125,14.703125,14.484375,14.3046875,14.3359375,14.390625,14.3984375,14.5546875,14.875,16.898438,17.59375,18.289062,19.054688,19.664062,19.984375,20.046875,19.882812
5541,2021-07-14 00:15:00,3504,15.515625,14.609375,14.34375,14.140625,14.1640625,14.1953125,14.1796875,14.296875,14.5859375,16.796875,17.601562,18.296875,19.046875,19.648438,19.976562,20.039062,19.867188
5542,2021-07-14 00:30:00,3498,15.2421875,14.3828125,14.140625,13.984375,14.0234375,14.078125,14.09375,14.2265625,14.5234375,16.726562,17.609375,18.296875,19.039062,19.640625,19.960938,20.023438,19.859375
5543,2021-07-14 00:45:00,3504,14.640625,13.7265625,13.5390625,13.4296875,13.4609375,13.53125,13.5390625,13.703125,14.0546875,16.617188,17.609375,18.3125,19.039062,19.632812,19.945312,20.007812,19.84375
5544,2021-07-14 01:00:00,3504,14.28125,13.59375,13.390625,13.25,13.2890625,13.34375,13.3515625,13.515625,13.859375,16.523438,17.601562,18.3125,19.023438,19.617188,19.929688,20.0,19.828125
5545,2021-07-14 01:15:00,3510,14.1328125,13.5703125,13.359375,13.2265625,13.2734375,13.3203125,13.34375,13.4921875,13.8125,16.476562,17.601562,18.3125,19.015625,19.609375,19.929688,19.984375,19.8125
5546,2021-07-14 01:30:00,3504,13.9140625,13.34375,13.1640625,13.0546875,13.1015625,13.1640625,13.203125,13.375,13.7421875,16.4375,17.585938,18.320312,19.015625,19.59375,19.914062,19.976562,19.804688
5547,2021-07-14 01:45:00,3504,13.4453125,12.84375,12.703125,12.6171875,12.65625,12.71875,12.75,12.9140625,13.3046875,16.320312,17.578125,18.320312,19.007812,19.585938,19.898438,19.960938,19.796875
5548,2021-07-14 02:00:00,3504,13.078125,12.6015625,12.4609375,12.3828125,12.4140625,12.46875,12.5078125,12.671875,13.0546875,16.210938,17.5625,18.320312,19.0,19.5625,19.882812,19.945312,19.789062
5549,2021-07-14 02:15:00,3504,12.7109375,12.2109375,12.1171875,12.0625,12.1015625,12.1640625,12.203125,12.3984375,12.8125,16.125,17.554688,18.320312,18.992188,19.554688,19.875,19.9375,19.773438
5550,2021-07-14 02:30:00,3504,12.3984375,11.9921875,11.8984375,11.8515625,11.8828125,11.9453125,11.9921875,12.171875,12.6015625,16.046875,17.53125,18.3125,18.992188,19.546875,19.859375,19.929688,19.757812
5551,2021-07-14 02:45:00,3504,12.15625,11.78125,11.703125,11.671875,11.703125,11.765625,11.8125,11.96875,12.3515625,15.9375,17.507812,18.3125,18.984375,19.539062,19.851562,19.90625,19.742188
5552,2021-07-14 03:00:00,3504,11.9140625,11.5703125,11.5078125,11.46875,11.5078125,11.578125,11.6640625,11.8671875,12.328125,15.8984375,17.492188,18.3125,18.984375,19.523438,19.835938,19.898438,19.734375
5553,2021-07-14 03:15:00,3498,11.609375,11.2265625,11.1875,11.1640625,11.2109375,11.2890625,11.3671875,11.6015625,12.09375,15.8359375,17.46875,18.304688,18.976562,19.515625,19.820312,19.890625,19.726562
5554,2021-07-14 03:30:00,3504,11.296875,11.0390625,11.0,10.984375,11.015625,11.0859375,11.15625,11.34375,11.78125,15.71875,17.4375,18.304688,18.96875,19.507812,19.8125,19.882812,19.710938
5555,2021-07-14 03:45:00,3498,11.21875,11.0390625,11.0078125,10.984375,11.0078125,11.0859375,11.1484375,11.34375,11.796875,15.671875,17.414062,18.296875,18.960938,19.5,19.796875,19.867188,19.703125
5556,2021-07-14 04:00:00,3504,11.1484375,11.0234375,10.984375,10.9609375,10.9765625,11.0390625,11.09375,11.2734375,11.7265625,15.6171875,17.382812,18.289062,18.953125,19.492188,19.789062,19.859375,19.695312
5557,2021-07-14 04:15:00,3498,11.125,10.96875,10.9453125,10.921875,10.9453125,11.015625,11.09375,11.3203125,11.8125,15.5859375,17.359375,18.28125,18.953125,19.476562,19.78125,19.84375,19.679688
5558,2021-07-14 04:30:00,3498,11.125,10.96875,10.9453125,10.9140625,10.9375,11.015625,11.0859375,11.328125,11.8046875,15.546875,17.328125,18.273438,18.945312,19.460938,19.773438,19.835938,19.679688
5559,2021-07-14 04:45:00,3498,11.0390625,10.8359375,10.828125,10.8125,10.8359375,10.921875,11.0,11.21875,11.6953125,15.5078125,17.304688,18.265625,18.9375,19.453125,19.757812,19.820312,19.664062
5560,2021-07-14 05:00:00,3498,11.0234375,10.8671875,10.8515625,10.828125,10.8515625,10.9296875,11.015625,11.234375,11.734375,15.4921875,17.273438,18.257812,18.9375,19.453125,19.742188,19.804688,19.648438
5561,2021-07-14 05:15:00,3498,10.984375,10.8203125,10.8046875,10.78125,10.8125,10.890625,10.984375,11.21875,11.71875,15.46875,17.242188,18.242188,18.921875,19.445312,19.734375,19.796875,19.640625
5562,2021-07-14 05:30:00,3498,10.9453125,10.8046875,10.7890625,10.7578125,10.7890625,10.859375,10.9375,11.140625,11.609375,15.40625,17.226562,18.234375,18.921875,19.4375,19.726562,19.789062,19.632812
5563,2021-07-14 05:45:00,3492,10.9375,10.8046875,10.7890625,10.7578125,10.7734375,10.84375,10.921875,11.140625,11.6015625,15.3671875,17.195312,18.21875,18.914062,19.429688,19.710938,19.78125,19.625
5564,2021-07-14 06:00:00,3504,10.9453125,10.828125,10.8125,10.7890625,10.8046875,10.8671875,10.9296875,11.1015625,11.5234375,15.3359375,17.164062,18.210938,18.90625,19.414062,19.703125,19.765625,19.609375
5565,2021-07-14 06:15:00,3498,10.8984375,10.7578125,10.7421875,10.7265625,10.734375,10.8046875,10.859375,11.03125,11.4609375,15.2890625,17.148438,18.195312,18.898438,19.40625,19.695312,19.757812,19.609375
5566,2021-07-14 06:30:00,3498,10.84375,10.703125,10.703125,10.6796875,10.703125,10.7734375,10.84375,11.0234375,11.4609375,15.2734375,17.109375,18.179688,18.890625,19.398438,19.6875,19.742188,19.59375
5567,2021-07-14 06:45:00,3492,10.875,10.75,10.7578125,10.734375,10.7578125,10.8359375,10.9140625,11.109375,11.5703125,15.2734375,17.09375,18.164062,18.882812,19.382812,19.671875,19.742188,19.585938
5568,2021-07-14 07:00:00,3498,10.921875,10.84375,10.8203125,10.7890625,10.8046875,10.8671875,10.9140625,11.0703125,11.4765625,15.2421875,17.070312,18.148438,18.875,19.382812,19.664062,19.726562,19.578125
5569,2021-07-14 07:15:00,3498,10.8984375,10.78125,10.7734375,10.75,10.765625,10.828125,10.890625,11.0546875,11.4609375,15.2109375,17.046875,18.132812,18.867188,19.367188,19.65625,19.71875,19.578125
5570,2021-07-14 07:30:00,3498,10.875,10.7578125,10.7421875,10.71875,10.734375,10.796875,10.84375,10.9921875,11.3828125,15.1640625,17.023438,18.125,18.859375,19.359375,19.648438,19.710938,19.5625
5571,2021-07-14 07:45:00,3498,10.890625,10.7890625,10.78125,10.7578125,10.765625,10.84375,10.8984375,11.046875,11.4453125,15.1484375,16.992188,18.109375,18.851562,19.359375,19.632812,19.695312,19.554688
5572,2021-07-14 08:00:00,3498,10.8671875,10.765625,10.765625,10.7421875,10.75,10.828125,10.8828125,11.0546875,11.46875,15.1328125,16.976562,18.085938,18.84375,19.34375,19.625,19.6875,19.539062
5573,2021-07-14 08:15:00,3498,10.828125,10.6953125,10.703125,10.6796875,10.6953125,10.7734375,10.828125,10.984375,11.40625,15.1171875,16.960938,18.078125,18.828125,19.335938,19.617188,19.679688,19.53125
5574,2021-07-14 08:30:00,3486,10.796875,10.6875,10.6875,10.671875,10.6875,10.765625,10.828125,10.9921875,11.421875,15.109375,16.929688,18.070312,18.820312,19.328125,19.601562,19.671875,19.53125
5575,2021-07-14 08:45:00,3498,10.7421875,10.6171875,10.6328125,10.6171875,10.6484375,10.71875,10.7890625,10.9609375,11.3828125,15.0703125,16.914062,18.046875,18.8125,19.320312,19.59375,19.65625,19.515625
5576,2021-07-14 09:00:00,3486,10.6953125,10.59375,10.6015625,10.59375,10.609375,10.6796875,10.7421875,10.8984375,11.296875,15.03125,16.890625,18.03125,18.804688,19.3125,19.59375,19.648438,19.507812
5577,2021-07-14 09:15:00,3498,10.6484375,10.578125,10.59375,10.6015625,10.6015625,10.6796875,10.71875,10.8515625,11.2109375,14.9765625,16.867188,18.015625,18.796875,19.296875,19.578125,19.632812,19.5
5578,2021-07-14 09:30:00,3498,10.609375,10.5234375,10.5546875,10.5625,10.5703125,10.6484375,10.703125,10.8515625,11.2421875,14.953125,16.84375,18.007812,18.78125,19.296875,19.578125,19.632812,19.492188
5579,2021-07-14 09:45:00,3492,10.640625,10.5859375,10.6171875,10.625,10.6328125,10.7109375,10.75,10.8984375,11.28125,14.953125,16.828125,17.992188,18.765625,19.28125,19.554688,19.617188,19.484375
5580,2021-07-14 10:00:00,3498,10.640625,10.578125,10.6015625,10.6171875,10.625,10.703125,10.7578125,10.9140625,11.328125,14.96875,16.804688,17.96875,18.757812,19.273438,19.554688,19.609375,19.476562
5581,2021-07-14 10:15:00,3498,10.640625,10.5703125,10.6015625,10.6015625,10.609375,10.6875,10.7421875,10.90625,11.3125,14.9453125,16.78125,17.953125,18.75,19.257812,19.546875,19.59375,19.460938
5582,2021-07-14 10:30:00,3498,10.625,10.5625,10.5859375,10.5859375,10.59375,10.6640625,10.7265625,10.8828125,11.265625,14.890625,16.765625,17.945312,18.726562,19.25,19.53125,19.585938,19.453125
5583,2021-07-14 10:45:00,3498,10.625,10.5625,10.5859375,10.5859375,10.6015625,10.6796875,10.7421875,10.921875,11.3203125,14.8984375,16.75,17.921875,18.71875,19.25,19.523438,19.578125,19.445312
5584,2021-07-14 11:00:00,3492,10.625,10.5625,10.5859375,10.578125,10.59375,10.6640625,10.734375,10.890625,11.2734375,14.8671875,16.726562,17.90625,18.710938,19.234375,19.515625,19.570312,19.4375
5585,2021-07-14 11:15:00,3498,10.6640625,10.6171875,10.640625,10.640625,10.65625,10.7265625,10.78125,10.9296875,11.3203125,14.8828125,16.710938,17.898438,18.695312,19.226562,19.507812,19.5625,19.429688
5586,2021-07-14 11:30:00,3492,10.6953125,10.625,10.6484375,10.6484375,10.65625,10.734375,10.8046875,10.953125,11.3359375,14.8671875,16.6875,17.875,18.6875,19.21875,19.492188,19.554688,19.421875
5587,2021-07-14 11:45:00,3498,10.703125,10.640625,10.6640625,10.6640625,10.6796875,10.7421875,10.8046875,10.9609375,11.34375,14.8515625,16.671875,17.867188,18.679688,19.203125,19.484375,19.546875,19.40625
5588,2021-07-14 12:00:00,3480,10.734375,10.6640625,10.6796875,10.6796875,10.6953125,10.7734375,10.8359375,11.0,11.390625,14.8515625,16.65625,17.851562,18.664062,19.203125,19.476562,19.53125,19.398438
5589,2021-07-14 12:15:00,3486,10.71875,10.625,10.6484375,10.640625,10.65625,10.71875,10.7734375,10.9140625,11.265625,14.8046875,16.632812,17.828125,18.648438,19.1875,19.46875,19.53125,19.382812
5590,2021-07-14 12:30:00,3498,10.6953125,10.6015625,10.6171875,10.6171875,10.625,10.6875,10.7421875,10.8828125,11.25,14.796875,16.617188,17.8125,18.640625,19.179688,19.453125,19.515625,19.375
5591,2021-07-14 12:45:00,3486,10.7109375,10.625,10.640625,10.6328125,10.640625,10.7109375,10.7734375,10.921875,11.3046875,14.796875,16.601562,17.796875,18.625,19.171875,19.445312,19.507812,19.375
5592,2021-07-14 13:00:00,3486,10.7265625,10.6484375,10.6640625,10.65625,10.65625,10.734375,10.78125,10.921875,11.28125,14.78125,16.585938,17.789062,18.617188,19.15625,19.4375,19.5,19.367188
5593,2021-07-14 13:15:00,3486,10.734375,10.6484375,10.6640625,10.6640625,10.671875,10.75,10.8125,10.984375,11.359375,14.78125,16.570312,17.773438,18.601562,19.148438,19.421875,19.492188,19.359375
5594,2021-07-14 13:30:00,3480,10.75,10.6640625,10.671875,10.6640625,10.6796875,10.7578125,10.8359375,11.0078125,11.421875,14.796875,16.554688,17.75,18.585938,19.140625,19.421875,19.484375,19.34375
5595,2021-07-14 13:45:00,3498,10.828125,10.78125,10.765625,10.7421875,10.7421875,10.8046875,10.875,11.0234375,11.40625,14.8046875,16.53125,17.742188,18.578125,19.125,19.40625,19.46875,19.328125
5596,2021-07-14 14:00:00,3486,10.921875,10.8671875,10.8515625,10.8125,10.828125,10.8828125,10.9453125,11.1015625,11.453125,14.7734375,16.515625,17.726562,18.5625,19.109375,19.390625,19.460938,19.320312
5597,2021-07-14 14:15:00,3486,11.1015625,11.0625,11.0234375,10.96875,10.96875,11.03125,11.078125,11.2109375,11.5390625,14.7734375,16.5,17.710938,18.546875,19.101562,19.390625,19.453125,19.3125
5598,2021-07-14 14:30:00,3498,11.296875,11.2578125,11.1875,11.1171875,11.125,11.171875,11.21875,11.3359375,11.65625,14.8046875,16.484375,17.695312,18.53125,19.09375,19.375,19.4375,19.304688
5599,2021-07-14 14:45:00,3492,11.4921875,11.4296875,11.359375,11.2734375,11.2890625,11.3515625,11.390625,11.5078125,11.8359375,14.828125,16.476562,17.679688,18.523438,19.078125,19.367188,19.4375,19.296875
5600,2021-07-14 15:00:00,3498,11.7265625,11.65625,11.5625,11.46875,11.4921875,11.5546875,11.6015625,11.734375,12.0234375,14.8671875,16.460938,17.664062,18.515625,19.070312,19.351562,19.414062,19.289062
5601,2021-07-14 15:15:00,3486,12.0,11.890625,11.7890625,11.6875,11.71875,11.796875,11.8671875,12.0,12.28125,14.921875,16.445312,17.648438,18.492188,19.054688,19.34375,19.40625,19.273438
5602,2021-07-14 15:30:00,3480,12.3125,12.15625,12.015625,11.8828125,11.9140625,11.96875,12.0,12.09375,12.359375,14.9609375,16.4375,17.632812,18.484375,19.039062,19.335938,19.398438,19.257812
5603,2021-07-14 15:45:00,3486,12.546875,12.359375,12.1953125,12.0625,12.1015625,12.1640625,12.203125,12.3203125,12.5625,14.9921875,16.4375,17.609375,18.476562,19.039062,19.320312,19.382812,19.25
5604,2021-07-14 16:00:00,3498,12.9296875,12.796875,12.5703125,12.40625,12.4375,12.4921875,12.515625,12.6171875,12.828125,15.0546875,16.429688,17.609375,18.460938,19.023438,19.304688,19.375,19.242188
5605,2021-07-14 16:15:00,3486,13.46875,13.25,13.0,12.84375,12.8828125,12.953125,12.9765625,13.0546875,13.21875,15.1484375,16.429688,17.59375,18.445312,19.015625,19.304688,19.367188,19.234375
5606,2021-07-14 16:30:00,3492,14.046875,13.859375,13.546875,13.3203125,13.375,13.4140625,13.4296875,13.484375,13.59375,15.234375,16.421875,17.578125,18.429688,19.0,19.289062,19.359375,19.226562
5607,2021-07-14 16:45:00,3486,14.7265625,14.4140625,14.0546875,13.7890625,13.796875,13.8125,13.78125,13.8125,13.8828125,15.3203125,16.421875,17.570312,18.414062,18.984375,19.28125,19.34375,19.210938
5608,2021-07-14 17:00:00,3486,16.140625,16.0625,15.796875,15.3359375,15.15625,15.1328125,15.0546875,15.0,14.890625,15.5078125,16.429688,17.554688,18.40625,18.976562,19.265625,19.328125,19.203125
5609,2021-07-14 17:15:00,3486,18.882812,18.945312,19.289062,18.796875,17.484375,17.304688,17.125,16.96875,16.6875,15.90625,16.4375,17.539062,18.390625,18.960938,19.257812,19.328125,19.1875
5610,2021-07-14 17:30:00,3498,20.6875,20.28125,20.523438,20.085938,18.945312,18.796875,18.5,18.367188,18.023438,16.28125,16.453125,17.53125,18.390625,18.960938,19.242188,19.320312,19.179688
5611,2021-07-14 17:45:00,3498,21.695312,20.75,20.960938,20.5625,19.59375,19.523438,19.289062,19.210938,18.9375,16.617188,16.476562,17.523438,18.367188,18.9375,19.234375,19.304688,19.171875
5612,2021-07-14 18:00:00,3492,22.304688,20.75,20.710938,20.578125,19.460938,19.421875,19.335938,19.3125,19.148438,16.828125,16.515625,17.523438,18.359375,18.9375,19.226562,19.289062,19.15625
5613,2021-07-14 18:15:00,3498,22.367188,20.515625,20.148438,19.882812,18.976562,19.007812,18.851562,18.9375,18.984375,17.007812,16.554688,17.507812,18.34375,18.921875,19.210938,19.28125,19.148438
5614,2021-07-14 18:30:00,3498,22.445312,20.945312,19.898438,19.46875,18.976562,18.976562,18.914062,19.023438,19.070312,17.164062,16.617188,17.507812,18.34375,18.914062,19.203125,19.265625,19.132812
5615,2021-07-14 18:45:00,3498,22.726562,21.0625,19.96875,19.453125,19.21875,19.226562,19.171875,19.40625,19.5,17.382812,16.671875,17.507812,18.328125,18.90625,19.195312,19.257812,19.125
5616,2021-07-14 17:30:00,3498,20.6875,20.28125,20.523438,20.085938,18.945312,18.796875,18.5,18.367188,18.023438,16.28125,16.453125,17.53125,18.390625,18.960938,19.242188,19.320312,19.179688
5617,2021-07-14 17:45:00,3498,21.695312,20.75,20.960938,20.5625,19.59375,19.523438,19.289062,19.210938,18.9375,16.617188,16.476562,17.523438,18.367188,18.9375,19.234375,19.304688,19.171875
5618,2021-07-14 18:00:00,3492,22.304688,20.75,20.710938,20.578125,19.460938,19.421875,19.335938,19.3125,19.148438,16.828125,16.515625,17.523438,18.359375,18.9375,19.226562,19.289062,19.15625
5619,2021-07-14 18:15:00,3498,22.367188,20.515625,20.148438,19.882812,18.976562,19.007812,18.851562,18.9375,18.984375,17.007812,16.554688,17.507812,18.34375,18.921875,19.210938,19.28125,19.148438
5620,2021-07-14 18:30:00,3498,22.445312,20.945312,19.898438,19.46875,18.976562,18.976562,18.914062,19.023438,19.070312,17.164062,16.617188,17.507812,18.34375,18.914062,19.203125,19.265625,19.132812
5621,2021-07-14 18:45:00,3498,22.726562,21.0625,19.96875,19.453125,19.21875,19.226562,19.171875,19.40625,19.5,17.382812,16.671875,17.507812,18.328125,18.90625,19.195312,19.257812,19.125
5622,2021-07-14 19:00:00,3504,21.484375,19.171875,18.304688,18.078125,17.960938,18.007812,17.96875,18.210938,18.515625,17.382812,16.734375,17.507812,18.320312,18.890625,19.179688,19.25,19.117188
5623,2021-07-14 19:15:00,3498,22.039062,20.507812,19.375,19.0,18.835938,18.828125,18.742188,18.742188,18.851562,17.476562,16.789062,17.507812,18.304688,18.875,19.171875,19.242188,19.101562
5624,2021-07-14 19:30:00,3504,21.648438,19.65625,18.898438,18.460938,18.328125,18.375,18.234375,18.335938,18.5625,17.515625,16.84375,17.507812,18.304688,18.867188,19.15625,19.226562,19.085938
5625,2021-07-14 19:45:00,3504,21.195312,19.445312,18.648438,18.234375,18.140625,18.1875,18.109375,18.242188,18.4375,17.515625,16.90625,17.515625,18.296875,18.859375,19.148438,19.21875,19.078125
5626,2021-07-14 20:00:00,3498,21.515625,19.164062,18.484375,18.289062,18.101562,18.148438,18.054688,18.234375,18.507812,17.625,16.960938,17.53125,18.28125,18.84375,19.140625,19.203125,19.070312
5627,2021-07-14 20:15:00,3504,21.234375,19.125,18.390625,18.164062,18.078125,18.085938,18.015625,18.203125,18.359375,17.640625,17.007812,17.539062,18.265625,18.835938,19.125,19.195312,19.054688
5628,2021-07-14 20:30:00,3504,21.335938,19.0625,18.273438,18.164062,17.984375,17.960938,17.90625,18.085938,18.328125,17.710938,17.054688,17.546875,18.257812,18.820312,19.117188,19.1875,19.046875
5629,2021-07-14 20:45:00,3504,20.859375,18.664062,17.90625,17.851562,17.671875,17.710938,17.734375,17.867188,18.0625,17.703125,17.109375,17.5625,18.257812,18.8125,19.101562,19.171875,19.039062
5630,2021-07-14 21:00:00,3504,21.679688,19.148438,18.421875,18.851562,18.265625,18.382812,18.726562,18.648438,18.765625,17.78125,17.15625,17.578125,18.25,18.796875,19.09375,19.15625,19.023438
5631,2021-07-14 21:15:00,3510,22.382812,19.9375,18.953125,19.320312,19.0625,19.4375,19.84375,19.507812,19.554688,17.992188,17.203125,17.585938,18.242188,18.789062,19.085938,19.148438,19.007812
5632,2021-07-14 21:30:00,3510,22.21875,19.296875,18.460938,18.710938,18.65625,18.945312,19.351562,19.203125,19.296875,18.03125,17.242188,17.601562,18.234375,18.78125,19.070312,19.132812,19.0
5633,2021-07-14 21:45:00,3504,21.757812,19.203125,18.335938,18.4375,18.570312,19.078125,19.15625,18.90625,19.109375,17.992188,17.28125,17.617188,18.234375,18.773438,19.054688,19.125,18.984375
5634,2021-07-14 22:00:00,3510,21.46875,19.046875,18.34375,18.445312,18.523438,19.460938,19.054688,18.835938,19.03125,18.023438,17.328125,17.632812,18.234375,18.757812,19.046875,19.117188,18.976562
5635,2021-07-14 22:15:00,3510,20.8125,18.523438,18.023438,18.054688,18.28125,18.742188,18.6875,18.5,18.757812,17.992188,17.367188,17.648438,18.234375,18.75,19.03125,19.101562,18.96875
5636,2021-07-14 22:30:00,3510,20.710938,18.757812,18.460938,18.625,18.71875,18.976562,18.953125,18.96875,19.148438,18.039062,17.40625,17.664062,18.226562,18.734375,19.023438,19.101562,18.960938
5637,2021-07-14 22:45:00,3504,19.992188,17.867188,17.578125,17.726562,17.90625,18.070312,18.0625,18.132812,18.382812,17.992188,17.4375,17.679688,18.226562,18.726562,19.015625,19.078125,18.945312
5638,2021-07-14 23:00:00,3510,19.320312,17.367188,17.0625,17.007812,17.1875,17.5,17.234375,17.289062,17.523438,17.796875,17.46875,17.695312,18.226562,18.71875,19.007812,19.070312,18.9375
5639,2021-07-14 23:15:00,3510,18.523438,16.648438,16.34375,16.382812,16.554688,16.75,16.6875,16.882812,17.234375,17.695312,17.5,17.710938,18.226562,18.710938,18.992188,19.054688,18.929688
5640,2021-07-14 23:30:00,3510,17.6875,15.7265625,15.5625,15.5625,15.71875,15.796875,15.796875,15.984375,16.335938,17.515625,17.523438,17.726562,18.21875,18.703125,18.984375,19.046875,18.914062
5641,2021-07-14 23:45:00,3510,16.429688,14.9609375,14.6953125,14.734375,14.859375,14.9375,15.0,15.2109375,15.625,17.328125,17.539062,17.742188,18.21875,18.6875,18.976562,19.039062,18.90625
5642,2021-07-15 00:00:00,3510,16.140625,15.3828125,15.0546875,14.9375,15.0234375,15.0703125,15.0546875,15.140625,15.34375,17.132812,17.554688,17.765625,18.21875,18.6875,18.960938,19.023438,18.898438
5643,2021-07-15 00:15:00,3516,15.96875,15.296875,14.984375,14.8515625,14.9453125,14.9765625,14.9453125,15.0078125,15.1640625,17.0,17.554688,17.773438,18.21875,18.671875,18.953125,19.015625,18.882812
5644,2021-07-15 00:30:00,3516,15.6796875,14.9921875,14.65625,14.546875,14.65625,14.7109375,14.71875,14.8515625,15.140625,16.960938,17.546875,17.789062,18.21875,18.664062,18.9375,19.007812,18.875
5645,2021-07-15 00:45:00,3510,15.3359375,14.53125,14.28125,14.2421875,14.3203125,14.3671875,14.3828125,14.484375,14.7734375,16.882812,17.539062,17.796875,18.226562,18.65625,18.929688,18.992188,18.867188
5646,2021-07-15 01:00:00,3510,15.046875,14.28125,14.0703125,14.0078125,14.078125,14.1328125,14.1484375,14.28125,14.5390625,16.726562,17.53125,17.8125,18.226562,18.648438,18.921875,18.992188,18.859375
5647,2021-07-15 01:15:00,3510,14.8046875,14.125,13.9296875,13.8125,13.859375,13.9140625,13.9140625,14.03125,14.296875,16.632812,17.515625,17.820312,18.226562,18.648438,18.914062,18.976562,18.851562
5648,2021-07-15 01:30:00,3510,14.3828125,13.7265625,13.5390625,13.4453125,13.5,13.5546875,13.5703125,13.6953125,13.9765625,16.523438,17.5,17.828125,18.234375,18.640625,18.898438,18.96875,18.84375
5649,2021-07-15 01:45:00,3510,14.21875,13.671875,13.5078125,13.40625,13.4375,13.4921875,13.5,13.6171875,13.8828125,16.460938,17.476562,17.835938,18.226562,18.632812,18.890625,18.960938,18.835938
5650,2021-07-15 02:00:00,3510,13.921875,13.3515625,13.1875,13.1171875,13.1796875,13.25,13.2734375,13.4453125,13.7734375,16.390625,17.460938,17.84375,18.234375,18.632812,18.882812,18.945312,18.828125
5651,2021-07-15 02:15:00,3504,13.5078125,12.9296875,12.796875,12.734375,12.796875,12.8671875,12.9140625,13.09375,13.484375,16.328125,17.4375,17.851562,18.226562,18.625,18.875,18.9375,18.820312
5652,2021-07-15 02:30:00,3504,13.140625,12.6640625,12.5390625,12.484375,12.53125,12.6015625,12.6484375,12.8203125,13.203125,16.226562,17.414062,17.851562,18.242188,18.617188,18.867188,18.929688,18.8125
5653,2021-07-15 02:45:00,3504,12.78125,12.4140625,12.3203125,12.265625,12.3046875,12.359375,12.390625,12.5390625,12.921875,16.117188,17.390625,17.851562,18.242188,18.617188,18.859375,18.921875,18.804688
5654,2021-07-15 03:00:00,3516,12.4765625,12.125,12.0546875,12.0234375,12.0625,12.125,12.1640625,12.328125,12.6953125,16.0,17.367188,17.851562,18.242188,18.609375,18.851562,18.90625,18.796875
5655,2021-07-15 03:15:00,3510,12.203125,11.90625,11.84375,11.8203125,11.84375,11.90625,11.9609375,12.1015625,12.4921875,15.921875,17.328125,17.851562,18.242188,18.601562,18.84375,18.90625,18.789062
5656,2021-07-15 03:30:00,3504,11.9921875,11.734375,11.6875,11.65625,11.6875,11.7578125,11.8203125,11.9921875,12.4140625,15.8515625,17.304688,17.84375,18.242188,18.601562,18.84375,18.898438,18.78125
5657,2021-07-15 03:45:00,3504,11.875,11.6484375,11.609375,11.578125,11.609375,11.671875,11.7421875,11.9375,12.375,15.828125,17.273438,17.84375,18.242188,18.59375,18.828125,18.890625,18.78125
5658,2021-07-15 04:00:00,3504,11.8203125,11.6171875,11.578125,11.5390625,11.5703125,11.6328125,11.6875,11.875,12.3203125,15.7890625,17.242188,17.84375,18.25,18.59375,18.820312,18.882812,18.773438
5659,2021-07-15 04:15:00,3510,11.703125,11.5,11.46875,11.453125,11.4765625,11.546875,11.6015625,11.765625,12.171875,15.71875,17.21875,17.835938,18.242188,18.59375,18.820312,18.875,18.765625
5660,2021-07-15 04:30:00,3510,11.625,11.421875,11.3984375,11.3828125,11.4140625,11.5,11.5859375,11.796875,12.25,15.6953125,17.1875,17.828125,18.25,18.59375,18.8125,18.867188,18.765625
5661,2021-07-15 04:45:00,3510,11.515625,11.3359375,11.3046875,11.2890625,11.3203125,11.390625,11.4765625,11.6953125,12.1640625,15.65625,17.15625,17.828125,18.242188,18.585938,18.8125,18.859375,18.757812
5662,2021-07-15 05:00:00,3504,11.46875,11.3203125,11.2890625,11.2734375,11.296875,11.375,11.4609375,11.671875,12.1484375,15.6171875,17.132812,17.820312,18.25,18.578125,18.804688,18.851562,18.75
5663,2021-07-15 05:15:00,3510,11.3828125,11.203125,11.1875,11.1796875,11.2109375,11.28125,11.3515625,11.546875,12.0,15.5703125,17.101562,17.804688,18.242188,18.585938,18.789062,18.84375,18.75
5664,2021-07-15 05:30:00,3504,11.390625,11.265625,11.2421875,11.234375,11.2578125,11.3515625,11.4453125,11.6796875,12.1484375,15.546875,17.070312,17.804688,18.242188,18.578125,18.796875,18.84375,18.734375
5665,2021-07-15 05:45:00,3510,11.3984375,11.2578125,11.234375,11.21875,11.234375,11.3125,11.4140625,11.640625,12.125,15.53125,17.046875,17.789062,18.242188,18.578125,18.78125,18.835938,18.734375
5666,2021-07-15 06:00:00,3510,11.3828125,11.2265625,11.2109375,11.1875,11.1953125,11.28125,11.3515625,11.546875,11.9921875,15.4765625,17.023438,17.789062,18.234375,18.578125,18.78125,18.828125,18.734375
5667,2021-07-15 06:15:00,3492,11.421875,11.3125,11.2734375,11.25,11.25,11.3203125,11.3828125,11.546875,11.9765625,15.4453125,16.992188,17.773438,18.242188,18.570312,18.773438,18.828125,18.726562
5668,2021-07-15 06:30:00,3504,11.46875,11.3828125,11.34375,11.3203125,11.296875,11.359375,11.390625,11.515625,11.84375,15.375,16.96875,17.765625,18.234375,18.5625,18.773438,18.8125,18.71875
5669,2021-07-15 06:45:00,3504,11.328125,11.109375,11.09375,11.0859375,11.09375,11.171875,11.2265625,11.3828125,11.78125,15.3359375,16.945312,17.75,18.234375,18.5625,18.765625,18.8125,18.71875
5670,2021-07-15 07:00:00,3504,11.25,11.09375,11.0703125,11.046875,11.0625,11.1328125,11.1796875,11.3515625,11.7421875,15.2734375,16.921875,17.742188,18.234375,18.5625,18.757812,18.804688,18.710938
5671,2021-07-15 07:15:00,3510,11.1171875,10.9140625,10.90625,10.8984375,10.9140625,10.9921875,11.046875,11.203125,11.6015625,15.21875,16.890625,17.726562,18.226562,18.5625,18.757812,18.796875,18.710938
5672,2021-07-15 07:30:00,3498,10.96875,10.78125,10.78125,10.765625,10.7734375,10.84375,10.890625,11.0390625,11.421875,15.1484375,16.867188,17.71875,18.226562,18.5625,18.757812,18.796875,18.703125
5673,2021-07-15 07:45:00,3504,10.875,10.7109375,10.7109375,10.6953125,10.703125,10.7734375,10.8203125,10.9609375,11.34375,15.1015625,16.84375,17.703125,18.21875,18.554688,18.75,18.796875,18.703125
5674,2021-07-15 08:00:00,3498,10.8359375,10.6875,10.6875,10.6796875,10.6796875,10.75,10.796875,10.9375,11.3203125,15.0625,16.820312,17.695312,18.21875,18.546875,18.75,18.789062,18.703125
5675,2021-07-15 08:15:00,3498,10.828125,10.71875,10.703125,10.6796875,10.6875,10.75,10.8046875,10.953125,11.34375,15.015625,16.789062,17.6875,18.210938,18.554688,18.75,18.789062,18.695312
5676,2021-07-15 08:30:00,3498,10.828125,10.7265625,10.703125,10.6875,10.6875,10.7578125,10.8125,10.9765625,11.3671875,14.984375,16.765625,17.671875,18.210938,18.546875,18.734375,18.78125,18.6875
5677,2021-07-15 08:45:00,3498,10.8046875,10.6953125,10.671875,10.6484375,10.6640625,10.734375,10.78125,10.9375,11.3125,14.9609375,16.734375,17.664062,18.203125,18.539062,18.734375,18.773438,18.6875
5678,2021-07-15 09:00:00,3504,10.6796875,10.5,10.5078125,10.5078125,10.53125,10.6015625,10.6796875,10.8515625,11.2578125,14.9375,16.710938,17.640625,18.195312,18.539062,18.726562,18.773438,18.6875
5679,2021-07-15 09:15:00,3498,10.625,10.4609375,10.4609375,10.4453125,10.4609375,10.53125,10.59375,10.7578125,11.15625,14.8984375,16.679688,17.632812,18.195312,18.539062,18.71875,18.773438,18.679688
5680,2021-07-15 09:30:00,3498,10.4921875,10.3203125,10.3203125,10.3125,10.3203125,10.390625,10.4296875,10.5703125,10.9296875,14.828125,16.664062,17.617188,18.179688,18.523438,18.71875,18.765625,18.679688
5681,2021-07-15 09:45:00,3498,10.3984375,10.2578125,10.2578125,10.2421875,10.265625,10.34375,10.3984375,10.578125,10.984375,14.7734375,16.632812,17.601562,18.171875,18.523438,18.710938,18.765625,18.671875
5682,2021-07-15 10:00:00,3504,10.359375,10.234375,10.234375,10.2265625,10.2265625,10.2890625,10.328125,10.4609375,10.828125,14.7265625,16.609375,17.585938,18.164062,18.523438,18.710938,18.757812,18.671875
5683,2021-07-15 10:15:00,3504,10.328125,10.21875,10.2265625,10.21875,10.2265625,10.2890625,10.34375,10.4921875,10.8671875,14.6953125,16.578125,17.570312,18.15625,18.515625,18.703125,18.75,18.664062
5684,2021-07-15 10:30:00,3504,10.296875,10.1640625,10.1796875,10.171875,10.1796875,10.2578125,10.3125,10.4765625,10.8515625,14.6484375,16.546875,17.554688,18.148438,18.515625,18.703125,18.75,18.664062
5685,2021-07-15 10:45:00,3504,10.265625,10.1640625,10.171875,10.1640625,10.1640625,10.2265625,10.265625,10.375,10.7109375,14.59375,16.523438,17.539062,18.148438,18.515625,18.695312,18.742188,18.65625
5686,2021-07-15 11:00:00,3498,10.2265625,10.125,10.140625,10.1328125,10.1484375,10.203125,10.25,10.375,10.7265625,14.5625,16.492188,17.53125,18.132812,18.507812,18.695312,18.734375,18.65625
5687,2021-07-15 11:15:00,3504,10.2109375,10.109375,10.109375,10.1015625,10.109375,10.171875,10.2109375,10.3203125,10.65625,14.5234375,16.476562,17.515625,18.125,18.507812,18.695312,18.734375,18.648438
5688,2021-07-15 11:30:00,3498,10.1875,10.0859375,10.09375,10.0859375,10.0859375,10.15625,10.1953125,10.3046875,10.625,14.484375,16.445312,17.492188,18.125,18.5,18.6875,18.726562,18.640625
5689,2021-07-15 11:45:00,3504,10.1875,10.109375,10.125,10.1328125,10.1328125,10.203125,10.234375,10.3515625,10.6796875,14.4609375,16.414062,17.476562,18.109375,18.492188,18.679688,18.71875,18.640625
5690,2021-07-15 12:00:00,3498,10.09375,9.9765625,10.0,10.0078125,10.0078125,10.09375,10.1328125,10.2578125,10.59375,14.4375,16.390625,17.460938,18.109375,18.484375,18.679688,18.71875,18.640625
5691,2021-07-15 12:15:00,3498,10.109375,10.0703125,10.1015625,10.109375,10.1015625,10.171875,10.203125,10.3203125,10.640625,14.4140625,16.367188,17.453125,18.09375,18.476562,18.679688,18.710938,18.632812
5692,2021-07-15 12:30:00,3492,10.125,10.0625,10.09375,10.109375,10.1015625,10.1796875,10.2109375,10.3359375,10.65625,14.390625,16.335938,17.429688,18.085938,18.476562,18.671875,18.710938,18.625
5693,2021-07-15 12:45:00,3498,10.109375,10.03125,10.0625,10.0703125,10.0625,10.140625,10.1796875,10.3046875,10.625,14.3671875,16.304688,17.414062,18.078125,18.476562,18.671875,18.710938,18.625
5694,2021-07-15 13:00:00,3486,10.0703125,9.9921875,10.015625,10.0234375,10.015625,10.0859375,10.1171875,10.234375,10.546875,14.34375,16.28125,17.398438,18.070312,18.46875,18.65625,18.703125,18.617188
5695,2021-07-15 13:15:00,3498,10.03125,9.90625,9.9375,9.953125,9.9453125,10.015625,10.046875,10.1640625,10.5,14.3046875,16.265625,17.375,18.054688,18.460938,18.65625,18.695312,18.617188
5696,2021-07-15 13:30:00,3492,9.96875,9.890625,9.9140625,9.9140625,9.90625,9.9765625,10.0078125,10.1171875,10.4296875,14.2578125,16.234375,17.359375,18.046875,18.460938,18.65625,18.6875,18.609375
5697,2021-07-15 13:45:00,3498,9.9765625,9.921875,9.9453125,9.9453125,9.9375,10.0078125,10.0390625,10.1640625,10.5,14.2578125,16.210938,17.351562,18.039062,18.445312,18.648438,18.6875,18.601562
5698,2021-07-15 14:00:00,3492,10.0078125,9.9375,9.953125,9.953125,9.953125,10.015625,10.0546875,10.1796875,10.53125,14.25,16.1875,17.328125,18.023438,18.4375,18.640625,18.6875,18.59375
5699,2021-07-15 14:15:00,3498,10.0,9.90625,9.921875,9.9296875,9.9296875,10.0,10.046875,10.2109375,10.5703125,14.234375,16.15625,17.3125,18.007812,18.429688,18.632812,18.679688,18.59375
5700,2021-07-15 14:30:00,3492,10.0234375,9.9375,9.953125,9.953125,9.9375,10.0,10.0234375,10.15625,10.4921875,14.1953125,16.140625,17.289062,18.0,18.429688,18.625,18.671875,18.585938
5701,2021-07-15 14:45:00,3498,10.1171875,10.046875,10.046875,10.0390625,10.0390625,10.109375,10.140625,10.2578125,10.5546875,14.1796875,16.125,17.28125,17.992188,18.421875,18.625,18.664062,18.585938
5702,2021-07-15 15:00:00,3492,10.2421875,10.140625,10.125,10.109375,10.125,10.1953125,10.2421875,10.375,10.6953125,14.2109375,16.09375,17.265625,17.984375,18.414062,18.625,18.664062,18.578125
5703,2021-07-15 15:15:00,3498,10.421875,10.3203125,10.3046875,10.2890625,10.2890625,10.359375,10.40625,10.53125,10.828125,14.21875,16.078125,17.242188,17.96875,18.398438,18.609375,18.65625,18.570312
5704,2021-07-15 15:30:00,3492,10.6953125,10.6015625,10.5625,10.5390625,10.546875,10.6171875,10.671875,10.7734375,11.046875,14.2421875,16.054688,17.226562,17.960938,18.40625,18.609375,18.65625,18.570312
5705,2021-07-15 15:45:00,3492,11.0078125,10.875,10.8203125,10.765625,10.78125,10.8515625,10.921875,11.015625,11.296875,14.296875,16.046875,17.210938,17.945312,18.390625,18.601562,18.648438,18.554688
5706,2021-07-15 16:00:00,3492,11.4375,11.1875,11.125,11.0703125,11.0625,11.1171875,11.21875,11.28125,11.5,14.34375,16.023438,17.195312,17.9375,18.382812,18.59375,18.640625,18.546875
5707,2021-07-15 16:15:00,3492,11.7109375,11.28125,11.28125,11.2734375,11.21875,11.2421875,11.3359375,11.3828125,11.59375,14.375,16.0,17.171875,17.921875,18.375,18.59375,18.632812,18.546875
5708,2021-07-15 16:30:00,3492,11.9140625,11.6484375,11.578125,11.4609375,11.4140625,11.390625,11.4765625,11.5078125,11.6796875,14.3828125,15.9921875,17.164062,17.90625,18.367188,18.585938,18.632812,18.539062
5709,2021-07-15 16:45:00,3492,12.0859375,11.7109375,11.625,11.5078125,11.5078125,11.4765625,11.5625,11.59375,11.7734375,14.40625,15.984375,17.140625,17.898438,18.359375,18.578125,18.625,18.53125
5710,2021-07-15 17:00:00,3486,12.3828125,12.0546875,11.9296875,11.796875,11.78125,11.734375,11.7890625,11.7890625,11.9140625,14.453125,15.96875,17.125,17.882812,18.351562,18.570312,18.617188,18.523438
5711,2021-07-15 17:15:00,3498,12.8515625,12.546875,12.390625,12.234375,12.21875,12.1796875,12.25,12.25,12.3671875,14.515625,15.96875,17.101562,17.875,18.34375,18.570312,18.609375,18.515625
5712,2021-07-15 17:30:00,3492,13.625,13.546875,13.25,13.0,12.9375,12.828125,12.8515625,12.765625,12.7578125,14.59375,15.9609375,17.09375,17.867188,18.328125,18.554688,18.601562,18.507812
5713,2021-07-15 17:45:00,3492,14.890625,14.875,14.40625,14.046875,13.9453125,13.7734375,13.765625,13.6484375,13.5,14.7421875,15.9609375,17.078125,17.84375,18.320312,18.546875,18.59375,18.5
5714,2021-07-15 18:00:00,3486,15.4375,14.65625,14.25,13.9609375,13.9609375,13.8359375,13.9296875,13.9453125,13.9296875,14.890625,15.953125,17.070312,17.835938,18.3125,18.539062,18.59375,18.5
5715,2021-07-15 18:15:00,3492,15.6875,14.96875,14.515625,14.2265625,14.21875,14.0859375,14.15625,14.1484375,14.1484375,15.015625,15.9609375,17.054688,17.820312,18.304688,18.539062,18.585938,18.492188
5716,2021-07-15 18:30:00,3492,15.7734375,14.8828125,14.4375,14.1640625,14.1796875,14.0703125,14.1875,14.2421875,14.296875,15.1171875,15.96875,17.039062,17.8125,18.296875,18.53125,18.578125,18.476562
5717,2021-07-15 18:45:00,3498,17.226562,16.484375,16.023438,15.5625,15.4921875,15.296875,15.390625,15.359375,15.2265625,15.3046875,15.9765625,17.03125,17.804688,18.289062,18.515625,18.570312,18.46875
5718,2021-07-15 19:00:00,3498,18.585938,18.117188,17.46875,17.023438,16.882812,16.75,16.773438,16.695312,16.421875,15.5703125,15.9921875,17.015625,17.78125,18.28125,18.507812,18.570312,18.460938
5719,2021-07-15 19:15:00,3498,19.132812,17.71875,17.109375,16.78125,16.640625,16.492188,16.679688,16.78125,16.796875,15.8359375,16.023438,17.015625,17.78125,18.273438,18.507812,18.554688,18.453125
5720,2021-07-15 19:30:00,3498,19.429688,17.804688,17.078125,16.765625,16.71875,16.515625,16.734375,16.804688,16.945312,16.0625,16.046875,17.0,17.765625,18.257812,18.5,18.546875,18.453125
5721,2021-07-15 19:45:00,3498,20.03125,18.578125,17.898438,17.453125,17.484375,17.28125,17.367188,17.382812,17.429688,16.21875,16.085938,17.0,17.757812,18.25,18.492188,18.546875,18.445312
5722,2021-07-15 20:00:00,3498,19.742188,18.21875,17.421875,17.03125,16.992188,16.882812,16.859375,16.929688,17.109375,16.289062,16.125,16.992188,17.75,18.242188,18.484375,18.539062,18.4375
5723,2021-07-15 20:15:00,3498,20.5625,18.96875,18.476562,18.164062,18.015625,18.046875,17.992188,18.085938,18.078125,16.546875,16.171875,16.984375,17.734375,18.234375,18.46875,18.53125,18.421875
5724,2021-07-15 19:00:00,3498,18.585938,18.117188,17.46875,17.023438,16.882812,16.75,16.773438,16.695312,16.421875,15.5703125,15.9921875,17.015625,17.78125,18.28125,18.507812,18.570312,18.460938
5725,2021-07-15 19:15:00,3498,19.132812,17.71875,17.109375,16.78125,16.640625,16.492188,16.679688,16.78125,16.796875,15.8359375,16.023438,17.015625,17.78125,18.273438,18.507812,18.554688,18.453125
5726,2021-07-15 19:30:00,3498,19.429688,17.804688,17.078125,16.765625,16.71875,16.515625,16.734375,16.804688,16.945312,16.0625,16.046875,17.0,17.765625,18.257812,18.5,18.546875,18.453125
5727,2021-07-15 19:45:00,3498,20.03125,18.578125,17.898438,17.453125,17.484375,17.28125,17.367188,17.382812,17.429688,16.21875,16.085938,17.0,17.757812,18.25,18.492188,18.546875,18.445312
5728,2021-07-15 20:00:00,3498,19.742188,18.21875,17.421875,17.03125,16.992188,16.882812,16.859375,16.929688,17.109375,16.289062,16.125,16.992188,17.75,18.242188,18.484375,18.539062,18.4375
5729,2021-07-15 20:15:00,3498,20.5625,18.96875,18.476562,18.164062,18.015625,18.046875,17.992188,18.085938,18.078125,16.546875,16.171875,16.984375,17.734375,18.234375,18.46875,18.53125,18.421875
5730,2021-07-15 20:30:00,3498,20.679688,18.234375,17.820312,17.78125,17.703125,17.734375,17.851562,18.15625,18.304688,16.742188,16.210938,16.992188,17.726562,18.21875,18.46875,18.515625,18.421875
5731,2021-07-15 20:45:00,3498,21.492188,18.492188,18.101562,18.429688,18.023438,18.078125,18.53125,18.773438,18.773438,16.984375,16.257812,16.984375,17.71875,18.21875,18.460938,18.507812,18.40625
5732,2021-07-15 21:00:00,3498,21.9375,18.867188,18.3125,18.59375,18.335938,18.546875,19.367188,19.46875,19.171875,17.140625,16.3125,16.984375,17.703125,18.203125,18.453125,18.507812,18.40625
5733,2021-07-15 21:15:00,3504,22.28125,19.585938,18.90625,19.023438,18.984375,19.421875,20.320312,19.679688,19.625,17.367188,16.375,16.992188,17.695312,18.195312,18.445312,18.5,18.390625
5734,2021-07-15 21:30:00,3510,22.351562,19.273438,18.734375,18.664062,19.109375,19.476562,20.53125,19.742188,19.875,17.53125,16.429688,17.0,17.695312,18.1875,18.4375,18.492188,18.375
5735,2021-07-15 21:45:00,3504,22.125,19.25,18.65625,18.75,19.09375,19.75,20.0,19.71875,20.078125,17.640625,16.484375,17.007812,17.6875,18.179688,18.429688,18.476562,18.375
5736,2021-07-15 22:00:00,3510,21.710938,18.703125,18.304688,18.414062,18.695312,19.734375,19.46875,19.492188,19.851562,17.703125,16.554688,17.015625,17.671875,18.164062,18.414062,18.476562,18.367188
5737,2021-07-15 22:15:00,3504,21.109375,18.789062,18.328125,18.382812,18.671875,19.632812,19.109375,19.09375,19.335938,17.671875,16.617188,17.023438,17.664062,18.15625,18.40625,18.460938,18.351562
5738,2021-07-15 22:30:00,3498,20.53125,18.382812,17.84375,18.078125,18.210938,18.664062,18.523438,18.492188,18.8125,17.59375,16.679688,17.039062,17.664062,18.148438,18.40625,18.453125,18.34375
5739,2021-07-15 22:45:00,3504,19.820312,17.796875,17.46875,17.609375,17.890625,18.164062,18.296875,18.4375,18.734375,17.601562,16.734375,17.054688,17.65625,18.140625,18.390625,18.445312,18.335938
5740,2021-07-15 23:00:00,3510,19.453125,17.742188,17.226562,17.304688,17.648438,18.539062,17.890625,18.0625,18.3125,17.5,16.789062,17.070312,17.648438,18.125,18.375,18.4375,18.328125
5741,2021-07-15 23:15:00,3510,18.765625,17.078125,16.796875,16.726562,17.09375,17.40625,17.25,17.484375,17.851562,17.398438,16.828125,17.078125,17.648438,18.117188,18.375,18.429688,18.320312
5742,2021-07-15 23:30:00,3516,17.390625,15.4140625,15.2890625,15.2578125,15.3984375,15.5234375,15.546875,15.7890625,16.203125,17.09375,16.867188,17.101562,17.640625,18.109375,18.359375,18.421875,18.3125
5743,2021-07-15 23:45:00,3504,15.4453125,13.984375,13.8125,13.8671875,13.9140625,13.953125,14.0,14.1953125,14.6328125,16.75,16.898438,17.117188,17.632812,18.101562,18.359375,18.421875,18.304688
5744,2021-07-16 00:00:00,3510,14.5625,13.796875,13.6953125,13.7421875,13.7578125,13.7890625,13.796875,13.9140625,14.15625,16.46875,16.914062,17.140625,17.632812,18.09375,18.34375,18.40625,18.289062
5745,2021-07-16 00:15:00,3510,14.2890625,13.921875,13.7734375,13.734375,13.765625,13.8046875,13.8359375,13.8671875,13.953125,16.273438,16.929688,17.148438,17.632812,18.078125,18.335938,18.398438,18.28125
5746,2021-07-16 00:30:00,3504,13.84375,13.5546875,13.40625,13.28125,13.28125,13.328125,13.359375,13.40625,13.546875,16.125,16.921875,17.164062,17.625,18.078125,18.328125,18.390625,18.273438
5747,2021-07-16 00:45:00,3504,13.3203125,12.8984375,12.84375,12.84375,12.875,12.9375,12.9765625,13.09375,13.3203125,15.96875,16.914062,17.179688,17.625,18.0625,18.328125,18.382812,18.265625
5748,2021-07-16 01:00:00,3510,12.859375,12.59375,12.4921875,12.46875,12.484375,12.53125,12.5625,12.6796875,13.0078125,15.875,16.898438,17.1875,17.625,18.054688,18.3125,18.375,18.265625
5749,2021-07-16 01:15:00,3510,12.7109375,12.3671875,12.25,12.1796875,12.2109375,12.28125,12.328125,12.46875,12.828125,15.796875,16.875,17.210938,17.625,18.054688,18.304688,18.359375,18.25
5750,2021-07-16 01:30:00,3504,12.890625,12.4453125,12.296875,12.234375,12.2890625,12.3984375,12.4921875,12.7109375,13.1015625,15.7734375,16.851562,17.210938,17.625,18.039062,18.296875,18.359375,18.242188
5751,2021-07-16 01:45:00,3504,13.0390625,12.6640625,12.5234375,12.3984375,12.3984375,12.4609375,12.4921875,12.6328125,12.953125,15.7265625,16.820312,17.21875,17.632812,18.039062,18.289062,18.34375,18.234375
5752,2021-07-16 02:00:00,3504,12.8125,12.4375,12.3046875,12.1796875,12.171875,12.2265625,12.25,12.359375,12.6484375,15.6015625,16.796875,17.226562,17.632812,18.03125,18.28125,18.34375,18.226562
5753,2021-07-16 02:15:00,3504,12.6640625,12.2421875,12.1484375,12.0546875,12.0625,12.125,12.15625,12.265625,12.578125,15.5390625,16.773438,17.234375,17.632812,18.03125,18.273438,18.335938,18.21875
5754,2021-07-16 02:30:00,3504,12.25,11.71875,11.6328125,11.5859375,11.625,11.7109375,11.8046875,12.0078125,12.4375,15.4765625,16.75,17.226562,17.632812,18.023438,18.265625,18.320312,18.210938
5755,2021-07-16 02:45:00,3504,11.75,11.28125,11.21875,11.1796875,11.203125,11.2890625,11.359375,11.5390625,11.96875,15.359375,16.726562,17.226562,17.632812,18.015625,18.257812,18.320312,18.210938
5756,2021-07-16 03:00:00,3504,11.4296875,11.046875,11.015625,10.9765625,11.0078125,11.09375,11.1484375,11.328125,11.7265625,15.2421875,16.695312,17.226562,17.632812,18.015625,18.25,18.304688,18.195312
5757,2021-07-16 03:15:00,3504,11.046875,10.7578125,10.71875,10.6953125,10.71875,10.8046875,10.875,11.0625,11.5078125,15.1796875,16.664062,17.234375,17.632812,18.007812,18.242188,18.304688,18.195312
5758,2021-07-16 03:30:00,3504,10.953125,10.7734375,10.765625,10.7265625,10.734375,10.8125,10.875,11.0390625,11.453125,15.09375,16.632812,17.226562,17.632812,18.0,18.234375,18.296875,18.1875
5759,2021-07-16 03:45:00,3504,10.8359375,10.6796875,10.6640625,10.6484375,10.6640625,10.7578125,10.8203125,11.0078125,11.40625,15.015625,16.609375,17.21875,17.640625,18.0,18.226562,18.289062,18.179688
5760,2021-07-16 04:00:00,3504,10.625,10.4140625,10.4140625,10.4140625,10.4296875,10.515625,10.5703125,10.734375,11.1328125,14.9375,16.570312,17.210938,17.632812,18.0,18.21875,18.28125,18.171875
5761,2021-07-16 04:15:00,3498,10.546875,10.4453125,10.4375,10.421875,10.4296875,10.5,10.5390625,10.6484375,10.984375,14.8125,16.539062,17.210938,17.640625,17.984375,18.210938,18.273438,18.164062
5762,2021-07-16 04:30:00,3510,10.421875,10.28125,10.2890625,10.2890625,10.3046875,10.3828125,10.4296875,10.5703125,10.9296875,14.75,16.507812,17.203125,17.632812,17.984375,18.210938,18.265625,18.164062
5763,2021-07-16 04:45:00,3498,10.34375,10.234375,10.25,10.25,10.2578125,10.328125,10.359375,10.4921875,10.8515625,14.6875,16.476562,17.195312,17.632812,17.984375,18.203125,18.257812,18.15625
5764,2021-07-16 05:00:00,3510,10.3671875,10.34375,10.359375,10.3515625,10.359375,10.4296875,10.4609375,10.5859375,10.9296875,14.671875,16.4375,17.1875,17.632812,17.984375,18.195312,18.257812,18.15625
5765,2021-07-16 05:15:00,3504,10.3671875,10.28125,10.296875,10.296875,10.3046875,10.3671875,10.40625,10.5234375,10.875,14.6328125,16.40625,17.171875,17.632812,17.976562,18.203125,18.25,18.148438
5766,2021-07-16 05:30:00,3504,10.34375,10.2578125,10.265625,10.2734375,10.2734375,10.3359375,10.3828125,10.5,10.828125,14.578125,16.367188,17.164062,17.632812,17.96875,18.1875,18.242188,18.140625
5767,2021-07-16 05:45:00,3504,10.296875,10.1953125,10.2109375,10.203125,10.21875,10.2890625,10.328125,10.453125,10.8046875,14.53125,16.335938,17.15625,17.625,17.96875,18.179688,18.242188,18.132812
5768,2021-07-16 06:00:00,3498,10.2578125,10.15625,10.171875,10.15625,10.171875,10.2421875,10.28125,10.40625,10.765625,14.484375,16.304688,17.140625,17.625,17.96875,18.171875,18.234375,18.140625
5769,2021-07-16 06:15:00,3498,10.2578125,10.1875,10.203125,10.1875,10.2109375,10.28125,10.3203125,10.453125,10.7890625,14.46875,16.273438,17.132812,17.625,17.960938,18.171875,18.226562,18.132812
5770,2021-07-16 06:30:00,3504,10.234375,10.1328125,10.140625,10.140625,10.1484375,10.2265625,10.2734375,10.4140625,10.7890625,14.4375,16.25,17.109375,17.617188,17.960938,18.164062,18.226562,18.125
5771,2021-07-16 06:45:00,3498,10.1875,10.1015625,10.1171875,10.109375,10.1171875,10.1875,10.2265625,10.3359375,10.640625,14.3828125,16.210938,17.101562,17.617188,17.960938,18.15625,18.210938,18.117188
5772,2021-07-16 07:00:00,3504,10.171875,10.078125,10.1015625,10.09375,10.109375,10.1875,10.2109375,10.3359375,10.65625,14.3515625,16.195312,17.085938,17.609375,17.953125,18.15625,18.210938,18.117188
5773,2021-07-16 07:15:00,3498,10.1796875,10.140625,10.15625,10.1484375,10.15625,10.2265625,10.265625,10.3828125,10.7109375,14.3125,16.164062,17.078125,17.601562,17.953125,18.15625,18.210938,18.109375
5774,2021-07-16 07:30:00,3498,10.21875,10.171875,10.1953125,10.1875,10.203125,10.2734375,10.3203125,10.4921875,10.8515625,14.3125,16.132812,17.0625,17.59375,17.953125,18.148438,18.203125,18.109375
5775,2021-07-16 07:45:00,3498,10.2109375,10.15625,10.171875,10.1640625,10.171875,10.2421875,10.2890625,10.40625,10.75,14.3046875,16.101562,17.046875,17.59375,17.945312,18.148438,18.195312,18.101562
5776,2021-07-16 08:00:00,3504,10.234375,10.1640625,10.1875,10.1796875,10.1875,10.2578125,10.3046875,10.4296875,10.7734375,14.2890625,16.078125,17.03125,17.59375,17.945312,18.132812,18.1875,18.101562
5777,2021-07-16 08:15:00,3498,10.234375,10.15625,10.1796875,10.1875,10.1875,10.265625,10.3046875,10.4296875,10.7578125,14.2734375,16.054688,17.015625,17.585938,17.9375,18.132812,18.179688,18.09375
5778,2021-07-16 08:30:00,3498,10.171875,10.0859375,10.1015625,10.109375,10.1171875,10.21875,10.2890625,10.4609375,10.828125,14.2578125,16.03125,17.007812,17.578125,17.9375,18.132812,18.179688,18.09375
5779,2021-07-16 08:45:00,3498,10.1796875,10.1484375,10.1640625,10.1640625,10.1875,10.28125,10.3828125,10.6015625,11.0390625,14.28125,16.007812,16.984375,17.5625,17.9375,18.125,18.179688,18.09375
5780,2021-07-16 09:00:00,3504,10.2578125,10.2421875,10.2578125,10.265625,10.2890625,10.375,10.4453125,10.625,11.046875,14.3125,15.984375,16.976562,17.5625,17.929688,18.117188,18.164062,18.085938
5781,2021-07-16 09:15:00,3492,10.2578125,10.21875,10.2421875,10.234375,10.2421875,10.3203125,10.359375,10.4921875,10.8515625,14.2734375,15.9609375,16.960938,17.554688,17.921875,18.117188,18.164062,18.085938
5782,2021-07-16 09:30:00,3498,10.34375,10.328125,10.3515625,10.3515625,10.359375,10.4375,10.5,10.65625,11.0390625,14.28125,15.9453125,16.945312,17.546875,17.914062,18.109375,18.164062,18.070312
5783,2021-07-16 09:45:00,3498,10.390625,10.3671875,10.390625,10.3984375,10.421875,10.5078125,10.59375,10.78125,11.1875,14.3203125,15.9296875,16.9375,17.539062,17.914062,18.109375,18.15625,18.070312
5784,2021-07-16 10:00:00,3498,10.40625,10.3203125,10.34375,10.359375,10.390625,10.4921875,10.6171875,10.859375,11.3046875,14.328125,15.90625,16.914062,17.53125,17.90625,18.101562,18.148438,18.0625
5785,2021-07-16 10:15:00,3492,10.40625,10.3671875,10.3828125,10.3828125,10.3984375,10.4921875,10.5703125,10.7734375,11.1953125,14.3203125,15.890625,16.90625,17.53125,17.90625,18.09375,18.148438,18.054688
5786,2021-07-16 10:30:00,3498,10.390625,10.328125,10.3515625,10.3515625,10.375,10.4765625,10.578125,10.78125,11.1875,14.296875,15.8828125,16.890625,17.515625,17.898438,18.09375,18.140625,18.0625
5787,2021-07-16 10:45:00,3498,10.375,10.3125,10.3359375,10.3359375,10.359375,10.46875,10.6015625,10.859375,11.3515625,14.328125,15.8671875,16.875,17.507812,17.898438,18.085938,18.140625,18.054688
5788,2021-07-16 11:00:00,3498,10.3984375,10.34375,10.359375,10.359375,10.375,10.453125,10.5234375,10.7109375,11.1328125,14.3203125,15.859375,16.859375,17.507812,17.890625,18.085938,18.132812,18.046875
5789,2021-07-16 11:15:00,3498,10.4140625,10.3671875,10.390625,10.390625,10.40625,10.484375,10.5546875,10.7265625,11.1171875,14.28125,15.8359375,16.84375,17.492188,17.882812,18.085938,18.132812,18.039062
5790,2021-07-16 11:30:00,3492,10.4140625,10.3359375,10.359375,10.359375,10.359375,10.4296875,10.46875,10.5859375,10.90625,14.2265625,15.828125,16.835938,17.484375,17.882812,18.078125,18.125,18.039062
5791,2021-07-16 11:45:00,3498,10.390625,10.328125,10.3359375,10.3359375,10.34375,10.4296875,10.4921875,10.640625,11.0078125,14.2109375,15.8203125,16.820312,17.46875,17.875,18.070312,18.117188,18.03125
5792,2021-07-16 12:00:00,3492,10.375,10.296875,10.3125,10.3125,10.3125,10.390625,10.4375,10.5703125,10.9140625,14.1953125,15.796875,16.8125,17.46875,17.867188,18.070312,18.117188,18.039062
5793,2021-07-16 12:15:00,3498,10.421875,10.3671875,10.375,10.375,10.375,10.453125,10.4921875,10.6015625,10.9453125,14.1796875,15.78125,16.796875,17.453125,17.859375,18.0625,18.109375,18.023438
5794,2021-07-16 12:30:00,3492,10.4453125,10.390625,10.3984375,10.3984375,10.3984375,10.46875,10.5078125,10.640625,10.953125,14.15625,15.7734375,16.789062,17.445312,17.851562,18.054688,18.109375,18.023438
5795,2021-07-16 12:45:00,3492,10.4140625,10.3046875,10.3125,10.3125,10.3203125,10.390625,10.4375,10.5625,10.8984375,14.15625,15.7578125,16.773438,17.429688,17.851562,18.054688,18.101562,18.007812
5796,2021-07-16 13:00:00,3492,10.390625,10.3046875,10.3125,10.3125,10.3203125,10.3984375,10.4453125,10.578125,10.921875,14.140625,15.7421875,16.757812,17.421875,17.835938,18.046875,18.09375,18.007812
5797,2021-07-16 13:15:00,3492,10.3671875,10.28125,10.296875,10.2890625,10.296875,10.375,10.4296875,10.5625,10.9140625,14.1328125,15.7265625,16.75,17.421875,17.835938,18.039062,18.09375,18.0
5798,2021-07-16 13:30:00,3498,10.421875,10.3828125,10.40625,10.3984375,10.40625,10.4921875,10.5625,10.7109375,11.0625,14.140625,15.7109375,16.734375,17.40625,17.835938,18.046875,18.085938,17.992188
5799,2021-07-16 13:45:00,3486,10.4765625,10.421875,10.4453125,10.4375,10.4375,10.5,10.5390625,10.65625,10.984375,14.140625,15.703125,16.71875,17.398438,17.820312,18.03125,18.078125,17.992188
5800,2021-07-16 14:00:00,3492,10.5078125,10.421875,10.4375,10.4296875,10.4375,10.515625,10.5625,10.6953125,11.03125,14.1328125,15.6875,16.710938,17.382812,17.8125,18.023438,18.070312,17.992188
5801,2021-07-16 14:15:00,3486,10.5859375,10.5546875,10.578125,10.5546875,10.5546875,10.6328125,10.6796875,10.8125,11.140625,14.1328125,15.671875,16.695312,17.375,17.804688,18.023438,18.070312,17.984375
5802,2021-07-16 14:30:00,3492,10.734375,10.65625,10.6640625,10.6484375,10.65625,10.734375,10.765625,10.8828125,11.21875,14.171875,15.6640625,16.6875,17.367188,17.796875,18.015625,18.070312,17.96875
5803,2021-07-16 14:45:00,3492,10.890625,10.828125,10.8203125,10.796875,10.8046875,10.890625,10.9453125,11.0703125,11.390625,14.203125,15.6484375,16.671875,17.359375,17.789062,18.007812,18.0625,17.960938
5804,2021-07-16 15:00:00,3492,11.0859375,10.9296875,10.9140625,10.8984375,10.90625,11.0234375,11.1015625,11.2734375,11.625,14.234375,15.6328125,16.664062,17.351562,17.789062,18.0,18.054688,17.960938
5805,2021-07-16 15:15:00,3492,11.28125,11.1171875,11.046875,10.9921875,11.0,11.1015625,11.1796875,11.3515625,11.6796875,14.234375,15.6328125,16.648438,17.335938,17.78125,17.992188,18.046875,17.953125
5806,2021-07-16 15:30:00,3492,11.7734375,11.6328125,11.4921875,11.3984375,11.4296875,11.5390625,11.6328125,11.828125,12.140625,14.328125,15.6171875,16.632812,17.328125,17.765625,17.984375,18.046875,17.953125
5807,2021-07-16 15:45:00,3492,12.203125,11.9609375,11.8125,11.6484375,11.625,11.71875,11.796875,11.9375,12.234375,14.375,15.6171875,16.625,17.320312,17.757812,17.976562,18.039062,17.945312
5808,2021-07-16 16:00:00,3486,12.6796875,12.3203125,12.1328125,11.921875,11.8828125,11.96875,11.9921875,12.0703125,12.3125,14.421875,15.609375,16.617188,17.3125,17.757812,17.976562,18.03125,17.9375
5809,2021-07-16 16:15:00,3492,13.4609375,13.140625,12.9140625,12.6015625,12.4921875,12.5078125,12.46875,12.4609375,12.578125,14.4609375,15.609375,16.601562,17.304688,17.75,17.96875,18.023438,17.929688
5810,2021-07-16 16:30:00,3492,15.4765625,15.4296875,15.09375,14.59375,14.3125,14.3203125,14.1640625,14.0625,14.0234375,14.6875,15.609375,16.59375,17.296875,17.742188,17.960938,18.015625,17.914062
5811,2021-07-16 16:45:00,3498,16.820312,15.78125,15.40625,15.078125,14.703125,14.859375,14.8125,14.796875,14.7890625,14.9375,15.609375,16.585938,17.28125,17.734375,17.953125,18.007812,17.90625
5812,2021-07-16 17:00:00,3486,19.007812,17.976562,17.53125,17.109375,16.601562,16.59375,16.40625,16.1875,15.953125,15.203125,15.625,16.5625,17.273438,17.726562,17.953125,18.0,17.90625
5813,2021-07-16 17:15:00,3486,20.976562,19.8125,18.953125,18.273438,17.515625,17.53125,17.273438,17.03125,16.71875,15.4921875,15.6328125,16.554688,17.265625,17.71875,17.945312,17.992188,17.898438
5814,2021-07-16 17:30:00,3498,23.453125,21.65625,21.3125,20.59375,19.703125,19.507812,19.195312,18.75,18.125,15.8125,15.65625,16.546875,17.257812,17.703125,17.9375,17.984375,17.890625
5815,2021-07-16 17:45:00,3498,24.34375,21.648438,21.5,20.820312,19.867188,19.703125,19.65625,19.164062,18.65625,16.054688,15.6953125,16.546875,17.242188,17.695312,17.929688,17.984375,17.875
5816,2021-07-16 18:00:00,3504,24.421875,22.125,21.164062,20.578125,19.882812,19.71875,19.71875,19.828125,19.351562,16.289062,15.734375,16.539062,17.234375,17.695312,17.921875,17.976562,17.875
5817,2021-07-16 18:15:00,3504,23.921875,21.617188,20.296875,19.929688,19.578125,19.53125,19.5625,19.601562,19.421875,16.445312,15.7890625,16.539062,17.226562,17.6875,17.914062,17.96875,17.867188
5818,2021-07-16 18:30:00,3504,24.257812,21.601562,19.984375,19.78125,19.671875,19.695312,19.648438,19.8125,19.648438,16.65625,15.84375,16.53125,17.21875,17.679688,17.90625,17.960938,17.859375
5819,2021-07-16 18:45:00,3498,24.375,22.15625,20.585938,20.164062,19.78125,19.710938,19.578125,19.671875,19.546875,16.773438,15.8984375,16.539062,17.210938,17.664062,17.898438,17.953125,17.851562
5820,2021-07-16 19:00:00,3504,24.390625,22.507812,21.03125,20.734375,20.414062,20.273438,20.15625,20.265625,20.132812,16.953125,15.9609375,16.539062,17.203125,17.65625,17.890625,17.953125,17.84375
5821,2021-07-16 19:15:00,3504,24.507812,21.820312,20.460938,20.523438,20.132812,19.976562,19.984375,20.164062,20.203125,17.132812,16.023438,16.546875,17.195312,17.640625,17.890625,17.9375,17.835938
5822,2021-07-16 19:30:00,3504,24.6875,22.007812,20.960938,20.875,20.585938,20.554688,20.578125,20.851562,20.851562,17.320312,16.085938,16.554688,17.1875,17.640625,17.875,17.929688,17.828125
5823,2021-07-16 19:45:00,3510,24.5625,21.820312,20.773438,20.632812,20.460938,20.429688,20.304688,20.5625,20.476562,17.390625,16.15625,16.5625,17.179688,17.632812,17.867188,17.921875,17.828125
5824,2021-07-16 20:00:00,3510,24.835938,21.523438,20.9375,20.492188,20.289062,20.148438,20.289062,20.28125,20.171875,17.445312,16.226562,16.570312,17.171875,17.617188,17.859375,17.921875,17.8125
5825,2021-07-16 20:15:00,3516,23.96875,20.875,20.304688,19.976562,19.765625,19.671875,19.851562,19.945312,20.171875,17.492188,16.289062,16.59375,17.171875,17.617188,17.851562,17.90625,17.804688
5826,2021-07-16 20:30:00,3510,23.804688,20.515625,20.492188,19.695312,19.5625,19.695312,19.875,20.265625,20.4375,17.617188,16.351562,16.609375,17.164062,17.601562,17.84375,17.898438,17.796875
5827,2021-07-16 20:45:00,3522,24.03125,20.953125,20.78125,19.945312,19.757812,19.976562,20.476562,20.304688,20.5,17.71875,16.421875,16.625,17.164062,17.601562,17.84375,17.898438,17.796875
5828,2021-07-16 21:00:00,3510,23.960938,20.546875,20.367188,19.609375,19.53125,19.851562,20.148438,20.28125,20.523438,17.804688,16.476562,16.640625,17.15625,17.59375,17.828125,17.890625,17.78125
5829,2021-07-16 21:15:00,3516,24.15625,21.265625,20.742188,19.851562,19.765625,20.109375,20.195312,20.195312,20.375,17.851562,16.539062,16.664062,17.15625,17.585938,17.820312,17.882812,17.78125
5830,2021-07-16 21:30:00,3510,23.632812,19.992188,19.5,19.007812,19.023438,19.609375,19.460938,19.640625,19.984375,17.890625,16.609375,16.679688,17.15625,17.578125,17.8125,17.867188,17.773438
5831,2021-07-16 21:45:00,3516,23.523438,20.445312,19.679688,19.46875,19.703125,20.078125,19.929688,20.117188,20.296875,17.960938,16.664062,16.703125,17.15625,17.570312,17.804688,17.867188,17.757812
5832,2021-07-16 22:00:00,3522,23.21875,20.179688,19.46875,19.171875,19.234375,19.523438,19.46875,19.65625,19.84375,17.929688,16.726562,16.726562,17.148438,17.5625,17.796875,17.851562,17.75
5833,2021-07-16 22:15:00,3516,22.539062,19.53125,18.84375,18.6875,19.015625,19.226562,19.328125,19.617188,19.914062,17.953125,16.78125,16.757812,17.15625,17.5625,17.789062,17.851562,17.742188
5834,2021-07-16 22:30:00,3528,22.570312,20.1875,19.4375,19.15625,19.46875,19.710938,19.78125,20.015625,20.226562,18.015625,16.835938,16.773438,17.15625,17.546875,17.789062,17.84375,17.734375
5835,2021-07-16 22:45:00,3528,22.78125,20.546875,19.625,19.414062,19.726562,19.984375,20.03125,20.148438,20.125,17.976562,16.882812,16.796875,17.164062,17.546875,17.773438,17.835938,17.726562
5836,2021-07-16 23:00:00,3528,22.0,19.453125,18.789062,18.71875,18.953125,19.226562,19.523438,19.617188,19.851562,17.945312,16.921875,16.828125,17.164062,17.539062,17.765625,17.828125,17.71875
5837,2021-07-16 23:15:00,3516,21.789062,19.59375,18.90625,18.796875,19.078125,19.3125,19.484375,19.554688,19.5625,17.914062,16.96875,16.851562,17.171875,17.53125,17.765625,17.820312,17.71875
5838,2021-07-16 23:30:00,3522,21.414062,19.101562,18.585938,18.640625,18.914062,19.148438,19.28125,19.460938,19.5,17.898438,17.0,16.875,17.171875,17.53125,17.757812,17.8125,17.710938
5839,2021-07-16 23:45:00,3522,19.335938,17.632812,17.210938,17.148438,17.164062,17.179688,17.15625,17.289062,17.617188,17.640625,17.039062,16.898438,17.179688,17.515625,17.75,17.804688,17.703125
5840,2021-07-17 00:00:00,3522,18.25,17.0625,16.664062,16.5625,16.554688,16.5625,16.523438,16.625,16.914062,17.46875,17.0625,16.921875,17.1875,17.515625,17.742188,17.796875,17.695312
5841,2021-07-17 00:15:00,3522,17.59375,16.84375,16.53125,16.445312,16.421875,16.359375,16.25,16.21875,16.335938,17.28125,17.09375,16.945312,17.1875,17.515625,17.734375,17.796875,17.695312
5842,2021-07-17 00:30:00,3528,17.070312,16.242188,15.96875,15.9296875,15.9609375,15.9375,15.8828125,15.90625,16.039062,17.15625,17.109375,16.976562,17.195312,17.515625,17.726562,17.78125,17.6875
5843,2021-07-17 00:45:00,3522,16.789062,16.148438,15.875,15.8359375,15.890625,15.859375,15.7890625,15.78125,15.875,17.039062,17.109375,16.992188,17.203125,17.507812,17.71875,17.78125,17.679688
5844,2021-07-17 01:00:00,3516,16.53125,16.117188,15.8203125,15.6875,15.625,15.5390625,15.40625,15.3671875,15.5078125,16.960938,17.117188,17.007812,17.21875,17.5,17.71875,17.773438,17.679688
5845,2021-07-17 01:15:00,3516,15.8359375,15.015625,14.703125,14.734375,14.78125,14.78125,14.796875,14.9375,15.2109375,16.84375,17.117188,17.03125,17.226562,17.5,17.710938,17.765625,17.671875
5846,2021-07-17 01:30:00,3516,15.5,15.1015625,14.6875,14.6171875,14.5546875,14.4921875,14.4296875,14.5,14.7890625,16.742188,17.109375,17.054688,17.226562,17.5,17.710938,17.765625,17.664062
5847,2021-07-17 01:45:00,3522,15.5234375,15.21875,14.90625,14.8359375,14.734375,14.6171875,14.4453125,14.421875,14.6328125,16.65625,17.101562,17.070312,17.242188,17.5,17.695312,17.75,17.664062
5848,2021-07-17 02:00:00,3528,15.1640625,14.6015625,14.375,14.375,14.3203125,14.25,14.171875,14.1953125,14.421875,16.554688,17.085938,17.085938,17.25,17.5,17.695312,17.75,17.65625
5849,2021-07-17 02:15:00,3522,14.4453125,13.9375,13.671875,13.734375,13.71875,13.7109375,13.71875,13.8671875,14.1953125,16.492188,17.078125,17.101562,17.25,17.5,17.6875,17.742188,17.648438
5850,2021-07-17 02:30:00,3516,13.4296875,12.796875,12.6171875,12.8515625,13.0,13.140625,13.25,13.4609375,13.953125,16.390625,17.054688,17.117188,17.273438,17.5,17.6875,17.742188,17.648438
5851,2021-07-17 02:45:00,3522,12.7109375,12.28125,12.2734375,12.5703125,12.7109375,12.84375,12.984375,13.1875,13.5703125,16.25,17.039062,17.132812,17.273438,17.5,17.6875,17.734375,17.648438
5852,2021-07-17 03:00:00,3516,12.2109375,12.1796875,12.0078125,12.2109375,12.3359375,12.515625,12.7421875,13.0703125,13.53125,16.203125,17.023438,17.140625,17.289062,17.5,17.671875,17.726562,17.640625
5853,2021-07-17 03:15:00,3522,11.671875,11.5625,11.6875,12.0546875,12.2890625,12.3359375,12.53125,12.859375,13.3671875,16.117188,17.007812,17.140625,17.296875,17.507812,17.671875,17.726562,17.640625
5854,2021-07-17 03:30:00,3516,11.1328125,10.8984375,10.875,11.171875,11.359375,11.59375,11.921875,12.4921875,13.1875,16.054688,16.976562,17.15625,17.304688,17.5,17.671875,17.726562,17.640625
5855,2021-07-17 03:45:00,3528,10.5625,10.296875,10.3828125,10.78125,11.03125,11.296875,11.65625,12.328125,13.1875,15.921875,16.953125,17.164062,17.3125,17.507812,17.671875,17.71875,17.640625
5856,2021-07-17 04:00:00,3516,9.9453125,9.8515625,10.0546875,10.5625,10.96875,11.3515625,11.765625,12.2109375,12.71875,15.78125,16.929688,17.164062,17.320312,17.507812,17.664062,17.710938,17.640625
5857,2021-07-17 04:15:00,3510,9.921875,10.4453125,10.7265625,11.109375,11.3359375,11.4921875,11.671875,11.9609375,12.3828125,15.671875,16.90625,17.171875,17.320312,17.507812,17.664062,17.710938,17.632812
5858,2021-07-17 04:30:00,3510,10.0,10.125,10.2109375,10.484375,10.640625,10.890625,11.1328125,11.453125,11.9296875,15.5703125,16.875,17.171875,17.335938,17.515625,17.664062,17.710938,17.640625
5859,2021-07-17 04:45:00,3516,9.6328125,9.7109375,9.8984375,10.296875,10.6484375,10.859375,11.1171875,11.2890625,11.6796875,15.4609375,16.851562,17.171875,17.335938,17.515625,17.664062,17.703125,17.632812
5860,2021-07-17 05:00:00,3510,9.4296875,9.7265625,10.0234375,10.546875,10.9921875,11.3359375,11.53125,11.734375,12.046875,15.4375,16.8125,17.171875,17.34375,17.515625,17.664062,17.710938,17.632812
5861,2021-07-17 05:15:00,3522,9.6328125,10.4140625,10.53125,10.734375,10.859375,11.0390625,11.2578125,11.5,11.9453125,15.40625,16.78125,17.171875,17.351562,17.523438,17.664062,17.703125,17.632812
5862,2021-07-17 05:30:00,3504,9.5625,9.71875,9.78125,10.078125,10.3359375,10.5703125,10.859375,11.2890625,12.0,15.390625,16.742188,17.179688,17.351562,17.523438,17.664062,17.703125,17.625
5863,2021-07-17 05:45:00,3516,9.4609375,9.8828125,9.9453125,10.3671875,10.71875,10.8984375,11.0,11.0625,11.3203125,15.1796875,16.710938,17.164062,17.359375,17.53125,17.664062,17.703125,17.632812
5864,2021-07-17 06:00:00,3510,9.4609375,10.1796875,10.46875,10.9609375,11.25,11.53125,11.625,11.578125,11.75,15.1875,16.679688,17.164062,17.367188,17.53125,17.65625,17.703125,17.640625
5865,2021-07-17 06:15:00,3510,9.4609375,10.1015625,10.3359375,10.71875,10.9375,11.09375,11.2734375,11.421875,11.640625,15.125,16.65625,17.15625,17.375,17.53125,17.65625,17.695312,17.632812
5866,2021-07-17 06:30:00,3510,9.359375,9.5,9.6875,10.09375,10.4375,10.7109375,11.0703125,11.59375,12.0703125,15.0859375,16.617188,17.15625,17.375,17.539062,17.671875,17.703125,17.632812
5867,2021-07-17 06:45:00,3510,9.2890625,9.71875,9.9296875,10.265625,10.5078125,10.75,11.046875,11.359375,11.75,15.0703125,16.59375,17.140625,17.382812,17.546875,17.671875,17.695312,17.632812
5868,2021-07-17 07:00:00,3516,9.4609375,10.0703125,10.21875,10.4609375,10.6171875,10.8046875,11.015625,11.3203125,11.7734375,15.0859375,16.546875,17.132812,17.382812,17.546875,17.664062,17.695312,17.640625
5869,2021-07-17 07:15:00,3504,9.6484375,10.1875,10.2890625,10.4921875,10.609375,10.796875,11.03125,11.375,11.84375,15.078125,16.515625,17.125,17.382812,17.546875,17.664062,17.703125,17.640625
5870,2021-07-17 07:30:00,3510,10.140625,10.7421875,10.84375,11.0,11.0703125,11.21875,11.34375,11.5859375,12.0,15.0859375,16.484375,17.109375,17.390625,17.554688,17.671875,17.695312,17.640625
5871,2021-07-17 07:45:00,3504,10.09375,10.4453125,10.578125,10.796875,10.8984375,11.0546875,11.2578125,11.53125,11.9453125,15.0703125,16.460938,17.101562,17.390625,17.554688,17.664062,17.695312,17.648438
5872,2021-07-17 08:00:00,3510,10.0859375,10.2890625,10.390625,10.5859375,10.71875,10.890625,11.1171875,11.4375,11.9296875,15.0625,16.4375,17.09375,17.390625,17.554688,17.671875,17.695312,17.648438
5873,2021-07-17 08:15:00,3510,9.8203125,9.828125,9.8984375,10.234375,10.484375,10.71875,11.0078125,11.4140625,11.984375,15.0625,16.421875,17.085938,17.398438,17.5625,17.671875,17.703125,17.648438
5874,2021-07-17 08:30:00,3504,9.7734375,10.0859375,10.2421875,10.5234375,10.6640625,10.8515625,11.078125,11.40625,11.859375,15.0234375,16.390625,17.070312,17.390625,17.554688,17.671875,17.703125,17.648438
5875,2021-07-17 08:45:00,3504,9.734375,10.3203125,10.3984375,10.65625,10.8515625,11.0546875,11.2421875,11.4609375,11.828125,15.015625,16.367188,17.0625,17.390625,17.570312,17.679688,17.703125,17.648438
5876,2021-07-17 09:00:00,3504,10.1015625,10.609375,10.78125,11.015625,11.140625,11.3125,11.4765625,11.6953125,12.0546875,14.984375,16.351562,17.046875,17.390625,17.570312,17.671875,17.703125,17.648438
5877,2021-07-17 09:15:00,3504,9.828125,9.8515625,9.96875,10.328125,10.6328125,10.9453125,11.3359375,11.6953125,12.125,14.9609375,16.328125,17.03125,17.390625,17.578125,17.679688,17.703125,17.65625
5878,2021-07-17 09:30:00,3504,9.5703125,9.890625,9.96875,10.2265625,10.3828125,10.59375,10.875,11.125,11.453125,14.84375,16.3125,17.023438,17.390625,17.570312,17.679688,17.703125,17.65625
5879,2021-07-17 09:45:00,3510,9.34375,9.625,9.8671875,10.2578125,10.4453125,10.6171875,10.828125,11.015625,11.28125,14.7734375,16.289062,17.015625,17.390625,17.570312,17.679688,17.710938,17.664062
5880,2021-07-17 10:00:00,3504,9.1953125,9.421875,9.53125,9.84375,10.046875,10.296875,10.609375,10.9921875,11.515625,14.796875,16.273438,17.007812,17.382812,17.578125,17.679688,17.710938,17.664062
5881,2021-07-17 10:15:00,3504,9.1953125,9.53125,9.5390625,9.6875,9.828125,10.046875,10.359375,10.796875,11.484375,14.8046875,16.25,16.984375,17.375,17.578125,17.679688,17.703125,17.671875
5882,2021-07-17 10:30:00,3510,9.1796875,9.3984375,9.5390625,9.78125,9.9453125,10.1953125,10.5234375,10.9453125,11.625,14.796875,16.234375,16.984375,17.375,17.578125,17.6875,17.710938,17.664062
5883,2021-07-17 10:45:00,3510,9.2578125,9.8359375,9.9296875,10.0625,10.34375,10.65625,10.90625,11.140625,11.6328125,14.75,16.210938,16.976562,17.367188,17.578125,17.6875,17.710938,17.671875
5884,2021-07-17 11:00:00,3504,9.4296875,10.109375,10.28125,10.484375,10.671875,10.8359375,11.1015625,11.53125,11.9609375,14.7265625,16.179688,16.960938,17.367188,17.578125,17.6875,17.71875,17.671875
5885,2021-07-17 11:15:00,3498,9.2265625,9.6640625,9.9140625,10.28125,10.53125,10.8046875,11.0703125,11.1171875,11.234375,14.625,16.171875,16.945312,17.367188,17.578125,17.6875,17.71875,17.671875
5886,2021-07-17 11:30:00,3498,9.2265625,9.7109375,9.90625,10.3046875,10.5859375,10.8125,10.8203125,10.703125,10.8046875,14.484375,16.140625,16.921875,17.367188,17.578125,17.695312,17.71875,17.671875
5887,2021-07-17 11:45:00,3498,9.1171875,9.90625,10.171875,10.5859375,10.7265625,10.8125,10.7578125,10.640625,10.703125,14.390625,16.117188,16.921875,17.359375,17.578125,17.6875,17.71875,17.671875
5888,2021-07-17 12:00:00,3504,9.046875,9.71875,10.03125,10.4453125,10.6875,10.9375,11.078125,11.015625,10.9609375,14.375,16.09375,16.90625,17.351562,17.578125,17.6875,17.71875,17.679688
5889,2021-07-17 12:15:00,3504,9.3046875,9.8671875,10.140625,10.484375,10.765625,10.953125,10.8359375,10.7578125,10.9296875,14.3828125,16.070312,16.898438,17.34375,17.578125,17.6875,17.71875,17.679688
5890,2021-07-17 12:30:00,3504,9.1484375,9.8046875,10.1015625,10.4296875,10.625,10.8125,11.078125,10.9609375,11.03125,14.375,16.039062,16.882812,17.34375,17.578125,17.6875,17.71875,17.679688
5891,2021-07-17 12:45:00,3504,9.0078125,9.765625,9.9140625,10.109375,10.2578125,10.4453125,10.796875,11.1015625,11.359375,14.3828125,16.007812,16.867188,17.335938,17.578125,17.6875,17.71875,17.679688
5892,2021-07-17 13:00:00,3504,9.25,9.8125,9.875,10.0390625,10.1484375,10.28125,10.515625,10.765625,11.125,14.40625,16.0,16.859375,17.328125,17.578125,17.6875,17.71875,17.679688
5893,2021-07-17 13:15:00,3504,9.6796875,10.1484375,10.2109375,10.40625,10.5546875,10.765625,10.984375,11.25,11.6015625,14.4609375,15.96875,16.84375,17.320312,17.570312,17.6875,17.71875,17.6875
5894,2021-07-17 13:30:00,3498,10.234375,10.9765625,11.03125,11.1640625,11.2578125,11.40625,11.5078125,11.6953125,12.0078125,14.515625,15.9375,16.828125,17.320312,17.570312,17.695312,17.71875,17.679688
5895,2021-07-17 13:45:00,3486,10.703125,11.21875,11.359375,11.5234375,11.6015625,11.7421875,11.9140625,12.125,12.375,14.578125,15.921875,16.804688,17.3125,17.570312,17.695312,17.726562,17.679688
5896,2021-07-17 14:00:00,3498,11.0625,11.53125,11.5859375,11.6875,11.7734375,11.9296875,12.0703125,12.3046875,12.6171875,14.6484375,15.90625,16.804688,17.304688,17.5625,17.695312,17.71875,17.679688
5897,2021-07-17 14:15:00,3498,11.078125,11.0078125,11.0,11.09375,11.125,11.1953125,11.390625,11.7109375,12.203125,14.6875,15.8828125,16.78125,17.304688,17.5625,17.695312,17.71875,17.679688
5898,2021-07-17 14:30:00,3498,13.609375,13.21875,13.1015625,13.0703125,12.984375,12.84375,12.75,12.734375,12.8984375,14.8046875,15.875,16.773438,17.296875,17.554688,17.695312,17.726562,17.6875
5899,2021-07-17 14:45:00,3498,15.4296875,14.34375,14.1796875,14.2109375,14.046875,13.8671875,13.796875,13.7109375,13.7578125,14.9453125,15.875,16.75,17.28125,17.5625,17.6875,17.726562,17.679688
5900,2021-07-17 15:00:00,3492,17.21875,15.78125,15.359375,15.6171875,15.3046875,15.140625,14.9921875,14.703125,14.578125,15.140625,15.8671875,16.742188,17.28125,17.554688,17.695312,17.71875,17.6875
5901,2021-07-17 15:15:00,3498,17.828125,16.875,16.242188,16.382812,16.078125,16.007812,15.8671875,15.5,15.2734375,15.328125,15.8671875,16.726562,17.265625,17.554688,17.6875,17.726562,17.679688
5902,2021-07-17 15:30:00,3504,18.1875,17.71875,17.070312,16.851562,16.453125,16.5,16.328125,16.0625,15.78125,15.5078125,15.875,16.710938,17.257812,17.546875,17.6875,17.726562,17.679688
5903,2021-07-17 15:45:00,3498,19.140625,17.757812,17.445312,17.554688,17.007812,17.085938,16.890625,16.609375,16.265625,15.6640625,15.890625,16.703125,17.25,17.546875,17.6875,17.726562,17.6875
5904,2021-07-17 16:00:00,3504,20.4375,18.375,17.828125,17.617188,17.335938,17.484375,17.351562,17.0625,16.664062,15.8046875,15.90625,16.695312,17.242188,17.539062,17.6875,17.726562,17.6875
5905,2021-07-17 16:15:00,3498,21.046875,19.304688,19.34375,18.6875,18.21875,18.351562,18.164062,17.859375,17.359375,16.0,15.9375,16.679688,17.234375,17.539062,17.679688,17.726562,17.679688
5906,2021-07-17 16:30:00,3504,22.0,19.71875,19.476562,19.023438,18.75,18.625,18.5,18.265625,17.773438,16.109375,15.9609375,16.679688,17.226562,17.539062,17.679688,17.71875,17.671875
5907,2021-07-17 16:45:00,3498,23.445312,21.0,20.765625,20.570312,19.992188,19.765625,19.625,19.257812,18.640625,16.34375,15.9921875,16.671875,17.21875,17.53125,17.679688,17.726562,17.679688
5908,2021-07-17 17:00:00,3504,25.296875,22.515625,22.195312,21.820312,21.445312,21.0625,20.78125,20.289062,19.460938,16.59375,16.03125,16.671875,17.210938,17.523438,17.679688,17.726562,17.671875
5909,2021-07-17 17:15:00,3504,26.15625,23.429688,23.109375,22.476562,21.90625,21.554688,21.375,20.984375,20.1875,16.804688,16.078125,16.671875,17.210938,17.523438,17.679688,17.71875,17.679688
5910,2021-07-17 17:30:00,3504,26.695312,24.054688,23.984375,23.539062,22.210938,22.132812,22.015625,21.742188,21.03125,17.078125,16.125,16.671875,17.203125,17.523438,17.671875,17.71875,17.671875
5911,2021-07-17 17:45:00,3510,27.210938,24.265625,24.289062,24.0625,22.679688,22.53125,22.492188,22.109375,21.367188,17.304688,16.179688,16.664062,17.195312,17.515625,17.671875,17.71875,17.664062
5912,2021-07-17 18:00:00,3510,27.8125,24.828125,25.179688,23.9375,22.84375,22.578125,22.546875,22.304688,21.78125,17.484375,16.234375,16.671875,17.179688,17.507812,17.671875,17.71875,17.671875
5913,2021-07-17 18:15:00,3510,28.382812,26.0625,25.507812,24.34375,23.765625,23.445312,23.265625,22.992188,22.304688,17.71875,16.296875,16.679688,17.179688,17.507812,17.671875,17.71875,17.664062
5914,2021-07-17 18:30:00,3510,28.125,25.148438,23.90625,23.484375,23.140625,23.078125,22.921875,22.851562,22.398438,17.921875,16.367188,16.679688,17.171875,17.5,17.664062,17.703125,17.664062
5915,2021-07-17 18:45:00,3516,27.929688,25.164062,23.65625,23.765625,23.421875,23.398438,23.007812,22.984375,22.554688,18.0625,16.429688,16.695312,17.171875,17.492188,17.664062,17.710938,17.664062
5916,2021-07-17 19:00:00,3516,27.867188,25.203125,23.59375,23.796875,23.445312,23.179688,23.0,22.976562,22.609375,18.195312,16.5,16.703125,17.164062,17.492188,17.664062,17.710938,17.65625
5917,2021-07-17 19:15:00,3522,27.929688,24.90625,23.648438,23.625,23.445312,23.132812,23.085938,23.03125,22.71875,18.3125,16.570312,16.71875,17.164062,17.484375,17.648438,17.710938,17.65625
5918,2021-07-17 19:30:00,3522,27.453125,24.257812,23.109375,23.1875,23.0,22.882812,22.695312,22.640625,22.382812,18.359375,16.648438,16.734375,17.15625,17.476562,17.648438,17.703125,17.65625
5919,2021-07-17 19:45:00,3522,27.578125,24.257812,23.203125,23.28125,23.0,22.976562,22.78125,22.875,22.625,18.476562,16.710938,16.75,17.15625,17.476562,17.648438,17.703125,17.648438
5920,2021-07-17 20:00:00,3528,27.671875,24.507812,23.4375,23.585938,23.234375,23.03125,22.992188,23.140625,22.820312,18.625,16.789062,16.773438,17.15625,17.476562,17.640625,17.695312,17.648438
5921,2021-07-17 20:15:00,3528,27.765625,24.421875,23.625,23.546875,23.203125,23.03125,23.0,23.023438,22.835938,18.695312,16.851562,16.789062,17.15625,17.46875,17.648438,17.695312,17.648438
5922,2021-07-17 20:30:00,3534,27.828125,24.609375,24.070312,23.773438,23.664062,23.398438,23.414062,23.492188,23.335938,18.851562,16.921875,16.8125,17.15625,17.460938,17.632812,17.6875,17.648438
5923,2021-07-17 20:45:00,3528,28.148438,24.921875,24.40625,23.742188,23.507812,23.460938,23.398438,23.546875,23.296875,18.914062,16.992188,16.835938,17.15625,17.460938,17.632812,17.6875,17.640625
5924,2021-07-17 21:00:00,3522,28.0,24.601562,24.078125,23.335938,23.21875,23.414062,23.664062,23.617188,23.421875,19.054688,17.046875,16.867188,17.164062,17.460938,17.625,17.6875,17.632812
5925,2021-07-17 21:15:00,3528,27.789062,24.492188,23.796875,23.226562,23.15625,23.445312,23.75,23.484375,23.398438,19.132812,17.125,16.890625,17.164062,17.460938,17.625,17.6875,17.632812
5926,2021-07-17 21:30:00,3534,27.640625,24.59375,23.664062,23.335938,23.304688,23.765625,23.695312,23.328125,23.210938,19.148438,17.195312,16.914062,17.171875,17.453125,17.625,17.679688,17.632812
5927,2021-07-17 21:45:00,3528,27.28125,23.96875,23.117188,23.007812,23.078125,23.804688,23.414062,23.40625,23.359375,19.210938,17.257812,16.945312,17.171875,17.445312,17.617188,17.679688,17.632812
5928,2021-07-17 22:00:00,3534,27.171875,24.484375,23.570312,23.234375,23.320312,23.8125,23.53125,23.578125,23.429688,19.328125,17.320312,16.96875,17.179688,17.445312,17.617188,17.679688,17.632812
5929,2021-07-17 22:15:00,3534,26.9375,24.367188,23.601562,23.210938,23.3125,23.601562,23.492188,23.453125,23.304688,19.265625,17.382812,17.0,17.1875,17.445312,17.617188,17.671875,17.632812
5930,2021-07-17 22:30:00,3534,26.570312,24.164062,23.171875,23.195312,23.507812,23.828125,23.8125,23.914062,23.6875,19.398438,17.4375,17.03125,17.1875,17.445312,17.609375,17.671875,17.632812
5931,2021-07-17 22:45:00,3528,26.335938,24.53125,23.46875,23.328125,23.453125,23.5,23.492188,23.5,23.3125,19.304688,17.5,17.0625,17.203125,17.445312,17.609375,17.671875,17.632812
5932,2021-07-17 23:00:00,3534,25.570312,23.476562,22.4375,22.453125,22.554688,22.625,22.609375,22.640625,22.5,19.109375,17.546875,17.101562,17.210938,17.445312,17.609375,17.679688,17.632812
5933,2021-07-17 23:15:00,3534,24.890625,22.789062,22.007812,21.984375,22.085938,22.148438,22.125,22.09375,21.882812,18.960938,17.601562,17.125,17.21875,17.445312,17.609375,17.671875,17.632812
5934,2021-07-17 23:30:00,3528,24.007812,21.765625,21.03125,21.125,21.125,21.210938,21.210938,21.25,21.125,18.835938,17.640625,17.15625,17.226562,17.4375,17.609375,17.671875,17.625
5935,2021-07-17 23:45:00,3528,22.1875,20.4375,19.773438,19.789062,19.695312,19.632812,19.5,19.4375,19.375,18.546875,17.671875,17.1875,17.242188,17.445312,17.609375,17.671875,17.632812
5936,2021-07-18 00:00:00,3540,20.890625,19.492188,18.929688,19.054688,19.0,18.945312,18.8125,18.726562,18.648438,18.34375,17.703125,17.21875,17.257812,17.453125,17.601562,17.664062,17.632812
5937,2021-07-18 00:15:00,3534,19.796875,18.507812,18.078125,18.1875,18.15625,18.148438,18.0625,18.039062,18.007812,18.140625,17.71875,17.25,17.265625,17.445312,17.59375,17.664062,17.640625
5938,2021-07-18 00:30:00,3528,18.992188,17.96875,17.492188,17.554688,17.421875,17.34375,17.203125,17.125,17.179688,17.953125,17.726562,17.273438,17.28125,17.445312,17.601562,17.671875,17.632812
5939,2021-07-18 00:45:00,3534,18.382812,17.710938,17.257812,17.234375,17.125,17.023438,16.867188,16.765625,16.75,17.78125,17.734375,17.304688,17.289062,17.453125,17.59375,17.671875,17.640625
5940,2021-07-18 01:00:00,3528,18.429688,18.070312,17.726562,17.710938,17.609375,17.515625,17.335938,17.078125,16.796875,17.648438,17.726562,17.328125,17.3125,17.453125,17.601562,17.664062,17.640625
5941,2021-07-18 01:15:00,3540,17.671875,16.992188,16.460938,16.492188,16.34375,16.242188,16.125,16.09375,16.226562,17.570312,17.710938,17.359375,17.3125,17.460938,17.601562,17.671875,17.640625
5942,2021-07-18 01:30:00,3528,17.085938,16.414062,15.8671875,15.890625,15.7265625,15.6328125,15.515625,15.5546875,15.7890625,17.453125,17.695312,17.382812,17.328125,17.460938,17.601562,17.664062,17.648438
5943,2021-07-18 01:45:00,3528,16.296875,15.25,14.921875,15.203125,15.1875,15.171875,15.171875,15.296875,15.5859375,17.351562,17.679688,17.40625,17.34375,17.46875,17.609375,17.671875,17.648438
5944,2021-07-18 02:00:00,3540,15.0859375,14.1484375,13.8828125,14.25,14.3984375,14.5546875,14.6953125,14.984375,15.40625,17.265625,17.664062,17.429688,17.359375,17.476562,17.59375,17.671875,17.65625
5945,2021-07-18 02:15:00,3540,14.4140625,13.9140625,13.625,13.890625,14.0859375,14.28125,14.484375,14.859375,15.3203125,17.203125,17.632812,17.4375,17.375,17.484375,17.609375,17.679688,17.65625
5946,2021-07-18 02:30:00,3528,13.9765625,13.6796875,13.3828125,13.671875,13.875,14.0546875,14.21875,14.5,14.875,17.054688,17.617188,17.453125,17.390625,17.484375,17.609375,17.679688,17.671875
5947,2021-07-18 02:45:00,3528,13.828125,13.6796875,13.5078125,13.71875,13.8046875,13.9375,14.0703125,14.328125,14.75,16.976562,17.59375,17.46875,17.40625,17.492188,17.609375,17.679688,17.671875
5948,2021-07-18 03:00:00,3528,13.40625,13.3828125,13.171875,13.5,13.6796875,13.90625,14.109375,14.4140625,14.8515625,16.953125,17.570312,17.476562,17.421875,17.5,17.609375,17.679688,17.679688
5949,2021-07-18 03:15:00,3528,13.5078125,13.59375,13.3125,13.5,13.546875,13.7265625,13.9609375,14.3203125,14.75,16.890625,17.546875,17.484375,17.429688,17.515625,17.617188,17.6875,17.6875
5950,2021-07-18 03:30:00,3522,13.375,13.1640625,13.0078125,13.2109375,13.1953125,13.3046875,13.4609375,13.734375,14.15625,16.804688,17.523438,17.5,17.453125,17.515625,17.625,17.6875,17.695312
5951,2021-07-18 03:45:00,3528,12.6953125,12.3671875,12.2890625,12.609375,12.6953125,12.8671875,13.0390625,13.3671875,13.8828125,16.664062,17.5,17.5,17.460938,17.53125,17.625,17.695312,17.703125
5952,2021-07-18 04:00:00,3534,12.0625,11.890625,11.7109375,12.03125,12.1484375,12.3359375,12.5390625,12.875,13.359375,16.476562,17.476562,17.515625,17.484375,17.53125,17.632812,17.695312,17.703125
5953,2021-07-18 04:15:00,3528,12.03125,12.1328125,11.953125,12.171875,12.25,12.40625,12.5625,12.8515625,13.40625,16.398438,17.453125,17.515625,17.492188,17.546875,17.632812,17.703125,17.703125
5954,2021-07-18 04:30:00,3528,11.703125,11.78125,11.640625,11.90625,12.0546875,12.2265625,12.390625,12.6953125,13.2421875,16.351562,17.421875,17.523438,17.5,17.554688,17.640625,17.703125,17.726562
5955,2021-07-18 04:45:00,3528,11.84375,12.15625,11.9453125,12.125,12.171875,12.375,12.578125,12.8515625,13.328125,16.3125,17.390625,17.523438,17.515625,17.570312,17.648438,17.71875,17.726562
5956,2021-07-18 05:00:00,3528,11.515625,11.4453125,11.390625,11.6640625,11.71875,11.859375,12.015625,12.296875,12.921875,16.164062,17.359375,17.53125,17.523438,17.578125,17.65625,17.71875,17.734375
5957,2021-07-18 05:15:00,3528,11.34375,11.40625,11.34375,11.5625,11.6328125,11.78125,11.9375,12.203125,12.7265625,16.09375,17.328125,17.53125,17.539062,17.578125,17.664062,17.726562,17.742188
5958,2021-07-18 05:30:00,3528,11.5078125,12.015625,11.7109375,11.8125,11.8359375,11.953125,12.0703125,12.3828125,12.9921875,16.070312,17.304688,17.53125,17.546875,17.585938,17.671875,17.726562,17.75
5959,2021-07-18 05:45:00,3528,11.6015625,11.828125,11.6640625,11.8125,11.8828125,12.03125,12.1796875,12.4765625,13.0234375,16.03125,17.265625,17.53125,17.5625,17.601562,17.671875,17.742188,17.757812
5960,2021-07-18 06:00:00,3522,11.828125,12.15625,12.03125,12.0625,12.125,12.25,12.3515625,12.515625,12.9765625,16.007812,17.234375,17.523438,17.570312,17.617188,17.679688,17.742188,17.765625
5961,2021-07-18 06:15:00,3522,11.9921875,12.328125,12.1015625,12.234375,12.390625,12.546875,12.6328125,12.734375,13.171875,16.015625,17.203125,17.523438,17.585938,17.625,17.695312,17.75,17.773438
5962,2021-07-18 06:30:00,3522,12.0234375,12.0859375,11.9921875,12.1953125,12.328125,12.5,12.6171875,12.7890625,13.1796875,15.9921875,17.179688,17.523438,17.59375,17.625,17.703125,17.757812,17.789062
5963,2021-07-18 06:45:00,3528,12.09375,12.1640625,11.9921875,12.1328125,12.2890625,12.515625,12.7265625,12.9296875,13.1875,15.953125,17.148438,17.515625,17.601562,17.640625,17.710938,17.765625,17.796875
5964,2021-07-18 07:00:00,3516,11.8515625,11.9296875,11.859375,12.109375,12.3203125,12.5546875,12.7421875,13.0078125,13.3984375,15.953125,17.125,17.515625,17.609375,17.65625,17.71875,17.773438,17.804688
5965,2021-07-18 07:15:00,3528,12.328125,12.8359375,12.625,12.6484375,12.734375,12.8125,12.8359375,12.953125,13.28125,15.9296875,17.101562,17.515625,17.617188,17.664062,17.71875,17.78125,17.8125
5966,2021-07-18 07:30:00,3516,12.78125,13.109375,12.8984375,12.9453125,13.0078125,13.0859375,13.1328125,13.3203125,13.7421875,16.0,17.070312,17.507812,17.625,17.671875,17.734375,17.78125,17.820312
5967,2021-07-18 07:45:00,3522,12.703125,12.7578125,12.6640625,12.8515625,13.0,13.1484375,13.296875,13.5234375,13.890625,16.03125,17.054688,17.5,17.625,17.679688,17.734375,17.796875,17.828125
5968,2021-07-18 08:00:00,3522,13.7578125,14.546875,14.3046875,14.1796875,14.0390625,13.984375,13.8828125,13.859375,14.0390625,16.046875,17.039062,17.492188,17.632812,17.6875,17.742188,17.804688,17.835938
5969,2021-07-18 08:15:00,3522,14.5703125,14.7578125,14.6953125,14.7578125,14.65625,14.6171875,14.5234375,14.4609375,14.515625,16.101562,17.023438,17.484375,17.640625,17.695312,17.757812,17.8125,17.84375
5970,2021-07-18 08:30:00,3528,14.578125,14.5390625,14.34375,14.375,14.359375,14.3828125,14.3515625,14.3984375,14.5859375,16.148438,17.007812,17.476562,17.640625,17.710938,17.757812,17.820312,17.859375
5971,2021-07-18 08:45:00,3522,14.359375,14.3984375,14.09375,14.1328125,14.1640625,14.21875,14.1875,14.21875,14.3828125,16.132812,16.992188,17.476562,17.648438,17.710938,17.773438,17.828125,17.867188
5972,2021-07-18 09:00:00,3516,14.078125,14.1328125,13.96875,14.09375,14.1875,14.2890625,14.2890625,14.3515625,14.484375,16.132812,16.984375,17.46875,17.648438,17.726562,17.78125,17.835938,17.875
5973,2021-07-18 09:15:00,3522,13.921875,14.109375,13.8125,13.8046875,13.8984375,14.0,14.03125,14.1484375,14.40625,16.15625,16.976562,17.46875,17.664062,17.734375,17.789062,17.84375,17.882812
5974,2021-07-18 09:30:00,3516,14.703125,15.0078125,14.734375,14.671875,14.578125,14.53125,14.390625,14.3203125,14.3828125,16.125,16.976562,17.453125,17.664062,17.742188,17.796875,17.851562,17.890625
5975,2021-07-18 09:45:00,3516,15.0,15.2578125,14.96875,14.8671875,14.7578125,14.703125,14.5390625,14.4140625,14.453125,16.125,16.96875,17.453125,17.671875,17.75,17.804688,17.851562,17.898438
5976,2021-07-18 10:00:00,3522,15.03125,14.671875,14.4921875,14.5546875,14.5234375,14.5078125,14.40625,14.390625,14.484375,16.125,16.96875,17.445312,17.671875,17.757812,17.8125,17.867188,17.914062
5977,2021-07-18 10:15:00,3522,14.3515625,14.0546875,13.765625,13.7890625,13.8828125,14.0234375,14.140625,14.359375,14.5546875,16.140625,16.960938,17.445312,17.679688,17.765625,17.820312,17.875,17.921875
5978,2021-07-18 10:30:00,3522,14.0078125,13.765625,13.59375,13.703125,13.7890625,13.921875,14.0234375,14.21875,14.421875,16.109375,16.953125,17.4375,17.671875,17.765625,17.828125,17.890625,17.9375
5979,2021-07-18 10:45:00,3522,13.4453125,13.390625,13.203125,13.3984375,13.5390625,13.703125,13.84375,14.0625,14.3515625,16.109375,16.945312,17.429688,17.671875,17.78125,17.835938,17.890625,17.9375
5980,2021-07-18 11:00:00,3516,13.1484375,13.15625,13.0859375,13.2734375,13.4140625,13.59375,13.78125,14.046875,14.34375,16.109375,16.929688,17.429688,17.679688,17.78125,17.84375,17.90625,17.945312
5981,2021-07-18 11:15:00,3516,13.28125,13.40625,13.265625,13.3984375,13.484375,13.6171875,13.703125,13.921875,14.2578125,16.09375,16.9375,17.421875,17.679688,17.78125,17.851562,17.914062,17.953125
5982,2021-07-18 11:30:00,3516,13.21875,13.3125,13.2734375,13.453125,13.546875,13.6953125,13.78125,13.953125,14.2578125,16.101562,16.929688,17.414062,17.679688,17.796875,17.859375,17.914062,17.960938
5983,2021-07-18 11:45:00,3522,13.2578125,13.4296875,13.390625,13.5625,13.6484375,13.8359375,14.0,14.1953125,14.4375,16.109375,16.921875,17.414062,17.6875,17.804688,17.867188,17.929688,17.976562
5984,2021-07-18 12:00:00,3516,13.1640625,13.4453125,13.4609375,13.6171875,13.765625,13.9609375,14.0625,14.2578125,14.5078125,16.09375,16.914062,17.414062,17.6875,17.804688,17.875,17.929688,17.976562
5985,2021-07-18 12:15:00,3522,12.7734375,12.734375,12.7265625,12.96875,13.1328125,13.3671875,13.5703125,13.859375,14.1953125,16.085938,16.914062,17.414062,17.6875,17.8125,17.882812,17.9375,17.984375
5986,2021-07-18 12:30:00,3516,12.6796875,12.9609375,12.953125,13.1484375,13.3046875,13.4921875,13.6484375,13.875,14.171875,16.0625,16.90625,17.40625,17.695312,17.820312,17.890625,17.953125,17.992188
5987,2021-07-18 12:45:00,3516,12.8046875,13.3203125,13.28125,13.40625,13.5703125,13.765625,13.875,14.09375,14.3828125,16.054688,16.898438,17.40625,17.6875,17.828125,17.890625,17.953125,18.0
5988,2021-07-18 13:00:00,3522,13.0234375,13.375,13.328125,13.46875,13.609375,13.796875,13.9140625,14.140625,14.4375,16.085938,16.890625,17.398438,17.695312,17.828125,17.90625,17.96875,18.007812
5989,2021-07-18 13:15:00,3516,13.09375,13.296875,13.2421875,13.390625,13.515625,13.6875,13.78125,13.984375,14.25,16.0625,16.890625,17.40625,17.6875,17.835938,17.914062,17.976562,18.015625
5990,2021-07-18 13:30:00,3510,13.1875,13.546875,13.5703125,13.71875,13.8671875,14.0703125,14.125,14.25,14.390625,16.039062,16.882812,17.390625,17.6875,17.835938,17.914062,17.984375,18.023438
5991,2021-07-18 13:45:00,3504,13.3046875,13.578125,13.5,13.6953125,13.8515625,14.0546875,14.15625,14.3203125,14.53125,16.070312,16.875,17.390625,17.6875,17.84375,17.921875,17.984375,18.03125
5992,2021-07-18 14:00:00,3510,13.421875,13.7109375,13.734375,13.90625,14.03125,14.2109375,14.2734375,14.4140625,14.5859375,16.070312,16.867188,17.382812,17.6875,17.84375,17.929688,17.992188,18.039062
5993,2021-07-18 14:15:00,3510,13.734375,14.0234375,13.9609375,14.046875,14.1328125,14.2578125,14.3125,14.4296875,14.640625,16.101562,16.859375,17.382812,17.6875,17.84375,17.9375,18.0,18.046875
5994,2021-07-18 14:30:00,3510,18.53125,18.828125,18.226562,17.671875,17.203125,16.867188,16.5,16.195312,16.0,16.28125,16.859375,17.382812,17.6875,17.859375,17.9375,18.007812,18.046875
5995,2021-07-18 14:45:00,3516,21.84375,20.601562,19.851562,19.460938,19.023438,18.617188,18.070312,17.484375,17.039062,16.515625,16.859375,17.375,17.6875,17.851562,17.945312,18.015625,18.0625
5996,2021-07-18 15:00:00,3510,22.84375,20.25,19.484375,19.359375,19.140625,18.835938,18.382812,17.867188,17.351562,16.703125,16.859375,17.367188,17.6875,17.859375,17.953125,18.023438,18.0625
5997,2021-07-18 15:15:00,3510,22.398438,20.1875,19.46875,19.554688,19.132812,18.882812,18.476562,18.015625,17.46875,16.804688,16.867188,17.367188,17.695312,17.859375,17.953125,18.03125,18.070312
5998,2021-07-18 15:30:00,3510,21.570312,20.226562,19.632812,19.65625,19.296875,19.070312,18.773438,18.390625,17.859375,16.914062,16.882812,17.359375,17.695312,17.867188,17.960938,18.03125,18.078125
5999,2021-07-18 15:45:00,3510,23.265625,21.453125,21.085938,21.507812,20.789062,20.421875,19.914062,19.289062,18.59375,17.085938,16.898438,17.367188,17.695312,17.867188,17.96875,18.039062,18.078125
6000,2021-07-18 16:00:00,3516,25.164062,22.53125,21.757812,21.671875,21.242188,20.90625,20.359375,19.742188,18.992188,17.234375,16.929688,17.367188,17.695312,17.875,17.96875,18.046875,18.085938
6001,2021-07-18 16:15:00,3510,25.679688,23.609375,23.007812,22.929688,22.242188,21.882812,21.3125,20.671875,19.859375,17.414062,16.953125,17.367188,17.6875,17.875,17.976562,18.054688,18.085938
6002,2021-07-18 16:30:00,3522,26.640625,24.046875,23.179688,23.328125,22.585938,22.273438,21.84375,21.34375,20.570312,17.625,16.992188,17.367188,17.695312,17.875,17.976562,18.0625,18.09375
6003,2021-07-18 16:45:00,3522,27.21875,23.921875,23.3125,23.476562,22.78125,22.53125,22.117188,21.671875,20.929688,17.828125,17.023438,17.367188,17.6875,17.882812,17.984375,18.0625,18.101562
6004,2021-07-18 17:00:00,3522,26.710938,23.25,23.03125,22.742188,22.46875,22.179688,21.875,21.671875,21.125,17.9375,17.0625,17.367188,17.695312,17.890625,17.992188,18.070312,18.109375
6005,2021-07-18 17:15:00,3522,26.40625,22.867188,23.265625,23.078125,22.242188,22.085938,21.9375,21.757812,21.296875,18.054688,17.109375,17.375,17.695312,17.890625,17.992188,18.078125,18.109375
6006,2021-07-18 17:30:00,3516,26.671875,23.195312,23.992188,23.015625,22.40625,22.242188,22.070312,21.898438,21.515625,18.210938,17.15625,17.382812,17.6875,17.890625,18.007812,18.078125,18.117188
6007,2021-07-18 17:45:00,3522,27.164062,24.179688,25.304688,23.664062,23.203125,23.03125,22.757812,22.453125,21.90625,18.359375,17.203125,17.390625,17.695312,17.890625,18.0,18.085938,18.125
6008,2021-07-18 18:00:00,3522,27.304688,24.53125,24.742188,23.710938,23.257812,23.15625,22.882812,22.8125,22.351562,18.515625,17.257812,17.398438,17.695312,17.898438,18.015625,18.09375,18.125
6009,2021-07-18 18:15:00,3522,27.75,24.640625,24.367188,23.914062,23.6875,23.492188,23.257812,23.132812,22.734375,18.671875,17.304688,17.414062,17.703125,17.898438,18.015625,18.09375,18.125
6010,2021-07-18 18:30:00,3528,28.078125,25.171875,24.179688,23.960938,23.75,23.71875,23.507812,23.554688,23.148438,18.875,17.359375,17.421875,17.703125,17.90625,18.015625,18.101562,18.140625
6011,2021-07-18 18:45:00,3522,28.382812,25.6875,24.359375,24.195312,24.078125,24.070312,23.796875,23.6875,23.34375,19.023438,17.414062,17.4375,17.703125,17.90625,18.023438,18.109375,18.140625
6012,2021-07-18 17:30:00,3516,26.671875,23.195312,23.992188,23.015625,22.40625,22.242188,22.070312,21.898438,21.515625,18.210938,17.15625,17.382812,17.6875,17.890625,18.007812,18.078125,18.117188
6013,2021-07-18 17:45:00,3522,27.164062,24.179688,25.304688,23.664062,23.203125,23.03125,22.757812,22.453125,21.90625,18.359375,17.203125,17.390625,17.695312,17.890625,18.0,18.085938,18.125
6014,2021-07-18 18:00:00,3522,27.304688,24.53125,24.742188,23.710938,23.257812,23.15625,22.882812,22.8125,22.351562,18.515625,17.257812,17.398438,17.695312,17.898438,18.015625,18.09375,18.125
6015,2021-07-18 18:15:00,3522,27.75,24.640625,24.367188,23.914062,23.6875,23.492188,23.257812,23.132812,22.734375,18.671875,17.304688,17.414062,17.703125,17.898438,18.015625,18.09375,18.125
6016,2021-07-18 18:30:00,3528,28.078125,25.171875,24.179688,23.960938,23.75,23.71875,23.507812,23.554688,23.148438,18.875,17.359375,17.421875,17.703125,17.90625,18.015625,18.101562,18.140625
6017,2021-07-18 18:45:00,3522,28.382812,25.6875,24.359375,24.195312,24.078125,24.070312,23.796875,23.6875,23.34375,19.023438,17.414062,17.4375,17.703125,17.90625,18.023438,18.109375,18.140625
6018,2021-07-18 19:00:00,3534,28.648438,25.8125,24.703125,24.632812,24.5625,24.257812,24.070312,24.09375,23.640625,19.15625,17.46875,17.453125,17.703125,17.914062,18.03125,18.109375,18.140625
6019,2021-07-18 19:15:00,3528,29.203125,26.21875,25.265625,25.234375,24.976562,24.84375,24.648438,24.578125,24.085938,19.335938,17.53125,17.46875,17.710938,17.90625,18.03125,18.109375,18.148438
6020,2021-07-18 19:30:00,3528,29.351562,26.171875,25.351562,25.359375,25.140625,25.023438,24.773438,24.6875,24.289062,19.492188,17.59375,17.484375,17.710938,17.90625,18.039062,18.117188,18.15625
6021,2021-07-18 19:45:00,3540,29.648438,26.546875,25.804688,25.734375,25.460938,25.421875,24.828125,24.796875,24.476562,19.617188,17.664062,17.507812,17.710938,17.90625,18.039062,18.132812,18.15625
6022,2021-07-18 20:00:00,3528,29.507812,26.414062,25.726562,25.546875,25.71875,25.117188,24.789062,24.8125,24.460938,19.65625,17.71875,17.53125,17.71875,17.921875,18.039062,18.125,18.164062
6023,2021-07-18 20:15:00,3540,29.820312,26.804688,26.328125,25.875,25.90625,25.375,25.367188,25.28125,24.984375,19.804688,17.78125,17.554688,17.726562,17.921875,18.046875,18.132812,18.164062
6024,2021-07-18 20:30:00,3534,29.625,26.515625,26.0,25.40625,25.4375,24.953125,24.9375,24.867188,24.65625,19.890625,17.84375,17.570312,17.734375,17.921875,18.046875,18.140625,18.171875
6025,2021-07-18 20:45:00,3540,29.539062,27.039062,26.25,25.570312,25.203125,25.09375,25.007812,24.960938,24.59375,19.90625,17.914062,17.601562,17.734375,17.921875,18.054688,18.148438,18.179688
6026,2021-07-18 21:00:00,3540,29.398438,26.992188,26.148438,25.453125,24.96875,25.03125,25.007812,24.9375,24.6875,19.992188,17.96875,17.625,17.75,17.929688,18.054688,18.148438,18.179688
6027,2021-07-18 21:15:00,3528,29.242188,26.507812,25.515625,24.90625,24.664062,24.796875,24.945312,24.8125,24.65625,20.09375,18.03125,17.648438,17.757812,17.929688,18.0625,18.15625,18.195312
6028,2021-07-18 21:30:00,3540,28.75,26.320312,25.171875,24.726562,24.59375,24.90625,24.820312,24.804688,24.734375,20.148438,18.09375,17.679688,17.765625,17.9375,18.0625,18.15625,18.195312
6029,2021-07-18 21:45:00,3546,28.820312,26.054688,25.117188,24.859375,24.796875,25.25,25.125,25.226562,25.109375,20.234375,18.164062,17.710938,17.773438,17.9375,18.070312,18.164062,18.203125
6030,2021-07-18 22:00:00,3540,28.84375,26.601562,25.671875,25.210938,25.15625,25.34375,25.226562,25.195312,25.03125,20.289062,18.21875,17.742188,17.789062,17.945312,18.078125,18.171875,18.210938
6031,2021-07-18 22:15:00,3546,28.257812,26.046875,25.054688,24.835938,24.914062,25.242188,25.085938,25.117188,24.984375,20.3125,18.28125,17.773438,17.796875,17.953125,18.078125,18.171875,18.210938
6032,2021-07-18 22:30:00,3540,27.34375,25.304688,24.320312,24.148438,24.15625,24.335938,24.320312,24.476562,24.53125,20.28125,18.335938,17.796875,17.8125,17.953125,18.085938,18.171875,18.21875
6033,2021-07-18 22:45:00,3546,26.3125,24.203125,23.523438,23.664062,24.085938,24.210938,24.3125,24.546875,24.484375,20.359375,18.390625,17.835938,17.828125,17.960938,18.09375,18.179688,18.226562
6034,2021-07-18 23:00:00,3546,25.648438,23.671875,22.914062,22.929688,23.0625,23.195312,23.265625,23.367188,23.375,20.164062,18.4375,17.859375,17.835938,17.96875,18.09375,18.1875,18.234375
6035,2021-07-18 23:15:00,3540,25.257812,23.570312,22.921875,22.867188,22.929688,23.0625,23.132812,23.109375,22.945312,20.015625,18.484375,17.890625,17.851562,17.976562,18.101562,18.195312,18.234375
6036,2021-07-18 23:30:00,3546,24.71875,22.75,22.164062,22.125,22.015625,22.109375,22.070312,22.078125,22.015625,19.84375,18.523438,17.929688,17.859375,17.976562,18.101562,18.203125,18.25
6037,2021-07-18 23:45:00,3540,23.515625,21.890625,21.242188,21.039062,20.6875,20.546875,20.28125,20.132812,20.15625,19.570312,18.554688,17.960938,17.882812,17.992188,18.109375,18.210938,18.25
6038,2021-07-19 00:00:00,3546,23.179688,22.164062,21.640625,21.421875,21.09375,20.945312,20.59375,20.257812,19.945312,19.328125,18.585938,17.992188,17.898438,17.992188,18.117188,18.21875,18.265625
6039,2021-07-19 00:15:00,3546,22.648438,21.796875,21.28125,21.0625,20.765625,20.570312,20.242188,19.859375,19.5,19.148438,18.601562,18.023438,17.914062,18.007812,18.125,18.226562,18.273438
6040,2021-07-19 00:30:00,3546,21.921875,21.0,20.585938,20.523438,20.351562,20.242188,19.96875,19.671875,19.351562,19.039062,18.609375,18.054688,17.9375,18.015625,18.125,18.226562,18.28125
6041,2021-07-19 00:45:00,3540,20.992188,19.992188,19.53125,19.4375,19.226562,19.085938,18.882812,18.703125,18.632812,18.945312,18.609375,18.078125,17.953125,18.023438,18.132812,18.234375,18.289062
6042,2021-07-19 01:00:00,3540,20.328125,19.367188,19.007812,19.007812,18.851562,18.78125,18.570312,18.414062,18.34375,18.828125,18.609375,18.109375,17.96875,18.03125,18.140625,18.25,18.304688
6043,2021-07-19 01:15:00,3546,19.046875,17.617188,17.234375,17.351562,17.304688,17.320312,17.328125,17.4375,17.664062,18.695312,18.601562,18.132812,17.984375,18.039062,18.148438,18.25,18.304688
6044,2021-07-19 01:30:00,3546,18.984375,18.59375,18.140625,18.0625,17.796875,17.710938,17.40625,17.203125,17.273438,18.578125,18.59375,18.164062,18.007812,18.054688,18.15625,18.257812,18.320312
6045,2021-07-19 01:45:00,3534,18.585938,17.796875,17.390625,17.375,17.1875,17.125,17.0,17.015625,17.171875,18.492188,18.578125,18.195312,18.03125,18.0625,18.164062,18.265625,18.328125
6046,2021-07-19 02:00:00,3540,17.992188,17.101562,16.75,16.773438,16.679688,16.664062,16.625,16.703125,16.921875,18.40625,18.570312,18.21875,18.046875,18.078125,18.171875,18.28125,18.34375
6047,2021-07-19 02:15:00,3540,16.898438,15.8671875,15.609375,15.8046875,15.796875,15.875,15.9765625,16.195312,16.539062,18.28125,18.546875,18.234375,18.0625,18.085938,18.179688,18.289062,18.351562
6048,2021-07-19 02:30:00,3540,16.40625,15.7890625,15.5,15.6328125,15.671875,15.8046875,15.875,16.078125,16.40625,18.195312,18.539062,18.25,18.085938,18.101562,18.195312,18.296875,18.359375
6049,2021-07-19 02:45:00,3540,15.7734375,15.09375,14.8671875,15.09375,15.234375,15.453125,15.59375,15.875,16.226562,18.09375,18.515625,18.273438,18.101562,18.117188,18.210938,18.304688,18.375
6050,2021-07-19 03:00:00,3540,15.4375,15.1171875,14.8125,14.890625,15.0234375,15.171875,15.28125,15.5234375,15.90625,17.984375,18.5,18.28125,18.125,18.117188,18.210938,18.320312,18.390625
6051,2021-07-19 03:15:00,3546,15.0,14.5625,14.40625,14.6953125,14.8984375,15.1484375,15.3203125,15.546875,15.890625,17.921875,18.476562,18.304688,18.140625,18.132812,18.226562,18.328125,18.390625
6052,2021-07-19 03:30:00,3540,14.5859375,14.171875,14.0625,14.2890625,14.4609375,14.6953125,14.875,15.1953125,15.625,17.820312,18.453125,18.304688,18.164062,18.15625,18.234375,18.335938,18.414062
6053,2021-07-19 03:45:00,3534,14.3984375,14.2421875,14.1484375,14.375,14.6015625,14.859375,15.0078125,15.2421875,15.609375,17.789062,18.429688,18.320312,18.179688,18.164062,18.242188,18.34375,18.429688
6054,2021-07-19 04:00:00,3534,14.3359375,14.25,14.0625,14.2734375,14.4921875,14.75,14.90625,15.1796875,15.5546875,17.703125,18.414062,18.335938,18.203125,18.179688,18.257812,18.359375,18.445312
6055,2021-07-19 04:15:00,3540,14.7734375,14.734375,14.4921875,14.5625,14.7109375,14.875,14.9140625,15.0703125,15.421875,17.679688,18.390625,18.335938,18.21875,18.195312,18.265625,18.367188,18.453125
6056,2021-07-19 04:30:00,3528,15.1484375,15.203125,14.921875,14.9765625,15.125,15.2578125,15.25,15.328125,15.6484375,17.65625,18.359375,18.351562,18.234375,18.210938,18.28125,18.375,18.46875
6057,2021-07-19 04:45:00,3528,15.453125,15.4609375,15.15625,15.203125,15.359375,15.5,15.4921875,15.59375,15.8515625,17.640625,18.335938,18.359375,18.25,18.226562,18.296875,18.390625,18.476562
6058,2021-07-19 05:00:00,3528,15.6484375,15.4921875,15.078125,15.1328125,15.2890625,15.4140625,15.4609375,15.609375,15.8515625,17.617188,18.3125,18.359375,18.265625,18.242188,18.304688,18.40625,18.492188
6059,2021-07-19 05:15:00,3540,15.6015625,15.203125,14.84375,14.9609375,15.1015625,15.234375,15.2890625,15.4765625,15.6953125,17.546875,18.289062,18.367188,18.28125,18.257812,18.3125,18.414062,18.507812
6060,2021-07-19 05:30:00,3534,15.4375,15.046875,14.671875,14.7578125,14.9140625,15.0859375,15.1484375,15.359375,15.6875,17.515625,18.273438,18.367188,18.296875,18.273438,18.328125,18.421875,18.523438
6061,2021-07-19 05:45:00,3540,14.9296875,14.3125,13.9765625,14.1328125,14.2890625,14.46875,14.6171875,14.859375,15.1796875,17.414062,18.25,18.375,18.320312,18.289062,18.34375,18.445312,18.53125
6062,2021-07-19 06:00:00,3540,14.5625,14.109375,13.9296875,14.015625,14.109375,14.2734375,14.359375,14.546875,14.8671875,17.320312,18.234375,18.375,18.328125,18.304688,18.359375,18.453125,18.554688
6063,2021-07-19 06:15:00,3528,14.28125,14.1328125,13.84375,13.9765625,14.1484375,14.359375,14.515625,14.7890625,15.078125,17.3125,18.210938,18.382812,18.34375,18.320312,18.367188,18.46875,18.5625
6064,2021-07-19 06:30:00,3540,14.859375,14.78125,14.5625,14.578125,14.5625,14.609375,14.625,14.8046875,15.1640625,17.289062,18.195312,18.382812,18.359375,18.335938,18.382812,18.476562,18.585938
6065,2021-07-19 06:45:00,3528,14.453125,13.9765625,13.796875,13.9765625,14.1171875,14.2890625,14.4140625,14.6328125,14.90625,17.195312,18.171875,18.382812,18.375,18.351562,18.390625,18.492188,18.59375
6066,2021-07-19 07:00:00,3534,14.0234375,13.578125,13.390625,13.5546875,13.6796875,13.8515625,13.9453125,14.1484375,14.4765625,17.09375,18.148438,18.382812,18.382812,18.367188,18.414062,18.507812,18.609375
6067,2021-07-19 07:15:00,3534,13.5,13.1953125,13.078125,13.3125,13.5078125,13.75,13.9375,14.2109375,14.6640625,17.117188,18.125,18.382812,18.390625,18.382812,18.421875,18.523438,18.632812
6068,2021-07-19 07:30:00,3528,13.140625,12.8359375,12.7265625,12.9296875,13.1171875,13.359375,13.546875,13.8359375,14.2421875,17.0,18.101562,18.382812,18.40625,18.390625,18.4375,18.539062,18.640625
6069,2021-07-19 07:45:00,3522,13.078125,13.3125,13.25,13.4140625,13.6328125,13.90625,14.0,14.1875,14.5078125,16.96875,18.085938,18.382812,18.414062,18.40625,18.453125,18.546875,18.65625
6070,2021-07-19 08:00:00,3522,13.53125,13.71875,13.59375,13.6875,13.828125,14.0234375,14.1640625,14.421875,14.8125,17.015625,18.0625,18.382812,18.429688,18.421875,18.46875,18.5625,18.671875
6071,2021-07-19 08:15:00,3528,13.421875,13.34375,13.1484375,13.265625,13.4140625,13.5859375,13.6875,13.8984375,14.234375,16.882812,18.039062,18.382812,18.429688,18.4375,18.476562,18.570312,18.6875
6072,2021-07-19 08:30:00,3528,13.515625,13.4453125,13.3046875,13.4296875,13.578125,13.7734375,13.859375,14.0859375,14.453125,16.882812,18.015625,18.382812,18.445312,18.453125,18.492188,18.59375,18.703125
6073,2021-07-19 08:45:00,3528,13.8671875,13.9453125,13.7578125,13.8984375,14.078125,14.2890625,14.453125,14.6640625,14.9765625,16.9375,17.992188,18.375,18.460938,18.460938,18.507812,18.609375,18.71875
6074,2021-07-19 09:00:00,3528,13.75,13.7578125,13.6484375,13.796875,13.9453125,14.109375,14.2265625,14.4609375,14.828125,16.945312,17.976562,18.375,18.460938,18.476562,18.515625,18.617188,18.726562
6075,2021-07-19 09:15:00,3528,13.9765625,14.046875,13.9375,14.0234375,14.078125,14.1953125,14.25,14.4375,14.765625,16.9375,17.960938,18.367188,18.476562,18.492188,18.539062,18.632812,18.757812
6076,2021-07-19 09:30:00,3522,13.8984375,13.7734375,13.71875,13.859375,13.9296875,14.078125,14.1796875,14.421875,14.84375,16.960938,17.9375,18.367188,18.484375,18.5,18.546875,18.648438,18.765625
6077,2021-07-19 09:45:00,3522,13.7421875,13.7890625,13.7109375,13.8046875,13.8828125,14.0546875,14.15625,14.359375,14.7421875,16.9375,17.929688,18.367188,18.492188,18.515625,18.554688,18.664062,18.773438
6078,2021-07-19 10:00:00,3522,13.5703125,13.5234375,13.453125,13.6015625,13.7265625,13.953125,14.140625,14.4375,14.8203125,16.914062,17.914062,18.359375,18.5,18.53125,18.578125,18.671875,18.796875
6079,2021-07-19 10:15:00,3528,13.234375,13.296875,13.2890625,13.5,13.6328125,13.8515625,14.0078125,14.234375,14.5859375,16.890625,17.898438,18.351562,18.5,18.546875,18.59375,18.6875,18.8125
6080,2021-07-19 10:30:00,3528,13.0234375,13.171875,13.1953125,13.421875,13.578125,13.8046875,14.03125,14.3203125,14.703125,16.875,17.882812,18.34375,18.507812,18.546875,18.601562,18.703125,18.828125
6081,2021-07-19 10:45:00,3522,12.8984375,13.1015625,13.140625,13.34375,13.5,13.7265625,13.9375,14.171875,14.40625,16.796875,17.867188,18.34375,18.515625,18.5625,18.609375,18.71875,18.835938
6082,2021-07-19 11:00:00,3528,12.8671875,13.2421875,13.3125,13.515625,13.640625,13.8671875,14.0078125,14.203125,14.4609375,16.78125,17.859375,18.34375,18.523438,18.570312,18.625,18.734375,18.84375
6083,2021-07-19 11:15:00,3528,12.8125,13.046875,13.125,13.3515625,13.484375,13.703125,13.875,14.1171875,14.453125,16.796875,17.851562,18.335938,18.523438,18.585938,18.640625,18.75,18.859375
6084,2021-07-19 11:30:00,3522,12.796875,13.09375,13.1953125,13.421875,13.5234375,13.7578125,13.9296875,14.1484375,14.421875,16.757812,17.835938,18.328125,18.53125,18.59375,18.65625,18.757812,18.875
6085,2021-07-19 11:45:00,3522,12.8359375,13.0625,13.125,13.3203125,13.421875,13.6328125,13.7890625,14.015625,14.359375,16.726562,17.820312,18.328125,18.53125,18.609375,18.664062,18.773438,18.882812
6086,2021-07-19 12:00:00,3522,12.875,13.2109375,13.21875,13.3828125,13.515625,13.75,13.890625,14.1171875,14.421875,16.742188,17.804688,18.328125,18.539062,18.617188,18.679688,18.789062,18.898438
6087,2021-07-19 12:15:00,3528,13.109375,13.25,13.2734375,13.453125,13.5546875,13.7421875,13.8828125,14.1171875,14.484375,16.75,17.796875,18.320312,18.546875,18.625,18.6875,18.796875,18.914062
6088,2021-07-19 12:30:00,3522,12.9765625,12.96875,12.921875,13.0625,13.171875,13.3984375,13.578125,13.84375,14.2421875,16.679688,17.78125,18.3125,18.554688,18.640625,18.703125,18.820312,18.929688
6089,2021-07-19 12:45:00,3516,12.7734375,12.8984375,12.90625,13.0859375,13.21875,13.4453125,13.6171875,13.8828125,14.3203125,16.679688,17.773438,18.3125,18.5625,18.648438,18.710938,18.828125,18.945312
6090,2021-07-19 13:00:00,3516,12.7890625,13.0625,13.0390625,13.203125,13.3125,13.515625,13.6796875,13.984375,14.4609375,16.671875,17.757812,18.304688,18.554688,18.65625,18.726562,18.84375,18.953125
6091,2021-07-19 13:15:00,3522,13.03125,13.4140625,13.359375,13.4453125,13.5,13.6484375,13.765625,14.0078125,14.4453125,16.695312,17.75,18.296875,18.554688,18.671875,18.742188,18.851562,18.960938
6092,2021-07-19 13:30:00,3522,13.1640625,13.4921875,13.5234375,13.6484375,13.7421875,13.9375,14.03125,14.234375,14.59375,16.703125,17.734375,18.296875,18.5625,18.671875,18.757812,18.875,18.96875
6093,2021-07-19 13:45:00,3522,13.4140625,13.7265625,13.7109375,13.8359375,13.90625,14.0859375,14.1875,14.3984375,14.765625,16.742188,17.726562,18.289062,18.5625,18.6875,18.765625,18.882812,18.984375
6094,2021-07-19 14:00:00,3522,13.9140625,14.25,14.1875,14.234375,14.2578125,14.3828125,14.4140625,14.5390625,14.8125,16.75,17.71875,18.28125,18.570312,18.6875,18.78125,18.882812,19.0
6095,2021-07-19 14:15:00,3522,14.453125,14.4296875,14.375,14.359375,14.296875,14.3828125,14.4140625,14.5546875,14.8515625,16.78125,17.703125,18.28125,18.570312,18.703125,18.789062,18.90625,19.007812
6096,2021-07-19 14:30:00,3516,17.882812,17.671875,17.117188,16.679688,16.257812,15.984375,15.7265625,15.53125,15.5390625,16.882812,17.695312,18.273438,18.570312,18.703125,18.796875,18.914062,19.015625
6097,2021-07-19 14:45:00,3516,21.070312,19.960938,19.085938,18.695312,18.15625,17.773438,17.328125,16.929688,16.679688,17.054688,17.695312,18.273438,18.570312,18.71875,18.8125,18.921875,19.03125
6098,2021-07-19 15:00:00,3522,22.664062,20.90625,19.898438,19.671875,19.078125,18.726562,18.164062,17.617188,17.1875,17.234375,17.6875,18.265625,18.578125,18.71875,18.820312,18.9375,19.039062
6099,2021-07-19 15:15:00,3522,23.148438,21.625,20.796875,20.695312,19.875,19.554688,19.03125,18.453125,17.890625,17.390625,17.695312,18.265625,18.578125,18.734375,18.828125,18.945312,19.054688
6100,2021-07-19 15:30:00,3522,22.78125,21.140625,20.609375,21.085938,20.09375,19.859375,19.5,19.046875,18.46875,17.570312,17.710938,18.257812,18.578125,18.734375,18.84375,18.960938,19.0625
6101,2021-07-19 15:45:00,3522,22.5,19.851562,19.398438,19.695312,19.453125,19.328125,19.140625,18.984375,18.585938,17.679688,17.726562,18.257812,18.578125,18.75,18.851562,18.96875,19.070312
6102,2021-07-19 16:00:00,3522,22.359375,19.445312,19.0,18.84375,18.75,18.75,18.601562,18.507812,18.304688,17.695312,17.75,18.257812,18.578125,18.757812,18.859375,18.984375,19.078125
6103,2021-07-19 16:15:00,3516,22.742188,21.0,20.414062,20.28125,19.882812,19.78125,19.476562,19.164062,18.8125,17.835938,17.765625,18.25,18.585938,18.757812,18.867188,18.984375,19.085938
6104,2021-07-19 16:30:00,3522,24.390625,22.359375,21.742188,21.382812,21.039062,20.9375,20.648438,20.34375,19.789062,18.023438,17.796875,18.257812,18.585938,18.773438,18.882812,19.0,19.101562
6105,2021-07-19 16:45:00,3528,26.398438,24.039062,22.867188,22.75,22.296875,22.054688,21.625,21.15625,20.507812,18.25,17.828125,18.257812,18.585938,18.773438,18.882812,19.007812,19.101562
6106,2021-07-19 17:00:00,3504,26.726562,23.773438,22.9375,22.875,22.429688,22.304688,22.101562,21.804688,21.1875,18.421875,17.851562,18.257812,18.59375,18.78125,18.898438,19.023438,19.117188
6107,2021-07-19 17:15:00,3522,27.273438,24.390625,24.1875,24.023438,23.039062,22.851562,22.640625,22.273438,21.632812,18.570312,17.890625,18.265625,18.585938,18.789062,18.90625,19.03125,19.125
6108,2021-07-19 17:30:00,3522,27.773438,25.375,24.890625,24.59375,23.5625,23.476562,23.140625,22.820312,22.234375,18.757812,17.929688,18.273438,18.585938,18.789062,18.914062,19.046875,19.132812
6109,2021-07-19 17:45:00,3528,27.976562,25.15625,24.953125,24.40625,23.804688,23.710938,23.421875,23.148438,22.632812,18.976562,17.976562,18.273438,18.59375,18.796875,18.921875,19.046875,19.132812
6110,2021-07-19 18:00:00,3522,27.65625,24.25,24.429688,23.640625,23.140625,23.046875,22.859375,22.773438,22.476562,19.09375,18.023438,18.28125,18.601562,18.804688,18.929688,19.0625,19.148438
6111,2021-07-19 18:15:00,3528,27.867188,24.445312,24.0,23.570312,23.234375,23.164062,23.007812,22.976562,22.679688,19.273438,18.070312,18.289062,18.601562,18.804688,18.9375,19.078125,19.15625
6112,2021-07-19 18:30:00,3528,26.242188,22.070312,21.460938,21.445312,21.351562,21.484375,21.53125,21.882812,21.9375,19.296875,18.125,18.3125,18.601562,18.8125,18.945312,19.070312,19.164062
6113,2021-07-19 18:45:00,3528,26.625,23.960938,23.148438,22.960938,22.8125,22.742188,22.476562,22.390625,22.109375,19.296875,18.171875,18.320312,18.601562,18.820312,18.953125,19.085938,19.171875
6114,2021-07-19 19:00:00,3540,26.484375,23.835938,23.132812,22.984375,22.828125,22.742188,22.5625,22.507812,22.242188,19.351562,18.234375,18.328125,18.609375,18.820312,18.960938,19.09375,19.179688
6115,2021-07-19 19:15:00,3528,24.445312,21.710938,20.96875,20.898438,20.75,20.710938,20.6875,20.851562,21.0,19.296875,18.28125,18.34375,18.609375,18.828125,18.96875,19.101562,19.1875
6116,2021-07-19 19:30:00,3534,26.617188,24.335938,23.523438,23.71875,23.3125,23.210938,23.039062,22.953125,22.640625,19.507812,18.328125,18.359375,18.617188,18.835938,18.976562,19.101562,19.195312
6117,2021-07-19 19:45:00,3528,27.53125,24.765625,23.945312,24.242188,23.898438,23.734375,23.445312,23.5,23.273438,19.679688,18.382812,18.375,18.617188,18.835938,18.984375,19.117188,19.195312
6118,2021-07-19 20:00:00,3540,28.4375,25.539062,25.03125,24.84375,25.0,24.203125,24.117188,24.234375,23.945312,19.859375,18.414062,18.398438,18.625,18.84375,18.992188,19.117188,19.203125
6119,2021-07-19 20:15:00,3528,28.914062,26.429688,25.8125,25.328125,25.390625,24.585938,24.609375,24.484375,24.15625,20.0,18.46875,18.414062,18.632812,18.851562,19.0,19.132812,19.210938
6120,2021-07-19 19:00:00,3540,26.484375,23.835938,23.132812,22.984375,22.828125,22.742188,22.5625,22.507812,22.242188,19.351562,18.234375,18.328125,18.609375,18.820312,18.960938,19.09375,19.179688
6121,2021-07-19 19:15:00,3528,24.445312,21.710938,20.96875,20.898438,20.75,20.710938,20.6875,20.851562,21.0,19.296875,18.28125,18.34375,18.609375,18.828125,18.96875,19.101562,19.1875
6122,2021-07-19 19:30:00,3534,26.617188,24.335938,23.523438,23.71875,23.3125,23.210938,23.039062,22.953125,22.640625,19.507812,18.328125,18.359375,18.617188,18.835938,18.976562,19.101562,19.195312
6123,2021-07-19 19:45:00,3528,27.53125,24.765625,23.945312,24.242188,23.898438,23.734375,23.445312,23.5,23.273438,19.679688,18.382812,18.375,18.617188,18.835938,18.984375,19.117188,19.195312
6124,2021-07-19 20:00:00,3540,28.4375,25.539062,25.03125,24.84375,25.0,24.203125,24.117188,24.234375,23.945312,19.859375,18.414062,18.398438,18.625,18.84375,18.992188,19.117188,19.203125
6125,2021-07-19 20:15:00,3528,28.914062,26.429688,25.8125,25.328125,25.390625,24.585938,24.609375,24.484375,24.15625,20.0,18.46875,18.414062,18.632812,18.851562,19.0,19.132812,19.210938
6126,2021-07-19 20:30:00,3534,29.046875,26.265625,25.726562,25.296875,25.421875,24.695312,24.703125,24.578125,24.359375,20.117188,18.515625,18.4375,18.640625,18.851562,19.007812,19.148438,19.21875
6127,2021-07-19 20:45:00,3528,28.734375,25.945312,25.257812,24.9375,24.609375,24.453125,24.398438,24.390625,24.179688,20.1875,18.570312,18.453125,18.648438,18.859375,19.007812,19.148438,19.226562
6128,2021-07-19 21:00:00,3528,28.023438,25.046875,24.375,24.015625,23.859375,23.984375,24.117188,24.132812,24.078125,20.304688,18.632812,18.476562,18.65625,18.867188,19.015625,19.15625,19.234375
6129,2021-07-19 21:15:00,3534,27.070312,24.382812,23.640625,23.203125,22.9375,23.039062,23.117188,23.09375,23.132812,20.210938,18.679688,18.492188,18.664062,18.867188,19.023438,19.164062,19.242188
6130,2021-07-19 21:30:00,3540,26.085938,23.320312,22.539062,22.273438,22.179688,22.414062,22.570312,22.578125,22.75,20.171875,18.734375,18.523438,18.679688,18.875,19.03125,19.171875,19.25
6131,2021-07-19 21:45:00,3534,25.34375,22.890625,22.15625,21.828125,21.820312,22.226562,22.164062,22.164062,22.320312,20.101562,18.796875,18.546875,18.679688,18.882812,19.039062,19.179688,19.257812
6132,2021-07-19 22:00:00,3534,24.65625,22.5625,21.859375,21.609375,21.75,22.1875,22.054688,22.101562,22.164062,20.09375,18.835938,18.570312,18.695312,18.890625,19.039062,19.1875,19.265625
6133,2021-07-19 22:15:00,3540,24.257812,22.46875,21.625,21.453125,21.765625,22.078125,22.039062,22.289062,22.4375,20.148438,18.882812,18.601562,18.710938,18.890625,19.046875,19.195312,19.273438
6134,2021-07-19 22:30:00,3540,23.726562,21.75,21.070312,20.96875,21.148438,21.414062,21.320312,21.5,21.789062,20.078125,18.921875,18.617188,18.71875,18.898438,19.0625,19.203125,19.28125
6135,2021-07-19 22:45:00,3540,23.523438,22.023438,21.304688,21.140625,21.335938,21.484375,21.453125,21.546875,21.59375,19.984375,18.953125,18.648438,18.726562,18.90625,19.0625,19.210938,19.289062
6136,2021-07-19 23:00:00,3534,22.695312,21.140625,20.367188,20.226562,20.445312,20.445312,20.421875,20.46875,20.53125,19.78125,18.984375,18.671875,18.742188,18.914062,19.070312,19.21875,19.296875
6137,2021-07-19 23:15:00,3540,22.5,21.195312,20.796875,20.695312,20.875,20.984375,21.03125,21.039062,21.054688,19.75,19.015625,18.703125,18.757812,18.921875,19.078125,19.226562,19.304688
6138,2021-07-19 23:30:00,3528,21.71875,20.132812,19.796875,19.851562,19.9375,20.179688,20.3125,20.601562,20.765625,19.71875,19.03125,18.726562,18.773438,18.929688,19.085938,19.234375,19.320312
6139,2021-07-19 23:45:00,3534,20.179688,18.648438,18.203125,18.09375,17.96875,17.984375,18.039062,18.28125,18.703125,19.445312,19.054688,18.75,18.78125,18.929688,19.09375,19.242188,19.328125
6140,2021-07-20 00:00:00,3540,19.664062,18.664062,18.351562,18.203125,18.070312,18.054688,18.023438,18.0625,18.242188,19.234375,19.070312,18.773438,18.796875,18.945312,19.101562,19.25,19.335938
6141,2021-07-20 00:15:00,3546,19.007812,18.070312,17.8125,17.710938,17.59375,17.59375,17.554688,17.578125,17.78125,19.070312,19.078125,18.804688,18.8125,18.953125,19.101562,19.257812,19.34375
6142,2021-07-20 00:30:00,3534,17.953125,16.921875,16.695312,16.679688,16.617188,16.664062,16.703125,16.867188,17.203125,18.898438,19.078125,18.828125,18.835938,18.96875,19.117188,19.273438,19.351562
6143,2021-07-20 00:45:00,3540,17.171875,16.273438,16.023438,16.0,15.953125,16.015625,16.085938,16.335938,16.78125,18.78125,19.070312,18.851562,18.84375,18.96875,19.125,19.28125,19.359375
6144,2021-07-20 01:00:00,3540,16.640625,15.9453125,15.7109375,15.671875,15.6015625,15.65625,15.734375,15.953125,16.398438,18.648438,19.0625,18.875,18.859375,18.984375,19.132812,19.28125,19.375
6145,2021-07-20 01:15:00,3528,16.210938,15.6640625,15.484375,15.4375,15.359375,15.40625,15.453125,15.65625,16.054688,18.5,19.046875,18.890625,18.882812,18.992188,19.140625,19.296875,19.382812
6146,2021-07-20 01:30:00,3534,15.671875,15.078125,14.9375,14.9375,14.8828125,14.953125,15.0390625,15.2890625,15.75,18.359375,19.023438,18.90625,18.890625,19.0,19.148438,19.304688,19.398438
6147,2021-07-20 01:45:00,3534,15.1484375,14.6640625,14.515625,14.484375,14.421875,14.4921875,14.5859375,14.8671875,15.40625,18.25,19.007812,18.921875,18.90625,19.015625,19.15625,19.3125,19.40625
6148,2021-07-20 02:00:00,3540,14.7890625,14.296875,14.1015625,14.1171875,14.078125,14.1796875,14.3671875,14.703125,15.28125,18.132812,18.984375,18.9375,18.929688,19.023438,19.171875,19.320312,19.421875
6149,2021-07-20 02:15:00,3534,14.640625,14.28125,14.15625,14.1171875,14.0390625,14.109375,14.234375,14.5390625,15.0859375,18.0625,18.953125,18.953125,18.9375,19.039062,19.179688,19.335938,19.421875
6150,2021-07-20 02:30:00,3540,14.2265625,13.8828125,13.734375,13.734375,13.6875,13.8046875,13.96875,14.3046875,14.8984375,17.953125,18.921875,18.960938,18.960938,19.054688,19.1875,19.34375,19.445312
6151,2021-07-20 02:45:00,3528,13.6640625,13.4140625,13.3671875,13.4765625,13.5,13.609375,13.796875,14.078125,14.6171875,17.828125,18.890625,18.96875,18.96875,19.0625,19.195312,19.359375,19.453125
6152,2021-07-20 03:00:00,3534,13.15625,13.0,13.0546875,13.3125,13.5546875,13.8203125,14.03125,14.21875,14.625,17.71875,18.859375,18.976562,18.984375,19.070312,19.203125,19.359375,19.46875
6153,2021-07-20 03:15:00,3528,13.03125,12.90625,12.84375,12.8671875,12.8359375,12.9921875,13.15625,13.5625,14.21875,17.710938,18.835938,18.976562,19.0,19.09375,19.21875,19.375,19.476562
6154,2021-07-20 03:30:00,3534,12.453125,12.1953125,12.15625,12.296875,12.34375,12.5625,12.828125,13.2265625,13.78125,17.539062,18.804688,18.984375,19.015625,19.09375,19.234375,19.382812,19.492188
6155,2021-07-20 03:45:00,3534,11.8828125,11.6796875,11.6171875,11.7734375,11.875,12.1484375,12.515625,13.0859375,13.8203125,17.414062,18.765625,18.992188,19.03125,19.109375,19.242188,19.398438,19.5
6156,2021-07-20 04:00:00,3522,11.4140625,11.28125,11.2421875,11.40625,11.5,11.765625,12.078125,12.6640625,13.5703125,17.429688,18.734375,18.992188,19.039062,19.125,19.25,19.40625,19.515625
6157,2021-07-20 04:15:00,3540,11.0390625,10.96875,10.9453125,11.0859375,11.171875,11.4609375,11.8671875,12.5546875,13.5625,17.28125,18.703125,19.0,19.054688,19.140625,19.265625,19.421875,19.53125
6158,2021-07-20 04:30:00,3534,10.8515625,11.390625,11.296875,11.1328125,10.9921875,11.140625,11.3984375,11.890625,12.71875,17.054688,18.664062,18.992188,19.0625,19.15625,19.273438,19.429688,19.539062
6159,2021-07-20 04:45:00,3534,10.8203125,11.0234375,10.8203125,10.7890625,10.890625,11.140625,11.3828125,11.796875,12.5234375,16.890625,18.625,18.992188,19.078125,19.164062,19.28125,19.445312,19.554688
6160,2021-07-20 05:00:00,3528,10.6640625,10.8359375,10.84375,10.9765625,11.0546875,11.2890625,11.578125,12.0625,12.8671875,16.9375,18.585938,18.992188,19.101562,19.179688,19.296875,19.460938,19.570312
6161,2021-07-20 05:15:00,3528,10.484375,10.609375,10.6640625,10.8671875,10.9765625,11.2734375,11.59375,12.15625,12.953125,16.851562,18.546875,18.992188,19.101562,19.1875,19.3125,19.46875,19.585938
6162,2021-07-20 05:30:00,3528,10.46875,10.6328125,10.640625,10.75,10.8046875,11.015625,11.3046875,11.859375,12.71875,16.84375,18.515625,18.992188,19.117188,19.203125,19.320312,19.476562,19.585938
6163,2021-07-20 05:45:00,3522,10.5234375,10.703125,10.71875,10.796875,10.796875,10.953125,11.171875,11.6171875,12.4765625,16.789062,18.476562,18.984375,19.125,19.210938,19.328125,19.484375,19.601562
6164,2021-07-20 06:00:00,3522,10.5234375,10.671875,10.734375,10.875,10.984375,11.2109375,11.484375,11.953125,12.7578125,16.710938,18.421875,18.976562,19.132812,19.226562,19.351562,19.5,19.609375
6165,2021-07-20 06:15:00,3528,10.9375,11.21875,11.2421875,11.2734375,11.2890625,11.4140625,11.5859375,11.9609375,12.640625,16.710938,18.390625,18.96875,19.148438,19.242188,19.359375,19.515625,19.625
6166,2021-07-20 06:30:00,3528,11.265625,11.4453125,11.4453125,11.46875,11.453125,11.5625,11.7109375,12.0234375,12.640625,16.664062,18.359375,18.96875,19.15625,19.257812,19.367188,19.523438,19.640625
6167,2021-07-20 06:45:00,3528,11.4140625,11.5390625,11.53125,11.53125,11.5,11.609375,11.7265625,12.0078125,12.5703125,16.609375,18.320312,18.953125,19.164062,19.265625,19.382812,19.539062,19.65625
6168,2021-07-20 07:00:00,3522,11.53125,11.609375,11.609375,11.5859375,11.5390625,11.640625,11.7109375,11.9140625,12.40625,16.539062,18.28125,18.945312,19.164062,19.28125,19.390625,19.5625,19.671875
6169,2021-07-20 07:15:00,3528,11.6171875,11.6640625,11.65625,11.640625,11.5859375,11.6875,11.765625,11.96875,12.421875,16.453125,18.25,18.929688,19.171875,19.289062,19.40625,19.5625,19.671875
6170,2021-07-20 07:30:00,3528,11.6015625,11.53125,11.53125,11.53125,11.4921875,11.5859375,11.6484375,11.8203125,12.2265625,16.382812,18.21875,18.921875,19.179688,19.304688,19.429688,19.578125,19.6875
6171,2021-07-20 07:45:00,3522,11.6171875,11.59375,11.578125,11.5703125,11.546875,11.640625,11.7109375,11.9140625,12.3671875,16.382812,18.1875,18.914062,19.179688,19.3125,19.4375,19.585938,19.703125
6172,2021-07-20 08:00:00,3528,11.6640625,11.5859375,11.5703125,11.5859375,11.5703125,11.6796875,11.7734375,12.015625,12.515625,16.375,18.148438,18.90625,19.1875,19.320312,19.445312,19.59375,19.710938
6173,2021-07-20 08:15:00,3528,11.6484375,11.5625,11.5546875,11.5703125,11.578125,11.71875,11.8515625,12.140625,12.6875,16.390625,18.117188,18.890625,19.195312,19.335938,19.460938,19.609375,19.71875
6174,2021-07-20 08:30:00,3528,11.578125,11.4921875,11.484375,11.5,11.4921875,11.59375,11.6796875,11.9140625,12.4296875,16.351562,18.085938,18.882812,19.195312,19.34375,19.46875,19.625,19.734375
6175,2021-07-20 08:45:00,3516,11.5546875,11.46875,11.46875,11.4765625,11.453125,11.5390625,11.6015625,11.78125,12.21875,16.265625,18.0625,18.867188,19.195312,19.351562,19.484375,19.640625,19.75
6176,2021-07-20 09:00:00,3522,11.5390625,11.4921875,11.4921875,11.5078125,11.546875,11.6796875,11.8046875,12.0703125,12.578125,16.273438,18.03125,18.859375,19.203125,19.367188,19.492188,19.648438,19.757812
6177,2021-07-20 09:15:00,3522,11.53125,11.4375,11.4296875,11.4375,11.4375,11.546875,11.65625,11.921875,12.4375,16.257812,18.007812,18.84375,19.203125,19.375,19.5,19.65625,19.773438
6178,2021-07-20 09:30:00,3522,11.5625,11.4765625,11.453125,11.4609375,11.4453125,11.5546875,11.65625,11.921875,12.484375,16.257812,17.984375,18.835938,19.203125,19.375,19.515625,19.671875,19.78125
6179,2021-07-20 09:45:00,3516,11.5078125,11.3984375,11.3984375,11.4140625,11.421875,11.546875,11.671875,11.8984375,12.375,16.1875,17.953125,18.828125,19.210938,19.382812,19.523438,19.679688,19.796875
6180,2021-07-20 10:00:00,3522,11.4765625,11.359375,11.34375,11.3515625,11.34375,11.4453125,11.5390625,11.796875,12.3203125,16.195312,17.929688,18.804688,19.203125,19.40625,19.539062,19.695312,19.796875
6181,2021-07-20 10:15:00,3516,11.3984375,11.2578125,11.2421875,11.2578125,11.25,11.34375,11.4140625,11.6328125,12.1171875,16.125,17.898438,18.796875,19.210938,19.40625,19.546875,19.703125,19.8125
6182,2021-07-20 10:30:00,3516,11.3359375,11.21875,11.2109375,11.21875,11.2109375,11.3125,11.390625,11.6015625,12.078125,16.078125,17.882812,18.78125,19.210938,19.414062,19.554688,19.710938,19.820312
6183,2021-07-20 10:45:00,3510,11.3046875,11.2265625,11.21875,11.234375,11.234375,11.34375,11.4453125,11.6875,12.1875,16.0625,17.859375,18.765625,19.195312,19.421875,19.570312,19.71875,19.835938
6184,2021-07-20 11:00:00,3510,11.28125,11.1875,11.1875,11.203125,11.2109375,11.3125,11.40625,11.640625,12.1796875,16.0625,17.828125,18.757812,19.203125,19.429688,19.578125,19.734375,19.84375
6185,2021-07-20 11:15:00,3522,11.328125,11.2578125,11.265625,11.2734375,11.265625,11.3515625,11.4296875,11.625,12.1015625,16.03125,17.8125,18.742188,19.203125,19.4375,19.585938,19.742188,19.851562
6186,2021-07-20 11:30:00,3516,11.34375,11.2421875,11.2421875,11.25,11.25,11.328125,11.390625,11.5859375,12.046875,15.96875,17.78125,18.726562,19.203125,19.4375,19.59375,19.757812,19.859375
6187,2021-07-20 11:45:00,3522,11.3359375,11.234375,11.2265625,11.2421875,11.2265625,11.3125,11.3828125,11.578125,12.0390625,15.9453125,17.765625,18.710938,19.195312,19.445312,19.609375,19.765625,19.867188
6188,2021-07-20 12:00:00,3510,11.359375,11.265625,11.2578125,11.2578125,11.234375,11.328125,11.4140625,11.6171875,12.1171875,15.9375,17.742188,18.695312,19.1875,19.453125,19.609375,19.773438,19.867188
6189,2021-07-20 12:15:00,3516,11.375,11.2734375,11.265625,11.2578125,11.25,11.3359375,11.421875,11.625,12.09375,15.9140625,17.71875,18.6875,19.195312,19.460938,19.617188,19.78125,19.882812
6190,2021-07-20 12:30:00,3510,11.375,11.2578125,11.2421875,11.2265625,11.21875,11.3125,11.390625,11.6015625,12.1015625,15.9140625,17.695312,18.671875,19.1875,19.460938,19.632812,19.789062,19.882812
6191,2021-07-20 12:45:00,3510,11.3515625,11.2265625,11.203125,11.1953125,11.1875,11.2890625,11.390625,11.625,12.171875,15.921875,17.671875,18.65625,19.1875,19.46875,19.640625,19.804688,19.890625
6192,2021-07-20 13:00:00,3522,11.359375,11.234375,11.21875,11.21875,11.2109375,11.3125,11.421875,11.6640625,12.1953125,15.890625,17.648438,18.640625,19.179688,19.46875,19.648438,19.804688,19.898438
6193,2021-07-20 13:15:00,3510,11.375,11.2421875,11.234375,11.2265625,11.1953125,11.28125,11.34375,11.53125,11.9765625,15.84375,17.632812,18.632812,19.171875,19.476562,19.648438,19.8125,19.90625
6194,2021-07-20 13:30:00,3516,11.3671875,11.2421875,11.21875,11.2109375,11.203125,11.2890625,11.359375,11.5546875,12.0078125,15.8125,17.609375,18.617188,19.171875,19.476562,19.65625,19.820312,19.914062
6195,2021-07-20 13:45:00,3510,11.4140625,11.34375,11.3125,11.296875,11.2890625,11.3671875,11.421875,11.6015625,12.046875,15.7890625,17.585938,18.609375,19.171875,19.476562,19.671875,19.828125,19.914062
6196,2021-07-20 14:00:00,3510,11.5546875,11.46875,11.4453125,11.4375,11.4140625,11.5,11.5625,11.765625,12.21875,15.8125,17.570312,18.585938,19.164062,19.484375,19.671875,19.835938,19.921875
6197,2021-07-20 14:15:00,3516,11.8359375,11.7578125,11.734375,11.703125,11.6953125,11.7890625,11.859375,12.0234375,12.453125,15.8046875,17.546875,18.578125,19.15625,19.484375,19.679688,19.84375,19.929688
6198,2021-07-20 14:30:00,3510,12.09375,11.9375,11.8984375,11.859375,11.8359375,11.921875,11.9765625,12.1484375,12.5625,15.8515625,17.53125,18.5625,19.148438,19.484375,19.679688,19.851562,19.929688
6199,2021-07-20 14:45:00,3510,12.2265625,12.03125,11.9765625,11.953125,11.9296875,12.015625,12.046875,12.1875,12.5703125,15.8515625,17.515625,18.546875,19.148438,19.492188,19.6875,19.859375,19.929688
6200,2021-07-20 15:00:00,3522,12.390625,12.1640625,12.1015625,12.0625,12.0390625,12.125,12.1484375,12.3046875,12.65625,15.8671875,17.5,18.53125,19.140625,19.492188,19.695312,19.859375,19.9375
6201,2021-07-20 15:15:00,3510,12.5859375,12.328125,12.2578125,12.21875,12.2109375,12.2890625,12.3125,12.4453125,12.7890625,15.8828125,17.476562,18.515625,19.140625,19.492188,19.703125,19.867188,19.945312
6202,2021-07-20 15:30:00,3510,12.671875,12.3359375,12.2578125,12.2265625,12.2265625,12.3203125,12.359375,12.515625,12.8671875,15.890625,17.46875,18.515625,19.132812,19.492188,19.703125,19.875,19.953125
6203,2021-07-20 15:45:00,3504,12.6875,12.2890625,12.2265625,12.1953125,12.21875,12.328125,12.390625,12.5859375,12.96875,15.90625,17.453125,18.492188,19.125,19.484375,19.703125,19.875,19.953125
6204,2021-07-20 16:00:00,3510,12.8828125,12.5546875,12.4609375,12.40625,12.421875,12.4765625,12.4921875,12.6171875,12.953125,15.9140625,17.445312,18.484375,19.109375,19.484375,19.71875,19.882812,19.953125
6205,2021-07-20 16:15:00,3510,13.265625,12.96875,12.859375,12.7734375,12.796875,12.859375,12.8671875,12.96875,13.25,15.9453125,17.4375,18.476562,19.117188,19.492188,19.71875,19.890625,19.953125
6206,2021-07-20 16:30:00,3510,13.7421875,13.3671875,13.2109375,13.1171875,13.1328125,13.15625,13.1171875,13.1953125,13.4296875,16.007812,17.421875,18.453125,19.109375,19.492188,19.710938,19.890625,19.960938
6207,2021-07-20 16:45:00,3510,14.4375,13.9609375,13.84375,13.765625,13.8046875,13.859375,13.8359375,13.9140625,14.109375,16.070312,17.414062,18.445312,19.101562,19.492188,19.71875,19.898438,19.953125
6208,2021-07-20 17:00:00,3504,14.859375,14.1640625,13.96875,13.8828125,13.90625,13.9296875,13.8671875,13.9375,14.0859375,16.132812,17.40625,18.429688,19.09375,19.492188,19.726562,19.898438,19.96875
6209,2021-07-20 17:15:00,3504,15.3515625,14.640625,14.421875,14.3125,14.3203125,14.3046875,14.234375,14.25,14.3515625,16.164062,17.414062,18.421875,19.09375,19.492188,19.726562,19.90625,19.960938
6210,2021-07-20 17:30:00,3504,16.648438,15.796875,15.578125,15.4453125,15.40625,15.3828125,15.265625,15.2265625,15.2109375,16.34375,17.40625,18.414062,19.078125,19.484375,19.734375,19.90625,19.960938
6211,2021-07-20 17:45:00,3504,17.375,16.21875,15.9296875,15.7578125,15.6796875,15.625,15.515625,15.546875,15.5859375,16.484375,17.40625,18.40625,19.070312,19.484375,19.734375,19.90625,19.960938
6212,2021-07-20 18:00:00,3510,19.953125,18.53125,18.296875,18.125,17.679688,17.5,17.265625,17.226562,17.070312,16.757812,17.421875,18.398438,19.070312,19.484375,19.734375,19.914062,19.96875
6213,2021-07-20 18:15:00,3510,21.484375,19.695312,19.34375,19.023438,18.75,18.640625,18.492188,18.40625,18.132812,17.0,17.429688,18.390625,19.0625,19.492188,19.734375,19.914062,19.96875
6214,2021-07-20 18:30:00,3510,24.1875,22.210938,21.59375,21.382812,21.210938,21.304688,20.851562,20.625,20.054688,17.445312,17.445312,18.382812,19.054688,19.476562,19.734375,19.921875,19.960938
6215,2021-07-20 18:45:00,3510,24.953125,22.773438,21.367188,21.234375,21.125,21.382812,20.953125,20.90625,20.5625,17.75,17.476562,18.375,19.046875,19.484375,19.742188,19.921875,19.960938
6216,2021-07-20 19:00:00,3504,25.5625,22.296875,21.195312,21.109375,21.101562,21.15625,21.015625,21.226562,21.054688,18.03125,17.507812,18.375,19.039062,19.476562,19.742188,19.914062,19.96875
6217,2021-07-20 19:15:00,3510,26.148438,22.992188,21.898438,22.070312,21.875,21.804688,21.835938,21.992188,21.546875,18.257812,17.554688,18.367188,19.03125,19.476562,19.742188,19.921875,19.96875
6218,2021-07-20 19:30:00,3522,26.585938,23.09375,21.953125,22.289062,22.054688,21.9375,22.039062,21.875,21.664062,18.429688,17.609375,18.359375,19.03125,19.476562,19.742188,19.921875,19.960938
6219,2021-07-20 19:45:00,3510,25.859375,22.375,21.359375,21.6875,21.59375,21.539062,21.375,21.242188,21.195312,18.515625,17.671875,18.375,19.023438,19.46875,19.742188,19.929688,19.960938
6220,2021-07-20 20:00:00,3522,26.296875,22.65625,21.6875,22.101562,22.515625,22.203125,21.78125,21.953125,21.96875,18.726562,17.734375,18.367188,19.023438,19.46875,19.742188,19.921875,19.960938
6221,2021-07-20 20:15:00,3522,26.054688,22.617188,21.773438,21.960938,22.578125,21.78125,21.726562,22.070312,21.890625,18.820312,17.796875,18.375,19.015625,19.46875,19.742188,19.921875,19.960938
6222,2021-07-20 20:30:00,3528,26.140625,23.007812,22.1875,22.28125,22.859375,22.054688,21.890625,21.96875,21.867188,18.898438,17.859375,18.382812,19.015625,19.460938,19.742188,19.921875,19.953125
6223,2021-07-20 20:45:00,3528,25.476562,22.234375,21.65625,21.5625,21.640625,21.40625,21.507812,21.640625,21.609375,18.921875,17.921875,18.390625,19.007812,19.460938,19.742188,19.921875,19.953125
6224,2021-07-20 21:00:00,3528,25.390625,22.53125,22.203125,21.835938,21.539062,21.5625,21.601562,21.59375,21.59375,19.0,17.976562,18.40625,19.007812,19.453125,19.742188,19.929688,19.953125
6225,2021-07-20 21:15:00,3528,24.9375,22.226562,21.921875,21.40625,21.234375,21.484375,21.40625,21.351562,21.375,19.015625,18.039062,18.414062,19.0,19.460938,19.742188,19.921875,19.953125
6226,2021-07-20 21:30:00,3522,25.125,22.8125,21.96875,21.53125,21.632812,21.875,22.117188,21.835938,21.8125,19.140625,18.09375,18.429688,19.0,19.453125,19.742188,19.921875,19.953125
6227,2021-07-20 21:45:00,3528,24.601562,21.890625,21.046875,20.859375,21.078125,21.359375,21.4375,21.382812,21.539062,19.203125,18.148438,18.445312,18.992188,19.445312,19.742188,19.921875,19.953125
6228,2021-07-20 22:00:00,3522,24.15625,22.445312,21.476562,21.101562,21.210938,21.710938,21.328125,21.296875,21.34375,19.226562,18.203125,18.460938,19.0,19.453125,19.734375,19.921875,19.953125
6229,2021-07-20 22:15:00,3522,23.820312,22.320312,21.367188,21.179688,21.382812,21.867188,21.5625,21.617188,21.679688,19.25,18.265625,18.484375,19.0,19.453125,19.734375,19.921875,19.945312
6230,2021-07-20 22:30:00,3522,23.085938,21.492188,20.484375,20.390625,20.65625,21.117188,20.695312,20.8125,21.070312,19.242188,18.3125,18.5,19.0,19.445312,19.734375,19.921875,19.945312
6231,2021-07-20 22:45:00,3534,22.429688,21.039062,20.390625,20.3125,20.828125,20.8125,20.6875,20.804688,20.929688,19.171875,18.359375,18.515625,19.0,19.4375,19.734375,19.914062,19.9375
6232,2021-07-20 23:00:00,3528,21.78125,20.5,19.851562,19.820312,20.328125,20.25,20.257812,20.390625,20.515625,19.125,18.398438,18.539062,19.0,19.4375,19.734375,19.914062,19.9375
6233,2021-07-20 23:15:00,3522,21.429688,20.648438,19.6875,19.8125,20.132812,20.226562,20.289062,20.382812,20.484375,19.101562,18.445312,18.5625,19.0,19.4375,19.726562,19.914062,19.9375
6234,2021-07-20 23:30:00,3522,20.421875,18.726562,18.25,18.398438,18.507812,18.632812,18.757812,19.078125,19.375,18.96875,18.46875,18.585938,19.007812,19.4375,19.726562,19.914062,19.929688
6235,2021-07-20 23:45:00,3534,18.765625,17.476562,17.203125,17.195312,17.046875,17.09375,17.140625,17.367188,17.789062,18.703125,18.5,18.601562,19.007812,19.429688,19.726562,19.914062,19.929688
6236,2021-07-21 00:00:00,3528,17.929688,16.992188,16.734375,16.734375,16.640625,16.6875,16.71875,16.914062,17.28125,18.53125,18.523438,18.625,19.015625,19.429688,19.71875,19.914062,19.929688
6237,2021-07-21 00:15:00,3522,17.28125,16.484375,16.296875,16.304688,16.179688,16.203125,16.242188,16.421875,16.804688,18.375,18.539062,18.640625,19.015625,19.429688,19.71875,19.90625,19.929688
6238,2021-07-21 00:30:00,3522,17.132812,16.59375,16.429688,16.40625,16.265625,16.25,16.203125,16.257812,16.492188,18.226562,18.554688,18.65625,19.023438,19.429688,19.726562,19.90625,19.929688
6239,2021-07-21 00:45:00,3528,16.695312,16.15625,16.0,16.023438,15.890625,15.8828125,15.8515625,15.921875,16.195312,18.109375,18.554688,18.671875,19.03125,19.429688,19.71875,19.90625,19.929688
6240,2021-07-21 01:00:00,3522,16.257812,15.7890625,15.6484375,15.65625,15.53125,15.546875,15.5390625,15.640625,15.9453125,18.023438,18.554688,18.695312,19.03125,19.429688,19.71875,19.90625,19.929688
6241,2021-07-21 01:15:00,3528,15.796875,15.375,15.2421875,15.2421875,15.0703125,15.0703125,15.0859375,15.2265625,15.6328125,17.921875,18.539062,18.71875,19.039062,19.429688,19.71875,19.90625,19.921875
6242,2021-07-21 01:30:00,3522,15.484375,15.140625,15.0234375,15.0234375,14.8671875,14.890625,14.8828125,14.9921875,15.359375,17.8125,18.53125,18.726562,19.046875,19.421875,19.710938,19.898438,19.921875
6243,2021-07-21 01:45:00,3528,15.203125,14.84375,14.7265625,14.734375,14.5703125,14.5859375,14.609375,14.7890625,15.21875,17.726562,18.523438,18.734375,19.054688,19.421875,19.710938,19.898438,19.921875
6244,2021-07-21 02:00:00,3522,14.765625,14.421875,14.3125,14.3203125,14.1875,14.2109375,14.2578125,14.46875,14.9453125,17.625,18.5,18.757812,19.0625,19.429688,19.710938,19.898438,19.921875
6245,2021-07-21 02:15:00,3522,14.15625,13.6796875,13.6015625,13.6875,13.6640625,13.7421875,13.875,14.1796875,14.6875,17.523438,18.484375,18.765625,19.070312,19.429688,19.710938,19.898438,19.921875
6246,2021-07-21 02:30:00,3522,13.515625,13.1640625,13.109375,13.203125,13.203125,13.34375,13.515625,13.8359375,14.4140625,17.4375,18.46875,18.773438,19.078125,19.429688,19.703125,19.898438,19.921875
6247,2021-07-21 02:45:00,3522,13.03125,12.734375,12.6875,12.8125,12.8671875,13.109375,13.4453125,13.9453125,14.5625,17.390625,18.453125,18.78125,19.085938,19.429688,19.710938,19.898438,19.921875
6248,2021-07-21 03:00:00,3522,12.4375,12.2265625,12.3046875,12.5546875,12.6953125,12.9609375,13.2890625,13.7734375,14.453125,17.320312,18.421875,18.789062,19.09375,19.4375,19.710938,19.898438,19.921875
6249,2021-07-21 03:15:00,3510,11.78125,11.6171875,11.640625,11.90625,12.09375,12.328125,12.65625,13.1875,13.9765625,17.210938,18.40625,18.796875,19.109375,19.4375,19.710938,19.898438,19.929688
6250,2021-07-21 03:30:00,3522,11.1953125,11.15625,11.3125,11.609375,11.8828125,12.1953125,12.53125,12.96875,13.6484375,17.070312,18.375,18.796875,19.109375,19.4375,19.710938,19.890625,19.921875
6251,2021-07-21 03:45:00,3528,10.71875,10.78125,10.9609375,11.296875,11.5234375,11.8046875,12.1015625,12.53125,13.1484375,16.9375,18.351562,18.796875,19.117188,19.4375,19.710938,19.890625,19.921875
6252,2021-07-21 04:00:00,3522,10.4140625,10.6015625,10.7734375,11.0625,11.1953125,11.46875,11.765625,12.1875,12.8671875,16.804688,18.320312,18.804688,19.125,19.445312,19.71875,19.890625,19.921875
6253,2021-07-21 04:15:00,3528,10.15625,10.3359375,10.4921875,10.7890625,10.9609375,11.234375,11.640625,12.140625,12.6953125,16.695312,18.296875,18.804688,19.125,19.445312,19.710938,19.890625,19.929688
6254,2021-07-21 04:30:00,3522,10.203125,10.5234375,10.65625,10.84375,10.9609375,11.21875,11.5,11.78125,12.359375,16.59375,18.265625,18.804688,19.132812,19.445312,19.710938,19.890625,19.929688
6255,2021-07-21 04:45:00,3522,10.234375,10.578125,10.765625,10.96875,11.171875,11.4765625,11.78125,12.1015625,12.6171875,16.570312,18.234375,18.796875,19.140625,19.453125,19.71875,19.898438,19.929688
6256,2021-07-21 05:00:00,3522,10.0390625,10.234375,10.3984375,10.6875,10.890625,11.2421875,11.6015625,12.015625,12.6171875,16.460938,18.195312,18.796875,19.148438,19.453125,19.71875,19.90625,19.9375
6257,2021-07-21 05:15:00,3522,9.984375,10.1953125,10.3046875,10.5,10.625,10.90625,11.2890625,11.828125,12.5703125,16.375,18.15625,18.796875,19.148438,19.46875,19.71875,19.90625,19.9375
6258,2021-07-21 05:30:00,3516,10.078125,10.3828125,10.5078125,10.6171875,10.703125,10.9375,11.25,11.6953125,12.5,16.367188,18.125,18.789062,19.15625,19.46875,19.71875,19.90625,19.9375
6259,2021-07-21 05:45:00,3516,10.1484375,10.3515625,10.578125,10.8671875,11.078125,11.3828125,11.6484375,11.953125,12.3828125,16.257812,18.101562,18.78125,19.15625,19.476562,19.71875,19.898438,19.9375
6260,2021-07-21 06:00:00,3516,10.34375,10.625,10.75,10.8828125,10.9453125,11.15625,11.453125,11.9375,12.703125,16.335938,18.054688,18.773438,19.164062,19.476562,19.71875,19.898438,19.945312
6261,2021-07-21 06:15:00,3522,10.09375,10.1640625,10.2890625,10.53125,10.7109375,11.0078125,11.4296875,11.9609375,12.734375,16.289062,18.023438,18.773438,19.164062,19.476562,19.71875,19.90625,19.945312
6262,2021-07-21 06:30:00,3516,10.1953125,10.359375,10.484375,10.6796875,10.796875,11.078125,11.3828125,11.7421875,12.421875,16.265625,17.992188,18.757812,19.164062,19.476562,19.726562,19.914062,19.945312
6263,2021-07-21 06:45:00,3510,10.4921875,10.8828125,11.0,11.1171875,11.1640625,11.34375,11.5703125,11.9453125,12.59375,16.28125,17.960938,18.75,19.171875,19.484375,19.726562,19.914062,19.953125
6264,2021-07-21 07:00:00,3510,10.234375,10.2109375,10.2578125,10.46875,10.5703125,10.8046875,11.0078125,11.375,12.015625,16.164062,17.929688,18.734375,19.171875,19.484375,19.734375,19.914062,19.953125
6265,2021-07-21 07:15:00,3504,10.046875,10.4296875,10.546875,10.6796875,10.796875,11.0390625,11.28125,11.5625,12.0234375,16.085938,17.90625,18.726562,19.171875,19.492188,19.734375,19.914062,19.960938
6266,2021-07-21 07:30:00,3510,9.84375,10.1484375,10.3125,10.546875,10.703125,10.9609375,11.2421875,11.578125,12.0859375,16.070312,17.875,18.710938,19.171875,19.492188,19.734375,19.914062,19.960938
6267,2021-07-21 07:45:00,3510,9.8203125,10.1953125,10.390625,10.609375,10.7265625,10.9765625,11.3203125,11.71875,12.3984375,16.085938,17.84375,18.703125,19.179688,19.5,19.734375,19.914062,19.96875
6268,2021-07-21 08:00:00,3510,9.921875,10.515625,10.703125,10.8515625,10.9140625,11.1328125,11.40625,11.796875,12.3359375,15.96875,17.820312,18.695312,19.171875,19.5,19.742188,19.921875,19.96875
6269,2021-07-21 08:15:00,3510,10.2109375,10.5078125,10.625,10.765625,10.828125,11.0390625,11.3359375,11.78125,12.4921875,16.0625,17.789062,18.6875,19.171875,19.507812,19.742188,19.921875,19.976562
6270,2021-07-21 08:30:00,3510,10.1953125,10.5625,10.6640625,10.765625,10.828125,11.015625,11.2421875,11.609375,12.234375,16.0,17.773438,18.671875,19.171875,19.507812,19.75,19.921875,19.96875
6271,2021-07-21 08:45:00,3510,10.4921875,10.921875,10.9921875,11.0625,11.0546875,11.1796875,11.359375,11.6796875,12.3515625,16.054688,17.734375,18.65625,19.171875,19.507812,19.75,19.921875,19.976562
6272,2021-07-21 09:00:00,3510,10.7578125,10.8828125,10.953125,11.1015625,11.1171875,11.296875,11.46875,11.78125,12.3984375,16.03125,17.71875,18.640625,19.171875,19.507812,19.75,19.921875,19.976562
6273,2021-07-21 09:15:00,3504,10.8828125,11.0078125,11.0625,11.1484375,11.1484375,11.2890625,11.4375,11.7109375,12.2890625,16.0,17.695312,18.640625,19.164062,19.515625,19.757812,19.921875,19.976562
6274,2021-07-21 09:30:00,3504,10.984375,11.1171875,11.15625,11.2265625,11.2109375,11.3203125,11.453125,11.75,12.34375,16.007812,17.679688,18.625,19.164062,19.515625,19.757812,19.929688,19.984375
6275,2021-07-21 09:45:00,3510,10.984375,10.9765625,11.03125,11.140625,11.171875,11.3359375,11.515625,11.828125,12.4375,15.984375,17.65625,18.609375,19.15625,19.515625,19.757812,19.929688,19.984375
6276,2021-07-21 10:00:00,3504,10.984375,11.0546875,11.125,11.234375,11.2890625,11.5,11.71875,12.0625,12.65625,15.9921875,17.632812,18.601562,19.164062,19.515625,19.757812,19.9375,19.984375
6277,2021-07-21 10:15:00,3510,10.875,10.859375,10.8984375,11.015625,11.0234375,11.1875,11.3984375,11.78125,12.453125,15.9765625,17.609375,18.585938,19.15625,19.523438,19.757812,19.9375,20.0
6278,2021-07-21 10:30:00,3516,10.6484375,10.7109375,10.78125,10.8828125,10.9765625,11.2109375,11.515625,11.921875,12.5703125,15.96875,17.59375,18.578125,19.15625,19.523438,19.765625,19.9375,19.992188
6279,2021-07-21 10:45:00,3504,10.3203125,10.46875,10.5546875,10.6953125,10.7421875,10.9609375,11.2421875,11.6328125,12.265625,15.890625,17.570312,18.5625,19.148438,19.523438,19.765625,19.9375,19.992188
6280,2021-07-21 11:00:00,3510,9.96875,10.84375,11.0546875,11.1640625,11.0703125,11.15625,11.375,11.671875,12.15625,15.765625,17.5625,18.539062,19.140625,19.523438,19.765625,19.9375,20.0
6281,2021-07-21 11:15:00,3498,9.5859375,9.9453125,10.078125,10.3203125,10.3046875,10.484375,10.6875,11.046875,11.671875,15.7734375,17.539062,18.53125,19.132812,19.515625,19.765625,19.945312,20.0
6282,2021-07-21 11:30:00,3504,9.4375,9.6640625,9.7578125,9.953125,10.0703125,10.3515625,10.640625,10.984375,11.59375,15.6953125,17.515625,18.523438,19.132812,19.523438,19.773438,19.945312,20.0
6283,2021-07-21 11:45:00,3510,9.25,9.5859375,9.8125,10.1015625,10.328125,10.6875,10.984375,11.375,11.9765625,15.7265625,17.5,18.515625,19.125,19.515625,19.765625,19.945312,20.0
6284,2021-07-21 12:00:00,3516,9.1484375,9.671875,9.765625,9.859375,9.8359375,10.0390625,10.25,10.6171875,11.3203125,15.609375,17.46875,18.5,19.117188,19.515625,19.773438,19.945312,20.0
6285,2021-07-21 12:15:00,3504,9.09375,9.7421875,9.8515625,9.8828125,9.875,10.1015625,10.359375,10.6953125,11.3359375,15.5703125,17.453125,18.476562,19.109375,19.515625,19.773438,19.945312,20.007812
6286,2021-07-21 12:30:00,3504,9.265625,9.7265625,9.796875,9.84375,9.84375,10.03125,10.2421875,10.5390625,11.171875,15.515625,17.429688,18.476562,19.109375,19.515625,19.773438,19.945312,20.007812
6287,2021-07-21 12:45:00,3504,9.4140625,9.7734375,9.84375,9.9375,9.984375,10.1796875,10.40625,10.75,11.4453125,15.484375,17.40625,18.460938,19.101562,19.515625,19.773438,19.945312,20.0
6288,2021-07-21 13:00:00,3504,9.8359375,10.1171875,10.2109375,10.296875,10.328125,10.46875,10.640625,10.921875,11.59375,15.5390625,17.382812,18.445312,19.101562,19.515625,19.78125,19.953125,20.0
6289,2021-07-21 13:15:00,3504,10.1484375,10.5,10.578125,10.6171875,10.6328125,10.765625,10.90625,11.1796875,11.84375,15.5546875,17.359375,18.421875,19.085938,19.515625,19.773438,19.953125,20.0
6290,2021-07-21 13:30:00,3504,10.6328125,10.8046875,10.8359375,10.859375,10.8671875,10.953125,11.03125,11.2265625,11.6796875,15.4921875,17.335938,18.414062,19.078125,19.507812,19.773438,19.953125,20.0
6291,2021-07-21 13:45:00,3498,10.921875,11.0,11.0234375,11.0390625,11.046875,11.1171875,11.1796875,11.3203125,11.6875,15.453125,17.3125,18.398438,19.070312,19.507812,19.78125,19.953125,20.007812
6292,2021-07-21 14:00:00,3498,11.171875,11.2109375,11.234375,11.25,11.265625,11.3515625,11.421875,11.59375,12.0,15.5078125,17.289062,18.382812,19.070312,19.507812,19.773438,19.953125,20.0
6293,2021-07-21 14:15:00,3504,11.3984375,11.4296875,11.453125,11.4765625,11.5,11.609375,11.6875,11.875,12.296875,15.5390625,17.265625,18.375,19.054688,19.5,19.773438,19.953125,20.007812
6294,2021-07-21 14:30:00,3504,11.4375,11.3203125,11.3359375,11.390625,11.4140625,11.53125,11.65625,11.875,12.3203125,15.5546875,17.25,18.351562,19.054688,19.492188,19.765625,19.953125,20.0
6295,2021-07-21 14:45:00,3498,11.65625,11.625,11.625,11.6796875,11.6640625,11.7578125,11.828125,11.953125,12.359375,15.5703125,17.234375,18.335938,19.039062,19.492188,19.773438,19.953125,20.0
6296,2021-07-21 15:00:00,3504,11.921875,11.7890625,11.78125,11.8984375,11.8515625,11.9296875,11.984375,12.09375,12.453125,15.59375,17.210938,18.320312,19.03125,19.484375,19.765625,19.945312,20.0
6297,2021-07-21 15:15:00,3498,12.1484375,11.953125,11.9453125,12.0390625,12.0234375,12.109375,12.1484375,12.28125,12.6484375,15.609375,17.203125,18.3125,19.023438,19.484375,19.773438,19.953125,20.0
6298,2021-07-21 15:30:00,3504,13.015625,13.125,13.0546875,13.015625,12.9375,12.9765625,12.9609375,13.0,13.2421875,15.6796875,17.1875,18.296875,19.015625,19.476562,19.765625,19.945312,20.0
6299,2021-07-21 15:45:00,3498,13.765625,13.8125,13.6328125,13.53125,13.40625,13.421875,13.3671875,13.3515625,13.578125,15.7734375,17.179688,18.28125,19.0,19.476562,19.765625,19.953125,20.0
6300,2021-07-21 16:00:00,3498,15.234375,14.9375,14.703125,14.4921875,14.296875,14.2890625,14.171875,14.0703125,14.15625,15.875,17.171875,18.265625,19.0,19.46875,19.757812,19.945312,19.992188
6301,2021-07-21 16:15:00,3498,17.28125,16.6875,16.4375,16.40625,15.9921875,15.8671875,15.6484375,15.359375,15.25,16.109375,17.164062,18.25,18.984375,19.46875,19.757812,19.945312,19.992188
6302,2021-07-21 16:30:00,3498,19.703125,18.960938,18.914062,18.578125,18.085938,17.851562,17.476562,16.914062,16.5625,16.359375,17.171875,18.242188,18.976562,19.460938,19.757812,19.945312,19.984375
6303,2021-07-21 16:45:00,3504,21.0625,19.523438,19.390625,18.757812,18.476562,18.289062,18.023438,17.601562,17.320312,16.601562,17.171875,18.226562,18.96875,19.453125,19.757812,19.9375,19.984375
6304,2021-07-21 17:00:00,3504,22.382812,20.554688,20.375,19.703125,19.4375,19.320312,19.0625,18.671875,18.328125,16.851562,17.1875,18.226562,18.960938,19.453125,19.757812,19.9375,19.984375
6305,2021-07-21 17:15:00,3504,23.671875,22.484375,22.1875,21.179688,20.695312,20.453125,20.109375,19.742188,19.164062,17.109375,17.210938,18.210938,18.953125,19.445312,19.75,19.929688,19.976562
6306,2021-07-21 17:30:00,3504,24.898438,23.367188,22.398438,21.90625,21.492188,21.109375,20.8125,20.46875,19.789062,17.367188,17.242188,18.203125,18.945312,19.445312,19.75,19.9375,19.984375
6307,2021-07-21 17:45:00,3510,25.523438,23.828125,22.1875,23.5,21.65625,21.3125,21.101562,20.851562,20.34375,17.570312,17.28125,18.195312,18.9375,19.4375,19.742188,19.929688,19.976562
6308,2021-07-21 18:00:00,3504,26.117188,23.570312,22.203125,23.101562,21.828125,21.554688,21.382812,21.320312,20.875,17.8125,17.328125,18.195312,18.9375,19.4375,19.742188,19.929688,19.976562
6309,2021-07-21 18:15:00,3504,26.765625,23.914062,23.117188,22.96875,22.351562,22.125,21.914062,21.710938,21.28125,18.03125,17.367188,18.179688,18.921875,19.429688,19.734375,19.921875,19.96875
6310,2021-07-21 18:30:00,3510,26.96875,23.859375,23.039062,22.890625,22.546875,22.4375,22.25,22.140625,21.742188,18.203125,17.421875,18.179688,18.914062,19.421875,19.734375,19.921875,19.960938
6311,2021-07-21 18:45:00,3522,26.867188,23.773438,22.453125,22.539062,22.3125,22.359375,22.0625,22.078125,21.773438,18.382812,17.484375,18.1875,18.90625,19.414062,19.726562,19.914062,19.960938
6312,2021-07-21 19:00:00,3516,27.0625,24.539062,22.828125,22.835938,22.5625,22.484375,22.375,22.421875,22.117188,18.539062,17.539062,18.195312,18.90625,19.40625,19.71875,19.914062,19.953125
6313,2021-07-21 19:15:00,3522,27.515625,24.921875,23.007812,23.007812,22.835938,22.8125,22.90625,22.867188,22.570312,18.726562,17.59375,18.195312,18.890625,19.40625,19.71875,19.914062,19.953125
6314,2021-07-21 19:30:00,3522,27.921875,25.023438,23.351562,23.359375,23.242188,23.148438,23.203125,23.132812,22.789062,18.867188,17.664062,18.203125,18.890625,19.398438,19.71875,19.90625,19.945312
6315,2021-07-21 19:45:00,3516,28.007812,24.710938,23.507812,23.789062,23.40625,23.3125,23.140625,23.109375,22.875,19.0,17.726562,18.210938,18.882812,19.390625,19.710938,19.898438,19.945312
6316,2021-07-21 20:00:00,3522,28.15625,25.148438,23.507812,23.804688,23.429688,23.28125,23.15625,23.117188,23.015625,19.140625,17.789062,18.21875,18.875,19.375,19.703125,19.898438,19.9375
6317,2021-07-21 20:15:00,3522,28.5,25.5,23.867188,24.140625,23.882812,23.570312,23.46875,23.679688,23.453125,19.273438,17.851562,18.234375,18.875,19.375,19.703125,19.898438,19.9375
6318,2021-07-21 20:30:00,3528,28.179688,24.867188,23.78125,24.039062,23.9375,23.421875,23.632812,23.617188,23.539062,19.382812,17.914062,18.25,18.867188,19.367188,19.703125,19.890625,19.921875
6319,2021-07-21 20:45:00,3522,27.742188,24.835938,23.742188,23.882812,23.773438,23.203125,23.265625,23.1875,23.140625,19.390625,17.984375,18.265625,18.867188,19.367188,19.6875,19.890625,19.929688
6320,2021-07-21 21:00:00,3528,27.40625,24.09375,23.507812,24.085938,23.242188,23.257812,23.5625,23.5625,23.5,19.546875,18.046875,18.28125,18.859375,19.359375,19.6875,19.890625,19.921875
6321,2021-07-21 21:15:00,3528,27.039062,23.914062,23.625,23.34375,22.898438,23.0625,23.335938,23.09375,23.03125,19.539062,18.109375,18.304688,18.859375,19.351562,19.679688,19.882812,19.914062
6322,2021-07-21 21:30:00,3528,26.5625,23.28125,22.976562,22.570312,22.648438,23.210938,23.179688,23.226562,23.234375,19.65625,18.164062,18.320312,18.859375,19.34375,19.671875,19.875,19.90625
6323,2021-07-21 21:45:00,3522,25.835938,22.984375,22.71875,22.320312,22.4375,22.867188,22.882812,22.945312,23.03125,19.695312,18.226562,18.34375,18.859375,19.34375,19.664062,19.875,19.90625
6324,2021-07-21 22:00:00,3528,25.320312,22.726562,22.460938,22.148438,22.492188,23.210938,23.070312,23.171875,23.234375,19.773438,18.289062,18.359375,18.859375,19.34375,19.671875,19.859375,19.90625
6325,2021-07-21 22:15:00,3540,24.773438,22.476562,21.835938,21.726562,22.015625,22.320312,22.25,22.414062,22.632812,19.75,18.34375,18.382812,18.851562,19.328125,19.65625,19.859375,19.898438
6326,2021-07-21 22:30:00,3528,24.1875,22.429688,21.773438,21.726562,22.125,22.523438,22.34375,22.40625,22.523438,19.742188,18.398438,18.40625,18.859375,19.328125,19.664062,19.859375,19.90625
6327,2021-07-21 22:45:00,3528,23.640625,22.203125,21.726562,21.742188,22.039062,22.398438,22.210938,22.210938,22.28125,19.65625,18.445312,18.4375,18.867188,19.320312,19.65625,19.851562,19.890625
6328,2021-07-21 23:00:00,3528,23.507812,22.210938,21.820312,21.789062,22.1875,22.234375,22.101562,22.101562,22.070312,19.59375,18.492188,18.460938,18.867188,19.320312,19.648438,19.851562,19.890625
6329,2021-07-21 23:15:00,3528,22.789062,21.46875,21.101562,21.132812,21.617188,21.570312,21.570312,21.601562,21.617188,19.5,18.53125,18.484375,18.875,19.320312,19.640625,19.84375,19.890625
6330,2021-07-21 23:30:00,3528,21.5625,19.890625,19.484375,19.507812,19.625,19.679688,19.703125,19.953125,20.164062,19.296875,18.570312,18.507812,18.882812,19.3125,19.632812,19.835938,19.890625
6331,2021-07-21 23:45:00,3522,19.78125,18.453125,18.132812,18.140625,18.03125,18.03125,18.039062,18.179688,18.453125,18.953125,18.601562,18.523438,18.882812,19.3125,19.632812,19.835938,19.882812
6332,2021-07-22 00:00:00,3528,19.1875,18.515625,18.265625,18.28125,18.03125,17.96875,17.867188,17.78125,17.890625,18.75,18.617188,18.554688,18.882812,19.304688,19.625,19.828125,19.875
6333,2021-07-22 00:15:00,3534,18.65625,18.0625,17.8125,17.84375,17.664062,17.585938,17.484375,17.421875,17.539062,18.585938,18.640625,18.578125,18.890625,19.304688,19.632812,19.828125,19.875
6334,2021-07-22 00:30:00,3534,18.085938,17.507812,17.242188,17.265625,17.039062,16.9375,16.804688,16.742188,16.945312,18.429688,18.640625,18.601562,18.898438,19.304688,19.625,19.828125,19.875
6335,2021-07-22 00:45:00,3534,17.632812,17.132812,16.867188,16.875,16.664062,16.570312,16.453125,16.429688,16.65625,18.304688,18.640625,18.617188,18.90625,19.304688,19.617188,19.820312,19.875
6336,2021-07-22 01:00:00,3534,17.140625,16.664062,16.4375,16.453125,16.25,16.179688,16.078125,16.117188,16.414062,18.210938,18.625,18.640625,18.914062,19.296875,19.617188,19.8125,19.875
6337,2021-07-22 01:15:00,3528,16.796875,16.335938,16.09375,16.101562,15.84375,15.75,15.6796875,15.734375,16.0625,18.101562,18.617188,18.65625,18.929688,19.296875,19.609375,19.820312,19.875
6338,2021-07-22 01:30:00,3522,16.054688,15.3125,15.0625,15.1015625,15.0390625,15.03125,15.09375,15.296875,15.7265625,18.0,18.601562,18.679688,18.9375,19.296875,19.609375,19.804688,19.875
6339,2021-07-22 01:45:00,3528,15.546875,15.0234375,14.7890625,14.7890625,14.578125,14.5546875,14.609375,14.859375,15.3359375,17.890625,18.585938,18.6875,18.945312,19.304688,19.601562,19.8125,19.867188
6340,2021-07-22 02:00:00,3510,14.984375,14.484375,14.3125,14.3515625,14.234375,14.234375,14.3203125,14.578125,15.078125,17.78125,18.570312,18.703125,18.945312,19.296875,19.601562,19.804688,19.875
6341,2021-07-22 02:15:00,3528,14.28125,13.7421875,13.6015625,13.6484375,13.578125,13.6328125,13.8046875,14.171875,14.7421875,17.648438,18.546875,18.710938,18.960938,19.296875,19.601562,19.796875,19.875
6342,2021-07-22 02:30:00,3522,13.390625,12.8984375,12.84375,12.96875,13.0625,13.171875,13.3359375,13.5859375,14.0703125,17.429688,18.523438,18.726562,18.96875,19.304688,19.601562,19.804688,19.867188
6343,2021-07-22 02:45:00,3528,13.28125,13.15625,13.046875,13.078125,12.9609375,13.0546875,13.2421875,13.4921875,13.953125,17.320312,18.5,18.734375,18.976562,19.304688,19.601562,19.804688,19.875
6344,2021-07-22 03:00:00,3528,13.2890625,13.2109375,13.1484375,13.1796875,13.0234375,13.0390625,13.125,13.3828125,13.875,17.28125,18.476562,18.742188,18.984375,19.304688,19.59375,19.804688,19.875
6345,2021-07-22 03:15:00,3528,13.046875,12.8671875,12.8125,12.890625,12.8125,12.8984375,13.0546875,13.3671875,13.953125,17.265625,18.445312,18.75,19.0,19.304688,19.59375,19.796875,19.875
6346,2021-07-22 03:30:00,3522,12.2265625,12.078125,12.140625,12.3046875,12.296875,12.2734375,12.3125,12.546875,13.03125,17.007812,18.414062,18.757812,19.007812,19.3125,19.59375,19.796875,19.882812
6347,2021-07-22 03:45:00,3528,11.6171875,11.6015625,11.671875,11.84375,11.90625,12.0,12.109375,12.265625,12.734375,16.820312,18.382812,18.757812,19.015625,19.3125,19.59375,19.796875,19.882812
6348,2021-07-22 04:00:00,3528,11.046875,11.09375,11.2265625,11.40625,11.5078125,11.6953125,12.0390625,12.2578125,12.65625,16.679688,18.351562,18.757812,19.015625,19.320312,19.59375,19.796875,19.882812
6349,2021-07-22 04:15:00,3528,11.15625,11.4609375,11.5,11.6171875,11.53125,11.6328125,11.8359375,12.1796875,12.8671875,16.734375,18.3125,18.757812,19.03125,19.320312,19.59375,19.796875,19.890625
6350,2021-07-22 04:30:00,3528,11.4921875,11.875,11.921875,11.9921875,11.8828125,11.9375,12.0078125,12.1875,12.671875,16.664062,18.28125,18.765625,19.039062,19.328125,19.59375,19.804688,19.890625
6351,2021-07-22 04:45:00,3522,11.4296875,11.546875,11.59375,11.6875,11.6796875,11.765625,11.875,12.1484375,12.6875,16.601562,18.242188,18.757812,19.039062,19.328125,19.59375,19.796875,19.890625
6352,2021-07-22 05:00:00,3528,11.1015625,11.140625,11.21875,11.3515625,11.4140625,11.5625,11.7890625,12.1328125,12.734375,16.5625,18.203125,18.757812,19.054688,19.335938,19.601562,19.796875,19.890625
6353,2021-07-22 05:15:00,3522,11.0390625,11.1875,11.25,11.34375,11.3203125,11.4296875,11.6015625,11.9375,12.6015625,16.539062,18.164062,18.75,19.054688,19.34375,19.601562,19.804688,19.898438
6354,2021-07-22 05:30:00,3528,10.9375,11.125,11.1796875,11.28125,11.265625,11.3671875,11.5,11.8359375,12.46875,16.46875,18.125,18.75,19.0625,19.34375,19.601562,19.804688,19.90625
6355,2021-07-22 05:45:00,3522,10.8203125,11.015625,11.0859375,11.1953125,11.1953125,11.3203125,11.4765625,11.765625,12.34375,16.40625,18.09375,18.734375,19.070312,19.34375,19.601562,19.804688,19.914062
6356,2021-07-22 06:00:00,3522,10.78125,10.953125,11.0234375,11.125,11.125,11.2421875,11.3828125,11.6953125,12.3046875,16.382812,18.054688,18.726562,19.078125,19.351562,19.609375,19.804688,19.914062
6357,2021-07-22 06:15:00,3516,10.84375,11.046875,11.1015625,11.1640625,11.15625,11.2578125,11.390625,11.6953125,12.296875,16.335938,18.023438,18.71875,19.070312,19.359375,19.609375,19.804688,19.914062
6358,2021-07-22 06:30:00,3522,11.0546875,11.2109375,11.2421875,11.28125,11.296875,11.40625,11.546875,11.828125,12.3828125,16.273438,17.992188,18.71875,19.085938,19.359375,19.609375,19.8125,19.921875
6359,2021-07-22 06:45:00,3516,11.1953125,11.2890625,11.3046875,11.3359375,11.3125,11.40625,11.5,11.71875,12.2265625,16.226562,17.96875,18.695312,19.078125,19.375,19.617188,19.820312,19.929688
6360,2021-07-22 07:00:00,3522,10.9296875,10.9296875,10.96875,11.0390625,11.0390625,11.1328125,11.25,11.5,12.0234375,16.148438,17.929688,18.695312,19.09375,19.367188,19.617188,19.820312,19.929688
6361,2021-07-22 07:15:00,3522,10.921875,11.0546875,11.0859375,11.1484375,11.125,11.21875,11.3203125,11.5390625,12.046875,16.101562,17.898438,18.6875,19.085938,19.375,19.625,19.820312,19.9375
6362,2021-07-22 07:30:00,3516,10.984375,11.0859375,11.140625,11.171875,11.15625,11.25,11.34375,11.59375,12.1015625,16.085938,17.867188,18.679688,19.09375,19.375,19.625,19.828125,19.9375
6363,2021-07-22 07:45:00,3510,10.75,10.703125,10.7734375,10.8515625,10.8984375,11.03125,11.21875,11.5546875,12.1796875,16.054688,17.835938,18.664062,19.085938,19.382812,19.625,19.828125,19.945312
6364,2021-07-22 08:00:00,3510,10.375,10.40625,10.5078125,10.6328125,10.7109375,10.8984375,11.140625,11.5546875,12.25,16.101562,17.8125,18.648438,19.09375,19.382812,19.625,19.828125,19.945312
6365,2021-07-22 08:15:00,3516,10.3125,10.46875,10.5625,10.65625,10.6796875,10.796875,10.9609375,11.3046875,11.953125,16.023438,17.78125,18.640625,19.085938,19.390625,19.640625,19.835938,19.953125
6366,2021-07-22 08:30:00,3510,10.71875,10.9375,10.9765625,11.015625,10.9765625,11.0546875,11.1328125,11.3359375,11.7890625,15.9140625,17.75,18.625,19.09375,19.398438,19.632812,19.835938,19.960938
6367,2021-07-22 08:45:00,3516,10.90625,11.0234375,11.0546875,11.0703125,11.0546875,11.1328125,11.1953125,11.34375,11.7109375,15.828125,17.726562,18.609375,19.09375,19.398438,19.640625,19.835938,19.960938
6368,2021-07-22 09:00:00,3510,10.9765625,11.0078125,11.03125,11.0546875,11.0703125,11.1875,11.296875,11.5234375,11.9921875,15.8515625,17.703125,18.601562,19.085938,19.398438,19.640625,19.84375,19.960938
6369,2021-07-22 09:15:00,3516,10.9921875,10.984375,11.015625,11.0390625,11.0546875,11.15625,11.2890625,11.5546875,12.078125,15.8671875,17.671875,18.585938,19.085938,19.40625,19.640625,19.84375,19.96875
6370,2021-07-22 09:30:00,3522,10.71875,10.65625,10.7578125,10.859375,10.9609375,11.1171875,11.2890625,11.5703125,12.125,15.8671875,17.640625,18.578125,19.085938,19.40625,19.648438,19.851562,19.96875
6371,2021-07-22 09:45:00,3516,9.9765625,9.84375,10.03125,10.296875,10.546875,10.8203125,11.109375,11.4765625,12.1328125,15.8359375,17.617188,18.5625,19.078125,19.40625,19.648438,19.851562,19.96875
6372,2021-07-22 10:00:00,3516,9.796875,10.0546875,10.203125,10.3671875,10.4609375,10.671875,10.9296875,11.359375,12.0859375,15.8125,17.585938,18.546875,19.078125,19.414062,19.65625,19.851562,19.976562
6373,2021-07-22 10:15:00,3522,9.84375,10.0,10.1953125,10.390625,10.546875,10.78125,11.03125,11.4375,12.1328125,15.828125,17.5625,18.53125,19.070312,19.414062,19.65625,19.859375,19.984375
6374,2021-07-22 10:30:00,3510,9.8203125,10.1015625,10.2421875,10.375,10.484375,10.71875,11.015625,11.453125,12.125,15.78125,17.546875,18.523438,19.070312,19.421875,19.65625,19.859375,19.984375
6375,2021-07-22 10:45:00,3516,10.5546875,10.96875,11.0546875,11.0859375,11.109375,11.2421875,11.3828125,11.65625,12.1953125,15.7890625,17.523438,18.507812,19.070312,19.421875,19.664062,19.867188,19.984375
6376,2021-07-22 11:00:00,3522,10.921875,11.078125,11.140625,11.1796875,11.1796875,11.28125,11.3828125,11.59375,12.0234375,15.7421875,17.5,18.492188,19.0625,19.421875,19.664062,19.867188,19.984375
6377,2021-07-22 11:15:00,3510,10.65625,10.5859375,10.6953125,10.828125,10.90625,11.0625,11.25,11.5546875,12.1171875,15.75,17.476562,18.484375,19.0625,19.421875,19.664062,19.867188,20.0
6378,2021-07-22 11:30:00,3516,10.5234375,10.609375,10.7109375,10.7890625,10.8046875,10.9296875,11.0703125,11.359375,11.90625,15.7109375,17.460938,18.46875,19.054688,19.421875,19.664062,19.875,19.992188
6379,2021-07-22 11:45:00,3510,10.2109375,10.2421875,10.359375,10.484375,10.5625,10.75,10.984375,11.3828125,12.109375,15.75,17.445312,18.453125,19.046875,19.421875,19.671875,19.875,20.0
6380,2021-07-22 12:00:00,3510,10.09375,10.2421875,10.3671875,10.4921875,10.5625,10.7421875,10.96875,11.359375,12.0625,15.71875,17.421875,18.445312,19.039062,19.421875,19.671875,19.875,20.0
6381,2021-07-22 12:15:00,3510,10.4140625,10.6328125,10.734375,10.78125,10.796875,10.90625,11.046875,11.3359375,11.9140625,15.6875,17.398438,18.421875,19.039062,19.421875,19.671875,19.875,20.007812
6382,2021-07-22 12:30:00,3510,10.546875,10.6640625,10.75,10.8125,10.84375,10.96875,11.109375,11.3828125,11.9296875,15.6484375,17.390625,18.40625,19.023438,19.421875,19.679688,19.882812,20.007812
6383,2021-07-22 12:45:00,3510,10.03125,9.8515625,10.0,10.2265625,10.3984375,10.5859375,10.6796875,10.9765625,11.59375,15.59375,17.367188,18.398438,19.03125,19.421875,19.679688,19.890625,20.007812
6384,2021-07-22 13:00:00,3504,9.2734375,9.265625,9.59375,9.9453125,10.2734375,10.5703125,10.7734375,11.0703125,11.5078125,15.4453125,17.351562,18.382812,19.015625,19.414062,19.679688,19.882812,20.007812
6385,2021-07-22 13:15:00,3510,9.296875,9.703125,9.84375,9.9765625,10.09375,10.3046875,10.5703125,10.9453125,11.546875,15.3984375,17.328125,18.375,19.007812,19.414062,19.679688,19.882812,20.007812
6386,2021-07-22 13:30:00,3510,9.8359375,10.359375,10.4921875,10.5859375,10.625,10.8046875,11.0234375,11.3671875,12.046875,15.515625,17.304688,18.359375,19.007812,19.40625,19.679688,19.890625,20.007812
6387,2021-07-22 13:45:00,3498,10.0,10.2890625,10.4921875,10.6953125,10.875,11.125,11.453125,11.8671875,12.5,15.5625,17.28125,18.34375,19.0,19.40625,19.679688,19.890625,20.015625
6388,2021-07-22 14:00:00,3510,10.296875,10.6484375,10.796875,10.8984375,10.953125,11.1171875,11.359375,11.7109375,12.2734375,15.5546875,17.257812,18.328125,18.984375,19.398438,19.6875,19.890625,20.015625
6389,2021-07-22 14:15:00,3510,10.3515625,10.5390625,10.6484375,10.7578125,10.84375,11.09375,11.3828125,11.796875,12.375,15.5234375,17.242188,18.3125,18.984375,19.40625,19.679688,19.882812,20.015625
6390,2021-07-22 14:30:00,3504,14.1953125,14.96875,14.3671875,14.078125,13.515625,13.265625,13.046875,13.0,13.1796875,15.671875,17.226562,18.296875,18.976562,19.398438,19.6875,19.890625,20.007812
6391,2021-07-22 14:45:00,3504,16.109375,16.3125,15.40625,14.6953125,14.1640625,14.0,13.8203125,13.6796875,13.7734375,15.8203125,17.210938,18.28125,18.960938,19.398438,19.679688,19.890625,20.007812
6392,2021-07-22 15:00:00,3504,18.03125,17.835938,16.929688,15.984375,15.515625,15.2890625,15.0,14.75,14.65625,16.007812,17.195312,18.273438,18.960938,19.390625,19.679688,19.890625,20.007812
6393,2021-07-22 15:15:00,3510,18.296875,18.554688,17.882812,16.75,16.304688,16.03125,15.7578125,15.46875,15.2890625,16.179688,17.195312,18.257812,18.953125,19.390625,19.679688,19.890625,20.007812
6394,2021-07-22 15:30:00,3504,18.890625,19.171875,19.148438,18.023438,17.492188,17.242188,16.898438,16.5625,16.265625,16.414062,17.195312,18.242188,18.945312,19.398438,19.679688,19.890625,20.007812
6395,2021-07-22 15:45:00,3510,20.34375,18.554688,18.460938,18.351562,18.023438,17.710938,17.3125,16.976562,16.617188,16.585938,17.203125,18.234375,18.9375,19.390625,19.679688,19.890625,20.007812
6396,2021-07-22 16:00:00,3510,21.640625,19.203125,18.53125,18.226562,18.03125,17.796875,17.460938,17.195312,16.875,16.726562,17.21875,18.226562,18.929688,19.382812,19.679688,19.890625,20.0
6397,2021-07-22 16:15:00,3504,21.773438,19.671875,19.296875,19.0625,18.914062,18.578125,18.25,17.929688,17.515625,16.875,17.234375,18.210938,18.921875,19.375,19.671875,19.890625,20.0
6398,2021-07-22 16:30:00,3510,22.59375,20.539062,20.273438,19.914062,19.59375,19.171875,18.859375,18.4375,17.984375,17.054688,17.257812,18.203125,18.914062,19.375,19.671875,19.890625,20.0
6399,2021-07-22 16:45:00,3504,23.59375,21.257812,21.09375,20.507812,20.0625,19.726562,19.351562,18.96875,18.460938,17.21875,17.289062,18.195312,18.90625,19.367188,19.671875,19.890625,19.992188
6400,2021-07-22 17:00:00,3504,24.382812,21.59375,21.453125,21.023438,20.453125,20.09375,19.78125,19.359375,18.820312,17.351562,17.320312,18.1875,18.898438,19.367188,19.679688,19.882812,19.992188
6401,2021-07-22 17:15:00,3510,25.132812,22.3125,22.625,21.445312,21.007812,20.734375,20.445312,20.117188,19.578125,17.554688,17.359375,18.1875,18.890625,19.367188,19.671875,19.882812,19.992188
6402,2021-07-22 17:30:00,3510,25.539062,23.195312,22.75,21.84375,21.53125,21.148438,20.9375,20.664062,20.15625,17.75,17.398438,18.179688,18.882812,19.359375,19.671875,19.875,19.992188
6403,2021-07-22 17:45:00,3510,25.867188,23.570312,22.71875,22.359375,21.726562,21.445312,21.242188,21.039062,20.625,17.9375,17.4375,18.179688,18.882812,19.359375,19.664062,19.882812,19.992188
6404,2021-07-22 18:00:00,3516,25.625,22.359375,22.179688,21.710938,21.242188,21.054688,20.976562,20.96875,20.875,18.078125,17.484375,18.179688,18.867188,19.351562,19.664062,19.875,19.984375
6405,2021-07-22 18:15:00,3510,26.125,22.804688,22.257812,21.6875,21.507812,21.40625,21.28125,21.304688,21.0625,18.25,17.53125,18.179688,18.867188,19.34375,19.664062,19.875,19.976562
6406,2021-07-22 18:30:00,3522,26.554688,24.09375,22.710938,22.289062,22.085938,21.90625,21.757812,21.632812,21.34375,18.382812,17.585938,18.195312,18.859375,19.34375,19.65625,19.875,19.976562
6407,2021-07-22 18:45:00,3516,26.867188,24.648438,22.71875,22.4375,22.289062,22.195312,22.125,22.078125,21.796875,18.539062,17.632812,18.195312,18.851562,19.335938,19.648438,19.867188,19.976562
6408,2021-07-22 17:30:00,3510,25.539062,23.195312,22.75,21.84375,21.53125,21.148438,20.9375,20.664062,20.15625,17.75,17.398438,18.179688,18.882812,19.359375,19.671875,19.875,19.992188
6409,2021-07-22 17:45:00,3510,25.867188,23.570312,22.71875,22.359375,21.726562,21.445312,21.242188,21.039062,20.625,17.9375,17.4375,18.179688,18.882812,19.359375,19.664062,19.882812,19.992188
6410,2021-07-22 18:00:00,3516,25.625,22.359375,22.179688,21.710938,21.242188,21.054688,20.976562,20.96875,20.875,18.078125,17.484375,18.179688,18.867188,19.351562,19.664062,19.875,19.984375
6411,2021-07-22 18:15:00,3510,26.125,22.804688,22.257812,21.6875,21.507812,21.40625,21.28125,21.304688,21.0625,18.25,17.53125,18.179688,18.867188,19.34375,19.664062,19.875,19.976562
6412,2021-07-22 18:30:00,3522,26.554688,24.09375,22.710938,22.289062,22.085938,21.90625,21.757812,21.632812,21.34375,18.382812,17.585938,18.195312,18.859375,19.34375,19.65625,19.875,19.976562
6413,2021-07-22 18:45:00,3516,26.867188,24.648438,22.71875,22.4375,22.289062,22.195312,22.125,22.078125,21.796875,18.539062,17.632812,18.195312,18.851562,19.335938,19.648438,19.867188,19.976562
6414,2021-07-22 19:00:00,3522,26.898438,24.359375,22.273438,22.023438,22.007812,21.953125,21.96875,22.21875,21.945312,18.703125,17.6875,18.203125,18.84375,19.335938,19.640625,19.867188,19.96875
6415,2021-07-22 19:15:00,3516,26.976562,24.023438,22.25,21.945312,22.007812,22.03125,22.15625,22.3125,22.1875,18.867188,17.742188,18.21875,18.835938,19.328125,19.648438,19.859375,19.960938
6416,2021-07-22 19:30:00,3516,26.429688,22.882812,21.640625,21.3125,21.296875,21.398438,21.695312,21.570312,21.585938,18.890625,17.796875,18.21875,18.835938,19.320312,19.640625,19.859375,19.960938
6417,2021-07-22 19:45:00,3522,27.132812,24.148438,22.59375,22.578125,22.351562,22.414062,22.320312,22.398438,22.28125,19.023438,17.859375,18.234375,18.828125,19.3125,19.640625,19.859375,19.960938
6418,2021-07-22 20:00:00,3522,27.53125,25.109375,22.929688,23.492188,22.953125,23.054688,23.023438,23.148438,22.96875,19.1875,17.90625,18.25,18.828125,19.304688,19.640625,19.851562,19.953125
6419,2021-07-22 20:15:00,3528,28.03125,24.867188,23.429688,23.460938,23.390625,23.273438,23.320312,23.367188,23.117188,19.304688,17.96875,18.257812,18.828125,19.304688,19.632812,19.851562,19.953125
6420,2021-07-22 20:30:00,3528,27.421875,23.6875,22.335938,22.335938,22.398438,22.273438,22.523438,22.625,22.6875,19.398438,18.023438,18.28125,18.828125,19.304688,19.625,19.84375,19.953125
6421,2021-07-22 20:45:00,3528,26.164062,22.898438,21.289062,21.429688,21.234375,21.171875,21.359375,21.453125,21.679688,19.242188,18.078125,18.289062,18.828125,19.289062,19.617188,19.851562,19.945312
6422,2021-07-22 21:00:00,3528,25.625,22.75,21.25,21.765625,21.359375,21.421875,21.820312,21.640625,21.679688,19.242188,18.132812,18.3125,18.828125,19.289062,19.625,19.84375,19.945312
6423,2021-07-22 21:15:00,3534,25.1875,22.15625,20.75,21.0625,20.828125,20.851562,21.195312,21.117188,21.25,19.226562,18.179688,18.328125,18.828125,19.289062,19.617188,19.835938,19.9375
6424,2021-07-22 21:30:00,3528,25.265625,22.570312,22.109375,21.617188,21.789062,22.203125,22.132812,22.007812,21.898438,19.335938,18.234375,18.351562,18.828125,19.28125,19.609375,19.835938,19.9375
6425,2021-07-22 21:45:00,3534,24.820312,21.429688,21.335938,20.929688,21.203125,21.617188,21.648438,21.78125,21.898438,19.375,18.28125,18.367188,18.828125,19.28125,19.617188,19.835938,19.9375
6426,2021-07-22 22:00:00,3528,24.460938,21.90625,21.351562,21.367188,21.789062,22.15625,22.414062,22.390625,22.398438,19.5,18.320312,18.390625,18.828125,19.273438,19.601562,19.835938,19.929688
6427,2021-07-22 22:15:00,3528,24.0625,21.78125,20.992188,21.046875,21.429688,21.828125,22.046875,22.117188,22.242188,19.585938,18.367188,18.40625,18.828125,19.273438,19.601562,19.820312,19.929688
6428,2021-07-22 22:30:00,3528,23.570312,21.585938,21.523438,21.429688,21.960938,22.492188,22.585938,22.78125,22.90625,19.671875,18.40625,18.4375,18.835938,19.265625,19.601562,19.820312,19.929688
6429,2021-07-22 22:45:00,3528,22.71875,20.820312,20.515625,20.375,20.835938,21.265625,21.234375,21.421875,21.671875,19.578125,18.453125,18.453125,18.835938,19.265625,19.585938,19.820312,19.929688
6430,2021-07-22 23:00:00,3528,22.070312,20.304688,20.03125,20.0625,20.617188,20.921875,21.070312,21.304688,21.523438,19.507812,18.492188,18.476562,18.84375,19.265625,19.585938,19.8125,19.921875
6431,2021-07-22 23:15:00,3528,21.125,19.625,19.335938,19.351562,19.757812,19.851562,19.890625,20.046875,20.3125,19.296875,18.53125,18.492188,18.851562,19.257812,19.585938,19.8125,19.921875
6432,2021-07-22 23:30:00,3528,19.546875,17.8125,17.609375,17.71875,17.953125,18.070312,18.226562,18.59375,19.03125,19.109375,18.5625,18.515625,18.851562,19.257812,19.585938,19.8125,19.921875
6433,2021-07-22 23:45:00,3528,17.9375,16.695312,16.492188,16.476562,16.351562,16.390625,16.492188,16.796875,17.34375,18.78125,18.59375,18.539062,18.859375,19.257812,19.578125,19.8125,19.921875
6434,2021-07-23 00:00:00,3528,17.351562,16.8125,16.695312,16.625,16.390625,16.382812,16.34375,16.40625,16.742188,18.539062,18.609375,18.5625,18.867188,19.257812,19.578125,19.804688,19.921875
6435,2021-07-23 00:15:00,3522,16.976562,16.523438,16.414062,16.359375,16.15625,16.125,16.078125,16.132812,16.429688,18.351562,18.625,18.585938,18.875,19.25,19.578125,19.804688,19.921875
6436,2021-07-23 00:30:00,3528,16.757812,16.320312,16.25,16.234375,16.085938,16.0625,16.007812,16.046875,16.25,18.195312,18.617188,18.601562,18.882812,19.257812,19.570312,19.804688,19.921875
6437,2021-07-23 00:45:00,3522,16.296875,15.890625,15.84375,15.828125,15.6640625,15.6484375,15.59375,15.6171875,15.8515625,18.054688,18.617188,18.625,18.882812,19.25,19.5625,19.796875,19.914062
6438,2021-07-23 01:00:00,3534,15.6328125,14.9375,14.8359375,14.8828125,14.8515625,14.875,14.9609375,15.2109375,15.6640625,17.960938,18.59375,18.640625,18.898438,19.257812,19.570312,19.796875,19.914062
6439,2021-07-23 01:15:00,3528,15.3828125,15.0546875,15.0390625,15.03125,14.8671875,14.859375,14.8203125,14.9453125,15.3359375,17.867188,18.578125,18.664062,18.90625,19.257812,19.5625,19.796875,19.921875
6440,2021-07-23 01:30:00,3528,15.15625,14.9140625,14.875,14.828125,14.609375,14.6015625,14.578125,14.703125,15.109375,17.765625,18.5625,18.671875,18.914062,19.257812,19.5625,19.789062,19.921875
6441,2021-07-23 01:45:00,3528,14.8828125,14.515625,14.5078125,14.515625,14.3984375,14.375,14.390625,14.5859375,14.9765625,17.679688,18.539062,18.6875,18.929688,19.265625,19.5625,19.796875,19.921875
6442,2021-07-23 02:00:00,3522,14.515625,14.25,14.2578125,14.265625,14.109375,14.1171875,14.125,14.265625,14.703125,17.585938,18.515625,18.695312,18.929688,19.265625,19.570312,19.796875,19.929688
6443,2021-07-23 02:15:00,3528,14.078125,13.75,13.734375,13.765625,13.65625,13.703125,13.8125,14.0546875,14.546875,17.484375,18.492188,18.703125,18.945312,19.265625,19.5625,19.796875,19.929688
6444,2021-07-23 02:30:00,3528,13.5390625,13.109375,13.1171875,13.1953125,13.171875,13.265625,13.4453125,13.765625,14.296875,17.398438,18.460938,18.710938,18.953125,19.265625,19.5625,19.789062,19.929688
6445,2021-07-23 02:45:00,3528,13.0,12.640625,12.65625,12.7109375,12.6875,12.8359375,13.078125,13.453125,14.078125,17.296875,18.4375,18.726562,18.960938,19.265625,19.5625,19.789062,19.929688
6446,2021-07-23 03:00:00,3528,12.4296875,12.1484375,12.1953125,12.3203125,12.3828125,12.59375,12.9140625,13.265625,13.75,17.125,18.40625,18.726562,18.976562,19.273438,19.5625,19.789062,19.9375
6447,2021-07-23 03:15:00,3522,12.078125,11.953125,12.046875,12.1796875,12.2109375,12.390625,12.6328125,12.9140625,13.359375,16.976562,18.382812,18.734375,18.976562,19.28125,19.5625,19.796875,19.9375
6448,2021-07-23 03:30:00,3528,12.109375,12.203125,12.2890625,12.3515625,12.21875,12.3046875,12.4296875,12.7109375,13.25,16.953125,18.351562,18.734375,18.992188,19.289062,19.5625,19.796875,19.945312
6449,2021-07-23 03:45:00,3522,12.046875,12.0703125,12.1484375,12.2265625,12.1328125,12.203125,12.296875,12.5625,13.1171875,16.890625,18.320312,18.734375,19.0,19.289062,19.5625,19.796875,19.945312
6450,2021-07-23 04:00:00,3522,11.75,11.671875,11.78125,11.9140625,11.8828125,11.9765625,12.1015625,12.3828125,12.9609375,16.820312,18.289062,18.734375,19.0,19.296875,19.570312,19.789062,19.945312
6451,2021-07-23 04:15:00,3522,11.1328125,10.953125,11.0703125,11.2578125,11.296875,11.4375,11.6640625,12.078125,12.7578125,16.734375,18.257812,18.734375,19.007812,19.296875,19.578125,19.796875,19.953125
6452,2021-07-23 04:30:00,3522,10.8984375,10.890625,11.015625,11.140625,11.15625,11.2890625,11.4921875,11.90625,12.609375,16.679688,18.21875,18.734375,19.015625,19.304688,19.570312,19.804688,19.953125
6453,2021-07-23 04:45:00,3522,10.765625,10.796875,10.90625,11.046875,11.0390625,11.1640625,11.3046875,11.5859375,12.171875,16.539062,18.1875,18.734375,19.03125,19.304688,19.570312,19.796875,19.960938
6454,2021-07-23 05:00:00,3522,10.59375,10.578125,10.7109375,10.8515625,10.8515625,10.9765625,11.1640625,11.5078125,12.15625,16.445312,18.15625,18.726562,19.03125,19.3125,19.578125,19.804688,19.960938
6455,2021-07-23 05:15:00,3522,10.265625,10.203125,10.3515625,10.53125,10.59375,10.765625,11.0625,11.5078125,12.21875,16.40625,18.117188,18.71875,19.039062,19.3125,19.578125,19.804688,19.96875
6456,2021-07-23 05:30:00,3516,9.859375,9.71875,9.8671875,10.140625,10.3203125,10.5703125,10.9375,11.375,12.03125,16.328125,18.078125,18.71875,19.039062,19.320312,19.585938,19.8125,19.96875
6457,2021-07-23 05:45:00,3522,9.3984375,9.171875,9.296875,9.5234375,9.7265625,9.9921875,10.34375,10.7578125,11.46875,16.140625,18.046875,18.710938,19.046875,19.328125,19.585938,19.8125,19.96875
6458,2021-07-23 06:00:00,3522,9.1328125,9.046875,9.2109375,9.4765625,9.71875,10.0625,10.375,10.765625,11.375,16.046875,18.007812,18.703125,19.054688,19.328125,19.59375,19.8125,19.976562
6459,2021-07-23 06:15:00,3522,9.15625,9.3828125,9.5703125,9.84375,10.0234375,10.3203125,10.6328125,11.046875,11.7109375,16.0625,17.976562,18.6875,19.0625,19.335938,19.59375,19.820312,19.984375
6460,2021-07-23 06:30:00,3516,8.8359375,9.0078125,9.25,9.5546875,9.8046875,10.1015625,10.40625,10.875,11.546875,16.015625,17.9375,18.6875,19.0625,19.335938,19.59375,19.820312,19.984375
6461,2021-07-23 06:45:00,3516,8.7890625,9.1953125,9.4921875,9.84375,10.0703125,10.359375,10.609375,10.859375,11.2265625,15.8828125,17.898438,18.671875,19.0625,19.351562,19.601562,19.820312,19.992188
6462,2021-07-23 07:00:00,3522,8.796875,9.3125,9.6875,9.890625,9.8828125,9.9609375,10.015625,10.1796875,10.7265625,15.6953125,17.859375,18.664062,19.0625,19.359375,19.601562,19.828125,19.992188
6463,2021-07-23 07:15:00,3510,8.875,9.3515625,9.625,9.8359375,9.8984375,10.0859375,10.3359375,10.6328125,11.1875,15.6875,17.820312,18.648438,19.070312,19.359375,19.609375,19.828125,20.0
6464,2021-07-23 07:30:00,3510,8.890625,9.03125,9.078125,9.2578125,9.3984375,9.6796875,9.953125,10.34375,11.03125,15.59375,17.78125,18.640625,19.0625,19.359375,19.609375,19.835938,20.0
6465,2021-07-23 07:45:00,3510,8.90625,9.546875,9.671875,9.6484375,9.6484375,9.8515625,10.1015625,10.5234375,11.328125,15.671875,17.742188,18.625,19.070312,19.367188,19.609375,19.835938,20.007812
6466,2021-07-23 08:00:00,3510,8.875,9.1640625,9.3046875,9.453125,9.640625,9.9140625,10.265625,10.796875,11.6015625,15.7109375,17.703125,18.617188,19.070312,19.375,19.617188,19.835938,20.007812
6467,2021-07-23 08:15:00,3510,9.1875,10.0,10.28125,10.4453125,10.59375,10.8359375,11.078125,11.390625,11.9140625,15.71875,17.664062,18.601562,19.070312,19.367188,19.617188,19.84375,20.015625
6468,2021-07-23 08:30:00,3516,9.671875,10.1875,10.3828125,10.6171875,10.7734375,10.984375,11.234375,11.6015625,12.0625,15.7265625,17.625,18.585938,19.078125,19.375,19.625,19.851562,20.015625
6469,2021-07-23 08:45:00,3510,9.8046875,10.109375,10.25,10.4609375,10.5859375,10.8046875,11.0703125,11.3984375,11.9140625,15.6953125,17.59375,18.570312,19.0625,19.375,19.625,19.851562,20.03125
6470,2021-07-23 09:00:00,3510,9.7890625,10.203125,10.40625,10.6328125,10.78125,10.9921875,11.2109375,11.4296875,11.734375,15.640625,17.570312,18.546875,19.0625,19.382812,19.632812,19.859375,20.03125
6471,2021-07-23 09:15:00,3510,9.9453125,10.3828125,10.5859375,10.8046875,10.9453125,11.171875,11.421875,11.7109375,12.140625,15.703125,17.539062,18.539062,19.0625,19.390625,19.632812,19.859375,20.03125
6472,2021-07-23 09:30:00,3510,10.0625,10.3359375,10.5078125,10.7734375,10.9453125,11.203125,11.515625,11.8828125,12.4453125,15.7578125,17.515625,18.523438,19.0625,19.390625,19.640625,19.867188,20.03125
6473,2021-07-23 09:45:00,3504,9.5703125,9.4765625,9.6484375,9.9921875,10.1484375,10.3828125,10.5546875,10.90625,11.5390625,15.640625,17.492188,18.507812,19.054688,19.390625,19.640625,19.867188,20.046875
6474,2021-07-23 10:00:00,3504,9.3125,9.671875,9.90625,10.1328125,10.2890625,10.5546875,10.7421875,11.0,11.5078125,15.515625,17.46875,18.492188,19.054688,19.390625,19.648438,19.867188,20.039062
6475,2021-07-23 10:15:00,3510,9.7265625,10.4140625,10.6171875,10.78125,10.8671875,11.0390625,11.2265625,11.453125,11.859375,15.59375,17.453125,18.46875,19.046875,19.398438,19.648438,19.867188,20.046875
6476,2021-07-23 10:30:00,3510,9.984375,10.3359375,10.46875,10.703125,10.828125,10.984375,11.1484375,11.46875,11.921875,15.609375,17.421875,18.460938,19.046875,19.390625,19.648438,19.875,20.054688
6477,2021-07-23 10:45:00,3510,9.75,9.8359375,9.9765625,10.21875,10.375,10.59375,10.859375,11.2421875,11.859375,15.578125,17.398438,18.445312,19.039062,19.390625,19.65625,19.882812,20.046875
6478,2021-07-23 11:00:00,3510,9.6953125,9.953125,10.0859375,10.2734375,10.40625,10.6484375,10.890625,11.2578125,11.8359375,15.59375,17.382812,18.429688,19.03125,19.398438,19.65625,19.882812,20.046875
6479,2021-07-23 11:15:00,3498,10.28125,10.8984375,11.046875,11.171875,11.234375,11.3984375,11.5625,11.859375,12.3828125,15.625,17.359375,18.414062,19.03125,19.40625,19.664062,19.882812,20.054688
6480,2021-07-23 11:30:00,3510,10.4921875,10.9765625,11.15625,11.328125,11.4296875,11.6171875,11.8359375,12.1171875,12.5859375,15.6640625,17.34375,18.398438,19.023438,19.398438,19.664062,19.890625,20.054688
6481,2021-07-23 11:45:00,3510,10.453125,10.921875,11.2109375,11.421875,11.4453125,11.5859375,11.828125,12.1015625,12.4609375,15.65625,17.320312,18.382812,19.015625,19.390625,19.671875,19.882812,20.054688
6482,2021-07-23 12:00:00,3504,10.21875,10.4375,10.734375,11.03125,11.2421875,11.4921875,11.765625,12.1484375,12.7109375,15.703125,17.304688,18.367188,19.007812,19.398438,19.664062,19.890625,20.054688
6483,2021-07-23 12:15:00,3510,9.859375,10.46875,10.7890625,11.0859375,11.15625,11.390625,11.5390625,11.7265625,12.0234375,15.53125,17.296875,18.359375,19.0,19.390625,19.671875,19.890625,20.054688
6484,2021-07-23 12:30:00,3504,9.7890625,10.2734375,10.4609375,10.6328125,10.6796875,10.8515625,10.9765625,11.1640625,11.5625,15.375,17.28125,18.34375,18.992188,19.390625,19.671875,19.890625,20.0625
6485,2021-07-23 12:45:00,3510,10.0546875,10.5859375,10.7734375,10.953125,11.0546875,11.25,11.4296875,11.734375,12.171875,15.484375,17.265625,18.320312,18.984375,19.398438,19.671875,19.898438,20.0625
6486,2021-07-23 13:00:00,3504,10.3046875,10.8359375,10.96875,11.109375,11.1875,11.4375,11.671875,12.046875,12.578125,15.5703125,17.242188,18.304688,18.976562,19.390625,19.664062,19.898438,20.0625
6487,2021-07-23 13:15:00,3498,10.453125,10.9609375,11.0859375,11.1953125,11.28125,11.4375,11.578125,11.8046875,12.1953125,15.515625,17.226562,18.296875,18.96875,19.390625,19.671875,19.890625,20.0625
6488,2021-07-23 13:30:00,3498,10.5625,10.9609375,11.1015625,11.265625,11.3203125,11.4609375,11.6015625,11.796875,12.171875,15.5078125,17.21875,18.28125,18.960938,19.390625,19.671875,19.898438,20.054688
6489,2021-07-23 13:45:00,3510,10.625,10.875,11.0078125,11.140625,11.1953125,11.3984375,11.578125,11.8515625,12.359375,15.5234375,17.195312,18.265625,18.953125,19.382812,19.671875,19.898438,20.0625
6490,2021-07-23 14:00:00,3504,10.7578125,10.9609375,11.0625,11.234375,11.265625,11.390625,11.515625,11.75,12.1875,15.4921875,17.1875,18.257812,18.945312,19.382812,19.671875,19.898438,20.054688
6491,2021-07-23 14:15:00,3504,10.984375,11.296875,11.3984375,11.5,11.5390625,11.6953125,11.828125,12.0703125,12.5859375,15.53125,17.164062,18.242188,18.929688,19.375,19.671875,19.898438,20.054688
6492,2021-07-23 14:30:00,3510,15.234375,16.773438,15.90625,15.140625,14.5,14.140625,13.8359375,13.6953125,13.75,15.703125,17.15625,18.226562,18.929688,19.375,19.671875,19.898438,20.054688
6493,2021-07-23 14:45:00,3510,17.90625,17.726562,17.210938,16.773438,16.054688,15.8203125,15.484375,15.203125,15.03125,15.953125,17.140625,18.210938,18.921875,19.367188,19.671875,19.90625,20.054688
6494,2021-07-23 15:00:00,3504,19.265625,19.34375,18.8125,17.828125,16.882812,16.585938,16.078125,15.609375,15.4296875,16.148438,17.140625,18.195312,18.90625,19.367188,19.664062,19.890625,20.046875
6495,2021-07-23 15:15:00,3504,19.601562,19.679688,19.289062,18.570312,17.757812,17.320312,16.734375,16.257812,15.921875,16.3125,17.132812,18.179688,18.90625,19.359375,19.664062,19.898438,20.046875
6496,2021-07-23 15:30:00,3504,19.523438,18.796875,18.890625,18.59375,18.09375,17.703125,17.304688,16.960938,16.53125,16.484375,17.140625,18.171875,18.890625,19.359375,19.664062,19.890625,20.046875
6497,2021-07-23 15:45:00,3504,20.695312,18.554688,18.789062,18.929688,18.773438,18.414062,18.03125,17.632812,17.164062,16.6875,17.15625,18.15625,18.890625,19.359375,19.65625,19.898438,20.046875
6498,2021-07-23 16:00:00,3510,22.03125,19.6875,19.679688,19.429688,19.273438,19.046875,18.75,18.414062,17.914062,16.867188,17.179688,18.15625,18.882812,19.351562,19.664062,19.890625,20.039062
6499,2021-07-23 16:15:00,3504,22.742188,20.429688,21.289062,20.789062,20.421875,19.96875,19.546875,19.140625,18.546875,17.078125,17.203125,18.140625,18.867188,19.351562,19.664062,19.890625,20.046875
6500,2021-07-23 16:30:00,3510,23.601562,21.84375,22.515625,22.101562,21.054688,20.601562,20.023438,19.492188,18.859375,17.25,17.234375,18.140625,18.859375,19.34375,19.65625,19.890625,20.039062
6501,2021-07-23 16:45:00,3510,25.148438,23.179688,23.742188,23.601562,22.140625,21.601562,21.070312,20.476562,19.695312,17.476562,17.265625,18.132812,18.851562,19.335938,19.65625,19.890625,20.039062
6502,2021-07-23 17:00:00,3510,26.5,24.882812,24.460938,24.414062,23.25,22.671875,22.078125,21.335938,20.4375,17.710938,17.304688,18.125,18.84375,19.335938,19.65625,19.890625,20.03125
6503,2021-07-23 17:15:00,3510,27.351562,25.148438,24.632812,24.210938,23.507812,23.0625,22.523438,21.914062,21.078125,17.960938,17.34375,18.125,18.828125,19.328125,19.648438,19.882812,20.023438
6504,2021-07-23 17:30:00,3516,27.617188,24.5,23.992188,24.460938,23.460938,23.007812,22.804688,22.453125,21.757812,18.15625,17.398438,18.117188,18.828125,19.320312,19.648438,19.882812,20.023438
6505,2021-07-23 17:45:00,3516,27.796875,24.679688,24.648438,25.671875,23.710938,23.296875,23.09375,22.929688,22.1875,18.375,17.453125,18.117188,18.828125,19.320312,19.640625,19.882812,20.015625
6506,2021-07-23 18:00:00,3522,28.078125,25.648438,25.125,25.320312,23.867188,23.507812,23.289062,23.117188,22.648438,18.585938,17.5,18.125,18.8125,19.3125,19.640625,19.875,20.015625
6507,2021-07-23 18:15:00,3522,28.414062,25.585938,24.476562,24.398438,23.796875,23.515625,23.265625,23.09375,22.640625,18.734375,17.5625,18.132812,18.804688,19.304688,19.640625,19.867188,20.007812
6508,2021-07-23 18:30:00,3522,28.664062,25.75,24.320312,24.101562,23.851562,23.796875,23.492188,23.382812,22.96875,18.90625,17.617188,18.140625,18.804688,19.304688,19.632812,19.867188,20.0
6509,2021-07-23 18:45:00,3522,28.234375,25.671875,23.78125,23.5625,23.414062,23.28125,23.148438,23.15625,22.9375,19.015625,17.6875,18.148438,18.804688,19.296875,19.632812,19.867188,20.0
6510,2021-07-23 19:00:00,3522,27.914062,25.664062,23.484375,23.257812,23.109375,23.007812,22.953125,23.046875,22.835938,19.09375,17.757812,18.164062,18.796875,19.28125,19.625,19.867188,20.0
6511,2021-07-23 19:15:00,3522,28.210938,26.804688,24.375,23.984375,23.898438,23.796875,23.757812,23.710938,23.359375,19.234375,17.8125,18.171875,18.789062,19.28125,19.625,19.859375,19.992188
6512,2021-07-23 19:30:00,3528,28.109375,25.726562,24.21875,23.703125,23.671875,23.59375,23.703125,23.679688,23.476562,19.390625,17.875,18.179688,18.789062,19.28125,19.617188,19.859375,19.984375
6513,2021-07-23 19:45:00,3528,27.867188,24.710938,24.757812,23.539062,23.445312,23.507812,23.40625,23.578125,23.398438,19.5,17.9375,18.203125,18.78125,19.28125,19.617188,19.851562,19.984375
6514,2021-07-23 20:00:00,3528,27.960938,25.96875,24.757812,23.84375,23.6875,23.796875,23.601562,23.726562,23.53125,19.554688,18.007812,18.21875,18.78125,19.265625,19.609375,19.84375,19.976562
6515,2021-07-23 20:15:00,3522,28.273438,26.554688,24.914062,24.4375,24.164062,24.359375,24.257812,24.34375,24.070312,19.695312,18.070312,18.234375,18.773438,19.265625,19.609375,19.84375,19.976562
6516,2021-07-23 19:00:00,3522,27.914062,25.664062,23.484375,23.257812,23.109375,23.007812,22.953125,23.046875,22.835938,19.09375,17.757812,18.164062,18.796875,19.28125,19.625,19.867188,20.0
6517,2021-07-23 19:15:00,3522,28.210938,26.804688,24.375,23.984375,23.898438,23.796875,23.757812,23.710938,23.359375,19.234375,17.8125,18.171875,18.789062,19.28125,19.625,19.859375,19.992188
6518,2021-07-23 19:30:00,3528,28.109375,25.726562,24.21875,23.703125,23.671875,23.59375,23.703125,23.679688,23.476562,19.390625,17.875,18.179688,18.789062,19.28125,19.617188,19.859375,19.984375
6519,2021-07-23 19:45:00,3528,27.867188,24.710938,24.757812,23.539062,23.445312,23.507812,23.40625,23.578125,23.398438,19.5,17.9375,18.203125,18.78125,19.28125,19.617188,19.851562,19.984375
6520,2021-07-23 20:00:00,3528,27.960938,25.96875,24.757812,23.84375,23.6875,23.796875,23.601562,23.726562,23.53125,19.554688,18.007812,18.21875,18.78125,19.265625,19.609375,19.84375,19.976562
6521,2021-07-23 20:15:00,3522,28.273438,26.554688,24.914062,24.4375,24.164062,24.359375,24.257812,24.34375,24.070312,19.695312,18.070312,18.234375,18.773438,19.265625,19.609375,19.84375,19.976562
6522,2021-07-23 20:30:00,3528,28.039062,26.460938,24.804688,24.554688,24.03125,23.945312,23.867188,23.8125,23.59375,19.679688,18.125,18.257812,18.78125,19.257812,19.601562,19.84375,19.96875
6523,2021-07-23 20:45:00,3540,28.015625,25.148438,24.289062,23.929688,23.773438,23.648438,23.9375,23.867188,23.765625,19.757812,18.1875,18.28125,18.773438,19.257812,19.59375,19.835938,19.960938
6524,2021-07-23 21:00:00,3528,27.765625,25.171875,23.953125,23.921875,23.773438,23.585938,23.914062,23.625,23.539062,19.820312,18.242188,18.304688,18.773438,19.25,19.59375,19.828125,19.960938
6525,2021-07-23 21:15:00,3540,26.929688,23.492188,22.601562,22.859375,22.921875,23.03125,23.625,23.484375,23.65625,19.914062,18.296875,18.320312,18.78125,19.242188,19.585938,19.820312,19.953125
6526,2021-07-23 21:30:00,3522,27.015625,23.914062,23.328125,23.515625,23.539062,23.804688,24.007812,24.046875,24.03125,19.992188,18.351562,18.34375,18.78125,19.242188,19.585938,19.820312,19.953125
6527,2021-07-23 21:45:00,3534,26.484375,23.34375,23.046875,22.789062,22.921875,23.257812,23.25,23.460938,23.492188,19.976562,18.40625,18.375,18.789062,19.242188,19.578125,19.820312,19.953125
6528,2021-07-23 22:00:00,3534,25.617188,22.78125,22.3125,21.929688,22.0625,22.351562,22.3125,22.460938,22.546875,19.914062,18.460938,18.390625,18.789062,19.234375,19.578125,19.8125,19.953125
6529,2021-07-23 22:15:00,3540,24.890625,22.648438,21.835938,21.789062,22.125,22.585938,22.648438,22.789062,22.921875,19.984375,18.507812,18.414062,18.796875,19.226562,19.570312,19.8125,19.945312
6530,2021-07-23 22:30:00,3540,23.960938,21.53125,20.890625,20.945312,21.15625,21.492188,21.453125,21.585938,21.828125,19.867188,18.5625,18.4375,18.796875,19.21875,19.570312,19.804688,19.9375
6531,2021-07-23 22:45:00,3528,23.1875,20.976562,20.570312,20.484375,20.703125,20.984375,20.867188,20.945312,21.140625,19.664062,18.601562,18.46875,18.804688,19.226562,19.570312,19.796875,19.9375
6532,2021-07-23 23:00:00,3540,22.820312,21.226562,21.09375,20.953125,21.320312,21.578125,21.492188,21.53125,21.578125,19.65625,18.640625,18.492188,18.8125,19.226562,19.5625,19.804688,19.9375
6533,2021-07-23 23:15:00,3540,22.203125,20.671875,20.421875,20.390625,20.734375,20.945312,20.984375,21.09375,21.21875,19.578125,18.679688,18.515625,18.8125,19.21875,19.554688,19.796875,19.9375
6534,2021-07-23 23:30:00,3528,20.210938,18.195312,17.976562,18.085938,18.3125,18.445312,18.609375,19.03125,19.492188,19.375,18.703125,18.539062,18.820312,19.21875,19.554688,19.796875,19.9375
6535,2021-07-23 23:45:00,3534,18.671875,17.390625,17.242188,17.203125,17.148438,17.15625,17.179688,17.375,17.789062,19.007812,18.726562,18.570312,18.835938,19.21875,19.546875,19.789062,19.9375
6536,2021-07-24 00:00:00,3528,17.75,16.757812,16.664062,16.648438,16.625,16.632812,16.648438,16.804688,17.148438,18.757812,18.75,18.59375,18.835938,19.21875,19.546875,19.789062,19.9375
6537,2021-07-24 00:15:00,3540,17.09375,16.328125,16.257812,16.210938,16.15625,16.15625,16.171875,16.335938,16.6875,18.570312,18.75,18.609375,18.84375,19.21875,19.554688,19.789062,19.929688
6538,2021-07-24 00:30:00,3540,16.773438,16.234375,16.148438,16.078125,15.9296875,15.890625,15.8828125,16.023438,16.40625,18.4375,18.757812,18.640625,18.859375,19.21875,19.539062,19.78125,19.929688
6539,2021-07-24 00:45:00,3528,16.726562,16.195312,16.09375,15.9609375,15.8203125,15.78125,15.7734375,15.859375,16.15625,18.3125,18.742188,18.65625,18.867188,19.21875,19.546875,19.78125,19.929688
6540,2021-07-24 01:00:00,3528,16.679688,16.195312,16.140625,16.085938,15.9921875,15.9296875,15.890625,15.9609375,16.179688,18.203125,18.71875,18.679688,18.875,19.21875,19.539062,19.789062,19.9375
6541,2021-07-24 01:15:00,3534,16.203125,15.6796875,15.609375,15.546875,15.453125,15.453125,15.421875,15.53125,15.8359375,18.101562,18.703125,18.695312,18.890625,19.21875,19.539062,19.78125,19.9375
6542,2021-07-24 01:30:00,3534,15.6328125,15.03125,14.953125,14.8984375,14.8515625,14.8828125,14.953125,15.2109375,15.6640625,18.023438,18.6875,18.71875,18.898438,19.226562,19.53125,19.773438,19.9375
6543,2021-07-24 01:45:00,3534,15.1171875,14.4296875,14.390625,14.5078125,14.5859375,14.6328125,14.7265625,14.953125,15.359375,17.914062,18.664062,18.726562,18.914062,19.226562,19.53125,19.78125,19.9375
6544,2021-07-24 02:00:00,3528,14.9140625,14.59375,14.59375,14.5390625,14.4453125,14.4609375,14.5234375,14.7265625,15.1953125,17.835938,18.640625,18.742188,18.921875,19.234375,19.53125,19.78125,19.9375
6545,2021-07-24 02:15:00,3528,14.515625,14.09375,14.0859375,14.0703125,14.03125,14.078125,14.1875,14.453125,14.953125,17.75,18.617188,18.75,18.9375,19.234375,19.53125,19.78125,19.9375
6546,2021-07-24 02:30:00,3528,14.2421875,13.9140625,13.9296875,13.8828125,13.7890625,13.84375,13.921875,14.1171875,14.59375,17.632812,18.59375,18.765625,18.945312,19.242188,19.53125,19.78125,19.9375
6547,2021-07-24 02:45:00,3534,13.7734375,13.328125,13.3515625,13.40625,13.4375,13.5234375,13.6796875,13.9765625,14.5,17.523438,18.570312,18.773438,18.960938,19.242188,19.53125,19.78125,19.945312
6548,2021-07-24 03:00:00,3534,13.25,12.765625,12.7890625,12.90625,13.0078125,13.125,13.34375,13.7421875,14.359375,17.429688,18.539062,18.773438,18.96875,19.242188,19.539062,19.78125,19.953125
6549,2021-07-24 03:15:00,3528,12.5859375,12.2109375,12.328125,12.5234375,12.671875,12.796875,12.984375,13.296875,13.8984375,17.28125,18.515625,18.78125,18.976562,19.25,19.539062,19.78125,19.953125
6550,2021-07-24 03:30:00,3528,12.0234375,11.734375,11.8671875,12.0859375,12.28125,12.3828125,12.4921875,12.7265625,13.296875,17.078125,18.484375,18.789062,18.984375,19.257812,19.539062,19.789062,19.953125
6551,2021-07-24 03:45:00,3528,11.65625,11.3046875,11.40625,11.5,11.6484375,11.8046875,11.9296875,12.2265625,12.9453125,16.921875,18.453125,18.796875,19.0,19.265625,19.539062,19.789062,19.960938
6552,2021-07-24 04:00:00,3528,11.3046875,11.015625,11.1328125,11.2734375,11.421875,11.578125,11.734375,12.046875,12.7890625,16.8125,18.421875,18.796875,19.007812,19.265625,19.546875,19.789062,19.960938
6553,2021-07-24 04:15:00,3534,11.1328125,10.953125,11.0390625,11.15625,11.3203125,11.5234375,11.6953125,12.015625,12.6484375,16.742188,18.390625,18.789062,19.015625,19.28125,19.546875,19.789062,19.960938
6554,2021-07-24 04:30:00,3534,11.1640625,11.3203125,11.46875,11.390625,11.4609375,11.6953125,11.8671875,12.0859375,12.671875,16.703125,18.351562,18.796875,19.023438,19.28125,19.546875,19.789062,19.96875
6555,2021-07-24 04:45:00,3534,11.3828125,11.625,11.796875,11.875,12.0703125,12.390625,12.6171875,12.84375,13.421875,16.78125,18.3125,18.796875,19.03125,19.289062,19.546875,19.796875,19.976562
6556,2021-07-24 05:00:00,3528,11.4140625,11.671875,11.921875,12.1484375,12.5,12.953125,13.3203125,13.484375,13.859375,16.773438,18.273438,18.789062,19.039062,19.296875,19.554688,19.804688,19.984375
6557,2021-07-24 05:15:00,3522,11.8046875,12.078125,12.2421875,12.375,12.578125,12.828125,13.0,13.28125,13.671875,16.734375,18.234375,18.789062,19.046875,19.296875,19.5625,19.804688,19.984375
6558,2021-07-24 05:30:00,3528,11.7109375,11.8203125,11.953125,11.96875,12.1171875,12.3515625,12.53125,12.78125,13.2578125,16.625,18.195312,18.773438,19.054688,19.304688,19.5625,19.804688,19.984375
6559,2021-07-24 05:45:00,3528,11.8203125,11.9609375,12.078125,12.015625,12.1640625,12.4609375,12.6484375,12.7265625,12.984375,16.484375,18.164062,18.765625,19.0625,19.3125,19.570312,19.804688,19.992188
6560,2021-07-24 06:00:00,3522,11.484375,11.4296875,11.53125,11.6640625,11.859375,12.0625,12.3359375,12.5390625,12.921875,16.445312,18.132812,18.765625,19.070312,19.320312,19.578125,19.8125,20.0
6561,2021-07-24 06:15:00,3528,10.828125,10.5625,10.6328125,10.8984375,11.1171875,11.359375,11.6328125,12.0390625,12.640625,16.398438,18.109375,18.75,19.070312,19.328125,19.578125,19.820312,20.0
6562,2021-07-24 06:30:00,3528,10.3359375,10.2734375,10.4765625,10.8203125,11.2109375,11.4453125,11.59375,11.7109375,12.0625,16.1875,18.078125,18.75,19.085938,19.328125,19.585938,19.820312,20.007812
6563,2021-07-24 06:45:00,3522,10.484375,10.6875,10.8046875,10.875,10.953125,11.0625,11.1328125,11.2578125,11.671875,16.0625,18.039062,18.734375,19.078125,19.335938,19.585938,19.820312,20.007812
6564,2021-07-24 07:00:00,3522,11.109375,11.59375,11.7265625,11.7265625,11.71875,11.8828125,11.9609375,12.078125,12.5234375,16.179688,18.007812,18.726562,19.09375,19.34375,19.59375,19.820312,20.015625
6565,2021-07-24 07:15:00,3522,10.7265625,10.6640625,10.734375,10.921875,11.1328125,11.34375,11.546875,11.8515625,12.375,16.164062,17.976562,18.71875,19.085938,19.351562,19.601562,19.835938,20.023438
6566,2021-07-24 07:30:00,3522,10.2578125,10.1171875,10.1953125,10.4140625,10.6328125,10.8671875,11.1640625,11.546875,12.1875,16.164062,17.9375,18.710938,19.09375,19.359375,19.601562,19.84375,20.023438
6567,2021-07-24 07:45:00,3528,9.8046875,9.75,9.9765625,10.3515625,10.71875,11.0625,11.4453125,11.78125,12.2734375,16.03125,17.90625,18.703125,19.09375,19.367188,19.601562,19.84375,20.03125
6568,2021-07-24 08:00:00,3516,9.5546875,9.5234375,9.6875,9.984375,10.28125,10.640625,11.109375,11.6875,12.3046875,16.039062,17.875,18.6875,19.09375,19.367188,19.609375,19.851562,20.039062
6569,2021-07-24 08:15:00,3522,9.328125,9.4296875,9.609375,9.8359375,10.0390625,10.296875,10.5859375,11.0546875,11.734375,15.8984375,17.851562,18.679688,19.101562,19.375,19.617188,19.851562,20.039062
6570,2021-07-24 08:30:00,3522,9.2109375,9.2578125,9.3828125,9.625,9.8984375,10.2265625,10.640625,11.15625,11.890625,15.8046875,17.820312,18.664062,19.09375,19.375,19.625,19.859375,20.046875
6571,2021-07-24 08:45:00,3528,9.234375,9.3046875,9.4140625,9.5546875,9.7109375,9.9453125,10.328125,10.71875,11.3515625,15.734375,17.789062,18.65625,19.101562,19.382812,19.625,19.859375,20.046875
6572,2021-07-24 09:00:00,3522,9.125,9.1015625,9.171875,9.359375,9.5390625,9.765625,10.046875,10.5546875,11.3671875,15.7421875,17.75,18.640625,19.09375,19.390625,19.632812,19.867188,20.054688
6573,2021-07-24 09:15:00,3516,9.1640625,9.265625,9.3359375,9.4296875,9.515625,9.6953125,9.921875,10.34375,10.9765625,15.5625,17.726562,18.632812,19.09375,19.398438,19.632812,19.875,20.054688
6574,2021-07-24 09:30:00,3522,9.1328125,9.28125,9.28125,9.3515625,9.390625,9.5234375,9.6875,9.9921875,10.5234375,15.4140625,17.6875,18.617188,19.101562,19.398438,19.640625,19.875,20.0625
6575,2021-07-24 09:45:00,3522,9.0859375,9.34375,9.625,9.78125,9.734375,9.7578125,9.8203125,10.078125,10.59375,15.3671875,17.648438,18.601562,19.09375,19.398438,19.648438,19.875,20.070312
6576,2021-07-24 10:00:00,3522,9.1875,9.40625,9.4375,9.5703125,9.6328125,9.765625,9.96875,10.2421875,10.7109375,15.3125,17.609375,18.585938,19.09375,19.40625,19.648438,19.882812,20.070312
6577,2021-07-24 10:15:00,3516,9.375,9.5390625,9.65625,9.8515625,9.9765625,10.15625,10.359375,10.703125,11.2890625,15.4765625,17.570312,18.570312,19.085938,19.40625,19.65625,19.890625,20.070312
6578,2021-07-24 10:30:00,3516,9.21875,9.171875,9.140625,9.2734375,9.3671875,9.515625,9.7421875,10.125,10.7578125,15.359375,17.539062,18.554688,19.085938,19.414062,19.65625,19.898438,20.085938
6579,2021-07-24 10:45:00,3516,9.25,9.40625,9.546875,9.65625,9.7578125,9.9609375,10.1640625,10.4609375,11.046875,15.3984375,17.507812,18.539062,19.085938,19.414062,19.664062,19.898438,20.078125
6580,2021-07-24 11:00:00,3516,9.765625,10.2890625,10.484375,10.6015625,10.7578125,10.96875,11.15625,11.421875,11.8984375,15.5078125,17.46875,18.523438,19.078125,19.421875,19.671875,19.898438,20.085938
6581,2021-07-24 11:15:00,3516,9.9375,10.2265625,10.3515625,10.5234375,10.6875,10.8984375,11.1484375,11.4765625,12.0078125,15.578125,17.4375,18.515625,19.078125,19.429688,19.671875,19.90625,20.09375
6582,2021-07-24 11:30:00,3522,10.1796875,10.484375,10.6015625,10.7734375,10.9140625,11.09375,11.2890625,11.5625,12.0078125,15.5546875,17.414062,18.492188,19.070312,19.421875,19.671875,19.90625,20.09375
6583,2021-07-24 11:45:00,3516,10.109375,10.1953125,10.2890625,10.421875,10.5390625,10.7421875,11.0078125,11.3984375,12.0625,15.5859375,17.390625,18.46875,19.0625,19.421875,19.679688,19.914062,20.09375
6584,2021-07-24 12:00:00,3522,10.296875,10.609375,10.7734375,10.8671875,10.9453125,11.1171875,11.3125,11.625,12.2109375,15.609375,17.367188,18.453125,19.0625,19.421875,19.679688,19.914062,20.101562
6585,2021-07-24 12:15:00,3516,10.3828125,10.40625,10.53125,10.75,10.9375,11.1328125,11.3984375,11.7734375,12.34375,15.6328125,17.34375,18.445312,19.046875,19.421875,19.6875,19.921875,20.101562
6586,2021-07-24 12:30:00,3516,10.0390625,9.7734375,9.84375,10.125,10.328125,10.578125,10.875,11.2421875,11.828125,15.5703125,17.328125,18.421875,19.046875,19.429688,19.6875,19.921875,20.101562
6587,2021-07-24 12:45:00,3516,9.7265625,9.671875,9.8046875,10.0234375,10.203125,10.4609375,10.7734375,11.1953125,11.8515625,15.53125,17.320312,18.40625,19.039062,19.421875,19.6875,19.921875,20.101562
6588,2021-07-24 13:00:00,3510,9.6640625,9.828125,9.984375,10.15625,10.296875,10.4921875,10.6640625,10.9609375,11.484375,15.484375,17.296875,18.390625,19.03125,19.429688,19.6875,19.921875,20.101562
6589,2021-07-24 13:15:00,3516,9.5,9.6328125,9.90625,10.265625,10.5546875,10.8203125,11.0546875,11.3515625,11.6796875,15.328125,17.289062,18.375,19.023438,19.421875,19.6875,19.929688,20.109375
6590,2021-07-24 13:30:00,3510,9.3671875,9.3828125,9.46875,9.703125,9.859375,10.0625,10.3125,10.734375,11.4296875,15.390625,17.265625,18.359375,19.015625,19.421875,19.695312,19.9375,20.109375
6591,2021-07-24 13:45:00,3504,9.2890625,9.3671875,9.46875,9.65625,9.8359375,10.1640625,10.609375,11.0625,11.65625,15.2890625,17.25,18.335938,19.007812,19.421875,19.695312,19.9375,20.101562
6592,2021-07-24 14:00:00,3510,9.3203125,9.6640625,10.140625,10.4140625,10.359375,10.28125,10.3046875,10.71875,11.3828125,15.2265625,17.21875,18.328125,19.0,19.421875,19.695312,19.9375,20.109375
6593,2021-07-24 14:15:00,3504,9.7109375,10.046875,10.125,10.2578125,10.3046875,10.390625,10.5078125,10.828125,11.4296875,15.2578125,17.203125,18.304688,18.992188,19.421875,19.703125,19.9375,20.109375
6594,2021-07-24 14:30:00,3516,10.9140625,11.3125,11.265625,11.3359375,11.3984375,11.4609375,11.53125,11.765625,12.2421875,15.4375,17.179688,18.296875,18.984375,19.414062,19.703125,19.9375,20.109375
6595,2021-07-24 14:45:00,3510,11.8515625,12.0859375,12.0,12.0625,12.078125,12.140625,12.1953125,12.359375,12.71875,15.546875,17.164062,18.28125,18.976562,19.414062,19.703125,19.9375,20.109375
6596,2021-07-24 15:00:00,3516,13.296875,13.546875,13.1953125,13.234375,13.078125,13.0625,13.0859375,13.171875,13.4296875,15.671875,17.140625,18.265625,18.96875,19.40625,19.703125,19.9375,20.109375
6597,2021-07-24 15:15:00,3510,14.078125,14.1171875,13.75,13.6796875,13.5625,13.5625,13.5703125,13.609375,13.828125,15.796875,17.125,18.25,18.960938,19.40625,19.703125,19.945312,20.109375
6598,2021-07-24 15:30:00,3504,14.4453125,14.2421875,13.9375,13.8671875,13.765625,13.8203125,13.8359375,13.9375,14.140625,15.8671875,17.109375,18.234375,18.945312,19.398438,19.703125,19.945312,20.109375
6599,2021-07-24 15:45:00,3510,16.4375,16.007812,15.703125,15.609375,15.3828125,15.265625,15.125,15.015625,15.0390625,16.0625,17.109375,18.226562,18.9375,19.398438,19.703125,19.945312,20.101562
6600,2021-07-24 16:00:00,3510,18.695312,17.710938,16.898438,16.726562,16.5,16.335938,16.09375,15.8671875,15.7109375,16.25,17.117188,18.210938,18.929688,19.390625,19.703125,19.945312,20.101562
6601,2021-07-24 16:15:00,3510,19.9375,18.296875,18.039062,18.039062,17.796875,17.507812,17.242188,16.976562,16.648438,16.484375,17.125,18.1875,18.929688,19.390625,19.703125,19.945312,20.101562
6602,2021-07-24 16:30:00,3504,20.851562,18.960938,18.742188,18.796875,18.523438,18.125,17.8125,17.570312,17.1875,16.671875,17.132812,18.171875,18.914062,19.390625,19.703125,19.9375,20.09375
6603,2021-07-24 16:45:00,3510,21.875,19.734375,20.242188,20.125,19.09375,18.828125,18.53125,18.21875,17.820312,16.835938,17.15625,18.164062,18.90625,19.382812,19.695312,19.9375,20.09375
6604,2021-07-24 17:00:00,3510,23.109375,20.429688,20.453125,20.148438,19.742188,19.453125,19.070312,18.835938,18.382812,17.03125,17.179688,18.15625,18.898438,19.382812,19.703125,19.945312,20.09375
6605,2021-07-24 17:15:00,3510,23.539062,20.867188,20.34375,20.539062,20.085938,19.953125,19.773438,19.5625,19.195312,17.25,17.21875,18.148438,18.882812,19.375,19.695312,19.9375,20.085938
6606,2021-07-24 17:30:00,3510,24.671875,22.742188,21.96875,22.3125,21.726562,21.007812,20.773438,20.382812,19.84375,17.460938,17.25,18.140625,18.882812,19.367188,19.695312,19.945312,20.078125
6607,2021-07-24 17:45:00,3504,25.601562,22.515625,21.703125,22.492188,21.757812,21.125,20.929688,20.867188,20.460938,17.6875,17.289062,18.132812,18.875,19.367188,19.6875,19.9375,20.078125
6608,2021-07-24 18:00:00,3510,26.4375,23.984375,22.898438,23.179688,22.648438,22.179688,21.976562,21.757812,21.289062,17.992188,17.328125,18.140625,18.867188,19.367188,19.695312,19.929688,20.078125
6609,2021-07-24 18:15:00,3510,27.015625,24.53125,23.03125,23.09375,22.851562,22.609375,22.46875,22.289062,21.859375,18.1875,17.382812,18.132812,18.859375,19.359375,19.6875,19.9375,20.070312
6610,2021-07-24 18:30:00,3522,27.125,23.648438,22.367188,22.351562,22.3125,22.367188,22.148438,22.148438,21.914062,18.367188,17.4375,18.140625,18.851562,19.351562,19.679688,19.9375,20.070312
6611,2021-07-24 18:45:00,3516,27.21875,23.84375,22.539062,22.5625,22.296875,22.273438,22.203125,22.195312,22.03125,18.492188,17.484375,18.140625,18.84375,19.351562,19.679688,19.929688,20.0625
6612,2021-07-24 19:00:00,3522,27.359375,23.828125,22.3125,22.367188,22.195312,22.195312,22.210938,22.359375,22.203125,18.625,17.546875,18.148438,18.84375,19.34375,19.6875,19.929688,20.054688
6613,2021-07-24 19:15:00,3522,27.828125,25.585938,23.617188,23.359375,23.132812,23.117188,23.328125,23.039062,22.71875,18.796875,17.609375,18.15625,18.828125,19.335938,19.679688,19.929688,20.054688
6614,2021-07-24 19:30:00,3522,27.882812,25.210938,22.945312,22.835938,22.859375,22.945312,22.945312,23.007812,22.9375,18.96875,17.671875,18.164062,18.820312,19.328125,19.679688,19.921875,20.046875
6615,2021-07-24 19:45:00,3528,28.359375,25.367188,23.75,23.734375,23.734375,23.742188,23.632812,23.570312,23.34375,19.109375,17.734375,18.171875,18.820312,19.328125,19.679688,19.921875,20.039062
6616,2021-07-24 20:00:00,3516,28.507812,25.3125,23.601562,23.640625,23.742188,23.734375,23.632812,23.648438,23.453125,19.25,17.796875,18.1875,18.8125,19.320312,19.671875,19.914062,20.039062
6617,2021-07-24 20:15:00,3528,28.9375,25.453125,24.117188,24.335938,24.328125,24.234375,24.1875,24.257812,23.898438,19.390625,17.859375,18.203125,18.804688,19.320312,19.664062,19.914062,20.039062
6618,2021-07-24 20:30:00,3528,28.351562,24.828125,23.304688,23.632812,23.679688,23.585938,23.773438,23.757812,23.664062,19.484375,17.921875,18.210938,18.8125,19.3125,19.664062,19.914062,20.03125
6619,2021-07-24 20:45:00,3522,28.085938,24.820312,23.890625,24.210938,23.921875,23.757812,24.007812,23.757812,23.601562,19.5,17.992188,18.234375,18.8125,19.3125,19.664062,19.90625,20.023438
6620,2021-07-24 21:00:00,3528,27.554688,24.65625,23.375,23.65625,23.523438,23.703125,23.984375,23.9375,23.851562,19.625,18.046875,18.25,18.804688,19.304688,19.65625,19.90625,20.015625
6621,2021-07-24 21:15:00,3528,27.179688,24.40625,23.382812,23.304688,23.226562,23.171875,23.257812,23.304688,23.179688,19.578125,18.109375,18.265625,18.804688,19.296875,19.648438,19.898438,20.015625
6622,2021-07-24 21:30:00,3534,26.617188,23.40625,22.695312,22.851562,22.757812,22.992188,23.148438,23.203125,23.21875,19.671875,18.171875,18.289062,18.804688,19.289062,19.640625,19.898438,20.007812
6623,2021-07-24 21:45:00,3528,26.390625,23.523438,23.023438,22.796875,23.0,23.335938,23.492188,23.515625,23.460938,19.726562,18.234375,18.3125,18.804688,19.289062,19.640625,19.890625,20.0
6624,2021-07-24 22:00:00,3528,26.09375,22.914062,22.46875,22.367188,22.671875,23.023438,23.257812,23.351562,23.4375,19.867188,18.289062,18.328125,18.804688,19.28125,19.640625,19.882812,20.0
6625,2021-07-24 22:15:00,3528,25.46875,22.585938,22.023438,21.984375,22.195312,22.601562,22.5625,22.578125,22.625,19.757812,18.351562,18.351562,18.8125,19.28125,19.632812,19.882812,19.992188
6626,2021-07-24 22:30:00,3528,25.195312,22.578125,22.429688,22.210938,22.492188,23.015625,22.804688,22.742188,22.695312,19.765625,18.398438,18.375,18.8125,19.28125,19.632812,19.875,19.992188
6627,2021-07-24 22:45:00,3540,24.226562,21.648438,21.53125,21.359375,21.75,22.140625,22.109375,22.210938,22.320312,19.71875,18.453125,18.40625,18.820312,19.265625,19.632812,19.875,19.992188
6628,2021-07-24 23:00:00,3540,23.226562,21.296875,21.15625,21.101562,21.570312,21.882812,21.914062,22.046875,22.164062,19.71875,18.492188,18.421875,18.820312,19.265625,19.617188,19.875,19.984375
6629,2021-07-24 23:15:00,3534,22.546875,21.25,20.96875,20.976562,21.59375,21.742188,21.78125,21.882812,21.953125,19.6875,18.53125,18.445312,18.820312,19.265625,19.625,19.875,19.976562
6630,2021-07-24 23:30:00,3528,21.195312,19.65625,19.453125,19.421875,19.476562,19.554688,19.648438,19.914062,20.226562,19.476562,18.578125,18.476562,18.828125,19.265625,19.617188,19.859375,19.96875
6631,2021-07-24 23:45:00,3534,19.789062,18.554688,18.382812,18.257812,18.148438,18.132812,18.179688,18.429688,18.828125,19.179688,18.609375,18.5,18.835938,19.265625,19.609375,19.859375,19.96875
6632,2021-07-25 00:00:00,3528,19.132812,18.515625,18.460938,18.304688,18.125,18.070312,17.992188,18.0,18.171875,18.953125,18.640625,18.523438,18.84375,19.257812,19.609375,19.859375,19.960938
6633,2021-07-25 00:15:00,3528,18.53125,17.867188,17.789062,17.671875,17.546875,17.507812,17.460938,17.546875,17.765625,18.796875,18.65625,18.546875,18.84375,19.257812,19.601562,19.859375,19.96875
6634,2021-07-25 00:30:00,3534,18.078125,17.492188,17.429688,17.328125,17.210938,17.15625,17.09375,17.148438,17.351562,18.640625,18.671875,18.578125,18.851562,19.257812,19.601562,19.851562,19.960938
6635,2021-07-25 00:45:00,3534,17.5,16.90625,16.851562,16.742188,16.648438,16.617188,16.601562,16.75,17.0,18.523438,18.671875,18.59375,18.867188,19.257812,19.59375,19.851562,19.960938
6636,2021-07-25 01:00:00,3534,16.851562,16.226562,16.15625,16.085938,16.023438,16.023438,16.085938,16.304688,16.679688,18.40625,18.671875,18.617188,18.875,19.257812,19.59375,19.851562,19.960938
6637,2021-07-25 01:15:00,3528,16.351562,15.890625,15.875,15.78125,15.6640625,15.640625,15.6796875,15.90625,16.304688,18.296875,18.664062,18.632812,18.882812,19.257812,19.59375,19.851562,19.960938
6638,2021-07-25 01:30:00,3540,15.9140625,15.3984375,15.3359375,15.28125,15.234375,15.265625,15.375,15.6640625,16.101562,18.179688,18.648438,18.65625,18.898438,19.257812,19.59375,19.84375,19.960938
6639,2021-07-25 01:45:00,3534,15.46875,15.015625,15.0078125,14.9375,14.890625,14.953125,15.1171875,15.4375,15.9140625,18.070312,18.640625,18.671875,18.90625,19.257812,19.585938,19.835938,19.960938
6640,2021-07-25 02:00:00,3528,15.03125,14.5859375,14.5546875,14.546875,14.5703125,14.65625,14.8515625,15.21875,15.71875,18.0,18.625,18.6875,18.914062,19.257812,19.585938,19.835938,19.953125
6641,2021-07-25 02:15:00,3522,14.546875,14.1484375,14.140625,14.1484375,14.140625,14.25,14.4375,14.7890625,15.3125,17.914062,18.609375,18.703125,18.921875,19.265625,19.585938,19.835938,19.953125
6642,2021-07-25 02:30:00,3528,14.0078125,13.609375,13.625,13.6640625,13.75,13.90625,14.15625,14.5546875,15.046875,17.789062,18.585938,18.710938,18.929688,19.257812,19.585938,19.835938,19.953125
6643,2021-07-25 02:45:00,3528,13.578125,13.2734375,13.296875,13.3359375,13.3671875,13.4921875,13.6796875,14.0546875,14.65625,17.6875,18.5625,18.726562,18.945312,19.265625,19.585938,19.835938,19.953125
6644,2021-07-25 03:00:00,3522,13.015625,12.6484375,12.6484375,12.796875,12.9375,13.109375,13.328125,13.6953125,14.2890625,17.554688,18.546875,18.734375,18.945312,19.273438,19.585938,19.835938,19.953125
6645,2021-07-25 03:15:00,3528,12.4921875,12.1796875,12.2265625,12.40625,12.59375,12.84375,13.1484375,13.5234375,14.1015625,17.4375,18.523438,18.742188,18.96875,19.273438,19.585938,19.828125,19.960938
6646,2021-07-25 03:30:00,3528,12.0546875,11.8515625,11.9453125,12.15625,12.3828125,12.6484375,12.9765625,13.3984375,13.9921875,17.28125,18.492188,18.757812,18.976562,19.28125,19.585938,19.835938,19.960938
6647,2021-07-25 03:45:00,3528,11.703125,11.609375,11.7421875,11.9609375,12.171875,12.390625,12.671875,13.0703125,13.6640625,17.179688,18.460938,18.757812,18.984375,19.289062,19.585938,19.828125,19.960938
6648,2021-07-25 04:00:00,3528,11.46875,11.4140625,11.5390625,11.734375,11.921875,12.15625,12.5078125,12.9375,13.578125,17.109375,18.4375,18.765625,18.992188,19.289062,19.585938,19.835938,19.96875
6649,2021-07-25 04:15:00,3522,11.390625,11.4140625,11.53125,11.640625,11.7578125,11.9765625,12.3359375,12.765625,13.3671875,16.976562,18.398438,18.773438,19.007812,19.296875,19.585938,19.835938,19.96875
6650,2021-07-25 04:30:00,3522,11.1875,11.1328125,11.265625,11.421875,11.515625,11.6796875,11.8828125,12.2578125,12.875,16.882812,18.375,18.765625,19.015625,19.304688,19.585938,19.835938,19.96875
6651,2021-07-25 04:45:00,3522,11.0859375,11.0859375,11.171875,11.2890625,11.4140625,11.609375,11.84375,12.2109375,12.7421875,16.75,18.34375,18.773438,19.023438,19.304688,19.59375,19.835938,19.96875
6652,2021-07-25 05:00:00,3522,11.0390625,11.15625,11.2890625,11.4140625,11.5390625,11.8125,12.1796875,12.6484375,13.265625,16.796875,18.304688,18.773438,19.03125,19.3125,19.601562,19.835938,19.976562
6653,2021-07-25 05:15:00,3522,10.90625,10.921875,11.0546875,11.2265625,11.3984375,11.6796875,12.078125,12.4921875,13.09375,16.71875,18.273438,18.765625,19.03125,19.320312,19.59375,19.84375,19.976562
6654,2021-07-25 05:30:00,3522,10.7109375,10.734375,10.9140625,11.1953125,11.4375,11.78125,12.078125,12.34375,12.765625,16.59375,18.234375,18.765625,19.046875,19.320312,19.601562,19.84375,19.984375
6655,2021-07-25 05:45:00,3522,10.515625,10.5625,10.75,11.0546875,11.375,11.7421875,12.125,12.515625,13.0703125,16.617188,18.203125,18.765625,19.054688,19.328125,19.601562,19.84375,19.984375
6656,2021-07-25 06:00:00,3528,10.59375,10.8203125,10.9921875,11.0703125,11.125,11.3359375,11.546875,11.8359375,12.4140625,16.445312,18.164062,18.75,19.054688,19.335938,19.609375,19.84375,19.984375
6657,2021-07-25 06:15:00,3516,10.640625,10.75,10.875,11.0,11.109375,11.34375,11.65625,12.0859375,12.7265625,16.476562,18.132812,18.75,19.0625,19.34375,19.609375,19.851562,19.984375
6658,2021-07-25 06:30:00,3522,10.4921875,10.4765625,10.5703125,10.75,10.90625,11.1640625,11.5390625,12.015625,12.71875,16.445312,18.09375,18.742188,19.070312,19.351562,19.617188,19.851562,19.992188
6659,2021-07-25 06:45:00,3522,10.2265625,10.25,10.3515625,10.5546875,10.78125,11.0625,11.5234375,12.0234375,12.6640625,16.28125,18.070312,18.734375,19.070312,19.351562,19.625,19.851562,20.0
6660,2021-07-25 07:00:00,3528,10.21875,10.515625,10.5546875,10.546875,10.578125,10.765625,11.0859375,11.59375,12.2265625,16.226562,18.03125,18.71875,19.078125,19.359375,19.625,19.859375,20.0
6661,2021-07-25 07:15:00,3528,10.0625,10.3359375,10.4140625,10.53125,10.53125,10.609375,10.828125,11.265625,11.9375,16.09375,18.0,18.710938,19.078125,19.359375,19.625,19.859375,20.007812
6662,2021-07-25 07:30:00,3516,10.15625,10.2890625,10.3203125,10.3671875,10.4609375,10.6484375,10.921875,11.359375,12.0078125,16.046875,17.96875,18.703125,19.085938,19.367188,19.625,19.859375,20.015625
6663,2021-07-25 07:45:00,3516,10.5546875,10.921875,11.0,10.9921875,10.984375,11.09375,11.21875,11.484375,11.984375,16.039062,17.929688,18.695312,19.085938,19.375,19.632812,19.867188,20.015625
6664,2021-07-25 08:00:00,3522,11.0546875,11.25,11.3203125,11.3671875,11.4375,11.5703125,11.71875,12.03125,12.5703125,16.148438,17.890625,18.695312,19.09375,19.382812,19.640625,19.875,20.015625
6665,2021-07-25 08:15:00,3522,11.1953125,11.21875,11.265625,11.3046875,11.3671875,11.4765625,11.6015625,11.8828125,12.4375,16.148438,17.859375,18.679688,19.09375,19.382812,19.640625,19.875,20.015625
6666,2021-07-25 08:30:00,3510,11.2734375,11.234375,11.2734375,11.3125,11.3828125,11.484375,11.6015625,11.8671875,12.4296875,16.15625,17.835938,18.671875,19.09375,19.390625,19.648438,19.875,20.023438
6667,2021-07-25 08:45:00,3516,11.3125,11.296875,11.3359375,11.3515625,11.390625,11.484375,11.59375,11.8359375,12.3359375,16.109375,17.8125,18.664062,19.085938,19.390625,19.648438,19.882812,20.03125
6668,2021-07-25 09:00:00,3510,11.296875,11.234375,11.2734375,11.3046875,11.34375,11.4453125,11.5625,11.828125,12.3671875,16.101562,17.78125,18.640625,19.09375,19.40625,19.648438,19.882812,20.03125
6669,2021-07-25 09:15:00,3516,11.2421875,11.15625,11.1875,11.2265625,11.265625,11.3671875,11.4609375,11.6953125,12.1953125,16.054688,17.75,18.632812,19.09375,19.40625,19.65625,19.890625,20.039062
6670,2021-07-25 09:30:00,3510,11.25,11.2421875,11.28125,11.3046875,11.3359375,11.4296875,11.5078125,11.71875,12.1875,16.0,17.734375,18.617188,19.09375,19.398438,19.664062,19.898438,20.039062
6671,2021-07-25 09:45:00,3522,11.2109375,11.125,11.15625,11.1796875,11.234375,11.3203125,11.40625,11.6171875,12.078125,15.9765625,17.710938,18.601562,19.09375,19.40625,19.671875,19.898438,20.039062
6672,2021-07-25 10:00:00,3522,11.21875,11.171875,11.203125,11.2265625,11.28125,11.3515625,11.453125,11.671875,12.1484375,15.953125,17.679688,18.59375,19.09375,19.421875,19.671875,19.898438,20.046875
6673,2021-07-25 10:15:00,3516,11.2421875,11.1953125,11.2265625,11.25,11.3046875,11.375,11.4765625,11.703125,12.171875,15.9296875,17.664062,18.578125,19.085938,19.421875,19.671875,19.90625,20.046875
6674,2021-07-25 10:30:00,3510,11.15625,11.0625,11.09375,11.1171875,11.15625,11.25,11.34375,11.546875,12.015625,15.890625,17.632812,18.5625,19.085938,19.421875,19.671875,19.90625,20.046875
6675,2021-07-25 10:45:00,3516,11.203125,11.1640625,11.1953125,11.2265625,11.2734375,11.3671875,11.46875,11.703125,12.203125,15.90625,17.609375,18.554688,19.078125,19.421875,19.679688,19.914062,20.046875
6676,2021-07-25 11:00:00,3510,11.15625,11.0546875,11.0859375,11.109375,11.1640625,11.265625,11.375,11.6171875,12.1484375,15.8828125,17.59375,18.539062,19.085938,19.429688,19.679688,19.914062,20.054688
6677,2021-07-25 11:15:00,3510,11.1484375,11.109375,11.140625,11.1640625,11.1953125,11.2890625,11.3828125,11.6015625,12.109375,15.8671875,17.570312,18.523438,19.070312,19.429688,19.6875,19.921875,20.054688
6678,2021-07-25 11:30:00,3510,11.1328125,11.0546875,11.0859375,11.109375,11.1484375,11.2421875,11.3515625,11.5859375,12.1015625,15.84375,17.546875,18.507812,19.070312,19.429688,19.6875,19.921875,20.0625
6679,2021-07-25 11:45:00,3510,11.21875,11.1875,11.234375,11.2578125,11.3125,11.40625,11.53125,11.7734375,12.296875,15.859375,17.53125,18.5,19.070312,19.4375,19.695312,19.921875,20.0625
6680,2021-07-25 12:00:00,3510,11.1796875,11.09375,11.125,11.1484375,11.1796875,11.2734375,11.3671875,11.578125,12.0546875,15.8203125,17.515625,18.484375,19.0625,19.429688,19.695312,19.921875,20.0625
6681,2021-07-25 12:15:00,3510,11.2265625,11.171875,11.21875,11.2421875,11.296875,11.3984375,11.5078125,11.734375,12.234375,15.8046875,17.492188,18.476562,19.0625,19.429688,19.695312,19.929688,20.070312
6682,2021-07-25 12:30:00,3504,11.2734375,11.1953125,11.234375,11.2734375,11.328125,11.421875,11.5234375,11.7734375,12.296875,15.828125,17.476562,18.453125,19.046875,19.4375,19.703125,19.929688,20.0625
6683,2021-07-25 12:45:00,3510,11.265625,11.2109375,11.25,11.2734375,11.328125,11.4453125,11.5703125,11.8359375,12.359375,15.8046875,17.453125,18.445312,19.046875,19.4375,19.703125,19.929688,20.070312
6684,2021-07-25 13:00:00,3510,11.296875,11.25,11.28125,11.3125,11.3515625,11.4453125,11.5546875,11.7890625,12.3046875,15.8203125,17.4375,18.429688,19.039062,19.4375,19.703125,19.929688,20.0625
6685,2021-07-25 13:15:00,3510,11.375,11.3515625,11.390625,11.4140625,11.4609375,11.5546875,11.6640625,11.9140625,12.4375,15.8203125,17.421875,18.414062,19.039062,19.429688,19.703125,19.929688,20.070312
6686,2021-07-25 13:30:00,3504,11.390625,11.328125,11.3515625,11.375,11.4296875,11.5234375,11.640625,11.8671875,12.375,15.8046875,17.40625,18.40625,19.03125,19.4375,19.703125,19.929688,20.070312
6687,2021-07-25 13:45:00,3510,11.5078125,11.5234375,11.5625,11.578125,11.609375,11.6953125,11.7890625,12.0,12.4765625,15.8125,17.390625,18.398438,19.023438,19.429688,19.703125,19.9375,20.070312
6688,2021-07-25 14:00:00,3510,11.5703125,11.5,11.515625,11.546875,11.5859375,11.6796875,11.7734375,11.9609375,12.4140625,15.8046875,17.375,18.382812,19.015625,19.429688,19.703125,19.9375,20.070312
6689,2021-07-25 14:15:00,3510,11.6953125,11.6328125,11.640625,11.671875,11.71875,11.8125,11.90625,12.109375,12.5390625,15.8046875,17.367188,18.367188,19.007812,19.429688,19.710938,19.9375,20.070312
6690,2021-07-25 14:30:00,3510,11.8203125,11.8125,11.828125,11.828125,11.84375,11.9375,12.03125,12.203125,12.6015625,15.7890625,17.351562,18.351562,19.0,19.421875,19.710938,19.9375,20.070312
6691,2021-07-25 14:45:00,3504,11.8984375,11.734375,11.7265625,11.7734375,11.84375,11.9375,12.0390625,12.2265625,12.65625,15.8046875,17.335938,18.34375,19.0,19.421875,19.710938,19.9375,20.070312
6692,2021-07-25 15:00:00,3510,12.1796875,11.953125,11.921875,11.9765625,12.0859375,12.1640625,12.296875,12.5390625,13.0,15.875,17.320312,18.328125,18.992188,19.414062,19.710938,19.929688,20.0625
6693,2021-07-25 15:15:00,3510,12.421875,12.140625,12.046875,12.078125,12.1640625,12.2578125,12.375,12.5703125,13.0078125,15.8984375,17.3125,18.320312,18.976562,19.414062,19.703125,19.945312,20.0625
6694,2021-07-25 15:30:00,3504,12.7578125,12.515625,12.3984375,12.3984375,12.4453125,12.546875,12.6015625,12.7109375,13.015625,15.8828125,17.296875,18.3125,18.96875,19.40625,19.710938,19.9375,20.0625
6695,2021-07-25 15:45:00,3510,13.9375,13.7265625,13.5078125,13.3046875,13.296875,13.328125,13.3203125,13.359375,13.6015625,15.9765625,17.289062,18.289062,18.96875,19.40625,19.710938,19.945312,20.0625
6696,2021-07-25 16:00:00,3504,16.6875,16.179688,15.6953125,15.109375,15.0703125,15.0703125,14.953125,14.796875,14.84375,16.1875,17.28125,18.28125,18.960938,19.40625,19.710938,19.9375,20.054688
6697,2021-07-25 16:15:00,3504,17.625,16.734375,16.296875,16.070312,15.6796875,15.5078125,15.2890625,15.1484375,15.140625,16.296875,17.28125,18.265625,18.953125,19.398438,19.703125,19.9375,20.054688
6698,2021-07-25 16:30:00,3510,19.0,17.648438,17.484375,17.21875,16.835938,16.601562,16.257812,15.9921875,15.84375,16.492188,17.28125,18.257812,18.945312,19.398438,19.710938,19.9375,20.046875
6699,2021-07-25 16:45:00,3510,20.679688,19.125,19.453125,18.523438,18.117188,17.9375,17.5625,17.171875,16.726562,16.664062,17.289062,18.25,18.929688,19.390625,19.703125,19.9375,20.046875
6700,2021-07-25 17:00:00,3510,22.898438,20.835938,21.085938,20.507812,19.851562,19.523438,18.921875,18.414062,17.765625,16.914062,17.304688,18.242188,18.929688,19.390625,19.703125,19.9375,20.039062
6701,2021-07-25 17:15:00,3510,24.023438,21.820312,22.023438,21.617188,20.804688,20.492188,20.070312,19.625,18.898438,17.179688,17.320312,18.234375,18.921875,19.390625,19.703125,19.929688,20.039062
6702,2021-07-25 17:30:00,3510,25.242188,22.679688,22.375,22.570312,21.71875,21.226562,20.84375,20.414062,19.617188,17.398438,17.34375,18.226562,18.921875,19.382812,19.703125,19.929688,20.03125
6703,2021-07-25 17:45:00,3510,25.9375,23.328125,22.6875,23.03125,22.265625,21.929688,21.5,21.210938,20.53125,17.648438,17.375,18.226562,18.914062,19.382812,19.695312,19.929688,20.03125
6704,2021-07-25 18:00:00,3510,27.25,24.8125,23.601562,23.8125,23.179688,22.898438,22.617188,22.335938,21.648438,18.0,17.414062,18.21875,18.90625,19.375,19.695312,19.929688,20.03125
6705,2021-07-25 18:15:00,3516,27.195312,25.0,23.453125,23.21875,22.820312,22.625,22.398438,22.25,21.710938,18.148438,17.460938,18.21875,18.898438,19.375,19.695312,19.929688,20.023438
6706,2021-07-25 18:30:00,3522,28.132812,25.1875,23.804688,23.632812,23.460938,23.40625,23.242188,23.101562,22.546875,18.398438,17.507812,18.21875,18.890625,19.367188,19.6875,19.921875,20.023438
6707,2021-07-25 18:45:00,3522,27.609375,25.109375,23.429688,23.132812,22.953125,22.992188,22.882812,22.921875,22.585938,18.570312,17.5625,18.21875,18.890625,19.367188,19.6875,19.914062,20.015625
6708,2021-07-25 19:00:00,3516,28.21875,26.039062,24.101562,23.851562,23.75,23.765625,23.757812,23.632812,23.171875,18.789062,17.625,18.21875,18.875,19.359375,19.6875,19.921875,20.007812
6709,2021-07-25 19:15:00,3516,28.523438,26.125,24.34375,24.1875,24.148438,24.171875,24.226562,24.054688,23.632812,18.984375,17.6875,18.226562,18.875,19.359375,19.6875,19.914062,20.0
6710,2021-07-25 19:30:00,3522,28.421875,25.070312,23.546875,23.359375,23.53125,23.671875,23.796875,23.78125,23.554688,19.148438,17.75,18.234375,18.867188,19.351562,19.6875,19.914062,20.0
6711,2021-07-25 19:45:00,3522,28.289062,24.53125,23.046875,23.039062,23.320312,23.539062,23.414062,23.59375,23.515625,19.25,17.8125,18.25,18.867188,19.34375,19.679688,19.90625,19.992188
6712,2021-07-25 20:00:00,3534,27.75,24.195312,22.929688,23.015625,23.125,23.34375,23.171875,23.21875,23.054688,19.28125,17.882812,18.257812,18.859375,19.34375,19.671875,19.90625,19.992188
6713,2021-07-25 20:15:00,3528,27.070312,24.015625,22.757812,22.742188,22.875,23.054688,23.015625,23.0,22.890625,19.296875,17.945312,18.273438,18.859375,19.335938,19.671875,19.898438,19.984375
6714,2021-07-25 19:00:00,3516,28.21875,26.039062,24.101562,23.851562,23.75,23.765625,23.757812,23.632812,23.171875,18.789062,17.625,18.21875,18.875,19.359375,19.6875,19.921875,20.007812
6715,2021-07-25 19:15:00,3516,28.523438,26.125,24.34375,24.1875,24.148438,24.171875,24.226562,24.054688,23.632812,18.984375,17.6875,18.226562,18.875,19.359375,19.6875,19.914062,20.0
6716,2021-07-25 19:30:00,3522,28.421875,25.070312,23.546875,23.359375,23.53125,23.671875,23.796875,23.78125,23.554688,19.148438,17.75,18.234375,18.867188,19.351562,19.6875,19.914062,20.0
6717,2021-07-25 19:45:00,3522,28.289062,24.53125,23.046875,23.039062,23.320312,23.539062,23.414062,23.59375,23.515625,19.25,17.8125,18.25,18.867188,19.34375,19.679688,19.90625,19.992188
6718,2021-07-25 20:00:00,3534,27.75,24.195312,22.929688,23.015625,23.125,23.34375,23.171875,23.21875,23.054688,19.28125,17.882812,18.257812,18.859375,19.34375,19.671875,19.90625,19.992188
6719,2021-07-25 20:15:00,3528,27.070312,24.015625,22.757812,22.742188,22.875,23.054688,23.015625,23.0,22.890625,19.296875,17.945312,18.273438,18.859375,19.335938,19.671875,19.898438,19.984375
6720,2021-07-25 20:30:00,3522,26.164062,22.328125,21.453125,21.5,21.554688,21.726562,21.59375,21.945312,21.929688,19.25,18.015625,18.289062,18.851562,19.328125,19.671875,19.898438,19.976562
6721,2021-07-25 20:45:00,3534,26.398438,23.09375,22.296875,22.320312,22.179688,22.335938,22.546875,22.648438,22.617188,19.335938,18.070312,18.296875,18.851562,19.328125,19.664062,19.890625,19.96875
6722,2021-07-25 21:00:00,3528,26.046875,22.992188,21.859375,21.953125,21.796875,21.867188,22.164062,22.109375,22.179688,19.34375,18.125,18.3125,18.84375,19.320312,19.65625,19.890625,19.96875
6723,2021-07-25 21:15:00,3528,25.632812,22.90625,21.953125,21.875,21.804688,21.9375,22.171875,22.132812,22.140625,19.34375,18.179688,18.335938,18.84375,19.3125,19.65625,19.882812,19.953125
6724,2021-07-25 21:30:00,3534,25.210938,22.359375,21.773438,21.5625,21.539062,21.804688,22.0,22.046875,22.117188,19.382812,18.234375,18.359375,18.84375,19.304688,19.648438,19.882812,19.953125
6725,2021-07-25 21:45:00,3528,25.195312,22.226562,21.765625,21.523438,21.546875,21.84375,22.054688,22.1875,22.3125,19.46875,18.28125,18.375,18.84375,19.304688,19.648438,19.875,19.953125
6726,2021-07-25 22:00:00,3528,24.476562,21.546875,20.992188,20.789062,20.867188,21.109375,21.21875,21.304688,21.484375,19.382812,18.335938,18.398438,18.851562,19.304688,19.640625,19.867188,19.945312
6727,2021-07-25 22:15:00,3534,23.617188,20.78125,20.179688,20.070312,20.398438,20.78125,20.75,20.804688,20.90625,19.289062,18.367188,18.414062,18.851562,19.296875,19.640625,19.867188,19.9375
6728,2021-07-25 22:30:00,3534,22.929688,20.28125,19.84375,19.914062,20.398438,20.695312,20.710938,20.75,20.867188,19.296875,18.40625,18.4375,18.851562,19.296875,19.640625,19.867188,19.929688
6729,2021-07-25 22:45:00,3528,21.867188,20.132812,19.664062,19.679688,20.039062,20.539062,20.453125,20.492188,20.632812,19.234375,18.445312,18.460938,18.859375,19.296875,19.632812,19.859375,19.929688
6730,2021-07-25 23:00:00,3534,20.789062,19.164062,18.640625,18.617188,18.867188,19.148438,19.007812,19.109375,19.289062,19.0625,18.476562,18.476562,18.867188,19.289062,19.632812,19.851562,19.921875
6731,2021-07-25 23:15:00,3534,20.132812,18.710938,18.296875,18.335938,18.6875,18.953125,19.054688,19.25,19.5,19.007812,18.507812,18.507812,18.867188,19.296875,19.625,19.851562,19.921875
6732,2021-07-25 23:30:00,3528,19.117188,17.734375,17.539062,17.507812,17.554688,17.648438,17.726562,17.976562,18.3125,18.8125,18.53125,18.523438,18.875,19.289062,19.617188,19.851562,19.914062
6733,2021-07-25 23:45:00,3528,18.335938,17.351562,17.179688,17.101562,17.023438,17.054688,17.09375,17.296875,17.632812,18.640625,18.554688,18.546875,18.882812,19.28125,19.617188,19.84375,19.914062
6734,2021-07-26 00:00:00,3540,17.992188,17.476562,17.40625,17.320312,17.1875,17.1875,17.117188,17.15625,17.328125,18.46875,18.5625,18.5625,18.882812,19.28125,19.617188,19.835938,19.90625
6735,2021-07-26 00:15:00,3534,17.804688,17.367188,17.226562,17.101562,16.96875,16.96875,16.921875,16.992188,17.15625,18.359375,18.5625,18.585938,18.890625,19.28125,19.609375,19.835938,19.90625
6736,2021-07-26 00:30:00,3528,17.984375,17.484375,17.34375,17.203125,17.140625,17.1875,17.132812,17.164062,17.265625,18.320312,18.570312,18.601562,18.898438,19.273438,19.609375,19.828125,19.90625
6737,2021-07-26 00:45:00,3528,17.851562,17.125,17.0,16.984375,17.023438,17.070312,17.085938,17.203125,17.328125,18.28125,18.5625,18.617188,18.90625,19.28125,19.601562,19.828125,19.898438
6738,2021-07-26 01:00:00,3528,17.226562,16.507812,16.390625,16.351562,16.335938,16.390625,16.453125,16.664062,16.945312,18.21875,18.5625,18.632812,18.914062,19.28125,19.601562,19.820312,19.898438
6739,2021-07-26 01:15:00,3534,16.890625,16.328125,16.210938,16.125,15.9921875,16.023438,16.046875,16.25,16.554688,18.132812,18.554688,18.648438,18.914062,19.28125,19.59375,19.820312,19.890625
6740,2021-07-26 01:30:00,3528,16.59375,16.0625,15.953125,15.890625,15.8125,15.8203125,15.875,16.085938,16.382812,18.054688,18.539062,18.664062,18.921875,19.28125,19.59375,19.820312,19.898438
6741,2021-07-26 01:45:00,3528,16.789062,16.601562,16.484375,16.367188,16.1875,16.179688,16.132812,16.179688,16.359375,18.007812,18.53125,18.671875,18.9375,19.28125,19.59375,19.8125,19.890625
6742,2021-07-26 02:00:00,3528,16.96875,16.59375,16.476562,16.40625,16.359375,16.382812,16.390625,16.484375,16.664062,18.0,18.515625,18.695312,18.945312,19.28125,19.59375,19.8125,19.882812
6743,2021-07-26 02:15:00,3528,16.53125,15.859375,15.765625,15.75,15.765625,15.828125,15.875,16.0625,16.328125,17.960938,18.507812,18.695312,18.945312,19.289062,19.59375,19.8125,19.890625
6744,2021-07-26 02:30:00,3534,15.765625,14.9921875,14.8984375,14.90625,14.9453125,15.0390625,15.15625,15.4609375,15.8828125,17.890625,18.5,18.703125,18.960938,19.289062,19.585938,19.8125,19.890625
6745,2021-07-26 02:45:00,3528,14.9453125,14.1953125,14.1171875,14.1796875,14.265625,14.375,14.5234375,14.84375,15.3359375,17.773438,18.484375,18.71875,18.96875,19.289062,19.585938,19.804688,19.890625
6746,2021-07-26 03:00:00,3522,14.21875,13.6171875,13.578125,13.625,13.6875,13.828125,14.015625,14.390625,14.9609375,17.65625,18.46875,18.726562,18.976562,19.289062,19.585938,19.804688,19.890625
6747,2021-07-26 03:15:00,3528,13.4375,12.8984375,12.8828125,12.96875,13.0625,13.1875,13.3671875,13.7109375,14.296875,17.5,18.460938,18.726562,18.984375,19.296875,19.585938,19.804688,19.890625
6748,2021-07-26 03:30:00,3522,12.71875,12.3046875,12.3125,12.4375,12.546875,12.6953125,12.90625,13.3046875,13.9609375,17.359375,18.4375,18.734375,18.992188,19.296875,19.585938,19.804688,19.890625
6749,2021-07-26 03:45:00,3534,12.1875,11.9453125,11.9921875,12.1875,12.3828125,12.59375,12.78125,13.125,13.6796875,17.210938,18.414062,18.742188,19.0,19.296875,19.585938,19.804688,19.890625
6750,2021-07-26 04:00:00,3528,12.109375,12.046875,12.09375,12.171875,12.296875,12.4609375,12.6640625,13.015625,13.59375,17.15625,18.398438,18.75,19.007812,19.304688,19.585938,19.804688,19.890625
6751,2021-07-26 04:15:00,3528,12.171875,12.03125,12.0625,12.125,12.2265625,12.3671875,12.5546875,12.890625,13.46875,17.078125,18.367188,18.75,19.015625,19.3125,19.585938,19.804688,19.882812
6752,2021-07-26 04:30:00,3528,12.09375,11.90625,11.9296875,12.0,12.1015625,12.265625,12.4765625,12.84375,13.5,17.03125,18.34375,18.75,19.023438,19.3125,19.59375,19.804688,19.890625
6753,2021-07-26 04:45:00,3528,11.875,11.6875,11.7109375,11.78125,11.859375,12.0,12.15625,12.4921875,13.0859375,16.914062,18.320312,18.75,19.023438,19.3125,19.585938,19.804688,19.890625
6754,2021-07-26 05:00:00,3528,11.7734375,11.6953125,11.7421875,11.8125,11.8984375,12.0703125,12.2890625,12.6640625,13.296875,16.898438,18.289062,18.75,19.039062,19.320312,19.59375,19.804688,19.898438
6755,2021-07-26 05:15:00,3522,11.8125,11.765625,11.8046875,11.84375,11.9140625,12.046875,12.2265625,12.5546875,13.15625,16.820312,18.257812,18.757812,19.046875,19.320312,19.585938,19.804688,19.898438
6756,2021-07-26 05:30:00,3528,11.890625,11.84375,11.8828125,11.921875,11.9765625,12.1015625,12.25,12.546875,13.078125,16.75,18.226562,18.75,19.054688,19.328125,19.59375,19.804688,19.898438
6757,2021-07-26 05:45:00,3522,11.9296875,11.8671875,11.8828125,11.921875,11.9765625,12.09375,12.2421875,12.5234375,13.046875,16.710938,18.195312,18.75,19.054688,19.335938,19.59375,19.8125,19.90625
6758,2021-07-26 06:00:00,3522,11.9765625,11.8671875,11.890625,11.9296875,12.0,12.140625,12.3125,12.6171875,13.1875,16.703125,18.164062,18.734375,19.0625,19.335938,19.59375,19.8125,19.90625
6759,2021-07-26 06:15:00,3522,11.8984375,11.7734375,11.7890625,11.84375,11.90625,12.0,12.109375,12.375,12.8984375,16.640625,18.132812,18.734375,19.070312,19.34375,19.601562,19.804688,19.90625
6760,2021-07-26 06:30:00,3522,11.828125,11.7109375,11.7421875,11.8046875,11.890625,12.0234375,12.203125,12.453125,13.0,16.59375,18.109375,18.734375,19.070312,19.34375,19.609375,19.8125,19.90625
6761,2021-07-26 06:45:00,3510,11.8203125,11.7265625,11.765625,11.8125,11.890625,12.0,12.1171875,12.390625,12.9296875,16.570312,18.085938,18.726562,19.070312,19.351562,19.609375,19.8125,19.914062
6762,2021-07-26 07:00:00,3522,11.8125,11.7578125,11.7890625,11.8203125,11.859375,11.9609375,12.0703125,12.3046875,12.78125,16.5,18.054688,18.71875,19.078125,19.359375,19.601562,19.820312,19.914062
6763,2021-07-26 07:15:00,3528,11.7421875,11.59375,11.6171875,11.65625,11.71875,11.84375,11.9609375,12.2109375,12.71875,16.453125,18.03125,18.710938,19.078125,19.367188,19.609375,19.820312,19.914062
6764,2021-07-26 07:30:00,3522,11.765625,11.6875,11.7109375,11.75,11.796875,11.90625,12.0234375,12.265625,12.7890625,16.445312,18.007812,18.710938,19.078125,19.367188,19.609375,19.820312,19.914062
6765,2021-07-26 07:45:00,3516,11.7890625,11.7109375,11.7421875,11.765625,11.8046875,11.90625,12.015625,12.2734375,12.765625,16.414062,17.976562,18.703125,19.085938,19.375,19.617188,19.820312,19.914062
6766,2021-07-26 08:00:00,3522,11.796875,11.7265625,11.7578125,11.7890625,11.84375,11.9375,12.0390625,12.265625,12.75,16.375,17.960938,18.6875,19.09375,19.375,19.625,19.828125,19.929688
6767,2021-07-26 08:15:00,3516,11.765625,11.671875,11.7109375,11.75,11.796875,11.921875,12.0390625,12.2734375,12.7421875,16.328125,17.929688,18.679688,19.085938,19.375,19.625,19.820312,19.929688
6768,2021-07-26 08:30:00,3516,11.6953125,11.609375,11.6484375,11.6796875,11.71875,11.8203125,11.9140625,12.140625,12.6171875,16.296875,17.90625,18.664062,19.09375,19.375,19.625,19.835938,19.929688
6769,2021-07-26 08:45:00,3522,11.6640625,11.5546875,11.5859375,11.6328125,11.6875,11.7890625,11.8984375,12.125,12.59375,16.257812,17.882812,18.65625,19.09375,19.382812,19.632812,19.828125,19.929688
6770,2021-07-26 09:00:00,3522,11.6953125,11.625,11.65625,11.703125,11.7578125,11.84375,11.953125,12.1796875,12.6328125,16.242188,17.859375,18.65625,19.09375,19.390625,19.632812,19.835938,19.9375
6771,2021-07-26 09:15:00,3516,11.75,11.671875,11.703125,11.75,11.796875,11.8828125,11.9765625,12.1875,12.625,16.226562,17.835938,18.640625,19.101562,19.390625,19.632812,19.835938,19.9375
6772,2021-07-26 09:30:00,3522,11.625,11.5,11.53125,11.5703125,11.609375,11.703125,11.8125,12.03125,12.484375,16.164062,17.820312,18.625,19.09375,19.398438,19.632812,19.84375,19.9375
6773,2021-07-26 09:45:00,3522,11.5703125,11.484375,11.5078125,11.546875,11.59375,11.6796875,11.78125,11.984375,12.4140625,16.117188,17.796875,18.625,19.085938,19.398438,19.640625,19.835938,19.945312
6774,2021-07-26 10:00:00,3510,11.6484375,11.6484375,11.6875,11.7109375,11.7421875,11.8359375,11.921875,12.125,12.546875,16.109375,17.765625,18.609375,19.085938,19.398438,19.648438,19.84375,19.945312
6775,2021-07-26 10:15:00,3510,11.6640625,11.6015625,11.640625,11.671875,11.703125,11.796875,11.890625,12.1171875,12.546875,16.078125,17.742188,18.601562,19.085938,19.40625,19.648438,19.84375,19.953125
6776,2021-07-26 10:30:00,3510,11.6796875,11.609375,11.640625,11.6796875,11.7265625,11.8203125,11.921875,12.1640625,12.6328125,16.101562,17.71875,18.585938,19.085938,19.40625,19.648438,19.851562,19.945312
6777,2021-07-26 10:45:00,3510,11.6875,11.625,11.65625,11.6875,11.7265625,11.8203125,11.9140625,12.125,12.5625,16.070312,17.703125,18.578125,19.085938,19.40625,19.648438,19.84375,19.9375
6778,2021-07-26 11:00:00,3510,11.6484375,11.578125,11.6171875,11.6484375,11.671875,11.765625,11.8515625,12.046875,12.4609375,16.023438,17.679688,18.570312,19.078125,19.40625,19.648438,19.851562,19.945312
6779,2021-07-26 11:15:00,3510,11.6796875,11.6484375,11.6796875,11.7109375,11.7421875,11.8359375,11.921875,12.109375,12.5078125,16.0,17.664062,18.554688,19.070312,19.40625,19.65625,19.851562,19.945312
6780,2021-07-26 11:30:00,3510,11.6328125,11.546875,11.5859375,11.6171875,11.6484375,11.734375,11.8125,12.015625,12.421875,15.9765625,17.648438,18.546875,19.070312,19.40625,19.65625,19.851562,19.945312
6781,2021-07-26 11:45:00,3510,11.6015625,11.5,11.53125,11.5625,11.59375,11.6796875,11.765625,11.9609375,12.375,15.9453125,17.617188,18.53125,19.070312,19.40625,19.65625,19.859375,19.953125
6782,2021-07-26 12:00:00,3510,11.6015625,11.5078125,11.546875,11.5859375,11.6171875,11.703125,11.7890625,11.9921875,12.40625,15.9453125,17.601562,18.523438,19.070312,19.414062,19.664062,19.859375,19.953125
6783,2021-07-26 12:15:00,3504,11.6171875,11.578125,11.609375,11.6328125,11.65625,11.75,11.8359375,12.03125,12.4609375,15.9296875,17.585938,18.507812,19.0625,19.421875,19.664062,19.859375,19.953125
6784,2021-07-26 12:30:00,3510,11.5546875,11.453125,11.484375,11.515625,11.546875,11.640625,11.7421875,11.9609375,12.3984375,15.921875,17.554688,18.492188,19.054688,19.414062,19.664062,19.867188,19.945312
6785,2021-07-26 12:45:00,3522,11.4453125,11.3203125,11.34375,11.375,11.40625,11.5,11.6015625,11.828125,12.3046875,15.8828125,17.546875,18.484375,19.046875,19.414062,19.671875,19.859375,19.953125
6786,2021-07-26 13:00:00,3510,11.46875,11.46875,11.515625,11.5234375,11.5234375,11.6171875,11.6875,11.875,12.296875,15.8671875,17.523438,18.46875,19.046875,19.40625,19.664062,19.859375,19.953125
6787,2021-07-26 13:15:00,3510,11.515625,11.4921875,11.515625,11.5390625,11.5703125,11.671875,11.7734375,11.9921875,12.4453125,15.875,17.515625,18.460938,19.039062,19.40625,19.671875,19.859375,19.953125
6788,2021-07-26 13:30:00,3522,11.59375,11.5703125,11.6015625,11.6328125,11.65625,11.75,11.84375,12.0390625,12.46875,15.8828125,17.492188,18.445312,19.039062,19.40625,19.671875,19.867188,19.953125
6789,2021-07-26 13:45:00,3504,11.65625,11.625,11.65625,11.6796875,11.703125,11.796875,11.8828125,12.078125,12.5078125,15.8671875,17.476562,18.4375,19.03125,19.40625,19.671875,19.867188,19.945312
6790,2021-07-26 14:00:00,3510,11.6875,11.59375,11.6171875,11.640625,11.6875,11.78125,11.875,12.0625,12.4921875,15.859375,17.453125,18.429688,19.023438,19.40625,19.671875,19.867188,19.953125
6791,2021-07-26 14:15:00,3504,11.90625,11.875,11.859375,11.8828125,11.921875,12.0234375,12.1171875,12.3125,12.7109375,15.875,17.4375,18.40625,19.015625,19.40625,19.664062,19.867188,19.953125
6792,2021-07-26 14:30:00,3504,12.171875,12.0546875,12.0390625,12.0625,12.1171875,12.203125,12.2890625,12.4453125,12.8359375,15.90625,17.429688,18.398438,19.007812,19.398438,19.671875,19.859375,19.945312
6793,2021-07-26 14:45:00,3504,12.5078125,12.390625,12.3515625,12.375,12.4453125,12.5390625,12.625,12.8046875,13.1953125,15.9609375,17.414062,18.382812,19.0,19.398438,19.664062,19.867188,19.945312
6794,2021-07-26 15:00:00,3510,12.6328125,12.34375,12.3046875,12.3515625,12.4375,12.546875,12.671875,12.859375,13.2578125,15.984375,17.390625,18.375,19.0,19.390625,19.671875,19.867188,19.945312
6795,2021-07-26 15:15:00,3510,13.1640625,12.96875,12.9296875,12.9296875,12.9765625,13.078125,13.1328125,13.234375,13.5234375,16.023438,17.382812,18.359375,18.984375,19.398438,19.664062,19.867188,19.9375
6796,2021-07-26 15:30:00,3504,13.3984375,12.8984375,12.8046875,12.8359375,12.90625,13.03125,13.1171875,13.25,13.5703125,16.070312,17.382812,18.351562,18.984375,19.390625,19.671875,19.867188,19.9375
6797,2021-07-26 15:45:00,3504,13.4296875,12.9609375,12.875,12.875,12.96875,13.1015625,13.1875,13.296875,13.5859375,16.046875,17.367188,18.335938,18.976562,19.390625,19.671875,19.859375,19.929688
6798,2021-07-26 16:00:00,3504,14.2421875,13.875,13.703125,13.546875,13.546875,13.6328125,13.65625,13.703125,13.8984375,16.109375,17.359375,18.328125,18.96875,19.382812,19.664062,19.859375,19.929688
6799,2021-07-26 16:15:00,3510,14.65625,14.046875,13.8671875,13.7734375,13.765625,13.8828125,13.921875,13.9921875,14.21875,16.179688,17.359375,18.320312,18.960938,19.382812,19.664062,19.859375,19.929688
6800,2021-07-26 16:30:00,3504,14.3984375,13.6328125,13.4609375,13.40625,13.3203125,13.484375,13.515625,13.5703125,13.796875,16.140625,17.359375,18.304688,18.945312,19.382812,19.664062,19.859375,19.929688
6801,2021-07-26 16:45:00,3504,14.125,13.4921875,13.359375,13.28125,13.1796875,13.3671875,13.421875,13.5234375,13.78125,16.140625,17.351562,18.296875,18.945312,19.375,19.664062,19.859375,19.921875
6802,2021-07-26 17:00:00,3504,13.9609375,13.375,13.25,13.1640625,13.015625,13.203125,13.2265625,13.296875,13.5625,16.109375,17.351562,18.28125,18.945312,19.367188,19.664062,19.859375,19.921875
6803,2021-07-26 17:15:00,3504,13.7265625,13.1796875,13.0625,13.0,12.8828125,13.078125,13.1015625,13.1875,13.4375,16.0625,17.351562,18.273438,18.929688,19.367188,19.65625,19.851562,19.914062
6804,2021-07-26 17:30:00,3504,13.7109375,13.375,13.28125,13.1640625,13.0078125,13.171875,13.171875,13.21875,13.4140625,16.03125,17.34375,18.265625,18.921875,19.359375,19.65625,19.851562,19.914062
6805,2021-07-26 17:45:00,3504,13.8203125,13.5,13.421875,13.3203125,13.140625,13.328125,13.328125,13.375,13.5703125,16.039062,17.34375,18.257812,18.914062,19.359375,19.648438,19.851562,19.914062
6806,2021-07-26 18:00:00,3504,13.8125,13.3984375,13.3046875,13.2265625,13.0625,13.2578125,13.265625,13.3046875,13.5,16.03125,17.335938,18.25,18.914062,19.351562,19.648438,19.84375,19.90625
6807,2021-07-26 18:15:00,3498,14.171875,13.8203125,13.671875,13.578125,13.359375,13.5546875,13.5390625,13.5390625,13.671875,16.046875,17.328125,18.242188,18.898438,19.351562,19.648438,19.84375,19.898438
6808,2021-07-26 18:30:00,3504,14.8203125,14.4453125,14.265625,14.1328125,13.90625,14.140625,14.1328125,14.1171875,14.234375,16.125,17.320312,18.234375,18.890625,19.34375,19.648438,19.835938,19.890625
6809,2021-07-26 18:45:00,3504,14.9609375,14.2890625,14.125,14.0390625,13.796875,14.0859375,14.0703125,14.0703125,14.1640625,16.15625,17.320312,18.21875,18.882812,19.34375,19.640625,19.84375,19.890625
6810,2021-07-26 19:00:00,3504,14.8828125,14.2421875,14.109375,14.0234375,13.78125,14.0390625,14.0234375,14.0234375,14.125,16.15625,17.3125,18.21875,18.875,19.335938,19.640625,19.835938,19.890625
6811,2021-07-26 19:15:00,3504,15.09375,14.6640625,14.5,14.375,14.109375,14.3515625,14.3125,14.28125,14.3203125,16.15625,17.3125,18.210938,18.867188,19.328125,19.625,19.828125,19.882812
6812,2021-07-26 19:30:00,3504,15.53125,15.0625,14.859375,14.71875,14.4609375,14.6875,14.625,14.578125,14.578125,16.203125,17.3125,18.203125,18.867188,19.320312,19.625,19.828125,19.867188
6813,2021-07-26 19:45:00,3510,16.125,15.4921875,15.265625,15.1328125,15.109375,15.171875,15.1328125,15.109375,15.09375,16.335938,17.3125,18.195312,18.859375,19.320312,19.625,19.820312,19.867188
6814,2021-07-26 20:00:00,3504,16.484375,15.828125,15.59375,15.4609375,15.3984375,15.421875,15.3515625,15.3046875,15.265625,16.382812,17.3125,18.1875,18.851562,19.320312,19.625,19.820312,19.867188
6815,2021-07-26 20:15:00,3504,17.203125,16.625,16.25,16.070312,16.007812,16.023438,15.9453125,15.859375,15.7734375,16.476562,17.3125,18.171875,18.84375,19.304688,19.617188,19.8125,19.851562
6816,2021-07-26 20:30:00,3504,18.179688,17.015625,16.625,16.554688,16.648438,16.703125,16.664062,16.632812,16.546875,16.65625,17.320312,18.164062,18.835938,19.304688,19.617188,19.8125,19.851562
6817,2021-07-26 20:45:00,3504,17.140625,15.5546875,15.296875,15.3203125,15.4296875,15.484375,15.5078125,15.5859375,15.734375,16.632812,17.328125,18.164062,18.828125,19.304688,19.609375,19.804688,19.84375
6818,2021-07-26 21:00:00,3504,16.421875,15.4296875,15.15625,15.0859375,15.1171875,15.1484375,15.1484375,15.2109375,15.3359375,16.554688,17.335938,18.148438,18.820312,19.296875,19.609375,19.796875,19.835938
6819,2021-07-26 21:15:00,3504,16.125,15.1015625,14.875,14.8671875,14.9375,14.984375,15.015625,15.1171875,15.2734375,16.539062,17.34375,18.15625,18.8125,19.28125,19.59375,19.796875,19.835938
6820,2021-07-26 21:30:00,3510,15.953125,15.3359375,15.1484375,15.0546875,15.03125,15.0625,15.0390625,15.078125,15.1796875,16.53125,17.351562,18.148438,18.804688,19.28125,19.59375,19.796875,19.828125
6821,2021-07-26 21:45:00,3504,16.539062,16.101562,15.8671875,15.7109375,15.640625,15.6640625,15.5859375,15.5625,15.546875,16.554688,17.359375,18.148438,18.804688,19.273438,19.585938,19.78125,19.828125
6822,2021-07-26 22:00:00,3510,17.171875,16.289062,15.9609375,15.875,15.9140625,15.96875,15.9375,15.9453125,15.953125,16.648438,17.367188,18.140625,18.789062,19.265625,19.585938,19.78125,19.8125
6823,2021-07-26 22:15:00,3510,18.210938,17.398438,17.070312,16.960938,16.9375,17.109375,16.992188,16.890625,16.789062,16.796875,17.375,18.140625,18.789062,19.265625,19.585938,19.78125,19.8125
6824,2021-07-26 22:30:00,3504,18.289062,17.171875,16.898438,16.828125,16.898438,16.992188,16.929688,16.90625,16.875,16.875,17.390625,18.140625,18.773438,19.25,19.570312,19.765625,19.804688
6825,2021-07-26 22:45:00,3504,18.148438,16.890625,16.625,16.578125,16.648438,16.742188,16.703125,16.734375,16.765625,16.90625,17.390625,18.132812,18.765625,19.25,19.570312,19.765625,19.796875
6826,2021-07-26 23:00:00,3504,17.742188,16.492188,16.203125,16.164062,16.226562,16.296875,16.273438,16.296875,16.382812,16.882812,17.40625,18.132812,18.765625,19.242188,19.5625,19.757812,19.789062
6827,2021-07-26 23:15:00,3510,17.328125,16.164062,15.90625,15.8671875,15.9296875,16.007812,15.96875,16.007812,16.109375,16.859375,17.414062,18.132812,18.765625,19.242188,19.5625,19.75,19.78125
6828,2021-07-26 23:30:00,3504,17.132812,16.125,15.9140625,15.875,15.9453125,16.046875,16.054688,16.101562,16.195312,16.867188,17.429688,18.125,18.757812,19.234375,19.554688,19.75,19.78125
6829,2021-07-26 23:45:00,3504,16.890625,16.070312,15.8671875,15.7734375,15.7421875,15.78125,15.7265625,15.7265625,15.765625,16.804688,17.445312,18.125,18.75,19.226562,19.546875,19.75,19.773438
6830,2021-07-27 00:00:00,3504,16.5625,15.6875,15.4609375,15.40625,15.421875,15.4453125,15.421875,15.4609375,15.5546875,16.742188,17.453125,18.125,18.734375,19.21875,19.539062,19.742188,19.757812
6831,2021-07-27 00:15:00,3510,16.195312,15.2265625,15.0078125,14.9765625,15.0390625,15.078125,15.078125,15.15625,15.296875,16.710938,17.460938,18.125,18.734375,19.210938,19.539062,19.734375,19.757812
6832,2021-07-27 00:30:00,3498,15.8203125,15.015625,14.859375,14.8125,14.8359375,14.8984375,14.8984375,14.96875,15.1171875,16.65625,17.46875,18.132812,18.734375,19.203125,19.53125,19.726562,19.75
6833,2021-07-27 00:45:00,3510,15.578125,14.9140625,14.7421875,14.703125,14.7421875,14.78125,14.8125,14.8984375,15.0625,16.632812,17.46875,18.125,18.726562,19.203125,19.523438,19.71875,19.742188
6834,2021-07-27 01:00:00,3504,15.15625,14.453125,14.3046875,14.3046875,14.375,14.46875,14.515625,14.6484375,14.8984375,16.617188,17.46875,18.125,18.71875,19.195312,19.523438,19.710938,19.734375
6835,2021-07-27 01:15:00,3504,15.0625,14.5,14.3515625,14.328125,14.375,14.4375,14.4765625,14.5859375,14.828125,16.609375,17.46875,18.125,18.710938,19.1875,19.515625,19.710938,19.726562
6836,2021-07-27 01:30:00,3504,14.75,14.125,14.0,13.9765625,14.0390625,14.109375,14.1484375,14.2890625,14.546875,16.5625,17.46875,18.125,18.710938,19.1875,19.507812,19.703125,19.726562
6837,2021-07-27 01:45:00,3504,14.328125,13.765625,13.6796875,13.6875,13.75,13.84375,13.921875,14.109375,14.421875,16.523438,17.460938,18.125,18.703125,19.179688,19.507812,19.695312,19.71875
6838,2021-07-27 02:00:00,3504,13.890625,13.4296875,13.3828125,13.3828125,13.4140625,13.4921875,13.5546875,13.703125,14.0078125,16.414062,17.460938,18.125,18.703125,19.164062,19.5,19.6875,19.703125
6839,2021-07-27 02:15:00,3510,13.796875,13.5,13.4609375,13.4609375,13.484375,13.5703125,13.6484375,13.828125,14.1484375,16.414062,17.453125,18.125,18.695312,19.164062,19.492188,19.679688,19.703125
6840,2021-07-27 02:30:00,3504,13.8203125,13.53125,13.5,13.5,13.5390625,13.6484375,13.7578125,13.9453125,14.296875,16.429688,17.445312,18.125,18.6875,19.164062,19.484375,19.679688,19.695312
6841,2021-07-27 02:45:00,3504,13.609375,13.265625,13.2421875,13.2578125,13.28125,13.390625,13.484375,13.6796875,14.03125,16.382812,17.4375,18.117188,18.6875,19.15625,19.476562,19.679688,19.6875
6842,2021-07-27 03:00:00,3498,13.3984375,13.0703125,13.046875,13.078125,13.1328125,13.2578125,13.40625,13.65625,14.0703125,16.382812,17.421875,18.117188,18.679688,19.148438,19.476562,19.671875,19.679688
6843,2021-07-27 03:15:00,3504,13.0703125,12.71875,12.6875,12.75,12.828125,12.9296875,13.0390625,13.265625,13.6796875,16.320312,17.421875,18.109375,18.679688,19.140625,19.46875,19.65625,19.679688
6844,2021-07-27 03:30:00,3504,12.9609375,12.7421875,12.75,12.7734375,12.8046875,12.90625,13.0,13.2265625,13.625,16.265625,17.40625,18.109375,18.679688,19.140625,19.46875,19.65625,19.664062
6845,2021-07-27 03:45:00,3504,12.75,12.4921875,12.5,12.5546875,12.609375,12.71875,12.828125,13.0625,13.4921875,16.234375,17.40625,18.109375,18.671875,19.132812,19.460938,19.648438,19.664062
6846,2021-07-27 04:00:00,3498,12.6015625,12.40625,12.421875,12.46875,12.5234375,12.6328125,12.734375,12.9765625,13.3828125,16.171875,17.390625,18.101562,18.671875,19.125,19.453125,19.648438,19.65625
6847,2021-07-27 04:15:00,3504,12.5078125,12.3515625,12.375,12.421875,12.4765625,12.5859375,12.7109375,12.953125,13.3828125,16.164062,17.382812,18.101562,18.664062,19.125,19.445312,19.640625,19.648438
6848,2021-07-27 04:30:00,3498,12.40625,12.265625,12.296875,12.3515625,12.3984375,12.5078125,12.6171875,12.8671875,13.28125,16.125,17.367188,18.09375,18.65625,19.117188,19.4375,19.632812,19.648438
6849,2021-07-27 04:45:00,3504,12.3046875,12.140625,12.1796875,12.265625,12.34375,12.4765625,12.6328125,12.921875,13.3984375,16.117188,17.351562,18.085938,18.65625,19.117188,19.4375,19.625,19.632812
6850,2021-07-27 05:00:00,3504,12.0078125,11.8203125,11.859375,11.9453125,12.015625,12.140625,12.296875,12.609375,13.1328125,16.070312,17.335938,18.085938,18.65625,19.101562,19.429688,19.617188,19.632812
6851,2021-07-27 05:15:00,3504,11.734375,11.6328125,11.6953125,11.7890625,11.875,12.0234375,12.171875,12.46875,12.984375,16.007812,17.328125,18.078125,18.648438,19.09375,19.429688,19.609375,19.625
6852,2021-07-27 05:30:00,3504,11.40625,11.3125,11.4609375,11.640625,11.7734375,11.90625,12.0390625,12.296875,12.7265625,15.921875,17.3125,18.070312,18.648438,19.101562,19.421875,19.609375,19.625
6853,2021-07-27 05:45:00,3510,11.25,11.390625,11.4375,11.515625,11.65625,11.8359375,12.0859375,12.328125,12.65625,15.7890625,17.296875,18.070312,18.640625,19.09375,19.40625,19.601562,19.617188
6854,2021-07-27 06:00:00,3498,11.03125,11.234375,11.34375,11.4140625,11.3984375,11.421875,11.5234375,11.8125,12.2109375,15.6796875,17.28125,18.0625,18.640625,19.09375,19.40625,19.59375,19.609375
6855,2021-07-27 06:15:00,3498,10.8984375,10.921875,11.0078125,11.140625,11.2421875,11.4140625,11.6015625,11.9921875,12.4765625,15.7265625,17.257812,18.054688,18.640625,19.085938,19.398438,19.59375,19.601562
6856,2021-07-27 06:30:00,3498,10.9375,10.953125,11.078125,11.15625,11.2421875,11.4921875,11.7578125,12.0625,12.546875,15.703125,17.242188,18.046875,18.632812,19.078125,19.390625,19.585938,19.601562
6857,2021-07-27 06:45:00,3498,10.96875,11.03125,11.1484375,11.171875,11.1953125,11.2890625,11.421875,11.671875,12.171875,15.625,17.226562,18.039062,18.625,19.078125,19.382812,19.578125,19.59375
6858,2021-07-27 07:00:00,3504,11.0703125,11.15625,11.2578125,11.1796875,11.1484375,11.296875,11.4296875,11.6015625,12.046875,15.5546875,17.203125,18.03125,18.625,19.070312,19.382812,19.570312,19.59375
6859,2021-07-27 07:15:00,3498,11.2734375,11.4296875,11.5546875,11.5078125,11.453125,11.578125,11.6484375,11.8125,12.1796875,15.5234375,17.179688,18.023438,18.617188,19.0625,19.375,19.570312,19.578125
6860,2021-07-27 07:30:00,3498,11.25,11.2265625,11.2890625,11.234375,11.2109375,11.3515625,11.4453125,11.6328125,11.9765625,15.4140625,17.164062,18.015625,18.609375,19.0625,19.375,19.5625,19.578125
6861,2021-07-27 07:45:00,3498,11.6640625,11.8671875,11.953125,11.8125,11.7421875,11.8828125,11.9453125,12.0859375,12.4921875,15.5234375,17.132812,18.007812,18.609375,19.054688,19.367188,19.5625,19.570312
6862,2021-07-27 08:00:00,3498,12.484375,12.703125,12.7421875,12.546875,12.40625,12.515625,12.5546875,12.671875,13.0078125,15.609375,17.109375,18.0,18.601562,19.054688,19.367188,19.554688,19.5625
6863,2021-07-27 08:15:00,3492,12.8984375,13.0078125,13.0390625,12.8515625,12.7265625,12.8125,12.8359375,12.90625,13.2421875,15.6796875,17.09375,17.992188,18.59375,19.046875,19.359375,19.546875,19.5625
6864,2021-07-27 08:30:00,3498,12.46875,12.234375,12.265625,12.296875,12.2890625,12.3984375,12.4375,12.5859375,12.8828125,15.6640625,17.070312,17.976562,18.59375,19.039062,19.351562,19.546875,19.554688
6865,2021-07-27 08:45:00,3498,12.1328125,12.0078125,12.0390625,12.0859375,12.1171875,12.2578125,12.3671875,12.5390625,12.7890625,15.6015625,17.054688,17.96875,18.585938,19.03125,19.351562,19.539062,19.546875
6866,2021-07-27 09:00:00,3498,11.8828125,11.7890625,11.8359375,11.9296875,12.015625,12.1875,12.3125,12.5390625,12.8515625,15.6015625,17.046875,17.953125,18.578125,19.03125,19.34375,19.53125,19.539062
6867,2021-07-27 09:15:00,3498,11.7734375,11.8046875,11.890625,11.9453125,11.984375,12.109375,12.2109375,12.4375,12.765625,15.6015625,17.03125,17.945312,18.578125,19.03125,19.335938,19.523438,19.539062
6868,2021-07-27 09:30:00,3492,11.6640625,11.6796875,11.7734375,11.8671875,11.9296875,12.109375,12.3203125,12.5859375,13.0,15.640625,17.023438,17.9375,18.570312,19.023438,19.328125,19.523438,19.53125
6869,2021-07-27 09:45:00,3498,11.6015625,11.6875,11.796875,11.9140625,12.015625,12.1875,12.40625,12.703125,13.0390625,15.6328125,17.007812,17.921875,18.5625,19.007812,19.328125,19.515625,19.523438
6870,2021-07-27 10:00:00,3504,11.953125,12.125,12.234375,12.1875,12.1953125,12.3515625,12.46875,12.6640625,13.015625,15.6171875,16.992188,17.914062,18.554688,19.015625,19.320312,19.507812,19.515625
6871,2021-07-27 10:15:00,3498,12.390625,12.421875,12.484375,12.40625,12.359375,12.4765625,12.5859375,12.8125,13.1875,15.65625,16.984375,17.898438,18.546875,19.007812,19.320312,19.5,19.515625
6872,2021-07-27 10:30:00,3498,12.640625,12.578125,12.6015625,12.5078125,12.40625,12.5078125,12.53125,12.6953125,13.078125,15.65625,16.976562,17.890625,18.539062,19.0,19.3125,19.5,19.507812
6873,2021-07-27 10:45:00,3492,12.3515625,12.2265625,12.296875,12.34375,12.375,12.5,12.6171875,12.8828125,13.25,15.671875,16.960938,17.890625,18.523438,18.992188,19.304688,19.492188,19.5
6874,2021-07-27 11:00:00,3492,12.2890625,12.171875,12.21875,12.2109375,12.2109375,12.328125,12.4375,12.71875,13.1484375,15.671875,16.953125,17.875,18.523438,18.992188,19.296875,19.484375,19.5
6875,2021-07-27 11:15:00,3498,12.4921875,12.296875,12.3203125,12.1640625,12.109375,12.234375,12.296875,12.4609375,12.84375,15.6015625,16.953125,17.859375,18.515625,18.984375,19.289062,19.484375,19.484375
6876,2021-07-27 11:30:00,3492,13.078125,12.953125,12.9375,12.6875,12.4765625,12.5703125,12.515625,12.53125,12.875,15.578125,16.945312,17.859375,18.507812,18.984375,19.289062,19.46875,19.492188
6877,2021-07-27 11:45:00,3492,13.4375,13.34375,13.3515625,13.1875,13.015625,13.046875,12.9296875,12.7734375,12.9375,15.546875,16.929688,17.835938,18.5,18.96875,19.28125,19.46875,19.484375
6878,2021-07-27 12:00:00,3498,13.5078125,13.265625,13.28125,13.1015625,13.03125,13.09375,13.0234375,12.9765625,13.109375,15.546875,16.921875,17.828125,18.492188,18.960938,19.28125,19.460938,19.46875
6879,2021-07-27 12:15:00,3498,13.5234375,13.265625,13.28125,13.1171875,13.0546875,13.125,13.078125,13.078125,13.2421875,15.5625,16.90625,17.820312,18.484375,18.960938,19.273438,19.460938,19.46875
6880,2021-07-27 12:30:00,3498,13.78125,13.6796875,13.7421875,13.6015625,13.53125,13.5859375,13.5234375,13.4609375,13.59375,15.609375,16.90625,17.820312,18.476562,18.953125,19.265625,19.453125,19.460938
6881,2021-07-27 12:45:00,3498,14.0703125,14.078125,14.1640625,14.0546875,14.0390625,14.140625,14.1171875,13.8515625,13.828125,15.6015625,16.890625,17.804688,18.476562,18.953125,19.265625,19.453125,19.460938
6882,2021-07-27 13:00:00,3492,14.3203125,14.1328125,14.203125,13.953125,13.96875,14.09375,14.0703125,14.03125,14.1328125,15.6953125,16.882812,17.796875,18.46875,18.945312,19.25,19.4375,19.453125
6883,2021-07-27 13:15:00,3498,14.640625,14.3125,14.34375,14.0546875,13.8984375,13.9375,13.828125,13.7421875,13.8359375,15.6953125,16.875,17.789062,18.453125,18.9375,19.242188,19.429688,19.4375
6884,2021-07-27 13:30:00,3498,14.734375,14.125,14.078125,13.8359375,13.7265625,13.78125,13.7109375,13.6875,13.8046875,15.6875,16.875,17.773438,18.445312,18.929688,19.242188,19.429688,19.4375
6885,2021-07-27 13:45:00,3492,14.6015625,14.0546875,14.0390625,13.875,13.7421875,13.7734375,13.71875,13.609375,13.7265625,15.6875,16.867188,17.773438,18.4375,18.921875,19.234375,19.421875,19.421875
6886,2021-07-27 14:00:00,3492,15.0234375,14.796875,14.8984375,14.765625,14.71875,14.75,14.6640625,14.40625,14.3125,15.6796875,16.859375,17.757812,18.429688,18.914062,19.226562,19.40625,19.421875
6887,2021-07-27 14:15:00,3498,15.3046875,14.9453125,14.9765625,14.8515625,14.8203125,14.859375,14.8125,14.7265625,14.6953125,15.796875,16.859375,17.75,18.421875,18.90625,19.226562,19.40625,19.40625
6888,2021-07-27 14:30:00,3498,15.7109375,15.421875,15.4375,15.234375,15.1015625,15.1328125,15.0546875,14.9453125,14.9140625,15.8671875,16.859375,17.75,18.414062,18.890625,19.210938,19.398438,19.40625
6889,2021-07-27 14:45:00,3486,16.132812,15.8359375,15.828125,15.703125,15.6171875,15.625,15.5546875,15.4453125,15.390625,15.9765625,16.84375,17.734375,18.40625,18.898438,19.210938,19.390625,19.398438
6890,2021-07-27 15:00:00,3498,16.953125,16.78125,16.726562,16.484375,16.289062,16.265625,16.140625,16.007812,15.890625,16.109375,16.851562,17.726562,18.398438,18.890625,19.203125,19.382812,19.390625
6891,2021-07-27 15:15:00,3492,18.0,17.851562,17.796875,17.5625,17.25,17.125,16.890625,16.632812,16.367188,16.25,16.859375,17.71875,18.390625,18.882812,19.195312,19.375,19.382812
6892,2021-07-27 15:30:00,3492,18.132812,17.546875,17.46875,17.398438,17.265625,17.1875,17.023438,16.859375,16.648438,16.351562,16.867188,17.710938,18.382812,18.875,19.1875,19.367188,19.375
6893,2021-07-27 15:45:00,3498,17.6875,16.734375,16.578125,16.515625,16.40625,16.335938,16.25,16.242188,16.164062,16.359375,16.875,17.710938,18.375,18.867188,19.179688,19.359375,19.367188
6894,2021-07-27 16:00:00,3492,17.554688,16.789062,16.664062,16.460938,16.296875,16.296875,16.226562,16.117188,16.007812,16.328125,16.890625,17.695312,18.367188,18.867188,19.171875,19.351562,19.359375
6895,2021-07-27 16:15:00,3492,18.4375,18.15625,18.046875,17.84375,17.59375,17.507812,17.351562,17.125,16.875,16.46875,16.90625,17.695312,18.351562,18.851562,19.171875,19.34375,19.351562
6896,2021-07-27 16:30:00,3492,19.382812,19.015625,18.898438,18.71875,18.507812,18.429688,18.234375,17.953125,17.59375,16.648438,16.921875,17.6875,18.351562,18.84375,19.15625,19.34375,19.351562
6897,2021-07-27 16:45:00,3498,19.15625,18.171875,18.015625,17.976562,17.984375,17.953125,17.84375,17.75,17.515625,16.742188,16.929688,17.6875,18.34375,18.835938,19.15625,19.335938,19.335938
6898,2021-07-27 17:00:00,3504,19.6875,18.984375,18.867188,18.726562,18.578125,18.546875,18.398438,18.203125,17.898438,16.859375,16.960938,17.679688,18.335938,18.835938,19.148438,19.328125,19.335938
6899,2021-07-27 17:15:00,3498,20.03125,19.492188,19.328125,19.117188,18.898438,18.796875,18.632812,18.460938,18.15625,16.945312,16.976562,17.679688,18.328125,18.820312,19.140625,19.320312,19.328125
6900,2021-07-27 17:30:00,3504,26.265625,26.679688,26.898438,25.9375,24.796875,24.296875,23.515625,22.4375,20.9375,17.453125,17.0,17.671875,18.320312,18.8125,19.132812,19.3125,19.3125
6901,2021-07-27 17:45:00,3498,29.585938,28.585938,28.5,27.890625,27.335938,27.015625,26.523438,25.851562,24.34375,17.773438,17.03125,17.679688,18.3125,18.8125,19.132812,19.3125,19.3125
6902,2021-07-27 18:00:00,3510,29.953125,27.570312,27.0,26.445312,26.132812,25.914062,25.640625,25.398438,24.5625,18.226562,17.070312,17.671875,18.3125,18.804688,19.125,19.289062,19.3125
6903,2021-07-27 18:15:00,3504,30.257812,27.734375,27.015625,26.578125,26.351562,26.171875,25.929688,25.703125,25.0,18.523438,17.125,17.679688,18.304688,18.796875,19.117188,19.289062,19.296875
6904,2021-07-27 18:30:00,3510,29.617188,27.132812,26.398438,26.015625,25.898438,25.734375,25.507812,25.328125,24.789062,18.703125,17.179688,17.679688,18.296875,18.789062,19.109375,19.28125,19.289062
6905,2021-07-27 18:45:00,3522,30.960938,29.398438,28.484375,28.023438,27.742188,27.539062,27.195312,26.890625,26.03125,18.976562,17.25,17.6875,18.296875,18.789062,19.101562,19.28125,19.289062
6906,2021-07-27 19:00:00,3516,31.476562,29.625,28.148438,27.875,27.8125,27.703125,27.539062,27.273438,26.570312,19.3125,17.320312,17.695312,18.289062,18.78125,19.09375,19.273438,19.273438
6907,2021-07-27 19:15:00,3522,30.859375,28.78125,27.59375,27.273438,27.273438,27.046875,27.039062,26.71875,26.21875,19.476562,17.382812,17.710938,18.28125,18.765625,19.085938,19.265625,19.273438
6908,2021-07-27 19:30:00,3528,31.890625,30.65625,28.960938,28.6875,28.515625,28.601562,28.164062,27.75,27.015625,19.75,17.460938,17.71875,18.28125,18.765625,19.085938,19.257812,19.257812
6909,2021-07-27 19:45:00,3528,31.617188,29.90625,28.335938,28.140625,28.117188,28.109375,27.742188,27.617188,27.15625,19.882812,17.546875,17.734375,18.273438,18.765625,19.070312,19.25,19.257812
6910,2021-07-27 20:00:00,3534,31.4375,29.117188,27.804688,27.851562,27.921875,27.945312,27.867188,27.835938,27.414062,20.085938,17.625,17.75,18.273438,18.75,19.070312,19.234375,19.25
6911,2021-07-27 20:15:00,3540,31.726562,29.375,28.226562,28.40625,28.429688,28.429688,28.367188,28.304688,27.789062,20.25,17.710938,17.765625,18.273438,18.742188,19.054688,19.242188,19.25
6912,2021-07-27 19:00:00,3516,31.476562,29.625,28.148438,27.875,27.8125,27.703125,27.539062,27.273438,26.570312,19.3125,17.320312,17.695312,18.289062,18.78125,19.09375,19.273438,19.273438
6913,2021-07-27 19:15:00,3522,30.859375,28.78125,27.59375,27.273438,27.273438,27.046875,27.039062,26.71875,26.21875,19.476562,17.382812,17.710938,18.28125,18.765625,19.085938,19.265625,19.273438
6914,2021-07-27 19:30:00,3528,31.890625,30.65625,28.960938,28.6875,28.515625,28.601562,28.164062,27.75,27.015625,19.75,17.460938,17.71875,18.28125,18.765625,19.085938,19.257812,19.257812
6915,2021-07-27 19:45:00,3528,31.617188,29.90625,28.335938,28.140625,28.117188,28.109375,27.742188,27.617188,27.15625,19.882812,17.546875,17.734375,18.273438,18.765625,19.070312,19.25,19.257812
6916,2021-07-27 20:00:00,3534,31.4375,29.117188,27.804688,27.851562,27.921875,27.945312,27.867188,27.835938,27.414062,20.085938,17.625,17.75,18.273438,18.75,19.070312,19.234375,19.25
6917,2021-07-27 20:15:00,3540,31.726562,29.375,28.226562,28.40625,28.429688,28.429688,28.367188,28.304688,27.789062,20.25,17.710938,17.765625,18.273438,18.742188,19.054688,19.242188,19.25
6918,2021-07-27 20:30:00,3534,31.445312,28.59375,27.75,27.75,27.898438,27.828125,27.765625,27.742188,27.445312,20.351562,17.789062,17.789062,18.273438,18.734375,19.054688,19.226562,19.234375
6919,2021-07-27 20:45:00,3534,31.046875,28.609375,27.5,27.546875,27.570312,27.515625,27.4375,27.429688,27.132812,20.382812,17.875,17.8125,18.273438,18.726562,19.039062,19.21875,19.234375
6920,2021-07-27 21:00:00,3534,30.492188,28.40625,27.164062,27.375,27.296875,27.351562,27.382812,27.4375,27.140625,20.484375,17.960938,17.828125,18.265625,18.726562,19.03125,19.21875,19.226562
6921,2021-07-27 21:15:00,3534,30.710938,28.109375,27.132812,27.375,27.195312,27.3125,27.40625,27.492188,27.28125,20.585938,18.039062,17.859375,18.273438,18.71875,19.023438,19.203125,19.226562
6922,2021-07-27 21:30:00,3540,30.101562,27.148438,26.179688,26.421875,26.34375,26.484375,26.742188,26.734375,26.601562,20.601562,18.109375,17.890625,18.273438,18.710938,19.023438,19.203125,19.21875
6923,2021-07-27 21:45:00,3540,29.203125,25.9375,25.375,25.59375,25.695312,26.015625,26.335938,26.640625,26.734375,20.726562,18.1875,17.914062,18.273438,18.703125,19.023438,19.195312,19.203125
6924,2021-07-27 22:00:00,3540,28.773438,25.726562,24.945312,25.054688,25.28125,25.6875,25.929688,26.046875,26.09375,20.679688,18.257812,17.945312,18.28125,18.703125,19.007812,19.1875,19.203125
6925,2021-07-27 22:15:00,3540,28.101562,25.21875,24.515625,24.585938,24.890625,25.359375,25.515625,25.679688,25.59375,20.617188,18.335938,17.976562,18.289062,18.695312,19.007812,19.179688,19.195312
6926,2021-07-27 22:30:00,3540,27.179688,24.34375,24.132812,24.328125,24.671875,25.226562,25.375,25.59375,25.601562,20.617188,18.398438,18.007812,18.289062,18.6875,18.992188,19.171875,19.195312
6927,2021-07-27 22:45:00,3540,27.703125,26.367188,26.28125,26.226562,26.34375,26.898438,26.632812,26.367188,25.914062,20.632812,18.460938,18.039062,18.296875,18.6875,18.992188,19.171875,19.179688
6928,2021-07-27 23:00:00,3540,26.617188,24.359375,24.226562,24.335938,24.632812,24.953125,24.960938,25.0625,25.0,20.5625,18.515625,18.078125,18.304688,18.679688,18.984375,19.164062,19.1875
6929,2021-07-27 23:15:00,3540,25.78125,24.375,23.96875,24.140625,24.414062,24.734375,24.648438,24.648438,24.523438,20.507812,18.570312,18.109375,18.3125,18.6875,18.984375,19.164062,19.171875
6930,2021-07-27 23:30:00,3540,24.21875,22.585938,22.257812,22.289062,22.28125,22.335938,22.367188,22.585938,22.734375,20.304688,18.625,18.148438,18.320312,18.679688,18.976562,19.15625,19.171875
6931,2021-07-27 23:45:00,3540,23.210938,22.070312,21.78125,21.742188,21.601562,21.5625,21.46875,21.515625,21.539062,20.007812,18.671875,18.171875,18.328125,18.679688,18.96875,19.148438,19.171875
6932,2021-07-28 00:00:00,3540,22.476562,21.570312,21.34375,21.28125,21.101562,21.046875,20.898438,20.898438,20.882812,19.804688,18.703125,18.21875,18.335938,18.679688,18.96875,19.140625,19.171875
6933,2021-07-28 00:15:00,3540,21.765625,21.0,20.726562,20.648438,20.445312,20.34375,20.164062,20.171875,20.195312,19.632812,18.734375,18.242188,18.351562,18.679688,18.960938,19.132812,19.164062
6934,2021-07-28 00:30:00,3540,21.023438,20.09375,19.851562,19.859375,19.726562,19.59375,19.46875,19.523438,19.578125,19.453125,18.757812,18.28125,18.359375,18.671875,18.960938,19.132812,19.164062
6935,2021-07-28 00:45:00,3540,19.953125,18.851562,18.5625,18.578125,18.507812,18.476562,18.476562,18.648438,18.859375,19.265625,18.773438,18.3125,18.375,18.671875,18.953125,19.132812,19.164062
6936,2021-07-28 01:00:00,3540,19.25,18.570312,18.328125,18.265625,18.101562,18.0625,18.023438,18.164062,18.375,19.109375,18.765625,18.335938,18.390625,18.679688,18.945312,19.132812,19.15625
6937,2021-07-28 01:15:00,3540,18.6875,18.109375,17.90625,17.859375,17.664062,17.65625,17.578125,17.695312,17.914062,18.96875,18.773438,18.367188,18.40625,18.679688,18.945312,19.125,19.164062
6938,2021-07-28 01:30:00,3540,18.015625,17.453125,17.28125,17.296875,17.179688,17.140625,17.09375,17.265625,17.476562,18.8125,18.765625,18.390625,18.414062,18.679688,18.945312,19.117188,19.15625
6939,2021-07-28 01:45:00,3546,17.585938,17.195312,17.03125,16.992188,16.820312,16.789062,16.75,16.921875,17.1875,18.6875,18.757812,18.421875,18.4375,18.679688,18.9375,19.117188,19.164062
6940,2021-07-28 02:00:00,3540,17.109375,16.6875,16.53125,16.515625,16.390625,16.367188,16.375,16.601562,16.890625,18.578125,18.75,18.4375,18.445312,18.6875,18.9375,19.109375,19.164062
6941,2021-07-28 02:15:00,3540,16.539062,16.078125,15.984375,16.023438,15.9609375,15.9921875,16.03125,16.25,16.5625,18.46875,18.726562,18.460938,18.460938,18.6875,18.9375,19.109375,19.164062
6942,2021-07-28 02:30:00,3540,15.7734375,15.234375,15.15625,15.296875,15.34375,15.4140625,15.5546875,15.875,16.273438,18.351562,18.710938,18.476562,18.476562,18.695312,18.9375,19.109375,19.15625
6943,2021-07-28 02:45:00,3534,15.046875,14.640625,14.59375,14.765625,14.859375,14.9765625,15.1328125,15.46875,15.890625,18.203125,18.6875,18.492188,18.492188,18.695312,18.9375,19.109375,19.164062
6944,2021-07-28 03:00:00,3540,14.4765625,14.1484375,14.125,14.3359375,14.453125,14.609375,14.8046875,15.1953125,15.6796875,18.109375,18.664062,18.507812,18.507812,18.703125,18.9375,19.109375,19.164062
6945,2021-07-28 03:15:00,3540,14.109375,13.9765625,13.9375,14.0703125,14.140625,14.265625,14.46875,14.84375,15.375,18.015625,18.640625,18.523438,18.523438,18.710938,18.9375,19.109375,19.171875
6946,2021-07-28 03:30:00,3534,13.7578125,13.6171875,13.625,13.78125,13.875,14.0234375,14.25,14.65625,15.2109375,17.914062,18.617188,18.539062,18.539062,18.710938,18.9375,19.101562,19.179688
6947,2021-07-28 03:45:00,3534,13.609375,13.46875,13.484375,13.671875,13.78125,13.9609375,14.1796875,14.5703125,15.1015625,17.835938,18.59375,18.554688,18.546875,18.726562,18.945312,19.109375,19.179688
6948,2021-07-28 04:00:00,3534,13.234375,12.984375,13.015625,13.3359375,13.5859375,13.78125,14.125,14.5078125,15.0078125,17.695312,18.5625,18.554688,18.5625,18.726562,18.945312,19.109375,19.1875
6949,2021-07-28 04:15:00,3528,12.890625,12.734375,12.765625,13.0390625,13.2421875,13.4453125,13.7734375,14.2890625,14.96875,17.617188,18.539062,18.570312,18.578125,18.734375,18.9375,19.109375,19.195312
6950,2021-07-28 04:30:00,3540,12.625,12.5234375,12.609375,12.921875,13.140625,13.390625,13.7421875,14.1875,14.7265625,17.507812,18.515625,18.570312,18.601562,18.75,18.945312,19.109375,19.1875
6951,2021-07-28 04:45:00,3540,12.578125,12.7109375,12.7421875,12.9375,13.0390625,13.2109375,13.4296875,13.828125,14.3671875,17.429688,18.476562,18.578125,18.609375,18.757812,18.945312,19.109375,19.195312
6952,2021-07-28 05:00:00,3540,12.4921875,12.546875,12.625,12.8828125,13.0390625,13.2578125,13.484375,13.796875,14.1171875,17.265625,18.445312,18.585938,18.625,18.757812,18.953125,19.117188,19.203125
6953,2021-07-28 05:15:00,3534,12.453125,12.5625,12.6171875,12.828125,12.9765625,13.171875,13.4609375,13.8515625,14.34375,17.296875,18.414062,18.585938,18.632812,18.773438,18.953125,19.125,19.210938
6954,2021-07-28 05:30:00,3528,12.234375,12.125,12.265625,12.5859375,12.84375,13.046875,13.34375,13.7265625,14.28125,17.242188,18.382812,18.59375,18.648438,18.78125,18.960938,19.125,19.21875
6955,2021-07-28 05:45:00,3534,12.21875,12.296875,12.4453125,12.7265625,12.9296875,13.1875,13.453125,13.8125,14.375,17.210938,18.351562,18.585938,18.65625,18.789062,18.96875,19.132812,19.21875
6956,2021-07-28 06:00:00,3534,12.4765625,12.765625,12.8984375,13.1171875,13.2109375,13.3671875,13.5,13.7265625,14.171875,17.15625,18.320312,18.585938,18.664062,18.796875,18.96875,19.132812,19.226562
6957,2021-07-28 06:15:00,3540,12.4765625,12.6171875,12.75,12.9375,13.0390625,13.2421875,13.359375,13.5703125,13.9453125,17.023438,18.289062,18.585938,18.679688,18.804688,18.976562,19.140625,19.234375
6958,2021-07-28 06:30:00,3540,12.4453125,12.5,12.625,12.8125,12.9453125,13.0859375,13.1796875,13.3671875,13.7421875,16.953125,18.265625,18.585938,18.6875,18.820312,18.976562,19.140625,19.242188
6959,2021-07-28 06:45:00,3522,12.484375,12.6015625,12.640625,12.6640625,12.703125,12.84375,12.9609375,13.234375,13.6640625,16.859375,18.234375,18.585938,18.695312,18.820312,18.992188,19.148438,19.25
6960,2021-07-28 07:00:00,3540,12.5390625,12.7265625,12.75,12.796875,12.8125,12.9296875,13.0078125,13.203125,13.5625,16.796875,18.210938,18.585938,18.710938,18.828125,18.992188,19.148438,19.257812
6961,2021-07-28 07:15:00,3528,12.4765625,12.7109375,12.6953125,12.6484375,12.6796875,12.8515625,12.96875,13.171875,13.5703125,16.78125,18.171875,18.578125,18.71875,18.835938,18.992188,19.164062,19.265625
6962,2021-07-28 07:30:00,3528,12.65625,12.984375,13.015625,12.9609375,12.921875,13.0859375,13.1796875,13.3671875,13.75,16.773438,18.140625,18.578125,18.71875,18.851562,19.007812,19.164062,19.273438
6963,2021-07-28 07:45:00,3528,12.9375,13.1953125,13.171875,13.046875,12.90625,13.0703125,13.1484375,13.2734375,13.640625,16.742188,18.109375,18.570312,18.726562,18.859375,19.007812,19.171875,19.273438
6964,2021-07-28 08:00:00,3522,13.0625,13.1953125,13.078125,12.9453125,12.78125,12.9375,12.9921875,13.15625,13.5703125,16.695312,18.085938,18.5625,18.734375,18.867188,19.015625,19.171875,19.296875
6965,2021-07-28 08:15:00,3528,13.1171875,13.1171875,13.0234375,12.9140625,12.7578125,12.8984375,12.9296875,12.984375,13.3515625,16.601562,18.0625,18.554688,18.742188,18.875,19.023438,19.179688,19.296875
6966,2021-07-28 08:30:00,3528,13.0859375,13.046875,12.984375,12.890625,12.734375,12.8984375,12.9375,13.0,13.28125,16.515625,18.03125,18.546875,18.75,18.882812,19.03125,19.1875,19.304688
6967,2021-07-28 08:45:00,3528,13.125,13.1171875,13.0,12.8515625,12.6875,12.8671875,12.9296875,13.0,13.1484375,16.4375,18.0,18.539062,18.757812,18.890625,19.03125,19.195312,19.3125
6968,2021-07-28 09:00:00,3528,13.0625,13.078125,13.0390625,13.03125,12.8828125,13.0234375,13.046875,13.171875,13.34375,16.40625,17.976562,18.539062,18.757812,18.898438,19.039062,19.195312,19.320312
6969,2021-07-28 09:15:00,3528,12.7265625,12.7890625,12.8984375,13.078125,13.03125,13.109375,13.1171875,13.2109375,13.4375,16.453125,17.960938,18.523438,18.765625,18.898438,19.046875,19.203125,19.328125
6970,2021-07-28 09:30:00,3528,12.375,12.390625,12.4453125,12.6796875,12.8125,13.015625,13.2421875,13.5546875,13.90625,16.523438,17.921875,18.515625,18.765625,18.914062,19.054688,19.210938,19.328125
6971,2021-07-28 09:45:00,3522,11.984375,12.0703125,12.2734375,12.5859375,12.734375,12.9140625,13.0546875,13.2421875,13.5546875,16.476562,17.898438,18.507812,18.773438,18.921875,19.0625,19.21875,19.335938
6972,2021-07-28 10:00:00,3522,11.7578125,11.84375,11.921875,12.171875,12.3515625,12.5546875,12.8046875,13.1171875,13.546875,16.46875,17.875,18.5,18.773438,18.921875,19.070312,19.226562,19.34375
6973,2021-07-28 10:15:00,3522,11.515625,11.6328125,11.75,12.0078125,12.203125,12.3828125,12.71875,13.2109375,13.765625,16.429688,17.851562,18.492188,18.773438,18.9375,19.078125,19.234375,19.351562
6974,2021-07-28 10:30:00,3522,11.3125,11.4375,11.53125,11.7890625,11.984375,12.171875,12.5078125,12.9765625,13.53125,16.375,17.828125,18.476562,18.773438,18.9375,19.085938,19.234375,19.359375
6975,2021-07-28 10:45:00,3522,11.25,11.453125,11.578125,11.8125,11.9609375,12.140625,12.453125,12.859375,13.4375,16.335938,17.8125,18.46875,18.78125,18.945312,19.085938,19.242188,19.367188
6976,2021-07-28 11:00:00,3528,11.203125,11.3359375,11.3828125,11.5703125,11.6796875,11.8203125,12.015625,12.3515625,12.8125,16.234375,17.78125,18.453125,18.78125,18.945312,19.09375,19.25,19.367188
6977,2021-07-28 11:15:00,3528,11.0703125,11.25,11.28125,11.453125,11.609375,11.7109375,12.0,12.421875,13.078125,16.242188,17.757812,18.453125,18.773438,18.953125,19.09375,19.257812,19.375
6978,2021-07-28 11:30:00,3528,11.03125,11.265625,11.3125,11.4453125,11.4921875,11.578125,11.75,12.1015625,12.640625,16.140625,17.742188,18.4375,18.78125,18.953125,19.109375,19.265625,19.382812
6979,2021-07-28 11:45:00,3522,11.0234375,11.140625,11.1328125,11.3046875,11.484375,11.671875,11.921875,12.2890625,12.859375,16.148438,17.710938,18.421875,18.773438,18.960938,19.117188,19.265625,19.390625
6980,2021-07-28 12:00:00,3528,10.953125,11.0,11.015625,11.171875,11.28125,11.4296875,11.6484375,11.9765625,12.4765625,16.070312,17.6875,18.421875,18.773438,18.960938,19.117188,19.273438,19.390625
6981,2021-07-28 12:15:00,3522,10.875,10.953125,10.8828125,11.0078125,11.125,11.2421875,11.4609375,11.8046875,12.34375,16.0,17.664062,18.40625,18.773438,18.96875,19.125,19.28125,19.398438
6982,2021-07-28 12:30:00,3528,10.828125,10.8671875,10.8828125,11.03125,11.15625,11.3203125,11.53125,11.8828125,12.4296875,15.9609375,17.632812,18.398438,18.773438,18.976562,19.132812,19.28125,19.40625
6983,2021-07-28 12:45:00,3522,10.828125,10.9296875,10.96875,11.1328125,11.28125,11.4609375,11.734375,12.078125,12.625,15.953125,17.601562,18.382812,18.773438,18.976562,19.132812,19.289062,19.40625
6984,2021-07-28 13:00:00,3522,10.9140625,11.0546875,11.0625,11.2109375,11.3203125,11.4296875,11.6640625,12.03125,12.65625,16.0,17.578125,18.367188,18.773438,18.984375,19.140625,19.296875,19.40625
6985,2021-07-28 13:15:00,3522,10.9375,11.0546875,11.0703125,11.15625,11.21875,11.34375,11.5234375,11.8671875,12.4609375,15.953125,17.554688,18.351562,18.765625,18.984375,19.140625,19.296875,19.421875
6986,2021-07-28 13:30:00,3522,10.8828125,11.0234375,11.0625,11.171875,11.265625,11.3984375,11.6171875,11.96875,12.4921875,15.9296875,17.53125,18.34375,18.765625,18.992188,19.148438,19.304688,19.421875
6987,2021-07-28 13:45:00,3522,10.9609375,11.1796875,11.3359375,11.515625,11.6015625,11.796875,12.0390625,12.4140625,12.984375,15.9453125,17.507812,18.335938,18.757812,18.992188,19.15625,19.3125,19.429688
6988,2021-07-28 14:00:00,3510,11.1484375,11.40625,11.46875,11.6015625,11.671875,11.8203125,12.0390625,12.3828125,12.9453125,15.9609375,17.484375,18.320312,18.757812,18.992188,19.15625,19.320312,19.429688
6989,2021-07-28 14:15:00,3510,11.484375,11.8046875,11.8671875,11.9765625,12.0078125,12.1015625,12.2421875,12.5390625,13.0234375,15.96875,17.460938,18.304688,18.75,18.992188,19.164062,19.320312,19.4375
6990,2021-07-28 14:30:00,3510,13.703125,14.8984375,14.4453125,13.9609375,13.578125,13.3984375,13.3203125,13.4140625,13.6015625,16.023438,17.4375,18.289062,18.75,19.0,19.164062,19.328125,19.4375
6991,2021-07-28 14:45:00,3510,16.351562,17.414062,16.585938,15.625,15.09375,14.8671875,14.7734375,14.71875,14.7265625,16.179688,17.421875,18.28125,18.742188,19.0,19.171875,19.335938,19.445312
6992,2021-07-28 15:00:00,3522,17.203125,17.640625,17.0625,16.1875,15.7734375,15.5078125,15.3671875,15.3125,15.28125,16.359375,17.40625,18.265625,18.742188,19.0,19.171875,19.335938,19.445312
6993,2021-07-28 15:15:00,3522,18.40625,19.5,18.90625,17.804688,17.234375,16.789062,16.492188,16.273438,16.132812,16.554688,17.390625,18.25,18.734375,19.0,19.179688,19.34375,19.453125
6994,2021-07-28 15:30:00,3516,19.476562,18.914062,19.257812,18.625,18.28125,17.742188,17.390625,17.070312,16.734375,16.71875,17.390625,18.234375,18.726562,19.007812,19.179688,19.34375,19.445312
6995,2021-07-28 15:45:00,3522,20.71875,19.304688,18.726562,18.859375,18.75,18.351562,18.0625,17.773438,17.328125,16.890625,17.390625,18.226562,18.71875,19.0,19.1875,19.34375,19.453125
6996,2021-07-28 16:00:00,3522,22.164062,21.132812,20.195312,19.570312,19.304688,19.023438,18.71875,18.445312,17.929688,17.046875,17.414062,18.210938,18.710938,19.007812,19.1875,19.351562,19.453125
6997,2021-07-28 16:15:00,3516,23.296875,21.578125,21.0,20.8125,20.546875,20.257812,19.84375,19.476562,18.828125,17.265625,17.421875,18.203125,18.703125,19.0,19.1875,19.351562,19.453125
6998,2021-07-28 16:30:00,3516,23.351562,21.132812,20.796875,20.914062,20.9375,20.609375,20.304688,20.054688,19.546875,17.453125,17.445312,18.195312,18.695312,19.0,19.195312,19.359375,19.460938
6999,2021-07-28 16:45:00,3516,22.867188,21.265625,20.820312,20.59375,20.296875,20.101562,19.84375,19.710938,19.226562,17.507812,17.46875,18.179688,18.703125,19.0,19.203125,19.359375,19.460938
7000,2021-07-28 17:00:00,3522,24.15625,22.445312,22.023438,21.914062,21.625,21.390625,21.117188,20.898438,20.3125,17.703125,17.492188,18.171875,18.695312,19.0,19.195312,19.359375,19.460938
7001,2021-07-28 17:15:00,3522,25.757812,23.960938,23.679688,23.695312,23.242188,22.914062,22.585938,22.25,21.5,17.984375,17.53125,18.171875,18.6875,19.0,19.195312,19.359375,19.46875
7002,2021-07-28 17:30:00,3522,26.375,24.210938,23.84375,24.3125,23.421875,23.125,22.890625,22.664062,22.039062,18.226562,17.5625,18.171875,18.679688,19.007812,19.203125,19.375,19.46875
7003,2021-07-28 17:45:00,3522,26.648438,24.390625,24.117188,24.054688,23.5625,23.3125,23.09375,22.914062,22.398438,18.429688,17.601562,18.171875,18.679688,19.0,19.210938,19.359375,19.46875
7004,2021-07-28 18:00:00,3522,27.007812,24.320312,24.078125,23.96875,23.890625,23.679688,23.570312,23.5,23.0625,18.632812,17.648438,18.164062,18.671875,19.0,19.203125,19.375,19.46875
7005,2021-07-28 18:15:00,3522,28.96875,27.632812,26.976562,26.460938,25.875,25.570312,25.148438,24.703125,23.898438,18.90625,17.703125,18.171875,18.664062,18.992188,19.203125,19.375,19.46875
7006,2021-07-28 18:30:00,3528,30.3125,27.984375,27.382812,27.109375,26.851562,26.617188,26.359375,26.117188,25.34375,19.242188,17.757812,18.171875,18.664062,19.0,19.203125,19.375,19.46875
7007,2021-07-28 18:45:00,3528,30.054688,27.5625,26.789062,26.351562,26.101562,25.945312,25.757812,25.648438,25.140625,19.421875,17.8125,18.179688,18.65625,18.992188,19.210938,19.375,19.46875
7008,2021-07-28 19:00:00,3528,30.898438,28.90625,27.71875,27.296875,27.234375,26.914062,26.734375,26.578125,25.953125,19.671875,17.882812,18.179688,18.65625,18.992188,19.210938,19.375,19.46875
7009,2021-07-28 19:15:00,3522,30.960938,28.195312,27.039062,26.921875,27.0,26.929688,26.9375,26.773438,26.328125,19.914062,17.9375,18.203125,18.648438,18.992188,19.210938,19.382812,19.460938
7010,2021-07-28 19:30:00,3528,30.4375,27.226562,26.28125,26.203125,26.484375,26.421875,26.375,26.335938,26.070312,20.054688,18.015625,18.210938,18.648438,18.992188,19.210938,19.375,19.46875
7011,2021-07-28 19:45:00,3540,30.828125,28.65625,27.335938,27.390625,27.273438,27.453125,27.148438,27.023438,26.609375,20.195312,18.085938,18.226562,18.648438,18.984375,19.210938,19.382812,19.46875
7012,2021-07-28 20:00:00,3528,31.273438,28.75,27.570312,27.679688,27.757812,27.804688,27.625,27.53125,27.132812,20.40625,18.164062,18.242188,18.640625,18.984375,19.210938,19.382812,19.460938
7013,2021-07-28 20:15:00,3528,30.820312,27.695312,26.765625,27.085938,27.328125,27.296875,27.335938,27.414062,27.179688,20.5625,18.234375,18.257812,18.640625,18.984375,19.210938,19.375,19.46875
7014,2021-07-28 20:30:00,3534,30.0625,27.507812,26.289062,26.671875,26.765625,26.710938,26.757812,26.742188,26.59375,20.546875,18.320312,18.273438,18.648438,18.984375,19.210938,19.382812,19.46875
7015,2021-07-28 20:45:00,3540,29.835938,27.632812,26.328125,26.828125,26.578125,26.476562,26.507812,26.5625,26.390625,20.59375,18.382812,18.296875,18.640625,18.984375,19.210938,19.382812,19.460938
7016,2021-07-28 21:00:00,3540,30.3125,28.164062,27.015625,27.460938,27.039062,26.984375,27.023438,27.015625,26.835938,20.710938,18.460938,18.320312,18.648438,18.976562,19.203125,19.382812,19.460938
7017,2021-07-28 21:15:00,3540,29.804688,27.90625,27.289062,27.546875,27.351562,27.710938,27.695312,27.585938,27.25,20.859375,18.53125,18.351562,18.648438,18.976562,19.210938,19.382812,19.460938
7018,2021-07-28 21:30:00,3540,28.648438,26.171875,25.421875,25.546875,25.53125,25.703125,25.8125,25.921875,25.882812,20.796875,18.601562,18.375,18.65625,18.984375,19.210938,19.390625,19.460938
7019,2021-07-28 21:45:00,3540,28.390625,25.648438,25.054688,24.992188,25.125,25.46875,25.492188,25.539062,25.382812,20.6875,18.664062,18.398438,18.664062,18.96875,19.210938,19.382812,19.460938
7020,2021-07-28 22:00:00,3540,28.703125,26.757812,26.171875,26.039062,25.992188,26.476562,26.28125,26.070312,25.648438,20.679688,18.726562,18.421875,18.664062,18.976562,19.210938,19.390625,19.46875
7021,2021-07-28 22:15:00,3534,28.375,25.78125,25.210938,25.304688,25.320312,25.71875,25.554688,25.570312,25.4375,20.679688,18.789062,18.453125,18.671875,18.976562,19.210938,19.382812,19.460938
7022,2021-07-28 22:30:00,3546,27.53125,25.101562,24.84375,24.851562,25.03125,25.414062,25.335938,25.226562,25.015625,20.6875,18.84375,18.476562,18.679688,18.976562,19.210938,19.382812,19.46875
7023,2021-07-28 22:45:00,3546,26.632812,23.695312,23.40625,23.53125,23.765625,24.023438,24.0625,24.132812,24.21875,20.5625,18.898438,18.507812,18.6875,18.96875,19.210938,19.382812,19.46875
7024,2021-07-28 23:00:00,3540,25.585938,23.695312,23.070312,23.203125,23.367188,23.804688,23.71875,23.75,23.710938,20.445312,18.9375,18.539062,18.695312,18.976562,19.210938,19.390625,19.46875
7025,2021-07-28 23:15:00,3540,24.828125,23.03125,22.773438,22.828125,22.953125,23.125,23.171875,23.265625,23.296875,20.34375,18.984375,18.570312,18.695312,18.976562,19.210938,19.382812,19.46875
7026,2021-07-28 23:30:00,3540,23.117188,21.757812,21.492188,21.453125,21.351562,21.382812,21.351562,21.476562,21.59375,20.078125,19.015625,18.601562,18.71875,18.976562,19.210938,19.382812,19.476562
7027,2021-07-28 23:45:00,3546,21.640625,20.414062,20.25,20.265625,20.21875,20.273438,20.25,20.359375,20.492188,19.820312,19.046875,18.632812,18.71875,18.976562,19.210938,19.390625,19.476562
7028,2021-07-29 00:00:00,3546,20.742188,20.015625,19.828125,19.796875,19.648438,19.703125,19.625,19.679688,19.765625,19.625,19.0625,18.65625,18.734375,18.984375,19.210938,19.390625,19.476562
7029,2021-07-29 00:15:00,3546,19.859375,18.960938,18.796875,18.789062,18.726562,18.75,18.757812,18.914062,19.125,19.445312,19.078125,18.6875,18.75,18.984375,19.210938,19.382812,19.476562
7030,2021-07-29 00:30:00,3540,19.15625,18.4375,18.328125,18.34375,18.289062,18.320312,18.296875,18.429688,18.585938,19.234375,19.078125,18.71875,18.765625,18.992188,19.210938,19.390625,19.476562
7031,2021-07-29 00:45:00,3546,18.546875,17.890625,17.75,17.75,17.671875,17.6875,17.695312,17.851562,18.0625,19.085938,19.078125,18.742188,18.773438,19.0,19.21875,19.390625,19.484375
7032,2021-07-29 01:00:00,3540,18.0625,17.625,17.515625,17.492188,17.375,17.390625,17.34375,17.46875,17.664062,18.953125,19.070312,18.773438,18.789062,18.992188,19.21875,19.390625,19.484375
7033,2021-07-29 01:15:00,3540,17.640625,17.179688,17.054688,17.007812,16.929688,16.953125,16.960938,17.117188,17.359375,18.84375,19.054688,18.796875,18.804688,19.0,19.21875,19.40625,19.5
7034,2021-07-29 01:30:00,3540,17.375,17.039062,16.921875,16.890625,16.765625,16.757812,16.734375,16.875,17.109375,18.710938,19.039062,18.8125,18.820312,19.007812,19.21875,19.398438,19.5
7035,2021-07-29 01:45:00,3540,17.179688,16.851562,16.71875,16.6875,16.546875,16.554688,16.539062,16.710938,16.960938,18.632812,19.023438,18.828125,18.835938,19.015625,19.226562,19.40625,19.5
7036,2021-07-29 02:00:00,3540,16.992188,16.71875,16.570312,16.523438,16.335938,16.335938,16.320312,16.476562,16.710938,18.53125,19.007812,18.84375,18.84375,19.023438,19.226562,19.40625,19.507812
7037,2021-07-29 02:15:00,3540,16.851562,16.546875,16.398438,16.375,16.234375,16.21875,16.226562,16.398438,16.679688,18.46875,18.984375,18.859375,18.859375,19.03125,19.226562,19.40625,19.507812
7038,2021-07-29 02:30:00,3546,16.460938,16.023438,15.90625,15.9296875,15.875,15.9140625,15.953125,16.125,16.398438,18.351562,18.960938,18.882812,18.875,19.03125,19.234375,19.414062,19.515625
7039,2021-07-29 02:45:00,3540,16.320312,15.875,15.796875,15.875,15.84375,15.8671875,15.90625,16.085938,16.328125,18.289062,18.9375,18.890625,18.890625,19.039062,19.242188,19.421875,19.523438
7040,2021-07-29 03:00:00,3540,16.046875,15.5546875,15.421875,15.4609375,15.40625,15.4765625,15.6015625,15.8828125,16.132812,18.203125,18.914062,18.898438,18.90625,19.046875,19.242188,19.429688,19.53125
7041,2021-07-29 03:15:00,3546,15.5390625,15.1015625,14.9765625,14.984375,14.9609375,15.0234375,15.1015625,15.3125,15.6328125,18.078125,18.890625,18.90625,18.921875,19.0625,19.25,19.4375,19.53125
7042,2021-07-29 03:30:00,3540,15.2265625,14.828125,14.796875,14.8984375,14.90625,14.9765625,15.0390625,15.203125,15.5234375,17.992188,18.867188,18.921875,18.9375,19.070312,19.257812,19.4375,19.546875
7043,2021-07-29 03:45:00,3540,14.9140625,14.6328125,14.6328125,14.734375,14.671875,14.765625,14.84375,15.0859375,15.4609375,17.945312,18.851562,18.921875,18.945312,19.078125,19.257812,19.4375,19.554688
7044,2021-07-29 04:00:00,3540,14.625,14.3671875,14.3515625,14.484375,14.5234375,14.6875,14.84375,15.15625,15.53125,17.914062,18.820312,18.929688,18.960938,19.085938,19.265625,19.445312,19.5625
7045,2021-07-29 04:15:00,3540,14.2421875,13.8984375,13.953125,14.1953125,14.359375,14.5625,14.8125,15.1328125,15.5625,17.84375,18.789062,18.9375,18.984375,19.09375,19.273438,19.453125,19.5625
7046,2021-07-29 04:30:00,3540,13.9375,13.734375,13.6875,13.796875,13.890625,14.03125,14.2578125,14.5859375,15.015625,17.742188,18.765625,18.945312,18.984375,19.101562,19.273438,19.460938,19.578125
7047,2021-07-29 04:45:00,3540,13.75,13.4765625,13.4921875,13.6640625,13.7890625,13.921875,14.09375,14.3984375,14.75,17.648438,18.734375,18.945312,19.0,19.117188,19.28125,19.460938,19.585938
7048,2021-07-29 05:00:00,3546,13.5546875,13.40625,13.5390625,13.7734375,13.8515625,13.9921875,14.078125,14.3046875,14.59375,17.554688,18.71875,18.945312,19.007812,19.125,19.289062,19.46875,19.59375
7049,2021-07-29 05:15:00,3534,13.5390625,13.3828125,13.3984375,13.546875,13.578125,13.671875,13.75,13.953125,14.2578125,17.445312,18.6875,18.945312,19.023438,19.132812,19.296875,19.476562,19.601562
7050,2021-07-29 05:30:00,3534,13.5,13.234375,13.2734375,13.4609375,13.546875,13.6953125,13.7734375,13.9375,14.203125,17.359375,18.664062,18.953125,19.046875,19.148438,19.304688,19.484375,19.609375
7051,2021-07-29 05:45:00,3540,13.34375,13.1640625,13.1796875,13.2734375,13.328125,13.4765625,13.5859375,13.796875,14.2265625,17.351562,18.632812,18.945312,19.046875,19.15625,19.3125,19.492188,19.617188
7052,2021-07-29 06:00:00,3540,13.28125,13.28125,13.3359375,13.4375,13.4765625,13.671875,13.8203125,14.078125,14.5078125,17.335938,18.601562,18.945312,19.054688,19.164062,19.320312,19.5,19.625
7053,2021-07-29 06:15:00,3534,13.3359375,13.296875,13.359375,13.484375,13.5234375,13.6484375,13.7421875,13.9453125,14.3046875,17.273438,18.585938,18.945312,19.0625,19.179688,19.328125,19.507812,19.640625
7054,2021-07-29 06:30:00,3534,13.203125,13.078125,13.125,13.234375,13.2734375,13.453125,13.6328125,13.9375,14.3984375,17.289062,18.546875,18.9375,19.070312,19.1875,19.34375,19.515625,19.648438
7055,2021-07-29 06:45:00,3534,12.875,12.875,12.953125,13.140625,13.2578125,13.46875,13.65625,13.96875,14.3671875,17.265625,18.523438,18.945312,19.085938,19.195312,19.34375,19.523438,19.65625
7056,2021-07-29 07:00:00,3540,12.75,12.8046875,12.84375,12.9609375,13.03125,13.2109375,13.4296875,13.78125,14.2421875,17.21875,18.5,18.9375,19.085938,19.203125,19.359375,19.539062,19.664062
7057,2021-07-29 07:15:00,3528,12.5078125,12.484375,12.546875,12.6875,12.796875,12.9765625,13.25,13.6796875,14.2421875,17.210938,18.46875,18.929688,19.09375,19.21875,19.367188,19.539062,19.671875
7058,2021-07-29 07:30:00,3528,12.2578125,12.2578125,12.328125,12.5078125,12.65625,12.890625,13.21875,13.71875,14.3203125,17.179688,18.445312,18.921875,19.101562,19.226562,19.375,19.546875,19.679688
7059,2021-07-29 07:45:00,3534,12.046875,12.09375,12.203125,12.4453125,12.6171875,12.875,13.1953125,13.6171875,14.2109375,17.132812,18.421875,18.921875,19.109375,19.234375,19.382812,19.554688,19.6875
7060,2021-07-29 08:00:00,3528,12.015625,12.1015625,12.1640625,12.3671875,12.53125,12.7578125,13.0546875,13.4453125,14.03125,17.078125,18.398438,18.914062,19.117188,19.242188,19.390625,19.5625,19.703125
7061,2021-07-29 08:15:00,3528,12.1640625,12.390625,12.484375,12.6640625,12.7890625,13.0078125,13.2578125,13.6328125,14.140625,17.0625,18.375,18.914062,19.125,19.257812,19.398438,19.570312,19.71875
7062,2021-07-29 08:30:00,3528,12.1875,12.3515625,12.421875,12.5390625,12.640625,12.8515625,13.109375,13.46875,13.875,16.960938,18.359375,18.898438,19.125,19.257812,19.40625,19.585938,19.71875
7063,2021-07-29 08:45:00,3528,12.1640625,12.2734375,12.3359375,12.4453125,12.5234375,12.6875,12.90625,13.265625,13.8203125,16.960938,18.328125,18.890625,19.132812,19.273438,19.421875,19.585938,19.734375
7064,2021-07-29 09:00:00,3534,11.984375,12.0390625,12.1640625,12.390625,12.546875,12.8515625,13.1328125,13.515625,13.9296875,16.945312,18.3125,18.890625,19.140625,19.28125,19.429688,19.59375,19.734375
7065,2021-07-29 09:15:00,3528,11.8125,11.9453125,12.046875,12.2578125,12.4140625,12.6171875,12.90625,13.3046875,13.8671875,16.882812,18.28125,18.882812,19.140625,19.289062,19.4375,19.609375,19.75
7066,2021-07-29 09:30:00,3528,11.765625,11.9140625,11.984375,12.1484375,12.2578125,12.4609375,12.75,13.171875,13.7734375,16.84375,18.257812,18.875,19.148438,19.289062,19.445312,19.617188,19.75
7067,2021-07-29 09:45:00,3522,11.796875,11.875,11.9140625,12.078125,12.203125,12.40625,12.71875,13.1875,13.8359375,16.8125,18.242188,18.867188,19.148438,19.296875,19.453125,19.625,19.765625
7068,2021-07-29 10:00:00,3522,11.7109375,11.8125,11.765625,11.9609375,12.140625,12.3671875,12.7109375,13.125,13.7265625,16.734375,18.21875,18.851562,19.148438,19.304688,19.460938,19.632812,19.773438
7069,2021-07-29 10:15:00,3522,11.6640625,11.796875,11.8671875,12.046875,12.1640625,12.3671875,12.6484375,13.0546875,13.6171875,16.742188,18.195312,18.851562,19.148438,19.3125,19.46875,19.632812,19.78125
7070,2021-07-29 10:30:00,3522,11.59375,11.7265625,11.796875,11.9609375,12.0703125,12.2421875,12.5234375,12.8984375,13.4375,16.703125,18.171875,18.84375,19.15625,19.328125,19.476562,19.640625,19.789062
7071,2021-07-29 10:45:00,3522,11.8125,12.2421875,12.40625,12.5234375,12.5625,12.734375,12.9140625,13.2421875,13.6875,16.671875,18.148438,18.828125,19.15625,19.328125,19.484375,19.65625,19.789062
7072,2021-07-29 11:00:00,3522,12.1484375,12.4296875,12.5390625,12.625,12.7421875,12.921875,13.15625,13.4296875,13.8828125,16.710938,18.117188,18.828125,19.15625,19.335938,19.492188,19.664062,19.796875
7073,2021-07-29 11:15:00,3528,11.9296875,12.0,12.078125,12.1953125,12.3046875,12.484375,12.7265625,13.078125,13.5703125,16.640625,18.101562,18.820312,19.15625,19.34375,19.5,19.671875,19.804688
7074,2021-07-29 11:30:00,3522,11.7734375,11.84375,11.9140625,12.0390625,12.125,12.328125,12.5859375,12.9921875,13.53125,16.632812,18.070312,18.804688,19.15625,19.351562,19.507812,19.6875,19.8125
7075,2021-07-29 11:45:00,3522,11.640625,11.7890625,11.90625,12.1484375,12.3125,12.6171875,12.9765625,13.3671875,13.7578125,16.578125,18.054688,18.796875,19.15625,19.351562,19.515625,19.6875,19.820312
7076,2021-07-29 12:00:00,3522,11.7578125,12.1640625,12.3046875,12.3984375,12.4375,12.6328125,12.8125,13.1171875,13.5078125,16.523438,18.03125,18.78125,19.15625,19.359375,19.523438,19.695312,19.828125
7077,2021-07-29 12:15:00,3522,12.1640625,12.546875,12.703125,12.8515625,12.8984375,13.078125,13.2109375,13.5078125,13.8984375,16.570312,18.023438,18.765625,19.15625,19.367188,19.53125,19.703125,19.835938
7078,2021-07-29 12:30:00,3522,12.8046875,13.3828125,13.5546875,13.65625,13.6640625,13.796875,13.875,14.03125,14.265625,16.570312,18.0,18.757812,19.148438,19.367188,19.539062,19.710938,19.84375
7079,2021-07-29 12:45:00,3522,13.09375,13.421875,13.484375,13.578125,13.59375,13.6953125,13.78125,13.953125,14.2421875,16.632812,17.976562,18.75,19.15625,19.375,19.539062,19.710938,19.851562
7080,2021-07-29 13:00:00,3522,13.203125,13.359375,13.4453125,13.546875,13.59375,13.703125,13.796875,13.96875,14.265625,16.65625,17.960938,18.734375,19.148438,19.375,19.546875,19.726562,19.851562
7081,2021-07-29 13:15:00,3522,13.234375,13.4375,13.5234375,13.625,13.65625,13.7890625,13.84375,13.9765625,14.171875,16.640625,17.945312,18.726562,19.148438,19.382812,19.554688,19.734375,19.859375
7082,2021-07-29 13:30:00,3516,13.265625,13.4140625,13.390625,13.484375,13.515625,13.609375,13.703125,13.8359375,14.0625,16.617188,17.9375,18.71875,19.148438,19.382812,19.554688,19.734375,19.859375
7083,2021-07-29 13:45:00,3528,13.078125,13.078125,13.09375,13.109375,13.1796875,13.3359375,13.53125,13.7734375,14.1171875,16.632812,17.921875,18.703125,19.140625,19.382812,19.570312,19.742188,19.859375
7084,2021-07-29 14:00:00,3522,13.2109375,13.4375,13.4453125,13.4453125,13.421875,13.5703125,13.6640625,13.859375,14.0859375,16.617188,17.914062,18.6875,19.132812,19.390625,19.578125,19.75,19.875
7085,2021-07-29 14:15:00,3522,14.09375,14.5859375,14.5859375,14.546875,14.515625,14.59375,14.640625,14.7734375,14.9453125,16.71875,17.90625,18.6875,19.132812,19.390625,19.578125,19.75,19.875
7086,2021-07-29 14:30:00,3516,14.75,15.203125,15.1484375,15.015625,14.9609375,15.0390625,15.125,15.2734375,15.46875,16.851562,17.890625,18.671875,19.132812,19.390625,19.578125,19.757812,19.882812
7087,2021-07-29 14:45:00,3522,15.890625,16.453125,16.148438,15.4296875,15.0625,15.0,14.953125,15.0234375,15.2265625,16.90625,17.890625,18.664062,19.125,19.398438,19.585938,19.757812,19.875
7088,2021-07-29 15:00:00,3516,17.5,17.914062,17.546875,16.867188,16.421875,16.1875,16.023438,15.90625,15.9140625,17.015625,17.882812,18.65625,19.125,19.398438,19.585938,19.765625,19.882812
7089,2021-07-29 15:15:00,3516,18.445312,18.632812,18.203125,17.78125,17.3125,17.023438,16.8125,16.609375,16.460938,17.15625,17.882812,18.648438,19.117188,19.398438,19.59375,19.773438,19.890625
7090,2021-07-29 15:30:00,3522,19.539062,18.835938,19.09375,18.726562,18.414062,18.078125,17.84375,17.585938,17.265625,17.304688,17.882812,18.640625,19.117188,19.40625,19.601562,19.789062,19.898438
7091,2021-07-29 15:45:00,3510,21.9375,20.796875,20.195312,20.164062,19.773438,19.101562,18.539062,18.148438,17.6875,17.460938,17.890625,18.632812,19.117188,19.40625,19.601562,19.78125,19.898438
7092,2021-07-29 16:00:00,3522,23.15625,21.875,20.664062,20.21875,19.929688,19.648438,19.28125,18.992188,18.484375,17.601562,17.898438,18.625,19.109375,19.40625,19.609375,19.789062,19.90625
7093,2021-07-29 16:15:00,3522,23.890625,21.4375,20.8125,20.703125,20.59375,20.382812,20.109375,19.84375,19.335938,17.789062,17.914062,18.617188,19.109375,19.40625,19.609375,19.796875,19.898438
7094,2021-07-29 16:30:00,3528,24.539062,23.234375,22.90625,22.601562,22.210938,21.90625,21.460938,20.992188,20.234375,18.007812,17.9375,18.609375,19.101562,19.40625,19.617188,19.796875,19.898438
7095,2021-07-29 16:45:00,3522,25.375,22.921875,22.6875,22.5625,22.414062,22.179688,21.90625,21.632812,20.945312,18.234375,17.960938,18.609375,19.09375,19.40625,19.617188,19.796875,19.90625
7096,2021-07-29 17:00:00,3516,26.695312,24.421875,24.132812,23.914062,23.539062,23.304688,22.96875,22.65625,21.90625,18.453125,17.992188,18.601562,19.09375,19.40625,19.617188,19.796875,19.90625
7097,2021-07-29 17:15:00,3516,27.65625,25.039062,24.804688,24.96875,24.34375,24.171875,23.820312,23.554688,22.859375,18.6875,18.03125,18.601562,19.09375,19.398438,19.625,19.804688,19.90625
7098,2021-07-29 17:30:00,3522,28.507812,25.828125,25.507812,26.070312,25.171875,24.828125,24.539062,24.34375,23.625,18.960938,18.0625,18.601562,19.078125,19.40625,19.625,19.804688,19.914062
7099,2021-07-29 17:45:00,3522,29.320312,26.148438,26.0,26.046875,25.554688,25.226562,24.96875,24.71875,24.15625,19.21875,18.109375,18.601562,19.085938,19.398438,19.625,19.804688,19.90625
7100,2021-07-29 18:00:00,3528,29.585938,26.757812,26.554688,26.085938,25.578125,25.398438,25.171875,25.0,24.460938,19.429688,18.164062,18.601562,19.078125,19.398438,19.625,19.8125,19.914062
7101,2021-07-29 18:15:00,3522,29.789062,26.921875,26.671875,26.289062,25.875,25.742188,25.585938,25.515625,25.140625,19.648438,18.21875,18.609375,19.078125,19.414062,19.632812,19.8125,19.914062
7102,2021-07-29 18:30:00,3534,30.554688,28.578125,28.078125,27.195312,26.734375,26.640625,26.414062,26.210938,25.679688,19.875,18.28125,18.617188,19.070312,19.40625,19.632812,19.8125,19.914062
7103,2021-07-29 18:45:00,3528,31.453125,29.28125,28.859375,27.976562,27.8125,27.65625,27.445312,27.273438,26.734375,20.15625,18.34375,18.625,19.070312,19.398438,19.632812,19.820312,19.914062
7104,2021-07-29 19:00:00,3528,32.492188,30.171875,29.570312,28.703125,28.734375,28.710938,28.617188,28.515625,28.015625,20.570312,18.398438,18.632812,19.070312,19.40625,19.640625,19.820312,19.914062
7105,2021-07-29 19:15:00,3534,28.90625,24.953125,24.492188,24.414062,24.570312,24.664062,24.734375,24.914062,24.953125,20.375,18.476562,18.648438,19.070312,19.40625,19.640625,19.820312,19.914062
7106,2021-07-29 19:30:00,3528,25.867188,22.664062,22.296875,22.257812,22.367188,22.445312,22.554688,22.742188,22.929688,20.09375,18.546875,18.664062,19.070312,19.398438,19.640625,19.828125,19.914062
7107,2021-07-29 19:45:00,3534,25.4375,23.578125,23.148438,23.09375,23.039062,23.140625,23.117188,23.09375,22.953125,19.976562,18.617188,18.679688,19.070312,19.40625,19.640625,19.835938,19.914062
7108,2021-07-29 20:00:00,3528,26.882812,25.9375,25.210938,25.179688,25.179688,25.28125,25.054688,24.929688,24.484375,20.140625,18.679688,18.695312,19.070312,19.398438,19.640625,19.828125,19.914062
7109,2021-07-29 20:15:00,3528,29.625,28.53125,27.921875,28.09375,28.289062,28.117188,27.875,27.65625,27.023438,20.554688,18.726562,18.710938,19.070312,19.398438,19.640625,19.828125,19.914062
7110,2021-07-29 20:30:00,3534,30.445312,28.492188,27.6875,27.953125,28.078125,27.882812,27.765625,27.648438,27.265625,20.835938,18.78125,18.734375,19.070312,19.398438,19.640625,19.828125,19.914062
7111,2021-07-29 20:45:00,3540,29.453125,26.09375,25.953125,26.0625,26.523438,26.515625,26.742188,26.90625,26.945312,20.984375,18.835938,18.765625,19.078125,19.398438,19.640625,19.828125,19.914062
7112,2021-07-29 21:00:00,3540,28.515625,26.765625,26.070312,26.273438,26.195312,26.1875,26.210938,26.132812,25.945312,20.898438,18.898438,18.78125,19.085938,19.40625,19.648438,19.828125,19.914062
7113,2021-07-29 21:15:00,3540,27.585938,25.242188,25.039062,25.140625,25.28125,25.429688,25.585938,25.65625,25.578125,20.882812,18.960938,18.804688,19.078125,19.398438,19.640625,19.835938,19.914062
7114,2021-07-29 21:30:00,3546,27.148438,26.34375,25.640625,25.679688,25.085938,25.171875,25.039062,24.953125,24.65625,20.71875,19.015625,18.828125,19.09375,19.398438,19.648438,19.828125,19.90625
7115,2021-07-29 21:45:00,3546,29.492188,28.75,28.140625,27.96875,27.609375,27.765625,27.679688,27.523438,26.992188,21.015625,19.070312,18.851562,19.09375,19.398438,19.640625,19.828125,19.914062
7116,2021-07-29 22:00:00,3540,29.804688,27.507812,26.8125,26.78125,26.609375,26.882812,26.890625,26.976562,26.890625,21.171875,19.125,18.882812,19.101562,19.398438,19.640625,19.828125,19.914062
7117,2021-07-29 22:15:00,3540,29.195312,26.90625,26.078125,25.96875,25.921875,26.304688,26.273438,26.296875,26.273438,21.15625,19.179688,18.90625,19.109375,19.398438,19.648438,19.835938,19.914062
7118,2021-07-29 22:30:00,3534,28.695312,26.484375,26.054688,25.984375,26.070312,26.515625,26.398438,26.359375,26.179688,21.21875,19.234375,18.929688,19.109375,19.398438,19.640625,19.835938,19.914062
7119,2021-07-29 22:45:00,3540,27.625,25.320312,25.171875,25.085938,25.234375,25.679688,25.65625,25.703125,25.6875,21.15625,19.28125,18.960938,19.125,19.40625,19.648438,19.835938,19.921875
7120,2021-07-29 23:00:00,3540,26.609375,24.835938,24.632812,24.460938,24.515625,24.929688,24.804688,24.84375,24.773438,21.046875,19.335938,18.984375,19.125,19.398438,19.648438,19.835938,19.921875
7121,2021-07-29 23:15:00,3546,25.429688,24.15625,23.640625,23.671875,23.773438,24.015625,24.078125,24.164062,24.179688,20.914062,19.382812,19.007812,19.140625,19.40625,19.648438,19.835938,19.929688
7122,2021-07-29 23:30:00,3540,24.0625,22.773438,22.5,22.523438,22.554688,22.710938,22.804688,22.953125,23.085938,20.765625,19.429688,19.039062,19.148438,19.40625,19.648438,19.84375,19.921875
7123,2021-07-29 23:45:00,3540,23.609375,22.867188,22.453125,22.414062,22.28125,22.390625,22.328125,22.351562,22.328125,20.59375,19.46875,19.070312,19.164062,19.414062,19.648438,19.84375,19.929688
7124,2021-07-30 00:00:00,3540,23.765625,23.28125,23.085938,23.046875,22.898438,22.96875,22.859375,22.789062,22.609375,20.476562,19.492188,19.09375,19.179688,19.414062,19.65625,19.835938,19.929688
7125,2021-07-30 00:15:00,3546,23.664062,22.757812,22.648438,22.625,22.59375,22.664062,22.632812,22.632812,22.546875,20.46875,19.515625,19.125,19.1875,19.421875,19.65625,19.835938,19.929688
7126,2021-07-30 00:30:00,3540,23.203125,22.296875,22.117188,22.132812,22.0625,22.140625,22.078125,22.109375,22.0625,20.398438,19.539062,19.148438,19.203125,19.429688,19.648438,19.84375,19.929688
7127,2021-07-30 00:45:00,3546,23.007812,22.25,22.0,22.0,21.859375,21.914062,21.820312,21.804688,21.726562,20.335938,19.554688,19.179688,19.210938,19.429688,19.65625,19.851562,19.9375
7128,2021-07-30 01:00:00,3540,22.585938,21.882812,21.640625,21.59375,21.40625,21.445312,21.34375,21.359375,21.3125,20.25,19.570312,19.203125,19.226562,19.4375,19.65625,19.851562,19.945312
7129,2021-07-30 01:15:00,3540,22.234375,21.507812,21.367188,21.335938,21.21875,21.234375,21.117188,21.109375,21.054688,20.171875,19.570312,19.226562,19.242188,19.4375,19.664062,19.851562,19.945312
7130,2021-07-30 01:30:00,3540,21.828125,21.117188,20.9375,20.890625,20.734375,20.734375,20.65625,20.6875,20.71875,20.101562,19.585938,19.242188,19.25,19.445312,19.664062,19.859375,19.953125
7131,2021-07-30 01:45:00,3540,21.335938,20.625,20.515625,20.523438,20.453125,20.445312,20.375,20.414062,20.414062,20.007812,19.59375,19.273438,19.273438,19.460938,19.664062,19.859375,19.960938
7132,2021-07-30 02:00:00,3540,20.640625,19.9375,19.734375,19.710938,19.59375,19.640625,19.59375,19.6875,19.796875,19.898438,19.601562,19.296875,19.28125,19.460938,19.671875,19.859375,19.96875
7133,2021-07-30 02:15:00,3546,19.695312,18.828125,18.789062,18.882812,18.875,18.84375,18.78125,18.945312,19.03125,19.726562,19.59375,19.320312,19.304688,19.46875,19.679688,19.859375,19.96875
7134,2021-07-30 02:30:00,3540,18.84375,18.09375,17.859375,17.929688,17.867188,17.859375,17.929688,18.117188,18.328125,19.539062,19.59375,19.335938,19.320312,19.476562,19.679688,19.867188,19.976562
7135,2021-07-30 02:45:00,3540,17.898438,16.9375,16.820312,16.984375,17.0625,17.09375,17.21875,17.414062,17.664062,19.34375,19.59375,19.351562,19.335938,19.484375,19.6875,19.875,19.976562
7136,2021-07-30 03:00:00,3540,17.3125,16.578125,16.5,16.6875,16.734375,16.820312,16.929688,17.132812,17.398438,19.21875,19.585938,19.375,19.351562,19.492188,19.6875,19.882812,19.992188
7137,2021-07-30 03:15:00,3546,16.726562,16.101562,16.0625,16.28125,16.382812,16.5,16.640625,16.859375,17.140625,19.125,19.570312,19.390625,19.367188,19.5,19.695312,19.882812,19.992188
7138,2021-07-30 03:30:00,3540,16.226562,15.71875,15.7109375,15.953125,16.085938,16.25,16.40625,16.617188,16.914062,19.007812,19.554688,19.414062,19.375,19.507812,19.695312,19.882812,20.0
7139,2021-07-30 03:45:00,3540,16.03125,15.765625,15.6875,15.8515625,15.9375,16.117188,16.265625,16.484375,16.828125,18.945312,19.539062,19.429688,19.398438,19.523438,19.703125,19.890625,20.007812
7140,2021-07-30 04:00:00,3540,15.828125,15.515625,15.5390625,15.734375,15.8125,15.9765625,16.109375,16.3125,16.664062,18.851562,19.515625,19.4375,19.414062,19.53125,19.710938,19.90625,20.023438
7141,2021-07-30 04:15:00,3534,15.65625,15.3125,15.3203125,15.5234375,15.546875,15.734375,15.84375,16.007812,16.304688,18.6875,19.492188,19.453125,19.429688,19.539062,19.71875,19.90625,20.023438
7142,2021-07-30 04:30:00,3540,15.5078125,15.28125,15.2578125,15.4453125,15.484375,15.6875,15.765625,15.875,16.171875,18.617188,19.46875,19.460938,19.445312,19.554688,19.726562,19.914062,20.03125
7143,2021-07-30 04:45:00,3540,15.53125,15.53125,15.3671875,15.4140625,15.3359375,15.46875,15.53125,15.640625,15.9296875,18.507812,19.445312,19.46875,19.460938,19.5625,19.734375,19.914062,20.039062
7144,2021-07-30 05:00:00,3540,15.5625,15.4375,15.3671875,15.4296875,15.390625,15.5234375,15.578125,15.6953125,15.9921875,18.46875,19.421875,19.476562,19.476562,19.570312,19.742188,19.921875,20.046875
7145,2021-07-30 05:15:00,3528,15.3359375,15.2578125,15.203125,15.296875,15.2421875,15.3828125,15.4765625,15.6484375,15.9765625,18.414062,19.390625,19.484375,19.492188,19.578125,19.75,19.9375,20.0625
7146,2021-07-30 05:30:00,3540,15.2890625,15.3671875,15.3828125,15.5078125,15.4609375,15.5703125,15.59375,15.6875,15.90625,18.359375,19.367188,19.492188,19.5,19.59375,19.757812,19.9375,20.0625
7147,2021-07-30 05:45:00,3534,15.21875,15.203125,15.140625,15.2109375,15.140625,15.234375,15.265625,15.34375,15.5234375,18.226562,19.335938,19.492188,19.515625,19.609375,19.765625,19.945312,20.078125
7148,2021-07-30 06:00:00,3522,14.890625,14.6796875,14.7421875,14.890625,14.90625,15.0546875,15.1796875,15.3984375,15.7578125,18.242188,19.304688,19.5,19.53125,19.617188,19.78125,19.960938,20.09375
7149,2021-07-30 06:15:00,3540,14.6171875,14.4609375,14.375,14.484375,14.515625,14.6640625,14.765625,14.9375,15.2421875,18.117188,19.28125,19.507812,19.539062,19.625,19.78125,19.96875,20.09375
7150,2021-07-30 06:30:00,3534,14.3359375,14.046875,14.1328125,14.28125,14.3828125,14.546875,14.7265625,15.0,15.40625,18.109375,19.257812,19.5,19.554688,19.640625,19.796875,19.976562,20.109375
7151,2021-07-30 06:45:00,3528,13.7421875,13.46875,13.5234375,13.7734375,13.96875,14.1640625,14.375,14.671875,15.015625,17.96875,19.226562,19.5,19.570312,19.65625,19.796875,19.976562,20.117188
7152,2021-07-30 07:00:00,3534,13.2421875,13.0078125,13.09375,13.3515625,13.578125,13.828125,14.1640625,14.5859375,15.0859375,17.976562,19.195312,19.5,19.578125,19.664062,19.804688,19.984375,20.132812
7153,2021-07-30 07:15:00,3534,13.0,12.90625,12.9296875,13.1484375,13.3359375,13.59375,13.8984375,14.234375,14.640625,17.84375,19.179688,19.5,19.585938,19.679688,19.820312,19.992188,20.132812
7154,2021-07-30 07:30:00,3528,12.828125,12.7265625,12.78125,13.0,13.1796875,13.390625,13.640625,13.96875,14.3671875,17.804688,19.140625,19.5,19.59375,19.679688,19.828125,20.007812,20.148438
7155,2021-07-30 07:45:00,3534,12.8125,12.953125,12.9375,13.078125,13.1328125,13.296875,13.4375,13.640625,14.0078125,17.625,19.117188,19.5,19.609375,19.6875,19.84375,20.007812,20.15625
7156,2021-07-30 08:00:00,3528,13.1015625,13.40625,13.4140625,13.484375,13.4609375,13.6640625,13.78125,13.9765625,14.40625,17.640625,19.085938,19.492188,19.609375,19.710938,19.851562,20.023438,20.171875
7157,2021-07-30 08:15:00,3528,13.5625,13.9609375,13.828125,13.7578125,13.6484375,13.796875,13.875,14.03125,14.4140625,17.609375,19.054688,19.484375,19.625,19.71875,19.851562,20.03125,20.179688
7158,2021-07-30 08:30:00,3534,13.9375,14.1640625,14.1015625,14.09375,13.9375,14.078125,14.1328125,14.2890625,14.6640625,17.617188,19.03125,19.484375,19.625,19.726562,19.867188,20.046875,20.1875
7159,2021-07-30 08:45:00,3528,14.2109375,14.421875,14.328125,14.28125,14.1328125,14.25,14.28125,14.3828125,14.640625,17.578125,19.0,19.476562,19.640625,19.734375,19.875,20.046875,20.195312
7160,2021-07-30 09:00:00,3528,14.3203125,14.359375,14.3359375,14.328125,14.171875,14.2734375,14.2890625,14.390625,14.671875,17.5625,18.976562,19.46875,19.648438,19.75,19.882812,20.0625,20.203125
7161,2021-07-30 09:15:00,3528,14.3203125,14.3984375,14.359375,14.3671875,14.2265625,14.34375,14.359375,14.4609375,14.671875,17.515625,18.945312,19.46875,19.65625,19.757812,19.898438,20.070312,20.21875
7162,2021-07-30 09:30:00,3528,13.984375,13.8203125,13.875,13.984375,14.0,14.1328125,14.2578125,14.5,14.8359375,17.523438,18.914062,19.460938,19.65625,19.773438,19.898438,20.078125,20.226562
7163,2021-07-30 09:45:00,3528,13.3359375,13.0703125,13.125,13.3359375,13.515625,13.734375,13.984375,14.28125,14.6328125,17.5,18.898438,19.453125,19.65625,19.773438,19.914062,20.09375,20.242188
7164,2021-07-30 10:00:00,3528,12.703125,12.4765625,12.59375,12.8359375,13.0234375,13.25,13.484375,13.828125,14.15625,17.4375,18.867188,19.445312,19.671875,19.78125,19.921875,20.101562,20.25
7165,2021-07-30 10:15:00,3528,12.203125,12.0625,12.171875,12.4453125,12.640625,12.8671875,13.1640625,13.5625,14.0078125,17.390625,18.851562,19.4375,19.664062,19.796875,19.929688,20.109375,20.257812
7166,2021-07-30 10:30:00,3522,11.9453125,11.9140625,12.015625,12.21875,12.3984375,12.6015625,12.9140625,13.3671875,13.921875,17.335938,18.828125,19.421875,19.671875,19.804688,19.945312,20.125,20.265625
7167,2021-07-30 10:45:00,3522,11.9609375,12.0,12.0625,12.2734375,12.4375,12.7265625,13.0546875,13.421875,13.8203125,17.257812,18.804688,19.421875,19.679688,19.8125,19.953125,20.125,20.273438
7168,2021-07-30 11:00:00,3522,12.171875,12.21875,12.2734375,12.4453125,12.609375,12.7890625,13.0859375,13.453125,14.0,17.25,18.773438,19.40625,19.679688,19.820312,19.96875,20.132812,20.28125
7169,2021-07-30 11:15:00,3528,12.0,11.90625,11.9765625,12.1796875,12.375,12.5703125,12.8671875,13.2265625,13.6484375,17.125,18.742188,19.390625,19.6875,19.828125,19.96875,20.148438,20.289062
7170,2021-07-30 11:30:00,3528,11.8125,11.765625,11.8359375,12.0546875,12.265625,12.4921875,12.8671875,13.328125,13.9453125,17.164062,18.71875,19.382812,19.6875,19.835938,19.976562,20.15625,20.304688
7171,2021-07-30 11:45:00,3534,11.6953125,11.6796875,11.765625,11.9453125,12.1171875,12.390625,12.6875,13.046875,13.546875,17.109375,18.695312,19.375,19.679688,19.84375,19.984375,20.164062,20.304688
7172,2021-07-30 12:00:00,3528,11.453125,11.4375,11.5,11.75,11.984375,12.1796875,12.5234375,12.90625,13.578125,17.046875,18.671875,19.367188,19.6875,19.851562,19.992188,20.164062,20.3125
7173,2021-07-30 12:15:00,3516,11.3046875,11.3203125,11.4140625,11.609375,11.8359375,12.078125,12.46875,12.921875,13.5625,17.0,18.640625,19.367188,19.6875,19.859375,20.007812,20.179688,20.320312
7174,2021-07-30 12:30:00,3528,11.2421875,11.2734375,11.3359375,11.546875,11.7890625,12.0546875,12.4609375,12.8984375,13.546875,17.0,18.617188,19.34375,19.6875,19.859375,20.015625,20.1875,20.335938
7175,2021-07-30 12:45:00,3528,11.1171875,11.0859375,11.1328125,11.34375,11.5703125,11.8671875,12.3671875,12.890625,13.2734375,16.796875,18.585938,19.335938,19.6875,19.867188,20.023438,20.195312,20.34375
7176,2021-07-30 13:00:00,3528,11.6484375,12.6328125,12.796875,12.90625,12.8125,13.0,13.140625,13.3046875,13.53125,16.804688,18.554688,19.328125,19.6875,19.882812,20.03125,20.203125,20.34375
7177,2021-07-30 13:15:00,3522,12.5625,13.3125,13.4609375,13.609375,13.640625,13.7890625,13.9296875,14.1171875,14.34375,16.929688,18.53125,19.3125,19.695312,19.882812,20.039062,20.21875,20.359375
7178,2021-07-30 13:30:00,3522,12.859375,13.078125,13.234375,13.453125,13.5859375,13.7421875,13.9140625,14.140625,14.3828125,16.976562,18.5,19.296875,19.6875,19.890625,20.046875,20.226562,20.359375
7179,2021-07-30 13:45:00,3522,12.3671875,12.6171875,12.6875,12.8359375,12.84375,13.0625,13.234375,13.484375,13.8046875,16.921875,18.476562,19.289062,19.6875,19.890625,20.046875,20.234375,20.367188
7180,2021-07-30 14:00:00,3516,12.609375,13.1015625,13.21875,13.359375,13.375,13.5234375,13.671875,13.9296875,14.2265625,16.96875,18.453125,19.273438,19.679688,19.898438,20.054688,20.242188,20.375
7181,2021-07-30 14:15:00,3522,12.296875,12.2109375,12.2265625,12.3203125,12.5078125,12.734375,13.078125,13.46875,13.984375,16.96875,18.4375,19.265625,19.679688,19.90625,20.070312,20.242188,20.382812
7182,2021-07-30 14:30:00,3522,13.0703125,13.6640625,13.546875,13.234375,13.15625,13.1484375,13.2265625,13.4375,13.8515625,16.945312,18.421875,19.25,19.671875,19.898438,20.078125,20.25,20.390625
7183,2021-07-30 14:45:00,3522,15.3671875,16.0,15.7734375,14.828125,14.4765625,14.375,14.328125,14.40625,14.671875,17.070312,18.40625,19.234375,19.679688,19.90625,20.078125,20.257812,20.398438
7184,2021-07-30 15:00:00,3510,16.804688,17.234375,16.835938,16.046875,15.640625,15.375,15.2421875,15.21875,15.34375,17.195312,18.390625,19.226562,19.671875,19.90625,20.085938,20.273438,20.398438
7185,2021-07-30 15:15:00,3522,17.734375,18.21875,17.796875,17.09375,16.796875,16.335938,16.09375,15.96875,15.953125,17.320312,18.375,19.210938,19.671875,19.914062,20.085938,20.273438,20.40625
7186,2021-07-30 15:30:00,3522,18.414062,17.5,17.570312,17.320312,17.226562,16.835938,16.65625,16.570312,16.5,17.445312,18.367188,19.195312,19.664062,19.921875,20.101562,20.28125,20.40625
7187,2021-07-30 15:45:00,3522,19.375,18.273438,17.59375,17.585938,17.429688,17.125,16.84375,16.742188,16.601562,17.507812,18.367188,19.179688,19.664062,19.914062,20.101562,20.28125,20.414062
7188,2021-07-30 16:00:00,3510,21.585938,20.953125,19.640625,19.117188,18.742188,18.398438,18.007812,17.742188,17.40625,17.671875,18.367188,19.179688,19.65625,19.921875,20.101562,20.289062,20.414062
7189,2021-07-30 16:15:00,3522,23.109375,21.6875,20.664062,20.375,20.054688,19.679688,19.234375,18.875,18.367188,17.851562,18.375,19.164062,19.65625,19.921875,20.117188,20.296875,20.414062
7190,2021-07-30 16:30:00,3522,23.390625,22.15625,21.453125,21.25,21.015625,20.671875,20.25,19.914062,19.367188,18.085938,18.382812,19.15625,19.640625,19.929688,20.117188,20.304688,20.421875
7191,2021-07-30 16:45:00,3510,24.484375,22.953125,22.523438,22.492188,21.984375,21.507812,21.0625,20.742188,20.117188,18.304688,18.398438,19.148438,19.640625,19.929688,20.125,20.304688,20.429688
7192,2021-07-30 17:00:00,3522,25.84375,23.515625,23.335938,23.46875,22.796875,22.367188,21.984375,21.679688,20.976562,18.539062,18.414062,19.140625,19.640625,19.929688,20.132812,20.3125,20.4375
7193,2021-07-30 17:15:00,3522,26.429688,23.664062,23.648438,23.671875,23.140625,22.8125,22.515625,22.304688,21.726562,18.75,18.445312,19.132812,19.632812,19.929688,20.132812,20.320312,20.4375
7194,2021-07-30 17:30:00,3528,26.703125,24.390625,24.21875,24.023438,23.390625,23.070312,22.78125,22.625,22.195312,18.9375,18.476562,19.132812,19.632812,19.9375,20.132812,20.320312,20.445312
7195,2021-07-30 17:45:00,3522,27.171875,24.21875,24.5625,24.226562,23.664062,23.375,23.179688,23.117188,22.78125,19.15625,18.515625,19.125,19.625,19.9375,20.140625,20.328125,20.4375
7196,2021-07-30 18:00:00,3522,28.070312,25.070312,25.445312,25.09375,24.453125,24.210938,24.085938,24.023438,23.65625,19.429688,18.554688,19.125,19.625,19.929688,20.148438,20.328125,20.445312
7197,2021-07-30 18:15:00,3522,29.023438,26.320312,26.875,26.070312,25.539062,25.3125,25.109375,24.984375,24.460938,19.6875,18.59375,19.125,19.617188,19.929688,20.148438,20.335938,20.445312
7198,2021-07-30 18:30:00,3534,29.09375,26.140625,26.90625,25.664062,25.390625,25.210938,25.15625,25.164062,24.875,19.914062,18.648438,19.132812,19.609375,19.9375,20.148438,20.335938,20.445312
7199,2021-07-30 18:45:00,3528,28.9375,26.0,27.03125,25.398438,25.1875,25.0625,25.0625,25.15625,24.96875,20.117188,18.695312,19.132812,19.609375,19.9375,20.15625,20.335938,20.453125
7200,2021-07-30 17:30:00,3528,26.703125,24.390625,24.21875,24.023438,23.390625,23.070312,22.78125,22.625,22.195312,18.9375,18.476562,19.132812,19.632812,19.9375,20.132812,20.320312,20.445312
7201,2021-07-30 17:45:00,3522,27.171875,24.21875,24.5625,24.226562,23.664062,23.375,23.179688,23.117188,22.78125,19.15625,18.515625,19.125,19.625,19.9375,20.140625,20.328125,20.4375
7202,2021-07-30 18:00:00,3522,28.070312,25.070312,25.445312,25.09375,24.453125,24.210938,24.085938,24.023438,23.65625,19.429688,18.554688,19.125,19.625,19.929688,20.148438,20.328125,20.445312
7203,2021-07-30 18:15:00,3522,29.023438,26.320312,26.875,26.070312,25.539062,25.3125,25.109375,24.984375,24.460938,19.6875,18.59375,19.125,19.617188,19.929688,20.148438,20.335938,20.445312
7204,2021-07-30 18:30:00,3534,29.09375,26.140625,26.90625,25.664062,25.390625,25.210938,25.15625,25.164062,24.875,19.914062,18.648438,19.132812,19.609375,19.9375,20.148438,20.335938,20.445312
7205,2021-07-30 18:45:00,3528,28.9375,26.0,27.03125,25.398438,25.1875,25.0625,25.0625,25.15625,24.96875,20.117188,18.695312,19.132812,19.609375,19.9375,20.15625,20.335938,20.453125
7206,2021-07-30 19:00:00,3534,28.421875,24.953125,26.085938,24.398438,24.4375,24.328125,24.460938,24.65625,24.71875,20.234375,18.765625,19.140625,19.609375,19.9375,20.15625,20.34375,20.453125
7207,2021-07-30 19:15:00,3528,29.140625,27.242188,27.15625,26.117188,26.101562,26.039062,25.992188,26.054688,25.773438,20.46875,18.828125,19.140625,19.601562,19.9375,20.15625,20.34375,20.453125
7208,2021-07-30 19:30:00,3528,29.835938,27.453125,27.078125,26.460938,26.53125,26.46875,26.367188,26.4375,26.109375,20.648438,18.882812,19.148438,19.601562,19.929688,20.15625,20.351562,20.453125
7209,2021-07-30 19:45:00,3534,30.023438,27.398438,27.015625,26.984375,27.164062,27.09375,26.914062,26.960938,26.625,20.84375,18.945312,19.164062,19.601562,19.929688,20.164062,20.351562,20.453125
7210,2021-07-30 20:00:00,3540,30.210938,27.710938,27.179688,27.164062,27.515625,27.390625,27.15625,27.21875,26.929688,21.0,19.015625,19.179688,19.601562,19.9375,20.164062,20.359375,20.453125
7211,2021-07-30 20:15:00,3540,30.1875,27.242188,27.085938,27.203125,27.632812,27.398438,27.398438,27.453125,27.28125,21.179688,19.078125,19.195312,19.59375,19.929688,20.164062,20.359375,20.453125
7212,2021-07-30 20:30:00,3540,29.84375,27.351562,27.046875,27.429688,27.875,27.460938,27.515625,27.570312,27.382812,21.320312,19.15625,19.203125,19.59375,19.929688,20.164062,20.359375,20.460938
7213,2021-07-30 20:45:00,3534,29.5625,27.164062,26.585938,26.585938,26.554688,26.359375,26.265625,26.335938,26.3125,21.28125,19.226562,19.226562,19.59375,19.921875,20.164062,20.359375,20.460938
7214,2021-07-30 21:00:00,3540,29.804688,27.757812,27.179688,27.476562,27.453125,27.132812,27.078125,27.109375,26.953125,21.367188,19.296875,19.25,19.601562,19.929688,20.171875,20.367188,20.453125
7215,2021-07-30 21:15:00,3540,29.78125,27.921875,27.3125,27.523438,27.5,27.234375,27.320312,27.34375,27.203125,21.46875,19.359375,19.265625,19.601562,19.921875,20.171875,20.359375,20.460938
7216,2021-07-30 21:30:00,3540,29.851562,28.28125,27.679688,28.070312,27.992188,28.054688,28.125,28.101562,27.9375,21.632812,19.429688,19.296875,19.601562,19.929688,20.171875,20.367188,20.460938
7217,2021-07-30 21:45:00,3540,28.882812,26.789062,26.148438,26.632812,26.414062,26.6875,26.9375,27.21875,27.304688,21.6875,19.492188,19.320312,19.609375,19.921875,20.171875,20.367188,20.460938
7218,2021-07-30 22:00:00,3546,28.859375,27.28125,26.5625,26.570312,26.515625,26.648438,26.695312,26.765625,26.671875,21.65625,19.5625,19.34375,19.617188,19.929688,20.171875,20.367188,20.460938
7219,2021-07-30 22:15:00,3546,28.617188,26.1875,25.679688,25.78125,25.976562,26.289062,26.585938,26.71875,26.734375,21.71875,19.617188,19.367188,19.617188,19.929688,20.171875,20.367188,20.460938
7220,2021-07-30 22:30:00,3540,27.796875,25.335938,24.820312,25.101562,24.945312,25.414062,25.453125,25.546875,25.632812,21.585938,19.6875,19.398438,19.625,19.929688,20.179688,20.375,20.460938
7221,2021-07-30 22:45:00,3540,27.171875,24.671875,24.429688,24.507812,24.570312,25.007812,25.203125,25.351562,25.5,21.492188,19.734375,19.429688,19.632812,19.9375,20.171875,20.375,20.460938
7222,2021-07-30 23:00:00,3540,26.15625,23.648438,23.34375,23.492188,23.554688,23.9375,24.140625,24.359375,24.585938,21.4375,19.796875,19.453125,19.640625,19.929688,20.179688,20.375,20.46875
7223,2021-07-30 23:15:00,3540,24.492188,22.179688,22.078125,22.234375,22.460938,22.78125,23.070312,23.34375,23.695312,21.3125,19.835938,19.484375,19.65625,19.9375,20.179688,20.367188,20.46875
7224,2021-07-30 23:30:00,3546,22.234375,20.773438,20.460938,20.484375,20.53125,20.617188,20.796875,21.101562,21.523438,20.90625,19.875,19.515625,19.664062,19.929688,20.179688,20.375,20.46875
7225,2021-07-30 23:45:00,3546,21.140625,20.265625,20.015625,20.0,19.976562,20.023438,20.125,20.304688,20.609375,20.632812,19.914062,19.546875,19.671875,19.9375,20.179688,20.375,20.46875
7226,2021-07-31 00:00:00,3540,20.46875,19.8125,19.695312,19.703125,19.6875,19.726562,19.773438,19.90625,20.148438,20.429688,19.9375,19.578125,19.6875,19.9375,20.1875,20.382812,20.46875
7227,2021-07-31 00:15:00,3540,19.625,18.796875,18.796875,18.828125,18.882812,18.929688,19.070312,19.273438,19.585938,20.25,19.953125,19.601562,19.695312,19.945312,20.1875,20.382812,20.476562
7228,2021-07-31 00:30:00,3546,18.554688,17.695312,17.648438,17.703125,17.757812,17.820312,17.992188,18.25,18.679688,20.03125,19.960938,19.632812,19.703125,19.945312,20.1875,20.382812,20.476562
7229,2021-07-31 00:45:00,3540,17.703125,17.085938,16.984375,17.046875,17.09375,17.15625,17.3125,17.570312,18.007812,19.820312,19.960938,19.65625,19.71875,19.945312,20.1875,20.382812,20.484375
7230,2021-07-31 01:00:00,3540,16.859375,16.289062,16.210938,16.296875,16.351562,16.429688,16.632812,16.9375,17.421875,19.632812,19.945312,19.6875,19.726562,19.953125,20.1875,20.390625,20.476562
7231,2021-07-31 01:15:00,3540,16.34375,15.921875,15.890625,15.9765625,16.015625,16.09375,16.289062,16.578125,17.0625,19.484375,19.929688,19.703125,19.75,19.960938,20.195312,20.390625,20.484375
7232,2021-07-31 01:30:00,3540,15.8359375,15.4453125,15.4375,15.53125,15.578125,15.6640625,15.8515625,16.140625,16.648438,19.3125,19.914062,19.726562,19.765625,19.960938,20.195312,20.382812,20.484375
7233,2021-07-31 01:45:00,3546,15.4140625,15.0625,15.0078125,15.125,15.21875,15.3359375,15.578125,15.8828125,16.429688,19.195312,19.882812,19.742188,19.773438,19.96875,20.195312,20.398438,20.5
7234,2021-07-31 02:00:00,3540,15.0625,14.7890625,14.75,14.8515625,14.8984375,15.0078125,15.2265625,15.53125,16.09375,19.078125,19.859375,19.765625,19.789062,19.976562,20.203125,20.398438,20.5
7235,2021-07-31 02:15:00,3540,14.65625,14.390625,14.421875,14.59375,14.7265625,14.8828125,15.1953125,15.5859375,16.132812,18.992188,19.835938,19.773438,19.804688,19.984375,20.210938,20.398438,20.507812
7236,2021-07-31 02:30:00,3540,14.3046875,14.0859375,14.1171875,14.296875,14.4140625,14.5703125,14.875,15.28125,15.9296875,18.914062,19.804688,19.789062,19.8125,19.992188,20.210938,20.40625,20.507812
7237,2021-07-31 02:45:00,3540,13.9453125,13.7734375,13.7890625,13.96875,14.109375,14.296875,14.6015625,14.9921875,15.6171875,18.8125,19.773438,19.796875,19.828125,20.0,20.210938,20.40625,20.515625
7238,2021-07-31 03:00:00,3540,13.46875,13.2265625,13.2578125,13.4453125,13.609375,13.7890625,14.125,14.515625,15.1171875,18.648438,19.734375,19.804688,19.84375,20.007812,20.210938,20.414062,20.515625
7239,2021-07-31 03:15:00,3540,13.5703125,13.546875,13.53125,13.640625,13.6875,13.8203125,14.0390625,14.3515625,14.8984375,18.5,19.703125,19.8125,19.859375,20.015625,20.226562,20.421875,20.523438
7240,2021-07-31 03:30:00,3540,13.390625,13.109375,13.171875,13.2890625,13.375,13.5234375,13.765625,14.0859375,14.65625,18.390625,19.679688,19.820312,19.875,20.023438,20.226562,20.421875,20.53125
7241,2021-07-31 03:45:00,3540,12.828125,12.375,12.453125,12.703125,12.9765625,13.265625,13.59375,13.9453125,14.4375,18.25,19.640625,19.828125,19.890625,20.03125,20.234375,20.421875,20.53125
7242,2021-07-31 04:00:00,3534,12.5546875,12.5234375,12.5234375,12.71875,12.8671875,13.0546875,13.3125,13.6171875,14.1328125,18.148438,19.601562,19.835938,19.898438,20.03125,20.242188,20.4375,20.546875
7243,2021-07-31 04:15:00,3534,12.7578125,12.7890625,12.8515625,13.0,13.0859375,13.25,13.4921875,13.796875,14.3359375,18.109375,19.5625,19.835938,19.914062,20.046875,20.242188,20.4375,20.546875
7244,2021-07-31 04:30:00,3534,12.875,12.90625,12.9140625,13.0390625,13.109375,13.25,13.4765625,13.78125,14.3359375,18.054688,19.53125,19.835938,19.921875,20.054688,20.25,20.445312,20.546875
7245,2021-07-31 04:45:00,3534,12.984375,12.953125,12.9765625,13.0703125,13.140625,13.2890625,13.5234375,13.8046875,14.3515625,18.015625,19.484375,19.828125,19.9375,20.070312,20.257812,20.445312,20.5625
7246,2021-07-31 05:00:00,3528,12.9609375,12.8671875,12.890625,12.9765625,13.03125,13.1640625,13.390625,13.6796875,14.2109375,17.929688,19.445312,19.828125,19.945312,20.078125,20.265625,20.453125,20.570312
7247,2021-07-31 05:15:00,3534,13.015625,12.921875,12.9609375,13.046875,13.109375,13.25,13.484375,13.765625,14.296875,17.90625,19.414062,19.820312,19.953125,20.09375,20.265625,20.46875,20.578125
7248,2021-07-31 05:30:00,3522,13.0078125,12.8359375,12.8828125,12.9609375,13.0234375,13.171875,13.40625,13.6875,14.2421875,17.875,19.375,19.820312,19.96875,20.101562,20.28125,20.46875,20.585938
7249,2021-07-31 05:45:00,3528,12.921875,12.765625,12.8046875,12.8828125,12.9296875,13.046875,13.2421875,13.5,14.0546875,17.8125,19.34375,19.8125,19.976562,20.109375,20.28125,20.476562,20.59375
7250,2021-07-31 06:00:00,3534,12.859375,12.6953125,12.75,12.8359375,12.890625,13.0234375,13.2265625,13.4921875,14.0234375,17.75,19.320312,19.8125,19.976562,20.117188,20.296875,20.484375,20.59375
7251,2021-07-31 06:15:00,3528,12.8046875,12.6953125,12.71875,12.8125,12.8828125,13.0859375,13.3515625,13.5546875,14.0390625,17.710938,19.28125,19.796875,19.992188,20.132812,20.296875,20.484375,20.601562
7252,2021-07-31 06:30:00,3528,12.5546875,12.3359375,12.40625,12.53125,12.6796875,12.8828125,13.1796875,13.5,14.0234375,17.6875,19.25,19.796875,19.992188,20.140625,20.304688,20.492188,20.617188
7253,2021-07-31 06:45:00,3522,12.1015625,11.9453125,12.0546875,12.265625,12.46875,12.6875,12.953125,13.28125,13.7578125,17.585938,19.21875,19.789062,20.0,20.148438,20.3125,20.5,20.617188
7254,2021-07-31 07:00:00,3528,12.1484375,12.1953125,12.2421875,12.375,12.46875,12.65625,12.9921875,13.3671875,13.8359375,17.523438,19.195312,19.78125,20.015625,20.15625,20.328125,20.507812,20.625
7255,2021-07-31 07:15:00,3528,11.921875,11.84375,11.9375,12.1796875,12.4609375,12.75,13.125,13.4921875,14.0390625,17.539062,19.164062,19.773438,20.015625,20.171875,20.328125,20.507812,20.640625
7256,2021-07-31 07:30:00,3528,11.7890625,11.828125,11.875,12.0546875,12.21875,12.4140625,12.734375,13.109375,13.671875,17.484375,19.132812,19.765625,20.015625,20.171875,20.335938,20.515625,20.640625
7257,2021-07-31 07:45:00,3528,11.765625,11.8515625,11.9453125,12.1328125,12.2734375,12.4609375,12.78125,13.171875,13.7265625,17.429688,19.101562,19.75,20.015625,20.179688,20.351562,20.53125,20.65625
7258,2021-07-31 08:00:00,3528,11.703125,11.8125,11.7578125,11.9140625,12.15625,12.453125,12.8203125,13.046875,13.3359375,17.367188,19.070312,19.742188,20.03125,20.195312,20.351562,20.539062,20.65625
7259,2021-07-31 08:15:00,3528,11.65625,11.671875,11.765625,12.0546875,12.296875,12.578125,12.859375,13.109375,13.359375,17.21875,19.046875,19.734375,20.03125,20.195312,20.359375,20.546875,20.664062
7260,2021-07-31 08:30:00,3528,11.640625,11.671875,11.7734375,11.9765625,12.1640625,12.3125,12.625,12.953125,13.53125,17.257812,19.015625,19.71875,20.03125,20.210938,20.367188,20.546875,20.671875
7261,2021-07-31 08:45:00,3528,12.046875,12.2890625,12.3046875,12.40625,12.4609375,12.65625,12.8671875,13.1640625,13.5703125,17.171875,18.976562,19.710938,20.03125,20.21875,20.375,20.554688,20.679688
7262,2021-07-31 09:00:00,3522,12.4453125,12.625,12.734375,12.8359375,12.90625,13.0546875,13.3125,13.671875,14.1015625,17.265625,18.960938,19.703125,20.039062,20.21875,20.382812,20.5625,20.6875
7263,2021-07-31 09:15:00,3522,12.7109375,12.8125,12.90625,13.0,13.0703125,13.21875,13.484375,13.765625,14.2890625,17.328125,18.929688,19.6875,20.039062,20.226562,20.390625,20.570312,20.6875
7264,2021-07-31 09:30:00,3528,12.8125,12.765625,12.859375,12.9375,13.015625,13.140625,13.3671875,13.625,14.1484375,17.351562,18.898438,19.679688,20.039062,20.234375,20.398438,20.578125,20.695312
7265,2021-07-31 09:45:00,3528,12.8671875,12.875,12.921875,12.9921875,13.03125,13.1328125,13.3046875,13.5390625,13.9921875,17.296875,18.875,19.664062,20.03125,20.242188,20.40625,20.585938,20.695312
7266,2021-07-31 10:00:00,3522,13.0078125,13.046875,13.1171875,13.1875,13.2265625,13.3203125,13.484375,13.6953125,14.1328125,17.320312,18.851562,19.65625,20.039062,20.25,20.40625,20.585938,20.710938
7267,2021-07-31 10:15:00,3510,13.0859375,13.1015625,13.15625,13.2265625,13.25,13.34375,13.5,13.7109375,14.1171875,17.289062,18.84375,19.640625,20.03125,20.25,20.421875,20.59375,20.710938
7268,2021-07-31 10:30:00,3516,13.0546875,13.0,13.0546875,13.125,13.171875,13.28125,13.4765625,13.7109375,14.171875,17.296875,18.820312,19.632812,20.039062,20.25,20.421875,20.601562,20.710938
7269,2021-07-31 10:45:00,3528,13.0078125,12.96875,13.0078125,13.0859375,13.15625,13.296875,13.5078125,13.78125,14.21875,17.28125,18.796875,19.617188,20.03125,20.257812,20.429688,20.609375,20.71875
7270,2021-07-31 11:00:00,3516,12.9375,12.828125,12.8828125,12.953125,13.0078125,13.1328125,13.3203125,13.5625,14.0234375,17.257812,18.78125,19.609375,20.03125,20.265625,20.4375,20.609375,20.71875
7271,2021-07-31 11:15:00,3516,12.90625,12.8359375,12.890625,12.9609375,13.0,13.109375,13.2734375,13.4921875,13.921875,17.226562,18.765625,19.59375,20.023438,20.265625,20.4375,20.617188,20.726562
7272,2021-07-31 11:30:00,3522,12.9609375,12.953125,13.0,13.0703125,13.1171875,13.2265625,13.40625,13.6484375,14.0859375,17.226562,18.75,19.578125,20.023438,20.265625,20.445312,20.625,20.726562
7273,2021-07-31 11:45:00,3522,12.9609375,12.8984375,12.953125,13.0390625,13.1015625,13.25,13.46875,13.7265625,14.1875,17.242188,18.726562,19.5625,20.023438,20.28125,20.453125,20.625,20.726562
7274,2021-07-31 12:00:00,3522,12.9296875,12.875,12.921875,12.984375,13.0234375,13.1328125,13.3125,13.5390625,14.0078125,17.210938,18.710938,19.554688,20.023438,20.273438,20.453125,20.625,20.734375
7275,2021-07-31 12:15:00,3516,12.921875,12.84375,12.890625,12.9609375,13.0078125,13.1171875,13.2734375,13.4921875,13.9140625,17.179688,18.695312,19.546875,20.015625,20.28125,20.460938,20.640625,20.742188
7276,2021-07-31 12:30:00,3522,12.8984375,12.8046875,12.84375,12.921875,12.9765625,13.078125,13.2734375,13.5078125,13.9609375,17.164062,18.679688,19.53125,20.007812,20.273438,20.46875,20.640625,20.742188
7277,2021-07-31 12:45:00,3522,12.875,12.84375,12.8828125,12.9453125,12.96875,13.0703125,13.234375,13.453125,13.8671875,17.132812,18.65625,19.523438,20.0,20.28125,20.46875,20.640625,20.742188
7278,2021-07-31 13:00:00,3522,12.890625,12.8671875,12.9140625,12.984375,13.015625,13.125,13.28125,13.5078125,13.9296875,17.117188,18.648438,19.507812,20.0,20.28125,20.476562,20.648438,20.75
7279,2021-07-31 13:15:00,3516,12.90625,12.8515625,12.90625,12.953125,13.0078125,13.1015625,13.265625,13.4921875,13.90625,17.101562,18.632812,19.5,20.0,20.28125,20.492188,20.648438,20.75
7280,2021-07-31 13:30:00,3522,12.9375,12.875,12.9296875,13.015625,13.09375,13.234375,13.4375,13.703125,14.171875,17.140625,18.617188,19.492188,20.0,20.28125,20.484375,20.65625,20.75
7281,2021-07-31 13:45:00,3510,12.9765625,12.96875,13.015625,13.0859375,13.140625,13.2734375,13.46875,13.71875,14.15625,17.125,18.601562,19.476562,19.984375,20.289062,20.484375,20.65625,20.757812
7282,2021-07-31 14:00:00,3522,13.0,12.9765625,13.015625,13.078125,13.1171875,13.234375,13.40625,13.640625,14.046875,17.109375,18.585938,19.460938,19.984375,20.289062,20.484375,20.664062,20.757812
7283,2021-07-31 14:15:00,3510,13.0625,13.03125,13.0703125,13.1328125,13.1640625,13.2578125,13.40625,13.609375,13.9921875,17.085938,18.578125,19.453125,19.976562,20.289062,20.492188,20.664062,20.757812
7284,2021-07-31 14:30:00,3516,13.1796875,13.1640625,13.1953125,13.25,13.2734375,13.375,13.5,13.6875,14.0546875,17.078125,18.554688,19.4375,19.96875,20.289062,20.492188,20.664062,20.75
7285,2021-07-31 14:45:00,3516,13.3671875,13.296875,13.3671875,13.421875,13.4609375,13.5625,13.6953125,13.875,14.2109375,17.085938,18.546875,19.4375,19.960938,20.289062,20.492188,20.664062,20.75
7286,2021-07-31 15:00:00,3516,13.4921875,13.375,13.421875,13.4921875,13.5390625,13.6484375,13.7890625,13.96875,14.3046875,17.09375,18.539062,19.414062,19.960938,20.28125,20.5,20.671875,20.75
7287,2021-07-31 15:15:00,3510,13.453125,13.2109375,13.2578125,13.3125,13.3671875,13.46875,13.609375,13.7578125,14.0859375,17.054688,18.515625,19.40625,19.953125,20.28125,20.492188,20.671875,20.75
7288,2021-07-31 15:30:00,3510,13.6171875,13.421875,13.453125,13.5,13.5390625,13.6484375,13.7578125,13.90625,14.1875,17.054688,18.507812,19.390625,19.945312,20.28125,20.5,20.671875,20.75
7289,2021-07-31 15:45:00,3510,14.03125,13.8359375,13.8359375,13.8984375,13.9140625,14.0390625,14.1328125,14.265625,14.53125,17.109375,18.5,19.382812,19.9375,20.28125,20.507812,20.679688,20.75
7290,2021-07-31 16:00:00,3516,14.4453125,13.9140625,13.921875,13.9453125,14.03125,14.1875,14.3359375,14.46875,14.75,17.179688,18.484375,19.367188,19.929688,20.273438,20.5,20.671875,20.75
7291,2021-07-31 16:15:00,3516,14.7734375,14.296875,14.2265625,14.125,14.140625,14.28125,14.34375,14.453125,14.6640625,17.15625,18.476562,19.359375,19.921875,20.28125,20.507812,20.671875,20.75
7292,2021-07-31 16:30:00,3510,15.3359375,15.0,14.875,14.65625,14.625,14.7578125,14.8203125,14.8984375,15.1015625,17.226562,18.46875,19.351562,19.914062,20.273438,20.507812,20.671875,20.742188
7293,2021-07-31 16:45:00,3516,15.59375,15.1953125,15.109375,14.9453125,14.890625,15.0546875,15.1015625,15.1796875,15.359375,17.273438,18.460938,19.335938,19.914062,20.273438,20.507812,20.679688,20.742188
7294,2021-07-31 17:00:00,3510,16.460938,16.226562,16.054688,15.828125,15.71875,15.828125,15.796875,15.8203125,15.890625,17.359375,18.445312,19.328125,19.90625,20.265625,20.507812,20.671875,20.742188
7295,2021-07-31 17:15:00,3510,17.554688,17.015625,16.882812,16.554688,16.382812,16.4375,16.289062,16.21875,16.203125,17.453125,18.453125,19.320312,19.898438,20.273438,20.5,20.671875,20.742188
7296,2021-07-31 17:30:00,3522,19.273438,18.757812,18.59375,18.273438,17.820312,17.820312,17.5625,17.40625,17.242188,17.632812,18.453125,19.3125,19.890625,20.265625,20.507812,20.679688,20.734375
7297,2021-07-31 17:45:00,3510,20.015625,18.421875,18.445312,18.203125,18.101562,18.101562,17.992188,17.921875,17.820312,17.804688,18.445312,19.296875,19.882812,20.257812,20.5,20.679688,20.734375
7298,2021-07-31 18:00:00,3510,20.351562,19.039062,18.914062,18.632812,18.390625,18.359375,18.242188,18.210938,18.078125,17.875,18.453125,19.289062,19.875,20.257812,20.507812,20.671875,20.734375
7299,2021-07-31 18:15:00,3510,22.054688,21.007812,20.921875,20.492188,20.046875,19.953125,19.757812,19.6875,19.414062,18.085938,18.46875,19.28125,19.867188,20.257812,20.492188,20.671875,20.726562
7300,2021-07-31 18:30:00,3510,24.09375,22.234375,22.25,21.648438,21.304688,21.140625,20.984375,20.984375,20.796875,18.4375,18.484375,19.273438,19.867188,20.25,20.5,20.671875,20.726562
7301,2021-07-31 18:45:00,3516,24.703125,22.523438,22.53125,21.875,21.5,21.390625,21.296875,21.351562,21.257812,18.640625,18.5,19.273438,19.859375,20.25,20.492188,20.671875,20.726562
7302,2021-07-31 19:00:00,3510,24.398438,21.695312,21.773438,21.101562,20.773438,20.6875,20.695312,20.796875,20.851562,18.773438,18.53125,19.265625,19.84375,20.242188,20.492188,20.664062,20.71875
7303,2021-07-31 19:15:00,3522,23.695312,21.304688,21.226562,20.695312,20.398438,20.382812,20.40625,20.507812,20.546875,18.820312,18.5625,19.257812,19.84375,20.242188,20.492188,20.671875,20.710938
7304,2021-07-31 19:30:00,3522,23.742188,21.460938,21.265625,20.75,20.382812,20.3125,20.367188,20.476562,20.546875,18.914062,18.601562,19.257812,19.835938,20.234375,20.492188,20.664062,20.71875
7305,2021-07-31 19:45:00,3516,24.773438,22.828125,22.734375,21.75,21.523438,21.445312,21.539062,21.65625,21.648438,19.101562,18.640625,19.257812,19.835938,20.234375,20.484375,20.664062,20.703125
7306,2021-07-31 20:00:00,3516,25.21875,23.335938,23.289062,22.273438,22.015625,22.039062,22.15625,22.320312,22.226562,19.25,18.679688,19.257812,19.828125,20.226562,20.484375,20.664062,20.703125
7307,2021-07-31 20:15:00,3522,25.132812,22.921875,22.921875,21.945312,21.867188,21.890625,22.007812,22.203125,22.226562,19.34375,18.710938,19.257812,19.820312,20.21875,20.484375,20.65625,20.695312
7308,2021-07-31 19:00:00,3510,24.398438,21.695312,21.773438,21.101562,20.773438,20.6875,20.695312,20.796875,20.851562,18.773438,18.53125,19.265625,19.84375,20.242188,20.492188,20.664062,20.71875
7309,2021-07-31 19:15:00,3522,23.695312,21.304688,21.226562,20.695312,20.398438,20.382812,20.40625,20.507812,20.546875,18.820312,18.5625,19.257812,19.84375,20.242188,20.492188,20.671875,20.710938
7310,2021-07-31 19:30:00,3522,23.742188,21.460938,21.265625,20.75,20.382812,20.3125,20.367188,20.476562,20.546875,18.914062,18.601562,19.257812,19.835938,20.234375,20.492188,20.664062,20.71875
7311,2021-07-31 19:45:00,3516,24.773438,22.828125,22.734375,21.75,21.523438,21.445312,21.539062,21.65625,21.648438,19.101562,18.640625,19.257812,19.835938,20.234375,20.484375,20.664062,20.703125
7312,2021-07-31 20:00:00,3516,25.21875,23.335938,23.289062,22.273438,22.015625,22.039062,22.15625,22.320312,22.226562,19.25,18.679688,19.257812,19.828125,20.226562,20.484375,20.664062,20.703125
7313,2021-07-31 20:15:00,3522,25.132812,22.921875,22.921875,21.945312,21.867188,21.890625,22.007812,22.203125,22.226562,19.34375,18.710938,19.257812,19.820312,20.21875,20.484375,20.65625,20.695312
7314,2021-07-31 20:30:00,3516,24.867188,22.546875,22.554688,21.53125,21.453125,21.445312,21.570312,21.773438,21.867188,19.421875,18.757812,19.257812,19.8125,20.21875,20.476562,20.664062,20.695312
7315,2021-07-31 20:45:00,3522,24.59375,22.484375,22.304688,21.429688,21.359375,21.445312,21.632812,21.929688,21.976562,19.507812,18.796875,19.265625,19.8125,20.210938,20.476562,20.648438,20.6875
7316,2021-07-31 21:00:00,3516,24.507812,22.84375,22.226562,21.679688,21.59375,21.59375,21.757812,21.90625,21.914062,19.507812,18.835938,19.273438,19.804688,20.210938,20.476562,20.648438,20.6875
7317,2021-07-31 21:15:00,3522,24.734375,23.046875,22.25,22.046875,21.804688,21.914062,22.195312,22.304688,22.335938,19.632812,18.875,19.28125,19.804688,20.210938,20.46875,20.648438,20.671875
7318,2021-07-31 21:30:00,3522,24.5,22.5625,21.828125,21.789062,21.40625,21.539062,21.765625,21.882812,22.039062,19.695312,18.921875,19.289062,19.796875,20.203125,20.46875,20.640625,20.679688
7319,2021-07-31 21:45:00,3522,24.453125,22.554688,21.757812,21.585938,21.226562,21.453125,21.703125,21.921875,22.171875,19.765625,18.960938,19.296875,19.78125,20.195312,20.46875,20.648438,20.671875
7320,2021-07-31 22:00:00,3516,24.523438,22.226562,21.515625,21.515625,21.4375,22.179688,22.109375,22.273438,22.375,19.828125,19.0,19.304688,19.789062,20.1875,20.46875,20.632812,20.671875
7321,2021-07-31 22:15:00,3522,24.398438,21.96875,21.359375,21.476562,21.492188,22.109375,22.070312,22.234375,22.226562,19.84375,19.039062,19.320312,19.789062,20.1875,20.460938,20.632812,20.65625
7322,2021-07-31 22:30:00,3522,23.0625,20.429688,19.921875,20.007812,19.929688,20.28125,20.414062,20.609375,20.8125,19.734375,19.078125,19.328125,19.789062,20.1875,20.453125,20.625,20.65625
7323,2021-07-31 22:45:00,3528,23.1875,20.773438,20.421875,20.90625,20.796875,21.328125,21.5,21.617188,21.679688,19.78125,19.117188,19.34375,19.78125,20.179688,20.445312,20.625,20.648438
7324,2021-07-31 23:00:00,3522,22.898438,20.242188,19.914062,20.296875,20.265625,20.632812,20.859375,21.015625,21.203125,19.789062,19.15625,19.351562,19.78125,20.171875,20.445312,20.625,20.648438
7325,2021-07-31 23:15:00,3528,21.921875,19.5,19.28125,19.390625,19.507812,19.804688,20.054688,20.289062,20.53125,19.671875,19.1875,19.367188,19.78125,20.164062,20.445312,20.617188,20.632812
7326,2021-07-31 23:30:00,3528,19.453125,17.820312,17.703125,17.742188,17.820312,17.984375,18.242188,18.5625,19.0,19.429688,19.21875,19.382812,19.789062,20.15625,20.4375,20.609375,20.632812
7327,2021-07-31 23:45:00,3522,18.101562,17.320312,17.15625,17.195312,17.171875,17.234375,17.351562,17.539062,17.882812,19.15625,19.242188,19.398438,19.78125,20.164062,20.4375,20.609375,20.632812
7328,2021-08-01 00:00:00,3522,17.320312,16.859375,16.765625,16.8125,16.796875,16.84375,16.960938,17.164062,17.476562,18.984375,19.257812,19.40625,19.78125,20.164062,20.429688,20.601562,20.617188
7329,2021-08-01 00:15:00,3522,16.773438,16.335938,16.296875,16.335938,16.34375,16.421875,16.546875,16.742188,17.132812,18.882812,19.265625,19.4375,19.789062,20.15625,20.429688,20.59375,20.609375
7330,2021-08-01 00:30:00,3528,16.28125,15.8828125,15.8671875,15.921875,15.9296875,16.03125,16.15625,16.351562,16.71875,18.726562,19.265625,19.445312,19.78125,20.148438,20.414062,20.59375,20.609375
7331,2021-08-01 00:45:00,3528,15.4296875,15.046875,15.0,15.109375,15.1640625,15.28125,15.515625,15.8125,16.296875,18.617188,19.265625,19.453125,19.796875,20.15625,20.414062,20.59375,20.609375
7332,2021-08-01 01:00:00,3522,15.0625,14.921875,14.875,14.9765625,15.0,15.109375,15.28125,15.5546875,15.9765625,18.492188,19.257812,19.46875,19.796875,20.140625,20.414062,20.585938,20.601562
7333,2021-08-01 01:15:00,3528,14.953125,14.9453125,14.8984375,14.96875,14.9765625,15.0625,15.2578125,15.5546875,16.007812,18.4375,19.242188,19.484375,19.796875,20.148438,20.414062,20.585938,20.601562
7334,2021-08-01 01:30:00,3522,14.7265625,14.6953125,14.6484375,14.734375,14.765625,14.8828125,15.109375,15.4140625,15.90625,18.382812,19.226562,19.492188,19.796875,20.140625,20.414062,20.578125,20.59375
7335,2021-08-01 01:45:00,3522,14.515625,14.5,14.453125,14.546875,14.578125,14.671875,14.859375,15.1484375,15.6171875,18.289062,19.210938,19.492188,19.796875,20.132812,20.40625,20.570312,20.59375
7336,2021-08-01 02:00:00,3522,14.234375,14.1875,14.171875,14.2734375,14.359375,14.5234375,14.8046875,15.1484375,15.6796875,18.257812,19.195312,19.507812,19.8125,20.140625,20.40625,20.570312,20.585938
7337,2021-08-01 02:15:00,3528,14.296875,14.2578125,14.2265625,14.3046875,14.3203125,14.453125,14.640625,14.9140625,15.3671875,18.164062,19.171875,19.507812,19.8125,20.132812,20.398438,20.5625,20.585938
7338,2021-08-01 02:30:00,3522,14.4296875,14.203125,14.21875,14.2578125,14.28125,14.421875,14.671875,14.9375,15.390625,18.117188,19.15625,19.515625,19.8125,20.132812,20.398438,20.5625,20.585938
7339,2021-08-01 02:45:00,3516,14.3359375,14.03125,14.0546875,14.1171875,14.1640625,14.296875,14.515625,14.7890625,15.2421875,18.046875,19.132812,19.523438,19.8125,20.132812,20.398438,20.5625,20.578125
7340,2021-08-01 03:00:00,3522,14.1015625,13.7421875,13.78125,13.859375,13.921875,14.09375,14.34375,14.65625,15.1875,18.007812,19.117188,19.523438,19.820312,20.140625,20.382812,20.554688,20.578125
7341,2021-08-01 03:15:00,3528,13.8515625,13.5703125,13.5703125,13.65625,13.703125,13.8359375,14.0546875,14.3359375,14.796875,17.898438,19.101562,19.523438,19.828125,20.132812,20.382812,20.554688,20.570312
7342,2021-08-01 03:30:00,3522,13.6171875,13.3203125,13.3359375,13.4375,13.484375,13.640625,13.8671875,14.15625,14.625,17.8125,19.070312,19.523438,19.835938,20.132812,20.382812,20.554688,20.570312
7343,2021-08-01 03:45:00,3522,13.40625,13.140625,13.1875,13.296875,13.3359375,13.4765625,13.6796875,13.9296875,14.4140625,17.734375,19.054688,19.523438,19.835938,20.132812,20.382812,20.546875,20.570312
7344,2021-08-01 04:00:00,3522,13.3125,13.140625,13.171875,13.28125,13.3125,13.4375,13.6171875,13.859375,14.2890625,17.65625,19.023438,19.523438,19.84375,20.132812,20.382812,20.546875,20.570312
7345,2021-08-01 04:15:00,3528,13.1875,13.0390625,13.0546875,13.1640625,13.1953125,13.328125,13.5390625,13.8046875,14.28125,17.617188,19.007812,19.523438,19.84375,20.132812,20.382812,20.546875,20.5625
7346,2021-08-01 04:30:00,3522,13.078125,12.875,12.90625,12.984375,13.015625,13.15625,13.359375,13.609375,14.1015625,17.5625,18.976562,19.515625,19.84375,20.132812,20.382812,20.546875,20.554688
7347,2021-08-01 04:45:00,3522,13.03125,12.8203125,12.84375,12.9140625,12.9609375,13.0859375,13.296875,13.5703125,14.0703125,17.507812,18.953125,19.515625,19.84375,20.140625,20.375,20.539062,20.5625
7348,2021-08-01 05:00:00,3522,12.8984375,12.671875,12.671875,12.734375,12.7734375,12.9140625,13.125,13.3828125,13.8359375,17.414062,18.921875,19.507812,19.851562,20.140625,20.375,20.539062,20.554688
7349,2021-08-01 05:15:00,3510,12.84375,12.6796875,12.6796875,12.75,12.7734375,12.90625,13.0859375,13.328125,13.7890625,17.359375,18.898438,19.5,19.851562,20.140625,20.375,20.539062,20.5625
7350,2021-08-01 05:30:00,3522,12.7734375,12.6328125,12.6484375,12.7265625,12.7578125,12.9140625,13.1328125,13.40625,13.9140625,17.359375,18.875,19.5,19.851562,20.140625,20.375,20.53125,20.5625
7351,2021-08-01 05:45:00,3522,12.765625,12.6484375,12.6640625,12.7421875,12.78125,12.9140625,13.1171875,13.40625,13.828125,17.3125,18.851562,19.492188,19.851562,20.140625,20.375,20.53125,20.554688
7352,2021-08-01 06:00:00,3510,12.84375,12.734375,12.7734375,12.8515625,12.90625,13.0546875,13.265625,13.5390625,14.0078125,17.304688,18.820312,19.484375,19.851562,20.140625,20.375,20.53125,20.554688
7353,2021-08-01 06:15:00,3516,12.7421875,12.59375,12.59375,12.6640625,12.7109375,12.84375,13.0390625,13.296875,13.75,17.242188,18.796875,19.476562,19.851562,20.140625,20.375,20.53125,20.554688
7354,2021-08-01 06:30:00,3522,12.75,12.6328125,12.65625,12.734375,12.7734375,12.90625,13.1015625,13.34375,13.765625,17.210938,18.78125,19.46875,19.859375,20.148438,20.367188,20.53125,20.554688
7355,2021-08-01 06:45:00,3510,12.6796875,12.5078125,12.5234375,12.5859375,12.6171875,12.75,12.9453125,13.171875,13.6328125,17.179688,18.75,19.460938,19.851562,20.140625,20.375,20.53125,20.554688
7356,2021-08-01 07:00:00,3516,12.671875,12.578125,12.59375,12.6640625,12.6875,12.8046875,12.984375,13.2109375,13.65625,17.140625,18.726562,19.445312,19.851562,20.140625,20.367188,20.523438,20.554688
7357,2021-08-01 07:15:00,3510,12.7265625,12.6171875,12.625,12.6875,12.71875,12.859375,13.046875,13.3046875,13.7578125,17.140625,18.703125,19.4375,19.859375,20.140625,20.367188,20.523438,20.546875
7358,2021-08-01 07:30:00,3510,12.7265625,12.6171875,12.6328125,12.6875,12.7265625,12.8671875,13.0703125,13.328125,13.8046875,17.109375,18.679688,19.429688,19.851562,20.148438,20.375,20.523438,20.546875
7359,2021-08-01 07:45:00,3516,12.7734375,12.6484375,12.6875,12.7578125,12.828125,12.9921875,13.2109375,13.5,13.953125,17.109375,18.65625,19.421875,19.851562,20.148438,20.367188,20.523438,20.554688
7360,2021-08-01 08:00:00,3516,12.71875,12.5703125,12.5859375,12.640625,12.671875,12.796875,12.9921875,13.203125,13.6484375,17.0625,18.632812,19.40625,19.851562,20.148438,20.367188,20.523438,20.546875
7361,2021-08-01 08:15:00,3516,12.7109375,12.609375,12.609375,12.6796875,12.7109375,12.8515625,13.046875,13.3125,13.78125,17.054688,18.609375,19.398438,19.84375,20.148438,20.367188,20.515625,20.546875
7362,2021-08-01 08:30:00,3510,12.7109375,12.578125,12.5859375,12.640625,12.671875,12.7890625,12.9765625,13.2265625,13.6640625,17.023438,18.59375,19.382812,19.84375,20.148438,20.375,20.515625,20.546875
7363,2021-08-01 08:45:00,3510,12.65625,12.5546875,12.5703125,12.625,12.65625,12.7734375,12.9453125,13.171875,13.6015625,16.984375,18.570312,19.375,19.84375,20.148438,20.367188,20.515625,20.546875
7364,2021-08-01 09:00:00,3510,12.6796875,12.5625,12.6015625,12.6796875,12.71875,12.8515625,13.046875,13.2734375,13.703125,16.953125,18.554688,19.367188,19.835938,20.148438,20.367188,20.515625,20.546875
7365,2021-08-01 09:15:00,3510,12.6171875,12.484375,12.515625,12.5859375,12.640625,12.78125,13.0,13.265625,13.7265625,16.960938,18.53125,19.359375,19.84375,20.148438,20.367188,20.515625,20.539062
7366,2021-08-01 09:30:00,3510,12.5078125,12.359375,12.390625,12.4609375,12.484375,12.6328125,12.8125,13.0546875,13.4921875,16.898438,18.515625,19.34375,19.835938,20.140625,20.367188,20.515625,20.539062
7367,2021-08-01 09:45:00,3504,12.5078125,12.4375,12.46875,12.5390625,12.578125,12.71875,12.921875,13.1875,13.6484375,16.914062,18.492188,19.335938,19.828125,20.148438,20.367188,20.515625,20.539062
7368,2021-08-01 10:00:00,3510,12.5546875,12.515625,12.5546875,12.6328125,12.671875,12.828125,13.0234375,13.2890625,13.75,16.90625,18.484375,19.328125,19.828125,20.148438,20.359375,20.515625,20.539062
7369,2021-08-01 10:15:00,3498,12.53125,12.46875,12.5,12.5703125,12.6015625,12.71875,12.9140625,13.1484375,13.609375,16.882812,18.460938,19.3125,19.820312,20.148438,20.359375,20.507812,20.539062
7370,2021-08-01 10:30:00,3510,12.5234375,12.4453125,12.4921875,12.5546875,12.5859375,12.71875,12.90625,13.140625,13.609375,16.859375,18.445312,19.304688,19.820312,20.148438,20.367188,20.5,20.53125
7371,2021-08-01 10:45:00,3504,12.5,12.4453125,12.484375,12.546875,12.5859375,12.7109375,12.890625,13.1328125,13.609375,16.859375,18.421875,19.289062,19.8125,20.140625,20.359375,20.507812,20.53125
7372,2021-08-01 11:00:00,3504,12.5546875,12.5,12.5390625,12.6015625,12.625,12.7421875,12.90625,13.1015625,13.5234375,16.820312,18.40625,19.273438,19.796875,20.140625,20.359375,20.507812,20.53125
7373,2021-08-01 11:15:00,3510,12.59375,12.5546875,12.5859375,12.6484375,12.6796875,12.78125,12.9453125,13.1640625,13.5546875,16.804688,18.390625,19.265625,19.796875,20.140625,20.359375,20.507812,20.53125
7374,2021-08-01 11:30:00,3510,12.6484375,12.5625,12.609375,12.6796875,12.71875,12.8515625,13.03125,13.25,13.6796875,16.8125,18.375,19.257812,19.796875,20.132812,20.359375,20.5,20.523438
7375,2021-08-01 11:45:00,3510,12.65625,12.59375,12.6171875,12.6875,12.7109375,12.8359375,13.0,13.2265625,13.6328125,16.796875,18.359375,19.242188,19.789062,20.132812,20.359375,20.5,20.523438
7376,2021-08-01 12:00:00,3510,12.6796875,12.578125,12.6015625,12.671875,12.7109375,12.84375,13.03125,13.2734375,13.734375,16.8125,18.335938,19.226562,19.789062,20.125,20.351562,20.5,20.523438
7377,2021-08-01 12:15:00,3504,12.65625,12.5390625,12.5625,12.625,12.65625,12.796875,12.9765625,13.203125,13.6328125,16.773438,18.320312,19.21875,19.773438,20.125,20.351562,20.492188,20.523438
7378,2021-08-01 12:30:00,3510,12.6015625,12.4296875,12.4765625,12.53125,12.5703125,12.6875,12.8671875,13.1015625,13.5546875,16.765625,18.3125,19.210938,19.765625,20.117188,20.351562,20.492188,20.523438
7379,2021-08-01 12:45:00,3510,12.453125,12.25,12.28125,12.3359375,12.359375,12.46875,12.625,12.84375,13.25,16.6875,18.289062,19.195312,19.757812,20.125,20.34375,20.492188,20.507812
7380,2021-08-01 13:00:00,3504,12.3515625,12.1875,12.203125,12.25,12.2734375,12.390625,12.5546875,12.78125,13.1953125,16.648438,18.273438,19.179688,19.75,20.117188,20.351562,20.476562,20.507812
7381,2021-08-01 13:15:00,3504,12.2734375,12.1484375,12.15625,12.203125,12.21875,12.3359375,12.5078125,12.734375,13.1796875,16.640625,18.257812,19.171875,19.742188,20.109375,20.351562,20.484375,20.507812
7382,2021-08-01 13:30:00,3510,12.2578125,12.1328125,12.140625,12.171875,12.1875,12.2890625,12.4296875,12.6328125,13.0234375,16.5625,18.242188,19.164062,19.742188,20.109375,20.34375,20.484375,20.5
7383,2021-08-01 13:45:00,3504,12.34375,12.2265625,12.2421875,12.28125,12.296875,12.4140625,12.5703125,12.796875,13.203125,16.5625,18.226562,19.148438,19.726562,20.101562,20.335938,20.476562,20.492188
7384,2021-08-01 14:00:00,3498,12.375,12.234375,12.25,12.28125,12.2890625,12.4140625,12.5625,12.78125,13.1953125,16.546875,18.203125,19.132812,19.726562,20.101562,20.328125,20.476562,20.492188
7385,2021-08-01 14:15:00,3504,12.5078125,12.3984375,12.3984375,12.4375,12.453125,12.5859375,12.7578125,12.9921875,13.3828125,16.5625,18.1875,19.125,19.710938,20.101562,20.328125,20.476562,20.484375
7386,2021-08-01 14:30:00,3510,12.6328125,12.4453125,12.4453125,12.453125,12.4609375,12.5859375,12.734375,12.921875,13.3125,16.546875,18.15625,19.109375,19.703125,20.078125,20.328125,20.46875,20.484375
7387,2021-08-01 14:45:00,3510,12.828125,12.6953125,12.65625,12.65625,12.640625,12.7421875,12.875,13.0625,13.390625,16.53125,18.148438,19.101562,19.703125,20.078125,20.328125,20.476562,20.476562
7388,2021-08-01 15:00:00,3504,13.0390625,12.8359375,12.7890625,12.7421875,12.71875,12.8359375,12.953125,13.125,13.4765625,16.546875,18.132812,19.085938,19.6875,20.078125,20.320312,20.46875,20.476562
7389,2021-08-01 15:15:00,3504,13.21875,13.0234375,13.0,12.921875,12.890625,13.015625,13.1171875,13.2734375,13.6171875,16.554688,18.117188,19.070312,19.679688,20.070312,20.320312,20.460938,20.46875
7390,2021-08-01 15:30:00,3504,13.375,13.109375,13.0859375,12.96875,12.9140625,13.0078125,13.078125,13.21875,13.515625,16.53125,18.101562,19.0625,19.671875,20.0625,20.3125,20.453125,20.460938
7391,2021-08-01 15:45:00,3510,13.6328125,13.40625,13.3671875,13.2734375,13.2109375,13.328125,13.4140625,13.5625,13.8359375,16.554688,18.09375,19.046875,19.664062,20.0625,20.3125,20.453125,20.460938
7392,2021-08-01 16:00:00,3504,14.0625,13.8203125,13.78125,13.65625,13.5859375,13.71875,13.7890625,13.9296875,14.171875,16.625,18.070312,19.039062,19.65625,20.054688,20.304688,20.453125,20.453125
7393,2021-08-01 16:15:00,3504,14.46875,14.171875,14.1328125,13.953125,13.8515625,13.953125,14.0,14.1171875,14.3671875,16.6875,18.0625,19.023438,19.648438,20.046875,20.296875,20.445312,20.453125
7394,2021-08-01 16:30:00,3504,14.8046875,14.4296875,14.3828125,14.203125,14.09375,14.203125,14.2109375,14.3046875,14.484375,16.6875,18.054688,19.007812,19.632812,20.039062,20.296875,20.445312,20.445312
7395,2021-08-01 16:45:00,3498,15.8828125,15.5625,15.5546875,15.296875,15.1171875,15.203125,15.140625,15.1484375,15.203125,16.789062,18.039062,19.0,19.632812,20.039062,20.289062,20.429688,20.4375
7396,2021-08-01 17:00:00,3504,17.460938,16.90625,16.867188,16.539062,16.265625,16.242188,16.078125,16.0,15.8828125,16.945312,18.03125,18.984375,19.625,20.023438,20.289062,20.429688,20.4375
7397,2021-08-01 17:15:00,3504,19.351562,18.164062,18.25,18.03125,17.71875,17.5625,17.351562,17.257812,17.0,17.15625,18.03125,18.976562,19.609375,20.023438,20.289062,20.421875,20.429688
7398,2021-08-01 17:30:00,3504,22.328125,21.085938,20.90625,20.976562,20.09375,19.679688,19.304688,19.132812,18.65625,17.429688,18.039062,18.960938,19.601562,20.015625,20.273438,20.414062,20.421875
7399,2021-08-01 17:45:00,3504,23.929688,21.867188,21.859375,21.828125,21.046875,20.710938,20.429688,20.3125,19.921875,17.710938,18.039062,18.953125,19.59375,20.007812,20.273438,20.414062,20.414062
7400,2021-08-01 18:00:00,3498,22.289062,19.484375,19.679688,19.476562,19.21875,19.164062,19.140625,19.203125,19.203125,17.8125,18.054688,18.9375,19.585938,20.0,20.265625,20.414062,20.40625
7401,2021-08-01 18:15:00,3504,21.703125,19.1875,19.382812,19.09375,18.734375,18.6875,18.671875,18.75,18.835938,17.851562,18.070312,18.9375,19.578125,20.0,20.257812,20.414062,20.398438
7402,2021-08-01 18:30:00,3510,23.570312,21.679688,22.0625,21.390625,20.804688,20.59375,20.453125,20.4375,20.171875,18.0625,18.109375,18.921875,19.5625,19.992188,20.257812,20.398438,20.398438
7403,2021-08-01 18:45:00,3510,24.023438,21.78125,22.71875,21.46875,20.875,20.609375,20.53125,20.601562,20.546875,18.265625,18.125,18.921875,19.554688,19.984375,20.25,20.398438,20.382812
7404,2021-08-01 19:00:00,3504,24.140625,22.132812,22.921875,21.59375,21.125,21.039062,20.992188,21.046875,20.90625,18.429688,18.15625,18.914062,19.546875,19.976562,20.242188,20.382812,20.375
7405,2021-08-01 19:15:00,3516,25.585938,23.46875,24.515625,23.25,22.882812,22.898438,22.90625,22.992188,22.804688,18.8125,18.195312,18.90625,19.539062,19.96875,20.234375,20.382812,20.375
7406,2021-08-01 19:30:00,3510,25.71875,23.28125,24.820312,23.265625,22.75,22.710938,22.734375,22.867188,22.84375,19.015625,18.226562,18.90625,19.523438,19.960938,20.234375,20.367188,20.367188
7407,2021-08-01 19:45:00,3510,25.585938,23.328125,24.453125,22.867188,22.617188,22.476562,22.59375,22.71875,22.664062,19.109375,18.273438,18.90625,19.523438,19.953125,20.226562,20.367188,20.359375
7408,2021-08-01 20:00:00,3510,25.9375,23.929688,24.820312,23.171875,22.953125,22.929688,23.179688,23.328125,23.429688,19.367188,18.320312,18.90625,19.515625,19.945312,20.21875,20.359375,20.351562
7409,2021-08-01 20:15:00,3516,26.007812,23.976562,24.96875,23.085938,22.875,23.101562,23.34375,23.671875,23.78125,19.5,18.367188,18.914062,19.507812,19.9375,20.210938,20.359375,20.34375
7410,2021-08-01 20:30:00,3516,25.609375,23.953125,24.570312,23.15625,23.070312,22.921875,23.117188,23.304688,23.203125,19.53125,18.421875,18.914062,19.5,19.9375,20.210938,20.351562,20.34375
7411,2021-08-01 20:45:00,3510,25.546875,23.742188,24.820312,23.046875,23.1875,23.148438,23.539062,23.679688,23.679688,19.695312,18.476562,18.914062,19.492188,19.929688,20.195312,20.34375,20.328125
7412,2021-08-01 21:00:00,3510,25.507812,24.054688,24.257812,23.28125,23.703125,23.257812,23.53125,23.59375,23.320312,19.695312,18.53125,18.929688,19.492188,19.921875,20.195312,20.34375,20.320312
7413,2021-08-01 21:15:00,3516,25.4375,23.140625,23.570312,22.546875,22.539062,22.664062,23.023438,23.070312,23.289062,19.796875,18.578125,18.929688,19.476562,19.914062,20.1875,20.335938,20.3125
7414,2021-08-01 21:30:00,3516,24.796875,22.664062,22.601562,22.085938,22.09375,22.265625,22.640625,22.820312,23.023438,19.765625,18.632812,18.945312,19.46875,19.898438,20.179688,20.328125,20.304688
7415,2021-08-01 21:45:00,3522,24.257812,21.960938,21.5625,21.429688,21.140625,21.226562,21.40625,21.507812,21.789062,19.695312,18.6875,18.953125,19.46875,19.898438,20.171875,20.320312,20.289062
7416,2021-08-01 22:00:00,3516,24.28125,22.132812,21.632812,21.890625,21.65625,22.125,22.296875,22.445312,22.515625,19.742188,18.734375,18.960938,19.46875,19.890625,20.171875,20.3125,20.289062
7417,2021-08-01 22:15:00,3528,24.03125,22.1875,21.523438,21.445312,21.351562,21.984375,22.046875,22.289062,22.4375,19.757812,18.78125,18.984375,19.460938,19.882812,20.164062,20.3125,20.289062
7418,2021-08-01 22:30:00,3522,23.5625,21.273438,20.820312,20.90625,20.921875,21.375,21.523438,21.726562,21.929688,19.75,18.820312,19.0,19.460938,19.875,20.148438,20.296875,20.273438
7419,2021-08-01 22:45:00,3522,23.585938,21.515625,21.148438,21.210938,21.25,21.625,21.828125,22.09375,22.226562,19.734375,18.859375,19.015625,19.453125,19.867188,20.148438,20.289062,20.265625
7420,2021-08-01 23:00:00,3522,23.039062,20.421875,20.226562,20.476562,20.390625,20.773438,21.023438,21.257812,21.5625,19.710938,18.898438,19.03125,19.460938,19.859375,20.140625,20.289062,20.265625
7421,2021-08-01 23:15:00,3522,22.289062,19.84375,19.601562,19.757812,19.71875,19.929688,20.046875,20.210938,20.445312,19.554688,18.9375,19.046875,19.453125,19.851562,20.132812,20.273438,20.257812
7422,2021-08-01 23:30:00,3528,19.375,17.789062,17.570312,17.671875,17.648438,17.773438,17.898438,18.101562,18.46875,19.195312,18.960938,19.0625,19.460938,19.84375,20.125,20.265625,20.242188
7423,2021-08-01 23:45:00,3528,18.109375,17.5625,17.421875,17.414062,17.421875,17.445312,17.515625,17.65625,17.890625,18.945312,18.992188,19.078125,19.453125,19.84375,20.117188,20.265625,20.234375
7424,2021-08-02 00:00:00,3528,17.15625,16.585938,16.460938,16.554688,16.539062,16.625,16.703125,16.859375,17.15625,18.726562,19.015625,19.09375,19.453125,19.835938,20.109375,20.257812,20.234375
7425,2021-08-02 00:15:00,3516,16.625,16.382812,16.304688,16.351562,16.359375,16.414062,16.492188,16.65625,16.914062,18.570312,19.015625,19.109375,19.453125,19.828125,20.101562,20.25,20.21875
7426,2021-08-02 00:30:00,3528,16.21875,16.054688,15.953125,16.0,15.9921875,16.078125,16.1875,16.390625,16.71875,18.476562,19.015625,19.125,19.453125,19.828125,20.101562,20.242188,20.21875
7427,2021-08-02 00:45:00,3528,15.9296875,15.796875,15.71875,15.7734375,15.7734375,15.828125,15.8984375,16.070312,16.351562,18.359375,19.007812,19.140625,19.460938,19.820312,20.09375,20.234375,20.210938
7428,2021-08-02 01:00:00,3522,15.6640625,15.546875,15.4765625,15.546875,15.5546875,15.6171875,15.6875,15.8515625,16.132812,18.257812,18.992188,19.15625,19.460938,19.820312,20.078125,20.226562,20.203125
7429,2021-08-02 01:15:00,3522,15.2421875,15.1328125,15.0390625,15.0859375,15.1015625,15.1796875,15.296875,15.53125,15.890625,18.164062,18.976562,19.164062,19.46875,19.8125,20.070312,20.21875,20.203125
7430,2021-08-02 01:30:00,3522,15.0390625,15.0,14.9296875,14.9921875,15.0078125,15.0625,15.1171875,15.28125,15.5859375,18.03125,18.960938,19.171875,19.46875,19.804688,20.070312,20.21875,20.1875
7431,2021-08-02 01:45:00,3522,14.7578125,14.6875,14.640625,14.703125,14.71875,14.7890625,14.859375,15.0390625,15.3671875,17.921875,18.9375,19.179688,19.476562,19.804688,20.0625,20.210938,20.1875
7432,2021-08-02 02:00:00,3522,14.5,14.5078125,14.4375,14.5234375,14.546875,14.6328125,14.7421875,14.953125,15.2734375,17.84375,18.921875,19.195312,19.476562,19.804688,20.054688,20.203125,20.179688
7433,2021-08-02 02:15:00,3510,14.359375,14.3984375,14.328125,14.4140625,14.4296875,14.515625,14.6328125,14.859375,15.203125,17.789062,18.898438,19.195312,19.484375,19.796875,20.054688,20.195312,20.179688
7434,2021-08-02 02:30:00,3516,14.3203125,14.390625,14.359375,14.4375,14.4375,14.5234375,14.6015625,14.78125,15.0859375,17.703125,18.867188,19.203125,19.484375,19.804688,20.046875,20.195312,20.171875
7435,2021-08-02 02:45:00,3522,14.0,13.984375,13.9375,14.046875,14.0703125,14.1640625,14.2890625,14.5234375,14.9140625,17.640625,18.84375,19.210938,19.492188,19.789062,20.046875,20.1875,20.164062
7436,2021-08-02 03:00:00,3522,13.734375,13.8125,13.7421875,13.8359375,13.8515625,13.9453125,14.0546875,14.2890625,14.71875,17.578125,18.820312,19.210938,19.5,19.796875,20.039062,20.179688,20.164062
7437,2021-08-02 03:15:00,3522,13.390625,13.4296875,13.3671875,13.5,13.53125,13.6484375,13.8125,14.1015625,14.578125,17.523438,18.789062,19.210938,19.492188,19.789062,20.039062,20.171875,20.15625
7438,2021-08-02 03:30:00,3528,13.015625,13.078125,13.015625,13.1796875,13.2421875,13.390625,13.5859375,13.8984375,14.40625,17.460938,18.765625,19.203125,19.5,19.789062,20.03125,20.171875,20.164062
7439,2021-08-02 03:45:00,3516,12.7109375,12.921875,12.859375,13.0078125,13.0625,13.203125,13.3984375,13.7109375,14.21875,17.414062,18.726562,19.203125,19.507812,19.789062,20.023438,20.171875,20.15625
7440,2021-08-02 04:00:00,3510,12.6171875,12.8671875,12.796875,12.953125,13.0,13.1484375,13.34375,13.65625,14.1328125,17.34375,18.710938,19.203125,19.515625,19.789062,20.023438,20.164062,20.148438
7441,2021-08-02 04:15:00,3522,12.421875,12.65625,12.5859375,12.7578125,12.8203125,12.984375,13.2109375,13.578125,14.09375,17.304688,18.679688,19.203125,19.507812,19.789062,20.023438,20.15625,20.140625
7442,2021-08-02 04:30:00,3510,12.2421875,12.46875,12.421875,12.59375,12.6796875,12.890625,13.1640625,13.53125,14.0546875,17.265625,18.648438,19.195312,19.515625,19.796875,20.015625,20.15625,20.140625
7443,2021-08-02 04:45:00,3516,12.3828125,12.7109375,12.6484375,12.7734375,12.8125,12.9609375,13.1953125,13.5703125,14.1171875,17.257812,18.632812,19.1875,19.515625,19.789062,20.015625,20.15625,20.140625
7444,2021-08-02 05:00:00,3510,12.84375,13.171875,13.125,13.1640625,13.1796875,13.3203125,13.5390625,13.859375,14.3359375,17.25,18.601562,19.179688,19.515625,19.78125,20.007812,20.148438,20.140625
7445,2021-08-02 05:15:00,3510,13.046875,13.25,13.203125,13.2265625,13.2421875,13.3671875,13.5625,13.8671875,14.3671875,17.242188,18.570312,19.179688,19.515625,19.78125,20.007812,20.140625,20.132812
7446,2021-08-02 05:30:00,3516,13.03125,13.1328125,13.09375,13.140625,13.1484375,13.265625,13.4453125,13.734375,14.21875,17.1875,18.554688,19.171875,19.515625,19.789062,20.0,20.140625,20.140625
7447,2021-08-02 05:45:00,3510,12.921875,13.0078125,12.9765625,13.0390625,13.0625,13.1796875,13.34375,13.6328125,14.0859375,17.117188,18.539062,19.164062,19.523438,19.789062,20.0,20.132812,20.132812
7448,2021-08-02 06:00:00,3510,13.0859375,13.2265625,13.1875,13.2109375,13.2109375,13.3125,13.4453125,13.71875,14.15625,17.101562,18.507812,19.15625,19.515625,19.789062,19.992188,20.132812,20.132812
7449,2021-08-02 06:15:00,3510,13.25,13.3515625,13.3359375,13.34375,13.3515625,13.4609375,13.609375,13.8984375,14.3515625,17.117188,18.484375,19.148438,19.523438,19.789062,20.0,20.132812,20.132812
7450,2021-08-02 06:30:00,3510,13.5078125,13.5625,13.546875,13.5234375,13.515625,13.59375,13.703125,13.9375,14.3125,17.085938,18.460938,19.140625,19.523438,19.789062,20.0,20.125,20.132812
7451,2021-08-02 06:45:00,3510,13.59375,13.5625,13.5703125,13.5625,13.5703125,13.65625,13.78125,14.015625,14.3984375,17.078125,18.445312,19.132812,19.523438,19.789062,20.0,20.125,20.125
7452,2021-08-02 07:00:00,3516,13.6796875,13.640625,13.640625,13.6171875,13.59375,13.6640625,13.7734375,13.9921875,14.359375,17.070312,18.421875,19.117188,19.515625,19.789062,20.0,20.125,20.117188
7453,2021-08-02 07:15:00,3516,13.703125,13.625,13.6328125,13.6171875,13.609375,13.6953125,13.8125,14.046875,14.421875,17.070312,18.40625,19.109375,19.515625,19.789062,19.992188,20.125,20.117188
7454,2021-08-02 07:30:00,3510,13.6953125,13.609375,13.6015625,13.5859375,13.578125,13.6640625,13.7890625,14.015625,14.40625,17.0625,18.390625,19.101562,19.515625,19.789062,19.992188,20.125,20.125
7455,2021-08-02 07:45:00,3504,13.5859375,13.5234375,13.5078125,13.5,13.484375,13.5703125,13.6796875,13.8984375,14.2890625,17.023438,18.367188,19.09375,19.507812,19.789062,19.984375,20.117188,20.125
7456,2021-08-02 08:00:00,3510,13.5859375,13.515625,13.515625,13.5234375,13.5078125,13.609375,13.7265625,13.9765625,14.34375,16.992188,18.351562,19.078125,19.507812,19.789062,19.992188,20.117188,20.117188
7457,2021-08-02 08:15:00,3510,13.5,13.40625,13.40625,13.4140625,13.40625,13.5,13.6328125,13.859375,14.265625,16.984375,18.34375,19.078125,19.507812,19.789062,19.984375,20.109375,20.117188
7458,2021-08-02 08:30:00,3504,13.375,13.2890625,13.28125,13.3125,13.3046875,13.4140625,13.546875,13.8046875,14.203125,16.960938,18.328125,19.0625,19.5,19.78125,19.992188,20.109375,20.109375
7459,2021-08-02 08:45:00,3510,13.3125,13.2578125,13.25,13.2734375,13.265625,13.3671875,13.5,13.71875,14.1171875,16.9375,18.3125,19.0625,19.5,19.789062,19.976562,20.109375,20.109375
7460,2021-08-02 09:00:00,3522,13.2578125,13.2109375,13.203125,13.2265625,13.21875,13.3125,13.4609375,13.703125,14.1171875,16.914062,18.296875,19.046875,19.492188,19.789062,19.984375,20.101562,20.109375
7461,2021-08-02 09:15:00,3510,13.2265625,13.1953125,13.203125,13.2265625,13.2265625,13.34375,13.5078125,13.7890625,14.2109375,16.921875,18.28125,19.039062,19.492188,19.789062,19.984375,20.101562,20.101562
7462,2021-08-02 09:30:00,3510,13.109375,13.0234375,13.03125,13.0859375,13.09375,13.2265625,13.390625,13.65625,14.109375,16.890625,18.265625,19.023438,19.484375,19.78125,19.976562,20.101562,20.109375
7463,2021-08-02 09:45:00,3504,12.9140625,12.8359375,12.8359375,12.8984375,12.90625,13.03125,13.1796875,13.4453125,13.90625,16.851562,18.25,19.023438,19.484375,19.78125,19.976562,20.101562,20.101562
7464,2021-08-02 10:00:00,3510,12.765625,12.7578125,12.75,12.8046875,12.8203125,12.953125,13.1328125,13.4296875,13.890625,16.820312,18.234375,19.007812,19.476562,19.78125,19.976562,20.09375,20.101562
7465,2021-08-02 10:15:00,3510,12.8671875,12.890625,12.890625,12.9296875,12.9375,13.0625,13.25,13.53125,13.9765625,16.8125,18.21875,19.0,19.476562,19.78125,19.976562,20.09375,20.09375
7466,2021-08-02 10:30:00,3510,13.0,13.0,13.0078125,13.0234375,13.0234375,13.140625,13.296875,13.5625,13.96875,16.78125,18.203125,18.984375,19.46875,19.773438,19.96875,20.09375,20.101562
7467,2021-08-02 10:45:00,3510,13.09375,13.0625,13.0703125,13.0546875,13.0546875,13.15625,13.296875,13.53125,13.9140625,16.75,18.179688,18.976562,19.460938,19.765625,19.96875,20.09375,20.085938
7468,2021-08-02 11:00:00,3510,13.125,13.0390625,13.0546875,13.0390625,13.03125,13.1328125,13.2578125,13.484375,13.890625,16.742188,18.171875,18.960938,19.460938,19.765625,19.96875,20.09375,20.085938
7469,2021-08-02 11:15:00,3510,13.09375,12.9765625,13.0,12.96875,12.9609375,13.0390625,13.1484375,13.359375,13.7421875,16.695312,18.148438,18.953125,19.445312,19.765625,19.960938,20.09375,20.078125
7470,2021-08-02 11:30:00,3510,12.84375,12.703125,12.703125,12.734375,12.7421875,12.8515625,12.9921875,13.2578125,13.6875,16.671875,18.140625,18.9375,19.445312,19.757812,19.96875,20.078125,20.085938
7471,2021-08-02 11:45:00,3504,12.7734375,12.703125,12.703125,12.71875,12.7421875,12.8828125,13.0625,13.3359375,13.796875,16.671875,18.117188,18.945312,19.4375,19.757812,19.960938,20.078125,20.078125
7472,2021-08-02 12:00:00,3510,12.6640625,12.5859375,12.5703125,12.59375,12.6015625,12.7265625,12.890625,13.1640625,13.6328125,16.648438,18.109375,18.929688,19.4375,19.75,19.960938,20.070312,20.070312
7473,2021-08-02 12:15:00,3504,12.375,12.28125,12.28125,12.3515625,12.3984375,12.5859375,12.828125,13.1875,13.71875,16.648438,18.085938,18.921875,19.429688,19.75,19.953125,20.070312,20.070312
7474,2021-08-02 12:30:00,3504,12.5,12.4921875,12.4765625,12.4765625,12.4921875,12.6015625,12.78125,13.0703125,13.546875,16.609375,18.070312,18.898438,19.421875,19.75,19.953125,20.070312,20.070312
7475,2021-08-02 12:45:00,3510,12.59375,12.53125,12.53125,12.5234375,12.5234375,12.640625,12.8046875,13.078125,13.53125,16.578125,18.054688,18.890625,19.414062,19.742188,19.945312,20.0625,20.0625
7476,2021-08-02 13:00:00,3510,12.6171875,12.5390625,12.5390625,12.515625,12.5078125,12.609375,12.7578125,12.9921875,13.4453125,16.539062,18.039062,18.882812,19.40625,19.742188,19.945312,20.070312,20.054688
7477,2021-08-02 13:15:00,3510,12.7109375,12.6640625,12.6640625,12.6171875,12.59375,12.671875,12.765625,12.984375,13.3828125,16.492188,18.023438,18.875,19.398438,19.734375,19.953125,20.054688,20.046875
7478,2021-08-02 13:30:00,3498,12.7421875,12.6484375,12.671875,12.640625,12.6328125,12.7109375,12.8203125,13.046875,13.421875,16.460938,18.007812,18.867188,19.390625,19.734375,19.9375,20.054688,20.054688
7479,2021-08-02 13:45:00,3498,12.8359375,12.7265625,12.75,12.7265625,12.703125,12.78125,12.8984375,13.1015625,13.4921875,16.453125,17.992188,18.851562,19.382812,19.726562,19.9375,20.054688,20.046875
7480,2021-08-02 14:00:00,3504,12.984375,12.921875,12.953125,12.921875,12.8828125,12.9609375,13.0625,13.265625,13.625,16.460938,17.96875,18.835938,19.382812,19.71875,19.929688,20.046875,20.039062
7481,2021-08-02 14:15:00,3504,13.234375,13.1640625,13.1953125,13.140625,13.0859375,13.15625,13.2421875,13.4296875,13.7578125,16.46875,17.945312,18.820312,19.367188,19.71875,19.929688,20.039062,20.03125
7482,2021-08-02 14:30:00,3504,13.515625,13.4296875,13.4609375,13.421875,13.359375,13.4140625,13.4609375,13.6171875,13.8671875,16.460938,17.9375,18.8125,19.359375,19.710938,19.929688,20.046875,20.03125
7483,2021-08-02 14:45:00,3504,13.7265625,13.5546875,13.6015625,13.546875,13.4921875,13.546875,13.578125,13.703125,13.9609375,16.476562,17.921875,18.804688,19.351562,19.703125,19.921875,20.039062,20.03125
7484,2021-08-02 15:00:00,3498,14.0390625,13.8515625,13.9140625,13.84375,13.765625,13.7890625,13.796875,13.8828125,14.0546875,16.46875,17.90625,18.789062,19.34375,19.703125,19.921875,20.03125,20.023438
7485,2021-08-02 15:15:00,3504,14.34375,14.125,14.1953125,14.1640625,14.078125,14.1015625,14.1171875,14.2109375,14.34375,16.492188,17.890625,18.78125,19.335938,19.695312,19.90625,20.03125,20.015625
7486,2021-08-02 15:30:00,3504,14.765625,14.484375,14.5625,14.5234375,14.421875,14.46875,14.484375,14.578125,14.7109375,16.5625,17.875,18.765625,19.320312,19.695312,19.914062,20.023438,20.015625
7487,2021-08-02 15:45:00,3504,15.3359375,15.0703125,15.125,15.0703125,14.890625,14.8671875,14.8203125,14.8359375,14.8828125,16.59375,17.859375,18.757812,19.320312,19.6875,19.914062,20.023438,20.007812
7488,2021-08-02 16:00:00,3504,15.9375,15.515625,15.6484375,15.609375,15.421875,15.4296875,15.4140625,15.4375,15.4609375,16.679688,17.851562,18.734375,19.3125,19.679688,19.898438,20.015625,20.0
7489,2021-08-02 16:15:00,3504,17.875,17.96875,17.664062,17.585938,17.21875,17.015625,16.804688,16.695312,16.445312,16.828125,17.84375,18.71875,19.296875,19.671875,19.898438,20.007812,20.0
7490,2021-08-02 16:30:00,3504,19.695312,19.664062,19.40625,19.578125,19.226562,18.90625,18.59375,18.351562,17.90625,17.070312,17.835938,18.710938,19.296875,19.664062,19.890625,20.007812,19.992188
7491,2021-08-02 16:45:00,3504,21.226562,20.695312,20.523438,20.820312,20.703125,20.1875,19.867188,19.617188,19.15625,17.375,17.84375,18.703125,19.289062,19.664062,19.882812,20.0,19.984375
7492,2021-08-02 17:00:00,3504,22.5625,21.40625,21.28125,21.492188,21.023438,20.671875,20.414062,20.210938,19.820312,17.609375,17.84375,18.695312,19.28125,19.664062,19.875,20.0,19.976562
7493,2021-08-02 17:15:00,3504,23.945312,22.460938,22.359375,22.78125,22.1875,21.75,21.453125,21.3125,20.835938,17.882812,17.859375,18.679688,19.265625,19.648438,19.882812,19.992188,19.976562
7494,2021-08-02 17:30:00,3504,24.828125,22.984375,22.96875,23.476562,22.710938,22.296875,22.039062,21.898438,21.570312,18.15625,17.882812,18.671875,19.257812,19.640625,19.875,19.992188,19.96875
7495,2021-08-02 17:45:00,3510,25.546875,23.34375,23.453125,24.375,22.882812,22.546875,22.328125,22.257812,22.03125,18.375,17.90625,18.664062,19.25,19.632812,19.867188,19.984375,19.960938
7496,2021-08-02 18:00:00,3510,25.984375,23.765625,23.757812,25.046875,22.882812,22.757812,22.601562,22.53125,22.5,18.601562,17.9375,18.65625,19.234375,19.625,19.859375,19.976562,19.960938
7497,2021-08-02 18:15:00,3510,26.179688,24.039062,24.28125,25.4375,23.242188,23.070312,22.921875,22.929688,22.851562,18.804688,17.976562,18.648438,19.226562,19.625,19.851562,19.96875,19.945312
7498,2021-08-02 18:30:00,3510,26.976562,25.070312,25.195312,25.546875,23.875,23.742188,23.53125,23.476562,23.328125,19.0,18.023438,18.648438,19.226562,19.617188,19.851562,19.960938,19.9375
7499,2021-08-02 18:45:00,3516,27.703125,25.882812,26.40625,25.859375,24.773438,24.671875,24.484375,24.4375,24.203125,19.226562,18.078125,18.648438,19.21875,19.609375,19.84375,19.960938,19.9375
7500,2021-08-02 19:00:00,3528,27.953125,26.023438,26.71875,25.703125,24.914062,24.898438,24.820312,24.90625,24.757812,19.492188,18.117188,18.648438,19.203125,19.601562,19.84375,19.953125,19.929688
7501,2021-08-02 19:15:00,3522,28.71875,26.875,27.671875,26.578125,25.914062,26.03125,26.070312,26.195312,25.96875,19.828125,18.179688,18.648438,19.203125,19.59375,19.828125,19.945312,19.921875
7502,2021-08-02 19:30:00,3522,28.84375,26.8125,27.78125,26.65625,26.117188,26.359375,26.3125,26.554688,26.34375,20.085938,18.234375,18.648438,19.195312,19.585938,19.828125,19.945312,19.914062
7503,2021-08-02 19:45:00,3522,29.289062,26.703125,27.601562,26.242188,25.703125,26.070312,26.296875,26.703125,26.804688,20.328125,18.304688,18.65625,19.1875,19.578125,19.8125,19.9375,19.914062
7504,2021-08-02 20:00:00,3528,29.914062,27.28125,27.84375,26.617188,26.40625,26.695312,26.867188,27.15625,27.109375,20.523438,18.367188,18.671875,19.179688,19.570312,19.8125,19.929688,19.90625
7505,2021-08-02 20:15:00,3528,29.359375,27.171875,27.757812,26.546875,26.171875,26.632812,27.101562,27.507812,27.5625,20.6875,18.445312,18.679688,19.171875,19.570312,19.8125,19.929688,19.890625
7506,2021-08-02 20:30:00,3528,29.296875,27.859375,27.96875,26.945312,27.1875,27.25,27.5,27.773438,27.601562,20.882812,18.515625,18.6875,19.171875,19.5625,19.796875,19.921875,19.890625
7507,2021-08-02 20:45:00,3528,29.570312,28.296875,28.484375,27.265625,27.515625,27.632812,27.984375,28.234375,28.078125,21.054688,18.59375,18.703125,19.164062,19.546875,19.796875,19.90625,19.882812
7508,2021-08-02 21:00:00,3528,29.289062,27.179688,26.8125,26.34375,26.546875,26.445312,26.632812,26.898438,27.007812,21.078125,18.664062,18.710938,19.15625,19.546875,19.789062,19.90625,19.875
7509,2021-08-02 21:15:00,3534,29.007812,27.09375,26.523438,26.085938,26.40625,26.03125,26.296875,26.40625,26.492188,21.023438,18.742188,18.734375,19.15625,19.539062,19.789062,19.90625,19.867188
7510,2021-08-02 21:30:00,3534,28.96875,27.179688,26.75,26.632812,26.554688,26.664062,27.164062,27.257812,27.3125,21.15625,18.820312,18.765625,19.164062,19.53125,19.773438,19.890625,19.859375
7511,2021-08-02 21:45:00,3534,28.609375,26.773438,26.164062,25.976562,25.65625,25.96875,26.421875,26.539062,26.710938,21.15625,18.898438,18.78125,19.148438,19.523438,19.773438,19.890625,19.851562
7512,2021-08-02 22:00:00,3528,28.585938,27.023438,25.898438,25.859375,25.546875,25.929688,26.265625,26.4375,26.664062,21.226562,18.960938,18.804688,19.148438,19.515625,19.757812,19.882812,19.851562
7513,2021-08-02 22:15:00,3540,28.460938,26.898438,25.914062,26.015625,25.96875,26.359375,26.53125,26.664062,26.601562,21.21875,19.03125,18.828125,19.15625,19.515625,19.757812,19.875,19.84375
7514,2021-08-02 22:30:00,3528,28.34375,26.914062,25.703125,25.851562,25.734375,26.46875,26.476562,26.71875,26.9375,21.351562,19.085938,18.859375,19.15625,19.507812,19.75,19.875,19.828125
7515,2021-08-02 22:45:00,3540,28.390625,26.046875,25.28125,25.695312,25.484375,26.109375,26.03125,26.195312,26.171875,21.257812,19.15625,18.890625,19.15625,19.5,19.742188,19.859375,19.828125
7516,2021-08-02 23:00:00,3528,27.984375,25.507812,25.046875,25.757812,25.328125,25.953125,26.0625,26.398438,26.382812,21.25,19.210938,18.90625,19.15625,19.5,19.742188,19.851562,19.820312
7517,2021-08-02 23:15:00,3540,26.367188,23.789062,23.507812,23.90625,23.71875,24.195312,24.320312,24.59375,24.882812,21.1875,19.273438,18.9375,19.164062,19.492188,19.734375,19.851562,19.820312
7518,2021-08-02 23:30:00,3534,23.609375,21.84375,21.554688,21.640625,21.625,21.773438,21.914062,22.171875,22.570312,20.828125,19.3125,18.960938,19.171875,19.492188,19.726562,19.84375,19.804688
7519,2021-08-02 23:45:00,3534,21.226562,19.96875,19.679688,19.710938,19.6875,19.820312,19.929688,20.1875,20.578125,20.398438,19.367188,18.992188,19.171875,19.484375,19.726562,19.84375,19.804688
7520,2021-08-03 00:00:00,3528,19.703125,18.835938,18.601562,18.671875,18.710938,18.921875,19.109375,19.421875,19.804688,20.125,19.40625,19.023438,19.1875,19.476562,19.710938,19.835938,19.796875
7521,2021-08-03 00:15:00,3534,19.882812,19.71875,19.6875,19.539062,19.546875,19.53125,19.570312,19.640625,19.726562,19.9375,19.4375,19.046875,19.1875,19.484375,19.710938,19.828125,19.796875
7522,2021-08-03 00:30:00,3534,20.03125,19.65625,19.515625,19.578125,19.515625,19.617188,19.648438,19.773438,19.921875,19.859375,19.445312,19.078125,19.195312,19.476562,19.710938,19.820312,19.789062
7523,2021-08-03 00:45:00,3540,19.21875,18.796875,18.671875,18.578125,18.578125,18.578125,18.632812,18.789062,19.0625,19.71875,19.453125,19.101562,19.203125,19.476562,19.695312,19.820312,19.78125
7524,2021-08-03 01:00:00,3540,18.976562,18.804688,18.734375,18.742188,18.71875,18.734375,18.75,18.835938,18.96875,19.578125,19.453125,19.132812,19.210938,19.476562,19.695312,19.8125,19.78125
7525,2021-08-03 01:15:00,3540,18.34375,18.039062,17.9375,17.984375,17.945312,18.015625,18.085938,18.296875,18.59375,19.492188,19.445312,19.15625,19.226562,19.46875,19.6875,19.804688,19.78125
7526,2021-08-03 01:30:00,3540,17.460938,17.046875,16.84375,17.046875,17.109375,17.351562,17.515625,17.796875,18.0625,19.328125,19.4375,19.179688,19.242188,19.476562,19.6875,19.796875,19.78125
7527,2021-08-03 01:45:00,3534,16.914062,16.695312,16.515625,16.617188,16.671875,16.859375,17.0625,17.359375,17.703125,19.21875,19.429688,19.195312,19.25,19.46875,19.679688,19.796875,19.78125
7528,2021-08-03 02:00:00,3528,16.507812,16.234375,16.054688,16.179688,16.203125,16.40625,16.570312,16.859375,17.21875,19.070312,19.40625,19.21875,19.257812,19.46875,19.679688,19.796875,19.78125
7529,2021-08-03 02:15:00,3534,16.132812,15.8828125,15.8046875,15.765625,15.8046875,15.9140625,16.109375,16.421875,16.8125,18.921875,19.398438,19.234375,19.273438,19.46875,19.671875,19.789062,19.773438
7530,2021-08-03 02:30:00,3528,15.5625,15.2578125,15.0390625,15.203125,15.2265625,15.40625,15.515625,15.8203125,16.109375,18.6875,19.375,19.25,19.273438,19.476562,19.671875,19.789062,19.773438
7531,2021-08-03 02:45:00,3540,15.2265625,15.015625,14.8359375,15.125,15.296875,15.65625,15.9765625,16.289062,16.617188,18.679688,19.351562,19.265625,19.289062,19.476562,19.671875,19.78125,19.765625
7532,2021-08-03 03:00:00,3540,14.734375,14.5390625,14.3828125,14.625,14.8046875,15.140625,15.421875,15.75,16.054688,18.570312,19.328125,19.28125,19.304688,19.476562,19.664062,19.78125,19.773438
7533,2021-08-03 03:15:00,3522,14.0390625,13.859375,13.6875,13.875,14.0546875,14.390625,14.6640625,15.0625,15.5234375,18.453125,19.296875,19.289062,19.320312,19.484375,19.664062,19.78125,19.773438
7534,2021-08-03 03:30:00,3534,13.3828125,13.109375,12.8828125,13.1796875,13.4140625,13.7734375,14.015625,14.4375,14.828125,18.15625,19.28125,19.296875,19.328125,19.484375,19.664062,19.78125,19.765625
7535,2021-08-03 03:45:00,3528,12.8046875,12.546875,12.3515625,12.6171875,12.8671875,13.2578125,13.5390625,14.0234375,14.375,17.984375,19.25,19.304688,19.34375,19.492188,19.65625,19.773438,19.773438
7536,2021-08-03 04:00:00,3522,12.2109375,12.1484375,11.9765625,12.15625,12.375,12.6328125,12.8515625,13.234375,13.515625,17.703125,19.210938,19.3125,19.351562,19.492188,19.664062,19.765625,19.773438
7537,2021-08-03 04:15:00,3528,11.90625,11.921875,11.8125,11.90625,12.109375,12.4296875,12.71875,13.03125,13.3359375,17.5625,19.179688,19.3125,19.359375,19.5,19.664062,19.765625,19.773438
7538,2021-08-03 04:30:00,3534,11.421875,11.5625,11.484375,11.84375,12.1328125,12.4296875,12.6015625,12.7890625,13.0625,17.421875,19.132812,19.3125,19.367188,19.5,19.664062,19.773438,19.773438
7539,2021-08-03 04:45:00,3528,11.2265625,11.515625,11.34375,11.6171875,11.953125,12.53125,12.890625,13.0859375,13.1875,17.34375,19.09375,19.320312,19.382812,19.507812,19.671875,19.765625,19.773438
7540,2021-08-03 05:00:00,3528,11.140625,11.7578125,11.71875,12.140625,12.546875,12.96875,13.046875,13.0234375,13.21875,17.273438,19.039062,19.320312,19.390625,19.515625,19.664062,19.765625,19.78125
7541,2021-08-03 05:15:00,3522,10.953125,11.4140625,11.4375,11.890625,12.3359375,12.828125,13.0703125,13.3125,13.6640625,17.28125,18.992188,19.3125,19.390625,19.515625,19.671875,19.773438,19.789062
7542,2021-08-03 05:30:00,3528,10.796875,11.15625,10.9921875,11.3203125,11.6953125,12.28125,12.7421875,13.0390625,13.359375,17.164062,18.945312,19.320312,19.414062,19.523438,19.664062,19.773438,19.78125
7543,2021-08-03 05:45:00,3528,10.5625,10.9609375,10.9609375,11.40625,11.78125,12.234375,12.546875,12.8828125,13.2890625,17.1875,18.898438,19.304688,19.40625,19.523438,19.671875,19.773438,19.789062
7544,2021-08-03 06:00:00,3534,10.3125,10.6796875,10.5859375,10.9765625,11.2890625,11.7265625,12.0546875,12.390625,12.8515625,17.101562,18.859375,19.304688,19.421875,19.539062,19.671875,19.773438,19.796875
7545,2021-08-03 06:15:00,3528,10.828125,11.3671875,11.3359375,11.4921875,11.671875,11.9921875,12.328125,12.6875,13.1328125,17.046875,18.820312,19.289062,19.429688,19.539062,19.679688,19.773438,19.796875
7546,2021-08-03 06:30:00,3522,11.3515625,11.75,11.765625,11.9453125,12.078125,12.375,12.6484375,13.046875,13.609375,17.078125,18.773438,19.28125,19.4375,19.539062,19.671875,19.773438,19.796875
7547,2021-08-03 06:45:00,3528,11.84375,12.1015625,12.1328125,12.3046875,12.3828125,12.640625,12.890625,13.25,13.78125,17.125,18.726562,19.273438,19.4375,19.546875,19.679688,19.78125,19.804688
7548,2021-08-03 07:00:00,3522,11.96875,12.0859375,12.1015625,12.2578125,12.34375,12.59375,12.8359375,13.1640625,13.671875,17.085938,18.6875,19.265625,19.445312,19.5625,19.6875,19.78125,19.804688
7549,2021-08-03 07:15:00,3522,12.0,12.125,12.1484375,12.2890625,12.3671875,12.6171875,12.875,13.25,13.78125,17.070312,18.65625,19.25,19.453125,19.5625,19.6875,19.78125,19.8125
7550,2021-08-03 07:30:00,3522,12.0,12.0703125,12.09375,12.1953125,12.265625,12.5234375,12.7890625,13.1953125,13.765625,17.070312,18.617188,19.234375,19.453125,19.570312,19.6875,19.789062,19.8125
7551,2021-08-03 07:45:00,3522,11.859375,11.8359375,11.859375,12.0,12.140625,12.484375,12.8203125,13.2578125,13.796875,17.070312,18.585938,19.226562,19.453125,19.570312,19.695312,19.796875,19.820312
7552,2021-08-03 08:00:00,3528,10.9453125,10.9296875,10.6484375,10.859375,11.0703125,11.609375,11.9296875,12.4453125,12.9296875,16.882812,18.5625,19.210938,19.453125,19.578125,19.695312,19.796875,19.820312
7553,2021-08-03 08:15:00,3522,10.2734375,10.2890625,9.9375,10.046875,10.2265625,10.734375,11.25,11.7109375,11.9453125,16.625,18.53125,19.195312,19.453125,19.585938,19.695312,19.796875,19.828125
7554,2021-08-03 08:30:00,3522,9.859375,9.8671875,9.6328125,9.8515625,10.0703125,10.515625,10.953125,11.5078125,12.0859375,16.546875,18.5,19.179688,19.460938,19.59375,19.703125,19.796875,19.828125
7555,2021-08-03 08:45:00,3528,9.5078125,9.6640625,9.46875,9.7734375,10.0234375,10.359375,10.734375,11.21875,11.8125,16.429688,18.46875,19.171875,19.460938,19.585938,19.703125,19.796875,19.835938
7556,2021-08-03 09:00:00,3522,9.4296875,9.6953125,9.4921875,9.71875,9.9609375,10.3515625,10.765625,11.2265625,11.71875,16.335938,18.421875,19.15625,19.453125,19.601562,19.71875,19.804688,19.84375
7557,2021-08-03 09:15:00,3522,9.34375,9.671875,9.3359375,9.4765625,9.734375,10.234375,10.78125,11.21875,11.640625,16.265625,18.382812,19.140625,19.453125,19.601562,19.710938,19.804688,19.84375
7558,2021-08-03 09:30:00,3522,9.15625,9.5390625,9.375,9.6796875,9.96875,10.390625,10.8046875,11.234375,11.734375,16.265625,18.351562,19.125,19.453125,19.601562,19.71875,19.8125,19.84375
7559,2021-08-03 09:45:00,3522,9.2734375,9.65625,9.4765625,9.6171875,9.8359375,10.1953125,10.546875,10.96875,11.5859375,16.171875,18.3125,19.109375,19.453125,19.601562,19.71875,19.8125,19.851562
7560,2021-08-03 10:00:00,3528,10.09375,10.6328125,10.6015625,10.65625,10.796875,11.046875,11.4453125,11.8046875,12.3359375,16.25,18.273438,19.101562,19.445312,19.609375,19.726562,19.8125,19.851562
7561,2021-08-03 10:15:00,3522,10.6875,11.0,11.03125,11.125,11.1875,11.4453125,11.7265625,12.09375,12.65625,16.320312,18.226562,19.078125,19.4375,19.609375,19.726562,19.820312,19.859375
7562,2021-08-03 10:30:00,3522,10.9453125,11.0390625,11.0625,11.171875,11.2109375,11.453125,11.671875,12.0,12.5546875,16.296875,18.1875,19.0625,19.445312,19.617188,19.726562,19.828125,19.859375
7563,2021-08-03 10:45:00,3510,10.984375,11.0,11.0078125,11.1171875,11.1640625,11.3984375,11.609375,11.921875,12.4609375,16.257812,18.148438,19.046875,19.429688,19.625,19.734375,19.828125,19.859375
7564,2021-08-03 11:00:00,3516,10.9921875,11.0,11.0,11.1015625,11.140625,11.359375,11.546875,11.8515625,12.3828125,16.242188,18.117188,19.023438,19.429688,19.617188,19.734375,19.828125,19.867188
7565,2021-08-03 11:15:00,3510,10.9765625,10.984375,10.9921875,11.078125,11.125,11.3203125,11.4921875,11.796875,12.328125,16.195312,18.09375,19.007812,19.429688,19.617188,19.742188,19.828125,19.875
7566,2021-08-03 11:30:00,3510,11.109375,11.1796875,11.1875,11.2734375,11.3125,11.5,11.6796875,11.9765625,12.46875,16.195312,18.054688,18.992188,19.421875,19.617188,19.734375,19.835938,19.875
7567,2021-08-03 11:45:00,3510,11.1640625,11.1875,11.203125,11.2890625,11.3203125,11.5234375,11.7109375,11.9921875,12.5,16.1875,18.03125,18.96875,19.40625,19.617188,19.742188,19.84375,19.875
7568,2021-08-03 12:00:00,3522,11.21875,11.2421875,11.2578125,11.34375,11.390625,11.609375,11.8203125,12.140625,12.65625,16.210938,18.007812,18.953125,19.40625,19.625,19.75,19.835938,19.875
7569,2021-08-03 12:15:00,3516,11.2578125,11.3046875,11.3203125,11.40625,11.484375,11.71875,11.9609375,12.3125,12.8515625,16.226562,17.976562,18.929688,19.398438,19.625,19.75,19.84375,19.882812
7570,2021-08-03 12:30:00,3510,11.171875,11.125,11.125,11.2265625,11.265625,11.4765625,11.6640625,11.96875,12.484375,16.171875,17.953125,18.914062,19.390625,19.617188,19.75,19.84375,19.882812
7571,2021-08-03 12:45:00,3516,11.0703125,11.0625,11.0625,11.140625,11.1640625,11.34375,11.5,11.7890625,12.2578125,16.101562,17.9375,18.898438,19.382812,19.617188,19.75,19.84375,19.875
7572,2021-08-03 13:00:00,3510,11.0390625,11.0234375,11.0390625,11.09375,11.125,11.3046875,11.4609375,11.7421875,12.234375,16.078125,17.90625,18.882812,19.375,19.617188,19.75,19.851562,19.882812
7573,2021-08-03 13:15:00,3522,11.046875,11.0859375,11.09375,11.15625,11.1953125,11.3828125,11.5625,11.859375,12.375,16.0625,17.890625,18.859375,19.359375,19.617188,19.757812,19.84375,19.882812
7574,2021-08-03 13:30:00,3510,11.03125,10.9921875,11.03125,11.09375,11.140625,11.3671875,11.5859375,11.9140625,12.4453125,16.0625,17.867188,18.84375,19.359375,19.609375,19.75,19.851562,19.890625
7575,2021-08-03 13:45:00,3516,11.0,10.9609375,10.984375,11.046875,11.0703125,11.2578125,11.4375,11.734375,12.2265625,16.007812,17.84375,18.820312,19.351562,19.617188,19.757812,19.859375,19.882812
7576,2021-08-03 14:00:00,3510,11.1015625,11.125,11.15625,11.1953125,11.21875,11.375,11.53125,11.8125,12.265625,15.984375,17.820312,18.804688,19.335938,19.609375,19.757812,19.859375,19.882812
7577,2021-08-03 14:15:00,3516,11.21875,11.203125,11.2265625,11.2578125,11.2578125,11.421875,11.5703125,11.84375,12.3046875,15.96875,17.796875,18.789062,19.328125,19.609375,19.757812,19.859375,19.890625
7578,2021-08-03 14:30:00,3510,11.421875,11.3125,11.34375,11.3515625,11.34375,11.5,11.6328125,11.875,12.328125,15.96875,17.773438,18.773438,19.320312,19.601562,19.757812,19.851562,19.882812
7579,2021-08-03 14:45:00,3510,11.75,11.671875,11.6953125,11.6953125,11.6875,11.8515625,12.015625,12.2734375,12.7109375,16.015625,17.75,18.757812,19.304688,19.601562,19.757812,19.859375,19.890625
7580,2021-08-03 15:00:00,3510,12.25,12.15625,12.171875,12.1328125,12.1015625,12.25,12.40625,12.6484375,13.0546875,16.078125,17.734375,18.734375,19.296875,19.601562,19.757812,19.859375,19.882812
7581,2021-08-03 15:15:00,3516,12.84375,12.6875,12.7109375,12.5546875,12.546875,12.703125,12.8984375,13.1640625,13.5546875,16.164062,17.710938,18.71875,19.289062,19.59375,19.75,19.851562,19.882812
7582,2021-08-03 15:30:00,3510,13.5859375,13.5234375,13.5078125,13.2734375,13.171875,13.171875,13.2265625,13.390625,13.65625,16.203125,17.695312,18.695312,19.28125,19.59375,19.75,19.859375,19.882812
7583,2021-08-03 15:45:00,3510,14.6953125,14.4375,14.3828125,14.0859375,13.90625,13.7734375,13.71875,13.78125,14.0,16.296875,17.679688,18.679688,19.265625,19.578125,19.757812,19.859375,19.882812
7584,2021-08-03 16:00:00,3516,17.484375,17.804688,17.289062,16.875,16.507812,16.101562,15.78125,15.5859375,15.4296875,16.5,17.671875,18.664062,19.25,19.585938,19.75,19.859375,19.882812
7585,2021-08-03 16:15:00,3510,20.484375,20.03125,19.359375,18.960938,18.554688,18.0625,17.539062,17.125,16.742188,16.804688,17.664062,18.648438,19.242188,19.570312,19.75,19.851562,19.882812
7586,2021-08-03 16:30:00,3510,21.5625,20.335938,20.171875,20.15625,19.65625,19.242188,18.695312,18.257812,17.726562,17.039062,17.664062,18.632812,19.234375,19.570312,19.75,19.851562,19.875
7587,2021-08-03 16:45:00,3510,22.585938,22.0,21.835938,21.59375,21.03125,20.4375,19.804688,19.265625,18.601562,17.273438,17.671875,18.617188,19.226562,19.5625,19.742188,19.859375,19.882812
7588,2021-08-03 17:00:00,3516,24.375,22.90625,22.921875,22.742188,22.03125,21.757812,21.140625,20.679688,19.90625,17.523438,17.6875,18.609375,19.210938,19.5625,19.742188,19.859375,19.867188
7589,2021-08-03 17:15:00,3510,26.125,24.59375,24.96875,24.484375,23.703125,23.257812,22.648438,22.101562,21.234375,17.851562,17.710938,18.59375,19.203125,19.546875,19.742188,19.851562,19.867188
7590,2021-08-03 17:30:00,3510,26.898438,24.984375,26.140625,25.476562,24.023438,23.71875,23.265625,22.914062,22.242188,18.164062,17.742188,18.585938,19.1875,19.546875,19.742188,19.84375,19.867188
7591,2021-08-03 17:45:00,3516,28.101562,26.148438,27.226562,26.71875,25.125,24.867188,24.421875,24.046875,23.351562,18.515625,17.765625,18.570312,19.179688,19.539062,19.734375,19.84375,19.859375
7592,2021-08-03 18:00:00,3510,28.554688,26.546875,27.460938,26.460938,25.4375,25.398438,25.078125,24.835938,24.226562,18.835938,17.8125,18.5625,19.171875,19.539062,19.734375,19.84375,19.859375
7593,2021-08-03 18:15:00,3516,29.289062,26.640625,27.96875,26.414062,25.4375,25.570312,25.390625,25.226562,24.820312,19.132812,17.867188,18.5625,19.15625,19.523438,19.734375,19.84375,19.851562
7594,2021-08-03 18:30:00,3522,29.664062,27.484375,30.023438,27.179688,26.445312,26.359375,26.140625,25.96875,25.445312,19.40625,17.921875,18.554688,19.15625,19.523438,19.726562,19.84375,19.851562
7595,2021-08-03 18:45:00,3528,29.5625,26.671875,28.992188,26.578125,25.734375,26.03125,25.867188,25.96875,25.726562,19.6875,17.984375,18.554688,19.132812,19.515625,19.71875,19.835938,19.851562
7596,2021-08-03 17:30:00,3510,26.898438,24.984375,26.140625,25.476562,24.023438,23.71875,23.265625,22.914062,22.242188,18.164062,17.742188,18.585938,19.1875,19.546875,19.742188,19.84375,19.867188
7597,2021-08-03 17:45:00,3516,28.101562,26.148438,27.226562,26.71875,25.125,24.867188,24.421875,24.046875,23.351562,18.515625,17.765625,18.570312,19.179688,19.539062,19.734375,19.84375,19.859375
7598,2021-08-03 18:00:00,3510,28.554688,26.546875,27.460938,26.460938,25.4375,25.398438,25.078125,24.835938,24.226562,18.835938,17.8125,18.5625,19.171875,19.539062,19.734375,19.84375,19.859375
7599,2021-08-03 18:15:00,3516,29.289062,26.640625,27.96875,26.414062,25.4375,25.570312,25.390625,25.226562,24.820312,19.132812,17.867188,18.5625,19.15625,19.523438,19.734375,19.84375,19.851562
7600,2021-08-03 18:30:00,3522,29.664062,27.484375,30.023438,27.179688,26.445312,26.359375,26.140625,25.96875,25.445312,19.40625,17.921875,18.554688,19.15625,19.523438,19.726562,19.84375,19.851562
7601,2021-08-03 18:45:00,3528,29.5625,26.671875,28.992188,26.578125,25.734375,26.03125,25.867188,25.96875,25.726562,19.6875,17.984375,18.554688,19.132812,19.515625,19.71875,19.835938,19.851562
7602,2021-08-03 19:00:00,3528,29.289062,25.984375,27.390625,25.734375,25.140625,25.320312,25.289062,25.578125,25.53125,19.90625,18.054688,18.554688,19.132812,19.507812,19.71875,19.835938,19.84375
7603,2021-08-03 19:15:00,3528,30.09375,27.664062,28.953125,27.554688,27.101562,27.15625,27.1875,27.382812,27.085938,20.265625,18.125,18.5625,19.125,19.5,19.71875,19.835938,19.835938
7604,2021-08-03 19:30:00,3528,30.0625,27.632812,28.882812,27.273438,27.257812,27.21875,27.296875,27.460938,27.15625,20.460938,18.203125,18.5625,19.109375,19.5,19.710938,19.828125,19.828125
7605,2021-08-03 19:45:00,3534,30.132812,27.523438,28.476562,27.203125,27.070312,27.328125,27.601562,27.953125,27.757812,20.71875,18.28125,18.570312,19.109375,19.492188,19.703125,19.820312,19.828125
7606,2021-08-03 20:00:00,3528,29.8125,27.335938,27.601562,26.71875,26.945312,26.898438,27.1875,27.320312,27.03125,20.742188,18.351562,18.585938,19.09375,19.484375,19.703125,19.828125,19.820312
7607,2021-08-03 20:15:00,3534,28.96875,26.796875,26.898438,26.179688,26.804688,26.671875,27.273438,27.320312,27.007812,20.796875,18.4375,18.59375,19.085938,19.46875,19.695312,19.820312,19.8125
7608,2021-08-03 20:30:00,3528,28.953125,26.828125,27.132812,26.21875,26.53125,26.726562,27.585938,27.726562,27.585938,21.039062,18.515625,18.617188,19.085938,19.46875,19.695312,19.8125,19.8125
7609,2021-08-03 20:45:00,3540,29.335938,27.90625,27.46875,27.921875,28.351562,28.289062,28.945312,28.875,28.453125,21.21875,18.59375,18.632812,19.078125,19.460938,19.679688,19.8125,19.804688
7610,2021-08-03 21:00:00,3528,29.65625,27.546875,26.945312,27.382812,27.398438,27.679688,28.328125,28.242188,28.117188,21.304688,18.679688,18.648438,19.078125,19.453125,19.679688,19.804688,19.804688
7611,2021-08-03 21:15:00,3540,29.296875,26.960938,26.304688,26.734375,26.585938,27.15625,27.90625,27.875,28.046875,21.445312,18.757812,18.671875,19.078125,19.445312,19.679688,19.796875,19.804688
7612,2021-08-03 21:30:00,3534,29.789062,28.578125,27.84375,28.539062,28.117188,28.578125,29.140625,28.882812,28.601562,21.59375,18.84375,18.695312,19.078125,19.4375,19.671875,19.796875,19.789062
7613,2021-08-03 21:45:00,3540,29.757812,28.320312,27.617188,28.148438,27.828125,28.492188,28.90625,28.84375,28.59375,21.703125,18.921875,18.726562,19.070312,19.4375,19.671875,19.789062,19.789062
7614,2021-08-03 22:00:00,3540,29.789062,27.96875,27.445312,27.976562,27.703125,28.46875,28.851562,28.90625,28.757812,21.8125,19.0,18.75,19.078125,19.429688,19.65625,19.789062,19.78125
7615,2021-08-03 22:15:00,3540,29.960938,27.765625,27.5,28.179688,27.960938,28.320312,28.257812,28.234375,27.890625,21.804688,19.085938,18.773438,19.070312,19.429688,19.65625,19.78125,19.773438
7616,2021-08-03 22:30:00,3540,29.671875,27.367188,27.140625,27.796875,27.914062,28.390625,28.265625,28.304688,27.976562,21.8125,19.15625,18.796875,19.078125,19.421875,19.648438,19.78125,19.773438
7617,2021-08-03 22:45:00,3540,29.53125,27.351562,27.265625,27.992188,27.75,28.460938,28.328125,28.304688,27.984375,21.859375,19.234375,18.835938,19.078125,19.414062,19.640625,19.765625,19.765625
7618,2021-08-03 23:00:00,3546,29.226562,27.1875,27.09375,27.65625,27.375,27.53125,27.476562,27.429688,27.164062,21.804688,19.304688,18.867188,19.085938,19.414062,19.640625,19.765625,19.765625
7619,2021-08-03 23:15:00,3540,27.648438,25.648438,25.375,25.679688,25.398438,25.671875,25.648438,25.6875,25.664062,21.609375,19.375,18.898438,19.085938,19.398438,19.632812,19.757812,19.757812
7620,2021-08-03 23:30:00,3540,25.320312,23.976562,23.664062,23.710938,23.609375,23.710938,23.703125,23.742188,23.734375,21.234375,19.445312,18.929688,19.09375,19.398438,19.632812,19.757812,19.757812
7621,2021-08-03 23:45:00,3546,23.789062,22.851562,22.539062,22.515625,22.390625,22.421875,22.40625,22.46875,22.546875,20.953125,19.5,18.96875,19.101562,19.390625,19.625,19.75,19.75
7622,2021-08-04 00:00:00,3540,22.71875,21.898438,21.609375,21.570312,21.4375,21.421875,21.398438,21.460938,21.578125,20.710938,19.546875,19.0,19.109375,19.390625,19.625,19.75,19.742188
7623,2021-08-04 00:15:00,3540,21.601562,20.890625,20.578125,20.539062,20.421875,20.460938,20.484375,20.59375,20.742188,20.484375,19.570312,19.039062,19.117188,19.382812,19.617188,19.75,19.742188
7624,2021-08-04 00:30:00,3540,20.679688,19.914062,19.59375,19.625,19.5,19.546875,19.601562,19.765625,19.9375,20.257812,19.59375,19.0625,19.132812,19.390625,19.609375,19.742188,19.742188
7625,2021-08-04 00:45:00,3546,19.453125,18.507812,18.195312,18.335938,18.328125,18.445312,18.546875,18.757812,18.828125,19.976562,19.609375,19.101562,19.140625,19.382812,19.609375,19.742188,19.742188
7626,2021-08-04 01:00:00,3546,19.242188,18.34375,18.101562,18.070312,18.007812,18.179688,18.34375,18.59375,18.828125,19.820312,19.617188,19.132812,19.148438,19.382812,19.609375,19.742188,19.734375
7627,2021-08-04 01:15:00,3546,18.875,18.09375,17.726562,17.484375,17.234375,17.171875,17.242188,17.554688,18.03125,19.679688,19.609375,19.164062,19.171875,19.382812,19.609375,19.726562,19.734375
7628,2021-08-04 01:30:00,3540,18.351562,17.578125,17.226562,16.914062,16.515625,16.4375,16.515625,16.867188,17.414062,19.484375,19.601562,19.1875,19.179688,19.390625,19.601562,19.726562,19.734375
7629,2021-08-04 01:45:00,3540,17.695312,16.851562,16.5,16.242188,15.8984375,15.890625,16.070312,16.460938,17.015625,19.320312,19.585938,19.210938,19.1875,19.390625,19.601562,19.726562,19.734375
7630,2021-08-04 02:00:00,3540,17.046875,16.078125,15.5859375,15.4140625,15.2109375,15.2890625,15.5390625,15.953125,16.546875,19.164062,19.570312,19.242188,19.210938,19.382812,19.59375,19.71875,19.734375
7631,2021-08-04 02:15:00,3546,16.4375,15.8046875,15.265625,15.0546875,14.7890625,14.6796875,14.78125,15.1015625,15.7734375,18.953125,19.539062,19.257812,19.21875,19.398438,19.59375,19.726562,19.734375
7632,2021-08-04 02:30:00,3534,15.6328125,14.875,14.34375,14.1953125,13.96875,13.96875,14.1328125,14.5390625,15.3046875,18.757812,19.515625,19.28125,19.234375,19.398438,19.585938,19.71875,19.734375
7633,2021-08-04 02:45:00,3540,14.7734375,14.1171875,13.5703125,13.5,13.3671875,13.421875,13.609375,14.0625,14.8671875,18.570312,19.484375,19.289062,19.25,19.398438,19.59375,19.71875,19.734375
7634,2021-08-04 03:00:00,3546,14.0859375,13.640625,13.109375,12.9921875,12.8125,12.8125,12.9296875,13.3203125,14.1015625,18.34375,19.453125,19.3125,19.257812,19.398438,19.59375,19.71875,19.734375
7635,2021-08-04 03:15:00,3540,13.640625,13.328125,12.5703125,12.3515625,12.1171875,12.1015625,12.171875,12.5546875,13.296875,18.078125,19.414062,19.320312,19.28125,19.40625,19.59375,19.710938,19.734375
7636,2021-08-04 03:30:00,3540,13.203125,12.765625,12.015625,11.921875,11.8203125,12.0078125,12.125,12.5859375,13.2109375,17.84375,19.367188,19.328125,19.289062,19.414062,19.59375,19.71875,19.734375
7637,2021-08-04 03:45:00,3534,13.0625,12.921875,11.953125,11.6328125,11.4375,11.5859375,11.6953125,12.03125,12.6640625,17.6875,19.320312,19.335938,19.304688,19.421875,19.59375,19.71875,19.742188
7638,2021-08-04 04:00:00,3540,12.7265625,12.1796875,11.28125,11.078125,10.9765625,11.09375,11.25,11.6484375,12.3359375,17.507812,19.265625,19.34375,19.320312,19.429688,19.59375,19.71875,19.742188
7639,2021-08-04 04:15:00,3540,12.3359375,11.71875,10.953125,10.8359375,10.765625,10.90625,11.078125,11.4453125,12.1015625,17.34375,19.21875,19.34375,19.328125,19.4375,19.59375,19.71875,19.75
7640,2021-08-04 04:30:00,3546,12.0703125,11.6953125,10.890625,10.75,10.640625,10.7734375,10.9140625,11.28125,11.90625,17.21875,19.15625,19.34375,19.351562,19.4375,19.59375,19.71875,19.757812
7641,2021-08-04 04:45:00,3534,11.875,11.3515625,10.546875,10.3671875,10.234375,10.3359375,10.4609375,10.8671875,11.46875,17.039062,19.101562,19.34375,19.359375,19.445312,19.601562,19.71875,19.757812
7642,2021-08-04 05:00:00,3528,11.7265625,11.359375,10.8359375,10.7890625,10.703125,10.765625,10.8984375,11.2734375,11.9140625,16.96875,19.039062,19.34375,19.367188,19.453125,19.601562,19.71875,19.757812
7643,2021-08-04 05:15:00,3534,11.5390625,11.265625,10.6484375,10.6015625,10.5390625,10.7109375,10.8515625,11.1953125,11.7890625,16.90625,18.984375,19.34375,19.375,19.453125,19.601562,19.726562,19.765625
7644,2021-08-04 05:30:00,3540,11.3671875,11.140625,10.78125,10.75,10.6953125,10.796875,10.9765625,11.3359375,11.8828125,16.828125,18.921875,19.335938,19.390625,19.46875,19.609375,19.726562,19.765625
7645,2021-08-04 05:45:00,3540,11.59375,11.640625,11.4375,11.4296875,11.3671875,11.453125,11.6328125,11.9921875,12.5703125,16.882812,18.867188,19.320312,19.390625,19.476562,19.609375,19.726562,19.773438
7646,2021-08-04 06:00:00,3528,11.8515625,11.9296875,11.875,11.9375,11.9375,12.140625,12.375,12.78125,13.34375,16.984375,18.804688,19.3125,19.398438,19.492188,19.617188,19.726562,19.78125
7647,2021-08-04 06:15:00,3540,11.8203125,11.8203125,11.7265625,11.7734375,11.796875,12.0078125,12.2890625,12.765625,13.4140625,17.023438,18.757812,19.304688,19.414062,19.492188,19.617188,19.734375,19.78125
7648,2021-08-04 06:30:00,3528,11.9765625,12.0,11.96875,12.0078125,12.0390625,12.265625,12.5390625,12.984375,13.5859375,17.039062,18.710938,19.296875,19.40625,19.5,19.617188,19.742188,19.789062
7649,2021-08-04 06:45:00,3534,12.09375,12.140625,12.140625,12.203125,12.265625,12.5,12.7578125,13.21875,13.765625,17.046875,18.679688,19.273438,19.421875,19.515625,19.625,19.742188,19.796875
7650,2021-08-04 07:00:00,3528,12.1953125,12.1640625,12.1484375,12.1953125,12.25,12.4921875,12.75,13.203125,13.78125,17.0625,18.640625,19.257812,19.429688,19.515625,19.632812,19.742188,19.796875
7651,2021-08-04 07:15:00,3522,12.25,12.1484375,12.1328125,12.171875,12.21875,12.4921875,12.765625,13.21875,13.8359375,17.078125,18.609375,19.25,19.4375,19.523438,19.632812,19.75,19.8125
7652,2021-08-04 07:30:00,3534,12.1640625,12.0234375,12.0234375,12.0625,12.109375,12.359375,12.6171875,13.0859375,13.6953125,17.039062,18.578125,19.234375,19.429688,19.53125,19.640625,19.757812,19.8125
7653,2021-08-04 07:45:00,3528,12.1015625,11.9765625,11.9921875,12.0390625,12.109375,12.375,12.6640625,13.140625,13.71875,17.007812,18.554688,19.21875,19.445312,19.539062,19.640625,19.757812,19.820312
7654,2021-08-04 08:00:00,3528,11.9375,11.7890625,11.796875,11.8359375,11.875,12.0859375,12.328125,12.7734375,13.375,16.9375,18.523438,19.195312,19.445312,19.539062,19.648438,19.757812,19.828125
7655,2021-08-04 08:15:00,3528,11.9140625,11.8125,11.859375,11.8828125,11.921875,12.1640625,12.421875,12.8515625,13.421875,16.921875,18.5,19.195312,19.4375,19.546875,19.648438,19.765625,19.835938
7656,2021-08-04 08:30:00,3528,11.9296875,11.8515625,11.875,11.921875,11.984375,12.2421875,12.5390625,13.0234375,13.625,16.929688,18.46875,19.171875,19.4375,19.554688,19.664062,19.773438,19.835938
7657,2021-08-04 08:45:00,3522,11.9375,11.8828125,11.9375,12.0,12.078125,12.34375,12.65625,13.125,13.671875,16.90625,18.453125,19.15625,19.445312,19.5625,19.664062,19.773438,19.84375
7658,2021-08-04 09:00:00,3528,11.9453125,11.8046875,11.828125,11.859375,11.9140625,12.1796875,12.4453125,12.8828125,13.4921875,16.882812,18.421875,19.148438,19.445312,19.5625,19.671875,19.78125,19.84375
7659,2021-08-04 09:15:00,3534,11.859375,11.6875,11.703125,11.7421875,11.796875,12.1015625,12.4296875,12.90625,13.5,16.867188,18.398438,19.132812,19.445312,19.570312,19.671875,19.789062,19.859375
7660,2021-08-04 09:30:00,3528,11.7578125,11.5859375,11.6171875,11.65625,11.7109375,12.015625,12.3125,12.8046875,13.4140625,16.820312,18.382812,19.117188,19.4375,19.570312,19.679688,19.789062,19.859375
7661,2021-08-04 09:45:00,3528,11.53125,11.3515625,11.3671875,11.421875,11.4609375,11.71875,11.9921875,12.4453125,13.0703125,16.75,18.359375,19.109375,19.4375,19.578125,19.6875,19.796875,19.867188
7662,2021-08-04 10:00:00,3528,11.484375,11.4140625,11.4453125,11.5078125,11.5390625,11.78125,12.0234375,12.4375,13.0234375,16.695312,18.335938,19.09375,19.4375,19.585938,19.6875,19.796875,19.867188
7663,2021-08-04 10:15:00,3522,11.515625,11.4921875,11.5234375,11.578125,11.609375,11.8359375,12.078125,12.4765625,13.03125,16.664062,18.3125,19.078125,19.429688,19.585938,19.695312,19.804688,19.875
7664,2021-08-04 10:30:00,3522,11.609375,11.5703125,11.609375,11.6796875,11.7421875,12.015625,12.3125,12.75,13.296875,16.671875,18.289062,19.070312,19.429688,19.59375,19.695312,19.804688,19.875
7665,2021-08-04 10:45:00,3522,11.65625,11.6171875,11.6875,11.75,11.8359375,12.1171875,12.4296875,12.84375,13.34375,16.664062,18.257812,19.046875,19.421875,19.59375,19.703125,19.8125,19.882812
7666,2021-08-04 11:00:00,3522,11.65625,11.609375,11.671875,11.75,11.8359375,12.1484375,12.46875,12.90625,13.4453125,16.671875,18.242188,19.039062,19.421875,19.59375,19.710938,19.820312,19.890625
7667,2021-08-04 11:15:00,3522,11.6328125,11.578125,11.6171875,11.6796875,11.734375,12.0078125,12.28125,12.7265625,13.296875,16.640625,18.21875,19.023438,19.414062,19.59375,19.710938,19.820312,19.890625
7668,2021-08-04 11:30:00,3528,11.5859375,11.5078125,11.5546875,11.625,11.6953125,11.9765625,12.2578125,12.6875,13.265625,16.617188,18.203125,19.007812,19.40625,19.59375,19.71875,19.820312,19.890625
7669,2021-08-04 11:45:00,3516,11.578125,11.4765625,11.5234375,11.5859375,11.6640625,11.953125,12.2421875,12.703125,13.296875,16.609375,18.171875,19.0,19.40625,19.601562,19.71875,19.828125,19.898438
7670,2021-08-04 12:00:00,3528,11.4453125,11.328125,11.3671875,11.421875,11.46875,11.7265625,11.96875,12.3984375,12.9765625,16.53125,18.148438,18.984375,19.398438,19.609375,19.726562,19.835938,19.898438
7671,2021-08-04 12:15:00,3522,11.328125,11.234375,11.2734375,11.3359375,11.3828125,11.6328125,11.8984375,12.3203125,12.8828125,16.484375,18.132812,18.960938,19.390625,19.601562,19.726562,19.835938,19.90625
7672,2021-08-04 12:30:00,3516,11.2578125,11.2265625,11.2734375,11.3671875,11.4296875,11.703125,11.9921875,12.421875,12.96875,16.453125,18.109375,18.953125,19.382812,19.609375,19.734375,19.84375,19.90625
7673,2021-08-04 12:45:00,3516,11.25,11.21875,11.265625,11.3515625,11.40625,11.6640625,11.9375,12.3671875,12.9296875,16.429688,18.085938,18.945312,19.382812,19.59375,19.726562,19.84375,19.90625
7674,2021-08-04 13:00:00,3528,11.203125,11.125,11.171875,11.265625,11.328125,11.6015625,11.875,12.3125,12.90625,16.40625,18.070312,18.921875,19.375,19.601562,19.742188,19.84375,19.914062
7675,2021-08-04 13:15:00,3522,11.2109375,11.15625,11.203125,11.296875,11.359375,11.640625,11.9375,12.375,12.953125,16.398438,18.039062,18.90625,19.367188,19.601562,19.742188,19.84375,19.914062
7676,2021-08-04 13:30:00,3528,11.2421875,11.1953125,11.2421875,11.3203125,11.390625,11.6640625,11.9296875,12.359375,12.90625,16.375,18.03125,18.898438,19.359375,19.601562,19.742188,19.851562,19.914062
7677,2021-08-04 13:45:00,3522,11.2734375,11.21875,11.28125,11.3671875,11.4296875,11.703125,11.984375,12.4140625,12.9765625,16.367188,18.0,18.890625,19.351562,19.601562,19.742188,19.851562,19.914062
7678,2021-08-04 14:00:00,3516,11.3359375,11.359375,11.421875,11.5078125,11.578125,11.8359375,12.1171875,12.5390625,13.046875,16.351562,17.984375,18.867188,19.34375,19.601562,19.742188,19.851562,19.914062
7679,2021-08-04 14:15:00,3522,11.4453125,11.3984375,11.46875,11.5390625,11.59375,11.859375,12.125,12.515625,13.0234375,16.351562,17.960938,18.851562,19.335938,19.59375,19.75,19.859375,19.914062
7680,2021-08-04 14:30:00,3522,11.515625,11.421875,11.4921875,11.5625,11.6171875,11.90625,12.15625,12.546875,13.0625,16.335938,17.9375,18.84375,19.328125,19.59375,19.75,19.859375,19.914062
7681,2021-08-04 14:45:00,3516,11.609375,11.5390625,11.625,11.6875,11.7734375,12.078125,12.3671875,12.7421875,13.2421875,16.34375,17.921875,18.828125,19.320312,19.59375,19.742188,19.859375,19.914062
7682,2021-08-04 15:00:00,3522,11.7421875,11.671875,11.7421875,11.78125,11.828125,12.0625,12.296875,12.6328125,13.1015625,16.328125,17.90625,18.804688,19.3125,19.585938,19.75,19.867188,19.90625
7683,2021-08-04 15:15:00,3522,12.0,11.90625,12.015625,12.0546875,12.1171875,12.4140625,12.6796875,13.0234375,13.4765625,16.359375,17.882812,18.796875,19.304688,19.585938,19.75,19.859375,19.914062
7684,2021-08-04 15:30:00,3516,12.171875,12.09375,12.203125,12.2421875,12.296875,12.5390625,12.796875,13.1015625,13.4921875,16.367188,17.867188,18.78125,19.296875,19.585938,19.75,19.859375,19.90625
7685,2021-08-04 15:45:00,3510,12.59375,12.46875,12.625,12.625,12.7578125,13.0703125,13.328125,13.625,13.96875,16.445312,17.851562,18.765625,19.289062,19.578125,19.75,19.859375,19.914062
7686,2021-08-04 16:00:00,3516,12.8203125,12.703125,12.8515625,12.8828125,12.984375,13.234375,13.4609375,13.71875,14.0078125,16.453125,17.84375,18.75,19.273438,19.578125,19.742188,19.859375,19.914062
7687,2021-08-04 16:15:00,3522,13.171875,13.0078125,13.1484375,13.125,13.2109375,13.4453125,13.6328125,13.8671875,14.1328125,16.484375,17.828125,18.734375,19.273438,19.578125,19.75,19.867188,19.90625
7688,2021-08-04 16:30:00,3510,13.7265625,13.6796875,13.8984375,13.890625,13.9296875,14.1171875,14.2578125,14.3984375,14.546875,16.5625,17.8125,18.71875,19.265625,19.570312,19.75,19.867188,19.898438
7689,2021-08-04 16:45:00,3510,14.46875,14.1484375,14.375,14.4140625,14.421875,14.6484375,14.796875,14.90625,15.015625,16.671875,17.804688,18.703125,19.257812,19.5625,19.75,19.859375,19.898438
7690,2021-08-04 17:00:00,3510,14.703125,14.234375,14.40625,14.4609375,14.4453125,14.6953125,14.8125,14.9296875,15.0546875,16.710938,17.804688,18.695312,19.25,19.5625,19.742188,19.859375,19.890625
7691,2021-08-04 17:15:00,3522,15.046875,14.6796875,14.890625,14.9921875,15.0390625,15.3203125,15.46875,15.578125,15.671875,16.820312,17.804688,18.679688,19.234375,19.554688,19.742188,19.851562,19.898438
7692,2021-08-04 17:30:00,3504,15.5859375,15.2421875,15.4921875,15.65625,15.734375,16.054688,16.210938,16.320312,16.390625,16.984375,17.796875,18.664062,19.226562,19.554688,19.742188,19.851562,19.890625
7693,2021-08-04 17:45:00,3510,15.34375,14.765625,14.9140625,15.0546875,15.078125,15.375,15.5390625,15.6796875,15.7890625,16.953125,17.804688,18.65625,19.21875,19.546875,19.742188,19.859375,19.890625
7694,2021-08-04 18:00:00,3510,15.609375,15.25,15.4296875,15.6015625,15.6328125,15.8984375,16.070312,16.1875,16.210938,17.007812,17.804688,18.640625,19.203125,19.539062,19.734375,19.859375,19.882812
7695,2021-08-04 18:15:00,3516,16.484375,16.195312,16.414062,16.679688,16.773438,17.054688,17.226562,17.304688,17.203125,17.179688,17.8125,18.640625,19.195312,19.539062,19.734375,19.851562,19.882812
7696,2021-08-04 18:30:00,3510,19.304688,18.429688,18.585938,18.75,18.765625,19.0,19.023438,18.96875,18.570312,17.46875,17.820312,18.625,19.1875,19.53125,19.734375,19.851562,19.875
7697,2021-08-04 18:45:00,3510,22.46875,20.828125,20.945312,21.414062,21.5,21.796875,21.84375,21.742188,21.054688,17.945312,17.835938,18.617188,19.179688,19.523438,19.734375,19.851562,19.875
7698,2021-08-04 19:00:00,3522,24.15625,21.523438,21.53125,22.039062,22.171875,22.679688,22.898438,22.859375,22.359375,18.398438,17.851562,18.609375,19.171875,19.523438,19.726562,19.851562,19.867188
7699,2021-08-04 19:15:00,3510,25.601562,23.039062,23.515625,24.085938,24.273438,24.671875,24.8125,24.5625,23.859375,18.867188,17.882812,18.601562,19.164062,19.515625,19.726562,19.84375,19.859375
7700,2021-08-04 19:30:00,3510,25.625,22.21875,22.210938,22.703125,22.898438,23.554688,23.882812,23.875,23.382812,19.007812,17.921875,18.59375,19.148438,19.507812,19.726562,19.84375,19.859375
7701,2021-08-04 19:45:00,3516,26.0625,22.898438,23.273438,24.078125,24.5625,24.828125,25.164062,25.117188,24.476562,19.328125,17.96875,18.59375,19.140625,19.507812,19.710938,19.84375,19.859375
7702,2021-08-04 20:00:00,3510,26.0625,23.023438,23.5625,24.210938,24.53125,25.0,25.390625,25.53125,24.679688,19.585938,18.03125,18.585938,19.140625,19.5,19.710938,19.835938,19.84375
7703,2021-08-04 20:15:00,3510,25.671875,22.929688,23.585938,24.039062,24.71875,24.851562,25.484375,25.546875,24.726562,19.820312,18.09375,18.585938,19.125,19.492188,19.710938,19.835938,19.84375
7704,2021-08-04 19:00:00,3522,24.15625,21.523438,21.53125,22.039062,22.171875,22.679688,22.898438,22.859375,22.359375,18.398438,17.851562,18.609375,19.171875,19.523438,19.726562,19.851562,19.867188
7705,2021-08-04 19:15:00,3510,25.601562,23.039062,23.515625,24.085938,24.273438,24.671875,24.8125,24.5625,23.859375,18.867188,17.882812,18.601562,19.164062,19.515625,19.726562,19.84375,19.859375
7706,2021-08-04 19:30:00,3510,25.625,22.21875,22.210938,22.703125,22.898438,23.554688,23.882812,23.875,23.382812,19.007812,17.921875,18.59375,19.148438,19.507812,19.726562,19.84375,19.859375
7707,2021-08-04 19:45:00,3516,26.0625,22.898438,23.273438,24.078125,24.5625,24.828125,25.164062,25.117188,24.476562,19.328125,17.96875,18.59375,19.140625,19.507812,19.710938,19.84375,19.859375
7708,2021-08-04 20:00:00,3510,26.0625,23.023438,23.5625,24.210938,24.53125,25.0,25.390625,25.53125,24.679688,19.585938,18.03125,18.585938,19.140625,19.5,19.710938,19.835938,19.84375
7709,2021-08-04 20:15:00,3510,25.671875,22.929688,23.585938,24.039062,24.71875,24.851562,25.484375,25.546875,24.726562,19.820312,18.09375,18.585938,19.125,19.492188,19.710938,19.835938,19.84375
7710,2021-08-04 20:30:00,3528,25.664062,23.34375,24.03125,24.5,25.15625,25.53125,26.25,26.023438,25.195312,20.0,18.15625,18.585938,19.117188,19.484375,19.703125,19.828125,19.835938
7711,2021-08-04 20:45:00,3522,25.835938,23.84375,24.507812,24.890625,25.40625,25.828125,26.515625,26.210938,25.632812,20.234375,18.234375,18.585938,19.109375,19.476562,19.703125,19.828125,19.835938
7712,2021-08-04 21:00:00,3516,26.03125,24.695312,25.601562,25.804688,26.039062,26.890625,27.867188,26.953125,26.414062,20.523438,18.3125,18.601562,19.101562,19.476562,19.695312,19.820312,19.820312
7713,2021-08-04 21:15:00,3522,26.054688,24.765625,25.773438,25.609375,26.039062,26.804688,27.757812,26.789062,26.273438,20.640625,18.390625,18.609375,19.101562,19.46875,19.695312,19.820312,19.820312
7714,2021-08-04 21:30:00,3528,25.695312,24.523438,25.5,25.476562,26.085938,26.828125,27.328125,26.90625,26.273438,20.71875,18.46875,18.617188,19.09375,19.460938,19.6875,19.8125,19.820312
7715,2021-08-04 21:45:00,3522,24.671875,23.445312,23.84375,24.59375,24.5625,25.226562,25.460938,25.304688,24.882812,20.632812,18.546875,18.632812,19.085938,19.453125,19.679688,19.804688,19.804688
7716,2021-08-04 22:00:00,3522,24.367188,24.453125,25.023438,26.070312,26.382812,26.976562,26.898438,26.664062,25.984375,20.804688,18.632812,18.648438,19.085938,19.445312,19.671875,19.804688,19.796875
7717,2021-08-04 22:15:00,3510,23.820312,24.039062,24.296875,24.875,25.273438,25.757812,25.75,25.757812,25.117188,20.804688,18.703125,18.671875,19.078125,19.4375,19.671875,19.796875,19.796875
7718,2021-08-04 22:30:00,3522,23.03125,22.382812,22.710938,23.3125,23.835938,24.914062,24.953125,24.898438,24.492188,20.773438,18.78125,18.6875,19.070312,19.4375,19.664062,19.796875,19.789062
7719,2021-08-04 22:45:00,3522,22.515625,22.445312,23.023438,23.484375,23.867188,24.4375,24.710938,24.601562,24.054688,20.734375,18.84375,18.710938,19.070312,19.429688,19.664062,19.789062,19.78125
7720,2021-08-04 23:00:00,3522,21.59375,21.484375,21.867188,22.320312,22.578125,23.132812,23.4375,23.3125,22.90625,20.539062,18.914062,18.734375,19.078125,19.421875,19.664062,19.789062,19.773438
7721,2021-08-04 23:15:00,3522,20.554688,19.679688,19.710938,19.984375,20.132812,20.726562,20.953125,21.226562,21.5625,20.351562,18.96875,18.765625,19.070312,19.414062,19.648438,19.773438,19.765625
7722,2021-08-04 23:30:00,3528,19.515625,18.640625,18.53125,18.632812,18.648438,18.945312,19.15625,19.507812,19.929688,19.953125,19.023438,18.789062,19.070312,19.40625,19.648438,19.773438,19.757812
7723,2021-08-04 23:45:00,3516,18.398438,17.492188,17.460938,17.492188,17.453125,17.726562,17.9375,18.296875,18.742188,19.640625,19.0625,18.820312,19.070312,19.398438,19.640625,19.765625,19.75
7724,2021-08-05 00:00:00,3522,17.414062,16.609375,16.585938,16.625,16.601562,16.859375,17.078125,17.460938,17.976562,19.421875,19.085938,18.84375,19.070312,19.398438,19.632812,19.757812,19.75
7725,2021-08-05 00:15:00,3522,16.84375,16.390625,16.296875,16.335938,16.3125,16.507812,16.734375,17.125,17.59375,19.195312,19.109375,18.867188,19.078125,19.390625,19.625,19.757812,19.734375
7726,2021-08-05 00:30:00,3522,16.359375,15.96875,15.890625,15.921875,15.875,16.0625,16.273438,16.664062,17.148438,19.039062,19.109375,18.890625,19.085938,19.382812,19.625,19.75,19.734375
7727,2021-08-05 00:45:00,3522,15.8984375,15.5390625,15.5,15.546875,15.5,15.6953125,15.90625,16.289062,16.773438,18.875,19.109375,18.914062,19.085938,19.382812,19.617188,19.742188,19.726562
7728,2021-08-05 01:00:00,3528,15.5234375,15.2109375,15.171875,15.2109375,15.1640625,15.34375,15.5546875,15.9375,16.429688,18.71875,19.09375,18.9375,19.09375,19.375,19.609375,19.734375,19.71875
7729,2021-08-05 01:15:00,3522,15.328125,15.0703125,14.9765625,14.9921875,14.9375,15.125,15.34375,15.765625,16.296875,18.617188,19.085938,18.953125,19.109375,19.382812,19.609375,19.734375,19.71875
7730,2021-08-05 01:30:00,3522,14.9921875,14.703125,14.703125,14.734375,14.6953125,14.890625,15.0859375,15.46875,16.0,18.5,19.0625,18.976562,19.109375,19.375,19.601562,19.726562,19.710938
7731,2021-08-05 01:45:00,3522,14.75,14.5859375,14.4921875,14.5390625,14.5,14.6953125,14.9453125,15.3671875,15.8828125,18.398438,19.039062,18.984375,19.117188,19.367188,19.601562,19.726562,19.703125
7732,2021-08-05 02:00:00,3522,14.5859375,14.390625,14.359375,14.453125,14.453125,14.6953125,14.9296875,15.3359375,15.8359375,18.320312,19.015625,19.0,19.125,19.367188,19.585938,19.71875,19.703125
7733,2021-08-05 02:15:00,3528,14.5390625,14.328125,14.3671875,14.4375,14.453125,14.6953125,14.921875,15.28125,15.7578125,18.25,18.984375,19.015625,19.132812,19.367188,19.585938,19.710938,19.695312
7734,2021-08-05 02:30:00,3522,14.5546875,14.34375,14.390625,14.5,14.578125,14.875,15.1796875,15.5625,16.023438,18.234375,18.96875,19.015625,19.140625,19.367188,19.585938,19.703125,19.695312
7735,2021-08-05 02:45:00,3528,14.328125,14.0234375,14.0625,14.140625,14.1796875,14.46875,14.7109375,15.0859375,15.59375,18.140625,18.9375,19.023438,19.148438,19.367188,19.578125,19.703125,19.6875
7736,2021-08-05 03:00:00,3522,14.15625,13.9140625,13.9453125,14.03125,14.0703125,14.3125,14.5703125,14.9375,15.421875,18.039062,18.90625,19.039062,19.15625,19.375,19.570312,19.695312,19.6875
7737,2021-08-05 03:15:00,3516,13.984375,13.71875,13.7734375,13.8671875,13.9296875,14.21875,14.4921875,14.8828125,15.390625,17.992188,18.890625,19.03125,19.15625,19.367188,19.578125,19.695312,19.679688
7738,2021-08-05 03:30:00,3522,13.796875,13.59375,13.625,13.75,13.828125,14.125,14.453125,14.8359375,15.3359375,17.929688,18.859375,19.039062,19.171875,19.367188,19.570312,19.695312,19.671875
7739,2021-08-05 03:45:00,3522,13.640625,13.4921875,13.515625,13.640625,13.703125,13.984375,14.25,14.625,15.1171875,17.859375,18.835938,19.046875,19.171875,19.375,19.570312,19.6875,19.679688
7740,2021-08-05 04:00:00,3516,13.609375,13.4921875,13.53125,13.640625,13.703125,13.9765625,14.25,14.640625,15.1328125,17.8125,18.8125,19.039062,19.179688,19.375,19.570312,19.679688,19.671875
7741,2021-08-05 04:15:00,3522,13.546875,13.4140625,13.453125,13.5625,13.625,13.8984375,14.171875,14.5546875,15.0546875,17.765625,18.78125,19.046875,19.195312,19.375,19.5625,19.679688,19.671875
7742,2021-08-05 04:30:00,3522,13.515625,13.40625,13.453125,13.546875,13.609375,13.8671875,14.125,14.5,15.0,17.710938,18.765625,19.046875,19.195312,19.375,19.5625,19.671875,19.671875
7743,2021-08-05 04:45:00,3522,13.484375,13.40625,13.4375,13.53125,13.578125,13.8203125,14.0703125,14.4375,14.921875,17.664062,18.734375,19.039062,19.195312,19.375,19.5625,19.671875,19.671875
7744,2021-08-05 05:00:00,3510,13.4140625,13.3203125,13.3671875,13.46875,13.5078125,13.765625,14.0078125,14.375,14.8515625,17.617188,18.703125,19.039062,19.203125,19.382812,19.554688,19.671875,19.664062
7745,2021-08-05 05:15:00,3510,13.359375,13.296875,13.3359375,13.4453125,13.5078125,13.7734375,14.03125,14.40625,14.90625,17.601562,18.679688,19.03125,19.210938,19.382812,19.554688,19.671875,19.664062
7746,2021-08-05 05:30:00,3516,13.3203125,13.3359375,13.3828125,13.5078125,13.5546875,13.8125,14.03125,14.3984375,14.8671875,17.554688,18.65625,19.03125,19.210938,19.382812,19.554688,19.671875,19.664062
7747,2021-08-05 05:45:00,3516,13.3046875,13.328125,13.3828125,13.4921875,13.5390625,13.796875,14.0078125,14.3515625,14.8203125,17.53125,18.640625,19.03125,19.21875,19.382812,19.554688,19.664062,19.65625
7748,2021-08-05 06:00:00,3516,13.2734375,13.2890625,13.3359375,13.46875,13.53125,13.8046875,14.046875,14.421875,14.8984375,17.507812,18.617188,19.03125,19.21875,19.382812,19.554688,19.65625,19.664062
7749,2021-08-05 06:15:00,3522,13.21875,13.2109375,13.2578125,13.375,13.4296875,13.6953125,13.921875,14.2734375,14.75,17.46875,18.585938,19.015625,19.21875,19.390625,19.554688,19.65625,19.65625
7750,2021-08-05 06:30:00,3510,13.125,13.125,13.1640625,13.2734375,13.3125,13.5703125,13.78125,14.1171875,14.5859375,17.421875,18.570312,19.015625,19.226562,19.390625,19.554688,19.65625,19.65625
7751,2021-08-05 06:45:00,3522,13.0859375,13.1015625,13.140625,13.2421875,13.28125,13.5234375,13.734375,14.0546875,14.5234375,17.382812,18.546875,19.007812,19.226562,19.398438,19.554688,19.65625,19.65625
7752,2021-08-05 07:00:00,3516,13.0,13.0078125,13.046875,13.140625,13.171875,13.3828125,13.5703125,13.875,14.3125,17.304688,18.53125,19.0,19.226562,19.398438,19.554688,19.65625,19.65625
7753,2021-08-05 07:15:00,3516,13.078125,13.125,13.171875,13.2734375,13.3125,13.5546875,13.7578125,14.09375,14.5625,17.3125,18.507812,18.992188,19.234375,19.398438,19.554688,19.65625,19.65625
7754,2021-08-05 07:30:00,3516,13.125,13.1875,13.21875,13.3203125,13.359375,13.5703125,13.7578125,14.078125,14.5390625,17.296875,18.484375,18.992188,19.234375,19.40625,19.546875,19.65625,19.65625
7755,2021-08-05 07:45:00,3516,13.046875,13.0234375,13.0625,13.1640625,13.2109375,13.4609375,13.6640625,14.0078125,14.484375,17.273438,18.46875,18.976562,19.234375,19.398438,19.546875,19.65625,19.65625
7756,2021-08-05 08:00:00,3510,12.9765625,12.9609375,13.0,13.1015625,13.140625,13.375,13.59375,13.921875,14.3828125,17.226562,18.445312,18.96875,19.234375,19.398438,19.554688,19.65625,19.65625
7757,2021-08-05 08:15:00,3510,12.8046875,12.7578125,12.796875,12.890625,12.9453125,13.1796875,13.421875,13.765625,14.2734375,17.1875,18.429688,18.960938,19.234375,19.40625,19.554688,19.648438,19.65625
7758,2021-08-05 08:30:00,3510,12.8359375,12.8984375,12.9375,13.03125,13.0625,13.25,13.4453125,13.765625,14.21875,17.148438,18.414062,18.953125,19.234375,19.40625,19.554688,19.65625,19.648438
7759,2021-08-05 08:45:00,3516,12.75,12.671875,12.7109375,12.796875,12.828125,13.0703125,13.2734375,13.5859375,14.09375,17.109375,18.390625,18.953125,19.234375,19.40625,19.554688,19.648438,19.648438
7760,2021-08-05 09:00:00,3510,12.671875,12.671875,12.703125,12.796875,12.859375,13.078125,13.3046875,13.65625,14.140625,17.085938,18.375,18.9375,19.226562,19.40625,19.554688,19.648438,19.65625
7761,2021-08-05 09:15:00,3510,12.6796875,12.7109375,12.75,12.8359375,12.859375,13.0390625,13.2265625,13.5234375,13.984375,17.046875,18.351562,18.9375,19.226562,19.414062,19.546875,19.648438,19.648438
7762,2021-08-05 09:30:00,3516,12.765625,12.796875,12.8359375,12.921875,12.953125,13.1640625,13.34375,13.6640625,14.1328125,17.03125,18.335938,18.921875,19.234375,19.414062,19.554688,19.648438,19.648438
7763,2021-08-05 09:45:00,3510,12.7421875,12.7421875,12.78125,12.875,12.90625,13.1328125,13.328125,13.65625,14.1171875,17.007812,18.320312,18.914062,19.226562,19.414062,19.554688,19.648438,19.648438
7764,2021-08-05 10:00:00,3510,12.71875,12.7109375,12.75,12.84375,12.875,13.109375,13.3125,13.6328125,14.1015625,16.992188,18.289062,18.90625,19.226562,19.414062,19.554688,19.648438,19.640625
7765,2021-08-05 10:15:00,3504,12.5859375,12.546875,12.5703125,12.640625,12.65625,12.875,13.0546875,13.3515625,13.8359375,16.9375,18.273438,18.898438,19.226562,19.414062,19.554688,19.640625,19.640625
7766,2021-08-05 10:30:00,3510,12.5390625,12.53125,12.5625,12.640625,12.6484375,12.875,13.0703125,13.3984375,13.875,16.90625,18.257812,18.890625,19.21875,19.421875,19.5625,19.648438,19.640625
7767,2021-08-05 10:45:00,3504,12.453125,12.421875,12.453125,12.53125,12.546875,12.78125,13.0,13.3203125,13.8046875,16.882812,18.234375,18.882812,19.21875,19.40625,19.554688,19.640625,19.640625
7768,2021-08-05 11:00:00,3510,12.328125,12.2890625,12.3203125,12.3984375,12.40625,12.6171875,12.796875,13.1015625,13.5859375,16.828125,18.21875,18.867188,19.210938,19.40625,19.554688,19.640625,19.632812
7769,2021-08-05 11:15:00,3510,12.2734375,12.265625,12.3125,12.3984375,12.4375,12.6796875,12.9140625,13.2421875,13.7265625,16.796875,18.195312,18.859375,19.203125,19.421875,19.554688,19.640625,19.640625
7770,2021-08-05 11:30:00,3510,12.1484375,12.0859375,12.1171875,12.1953125,12.2109375,12.4375,12.65625,12.9921875,13.5,16.765625,18.171875,18.851562,19.210938,19.40625,19.554688,19.640625,19.632812
7771,2021-08-05 11:45:00,3510,12.1171875,12.1328125,12.1640625,12.234375,12.25,12.4296875,12.6171875,12.8984375,13.359375,16.703125,18.148438,18.84375,19.203125,19.40625,19.554688,19.640625,19.632812
7772,2021-08-05 12:00:00,3504,12.109375,12.1171875,12.15625,12.234375,12.2421875,12.4453125,12.6328125,12.9453125,13.421875,16.671875,18.132812,18.828125,19.195312,19.40625,19.554688,19.632812,19.632812
7773,2021-08-05 12:15:00,3510,11.984375,11.9375,11.96875,12.046875,12.078125,12.3125,12.53125,12.8671875,13.3828125,16.664062,18.109375,18.820312,19.195312,19.40625,19.554688,19.632812,19.625
7774,2021-08-05 12:30:00,3510,11.8671875,11.796875,11.8359375,11.90625,11.9453125,12.171875,12.40625,12.734375,13.2734375,16.617188,18.09375,18.804688,19.1875,19.40625,19.546875,19.632812,19.625
7775,2021-08-05 12:45:00,3510,11.8125,11.78125,11.8125,11.890625,11.9140625,12.125,12.3515625,12.671875,13.15625,16.5625,18.070312,18.796875,19.179688,19.40625,19.554688,19.632812,19.625
7776,2021-08-05 13:00:00,3504,11.8515625,11.8671875,11.9140625,11.984375,12.0078125,12.21875,12.4296875,12.734375,13.21875,16.546875,18.046875,18.78125,19.171875,19.40625,19.554688,19.632812,19.617188
7777,2021-08-05 13:15:00,3510,11.828125,11.859375,11.890625,11.96875,12.0078125,12.21875,12.453125,12.796875,13.2890625,16.539062,18.03125,18.773438,19.171875,19.40625,19.546875,19.625,19.617188
7778,2021-08-05 13:30:00,3504,11.8671875,11.875,11.9140625,11.984375,12.0078125,12.1953125,12.390625,12.6875,13.1640625,16.507812,18.0,18.757812,19.164062,19.398438,19.546875,19.632812,19.609375
7779,2021-08-05 13:45:00,3504,11.8828125,11.8984375,11.9296875,12.0,12.0234375,12.203125,12.390625,12.671875,13.125,16.476562,17.984375,18.742188,19.164062,19.390625,19.539062,19.632812,19.609375
7780,2021-08-05 14:00:00,3504,11.9296875,11.9296875,11.96875,12.0390625,12.0546875,12.2578125,12.453125,12.75,13.171875,16.445312,17.960938,18.726562,19.148438,19.390625,19.539062,19.617188,19.601562
7781,2021-08-05 14:15:00,3504,11.984375,12.0,12.0390625,12.125,12.15625,12.375,12.59375,12.90625,13.3671875,16.460938,17.9375,18.710938,19.140625,19.390625,19.546875,19.617188,19.601562
7782,2021-08-05 14:30:00,3510,12.09375,12.140625,12.1953125,12.2890625,12.3046875,12.53125,12.75,13.046875,13.484375,16.476562,17.921875,18.695312,19.140625,19.382812,19.539062,19.617188,19.59375
7783,2021-08-05 14:45:00,3504,12.2734375,12.328125,12.3828125,12.46875,12.5,12.7109375,12.921875,13.1796875,13.5703125,16.476562,17.898438,18.6875,19.132812,19.382812,19.539062,19.617188,19.59375
7784,2021-08-05 15:00:00,3504,12.40625,12.4375,12.484375,12.5703125,12.59375,12.8046875,13.0078125,13.2734375,13.65625,16.476562,17.875,18.671875,19.125,19.382812,19.539062,19.617188,19.59375
7785,2021-08-05 15:15:00,3498,12.640625,12.6328125,12.703125,12.7734375,12.7890625,13.0078125,13.1875,13.4375,13.796875,16.5,17.859375,18.664062,19.117188,19.375,19.539062,19.609375,19.585938
7786,2021-08-05 15:30:00,3510,12.8046875,12.8125,12.875,12.9453125,12.984375,13.1953125,13.3828125,13.6171875,13.9765625,16.53125,17.84375,18.640625,19.109375,19.375,19.53125,19.609375,19.585938
7787,2021-08-05 15:45:00,3498,12.984375,12.9140625,12.9765625,13.0546875,13.09375,13.3359375,13.5390625,13.78125,14.1328125,16.578125,17.828125,18.632812,19.101562,19.367188,19.53125,19.609375,19.578125
7788,2021-08-05 16:00:00,3504,13.3984375,13.4296875,13.5,13.5703125,13.59375,13.7890625,13.953125,14.1640625,14.4375,16.617188,17.8125,18.625,19.09375,19.367188,19.523438,19.601562,19.570312
7789,2021-08-05 16:15:00,3504,13.6640625,13.5859375,13.640625,13.7109375,13.7421875,13.9375,14.140625,14.3515625,14.6171875,16.671875,17.796875,18.601562,19.085938,19.359375,19.53125,19.601562,19.570312
7790,2021-08-05 16:30:00,3498,13.7265625,13.6015625,13.6484375,13.703125,13.734375,13.90625,14.1015625,14.3203125,14.6015625,16.703125,17.789062,18.59375,19.078125,19.359375,19.523438,19.59375,19.5625
7791,2021-08-05 16:45:00,3504,13.7890625,13.6796875,13.703125,13.765625,13.8046875,14.0,14.1953125,14.3828125,14.6015625,16.71875,17.789062,18.578125,19.070312,19.351562,19.515625,19.585938,19.554688
7792,2021-08-05 17:00:00,3504,13.9609375,13.8828125,13.921875,14.0078125,14.0703125,14.2578125,14.46875,14.71875,14.921875,16.773438,17.773438,18.5625,19.0625,19.34375,19.515625,19.585938,19.546875
7793,2021-08-05 17:15:00,3498,13.984375,13.8046875,13.7890625,13.8671875,13.9140625,14.109375,14.328125,14.59375,14.796875,16.773438,17.773438,18.546875,19.054688,19.34375,19.507812,19.578125,19.546875
7794,2021-08-05 17:30:00,3498,13.9921875,13.828125,13.8125,13.8984375,13.96875,14.171875,14.3984375,14.6796875,14.9296875,16.820312,17.773438,18.539062,19.046875,19.335938,19.507812,19.578125,19.539062
7795,2021-08-05 17:45:00,3504,14.3359375,14.203125,14.171875,14.2421875,14.296875,14.4921875,14.6953125,14.9765625,15.1875,16.890625,17.765625,18.53125,19.03125,19.328125,19.5,19.578125,19.539062
7796,2021-08-05 18:00:00,3498,14.5,14.3515625,14.265625,14.328125,14.3984375,14.5703125,14.71875,15.0625,15.28125,16.929688,17.765625,18.515625,19.03125,19.320312,19.492188,19.570312,19.53125
7797,2021-08-05 18:15:00,3504,14.671875,14.390625,14.25,14.2890625,14.3828125,14.5625,14.734375,15.0546875,15.2578125,16.945312,17.765625,18.507812,19.007812,19.320312,19.492188,19.570312,19.523438
7798,2021-08-05 18:30:00,3498,14.9140625,14.578125,14.390625,14.4609375,14.6171875,14.8046875,15.0,15.2578125,15.421875,16.96875,17.765625,18.492188,19.0,19.3125,19.484375,19.5625,19.515625
7799,2021-08-05 18:45:00,3504,15.4375,14.96875,14.6328125,14.6796875,14.8828125,14.953125,15.1328125,15.40625,15.453125,16.984375,17.765625,18.484375,18.992188,19.304688,19.476562,19.554688,19.507812
7800,2021-08-05 19:00:00,3504,16.15625,15.5703125,15.140625,15.234375,15.625,15.65625,15.8515625,16.078125,16.054688,17.109375,17.765625,18.476562,18.984375,19.296875,19.484375,19.554688,19.5
7801,2021-08-05 19:15:00,3498,16.601562,15.7421875,15.171875,15.2890625,15.8515625,15.8671875,16.15625,16.320312,16.320312,17.226562,17.773438,18.460938,18.976562,19.289062,19.46875,19.546875,19.492188
7802,2021-08-05 19:30:00,3498,16.617188,15.6875,15.3203125,15.4765625,15.7421875,15.8671875,15.96875,16.125,16.148438,17.257812,17.773438,18.453125,18.96875,19.289062,19.46875,19.539062,19.484375
7803,2021-08-05 19:45:00,3498,16.765625,15.9140625,15.7890625,15.9375,16.0625,16.203125,16.25,16.34375,16.296875,17.265625,17.78125,18.453125,18.960938,19.273438,19.460938,19.53125,19.484375
7804,2021-08-05 20:00:00,3504,17.070312,16.257812,16.242188,16.398438,16.46875,16.585938,16.5625,16.640625,16.53125,17.328125,17.796875,18.445312,18.945312,19.265625,19.460938,19.53125,19.476562
7805,2021-08-05 20:15:00,3504,17.9375,17.09375,17.179688,17.40625,17.617188,17.585938,17.429688,17.390625,17.109375,17.46875,17.804688,18.445312,18.9375,19.257812,19.453125,19.53125,19.46875
7806,2021-08-05 20:30:00,3504,18.789062,17.796875,17.804688,18.226562,18.414062,18.40625,18.171875,18.054688,17.578125,17.601562,17.820312,18.4375,18.9375,19.257812,19.445312,19.515625,19.46875
7807,2021-08-05 20:45:00,3498,19.382812,17.992188,18.039062,18.507812,18.703125,18.96875,18.828125,18.695312,18.03125,17.71875,17.828125,18.429688,18.921875,19.25,19.445312,19.515625,19.453125
7808,2021-08-05 21:00:00,3510,20.664062,19.359375,19.5,20.351562,20.632812,21.09375,20.9375,20.773438,19.984375,18.023438,17.84375,18.429688,18.914062,19.242188,19.4375,19.507812,19.445312
7809,2021-08-05 21:15:00,3504,21.671875,19.726562,19.859375,20.851562,21.078125,21.71875,21.59375,21.484375,20.75,18.25,17.875,18.421875,18.90625,19.234375,19.429688,19.5,19.4375
7810,2021-08-05 21:30:00,3504,22.0,19.875,20.195312,21.078125,21.5625,22.5,22.15625,22.054688,21.21875,18.4375,17.890625,18.414062,18.898438,19.21875,19.421875,19.492188,19.429688
7811,2021-08-05 21:45:00,3510,22.726562,20.257812,20.898438,21.507812,21.898438,22.9375,22.53125,22.710938,21.976562,18.640625,17.929688,18.414062,18.890625,19.210938,19.40625,19.484375,19.421875
7812,2021-08-05 22:00:00,3510,23.0,20.859375,21.601562,22.101562,22.585938,23.328125,22.929688,23.234375,22.335938,18.796875,17.960938,18.40625,18.882812,19.210938,19.40625,19.484375,19.40625
7813,2021-08-05 22:15:00,3504,22.601562,20.484375,20.992188,21.390625,21.8125,22.65625,22.367188,23.085938,21.976562,18.914062,18.007812,18.414062,18.875,19.203125,19.398438,19.476562,19.398438
7814,2021-08-05 22:30:00,3504,22.351562,20.710938,21.304688,21.742188,22.3125,23.390625,23.242188,23.460938,22.523438,19.054688,18.046875,18.421875,18.867188,19.195312,19.390625,19.46875,19.398438
7815,2021-08-05 22:45:00,3504,21.773438,20.210938,20.578125,20.875,21.3125,22.15625,22.320312,22.335938,21.71875,19.054688,18.09375,18.414062,18.867188,19.1875,19.382812,19.460938,19.382812
7816,2021-08-05 23:00:00,3504,21.507812,20.882812,21.085938,21.539062,22.0,22.570312,23.195312,22.75,22.0625,19.117188,18.148438,18.421875,18.851562,19.179688,19.375,19.453125,19.382812
7817,2021-08-05 23:15:00,3510,20.125,18.523438,18.507812,18.8125,18.992188,19.765625,20.0625,20.304688,20.546875,19.039062,18.203125,18.429688,18.851562,19.171875,19.367188,19.445312,19.367188
7818,2021-08-05 23:30:00,3510,18.179688,16.796875,16.617188,16.804688,16.835938,17.203125,17.421875,17.734375,18.148438,18.640625,18.234375,18.4375,18.851562,19.171875,19.367188,19.4375,19.359375
7819,2021-08-05 23:45:00,3516,17.210938,16.390625,16.34375,16.46875,16.453125,16.671875,16.8125,17.085938,17.460938,18.414062,18.273438,18.445312,18.84375,19.15625,19.359375,19.429688,19.351562
7820,2021-08-06 00:00:00,3522,16.8125,16.453125,16.421875,16.53125,16.476562,16.515625,16.601562,16.835938,17.132812,18.25,18.3125,18.453125,18.835938,19.15625,19.351562,19.421875,19.351562
7821,2021-08-06 00:15:00,3504,16.554688,16.164062,16.148438,16.257812,16.195312,16.328125,16.398438,16.632812,16.953125,18.15625,18.328125,18.46875,18.828125,19.140625,19.34375,19.421875,19.34375
7822,2021-08-06 00:30:00,3504,16.101562,15.7421875,15.71875,15.8203125,15.7734375,15.890625,15.984375,16.242188,16.570312,18.015625,18.328125,18.476562,18.828125,19.140625,19.335938,19.40625,19.335938
7823,2021-08-06 00:45:00,3510,15.8046875,15.5859375,15.5859375,15.6796875,15.6171875,15.6953125,15.765625,16.007812,16.328125,17.921875,18.328125,18.484375,18.828125,19.132812,19.328125,19.40625,19.320312
7824,2021-08-06 01:00:00,3510,15.5625,15.421875,15.4140625,15.5,15.4453125,15.5390625,15.6484375,15.90625,16.25,17.859375,18.328125,18.5,18.828125,19.125,19.328125,19.398438,19.3125
7825,2021-08-06 01:15:00,3510,15.1953125,14.953125,14.96875,15.0625,15.0234375,15.171875,15.2734375,15.5390625,15.90625,17.773438,18.320312,18.507812,18.820312,19.117188,19.320312,19.382812,19.3125
7826,2021-08-06 01:30:00,3510,14.703125,14.4609375,14.4296875,14.53125,14.5,14.71875,14.875,15.2109375,15.65625,17.679688,18.3125,18.515625,18.820312,19.109375,19.3125,19.375,19.304688
7827,2021-08-06 01:45:00,3510,14.3359375,14.15625,14.0859375,14.171875,14.171875,14.3828125,14.578125,14.953125,15.4375,17.609375,18.296875,18.523438,18.820312,19.101562,19.296875,19.375,19.289062
7828,2021-08-06 02:00:00,3510,14.1796875,14.1015625,14.09375,14.15625,14.1015625,14.25,14.3828125,14.7265625,15.203125,17.515625,18.28125,18.523438,18.8125,19.101562,19.296875,19.367188,19.28125
7829,2021-08-06 02:15:00,3504,13.8359375,13.7578125,13.71875,13.796875,13.7734375,13.984375,14.1640625,14.53125,15.046875,17.445312,18.273438,18.53125,18.820312,19.09375,19.289062,19.359375,19.273438
7830,2021-08-06 02:30:00,3510,13.5546875,13.453125,13.296875,13.3046875,13.234375,13.453125,13.5859375,13.9140625,14.5546875,17.3125,18.242188,18.53125,18.8125,19.085938,19.28125,19.351562,19.273438
7831,2021-08-06 02:45:00,3516,13.3125,13.203125,13.015625,13.0234375,12.984375,13.203125,13.3515625,13.65625,14.2109375,17.203125,18.226562,18.539062,18.8125,19.085938,19.265625,19.34375,19.257812
7832,2021-08-06 03:00:00,3510,13.0390625,12.875,12.6484375,12.640625,12.59375,12.8515625,12.9921875,13.28125,13.8359375,17.078125,18.203125,18.539062,18.820312,19.078125,19.273438,19.335938,19.257812
7833,2021-08-06 03:15:00,3510,12.7421875,12.6796875,12.5390625,12.578125,12.53125,12.703125,12.8046875,13.0546875,13.5703125,16.945312,18.171875,18.53125,18.820312,19.078125,19.265625,19.335938,19.257812
7834,2021-08-06 03:30:00,3504,12.5234375,12.4296875,12.234375,12.25,12.21875,12.4375,12.578125,12.859375,13.453125,16.875,18.148438,18.53125,18.8125,19.070312,19.25,19.328125,19.25
7835,2021-08-06 03:45:00,3510,12.625,12.7734375,12.7265625,12.8046875,12.7890625,12.921875,13.0625,13.3203125,13.734375,16.8125,18.117188,18.53125,18.8125,19.0625,19.25,19.3125,19.242188
7836,2021-08-06 04:00:00,3504,12.796875,12.9453125,12.9453125,13.0390625,13.046875,13.2578125,13.4375,13.765625,14.203125,16.835938,18.085938,18.523438,18.8125,19.0625,19.242188,19.3125,19.234375
7837,2021-08-06 04:15:00,3504,12.734375,12.8046875,12.8125,12.8828125,12.8828125,13.09375,13.28125,13.640625,14.15625,16.835938,18.054688,18.523438,18.8125,19.0625,19.234375,19.304688,19.226562
7838,2021-08-06 04:30:00,3504,12.84375,12.953125,12.9765625,13.0703125,13.09375,13.296875,13.4921875,13.828125,14.296875,16.828125,18.023438,18.515625,18.8125,19.046875,19.234375,19.296875,19.226562
7839,2021-08-06 04:45:00,3504,12.96875,13.046875,13.078125,13.171875,13.2109375,13.4375,13.6484375,13.9765625,14.4140625,16.820312,17.992188,18.507812,18.804688,19.054688,19.226562,19.289062,19.226562
7840,2021-08-06 05:00:00,3504,13.0390625,13.0703125,13.1015625,13.1875,13.234375,13.4609375,13.671875,13.9765625,14.3828125,16.804688,17.96875,18.5,18.8125,19.039062,19.21875,19.28125,19.210938
7841,2021-08-06 05:15:00,3510,13.015625,13.046875,13.0546875,13.1484375,13.1875,13.40625,13.6171875,13.9375,14.3828125,16.796875,17.953125,18.492188,18.8125,19.046875,19.21875,19.28125,19.210938
7842,2021-08-06 05:30:00,3504,12.8515625,12.890625,12.8984375,12.96875,12.9921875,13.21875,13.4375,13.796875,14.265625,16.78125,17.929688,18.484375,18.804688,19.039062,19.210938,19.273438,19.210938
7843,2021-08-06 05:45:00,3504,12.90625,13.0703125,13.0859375,13.171875,13.203125,13.40625,13.59375,13.90625,14.3359375,16.765625,17.90625,18.46875,18.804688,19.039062,19.203125,19.265625,19.203125
7844,2021-08-06 06:00:00,3504,13.0859375,13.1875,13.21875,13.3046875,13.328125,13.5390625,13.7109375,14.0,14.4140625,16.765625,17.890625,18.460938,18.796875,19.03125,19.195312,19.265625,19.195312
7845,2021-08-06 06:15:00,3504,13.2265625,13.28125,13.3046875,13.40625,13.4375,13.65625,13.8671875,14.15625,14.5390625,16.765625,17.867188,18.453125,18.789062,19.023438,19.195312,19.257812,19.195312
7846,2021-08-06 06:30:00,3510,13.2734375,13.265625,13.3046875,13.390625,13.4296875,13.6484375,13.8515625,14.1484375,14.53125,16.757812,17.851562,18.445312,18.789062,19.023438,19.195312,19.257812,19.1875
7847,2021-08-06 06:45:00,3504,13.234375,13.1875,13.21875,13.296875,13.3359375,13.5859375,13.78125,14.0859375,14.4921875,16.757812,17.84375,18.4375,18.789062,19.023438,19.1875,19.25,19.179688
7848,2021-08-06 07:00:00,3504,12.953125,13.0078125,12.96875,12.9921875,13.015625,13.28125,13.4375,13.71875,14.171875,16.703125,17.828125,18.429688,18.78125,19.023438,19.179688,19.242188,19.179688
7849,2021-08-06 07:15:00,3504,12.4453125,12.6875,12.609375,12.6171875,12.640625,12.8984375,13.0625,13.3203125,13.765625,16.625,17.804688,18.414062,18.78125,19.015625,19.179688,19.242188,19.171875
7850,2021-08-06 07:30:00,3510,12.1484375,12.3125,12.2890625,12.3359375,12.328125,12.5390625,12.6796875,12.9609375,13.453125,16.523438,17.796875,18.40625,18.773438,19.007812,19.171875,19.234375,19.171875
7851,2021-08-06 07:45:00,3504,12.1171875,12.4609375,12.453125,12.515625,12.5,12.6953125,12.84375,13.125,13.5625,16.492188,17.773438,18.390625,18.765625,19.015625,19.171875,19.226562,19.171875
7852,2021-08-06 08:00:00,3504,12.0625,12.4453125,12.34375,12.3359375,12.25,12.4375,12.5546875,12.8046875,13.21875,16.445312,17.765625,18.382812,18.765625,19.007812,19.164062,19.226562,19.164062
7853,2021-08-06 08:15:00,3498,11.875,12.2421875,12.234375,12.296875,12.3203125,12.5,12.6796875,12.9765625,13.3984375,16.414062,17.742188,18.382812,18.757812,19.0,19.164062,19.21875,19.164062
7854,2021-08-06 08:30:00,3504,11.828125,12.21875,12.171875,12.234375,12.25,12.3984375,12.5,12.671875,13.0859375,16.351562,17.71875,18.367188,18.757812,19.0,19.15625,19.21875,19.15625
7855,2021-08-06 08:45:00,3504,11.7734375,12.359375,12.25,12.28125,12.2734375,12.5546875,12.7734375,13.03125,13.484375,16.320312,17.695312,18.351562,18.75,19.0,19.148438,19.210938,19.15625
7856,2021-08-06 09:00:00,3504,11.640625,12.0078125,11.859375,11.875,11.8984375,12.2421875,12.515625,12.8203125,13.3046875,16.265625,17.671875,18.351562,18.742188,18.992188,19.148438,19.203125,19.15625
7857,2021-08-06 09:15:00,3504,11.5234375,11.8828125,11.875,11.9453125,11.9765625,12.1796875,12.3984375,12.7734375,13.2421875,16.226562,17.648438,18.335938,18.734375,18.984375,19.140625,19.203125,19.140625
7858,2021-08-06 09:30:00,3498,11.703125,12.4609375,12.5234375,12.640625,12.6875,12.796875,12.9453125,13.15625,13.46875,16.203125,17.617188,18.320312,18.734375,18.984375,19.140625,19.195312,19.140625
7859,2021-08-06 09:45:00,3504,11.859375,12.3828125,12.375,12.40625,12.375,12.59375,12.8203125,13.1796875,13.609375,16.203125,17.59375,18.320312,18.726562,18.976562,19.140625,19.195312,19.140625
7860,2021-08-06 10:00:00,3498,11.7890625,12.1328125,12.109375,12.1796875,12.1875,12.3671875,12.5078125,12.78125,13.234375,16.148438,17.578125,18.296875,18.710938,18.96875,19.132812,19.1875,19.132812
7861,2021-08-06 10:15:00,3498,11.671875,12.046875,12.0625,12.15625,12.1875,12.40625,12.5703125,12.828125,13.1953125,16.109375,17.539062,18.28125,18.703125,18.976562,19.132812,19.1875,19.132812
7862,2021-08-06 10:30:00,3504,11.6484375,12.0703125,12.109375,12.2734375,12.3515625,12.625,12.7890625,13.0,13.3515625,16.109375,17.523438,18.273438,18.703125,18.96875,19.117188,19.179688,19.125
7863,2021-08-06 10:45:00,3498,11.8203125,12.3984375,12.4765625,12.578125,12.6015625,12.75,12.8828125,13.125,13.515625,16.117188,17.5,18.257812,18.6875,18.960938,19.125,19.171875,19.125
7864,2021-08-06 11:00:00,3498,12.1171875,12.75,12.859375,12.9453125,12.953125,13.1484375,13.296875,13.5625,13.9375,16.164062,17.476562,18.242188,18.6875,18.960938,19.109375,19.171875,19.117188
7865,2021-08-06 11:15:00,3498,12.109375,12.59375,12.625,12.75,12.8046875,13.0234375,13.203125,13.453125,13.8125,16.1875,17.453125,18.234375,18.679688,18.953125,19.109375,19.171875,19.117188
7866,2021-08-06 11:30:00,3492,12.0078125,12.3828125,12.4609375,12.5703125,12.6015625,12.8125,13.0078125,13.3203125,13.71875,16.164062,17.445312,18.21875,18.671875,18.945312,19.101562,19.164062,19.109375
7867,2021-08-06 11:45:00,3498,11.9609375,12.34375,12.34375,12.4453125,12.46875,12.7265625,12.8984375,13.1796875,13.65625,16.171875,17.421875,18.203125,18.664062,18.9375,19.101562,19.15625,19.109375
7868,2021-08-06 12:00:00,3498,11.90625,12.2578125,12.3125,12.4296875,12.46875,12.6953125,12.875,13.15625,13.609375,16.15625,17.40625,18.195312,18.648438,18.9375,19.09375,19.15625,19.101562
7869,2021-08-06 12:15:00,3492,12.0703125,12.65625,12.796875,12.859375,12.8515625,12.9453125,13.0390625,13.2265625,13.5625,16.101562,17.390625,18.171875,18.648438,18.929688,19.085938,19.148438,19.101562
7870,2021-08-06 12:30:00,3498,12.1953125,12.6015625,12.6015625,12.671875,12.640625,12.8125,12.90625,13.171875,13.6484375,16.109375,17.367188,18.15625,18.640625,18.921875,19.085938,19.140625,19.09375
7871,2021-08-06 12:45:00,3498,11.8828125,12.140625,12.1328125,12.2265625,12.2578125,12.4921875,12.6875,13.0234375,13.4375,16.054688,17.359375,18.140625,18.632812,18.921875,19.078125,19.140625,19.085938
7872,2021-08-06 13:00:00,3498,11.7265625,11.984375,12.015625,12.109375,12.1484375,12.3671875,12.5703125,12.9609375,13.4296875,16.054688,17.34375,18.125,18.617188,18.914062,19.078125,19.132812,19.078125
7873,2021-08-06 13:15:00,3498,11.75,12.0703125,12.03125,12.09375,12.1640625,12.515625,12.703125,13.0078125,13.453125,16.015625,17.328125,18.109375,18.609375,18.90625,19.070312,19.125,19.078125
7874,2021-08-06 13:30:00,3498,11.6171875,11.859375,11.8125,11.8828125,11.96875,12.3203125,12.59375,12.9140625,13.328125,15.953125,17.3125,18.101562,18.59375,18.898438,19.070312,19.125,19.078125
7875,2021-08-06 13:45:00,3498,11.6640625,12.0078125,11.9453125,11.9921875,12.015625,12.3125,12.5859375,12.8515625,13.1875,15.921875,17.289062,18.085938,18.585938,18.898438,19.054688,19.117188,19.070312
7876,2021-08-06 14:00:00,3498,11.8359375,12.2265625,12.2109375,12.265625,12.3203125,12.4921875,12.6328125,12.8984375,13.234375,15.9140625,17.265625,18.070312,18.578125,18.882812,19.046875,19.117188,19.0625
7877,2021-08-06 14:15:00,3498,12.1796875,12.71875,12.703125,12.7421875,12.75,12.9140625,13.03125,13.2421875,13.6171875,15.953125,17.25,18.0625,18.570312,18.882812,19.046875,19.109375,19.0625
7878,2021-08-06 14:30:00,3498,12.7421875,13.265625,13.28125,13.34375,13.3359375,13.4296875,13.5,13.6640625,13.9140625,15.9765625,17.226562,18.046875,18.5625,18.875,19.046875,19.101562,19.054688
7879,2021-08-06 14:45:00,3486,14.578125,15.15625,14.9765625,14.9609375,14.796875,14.7265625,14.625,14.6484375,14.6953125,16.070312,17.210938,18.03125,18.554688,18.867188,19.039062,19.09375,19.046875
7880,2021-08-06 15:00:00,3486,15.5,15.7578125,15.5859375,15.453125,15.4140625,15.390625,15.28125,15.3125,15.359375,16.210938,17.195312,18.015625,18.539062,18.859375,19.039062,19.09375,19.039062
7881,2021-08-06 15:15:00,3498,16.875,17.585938,17.265625,17.179688,17.101562,16.859375,16.5625,16.46875,16.296875,16.390625,17.179688,18.0,18.523438,18.851562,19.023438,19.085938,19.039062
7882,2021-08-06 15:30:00,3498,18.640625,19.09375,18.945312,18.765625,18.515625,18.195312,17.859375,17.640625,17.3125,16.601562,17.179688,17.992188,18.523438,18.84375,19.023438,19.085938,19.03125
7883,2021-08-06 15:45:00,3498,19.820312,19.007812,18.742188,18.507812,18.296875,18.015625,17.757812,17.671875,17.554688,16.773438,17.179688,17.96875,18.507812,18.835938,19.015625,19.078125,19.023438
7884,2021-08-06 16:00:00,3498,21.671875,20.507812,20.179688,19.851562,19.476562,19.03125,18.765625,18.640625,18.367188,16.96875,17.1875,17.960938,18.492188,18.828125,19.007812,19.070312,19.023438
7885,2021-08-06 16:15:00,3498,22.570312,21.0,20.46875,20.210938,19.875,19.359375,18.921875,18.773438,18.546875,17.148438,17.195312,17.953125,18.484375,18.820312,19.0,19.0625,19.015625
7886,2021-08-06 16:30:00,3504,23.640625,21.921875,21.390625,21.234375,20.992188,20.46875,19.960938,19.664062,19.28125,17.351562,17.21875,17.9375,18.476562,18.8125,18.992188,19.0625,19.007812
7887,2021-08-06 16:45:00,3504,23.789062,22.039062,21.609375,21.507812,21.289062,20.898438,20.398438,19.960938,19.453125,17.523438,17.234375,17.921875,18.46875,18.804688,18.984375,19.054688,19.0
7888,2021-08-06 17:00:00,3504,24.546875,22.820312,22.414062,22.234375,22.0625,21.851562,21.421875,20.945312,20.171875,17.671875,17.265625,17.921875,18.453125,18.796875,18.976562,19.046875,19.0
7889,2021-08-06 17:15:00,3504,25.929688,24.09375,23.75,23.609375,23.382812,23.101562,22.773438,22.382812,21.539062,17.953125,17.296875,17.90625,18.445312,18.789062,18.976562,19.039062,18.984375
7890,2021-08-06 17:30:00,3504,28.210938,26.304688,25.859375,25.6875,25.1875,24.796875,24.328125,23.804688,22.71875,18.257812,17.328125,17.90625,18.429688,18.78125,18.96875,19.039062,18.976562
7891,2021-08-06 17:45:00,3516,28.765625,25.460938,24.539062,24.617188,24.484375,24.375,24.328125,24.085938,23.375,18.5,17.375,17.898438,18.421875,18.773438,18.960938,19.03125,18.96875
7892,2021-08-06 18:00:00,3516,29.0625,25.742188,24.992188,24.921875,24.867188,24.6875,24.625,24.429688,23.828125,18.710938,17.421875,17.890625,18.414062,18.765625,18.953125,19.023438,18.96875
7893,2021-08-06 18:15:00,3510,29.492188,26.546875,25.859375,25.921875,25.96875,25.984375,25.96875,25.671875,24.898438,19.007812,17.476562,17.890625,18.398438,18.757812,18.953125,19.015625,18.960938
7894,2021-08-06 18:30:00,3516,30.445312,27.828125,27.242188,27.335938,27.335938,27.171875,27.070312,26.679688,25.710938,19.28125,17.53125,17.890625,18.398438,18.75,18.9375,19.007812,18.953125
7895,2021-08-06 18:45:00,3522,31.328125,28.234375,27.601562,27.617188,27.671875,27.945312,27.890625,27.539062,26.59375,19.59375,17.59375,17.890625,18.382812,18.734375,18.929688,19.007812,18.945312
7896,2021-08-06 19:00:00,3522,31.703125,28.507812,27.789062,27.757812,27.960938,28.273438,28.28125,28.0,27.117188,19.828125,17.664062,17.90625,18.382812,18.726562,18.929688,19.0,18.9375
7897,2021-08-06 19:15:00,3522,31.851562,28.742188,27.96875,28.273438,28.570312,28.640625,28.703125,28.351562,27.445312,20.085938,17.734375,17.914062,18.367188,18.71875,18.914062,18.992188,18.9375
7898,2021-08-06 19:30:00,3528,32.171875,28.828125,28.109375,28.359375,28.789062,29.0625,29.179688,28.882812,28.0625,20.351562,17.8125,17.921875,18.359375,18.703125,18.90625,18.984375,18.921875
7899,2021-08-06 19:45:00,3528,32.132812,28.898438,28.335938,28.523438,29.0625,29.632812,29.835938,29.648438,28.765625,20.671875,17.890625,17.9375,18.351562,18.703125,18.90625,18.976562,18.921875
7900,2021-08-06 20:00:00,3534,32.046875,29.40625,28.929688,29.375,30.359375,30.148438,30.4375,30.085938,28.96875,20.875,17.96875,17.945312,18.351562,18.6875,18.898438,18.976562,18.914062
7901,2021-08-06 20:15:00,3528,31.617188,29.507812,29.085938,29.734375,30.71875,30.546875,31.007812,30.585938,29.3125,21.054688,18.0625,17.960938,18.34375,18.679688,18.890625,18.96875,18.914062
7902,2021-08-06 20:30:00,3534,31.695312,29.625,29.265625,29.84375,30.40625,30.695312,31.179688,30.5625,29.476562,21.25,18.148438,17.984375,18.34375,18.679688,18.882812,18.953125,18.90625
7903,2021-08-06 20:45:00,3528,31.789062,29.8125,29.65625,30.625,31.1875,31.59375,32.046875,31.320312,30.15625,21.460938,18.242188,18.007812,18.335938,18.664062,18.875,18.953125,18.890625
7904,2021-08-06 21:00:00,3534,31.34375,28.734375,28.40625,28.9375,29.382812,30.203125,30.804688,30.203125,29.375,21.554688,18.335938,18.03125,18.328125,18.65625,18.867188,18.9375,18.890625
7905,2021-08-06 21:15:00,3540,31.445312,29.742188,30.015625,30.921875,31.359375,31.945312,32.335938,31.671875,30.617188,21.8125,18.429688,18.054688,18.335938,18.648438,18.867188,18.9375,18.882812
7906,2021-08-06 21:30:00,3540,31.257812,29.25,29.5625,30.15625,30.382812,30.742188,31.148438,30.617188,29.890625,21.882812,18.515625,18.085938,18.328125,18.640625,18.851562,18.929688,18.882812
7907,2021-08-06 21:45:00,3540,30.828125,28.726562,29.179688,29.445312,30.148438,30.617188,30.820312,30.34375,29.398438,21.875,18.609375,18.109375,18.328125,18.632812,18.851562,18.921875,18.875
7908,2021-08-06 22:00:00,3540,29.992188,28.375,28.773438,28.976562,29.625,30.3125,30.351562,30.03125,29.148438,21.914062,18.695312,18.140625,18.335938,18.625,18.84375,18.914062,18.867188
7909,2021-08-06 22:15:00,3540,29.515625,28.25,28.632812,28.742188,29.359375,30.09375,30.125,29.898438,28.976562,21.945312,18.789062,18.171875,18.335938,18.625,18.828125,18.914062,18.867188
7910,2021-08-06 22:30:00,3546,29.265625,28.414062,28.625,28.765625,29.328125,29.929688,30.015625,29.734375,28.703125,21.914062,18.867188,18.210938,18.34375,18.617188,18.828125,18.90625,18.859375
7911,2021-08-06 22:45:00,3546,28.742188,28.359375,28.445312,28.804688,29.382812,29.75,29.875,29.429688,28.507812,21.914062,18.945312,18.25,18.351562,18.617188,18.820312,18.898438,18.859375
7912,2021-08-06 23:00:00,3540,27.929688,27.164062,27.164062,27.460938,28.179688,28.796875,29.023438,28.695312,27.8125,21.835938,19.023438,18.28125,18.359375,18.609375,18.8125,18.890625,18.851562
7913,2021-08-06 23:15:00,3546,26.726562,25.273438,25.28125,25.515625,25.890625,26.617188,26.789062,26.695312,26.445312,21.695312,19.09375,18.320312,18.359375,18.601562,18.804688,18.890625,18.84375
7914,2021-08-06 23:30:00,3552,25.34375,23.757812,23.710938,23.8125,23.921875,24.34375,24.5625,24.617188,24.53125,21.335938,19.15625,18.359375,18.367188,18.601562,18.804688,18.882812,18.84375
7915,2021-08-06 23:45:00,3546,24.257812,22.828125,22.78125,22.859375,22.945312,23.273438,23.492188,23.59375,23.578125,21.085938,19.210938,18.398438,18.382812,18.59375,18.796875,18.875,18.84375
7916,2021-08-07 00:00:00,3540,23.546875,22.445312,22.484375,22.5625,22.625,22.921875,23.117188,23.195312,23.101562,20.90625,19.25,18.4375,18.390625,18.59375,18.789062,18.867188,18.835938
7917,2021-08-07 00:15:00,3546,23.1875,22.289062,22.320312,22.375,22.414062,22.671875,22.828125,22.867188,22.75,20.78125,19.28125,18.476562,18.40625,18.59375,18.78125,18.867188,18.835938
7918,2021-08-07 00:30:00,3540,22.8125,21.96875,22.03125,22.070312,22.0625,22.257812,22.375,22.414062,22.304688,20.625,19.304688,18.515625,18.414062,18.59375,18.773438,18.859375,18.835938
7919,2021-08-07 00:45:00,3546,22.382812,21.609375,21.640625,21.6875,21.664062,21.867188,21.984375,22.03125,21.960938,20.515625,19.328125,18.546875,18.429688,18.59375,18.773438,18.859375,18.835938
7920,2021-08-07 01:00:00,3540,21.929688,21.125,21.148438,21.203125,21.1875,21.453125,21.570312,21.65625,21.648438,20.429688,19.335938,18.578125,18.445312,18.59375,18.765625,18.859375,18.835938
7921,2021-08-07 01:15:00,3534,21.585938,20.804688,20.726562,20.789062,20.765625,21.039062,21.1875,21.296875,21.320312,20.328125,19.34375,18.609375,18.453125,18.59375,18.765625,18.84375,18.835938
7922,2021-08-07 01:30:00,3546,21.242188,20.453125,20.445312,20.460938,20.375,20.554688,20.6875,20.820312,20.898438,20.21875,19.351562,18.640625,18.46875,18.59375,18.757812,18.84375,18.835938
7923,2021-08-07 01:45:00,3546,20.875,20.109375,20.046875,20.039062,19.921875,20.09375,20.210938,20.351562,20.484375,20.101562,19.359375,18.671875,18.484375,18.601562,18.765625,18.84375,18.835938
7924,2021-08-07 02:00:00,3540,20.34375,19.53125,19.492188,19.492188,19.351562,19.492188,19.59375,19.757812,19.960938,19.976562,19.351562,18.695312,18.507812,18.601562,18.757812,18.84375,18.84375
7925,2021-08-07 02:15:00,3540,19.75,19.015625,18.757812,18.726562,18.65625,18.882812,19.007812,19.234375,19.476562,19.828125,19.351562,18.726562,18.523438,18.601562,18.757812,18.84375,18.84375
7926,2021-08-07 02:30:00,3546,19.101562,18.320312,18.0625,18.070312,18.0,18.242188,18.359375,18.5625,18.859375,19.65625,19.335938,18.757812,18.539062,18.609375,18.757812,18.835938,18.84375
7927,2021-08-07 02:45:00,3546,18.609375,17.71875,17.421875,17.414062,17.335938,17.570312,17.664062,17.859375,18.226562,19.476562,19.328125,18.78125,18.5625,18.617188,18.757812,18.84375,18.84375
7928,2021-08-07 03:00:00,3540,17.976562,17.226562,17.015625,17.007812,16.90625,17.0625,17.1875,17.445312,17.828125,19.320312,19.320312,18.796875,18.570312,18.617188,18.757812,18.835938,18.84375
7929,2021-08-07 03:15:00,3534,17.359375,16.65625,16.304688,16.234375,16.164062,16.359375,16.4375,16.664062,17.164062,19.101562,19.304688,18.820312,18.59375,18.625,18.757812,18.835938,18.859375
7930,2021-08-07 03:30:00,3540,16.734375,15.9921875,15.609375,15.5546875,15.4375,15.6015625,15.609375,15.796875,16.367188,18.898438,19.28125,18.835938,18.609375,18.632812,18.757812,18.84375,18.859375
7931,2021-08-07 03:45:00,3540,16.171875,15.3828125,14.9921875,14.9609375,14.890625,15.0859375,15.1796875,15.3984375,15.9375,18.703125,19.25,18.859375,18.625,18.640625,18.757812,18.84375,18.867188
7932,2021-08-07 04:00:00,3534,15.71875,14.8984375,14.546875,14.5390625,14.4453125,14.6640625,14.7890625,15.0625,15.6796875,18.546875,19.21875,18.867188,18.640625,18.648438,18.757812,18.835938,18.867188
7933,2021-08-07 04:15:00,3546,15.34375,14.703125,14.390625,14.4375,14.390625,14.640625,14.78125,15.0390625,15.5625,18.445312,19.1875,18.882812,18.664062,18.65625,18.757812,18.84375,18.875
7934,2021-08-07 04:30:00,3534,15.0546875,14.4921875,14.25,14.28125,14.25,14.46875,14.625,14.9296875,15.4453125,18.328125,19.140625,18.890625,18.679688,18.664062,18.765625,18.84375,18.882812
7935,2021-08-07 04:45:00,3540,14.8125,14.3125,14.0703125,14.0859375,14.0546875,14.2734375,14.4375,14.7578125,15.3046875,18.234375,19.101562,18.898438,18.695312,18.671875,18.765625,18.851562,18.890625
7936,2021-08-07 05:00:00,3540,14.625,14.09375,13.75,13.7109375,13.640625,13.8671875,13.953125,14.1875,14.8203125,18.109375,19.0625,18.90625,18.703125,18.679688,18.773438,18.851562,18.898438
7937,2021-08-07 05:15:00,3534,14.375,13.8515625,13.59375,13.625,13.6171875,13.828125,13.9609375,14.203125,14.765625,18.007812,19.023438,18.914062,18.726562,18.6875,18.773438,18.859375,18.90625
7938,2021-08-07 05:30:00,3534,14.1953125,13.921875,13.8359375,13.8984375,13.890625,14.0703125,14.234375,14.515625,14.9609375,17.90625,18.984375,18.914062,18.75,18.695312,18.78125,18.859375,18.914062
7939,2021-08-07 05:45:00,3540,14.125,13.8828125,13.7421875,13.7265625,13.6171875,13.8046875,13.9140625,14.21875,14.8828125,17.875,18.9375,18.914062,18.757812,18.710938,18.78125,18.859375,18.914062
7940,2021-08-07 06:00:00,3528,14.03125,13.78125,13.5625,13.53125,13.484375,13.6875,13.828125,14.1015625,14.6640625,17.789062,18.898438,18.921875,18.765625,18.71875,18.789062,18.875,18.929688
7941,2021-08-07 06:15:00,3534,14.0,13.8203125,13.7109375,13.6953125,13.6015625,13.7890625,13.90625,14.203125,14.8671875,17.726562,18.859375,18.921875,18.78125,18.734375,18.789062,18.875,18.929688
7942,2021-08-07 06:30:00,3540,13.8125,13.3828125,13.1484375,13.1171875,13.078125,13.2890625,13.359375,13.578125,14.25,17.617188,18.820312,18.914062,18.789062,18.742188,18.796875,18.882812,18.945312
7943,2021-08-07 06:45:00,3540,13.75,13.828125,13.828125,13.953125,13.9609375,14.0703125,14.1875,14.3671875,14.6796875,17.546875,18.78125,18.90625,18.804688,18.75,18.8125,18.882812,18.945312
7944,2021-08-07 07:00:00,3540,13.890625,14.0078125,14.1015625,14.125,14.078125,14.1640625,14.2734375,14.53125,14.890625,17.570312,18.734375,18.90625,18.8125,18.765625,18.8125,18.890625,18.960938
7945,2021-08-07 07:15:00,3534,13.953125,13.9609375,14.03125,14.03125,13.9921875,14.0078125,14.0859375,14.28125,14.6796875,17.539062,18.695312,18.90625,18.828125,18.773438,18.820312,18.890625,18.960938
7946,2021-08-07 07:30:00,3528,14.1875,14.4375,14.6484375,14.6640625,14.5625,14.5,14.4921875,14.6171875,14.9140625,17.5,18.664062,18.898438,18.835938,18.78125,18.828125,18.898438,18.976562
7947,2021-08-07 07:45:00,3534,14.34375,14.765625,14.9453125,15.03125,14.9765625,14.9140625,14.9140625,15.0234375,15.2734375,17.539062,18.632812,18.890625,18.84375,18.789062,18.835938,18.90625,18.984375
7948,2021-08-07 08:00:00,3528,14.484375,14.7890625,15.0,15.0546875,14.9921875,15.0390625,15.1015625,15.2890625,15.5078125,17.554688,18.601562,18.890625,18.859375,18.804688,18.835938,18.914062,18.992188
7949,2021-08-07 08:15:00,3534,14.453125,14.65625,14.8515625,14.9375,14.8359375,14.7578125,14.7109375,14.796875,15.09375,17.507812,18.570312,18.875,18.867188,18.8125,18.851562,18.914062,19.0
7950,2021-08-07 08:30:00,3528,14.53125,14.875,15.0859375,15.1796875,15.1015625,15.0234375,14.9375,14.9375,15.109375,17.46875,18.546875,18.867188,18.867188,18.828125,18.859375,18.929688,19.015625
7951,2021-08-07 08:45:00,3534,14.6015625,14.984375,15.2265625,15.3125,15.2421875,15.2109375,15.1640625,15.234375,15.4453125,17.476562,18.515625,18.851562,18.875,18.835938,18.867188,18.9375,19.023438
7952,2021-08-07 09:00:00,3528,14.8828125,15.3125,15.609375,15.65625,15.53125,15.3984375,15.3359375,15.359375,15.5546875,17.5,18.492188,18.84375,18.875,18.84375,18.867188,18.945312,19.03125
7953,2021-08-07 09:15:00,3534,15.046875,15.390625,15.6015625,15.6875,15.59375,15.5703125,15.53125,15.625,15.75,17.507812,18.46875,18.84375,18.875,18.851562,18.882812,18.945312,19.039062
7954,2021-08-07 09:30:00,3528,15.1484375,15.390625,15.515625,15.5625,15.4609375,15.5078125,15.421875,15.46875,15.640625,17.5,18.453125,18.828125,18.882812,18.859375,18.882812,18.960938,19.046875
7955,2021-08-07 09:45:00,3528,15.078125,15.2421875,15.4140625,15.4375,15.34375,15.3359375,15.3046875,15.3671875,15.5546875,17.46875,18.4375,18.820312,18.890625,18.867188,18.890625,18.96875,19.054688
7956,2021-08-07 10:00:00,3528,15.5859375,15.9140625,16.148438,16.109375,15.8984375,15.75,15.625,15.6328125,15.7890625,17.492188,18.414062,18.8125,18.890625,18.875,18.90625,18.96875,19.0625
7957,2021-08-07 10:15:00,3528,15.2109375,15.25,15.2890625,15.3359375,15.265625,15.375,15.3671875,15.4609375,15.59375,17.453125,18.40625,18.804688,18.898438,18.882812,18.90625,18.984375,19.070312
7958,2021-08-07 10:30:00,3528,14.46875,14.25,14.09375,14.1171875,14.0546875,14.1875,14.15625,14.2890625,14.71875,17.34375,18.382812,18.796875,18.890625,18.890625,18.914062,18.984375,19.085938
7959,2021-08-07 10:45:00,3528,13.828125,13.5546875,13.3828125,13.4296875,13.3671875,13.5234375,13.609375,13.859375,14.2578125,17.164062,18.367188,18.78125,18.890625,18.890625,18.921875,19.0,19.085938
7960,2021-08-07 11:00:00,3522,13.3515625,13.0859375,12.8828125,12.9140625,12.8828125,13.0625,13.125,13.34375,13.8203125,17.03125,18.351562,18.773438,18.90625,18.90625,18.929688,19.007812,19.09375
7961,2021-08-07 11:15:00,3528,13.3984375,13.84375,13.96875,14.140625,14.140625,14.125,14.1953125,14.2890625,14.453125,17.03125,18.328125,18.765625,18.90625,18.90625,18.9375,19.007812,19.09375
7962,2021-08-07 11:30:00,3528,13.328125,13.6171875,13.6796875,13.796875,13.7890625,13.9375,14.015625,14.2265625,14.5625,17.070312,18.296875,18.757812,18.90625,18.914062,18.945312,19.023438,19.109375
7963,2021-08-07 11:45:00,3528,13.515625,14.078125,14.1484375,14.2734375,14.2734375,14.3984375,14.4921875,14.5859375,14.78125,17.054688,18.273438,18.757812,18.898438,18.921875,18.953125,19.023438,19.117188
7964,2021-08-07 12:00:00,3528,13.515625,13.9453125,13.9921875,14.109375,14.1328125,14.2890625,14.3828125,14.5,14.6484375,17.03125,18.257812,18.734375,18.898438,18.929688,18.960938,19.03125,19.125
7965,2021-08-07 12:15:00,3528,13.3046875,13.609375,13.515625,13.5703125,13.6015625,13.8203125,13.984375,14.2265625,14.4921875,17.0,18.226562,18.726562,18.898438,18.9375,18.96875,19.039062,19.132812
7966,2021-08-07 12:30:00,3522,12.859375,13.0390625,12.84375,12.890625,12.9453125,13.25,13.4296875,13.6328125,14.0546875,16.890625,18.203125,18.71875,18.898438,18.9375,18.976562,19.046875,19.140625
7967,2021-08-07 12:45:00,3522,12.7265625,12.9453125,12.8515625,12.9453125,12.9765625,13.2109375,13.40625,13.6015625,13.8984375,16.828125,18.179688,18.703125,18.898438,18.9375,18.976562,19.054688,19.148438
7968,2021-08-07 13:00:00,3528,12.8203125,13.265625,13.296875,13.4296875,13.453125,13.6484375,13.859375,14.09375,14.2578125,16.828125,18.15625,18.695312,18.898438,18.945312,18.984375,19.0625,19.15625
7969,2021-08-07 13:15:00,3528,12.84375,13.1328125,13.140625,13.203125,13.2265625,13.4765625,13.65625,13.875,14.1640625,16.796875,18.132812,18.6875,18.898438,18.953125,19.0,19.070312,19.15625
7970,2021-08-07 13:30:00,3528,12.59375,12.9375,12.8125,12.8359375,12.8359375,13.046875,13.09375,13.265625,13.671875,16.679688,18.109375,18.671875,18.898438,18.953125,19.0,19.078125,19.171875
7971,2021-08-07 13:45:00,3522,12.4375,12.6328125,12.484375,12.5390625,12.546875,12.71875,12.828125,13.03125,13.3984375,16.625,18.085938,18.664062,18.898438,18.960938,19.007812,19.085938,19.164062
7972,2021-08-07 14:00:00,3528,12.7265625,13.03125,13.09375,13.15625,13.1796875,13.34375,13.515625,13.6875,13.9453125,16.65625,18.054688,18.648438,18.890625,18.960938,19.015625,19.085938,19.171875
7973,2021-08-07 14:15:00,3528,13.3203125,14.0234375,14.265625,14.328125,14.3125,14.2265625,14.296875,14.421875,14.59375,16.703125,18.023438,18.640625,18.890625,18.96875,19.015625,19.09375,19.1875
7974,2021-08-07 14:30:00,3528,13.78125,14.2109375,14.3359375,14.3515625,14.2890625,14.3203125,14.359375,14.4921875,14.734375,16.78125,18.0,18.632812,18.890625,18.96875,19.023438,19.101562,19.179688
7975,2021-08-07 14:45:00,3522,14.8984375,15.6171875,15.6328125,15.5859375,15.4375,15.3125,15.234375,15.2578125,15.296875,16.835938,17.976562,18.617188,18.882812,18.976562,19.03125,19.101562,19.1875
7976,2021-08-07 15:00:00,3510,15.4296875,15.59375,15.4921875,15.421875,15.328125,15.375,15.28125,15.3359375,15.4453125,16.898438,17.960938,18.601562,18.882812,18.976562,19.03125,19.109375,19.195312
7977,2021-08-07 15:15:00,3522,16.179688,16.5625,16.46875,16.351562,16.171875,16.007812,15.8984375,15.9140625,15.90625,16.984375,17.945312,18.585938,18.882812,18.976562,19.03125,19.117188,19.203125
7978,2021-08-07 15:30:00,3522,17.929688,18.46875,18.609375,18.390625,18.171875,17.726562,17.421875,17.296875,17.125,17.195312,17.929688,18.570312,18.875,18.976562,19.039062,19.125,19.203125
7979,2021-08-07 15:45:00,3522,18.640625,18.078125,17.992188,17.890625,17.875,17.867188,17.59375,17.40625,17.25,17.335938,17.921875,18.5625,18.867188,18.976562,19.046875,19.125,19.210938
7980,2021-08-07 16:00:00,3522,19.328125,18.398438,18.21875,18.125,18.15625,18.195312,17.984375,17.8125,17.609375,17.453125,17.921875,18.554688,18.867188,18.984375,19.046875,19.132812,19.21875
7981,2021-08-07 16:15:00,3522,20.078125,19.164062,18.828125,18.679688,18.710938,18.710938,18.539062,18.359375,18.046875,17.5625,17.921875,18.539062,18.859375,18.984375,19.054688,19.140625,19.21875
7982,2021-08-07 16:30:00,3522,21.40625,20.273438,20.054688,19.90625,19.96875,19.953125,19.703125,19.445312,19.0,17.765625,17.921875,18.53125,18.851562,18.984375,19.0625,19.140625,19.21875
7983,2021-08-07 16:45:00,3522,21.445312,19.929688,19.679688,19.5,19.625,19.835938,19.671875,19.515625,19.148438,17.882812,17.9375,18.507812,18.851562,18.984375,19.070312,19.148438,19.226562
7984,2021-08-07 17:00:00,3516,21.835938,20.507812,20.25,20.125,20.304688,20.4375,20.359375,20.210938,19.765625,18.007812,17.953125,18.507812,18.84375,18.984375,19.070312,19.148438,19.226562
7985,2021-08-07 17:15:00,3522,22.429688,20.96875,20.710938,20.539062,20.671875,20.835938,20.765625,20.632812,20.234375,18.148438,17.976562,18.5,18.84375,18.984375,19.070312,19.15625,19.234375
7986,2021-08-07 17:30:00,3522,23.226562,21.953125,21.703125,21.65625,21.625,21.765625,21.695312,21.546875,21.03125,18.34375,17.992188,18.492188,18.828125,18.984375,19.078125,19.164062,19.234375
7987,2021-08-07 17:45:00,3528,24.21875,22.9375,22.71875,22.554688,22.539062,22.695312,22.679688,22.507812,21.898438,18.554688,18.023438,18.484375,18.828125,18.984375,19.078125,19.164062,19.234375
7988,2021-08-07 18:00:00,3522,25.039062,23.570312,23.335938,23.117188,23.179688,23.3125,23.296875,23.140625,22.625,18.835938,18.054688,18.476562,18.820312,18.984375,19.078125,19.171875,19.242188
7989,2021-08-07 18:15:00,3522,26.140625,24.570312,24.195312,23.976562,24.0625,24.0625,24.054688,23.929688,23.398438,19.070312,18.085938,18.476562,18.8125,18.984375,19.078125,19.171875,19.234375
7990,2021-08-07 18:30:00,3522,26.976562,25.234375,24.859375,24.5,24.632812,24.804688,24.84375,24.6875,24.0625,19.3125,18.125,18.476562,18.8125,18.984375,19.085938,19.171875,19.242188
7991,2021-08-07 18:45:00,3528,27.609375,25.757812,25.273438,24.921875,25.0625,25.265625,25.359375,25.21875,24.601562,19.523438,18.171875,18.476562,18.804688,18.984375,19.09375,19.179688,19.242188
7992,2021-08-07 17:30:00,3522,23.226562,21.953125,21.703125,21.65625,21.625,21.765625,21.695312,21.546875,21.03125,18.34375,17.992188,18.492188,18.828125,18.984375,19.078125,19.164062,19.234375
7993,2021-08-07 17:45:00,3528,24.21875,22.9375,22.71875,22.554688,22.539062,22.695312,22.679688,22.507812,21.898438,18.554688,18.023438,18.484375,18.828125,18.984375,19.078125,19.164062,19.234375
7994,2021-08-07 18:00:00,3522,25.039062,23.570312,23.335938,23.117188,23.179688,23.3125,23.296875,23.140625,22.625,18.835938,18.054688,18.476562,18.820312,18.984375,19.078125,19.171875,19.242188
7995,2021-08-07 18:15:00,3522,26.140625,24.570312,24.195312,23.976562,24.0625,24.0625,24.054688,23.929688,23.398438,19.070312,18.085938,18.476562,18.8125,18.984375,19.078125,19.171875,19.234375
7996,2021-08-07 18:30:00,3522,26.976562,25.234375,24.859375,24.5,24.632812,24.804688,24.84375,24.6875,24.0625,19.3125,18.125,18.476562,18.8125,18.984375,19.085938,19.171875,19.242188
7997,2021-08-07 18:45:00,3528,27.609375,25.757812,25.273438,24.921875,25.0625,25.265625,25.359375,25.21875,24.601562,19.523438,18.171875,18.476562,18.804688,18.984375,19.09375,19.179688,19.242188
7998,2021-08-07 19:00:00,3522,28.148438,25.929688,25.359375,25.03125,25.367188,25.953125,26.09375,25.984375,25.34375,19.796875,18.21875,18.476562,18.796875,18.984375,19.09375,19.1875,19.242188
7999,2021-08-07 19:15:00,3522,27.992188,25.671875,25.007812,24.773438,25.234375,25.804688,25.976562,25.890625,25.1875,19.921875,18.273438,18.484375,18.804688,18.976562,19.085938,19.1875,19.242188
8000,2021-08-07 19:30:00,3522,28.039062,25.359375,24.585938,24.335938,24.796875,25.640625,25.875,25.828125,25.390625,20.132812,18.335938,18.484375,18.789062,18.976562,19.09375,19.1875,19.25
8001,2021-08-07 19:45:00,3522,28.085938,26.007812,25.359375,25.1875,25.679688,26.0625,26.375,26.210938,25.609375,20.25,18.390625,18.5,18.789062,18.96875,19.09375,19.195312,19.25
8002,2021-08-07 20:00:00,3522,28.359375,26.40625,25.78125,25.8125,26.539062,26.984375,27.289062,27.15625,26.414062,20.507812,18.460938,18.507812,18.789062,18.976562,19.09375,19.1875,19.25
8003,2021-08-07 20:15:00,3534,28.578125,26.46875,25.726562,25.78125,26.609375,26.8125,27.164062,27.078125,26.445312,20.679688,18.515625,18.515625,18.789062,18.984375,19.101562,19.195312,19.25
8004,2021-08-07 20:30:00,3540,28.851562,27.007812,26.320312,26.367188,27.195312,27.632812,27.992188,27.820312,26.859375,20.804688,18.585938,18.53125,18.78125,18.976562,19.101562,19.195312,19.25
8005,2021-08-07 20:45:00,3528,29.28125,27.625,26.78125,27.046875,27.820312,28.398438,28.898438,28.460938,27.554688,21.039062,18.65625,18.546875,18.78125,18.96875,19.101562,19.195312,19.25
8006,2021-08-07 21:00:00,3534,29.65625,27.898438,26.867188,27.53125,27.9375,28.5625,29.023438,28.570312,27.875,21.234375,18.726562,18.5625,18.789062,18.976562,19.101562,19.203125,19.25
8007,2021-08-07 21:15:00,3528,29.804688,28.046875,27.421875,28.1875,28.835938,29.585938,29.882812,29.421875,28.609375,21.484375,18.796875,18.585938,18.78125,18.96875,19.109375,19.203125,19.25
8008,2021-08-07 21:30:00,3528,28.789062,26.210938,25.648438,26.132812,27.03125,27.898438,28.289062,28.125,27.5625,21.476562,18.867188,18.601562,18.78125,18.976562,19.101562,19.203125,19.25
8009,2021-08-07 21:45:00,3528,27.8125,25.15625,24.875,25.390625,26.0625,26.695312,26.984375,26.992188,26.59375,21.421875,18.945312,18.625,18.789062,18.96875,19.101562,19.203125,19.257812
8010,2021-08-07 22:00:00,3534,26.8125,24.195312,24.132812,24.390625,24.984375,26.070312,26.367188,26.414062,25.945312,21.421875,19.015625,18.648438,18.789062,18.96875,19.101562,19.203125,19.257812
8011,2021-08-07 22:15:00,3528,25.84375,23.492188,23.601562,23.867188,24.992188,26.460938,26.71875,26.6875,25.875,21.351562,19.085938,18.671875,18.796875,18.96875,19.109375,19.210938,19.257812
8012,2021-08-07 22:30:00,3528,25.140625,23.09375,23.210938,23.421875,24.34375,25.5625,25.914062,25.992188,25.476562,21.328125,19.148438,18.695312,18.804688,18.960938,19.101562,19.203125,19.257812
8013,2021-08-07 22:45:00,3528,24.46875,22.960938,22.90625,23.117188,23.890625,24.921875,25.390625,25.359375,24.820312,21.25,19.210938,18.734375,18.804688,18.96875,19.101562,19.210938,19.257812
8014,2021-08-07 23:00:00,3540,24.210938,23.515625,23.289062,23.726562,24.546875,25.34375,25.726562,25.742188,25.203125,21.320312,19.273438,18.757812,18.804688,18.96875,19.101562,19.203125,19.257812
8015,2021-08-07 23:15:00,3540,23.1875,21.578125,21.273438,21.609375,22.015625,22.835938,23.15625,23.390625,23.578125,21.125,19.320312,18.789062,18.820312,18.96875,19.101562,19.210938,19.265625
8016,2021-08-07 23:30:00,3540,21.226562,19.617188,19.4375,19.585938,19.8125,20.40625,20.757812,21.140625,21.53125,20.75,19.367188,18.8125,18.820312,18.96875,19.101562,19.210938,19.265625
8017,2021-08-07 23:45:00,3534,20.015625,18.898438,18.804688,18.914062,19.039062,19.445312,19.734375,20.078125,20.445312,20.4375,19.40625,18.84375,18.828125,18.96875,19.101562,19.210938,19.257812
8018,2021-08-08 00:00:00,3534,19.492188,18.726562,18.617188,18.710938,18.789062,19.101562,19.335938,19.648438,19.96875,20.21875,19.4375,18.875,18.84375,18.96875,19.101562,19.210938,19.265625
8019,2021-08-08 00:15:00,3528,19.195312,18.429688,18.273438,18.3125,18.320312,18.5625,18.789062,19.085938,19.390625,19.992188,19.453125,18.90625,18.851562,18.976562,19.109375,19.21875,19.265625
8020,2021-08-08 00:30:00,3534,18.671875,18.046875,18.007812,18.070312,18.078125,18.289062,18.476562,18.757812,19.101562,19.867188,19.460938,18.929688,18.867188,18.976562,19.109375,19.21875,19.273438
8021,2021-08-08 00:45:00,3528,18.242188,17.734375,17.695312,17.757812,17.71875,17.898438,18.070312,18.359375,18.71875,19.71875,19.46875,18.960938,18.875,18.96875,19.109375,19.21875,19.273438
8022,2021-08-08 01:00:00,3540,17.914062,17.335938,17.25,17.3125,17.265625,17.453125,17.617188,17.921875,18.335938,19.578125,19.453125,18.984375,18.890625,18.984375,19.109375,19.21875,19.273438
8023,2021-08-08 01:15:00,3528,17.6875,17.023438,16.765625,16.804688,16.734375,16.96875,17.164062,17.484375,17.976562,19.445312,19.445312,19.007812,18.898438,18.984375,19.109375,19.21875,19.28125
8024,2021-08-08 01:30:00,3528,17.382812,16.617188,16.328125,16.382812,16.328125,16.570312,16.8125,17.117188,17.546875,19.289062,19.4375,19.03125,18.914062,18.992188,19.117188,19.226562,19.28125
8025,2021-08-08 01:45:00,3528,17.046875,16.414062,16.265625,16.28125,16.203125,16.359375,16.539062,16.820312,17.203125,19.117188,19.40625,19.046875,18.921875,18.992188,19.117188,19.226562,19.28125
8026,2021-08-08 02:00:00,3528,16.773438,16.125,15.8125,15.828125,15.7578125,15.9609375,16.117188,16.390625,16.84375,19.007812,19.390625,19.0625,18.945312,19.0,19.117188,19.234375,19.289062
8027,2021-08-08 02:15:00,3528,16.445312,15.90625,15.6484375,15.7109375,15.6796875,15.8515625,16.007812,16.257812,16.609375,18.859375,19.359375,19.078125,18.953125,19.007812,19.125,19.234375,19.289062
8028,2021-08-08 02:30:00,3540,16.195312,15.7109375,15.5,15.5390625,15.4453125,15.625,15.7890625,16.085938,16.492188,18.773438,19.335938,19.09375,18.96875,19.007812,19.125,19.234375,19.296875
8029,2021-08-08 02:45:00,3528,15.8984375,15.4140625,15.1953125,15.25,15.1953125,15.390625,15.53125,15.78125,16.179688,18.65625,19.304688,19.109375,18.984375,19.023438,19.125,19.234375,19.304688
8030,2021-08-08 03:00:00,3528,15.609375,15.2421875,15.015625,15.0625,15.0078125,15.203125,15.421875,15.7578125,16.109375,18.554688,19.28125,19.117188,19.0,19.023438,19.132812,19.25,19.304688
8031,2021-08-08 03:15:00,3540,15.328125,14.921875,14.65625,14.7109375,14.65625,14.875,15.0078125,15.25,15.7578125,18.46875,19.242188,19.125,19.007812,19.03125,19.132812,19.25,19.3125
8032,2021-08-08 03:30:00,3528,14.9921875,14.75,14.640625,14.7265625,14.6953125,14.8125,14.921875,15.1484375,15.5390625,18.328125,19.210938,19.132812,19.015625,19.039062,19.148438,19.25,19.320312
8033,2021-08-08 03:45:00,3522,14.7734375,14.6015625,14.5390625,14.6015625,14.5546875,14.6640625,14.7578125,14.984375,15.390625,18.25,19.179688,19.132812,19.03125,19.046875,19.148438,19.25,19.320312
8034,2021-08-08 04:00:00,3522,14.625,14.546875,14.5078125,14.59375,14.5390625,14.6328125,14.7421875,14.984375,15.3671875,18.164062,19.148438,19.140625,19.046875,19.054688,19.15625,19.257812,19.328125
8035,2021-08-08 04:15:00,3522,14.5078125,14.5,14.3828125,14.421875,14.390625,14.578125,14.7421875,15.0625,15.5546875,18.132812,19.109375,19.140625,19.054688,19.0625,19.15625,19.265625,19.328125
8036,2021-08-08 04:30:00,3534,14.328125,14.2890625,14.203125,14.28125,14.2578125,14.4375,14.6015625,14.90625,15.296875,18.046875,19.078125,19.140625,19.0625,19.070312,19.164062,19.265625,19.335938
8037,2021-08-08 04:45:00,3522,14.1953125,14.265625,14.2421875,14.3671875,14.3671875,14.4609375,14.6171875,14.8671875,15.2109375,17.984375,19.039062,19.140625,19.078125,19.085938,19.164062,19.273438,19.34375
8038,2021-08-08 05:00:00,3528,14.2265625,14.46875,14.578125,14.6171875,14.5546875,14.6640625,14.8203125,15.1171875,15.484375,17.953125,19.015625,19.140625,19.09375,19.085938,19.171875,19.28125,19.351562
8039,2021-08-08 05:15:00,3528,14.1484375,14.3203125,14.3046875,14.4140625,14.375,14.5390625,14.6328125,14.8984375,15.28125,17.929688,18.984375,19.140625,19.101562,19.101562,19.179688,19.28125,19.359375
8040,2021-08-08 05:30:00,3522,14.0625,14.203125,14.2109375,14.3515625,14.375,14.59375,14.7578125,14.9296875,15.234375,17.875,18.945312,19.132812,19.109375,19.109375,19.179688,19.289062,19.367188
8041,2021-08-08 05:45:00,3522,13.8125,13.7421875,13.5390625,13.59375,13.5390625,13.75,13.84375,14.09375,14.65625,17.734375,18.921875,19.132812,19.125,19.117188,19.195312,19.296875,19.367188
8042,2021-08-08 06:00:00,3522,13.4609375,13.3984375,13.125,13.1484375,13.203125,13.484375,13.65625,13.8203125,14.171875,17.554688,18.882812,19.125,19.132812,19.125,19.195312,19.296875,19.382812
8043,2021-08-08 06:15:00,3528,13.25,13.046875,12.75,12.796875,12.7421875,12.96875,13.0546875,13.3125,13.9375,17.453125,18.851562,19.117188,19.132812,19.132812,19.203125,19.304688,19.382812
8044,2021-08-08 06:30:00,3522,12.9375,12.5,12.1875,12.1875,12.046875,12.2109375,12.2734375,12.5234375,13.2734375,17.289062,18.8125,19.117188,19.148438,19.148438,19.210938,19.3125,19.390625
8045,2021-08-08 06:45:00,3522,12.71875,12.609375,12.265625,12.21875,12.0703125,12.1796875,12.2109375,12.4296875,13.125,17.117188,18.78125,19.117188,19.140625,19.148438,19.21875,19.320312,19.398438
8046,2021-08-08 07:00:00,3522,12.4921875,12.3203125,11.96875,11.96875,11.9296875,12.1640625,12.34375,12.640625,13.1171875,17.03125,18.734375,19.101562,19.148438,19.164062,19.226562,19.320312,19.40625
8047,2021-08-08 07:15:00,3528,12.3125,12.2109375,11.828125,11.90625,11.9609375,12.2578125,12.484375,12.7578125,13.3359375,17.023438,18.6875,19.09375,19.164062,19.164062,19.226562,19.328125,19.414062
8048,2021-08-08 07:30:00,3528,12.15625,12.1875,12.03125,12.140625,12.1328125,12.359375,12.5390625,12.7734375,13.2890625,16.976562,18.648438,19.085938,19.164062,19.171875,19.242188,19.335938,19.421875
8049,2021-08-08 07:45:00,3528,12.0546875,12.203125,12.0625,12.140625,12.1796875,12.4453125,12.6171875,12.90625,13.375,16.9375,18.601562,19.070312,19.164062,19.1875,19.242188,19.34375,19.429688
8050,2021-08-08 08:00:00,3522,11.9921875,12.109375,11.8828125,11.9375,11.953125,12.2109375,12.359375,12.6640625,13.2578125,16.804688,18.554688,19.0625,19.171875,19.1875,19.25,19.351562,19.4375
8051,2021-08-08 08:15:00,3516,11.8828125,11.8671875,11.625,11.6796875,11.640625,11.84375,11.953125,12.2578125,12.9609375,16.734375,18.523438,19.054688,19.179688,19.195312,19.257812,19.351562,19.4375
8052,2021-08-08 08:30:00,3522,11.7109375,11.75,11.4375,11.5078125,11.59375,11.921875,12.03125,12.21875,12.8359375,16.695312,18.476562,19.039062,19.179688,19.210938,19.265625,19.359375,19.453125
8053,2021-08-08 08:45:00,3528,11.5546875,11.6875,11.546875,11.640625,11.671875,11.953125,12.2109375,12.59375,13.0859375,16.664062,18.429688,19.023438,19.179688,19.210938,19.273438,19.367188,19.460938
8054,2021-08-08 09:00:00,3522,12.1875,13.09375,13.2265625,13.390625,13.4296875,13.4921875,13.578125,13.6953125,13.8828125,16.6875,18.390625,19.007812,19.179688,19.21875,19.28125,19.375,19.460938
8055,2021-08-08 09:15:00,3516,12.8671875,13.71875,13.859375,14.03125,14.0234375,14.1640625,14.25,14.390625,14.6171875,16.796875,18.351562,19.0,19.1875,19.226562,19.289062,19.375,19.46875
8056,2021-08-08 09:30:00,3522,13.1328125,13.7734375,13.8828125,14.078125,14.109375,14.2890625,14.40625,14.609375,14.890625,16.914062,18.320312,18.984375,19.179688,19.234375,19.289062,19.382812,19.476562
8057,2021-08-08 09:45:00,3522,13.0390625,13.46875,13.515625,13.6875,13.734375,14.0078125,14.1875,14.484375,14.828125,16.96875,18.28125,18.960938,19.179688,19.234375,19.296875,19.398438,19.484375
8058,2021-08-08 10:00:00,3522,13.078125,13.5859375,13.6640625,13.8203125,13.828125,14.0234375,14.1640625,14.4453125,14.7421875,16.960938,18.265625,18.953125,19.179688,19.242188,19.304688,19.398438,19.484375
8059,2021-08-08 10:15:00,3516,13.0390625,13.4140625,13.4296875,13.53125,13.5546875,13.7734375,13.953125,14.234375,14.5703125,16.945312,18.242188,18.929688,19.179688,19.25,19.3125,19.398438,19.484375
8060,2021-08-08 10:30:00,3522,12.8671875,13.2578125,13.21875,13.359375,13.328125,13.5390625,13.578125,13.7890625,14.2578125,16.90625,18.21875,18.921875,19.179688,19.25,19.320312,19.40625,19.492188
8061,2021-08-08 10:45:00,3510,12.5,12.640625,12.5234375,12.578125,12.546875,12.7734375,12.90625,13.203125,13.765625,16.804688,18.203125,18.898438,19.171875,19.265625,19.320312,19.421875,19.5
8062,2021-08-08 11:00:00,3522,12.328125,12.6015625,12.625,12.75,12.75,12.90625,13.0546875,13.328125,13.7421875,16.75,18.179688,18.890625,19.171875,19.257812,19.335938,19.421875,19.507812
8063,2021-08-08 11:15:00,3522,11.984375,12.203125,12.171875,12.28125,12.265625,12.484375,12.6640625,12.984375,13.6015625,16.710938,18.164062,18.875,19.171875,19.265625,19.335938,19.429688,19.507812
8064,2021-08-08 11:30:00,3516,11.8046875,11.9453125,11.828125,11.9140625,11.953125,12.171875,12.34375,12.53125,13.09375,16.59375,18.140625,18.859375,19.164062,19.273438,19.34375,19.4375,19.515625
8065,2021-08-08 11:45:00,3522,11.6953125,11.875,11.6171875,11.6484375,11.703125,12.03125,12.25,12.5390625,13.171875,16.539062,18.117188,18.84375,19.164062,19.273438,19.351562,19.445312,19.515625
8066,2021-08-08 12:00:00,3516,11.5234375,11.703125,11.5234375,11.5703125,11.5703125,11.8671875,12.1875,12.6015625,13.21875,16.46875,18.101562,18.828125,19.148438,19.273438,19.351562,19.445312,19.53125
8067,2021-08-08 12:15:00,3516,11.5,11.828125,11.5703125,11.6640625,11.703125,11.9609375,12.1796875,12.453125,13.0234375,16.429688,18.070312,18.820312,19.148438,19.273438,19.359375,19.453125,19.523438
8068,2021-08-08 12:30:00,3510,11.8515625,12.3671875,12.2890625,12.359375,12.40625,12.53125,12.8515625,13.2421875,13.609375,16.445312,18.039062,18.804688,19.148438,19.28125,19.359375,19.460938,19.53125
8069,2021-08-08 12:45:00,3516,12.2109375,12.734375,12.6640625,12.75,12.765625,13.03125,13.375,13.796875,14.203125,16.539062,18.007812,18.78125,19.140625,19.28125,19.367188,19.460938,19.546875
8070,2021-08-08 13:00:00,3510,12.5,12.8359375,12.828125,12.953125,13.0390625,13.3046875,13.59375,14.0078125,14.4375,16.609375,17.984375,18.773438,19.132812,19.28125,19.367188,19.46875,19.539062
8071,2021-08-08 13:15:00,3522,12.625,12.796875,12.8125,12.953125,13.0234375,13.3046875,13.53125,13.8828125,14.3125,16.625,17.960938,18.75,19.125,19.28125,19.375,19.46875,19.546875
8072,2021-08-08 13:30:00,3510,12.6640625,12.7109375,12.71875,12.859375,12.9296875,13.171875,13.3671875,13.671875,14.1171875,16.609375,17.945312,18.734375,19.125,19.289062,19.375,19.476562,19.539062
8073,2021-08-08 13:45:00,3516,12.6875,12.75,12.75,12.8984375,12.96875,13.21875,13.421875,13.7265625,14.15625,16.59375,17.921875,18.71875,19.117188,19.289062,19.382812,19.476562,19.546875
8074,2021-08-08 14:00:00,3510,12.7578125,12.84375,12.8515625,12.9765625,13.0625,13.3203125,13.53125,13.8203125,14.21875,16.609375,17.90625,18.703125,19.109375,19.289062,19.382812,19.484375,19.554688
8075,2021-08-08 14:15:00,3510,12.953125,13.0234375,13.0234375,13.1484375,13.234375,13.5234375,13.71875,14.0078125,14.359375,16.648438,17.898438,18.6875,19.101562,19.289062,19.390625,19.484375,19.554688
8076,2021-08-08 14:30:00,3516,13.28125,13.390625,13.2734375,13.453125,13.546875,13.78125,13.9921875,14.328125,14.7734375,16.734375,17.882812,18.671875,19.09375,19.289062,19.390625,19.492188,19.554688
8077,2021-08-08 14:45:00,3510,13.59375,13.65625,13.6171875,13.765625,13.8515625,14.1328125,14.3203125,14.6171875,15.0078125,16.796875,17.867188,18.65625,19.085938,19.28125,19.398438,19.492188,19.554688
8078,2021-08-08 15:00:00,3504,13.8125,13.7734375,13.703125,13.84375,13.9765625,14.3125,14.4765625,14.7109375,14.984375,16.8125,17.859375,18.640625,19.078125,19.28125,19.398438,19.492188,19.5625
8079,2021-08-08 15:15:00,3510,14.1328125,14.1171875,14.03125,14.15625,14.2734375,14.546875,14.7109375,14.875,15.046875,16.835938,17.859375,18.632812,19.078125,19.28125,19.40625,19.5,19.554688
8080,2021-08-08 15:30:00,3516,14.5234375,14.4453125,14.3359375,14.3828125,14.4921875,14.7578125,14.8984375,15.1015625,15.296875,16.90625,17.851562,18.617188,19.0625,19.28125,19.40625,19.5,19.5625
8081,2021-08-08 15:45:00,3510,15.234375,15.0546875,14.90625,14.890625,14.9921875,15.203125,15.3046875,15.484375,15.6328125,16.976562,17.84375,18.609375,19.054688,19.273438,19.398438,19.507812,19.5625
8082,2021-08-08 16:00:00,3510,16.507812,16.335938,16.171875,16.046875,16.148438,16.21875,16.257812,16.351562,16.351562,17.117188,17.851562,18.59375,19.046875,19.273438,19.398438,19.507812,19.5625
8083,2021-08-08 16:15:00,3522,18.195312,17.359375,17.15625,16.976562,16.898438,16.859375,16.820312,16.890625,16.90625,17.257812,17.84375,18.578125,19.039062,19.273438,19.40625,19.507812,19.5625
8084,2021-08-08 16:30:00,3510,18.414062,17.25,17.078125,16.914062,16.851562,16.828125,16.820312,16.898438,16.945312,17.328125,17.851562,18.570312,19.03125,19.265625,19.40625,19.507812,19.5625
8085,2021-08-08 16:45:00,3504,19.382812,18.648438,18.445312,18.273438,18.203125,17.921875,17.789062,17.75,17.601562,17.453125,17.851562,18.554688,19.023438,19.265625,19.40625,19.507812,19.5625
8086,2021-08-08 17:00:00,3510,21.773438,21.304688,21.09375,20.796875,20.804688,20.039062,19.632812,19.304688,18.820312,17.664062,17.867188,18.546875,19.015625,19.265625,19.40625,19.507812,19.5625
8087,2021-08-08 17:15:00,3510,24.125,22.757812,22.492188,22.289062,22.429688,21.75,21.359375,21.015625,20.3125,17.960938,17.875,18.539062,19.007812,19.257812,19.40625,19.507812,19.554688
8088,2021-08-08 17:30:00,3510,25.734375,23.757812,23.367188,23.023438,22.78125,22.523438,22.34375,22.085938,21.328125,18.21875,17.898438,18.53125,19.0,19.257812,19.40625,19.507812,19.554688
8089,2021-08-08 17:45:00,3510,26.9375,24.640625,24.203125,23.945312,23.632812,23.40625,23.203125,23.046875,22.40625,18.5,17.929688,18.523438,18.992188,19.257812,19.40625,19.515625,19.554688
8090,2021-08-08 18:00:00,3516,27.023438,24.203125,24.054688,23.601562,23.296875,23.226562,23.179688,23.148438,22.773438,18.71875,17.960938,18.523438,18.984375,19.25,19.40625,19.515625,19.554688
8091,2021-08-08 18:15:00,3516,26.773438,23.875,23.46875,23.015625,22.796875,22.742188,22.773438,22.859375,22.640625,18.875,18.0,18.523438,18.96875,19.25,19.398438,19.515625,19.554688
8092,2021-08-08 18:30:00,3516,27.640625,25.398438,25.09375,24.367188,24.148438,24.328125,24.414062,24.429688,23.882812,19.132812,18.039062,18.515625,18.96875,19.242188,19.398438,19.515625,19.554688
8093,2021-08-08 18:45:00,3522,28.15625,25.546875,25.414062,24.421875,24.226562,24.609375,24.6875,24.789062,24.351562,19.390625,18.078125,18.507812,18.960938,19.242188,19.398438,19.507812,19.546875
8094,2021-08-08 19:00:00,3522,27.679688,24.460938,24.210938,22.984375,22.828125,23.546875,23.828125,24.15625,23.851562,19.507812,18.140625,18.515625,18.953125,19.234375,19.398438,19.507812,19.546875
8095,2021-08-08 19:15:00,3516,27.664062,24.367188,24.171875,22.976562,22.890625,23.578125,23.921875,24.25,24.015625,19.679688,18.203125,18.515625,18.945312,19.234375,19.398438,19.507812,19.546875
8096,2021-08-08 19:30:00,3522,27.234375,24.515625,24.109375,22.984375,22.773438,23.257812,23.601562,23.867188,23.617188,19.71875,18.257812,18.523438,18.9375,19.226562,19.398438,19.507812,19.546875
8097,2021-08-08 19:45:00,3522,27.117188,24.515625,23.679688,23.0625,22.710938,23.25,23.671875,23.992188,23.820312,19.882812,18.3125,18.53125,18.9375,19.226562,19.398438,19.507812,19.539062
8098,2021-08-08 20:00:00,3522,27.289062,24.804688,24.070312,23.046875,23.03125,23.796875,24.351562,24.71875,24.257812,20.039062,18.375,18.539062,18.929688,19.21875,19.398438,19.507812,19.53125
8099,2021-08-08 20:15:00,3522,26.382812,23.320312,22.554688,21.796875,21.828125,22.851562,23.445312,23.796875,23.640625,20.15625,18.429688,18.554688,18.929688,19.210938,19.398438,19.507812,19.539062
8100,2021-08-08 19:00:00,3522,27.679688,24.460938,24.210938,22.984375,22.828125,23.546875,23.828125,24.15625,23.851562,19.507812,18.140625,18.515625,18.953125,19.234375,19.398438,19.507812,19.546875
8101,2021-08-08 19:15:00,3516,27.664062,24.367188,24.171875,22.976562,22.890625,23.578125,23.921875,24.25,24.015625,19.679688,18.203125,18.515625,18.945312,19.234375,19.398438,19.507812,19.546875
8102,2021-08-08 19:30:00,3522,27.234375,24.515625,24.109375,22.984375,22.773438,23.257812,23.601562,23.867188,23.617188,19.71875,18.257812,18.523438,18.9375,19.226562,19.398438,19.507812,19.546875
8103,2021-08-08 19:45:00,3522,27.117188,24.515625,23.679688,23.0625,22.710938,23.25,23.671875,23.992188,23.820312,19.882812,18.3125,18.53125,18.9375,19.226562,19.398438,19.507812,19.539062
8104,2021-08-08 20:00:00,3522,27.289062,24.804688,24.070312,23.046875,23.03125,23.796875,24.351562,24.71875,24.257812,20.039062,18.375,18.539062,18.929688,19.21875,19.398438,19.507812,19.53125
8105,2021-08-08 20:15:00,3522,26.382812,23.320312,22.554688,21.796875,21.828125,22.851562,23.445312,23.796875,23.640625,20.15625,18.429688,18.554688,18.929688,19.210938,19.398438,19.507812,19.539062
8106,2021-08-08 20:30:00,3528,25.46875,23.210938,22.476562,21.4375,21.640625,22.453125,23.117188,23.4375,22.9375,20.023438,18.484375,18.5625,18.921875,19.210938,19.390625,19.507812,19.53125
8107,2021-08-08 20:45:00,3522,25.25,23.570312,22.773438,21.929688,22.234375,23.070312,23.992188,24.164062,23.6875,20.15625,18.546875,18.578125,18.921875,19.203125,19.390625,19.507812,19.523438
8108,2021-08-08 21:00:00,3528,25.289062,23.671875,22.6875,21.875,22.289062,23.507812,24.5625,24.5,23.992188,20.34375,18.601562,18.59375,18.914062,19.195312,19.390625,19.5,19.53125
8109,2021-08-08 21:15:00,3534,25.53125,23.992188,23.125,22.914062,23.359375,24.320312,25.5625,25.15625,24.640625,20.476562,18.664062,18.609375,18.921875,19.195312,19.382812,19.5,19.515625
8110,2021-08-08 21:30:00,3528,25.875,24.007812,23.125,23.140625,23.632812,25.171875,26.234375,25.835938,25.28125,20.640625,18.71875,18.625,18.914062,19.195312,19.375,19.5,19.523438
8111,2021-08-08 21:45:00,3528,25.4375,23.335938,22.367188,22.71875,23.015625,24.554688,25.1875,25.039062,24.71875,20.671875,18.78125,18.648438,18.914062,19.1875,19.382812,19.5,19.515625
8112,2021-08-08 22:00:00,3528,24.851562,22.921875,22.3125,22.640625,23.078125,24.164062,24.851562,24.851562,24.242188,20.65625,18.835938,18.664062,18.914062,19.1875,19.375,19.5,19.515625
8113,2021-08-08 22:15:00,3528,25.03125,23.171875,22.84375,23.359375,23.765625,25.046875,25.648438,25.9375,25.226562,20.851562,18.898438,18.6875,18.914062,19.179688,19.375,19.492188,19.507812
8114,2021-08-08 22:30:00,3528,24.59375,22.71875,22.414062,22.828125,23.414062,24.796875,25.148438,25.367188,24.664062,20.851562,18.953125,18.703125,18.921875,19.179688,19.367188,19.492188,19.507812
8115,2021-08-08 22:45:00,3534,24.0625,22.0625,21.828125,22.109375,22.96875,24.226562,24.539062,24.632812,24.054688,20.773438,19.015625,18.734375,18.921875,19.171875,19.367188,19.484375,19.507812
8116,2021-08-08 23:00:00,3528,22.601562,20.601562,20.554688,20.679688,21.53125,22.53125,23.023438,23.28125,22.84375,20.617188,19.0625,18.757812,18.921875,19.171875,19.367188,19.492188,19.5
8117,2021-08-08 23:15:00,3522,21.046875,18.773438,18.515625,18.648438,18.898438,19.78125,20.171875,20.585938,20.914062,20.351562,19.109375,18.78125,18.929688,19.171875,19.367188,19.484375,19.5
8118,2021-08-08 23:30:00,3522,19.421875,17.882812,17.671875,17.773438,17.96875,18.453125,18.859375,19.28125,19.640625,19.984375,19.15625,18.8125,18.9375,19.164062,19.359375,19.484375,19.5
8119,2021-08-08 23:45:00,3528,18.773438,17.796875,17.671875,17.78125,17.945312,18.34375,18.6875,19.078125,19.429688,19.828125,19.1875,18.835938,18.945312,19.164062,19.359375,19.484375,19.492188
8120,2021-08-09 00:00:00,3534,18.289062,17.453125,17.328125,17.421875,17.492188,17.851562,18.070312,18.398438,18.71875,19.625,19.210938,18.859375,18.945312,19.164062,19.351562,19.476562,19.492188
8121,2021-08-09 00:15:00,3528,17.898438,17.046875,16.890625,17.023438,17.078125,17.421875,17.640625,17.984375,18.382812,19.476562,19.226562,18.882812,18.953125,19.164062,19.351562,19.476562,19.5
8122,2021-08-09 00:30:00,3522,17.375,16.5625,16.351562,16.484375,16.5625,16.898438,17.164062,17.53125,17.914062,19.3125,19.226562,18.90625,18.960938,19.15625,19.34375,19.476562,19.492188
8123,2021-08-09 00:45:00,3528,17.007812,16.335938,16.21875,16.328125,16.359375,16.609375,16.859375,17.234375,17.632812,19.179688,19.226562,18.929688,18.96875,19.164062,19.351562,19.46875,19.492188
8124,2021-08-09 01:00:00,3528,16.960938,16.484375,16.335938,16.4375,16.4375,16.625,16.820312,17.125,17.46875,19.0625,19.226562,18.953125,18.984375,19.164062,19.34375,19.46875,19.484375
8125,2021-08-09 01:15:00,3528,16.773438,16.234375,16.171875,16.289062,16.265625,16.4375,16.609375,16.921875,17.351562,19.0,19.210938,18.96875,18.992188,19.164062,19.335938,19.46875,19.492188
8126,2021-08-09 01:30:00,3528,16.648438,16.179688,16.03125,16.148438,16.109375,16.257812,16.421875,16.726562,17.148438,18.890625,19.195312,18.984375,19.0,19.164062,19.335938,19.46875,19.492188
8127,2021-08-09 01:45:00,3528,16.546875,15.9765625,15.84375,15.953125,15.9140625,16.09375,16.273438,16.617188,17.0625,18.835938,19.179688,19.0,19.015625,19.171875,19.335938,19.46875,19.484375
8128,2021-08-09 02:00:00,3528,16.367188,15.7890625,15.65625,15.7890625,15.71875,15.890625,16.03125,16.359375,16.890625,18.765625,19.164062,19.015625,19.023438,19.171875,19.34375,19.460938,19.484375
8129,2021-08-09 02:15:00,3528,16.171875,15.5078125,15.2734375,15.40625,15.3359375,15.546875,15.7109375,16.09375,16.625,18.671875,19.140625,19.03125,19.03125,19.171875,19.34375,19.460938,19.484375
8130,2021-08-09 02:30:00,3528,15.90625,15.1640625,14.9375,15.0859375,15.03125,15.2421875,15.390625,15.7421875,16.289062,18.554688,19.125,19.046875,19.046875,19.171875,19.335938,19.453125,19.484375
8131,2021-08-09 02:45:00,3522,15.4296875,14.6796875,14.484375,14.6484375,14.59375,14.796875,14.9375,15.3203125,15.9609375,18.445312,19.101562,19.054688,19.054688,19.179688,19.34375,19.460938,19.492188
8132,2021-08-09 03:00:00,3528,14.9609375,14.3046875,13.9921875,14.203125,14.203125,14.46875,14.6015625,14.9765625,15.6328125,18.328125,19.070312,19.0625,19.0625,19.179688,19.34375,19.460938,19.492188
8133,2021-08-09 03:15:00,3522,14.671875,13.9140625,13.4921875,13.6484375,13.65625,13.9453125,14.1328125,14.5546875,15.203125,18.148438,19.054688,19.070312,19.078125,19.179688,19.335938,19.460938,19.492188
8134,2021-08-09 03:30:00,3528,14.3515625,13.5078125,13.078125,13.21875,13.15625,13.4140625,13.484375,13.8046875,14.578125,18.015625,19.03125,19.070312,19.085938,19.1875,19.335938,19.460938,19.5
8135,2021-08-09 03:45:00,3522,14.015625,13.1953125,12.6875,12.796875,12.71875,12.921875,13.015625,13.3671875,14.0859375,17.796875,19.0,19.070312,19.09375,19.195312,19.335938,19.460938,19.492188
8136,2021-08-09 04:00:00,3522,13.703125,13.1640625,12.890625,13.0234375,13.0078125,13.25,13.453125,13.8671875,14.5,17.765625,18.96875,19.078125,19.101562,19.195312,19.34375,19.460938,19.5
8137,2021-08-09 04:15:00,3522,13.6875,13.1953125,12.8046875,12.953125,13.0,13.3671875,13.6640625,14.1328125,14.703125,17.710938,18.921875,19.085938,19.109375,19.203125,19.34375,19.460938,19.5
8138,2021-08-09 04:30:00,3522,13.703125,13.125,12.9375,13.1328125,13.2265625,13.546875,13.7890625,14.171875,14.71875,17.695312,18.890625,19.085938,19.117188,19.210938,19.34375,19.460938,19.5
8139,2021-08-09 04:45:00,3522,13.75,13.3203125,13.203125,13.3359375,13.4453125,13.796875,14.109375,14.5546875,15.078125,17.710938,18.851562,19.078125,19.125,19.21875,19.351562,19.460938,19.507812
8140,2021-08-09 05:00:00,3528,13.640625,13.265625,13.203125,13.3046875,13.390625,13.7265625,14.015625,14.4296875,14.9609375,17.679688,18.820312,19.078125,19.132812,19.21875,19.34375,19.46875,19.5
8141,2021-08-09 05:15:00,3522,13.4921875,13.171875,13.1328125,13.2265625,13.296875,13.640625,13.9140625,14.3125,14.8515625,17.625,18.789062,19.078125,19.148438,19.226562,19.351562,19.460938,19.5
8142,2021-08-09 05:30:00,3522,13.4375,13.1015625,13.03125,13.1171875,13.1796875,13.5234375,13.8046875,14.2265625,14.7734375,17.585938,18.757812,19.070312,19.148438,19.234375,19.351562,19.46875,19.507812
8143,2021-08-09 05:45:00,3522,13.3359375,13.0,12.8671875,12.953125,12.9765625,13.28125,13.5,13.8984375,14.453125,17.515625,18.726562,19.0625,19.15625,19.234375,19.351562,19.46875,19.507812
8144,2021-08-09 06:00:00,3522,13.0625,12.53125,12.3203125,12.453125,12.4375,12.7421875,12.953125,13.375,13.9765625,17.414062,18.695312,19.0625,19.164062,19.242188,19.359375,19.46875,19.515625
8145,2021-08-09 06:15:00,3522,12.7734375,12.328125,11.921875,11.9609375,11.921875,12.1796875,12.3359375,12.7109375,13.3046875,17.21875,18.671875,19.054688,19.164062,19.25,19.367188,19.46875,19.515625
8146,2021-08-09 06:30:00,3528,12.609375,12.1640625,11.6875,11.75,11.6796875,11.90625,11.9921875,12.359375,13.0703125,17.09375,18.640625,19.054688,19.171875,19.25,19.367188,19.476562,19.515625
8147,2021-08-09 06:45:00,3510,12.4140625,11.9765625,11.5234375,11.6171875,11.609375,11.84375,11.9609375,12.265625,12.90625,17.007812,18.617188,19.039062,19.171875,19.257812,19.367188,19.476562,19.523438
8148,2021-08-09 07:00:00,3522,12.21875,11.8203125,11.5234375,11.640625,11.640625,11.8203125,11.9453125,12.2421875,12.859375,16.960938,18.585938,19.039062,19.179688,19.265625,19.367188,19.484375,19.515625
8149,2021-08-09 07:15:00,3522,12.1640625,12.1171875,11.71875,11.6953125,11.6796875,11.8984375,12.109375,12.5390625,13.078125,16.914062,18.546875,19.03125,19.1875,19.273438,19.375,19.484375,19.523438
8150,2021-08-09 07:30:00,3522,11.9765625,11.765625,11.5703125,11.703125,11.6796875,11.8671875,12.0,12.3125,12.890625,16.851562,18.507812,19.015625,19.1875,19.273438,19.375,19.484375,19.523438
8151,2021-08-09 07:45:00,3516,11.9609375,11.890625,11.625,11.7890625,11.78125,11.96875,12.046875,12.328125,12.9375,16.804688,18.476562,19.007812,19.1875,19.28125,19.382812,19.484375,19.53125
8152,2021-08-09 08:00:00,3510,11.921875,11.90625,11.5859375,11.625,11.59375,11.796875,11.9140625,12.1796875,12.734375,16.742188,18.4375,19.0,19.1875,19.28125,19.390625,19.492188,19.53125
8153,2021-08-09 08:15:00,3516,11.8046875,11.84375,11.59375,11.6328125,11.6328125,11.8046875,11.9609375,12.3203125,12.7890625,16.671875,18.40625,18.984375,19.1875,19.289062,19.390625,19.492188,19.53125
8154,2021-08-09 08:30:00,3516,11.671875,11.59375,11.4609375,11.6015625,11.578125,11.7578125,11.8984375,12.2421875,12.8359375,16.648438,18.367188,18.976562,19.1875,19.296875,19.398438,19.5,19.539062
8155,2021-08-09 08:45:00,3516,11.65625,11.6328125,11.4921875,11.65625,11.65625,11.890625,12.046875,12.3515625,12.8984375,16.648438,18.328125,18.960938,19.1875,19.296875,19.398438,19.5,19.539062
8156,2021-08-09 09:00:00,3516,11.671875,11.65625,11.4921875,11.65625,11.6640625,11.8984375,12.0625,12.359375,12.984375,16.640625,18.289062,18.945312,19.195312,19.304688,19.398438,19.5,19.546875
8157,2021-08-09 09:15:00,3510,11.6015625,11.546875,11.3203125,11.4375,11.4375,11.7109375,11.875,12.1953125,12.8828125,16.601562,18.265625,18.9375,19.1875,19.304688,19.40625,19.507812,19.546875
8158,2021-08-09 09:30:00,3522,11.4375,11.2734375,11.0546875,11.1875,11.1796875,11.3828125,11.4921875,11.75,12.2890625,16.460938,18.234375,18.921875,19.1875,19.304688,19.40625,19.5,19.546875
8159,2021-08-09 09:45:00,3510,11.3828125,11.5546875,11.2421875,11.2265625,11.171875,11.3515625,11.4921875,11.8125,12.3984375,16.40625,18.195312,18.90625,19.1875,19.3125,19.40625,19.507812,19.546875
8160,2021-08-09 10:00:00,3522,11.21875,11.3515625,11.0703125,11.1015625,11.0703125,11.2578125,11.3828125,11.7109375,12.34375,16.359375,18.164062,18.890625,19.1875,19.3125,19.414062,19.515625,19.554688
8161,2021-08-09 10:15:00,3510,11.109375,11.2890625,11.109375,11.2109375,11.234375,11.4140625,11.609375,12.0,12.6015625,16.34375,18.125,18.875,19.179688,19.3125,19.421875,19.515625,19.554688
8162,2021-08-09 10:30:00,3510,11.078125,11.125,11.0,11.1171875,11.125,11.28125,11.40625,11.71875,12.3359375,16.289062,18.09375,18.859375,19.179688,19.3125,19.421875,19.515625,19.554688
8163,2021-08-09 10:45:00,3510,11.2421875,11.5703125,11.5859375,11.765625,11.7734375,11.8984375,12.0234375,12.3046875,12.7109375,16.28125,18.0625,18.851562,19.179688,19.320312,19.429688,19.523438,19.5625
8164,2021-08-09 11:00:00,3510,11.390625,11.7421875,11.75,11.953125,11.9765625,12.1328125,12.2890625,12.5859375,12.984375,16.304688,18.03125,18.828125,19.171875,19.328125,19.429688,19.523438,19.554688
8165,2021-08-09 11:15:00,3510,11.4765625,11.734375,11.6328125,11.7890625,11.796875,12.0234375,12.1640625,12.484375,13.0234375,16.328125,18.0,18.804688,19.171875,19.328125,19.429688,19.523438,19.5625
8166,2021-08-09 11:30:00,3510,11.546875,11.8671875,11.7890625,11.9375,11.984375,12.2421875,12.4609375,12.828125,13.2890625,16.328125,17.96875,18.796875,19.15625,19.320312,19.4375,19.523438,19.554688
8167,2021-08-09 11:45:00,3504,11.671875,11.984375,11.9453125,12.09375,12.09375,12.296875,12.453125,12.765625,13.296875,16.34375,17.945312,18.773438,19.15625,19.328125,19.4375,19.53125,19.5625
8168,2021-08-09 12:00:00,3510,11.8203125,12.140625,12.0859375,12.265625,12.3046875,12.53125,12.7421875,13.03125,13.46875,16.359375,17.914062,18.757812,19.148438,19.328125,19.4375,19.53125,19.5625
8169,2021-08-09 12:15:00,3510,12.046875,12.3828125,12.359375,12.5078125,12.5390625,12.734375,12.9140625,13.1953125,13.59375,16.367188,17.890625,18.75,19.148438,19.320312,19.445312,19.523438,19.5625
8170,2021-08-09 12:30:00,3510,12.3046875,12.625,12.6484375,12.8046875,12.8515625,13.0234375,13.1796875,13.4453125,13.859375,16.398438,17.867188,18.71875,19.132812,19.320312,19.445312,19.523438,19.5625
8171,2021-08-09 12:45:00,3510,12.3671875,12.640625,12.625,12.796875,12.8671875,13.109375,13.3203125,13.6796875,14.109375,16.453125,17.84375,18.703125,19.132812,19.328125,19.445312,19.53125,19.5625
8172,2021-08-09 13:00:00,3504,12.46875,12.671875,12.671875,12.8046875,12.84375,13.0703125,13.21875,13.4921875,13.984375,16.46875,17.828125,18.6875,19.117188,19.320312,19.445312,19.53125,19.5625
8173,2021-08-09 13:15:00,3510,12.4921875,12.53125,12.5234375,12.6875,12.75,12.9921875,13.15625,13.484375,13.9453125,16.460938,17.8125,18.671875,19.117188,19.328125,19.4375,19.53125,19.5625
8174,2021-08-09 13:30:00,3504,12.4453125,12.484375,12.4765625,12.640625,12.6953125,12.984375,13.1484375,13.4609375,13.9375,16.453125,17.796875,18.65625,19.109375,19.320312,19.445312,19.53125,19.5625
8175,2021-08-09 13:45:00,3504,12.4765625,12.5703125,12.5703125,12.7109375,12.7734375,13.0078125,13.1875,13.484375,13.8828125,16.429688,17.78125,18.632812,19.101562,19.320312,19.445312,19.539062,19.5625
8176,2021-08-09 14:00:00,3504,12.640625,12.7578125,12.765625,12.890625,12.96875,13.2421875,13.4375,13.734375,14.140625,16.484375,17.765625,18.617188,19.09375,19.320312,19.445312,19.53125,19.554688
8177,2021-08-09 14:15:00,3504,12.8046875,12.96875,13.0078125,13.125,13.25,13.4921875,13.7265625,14.0234375,14.3515625,16.507812,17.757812,18.601562,19.078125,19.3125,19.453125,19.53125,19.554688
8178,2021-08-09 14:30:00,3510,12.8359375,12.859375,12.8359375,12.9296875,13.015625,13.2890625,13.46875,13.765625,14.15625,16.515625,17.75,18.59375,19.070312,19.3125,19.445312,19.539062,19.554688
8179,2021-08-09 14:45:00,3504,12.9765625,13.0625,12.9609375,13.0859375,13.15625,13.3828125,13.5390625,13.8046875,14.1328125,16.507812,17.734375,18.570312,19.0625,19.3125,19.445312,19.539062,19.554688
8180,2021-08-09 15:00:00,3504,13.5078125,13.6484375,13.6640625,13.7109375,13.8671875,14.109375,14.296875,14.53125,14.765625,16.59375,17.734375,18.554688,19.054688,19.296875,19.445312,19.53125,19.546875
8181,2021-08-09 15:15:00,3504,14.234375,14.421875,14.421875,14.3203125,14.3984375,14.515625,14.6484375,14.890625,15.1171875,16.695312,17.71875,18.546875,19.039062,19.296875,19.445312,19.53125,19.546875
8182,2021-08-09 15:30:00,3504,16.523438,16.601562,16.648438,16.21875,16.234375,16.148438,16.09375,16.109375,16.203125,16.867188,17.71875,18.53125,19.03125,19.296875,19.4375,19.53125,19.546875
8183,2021-08-09 15:45:00,3504,17.835938,16.796875,16.703125,16.351562,16.148438,15.9453125,15.8359375,15.9296875,16.078125,16.953125,17.710938,18.515625,19.023438,19.296875,19.4375,19.53125,19.546875
8184,2021-08-09 16:00:00,3498,18.960938,17.304688,17.078125,16.796875,16.617188,16.210938,16.070312,16.070312,16.085938,16.96875,17.71875,18.507812,19.007812,19.289062,19.4375,19.53125,19.546875
8185,2021-08-09 16:15:00,3504,20.023438,18.265625,17.953125,17.632812,17.375,17.117188,16.914062,16.773438,16.664062,17.0625,17.71875,18.492188,19.007812,19.289062,19.4375,19.53125,19.539062
8186,2021-08-09 16:30:00,3510,20.5,18.992188,18.679688,18.515625,18.507812,18.148438,17.976562,17.804688,17.46875,17.195312,17.726562,18.484375,18.992188,19.28125,19.429688,19.523438,19.539062
8187,2021-08-09 16:45:00,3504,21.390625,20.046875,19.921875,19.46875,19.359375,19.234375,19.0,18.8125,18.40625,17.40625,17.734375,18.46875,18.984375,19.273438,19.4375,19.53125,19.53125
8188,2021-08-09 17:00:00,3504,22.71875,21.390625,21.078125,20.742188,20.882812,20.617188,20.390625,20.148438,19.65625,17.609375,17.75,18.46875,18.976562,19.273438,19.4375,19.523438,19.523438
8189,2021-08-09 17:15:00,3510,24.648438,23.078125,22.398438,22.234375,22.5625,22.109375,21.773438,21.554688,21.015625,17.914062,17.757812,18.460938,18.96875,19.257812,19.429688,19.523438,19.523438
8190,2021-08-09 17:30:00,3510,26.03125,24.242188,23.929688,23.765625,23.960938,23.273438,22.945312,22.6875,22.054688,18.210938,17.78125,18.453125,18.953125,19.25,19.429688,19.515625,19.523438
8191,2021-08-09 17:45:00,3510,26.585938,23.914062,23.140625,23.039062,23.609375,23.226562,22.90625,22.898438,22.53125,18.453125,17.8125,18.4375,18.945312,19.25,19.429688,19.515625,19.515625
8192,2021-08-09 18:00:00,3510,26.34375,24.070312,24.265625,23.59375,23.921875,23.148438,23.101562,23.101562,22.679688,18.601562,17.851562,18.4375,18.9375,19.242188,19.421875,19.507812,19.515625
8193,2021-08-09 18:15:00,3510,26.976562,24.609375,24.640625,23.882812,23.609375,23.4375,23.382812,23.460938,23.21875,18.859375,17.882812,18.429688,18.929688,19.242188,19.421875,19.507812,19.507812
8194,2021-08-09 18:30:00,3516,28.070312,26.71875,27.015625,25.921875,25.710938,25.75,25.875,25.789062,25.023438,19.195312,17.929688,18.429688,18.921875,19.234375,19.414062,19.507812,19.507812
8195,2021-08-09 18:45:00,3510,27.96875,25.226562,24.46875,23.742188,23.226562,23.765625,23.835938,24.078125,23.828125,19.296875,17.976562,18.429688,18.914062,19.226562,19.40625,19.507812,19.5
8196,2021-08-09 19:00:00,3516,27.828125,25.296875,24.59375,23.359375,22.851562,23.523438,23.578125,23.890625,23.703125,19.414062,18.023438,18.429688,18.898438,19.21875,19.40625,19.5,19.5
8197,2021-08-09 19:15:00,3528,26.984375,24.796875,23.875,22.507812,22.015625,22.640625,22.851562,23.21875,23.023438,19.414062,18.09375,18.429688,18.898438,19.210938,19.398438,19.492188,19.492188
8198,2021-08-09 19:30:00,3528,27.078125,24.992188,24.5,23.976562,23.515625,23.773438,24.085938,24.34375,24.15625,19.640625,18.148438,18.4375,18.890625,19.210938,19.398438,19.492188,19.484375
8199,2021-08-09 19:45:00,3522,27.515625,25.757812,25.007812,24.15625,23.75,24.289062,24.804688,25.164062,24.632812,19.828125,18.203125,18.445312,18.890625,19.203125,19.390625,19.492188,19.476562
8200,2021-08-09 20:00:00,3522,27.492188,26.265625,25.210938,24.414062,24.453125,25.179688,26.125,26.382812,25.710938,20.078125,18.257812,18.453125,18.875,19.195312,19.382812,19.484375,19.476562
8201,2021-08-09 20:15:00,3528,27.03125,25.890625,24.960938,23.726562,23.96875,24.59375,25.671875,25.859375,25.09375,20.210938,18.320312,18.460938,18.867188,19.1875,19.382812,19.484375,19.46875
8202,2021-08-09 20:30:00,3522,27.054688,25.984375,25.570312,24.195312,24.6875,25.453125,26.445312,26.695312,25.992188,20.445312,18.375,18.476562,18.867188,19.179688,19.375,19.476562,19.460938
8203,2021-08-09 20:45:00,3522,27.414062,26.140625,25.367188,23.882812,24.132812,25.320312,26.273438,26.5,25.914062,20.601562,18.445312,18.484375,18.867188,19.171875,19.367188,19.46875,19.460938
8204,2021-08-09 21:00:00,3528,27.070312,25.390625,24.171875,23.164062,23.398438,24.945312,26.125,26.304688,25.796875,20.726562,18.515625,18.507812,18.859375,19.171875,19.367188,19.476562,19.453125
8205,2021-08-09 21:15:00,3534,26.539062,24.617188,23.617188,22.773438,23.21875,24.84375,26.40625,26.210938,25.710938,20.789062,18.585938,18.515625,18.859375,19.164062,19.359375,19.46875,19.445312
8206,2021-08-09 21:30:00,3528,25.664062,23.617188,22.609375,21.703125,21.796875,23.320312,24.523438,24.546875,24.4375,20.757812,18.65625,18.53125,18.851562,19.15625,19.359375,19.460938,19.445312
8207,2021-08-09 21:45:00,3522,25.046875,23.007812,22.085938,21.632812,21.867188,23.195312,24.492188,24.328125,24.046875,20.632812,18.726562,18.554688,18.851562,19.148438,19.351562,19.453125,19.4375
8208,2021-08-09 22:00:00,3534,24.742188,22.796875,21.820312,21.976562,22.40625,23.453125,24.3125,24.40625,24.15625,20.664062,18.789062,18.570312,18.851562,19.148438,19.34375,19.453125,19.4375
8209,2021-08-09 22:15:00,3522,24.273438,22.632812,21.625,22.210938,22.539062,23.53125,23.804688,23.898438,23.390625,20.59375,18.851562,18.601562,18.859375,19.140625,19.335938,19.445312,19.429688
8210,2021-08-09 22:30:00,3528,23.421875,21.289062,21.179688,22.335938,22.789062,23.382812,23.265625,23.367188,22.851562,20.554688,18.914062,18.625,18.851562,19.132812,19.335938,19.445312,19.421875
8211,2021-08-09 22:45:00,3528,22.75,21.835938,21.75,23.929688,23.679688,23.726562,23.429688,23.601562,22.835938,20.515625,18.960938,18.648438,18.859375,19.132812,19.328125,19.4375,19.421875
8212,2021-08-09 23:00:00,3528,22.414062,21.664062,21.453125,22.757812,23.242188,23.65625,23.578125,23.734375,23.367188,20.578125,19.015625,18.679688,18.859375,19.117188,19.320312,19.4375,19.40625
8213,2021-08-09 23:15:00,3528,21.046875,18.828125,18.5,19.078125,19.203125,20.046875,20.148438,20.585938,20.929688,20.28125,19.054688,18.703125,18.867188,19.125,19.320312,19.429688,19.40625
8214,2021-08-09 23:30:00,3528,19.65625,18.09375,17.773438,17.976562,18.023438,18.375,18.59375,19.007812,19.453125,19.921875,19.09375,18.726562,18.867188,19.117188,19.320312,19.421875,19.40625
8215,2021-08-09 23:45:00,3528,18.335938,16.945312,16.726562,16.914062,16.914062,17.234375,17.421875,17.875,18.40625,19.65625,19.125,18.757812,18.875,19.109375,19.320312,19.421875,19.40625
8216,2021-08-10 00:00:00,3522,17.59375,16.601562,16.429688,16.59375,16.570312,16.804688,16.945312,17.320312,17.789062,19.421875,19.148438,18.78125,18.882812,19.117188,19.3125,19.414062,19.398438
8217,2021-08-10 00:15:00,3534,17.007812,16.171875,16.015625,16.15625,16.132812,16.351562,16.523438,16.9375,17.46875,19.242188,19.164062,18.8125,18.882812,19.109375,19.304688,19.40625,19.390625
8218,2021-08-10 00:30:00,3528,16.453125,15.6640625,15.4765625,15.6875,15.6640625,15.921875,16.015625,16.398438,16.953125,19.0625,19.15625,18.835938,18.898438,19.101562,19.296875,19.398438,19.398438
8219,2021-08-10 00:45:00,3528,16.164062,15.5078125,15.296875,15.40625,15.390625,15.5859375,15.7109375,16.046875,16.554688,18.875,19.148438,18.859375,18.90625,19.109375,19.296875,19.398438,19.390625
8220,2021-08-10 01:00:00,3534,15.8359375,15.1640625,14.9921875,15.1796875,15.1640625,15.4140625,15.6015625,16.0,16.53125,18.78125,19.140625,18.875,18.914062,19.109375,19.289062,19.398438,19.390625
8221,2021-08-10 01:15:00,3534,15.515625,14.890625,14.75,14.9609375,14.9609375,15.25,15.4453125,15.8671875,16.4375,18.703125,19.117188,18.898438,18.921875,19.101562,19.289062,19.390625,19.390625
8222,2021-08-10 01:30:00,3522,15.3828125,14.8984375,14.734375,14.984375,15.0078125,15.3125,15.5234375,15.9140625,16.382812,18.609375,19.101562,18.914062,18.929688,19.109375,19.289062,19.390625,19.382812
8223,2021-08-10 01:45:00,3522,15.515625,15.2421875,15.15625,15.3046875,15.3828125,15.6328125,15.875,16.226562,16.617188,18.5625,19.070312,18.929688,18.945312,19.109375,19.28125,19.390625,19.382812
8224,2021-08-10 02:00:00,3522,15.4453125,14.875,14.765625,15.015625,15.078125,15.421875,15.6875,16.09375,16.53125,18.515625,19.054688,18.945312,18.945312,19.109375,19.289062,19.382812,19.375
8225,2021-08-10 02:15:00,3528,15.125,14.421875,14.2265625,14.4921875,14.515625,14.9453125,15.140625,15.5546875,16.070312,18.4375,19.03125,18.953125,18.960938,19.109375,19.28125,19.382812,19.382812
8226,2021-08-10 02:30:00,3528,14.796875,13.953125,13.65625,13.8359375,13.84375,14.2109375,14.484375,14.9765625,15.5234375,18.265625,19.007812,18.96875,18.96875,19.109375,19.273438,19.382812,19.382812
8227,2021-08-10 02:45:00,3522,14.515625,13.6328125,13.3125,13.4609375,13.453125,13.8203125,14.046875,14.5546875,15.1640625,18.132812,18.984375,18.976562,18.976562,19.117188,19.28125,19.382812,19.382812
8228,2021-08-10 03:00:00,3522,14.0234375,13.1796875,13.0390625,13.1796875,13.140625,13.4765625,13.6796875,14.1328125,14.71875,18.0,18.960938,18.976562,18.992188,19.117188,19.273438,19.375,19.382812
8229,2021-08-10 03:15:00,3528,13.71875,12.9453125,12.765625,12.9296875,12.8984375,13.1953125,13.390625,13.8359375,14.4375,17.882812,18.9375,18.984375,19.0,19.125,19.28125,19.375,19.382812
8230,2021-08-10 03:30:00,3528,13.8203125,13.328125,13.1875,13.34375,13.375,13.671875,13.9453125,14.3984375,14.921875,17.851562,18.898438,18.992188,19.015625,19.125,19.265625,19.375,19.382812
8231,2021-08-10 03:45:00,3522,13.984375,13.5625,13.4375,13.5390625,13.5546875,13.84375,14.078125,14.5,15.0390625,17.8125,18.867188,18.992188,19.015625,19.125,19.273438,19.375,19.382812
8232,2021-08-10 04:00:00,3528,13.8046875,13.375,13.3125,13.4296875,13.4453125,13.7421875,13.9375,14.3359375,14.90625,17.78125,18.835938,18.992188,19.03125,19.132812,19.273438,19.375,19.382812
8233,2021-08-10 04:15:00,3522,13.625,13.2421875,13.1953125,13.3046875,13.3359375,13.65625,13.875,14.296875,14.8671875,17.75,18.804688,18.992188,19.039062,19.132812,19.265625,19.375,19.390625
8234,2021-08-10 04:30:00,3522,13.6015625,13.234375,13.1953125,13.3046875,13.3203125,13.6328125,13.8359375,14.234375,14.796875,17.679688,18.78125,19.0,19.046875,19.140625,19.273438,19.375,19.390625
8235,2021-08-10 04:45:00,3522,13.59375,13.2578125,13.1875,13.28125,13.3046875,13.578125,13.78125,14.15625,14.671875,17.617188,18.75,18.992188,19.054688,19.148438,19.273438,19.375,19.382812
8236,2021-08-10 05:00:00,3516,13.453125,13.1484375,13.0859375,13.2109375,13.234375,13.5,13.671875,14.0234375,14.5078125,17.546875,18.71875,18.984375,19.054688,19.15625,19.273438,19.367188,19.390625
8237,2021-08-10 05:15:00,3522,13.40625,13.109375,13.0625,13.1796875,13.1875,13.453125,13.6328125,14.015625,14.5078125,17.507812,18.695312,18.992188,19.0625,19.15625,19.28125,19.375,19.390625
8238,2021-08-10 05:30:00,3528,13.3515625,12.953125,12.84375,12.9921875,13.0234375,13.3671875,13.6328125,14.109375,14.6171875,17.5,18.664062,18.984375,19.070312,19.164062,19.28125,19.375,19.390625
8239,2021-08-10 05:45:00,3528,13.3671875,12.8515625,12.609375,12.6640625,12.6484375,12.96875,13.1640625,13.609375,14.171875,17.382812,18.632812,18.976562,19.078125,19.164062,19.28125,19.375,19.398438
8240,2021-08-10 06:00:00,3522,13.3046875,12.9609375,12.828125,12.9140625,12.921875,13.1953125,13.421875,13.8046875,14.296875,17.359375,18.617188,18.976562,19.085938,19.164062,19.28125,19.375,19.398438
8241,2021-08-10 06:15:00,3522,13.2578125,12.8125,12.6484375,12.75,12.7421875,13.1328125,13.34375,13.8359375,14.453125,17.382812,18.585938,18.960938,19.085938,19.171875,19.289062,19.375,19.398438
8242,2021-08-10 06:30:00,3522,12.9609375,12.265625,12.0078125,12.1171875,12.078125,12.3359375,12.4921875,12.96875,13.671875,17.226562,18.5625,18.960938,19.09375,19.179688,19.289062,19.375,19.398438
8243,2021-08-10 06:45:00,3516,12.6875,11.921875,11.640625,11.7421875,11.6484375,11.90625,11.984375,12.3984375,13.046875,17.03125,18.53125,18.953125,19.09375,19.1875,19.289062,19.382812,19.40625
8244,2021-08-10 07:00:00,3522,12.6171875,12.15625,11.734375,11.796875,11.7890625,12.046875,12.25,12.5859375,13.0859375,16.945312,18.507812,18.945312,19.101562,19.1875,19.289062,19.382812,19.40625
8245,2021-08-10 07:15:00,3522,12.671875,12.2109375,11.84375,11.90625,11.8515625,12.2421875,12.4296875,12.796875,13.359375,16.953125,18.476562,18.9375,19.101562,19.1875,19.296875,19.382812,19.40625
8246,2021-08-10 07:30:00,3522,12.5390625,12.0625,11.703125,11.75,11.65625,11.9453125,12.03125,12.3046875,12.8828125,16.835938,18.445312,18.929688,19.109375,19.195312,19.296875,19.382812,19.40625
8247,2021-08-10 07:45:00,3522,12.359375,12.0546875,11.7421875,11.75,11.6484375,11.9140625,12.078125,12.421875,12.9453125,16.765625,18.40625,18.929688,19.101562,19.203125,19.304688,19.390625,19.421875
8248,2021-08-10 08:00:00,3510,12.203125,11.828125,11.53125,11.59375,11.53125,11.8125,12.0078125,12.4296875,12.96875,16.726562,18.382812,18.914062,19.109375,19.203125,19.304688,19.390625,19.421875
8249,2021-08-10 08:15:00,3522,12.0390625,12.125,11.7578125,11.765625,11.6796875,11.9375,12.2890625,12.75,12.8828125,16.625,18.34375,18.90625,19.109375,19.203125,19.304688,19.390625,19.421875
8250,2021-08-10 08:30:00,3516,11.9921875,12.2265625,11.90625,11.8671875,11.765625,12.0390625,12.359375,12.7734375,13.3046875,16.585938,18.3125,18.898438,19.109375,19.210938,19.304688,19.390625,19.421875
8251,2021-08-10 08:45:00,3522,12.1796875,12.484375,12.1875,12.2109375,12.140625,12.3515625,12.5390625,12.8125,13.3046875,16.640625,18.28125,18.882812,19.109375,19.21875,19.3125,19.390625,19.421875
8252,2021-08-10 09:00:00,3510,12.40625,12.8984375,12.671875,12.71875,12.59375,12.7265625,12.8125,12.9609375,13.421875,16.679688,18.242188,18.875,19.109375,19.21875,19.3125,19.398438,19.421875
8253,2021-08-10 09:15:00,3510,12.4296875,12.46875,12.3828125,12.4140625,12.328125,12.5625,12.703125,13.0859375,13.578125,16.671875,18.210938,18.859375,19.109375,19.21875,19.320312,19.398438,19.429688
8254,2021-08-10 09:30:00,3528,12.4921875,12.53125,12.375,12.46875,12.40625,12.6484375,12.9140625,13.3125,13.8046875,16.703125,18.179688,18.84375,19.109375,19.226562,19.320312,19.398438,19.429688
8255,2021-08-10 09:45:00,3510,12.71875,12.6953125,12.59375,12.65625,12.6171875,12.875,13.015625,13.296875,13.7734375,16.703125,18.15625,18.835938,19.109375,19.226562,19.328125,19.398438,19.429688
8256,2021-08-10 10:00:00,3522,12.8984375,12.8671875,12.7578125,12.828125,12.7890625,13.0234375,13.2109375,13.6171875,14.0390625,16.703125,18.125,18.828125,19.101562,19.226562,19.320312,19.40625,19.429688
8257,2021-08-10 10:15:00,3510,12.9765625,13.0859375,12.984375,13.0390625,12.9765625,13.1875,13.3671875,13.7265625,14.1953125,16.757812,18.101562,18.8125,19.101562,19.226562,19.328125,19.40625,19.429688
8258,2021-08-10 10:30:00,3522,13.1328125,13.1875,13.109375,13.15625,13.1171875,13.3671875,13.515625,13.8359375,14.3203125,16.789062,18.085938,18.789062,19.09375,19.234375,19.328125,19.40625,19.429688
8259,2021-08-10 10:45:00,3510,13.09375,13.0703125,12.9921875,13.078125,13.0859375,13.2890625,13.4375,13.7421875,14.1875,16.78125,18.0625,18.773438,19.09375,19.234375,19.335938,19.40625,19.429688
8260,2021-08-10 11:00:00,3510,13.0625,13.0078125,12.9921875,13.1015625,13.109375,13.3984375,13.625,14.046875,14.46875,16.78125,18.046875,18.765625,19.085938,19.234375,19.335938,19.40625,19.429688
8261,2021-08-10 11:15:00,3510,12.96875,12.8984375,12.890625,13.0234375,13.046875,13.3125,13.5078125,13.8515625,14.3046875,16.789062,18.023438,18.75,19.078125,19.242188,19.335938,19.40625,19.429688
8262,2021-08-10 11:30:00,3510,12.9296875,12.8359375,12.8515625,12.9765625,12.9921875,13.265625,13.453125,13.796875,14.265625,16.78125,18.007812,18.734375,19.078125,19.234375,19.335938,19.40625,19.429688
8263,2021-08-10 11:45:00,3510,12.859375,12.7421875,12.75,12.8828125,12.8984375,13.1640625,13.328125,13.640625,14.0859375,16.75,18.0,18.71875,19.070312,19.234375,19.335938,19.414062,19.4375
8264,2021-08-10 12:00:00,3504,12.90625,12.8046875,12.8203125,12.9609375,12.984375,13.296875,13.484375,13.828125,14.3203125,16.78125,17.984375,18.703125,19.070312,19.234375,19.335938,19.414062,19.429688
8265,2021-08-10 12:15:00,3510,12.8125,12.6484375,12.6484375,12.7890625,12.828125,13.1328125,13.3203125,13.6796875,14.1875,16.757812,17.976562,18.6875,19.0625,19.234375,19.335938,19.414062,19.429688
8266,2021-08-10 12:30:00,3510,12.71875,12.609375,12.6171875,12.7421875,12.78125,13.0234375,13.1953125,13.5078125,13.9296875,16.695312,17.960938,18.679688,19.054688,19.234375,19.335938,19.414062,19.429688
8267,2021-08-10 12:45:00,3510,12.7890625,12.7890625,12.796875,12.9453125,12.96875,13.2421875,13.421875,13.765625,14.1875,16.710938,17.953125,18.664062,19.046875,19.234375,19.335938,19.421875,19.429688
8268,2021-08-10 13:00:00,3510,12.859375,12.7890625,12.796875,12.921875,12.96875,13.2734375,13.4921875,13.8828125,14.34375,16.742188,17.9375,18.65625,19.039062,19.234375,19.34375,19.421875,19.429688
8269,2021-08-10 13:15:00,3510,12.6875,12.5078125,12.5,12.6328125,12.671875,12.9609375,13.140625,13.5,13.9921875,16.695312,17.929688,18.640625,19.039062,19.234375,19.34375,19.40625,19.429688
8270,2021-08-10 13:30:00,3504,12.546875,12.375,12.3828125,12.4921875,12.515625,12.78125,12.9453125,13.2578125,13.7109375,16.648438,17.914062,18.632812,19.03125,19.226562,19.34375,19.421875,19.429688
8271,2021-08-10 13:45:00,3510,12.5,12.390625,12.4140625,12.5546875,12.5859375,12.8515625,13.03125,13.3671875,13.8125,16.609375,17.90625,18.617188,19.023438,19.234375,19.335938,19.421875,19.429688
8272,2021-08-10 14:00:00,3510,12.546875,12.4609375,12.4765625,12.609375,12.6328125,12.890625,13.0625,13.3828125,13.8125,16.617188,17.890625,18.609375,19.023438,19.226562,19.34375,19.414062,19.421875
8273,2021-08-10 14:15:00,3504,12.7421875,12.7890625,12.828125,12.984375,13.0546875,13.3046875,13.5078125,13.8515625,14.234375,16.648438,17.875,18.59375,19.007812,19.226562,19.34375,19.414062,19.429688
8274,2021-08-10 14:30:00,3504,12.9296875,12.8359375,12.8515625,13.0,13.0390625,13.2890625,13.453125,13.78125,14.21875,16.679688,17.859375,18.578125,19.0,19.21875,19.34375,19.414062,19.421875
8275,2021-08-10 14:45:00,3504,13.1875,13.125,13.125,13.2578125,13.3359375,13.59375,13.75,14.0078125,14.296875,16.671875,17.851562,18.570312,18.992188,19.21875,19.34375,19.414062,19.421875
8276,2021-08-10 15:00:00,3504,13.734375,13.7734375,13.8046875,13.859375,13.859375,14.015625,14.15625,14.421875,14.7421875,16.742188,17.84375,18.5625,18.984375,19.21875,19.335938,19.414062,19.421875
8277,2021-08-10 15:15:00,3510,14.4296875,14.34375,14.34375,14.3203125,14.453125,14.6796875,14.875,15.1484375,15.3515625,16.851562,17.835938,18.546875,18.984375,19.210938,19.335938,19.421875,19.414062
8278,2021-08-10 15:30:00,3510,15.015625,14.7265625,14.703125,14.6171875,14.7109375,14.8359375,14.9609375,15.171875,15.3671875,16.914062,17.820312,18.539062,18.976562,19.210938,19.335938,19.40625,19.414062
8279,2021-08-10 15:45:00,3504,16.054688,15.5703125,15.453125,15.1640625,15.203125,15.265625,15.328125,15.5234375,15.703125,16.976562,17.820312,18.523438,18.960938,19.195312,19.34375,19.40625,19.40625
8280,2021-08-10 16:00:00,3510,19.164062,18.1875,17.835938,17.375,17.242188,16.773438,16.710938,16.726562,16.703125,17.140625,17.820312,18.515625,18.953125,19.195312,19.335938,19.40625,19.40625
8281,2021-08-10 16:15:00,3510,21.242188,19.929688,19.429688,19.054688,18.710938,18.171875,17.976562,17.8125,17.5625,17.3125,17.820312,18.507812,18.953125,19.195312,19.328125,19.40625,19.40625
8282,2021-08-10 16:30:00,3504,23.289062,21.359375,20.835938,20.59375,20.296875,19.851562,19.515625,19.210938,18.695312,17.539062,17.820312,18.5,18.9375,19.195312,19.328125,19.398438,19.398438
8283,2021-08-10 16:45:00,3504,24.46875,22.429688,22.109375,21.882812,21.601562,21.414062,21.070312,20.65625,19.914062,17.796875,17.828125,18.492188,18.9375,19.1875,19.328125,19.398438,19.390625
8284,2021-08-10 17:00:00,3510,25.320312,23.78125,23.898438,23.109375,23.039062,22.898438,22.648438,22.25,21.34375,18.054688,17.84375,18.484375,18.921875,19.179688,19.320312,19.398438,19.390625
8285,2021-08-10 17:15:00,3510,26.75,24.515625,24.164062,23.5625,23.523438,23.710938,23.414062,23.171875,22.421875,18.359375,17.867188,18.476562,18.921875,19.179688,19.320312,19.398438,19.382812
8286,2021-08-10 17:30:00,3516,27.867188,25.734375,25.023438,24.773438,24.640625,24.609375,24.421875,24.367188,23.632812,18.640625,17.898438,18.46875,18.914062,19.171875,19.328125,19.390625,19.390625
8287,2021-08-10 17:45:00,3510,29.1875,27.023438,26.1875,26.40625,25.828125,25.835938,25.585938,25.390625,24.65625,18.976562,17.929688,18.460938,18.90625,19.164062,19.3125,19.390625,19.382812
8288,2021-08-10 18:00:00,3522,30.375,27.726562,27.5625,27.484375,26.554688,26.828125,26.640625,26.554688,25.851562,19.351562,17.96875,18.453125,18.898438,19.15625,19.320312,19.390625,19.375
8289,2021-08-10 18:15:00,3522,31.28125,28.9375,30.0,28.53125,27.617188,27.640625,27.671875,27.585938,26.773438,19.671875,18.023438,18.453125,18.890625,19.15625,19.3125,19.382812,19.375
8290,2021-08-10 18:30:00,3522,32.679688,30.195312,32.1875,29.695312,28.695312,28.960938,29.023438,28.9375,28.054688,20.09375,18.078125,18.460938,18.882812,19.148438,19.304688,19.375,19.367188
8291,2021-08-10 18:45:00,3522,33.523438,30.953125,32.570312,29.664062,28.992188,29.484375,29.585938,29.5625,28.789062,20.453125,18.140625,18.453125,18.875,19.148438,19.304688,19.382812,19.367188
8292,2021-08-10 19:00:00,3528,34.234375,32.28125,33.015625,30.390625,30.414062,30.804688,31.0625,30.875,29.804688,20.84375,18.210938,18.460938,18.867188,19.140625,19.296875,19.375,19.359375
8293,2021-08-10 19:15:00,3528,34.570312,31.671875,31.078125,29.960938,30.015625,30.476562,30.820312,30.78125,30.023438,21.171875,18.296875,18.460938,18.867188,19.140625,19.304688,19.375,19.351562
8294,2021-08-10 19:30:00,3528,34.554688,31.796875,30.90625,29.921875,30.15625,30.78125,31.3125,31.3125,30.414062,21.4375,18.382812,18.476562,18.859375,19.125,19.289062,19.367188,19.351562
8295,2021-08-10 19:45:00,3540,34.359375,31.992188,30.929688,30.03125,30.460938,31.242188,32.015625,31.9375,31.015625,21.726562,18.476562,18.484375,18.851562,19.125,19.289062,19.367188,19.34375
8296,2021-08-10 20:00:00,3534,34.390625,32.382812,31.078125,30.484375,31.070312,32.507812,33.382812,33.21875,31.976562,22.054688,18.570312,18.5,18.851562,19.117188,19.289062,19.359375,19.34375
8297,2021-08-10 20:15:00,3546,34.554688,32.875,31.59375,31.25,31.875,33.070312,34.195312,33.390625,32.25,22.351562,18.664062,18.523438,18.84375,19.117188,19.28125,19.359375,19.328125
8298,2021-08-10 20:30:00,3540,34.8125,33.023438,31.40625,31.296875,32.117188,33.6875,34.71875,34.046875,32.679688,22.59375,18.773438,18.539062,18.835938,19.109375,19.273438,19.359375,19.328125
8299,2021-08-10 20:45:00,3546,34.554688,32.71875,31.15625,31.84375,32.773438,34.09375,34.84375,34.328125,33.085938,22.859375,18.875,18.5625,18.84375,19.101562,19.273438,19.351562,19.328125
8300,2021-08-10 21:00:00,3546,34.820312,33.554688,32.296875,34.0,34.734375,35.304688,35.804688,34.890625,33.5625,23.039062,18.984375,18.585938,18.835938,19.09375,19.265625,19.34375,19.320312
8301,2021-08-10 21:15:00,3546,34.429688,32.539062,30.984375,32.171875,33.070312,34.335938,34.9375,33.898438,32.773438,23.171875,19.09375,18.617188,18.84375,19.09375,19.265625,19.34375,19.320312
8302,2021-08-10 21:30:00,3546,33.710938,31.710938,30.0,30.953125,31.90625,33.601562,34.476562,33.601562,32.476562,23.21875,19.210938,18.640625,18.835938,19.085938,19.257812,19.335938,19.3125
8303,2021-08-10 21:45:00,3546,33.679688,32.46875,31.179688,32.429688,33.789062,34.429688,34.867188,33.851562,32.5,23.273438,19.3125,18.6875,18.84375,19.085938,19.25,19.335938,19.3125
8304,2021-08-10 22:00:00,3552,33.085938,31.570312,30.0625,31.210938,32.429688,33.257812,33.492188,32.632812,31.507812,23.265625,19.429688,18.710938,18.84375,19.078125,19.25,19.335938,19.304688
8305,2021-08-10 22:15:00,3546,32.242188,30.53125,29.570312,30.46875,31.804688,32.492188,32.796875,32.1875,31.117188,23.234375,19.523438,18.757812,18.859375,19.070312,19.25,19.328125,19.304688
8306,2021-08-10 22:30:00,3546,31.320312,29.929688,29.328125,30.632812,32.117188,32.523438,32.578125,32.382812,31.007812,23.226562,19.625,18.796875,18.851562,19.070312,19.242188,19.320312,19.296875
8307,2021-08-10 22:45:00,3546,30.25,28.984375,28.421875,30.03125,31.328125,31.867188,31.953125,31.890625,30.820312,23.320312,19.71875,18.84375,18.867188,19.070312,19.242188,19.320312,19.296875
8308,2021-08-10 23:00:00,3552,30.007812,30.023438,29.5,31.710938,32.28125,32.3125,32.0625,31.75,30.71875,23.320312,19.796875,18.882812,18.875,19.070312,19.234375,19.3125,19.289062
8309,2021-08-10 23:15:00,3552,28.421875,26.21875,25.703125,26.429688,26.601562,27.453125,27.414062,27.601562,27.773438,23.007812,19.875,18.921875,18.882812,19.0625,19.234375,19.320312,19.289062
8310,2021-08-10 23:30:00,3552,25.992188,23.859375,23.53125,23.679688,23.609375,23.757812,23.820312,24.0,24.257812,22.273438,19.953125,18.96875,18.890625,19.0625,19.21875,19.304688,19.289062
8311,2021-08-10 23:45:00,3552,24.554688,22.90625,22.664062,22.75,22.617188,22.71875,22.757812,22.9375,23.1875,21.875,20.023438,19.015625,18.90625,19.0625,19.21875,19.304688,19.289062
8312,2021-08-11 00:00:00,3552,23.835938,22.664062,22.539062,22.59375,22.429688,22.335938,22.335938,22.375,22.5,21.59375,20.0625,19.046875,18.914062,19.054688,19.21875,19.304688,19.28125
8313,2021-08-11 00:15:00,3552,23.304688,21.828125,21.523438,21.523438,21.296875,21.382812,21.421875,21.578125,21.789062,21.320312,20.09375,19.09375,18.929688,19.0625,19.21875,19.296875,19.289062
8314,2021-08-11 00:30:00,3552,22.75,21.320312,21.046875,21.015625,20.851562,20.726562,20.742188,20.796875,20.976562,21.070312,20.109375,19.148438,18.953125,19.0625,19.210938,19.296875,19.28125
8315,2021-08-11 00:45:00,3546,22.304688,21.148438,20.914062,20.921875,20.664062,20.632812,20.59375,20.679688,20.8125,20.882812,20.109375,19.1875,18.960938,19.0625,19.203125,19.296875,19.289062
8316,2021-08-11 01:00:00,3552,21.6875,20.445312,20.179688,20.171875,19.921875,19.96875,19.96875,20.140625,20.375,20.734375,20.101562,19.21875,18.984375,19.070312,19.210938,19.289062,19.28125
8317,2021-08-11 01:15:00,3552,21.039062,19.585938,19.21875,19.210938,19.0,19.101562,19.1875,19.484375,19.835938,20.5625,20.09375,19.257812,19.0,19.070312,19.203125,19.289062,19.28125
8318,2021-08-11 01:30:00,3546,20.421875,18.992188,18.640625,18.601562,18.34375,18.4375,18.476562,18.8125,19.265625,20.390625,20.078125,19.289062,19.015625,19.070312,19.203125,19.289062,19.289062
8319,2021-08-11 01:45:00,3558,19.804688,18.507812,18.0625,18.03125,17.773438,17.867188,17.929688,18.289062,18.734375,20.195312,20.054688,19.320312,19.039062,19.078125,19.203125,19.289062,19.28125
8320,2021-08-11 02:00:00,3552,19.179688,17.828125,17.375,17.375,17.1875,17.351562,17.492188,17.851562,18.296875,20.007812,20.03125,19.351562,19.054688,19.085938,19.203125,19.289062,19.289062
8321,2021-08-11 02:15:00,3552,18.5625,17.140625,16.75,16.75,16.53125,16.734375,16.867188,17.3125,17.851562,19.851562,20.0,19.367188,19.078125,19.085938,19.203125,19.289062,19.296875
8322,2021-08-11 02:30:00,3546,17.976562,16.703125,16.21875,16.25,16.046875,16.304688,16.445312,16.9375,17.5,19.6875,19.976562,19.390625,19.101562,19.09375,19.203125,19.289062,19.296875
8323,2021-08-11 02:45:00,3546,17.484375,16.429688,15.8671875,15.875,15.6953125,15.9140625,16.070312,16.539062,17.148438,19.53125,19.945312,19.421875,19.117188,19.109375,19.203125,19.289062,19.296875
8324,2021-08-11 03:00:00,3552,16.96875,15.7734375,15.25,15.2890625,15.125,15.3828125,15.5546875,16.054688,16.65625,19.351562,19.90625,19.4375,19.140625,19.109375,19.210938,19.289062,19.304688
8325,2021-08-11 03:15:00,3546,16.421875,15.140625,14.6171875,14.6796875,14.4765625,14.71875,14.796875,15.2421875,15.9921875,19.179688,19.875,19.445312,19.15625,19.117188,19.210938,19.289062,19.304688
8326,2021-08-11 03:30:00,3552,15.8203125,14.640625,14.0546875,14.09375,13.8359375,14.1328125,14.2421875,14.78125,15.5234375,18.984375,19.828125,19.46875,19.179688,19.125,19.21875,19.289062,19.320312
8327,2021-08-11 03:45:00,3546,15.3828125,14.359375,13.8515625,13.96875,13.7578125,14.015625,14.125,14.640625,15.3671875,18.8125,19.789062,19.476562,19.1875,19.140625,19.210938,19.289062,19.320312
8328,2021-08-11 04:00:00,3546,15.0234375,13.921875,13.5859375,13.7734375,13.578125,13.859375,14.015625,14.46875,15.1015625,18.65625,19.75,19.484375,19.210938,19.148438,19.21875,19.296875,19.328125
8329,2021-08-11 04:15:00,3546,14.7265625,13.6328125,13.2421875,13.359375,13.1875,13.5546875,13.6875,14.1953125,14.9609375,18.5625,19.695312,19.492188,19.234375,19.15625,19.226562,19.296875,19.335938
8330,2021-08-11 04:30:00,3546,14.40625,13.21875,12.8359375,12.90625,12.6953125,13.0,13.1171875,13.8125,14.78125,18.421875,19.648438,19.492188,19.25,19.171875,19.234375,19.304688,19.335938
8331,2021-08-11 04:45:00,3546,14.140625,13.1875,12.7109375,12.8046875,12.59375,12.8125,12.921875,13.4375,14.3046875,18.289062,19.601562,19.5,19.265625,19.1875,19.242188,19.304688,19.351562
8332,2021-08-11 05:00:00,3546,13.9453125,13.03125,12.5625,12.671875,12.484375,12.7890625,12.921875,13.484375,14.203125,18.15625,19.546875,19.5,19.273438,19.1875,19.234375,19.304688,19.351562
8333,2021-08-11 05:15:00,3552,13.7890625,12.875,12.4609375,12.5390625,12.3203125,12.5546875,12.6328125,13.1640625,14.0078125,18.054688,19.5,19.507812,19.289062,19.203125,19.25,19.3125,19.367188
8334,2021-08-11 05:30:00,3546,13.53125,12.546875,12.1953125,12.3125,12.1328125,12.4296875,12.5390625,13.0234375,13.765625,17.953125,19.453125,19.5,19.304688,19.210938,19.25,19.320312,19.375
8335,2021-08-11 05:45:00,3546,13.3828125,12.4765625,12.140625,12.3203125,12.078125,12.2734375,12.3203125,12.8671875,13.671875,17.835938,19.398438,19.492188,19.320312,19.226562,19.257812,19.328125,19.382812
8336,2021-08-11 06:00:00,3546,13.2265625,12.3125,11.8984375,11.9609375,11.84375,12.1953125,12.3515625,12.9140625,13.5625,17.734375,19.34375,19.492188,19.328125,19.234375,19.265625,19.335938,19.390625
8337,2021-08-11 06:15:00,3540,12.96875,11.9921875,11.6328125,11.5234375,11.390625,11.5703125,11.734375,12.2421875,12.9453125,17.507812,19.289062,19.476562,19.34375,19.25,19.273438,19.34375,19.398438
8338,2021-08-11 06:30:00,3534,12.921875,12.0,11.6796875,11.5,11.453125,11.71875,11.921875,12.4375,13.0390625,17.460938,19.242188,19.476562,19.351562,19.257812,19.28125,19.34375,19.414062
8339,2021-08-11 06:45:00,3540,13.046875,12.40625,12.3671875,12.125,11.96875,11.7734375,11.9140625,12.3125,12.9296875,17.359375,19.195312,19.46875,19.367188,19.273438,19.289062,19.351562,19.429688
8340,2021-08-11 07:00:00,3540,13.0078125,12.453125,12.3359375,12.375,12.3046875,12.2578125,12.40625,12.71875,13.234375,17.351562,19.140625,19.460938,19.375,19.28125,19.296875,19.351562,19.4375
8341,2021-08-11 07:15:00,3540,13.8125,14.8984375,15.2578125,15.2578125,15.5078125,14.125,14.15625,13.8046875,13.671875,17.226562,19.09375,19.445312,19.382812,19.296875,19.304688,19.367188,19.445312
8342,2021-08-11 07:30:00,3540,14.2265625,14.3515625,14.53125,14.3984375,14.2109375,13.921875,13.84375,13.8515625,14.015625,17.289062,19.039062,19.429688,19.390625,19.304688,19.320312,19.375,19.453125
8343,2021-08-11 07:45:00,3534,14.328125,14.3671875,14.4921875,14.4609375,14.546875,13.78125,13.734375,13.6171875,13.765625,17.210938,18.992188,19.414062,19.398438,19.3125,19.320312,19.390625,19.46875
8344,2021-08-11 08:00:00,3528,15.390625,16.671875,17.054688,17.226562,17.398438,16.601562,16.492188,16.148438,15.6875,17.304688,18.945312,19.40625,19.40625,19.320312,19.328125,19.390625,19.476562
8345,2021-08-11 08:15:00,3540,16.210938,17.179688,17.53125,17.664062,17.617188,17.445312,17.320312,17.070312,16.726562,17.554688,18.90625,19.390625,19.40625,19.335938,19.34375,19.398438,19.484375
8346,2021-08-11 08:30:00,3540,16.585938,17.078125,17.25,17.296875,17.257812,17.210938,17.140625,17.046875,16.960938,17.734375,18.867188,19.367188,19.421875,19.34375,19.351562,19.40625,19.492188
8347,2021-08-11 08:45:00,3546,16.375,16.351562,16.40625,16.4375,16.351562,16.445312,16.40625,16.421875,16.492188,17.757812,18.84375,19.359375,19.421875,19.351562,19.359375,19.421875,19.5
8348,2021-08-11 09:00:00,3540,15.8359375,15.6171875,15.5703125,15.625,15.5234375,15.53125,15.515625,15.6015625,15.734375,17.648438,18.8125,19.34375,19.421875,19.367188,19.367188,19.429688,19.507812
8349,2021-08-11 09:15:00,3534,15.4609375,15.390625,15.40625,15.53125,15.5703125,15.453125,15.5234375,15.6171875,15.75,17.625,18.796875,19.328125,19.421875,19.375,19.375,19.4375,19.523438
8350,2021-08-11 09:30:00,3540,15.3984375,15.609375,15.7265625,15.8046875,15.859375,15.6875,15.703125,15.75,15.859375,17.648438,18.78125,19.320312,19.429688,19.382812,19.382812,19.445312,19.53125
8351,2021-08-11 09:45:00,3534,15.3828125,15.484375,15.609375,15.6796875,15.515625,15.4921875,15.4609375,15.515625,15.59375,17.609375,18.757812,19.296875,19.429688,19.390625,19.390625,19.453125,19.539062
8352,2021-08-11 10:00:00,3540,15.1171875,15.03125,15.078125,15.2109375,15.1015625,15.125,15.1328125,15.1796875,15.296875,17.539062,18.734375,19.28125,19.429688,19.398438,19.398438,19.46875,19.554688
8353,2021-08-11 10:15:00,3540,14.90625,14.7265625,14.75,14.8125,14.75,14.859375,14.9921875,15.09375,15.2265625,17.5,18.71875,19.273438,19.429688,19.40625,19.40625,19.46875,19.554688
8354,2021-08-11 10:30:00,3534,14.828125,14.71875,14.75,14.8046875,14.6328125,14.71875,14.7890625,14.96875,15.140625,17.445312,18.703125,19.257812,19.429688,19.414062,19.421875,19.476562,19.570312
8355,2021-08-11 10:45:00,3540,14.90625,14.921875,15.0234375,14.9609375,14.7734375,14.7109375,14.765625,14.9921875,15.21875,17.46875,18.6875,19.25,19.429688,19.421875,19.429688,19.492188,19.578125
8356,2021-08-11 11:00:00,3528,14.8125,14.78125,14.8984375,15.1015625,14.9921875,14.8125,14.7421875,14.7890625,14.9140625,17.382812,18.671875,19.234375,19.429688,19.429688,19.4375,19.5,19.585938
8357,2021-08-11 11:15:00,3534,14.7578125,14.640625,14.71875,14.6484375,14.65625,14.5625,14.6171875,14.8125,15.078125,17.390625,18.65625,19.21875,19.421875,19.4375,19.445312,19.507812,19.59375
8358,2021-08-11 11:30:00,3540,15.234375,15.484375,15.703125,15.46875,15.4765625,15.2109375,15.203125,15.1640625,15.25,17.390625,18.632812,19.21875,19.421875,19.4375,19.453125,19.515625,19.59375
8359,2021-08-11 11:45:00,3528,15.96875,16.765625,17.09375,17.125,17.28125,16.742188,16.679688,16.429688,16.148438,17.414062,18.617188,19.195312,19.421875,19.445312,19.460938,19.523438,19.601562
8360,2021-08-11 12:00:00,3528,16.34375,16.882812,17.1875,17.226562,17.273438,17.03125,16.9375,16.773438,16.539062,17.492188,18.59375,19.1875,19.421875,19.453125,19.46875,19.523438,19.609375
8361,2021-08-11 12:15:00,3534,16.273438,16.492188,16.640625,16.703125,16.75,16.5625,16.523438,16.453125,16.398438,17.554688,18.578125,19.171875,19.40625,19.453125,19.476562,19.53125,19.617188
8362,2021-08-11 12:30:00,3528,16.304688,16.492188,16.640625,16.703125,16.65625,16.617188,16.53125,16.445312,16.421875,17.59375,18.5625,19.164062,19.414062,19.460938,19.484375,19.546875,19.625
8363,2021-08-11 12:45:00,3528,16.054688,16.015625,16.070312,16.101562,16.070312,16.070312,16.070312,16.0625,16.085938,17.554688,18.546875,19.148438,19.398438,19.46875,19.492188,19.546875,19.632812
8364,2021-08-11 13:00:00,3528,15.921875,16.078125,16.179688,16.25,16.34375,16.070312,16.078125,15.9921875,15.9453125,17.507812,18.539062,19.140625,19.398438,19.46875,19.492188,19.554688,19.640625
8365,2021-08-11 13:15:00,3528,15.7578125,15.75,15.859375,15.9140625,15.9453125,15.7734375,15.734375,15.6953125,15.71875,17.46875,18.53125,19.125,19.398438,19.46875,19.5,19.5625,19.648438
8366,2021-08-11 13:30:00,3528,15.7890625,16.0625,16.242188,16.34375,16.375,16.25,16.21875,16.1875,16.179688,17.507812,18.523438,19.117188,19.398438,19.46875,19.507812,19.5625,19.65625
8367,2021-08-11 13:45:00,3528,15.703125,15.8203125,15.9453125,16.0625,16.039062,16.046875,16.046875,16.085938,16.125,17.539062,18.515625,19.109375,19.390625,19.476562,19.515625,19.578125,19.65625
8368,2021-08-11 14:00:00,3504,15.6640625,15.765625,15.859375,15.96875,15.9296875,15.9140625,15.9453125,16.007812,16.117188,17.554688,18.492188,19.101562,19.382812,19.476562,19.515625,19.585938,19.664062
8369,2021-08-11 14:15:00,3528,15.59375,15.5859375,15.609375,15.609375,15.4765625,15.5,15.4921875,15.6015625,15.65625,17.46875,18.492188,19.085938,19.382812,19.484375,19.523438,19.585938,19.664062
8370,2021-08-11 14:30:00,3528,15.4375,15.1875,15.1953125,15.265625,15.1640625,15.2109375,15.234375,15.3671875,15.53125,17.40625,18.476562,19.078125,19.375,19.484375,19.53125,19.59375,19.671875
8371,2021-08-11 14:45:00,3534,16.875,16.882812,16.710938,16.640625,16.546875,16.398438,16.273438,16.226562,16.195312,17.484375,18.46875,19.0625,19.375,19.484375,19.539062,19.601562,19.671875
8372,2021-08-11 15:00:00,3522,18.03125,17.851562,17.445312,17.390625,17.359375,17.4375,17.226562,17.109375,17.007812,17.601562,18.453125,19.054688,19.359375,19.476562,19.53125,19.601562,19.679688
8373,2021-08-11 15:15:00,3522,19.289062,18.6875,18.265625,18.296875,18.335938,18.34375,18.148438,17.984375,17.796875,17.765625,18.445312,19.046875,19.359375,19.484375,19.539062,19.609375,19.6875
8374,2021-08-11 15:30:00,3528,20.828125,20.171875,19.898438,19.96875,19.976562,19.789062,19.476562,19.109375,18.742188,17.96875,18.4375,19.039062,19.359375,19.484375,19.546875,19.617188,19.6875
8375,2021-08-11 15:45:00,3522,23.023438,21.5,21.117188,21.164062,21.078125,21.039062,20.671875,20.265625,19.71875,18.179688,18.4375,19.023438,19.351562,19.492188,19.554688,19.617188,19.6875
8376,2021-08-11 16:00:00,3528,24.25,22.015625,21.4375,21.460938,21.375,21.476562,21.25,20.992188,20.507812,18.375,18.4375,19.015625,19.351562,19.492188,19.554688,19.625,19.695312
8377,2021-08-11 16:15:00,3528,25.890625,23.78125,23.40625,23.320312,23.179688,23.109375,22.898438,22.492188,21.742188,18.625,18.445312,19.007812,19.34375,19.492188,19.554688,19.632812,19.695312
8378,2021-08-11 16:30:00,3522,27.171875,24.484375,23.890625,24.007812,23.9375,24.046875,23.851562,23.554688,22.867188,18.921875,18.46875,19.0,19.335938,19.484375,19.5625,19.632812,19.695312
8379,2021-08-11 16:45:00,3528,27.632812,25.445312,25.023438,25.054688,24.882812,25.0625,24.882812,24.585938,23.851562,19.210938,18.484375,18.992188,19.328125,19.484375,19.5625,19.640625,19.703125
8380,2021-08-11 17:00:00,3528,27.84375,25.90625,25.210938,25.1875,25.09375,25.382812,25.25,25.070312,24.460938,19.453125,18.515625,18.992188,19.320312,19.484375,19.570312,19.640625,19.703125
8381,2021-08-11 17:15:00,3528,29.054688,27.023438,26.5,26.28125,26.210938,26.46875,26.296875,26.101562,25.46875,19.75,18.554688,18.984375,19.320312,19.476562,19.570312,19.648438,19.703125
8382,2021-08-11 17:30:00,3534,29.65625,27.242188,26.296875,26.304688,26.210938,26.695312,26.679688,26.648438,26.09375,20.03125,18.601562,18.976562,19.3125,19.484375,19.570312,19.648438,19.710938
8383,2021-08-11 17:45:00,3528,30.601562,28.726562,27.507812,27.921875,27.320312,27.617188,27.46875,27.375,26.828125,20.320312,18.648438,18.984375,19.3125,19.484375,19.578125,19.65625,19.710938
8384,2021-08-11 18:00:00,3534,31.085938,28.890625,28.070312,28.28125,27.414062,27.820312,27.78125,27.742188,27.203125,20.554688,18.703125,18.976562,19.304688,19.484375,19.578125,19.65625,19.71875
8385,2021-08-11 18:15:00,3540,31.664062,28.976562,29.101562,28.242188,27.429688,27.898438,27.890625,28.023438,27.65625,20.820312,18.765625,18.984375,19.304688,19.484375,19.578125,19.65625,19.71875
8386,2021-08-11 18:30:00,3534,32.476562,30.273438,31.320312,29.257812,28.414062,28.5,28.484375,28.445312,27.898438,21.007812,18.828125,18.992188,19.296875,19.476562,19.578125,19.664062,19.71875
8387,2021-08-11 18:45:00,3540,32.710938,29.945312,30.882812,28.5,27.820312,28.203125,28.382812,28.554688,28.140625,21.195312,18.890625,18.992188,19.289062,19.476562,19.578125,19.664062,19.71875
8388,2021-08-11 19:00:00,3528,32.921875,30.21875,30.289062,28.101562,27.984375,28.6875,29.140625,29.40625,28.796875,21.414062,18.976562,19.007812,19.289062,19.476562,19.585938,19.671875,19.71875
8389,2021-08-11 19:15:00,3540,32.820312,30.585938,29.390625,28.242188,28.382812,29.320312,29.835938,30.078125,29.5,21.734375,19.046875,19.015625,19.289062,19.476562,19.585938,19.664062,19.726562
8390,2021-08-11 19:30:00,3540,32.25,29.671875,28.820312,27.84375,28.046875,29.273438,30.054688,30.421875,29.84375,21.929688,19.125,19.03125,19.28125,19.476562,19.59375,19.671875,19.726562
8391,2021-08-11 19:45:00,3546,31.289062,28.570312,27.539062,26.578125,26.625,27.976562,28.890625,29.304688,28.914062,22.070312,19.195312,19.054688,19.289062,19.476562,19.59375,19.671875,19.726562
8392,2021-08-11 20:00:00,3540,31.132812,29.757812,29.085938,28.359375,29.226562,30.335938,31.585938,31.617188,30.914062,22.398438,19.28125,19.0625,19.289062,19.46875,19.585938,19.679688,19.726562
8393,2021-08-11 20:15:00,3546,31.671875,30.726562,29.914062,29.429688,30.304688,31.546875,32.6875,32.484375,31.804688,22.734375,19.367188,19.09375,19.28125,19.46875,19.585938,19.679688,19.734375
8394,2021-08-11 20:30:00,3546,31.773438,30.171875,28.914062,28.601562,29.390625,30.898438,32.015625,31.601562,30.90625,22.78125,19.453125,19.109375,19.28125,19.46875,19.585938,19.679688,19.726562
8395,2021-08-11 20:45:00,3546,31.296875,28.929688,27.210938,26.828125,27.21875,29.273438,30.070312,30.125,29.78125,22.8125,19.546875,19.140625,19.289062,19.46875,19.59375,19.6875,19.726562
8396,2021-08-11 21:00:00,3546,30.226562,28.320312,26.984375,26.820312,27.546875,29.703125,30.765625,30.992188,30.773438,22.953125,19.632812,19.164062,19.289062,19.46875,19.59375,19.6875,19.734375
8397,2021-08-11 21:15:00,3546,31.054688,29.882812,28.492188,28.859375,29.484375,31.609375,32.5,32.140625,31.546875,23.109375,19.71875,19.195312,19.296875,19.46875,19.59375,19.6875,19.742188
8398,2021-08-11 21:30:00,3552,30.953125,29.585938,28.445312,29.140625,30.046875,32.125,33.25,33.09375,32.429688,23.328125,19.8125,19.21875,19.304688,19.476562,19.59375,19.6875,19.734375
8399,2021-08-11 21:45:00,3546,30.6875,29.375,27.90625,28.53125,29.398438,31.335938,32.125,31.8125,30.929688,23.304688,19.890625,19.25,19.304688,19.46875,19.59375,19.695312,19.742188
8400,2021-08-11 22:00:00,3546,29.960938,28.265625,26.914062,27.296875,27.835938,29.65625,30.132812,30.117188,29.726562,23.125,19.976562,19.28125,19.3125,19.46875,19.59375,19.695312,19.75
8401,2021-08-11 22:15:00,3546,28.882812,26.765625,25.570312,26.078125,26.9375,28.648438,29.257812,29.570312,29.242188,23.101562,20.054688,19.320312,19.3125,19.46875,19.59375,19.695312,19.75
8402,2021-08-11 22:30:00,3546,28.273438,27.054688,26.179688,26.765625,28.328125,28.914062,29.296875,29.484375,28.585938,22.96875,20.132812,19.367188,19.328125,19.46875,19.601562,19.703125,19.742188
8403,2021-08-11 22:45:00,3546,28.0625,26.617188,26.039062,26.867188,28.351562,29.625,29.90625,30.226562,29.390625,23.023438,20.203125,19.398438,19.335938,19.476562,19.601562,19.703125,19.757812
8404,2021-08-11 23:00:00,3546,26.945312,25.4375,25.070312,25.773438,27.070312,28.1875,28.546875,28.8125,28.320312,22.96875,20.265625,19.4375,19.351562,19.476562,19.601562,19.703125,19.757812
8405,2021-08-11 23:15:00,3546,25.65625,23.828125,23.453125,23.992188,24.273438,25.0,25.234375,25.578125,25.867188,22.65625,20.320312,19.476562,19.367188,19.476562,19.601562,19.703125,19.765625
8406,2021-08-11 23:30:00,3546,23.679688,21.757812,21.476562,21.632812,21.65625,21.992188,22.195312,22.578125,23.054688,22.085938,20.375,19.507812,19.375,19.484375,19.601562,19.703125,19.765625
8407,2021-08-11 23:45:00,3546,22.453125,20.90625,20.65625,20.742188,20.726562,20.914062,21.015625,21.234375,21.554688,21.585938,20.421875,19.554688,19.390625,19.484375,19.601562,19.710938,19.765625
8408,2021-08-12 00:00:00,3546,21.65625,20.617188,20.523438,20.601562,20.601562,20.6875,20.820312,21.023438,21.304688,21.351562,20.445312,19.585938,19.40625,19.484375,19.609375,19.71875,19.773438
8409,2021-08-12 00:15:00,3552,21.078125,20.132812,20.039062,20.132812,20.125,20.265625,20.367188,20.570312,20.851562,21.132812,20.453125,19.632812,19.429688,19.492188,19.609375,19.710938,19.78125
8410,2021-08-12 00:30:00,3546,20.382812,19.453125,19.320312,19.460938,19.4375,19.632812,19.765625,20.023438,20.359375,20.960938,20.453125,19.65625,19.445312,19.5,19.609375,19.726562,19.789062
8411,2021-08-12 00:45:00,3552,19.734375,18.65625,18.46875,18.601562,18.578125,18.859375,19.015625,19.359375,19.804688,20.78125,20.445312,19.695312,19.46875,19.5,19.617188,19.71875,19.796875
8412,2021-08-12 01:00:00,3552,19.179688,18.34375,18.203125,18.3125,18.304688,18.507812,18.679688,18.984375,19.375,20.625,20.429688,19.734375,19.476562,19.507812,19.625,19.71875,19.796875
8413,2021-08-12 01:15:00,3546,18.664062,17.796875,17.640625,17.757812,17.742188,17.945312,18.09375,18.421875,18.851562,20.421875,20.414062,19.765625,19.5,19.515625,19.625,19.734375,19.804688
8414,2021-08-12 01:30:00,3546,17.953125,17.007812,16.859375,17.007812,16.960938,17.21875,17.351562,17.710938,18.210938,20.257812,20.390625,19.789062,19.523438,19.523438,19.625,19.734375,19.8125
8415,2021-08-12 01:45:00,3546,17.359375,16.421875,16.242188,16.429688,16.398438,16.71875,16.96875,17.398438,17.921875,20.101562,20.367188,19.8125,19.539062,19.53125,19.632812,19.742188,19.820312
8416,2021-08-12 02:00:00,3546,17.0,16.109375,15.9296875,16.078125,16.046875,16.367188,16.585938,17.046875,17.640625,19.96875,20.335938,19.828125,19.5625,19.539062,19.625,19.742188,19.820312
8417,2021-08-12 02:15:00,3552,16.632812,15.703125,15.53125,15.6484375,15.6015625,15.8828125,16.085938,16.539062,17.117188,19.789062,20.296875,19.84375,19.570312,19.546875,19.648438,19.75,19.835938
8418,2021-08-12 02:30:00,3540,16.398438,15.46875,15.296875,15.4296875,15.390625,15.6953125,15.9296875,16.421875,16.976562,19.65625,20.265625,19.867188,19.59375,19.5625,19.648438,19.757812,19.84375
8419,2021-08-12 02:45:00,3540,16.164062,15.15625,14.9296875,15.09375,15.078125,15.4453125,15.6796875,16.125,16.726562,19.546875,20.226562,19.882812,19.617188,19.570312,19.65625,19.765625,19.851562
8420,2021-08-12 03:00:00,3540,15.7734375,14.875,14.6875,14.8828125,14.8515625,15.1953125,15.4453125,15.921875,16.507812,19.445312,20.195312,19.890625,19.632812,19.578125,19.664062,19.765625,19.851562
8421,2021-08-12 03:15:00,3546,15.484375,14.546875,14.234375,14.4921875,14.46875,15.03125,15.296875,15.7734375,16.359375,19.3125,20.15625,19.898438,19.648438,19.59375,19.664062,19.773438,19.867188
8422,2021-08-12 03:30:00,3540,15.09375,14.078125,13.7890625,13.953125,13.8671875,14.2890625,14.5,15.0703125,15.6796875,19.164062,20.117188,19.90625,19.664062,19.601562,19.679688,19.78125,19.875
8423,2021-08-12 03:45:00,3540,14.8203125,13.75,13.4140625,13.515625,13.4609375,13.8203125,13.9921875,14.4296875,15.0703125,18.953125,20.078125,19.914062,19.6875,19.609375,19.679688,19.789062,19.882812
8424,2021-08-12 04:00:00,3540,14.6484375,13.7421875,13.484375,13.4453125,13.453125,13.59375,13.7265625,14.1015625,14.734375,18.789062,20.039062,19.921875,19.703125,19.632812,19.6875,19.796875,19.890625
8425,2021-08-12 04:15:00,3540,14.5390625,13.7578125,13.640625,13.6171875,13.5546875,13.671875,13.859375,14.3203125,14.890625,18.71875,19.992188,19.921875,19.71875,19.640625,19.695312,19.804688,19.90625
8426,2021-08-12 04:30:00,3546,14.4609375,13.8125,13.6875,13.75,13.6171875,13.8203125,13.9765625,14.4453125,15.046875,18.65625,19.953125,19.921875,19.734375,19.648438,19.703125,19.8125,19.914062
8427,2021-08-12 04:45:00,3540,14.3359375,13.8671875,13.7109375,13.8359375,13.7578125,14.0078125,14.1953125,14.6875,15.2734375,18.632812,19.90625,19.921875,19.75,19.664062,19.710938,19.820312,19.921875
8428,2021-08-12 05:00:00,3528,14.171875,13.578125,13.4296875,13.5859375,13.5234375,13.8984375,14.109375,14.59375,15.1796875,18.5625,19.859375,19.921875,19.765625,19.679688,19.71875,19.828125,19.929688
8429,2021-08-12 05:15:00,3546,14.078125,13.3828125,13.15625,13.265625,13.1640625,13.5234375,13.734375,14.2890625,14.9609375,18.484375,19.820312,19.921875,19.773438,19.695312,19.734375,19.835938,19.945312
8430,2021-08-12 05:30:00,3534,14.03125,13.484375,13.328125,13.46875,13.4375,13.734375,13.9765625,14.4453125,15.0546875,18.4375,19.773438,19.921875,19.789062,19.703125,19.742188,19.851562,19.953125
8431,2021-08-12 05:45:00,3540,13.9921875,13.4296875,13.2734375,13.4609375,13.4296875,13.8515625,14.1171875,14.6875,15.3125,18.4375,19.734375,19.921875,19.804688,19.71875,19.75,19.851562,19.96875
8432,2021-08-12 06:00:00,3540,13.9375,13.1875,12.9921875,13.1796875,13.109375,13.5234375,13.7109375,14.21875,14.8046875,18.34375,19.695312,19.914062,19.8125,19.726562,19.757812,19.859375,19.976562
8433,2021-08-12 06:15:00,3540,13.7734375,13.09375,12.9296875,13.0703125,13.015625,13.3828125,13.578125,14.078125,14.7265625,18.265625,19.65625,19.90625,19.820312,19.742188,19.773438,19.867188,19.984375
8434,2021-08-12 06:30:00,3540,13.734375,13.3359375,13.1484375,13.28125,13.234375,13.6328125,13.875,14.34375,14.8984375,18.226562,19.617188,19.898438,19.835938,19.757812,19.78125,19.882812,19.992188
8435,2021-08-12 06:45:00,3540,13.7265625,13.3828125,13.1953125,13.3828125,13.3828125,13.7890625,14.0703125,14.59375,15.1484375,18.234375,19.585938,19.882812,19.84375,19.765625,19.789062,19.890625,20.007812
8436,2021-08-12 07:00:00,3540,13.71875,13.15625,12.8984375,12.9765625,12.875,13.2578125,13.453125,13.984375,14.703125,18.171875,19.554688,19.882812,19.851562,19.78125,19.804688,19.898438,20.015625
8437,2021-08-12 07:15:00,3528,13.6171875,13.0859375,12.828125,12.9375,12.890625,13.28125,13.5234375,14.0234375,14.65625,18.09375,19.523438,19.867188,19.851562,19.789062,19.8125,19.90625,20.015625
8438,2021-08-12 07:30:00,3546,13.5,12.65625,12.4375,12.3984375,12.3671875,12.703125,12.8828125,13.359375,14.015625,17.96875,19.484375,19.859375,19.867188,19.804688,19.820312,19.914062,20.03125
8439,2021-08-12 07:45:00,3534,13.3046875,12.484375,12.3046875,12.2109375,12.203125,12.3515625,12.5,12.953125,13.6171875,17.820312,19.453125,19.851562,19.867188,19.8125,19.828125,19.921875,20.046875
8440,2021-08-12 08:00:00,3534,13.1015625,12.5,12.5078125,12.3046875,12.453125,12.03125,12.1640625,12.5078125,13.0703125,17.664062,19.421875,19.84375,19.875,19.820312,19.84375,19.9375,20.046875
8441,2021-08-12 08:15:00,3528,13.2578125,13.1640625,13.234375,13.2421875,13.1640625,13.109375,13.234375,13.53125,13.9765625,17.695312,19.382812,19.835938,19.882812,19.828125,19.859375,19.9375,20.0625
8442,2021-08-12 08:30:00,3534,13.4609375,13.2734375,13.2890625,13.375,13.3125,13.3984375,13.5078125,13.8046875,14.28125,17.742188,19.335938,19.828125,19.890625,19.84375,19.867188,19.953125,20.070312
8443,2021-08-12 08:45:00,3534,13.53125,13.2421875,13.21875,13.28125,13.1953125,13.2578125,13.40625,13.8046875,14.28125,17.710938,19.304688,19.804688,19.890625,19.851562,19.875,19.96875,20.078125
8444,2021-08-12 09:00:00,3534,13.59375,13.4609375,13.4609375,13.59375,13.5,13.6328125,13.7421875,14.0859375,14.546875,17.742188,19.265625,19.796875,19.890625,19.867188,19.882812,19.96875,20.09375
8445,2021-08-12 09:15:00,3528,13.6015625,13.3984375,13.34375,13.484375,13.3828125,13.5703125,13.6640625,14.046875,14.6328125,17.742188,19.242188,19.78125,19.898438,19.875,19.890625,19.976562,20.101562
8446,2021-08-12 09:30:00,3534,13.4609375,13.3359375,13.3359375,13.5078125,13.4609375,13.6875,13.84375,14.171875,14.640625,17.703125,19.210938,19.773438,19.898438,19.882812,19.90625,19.992188,20.109375
8447,2021-08-12 09:45:00,3534,13.4609375,13.375,13.3828125,13.5625,13.5703125,13.8125,14.0,14.3671875,14.8515625,17.710938,19.171875,19.765625,19.90625,19.890625,19.914062,20.0,20.117188
8448,2021-08-12 10:00:00,3528,13.5546875,13.5078125,13.5078125,13.6875,13.7109375,14.0078125,14.2109375,14.5703125,15.03125,17.75,19.148438,19.75,19.90625,19.898438,19.921875,20.007812,20.125
8449,2021-08-12 10:15:00,3534,13.6171875,13.5546875,13.5546875,13.75,13.8046875,14.1328125,14.3828125,14.796875,15.2890625,17.78125,19.125,19.726562,19.898438,19.90625,19.9375,20.015625,20.140625
8450,2021-08-12 10:30:00,3528,13.640625,13.5390625,13.546875,13.7421875,13.7890625,14.1328125,14.375,14.7578125,15.25,17.789062,19.101562,19.71875,19.90625,19.914062,19.945312,20.03125,20.140625
8451,2021-08-12 10:45:00,3534,13.6328125,13.5234375,13.5234375,13.7109375,13.7578125,14.1015625,14.34375,14.734375,15.234375,17.796875,19.078125,19.703125,19.898438,19.921875,19.953125,20.039062,20.15625
8452,2021-08-12 11:00:00,3528,13.6875,13.5703125,13.578125,13.765625,13.8359375,14.2109375,14.4921875,14.8984375,15.3828125,17.804688,19.0625,19.695312,19.898438,19.929688,19.960938,20.039062,20.15625
8453,2021-08-12 11:15:00,3528,13.6484375,13.46875,13.46875,13.640625,13.7109375,14.078125,14.3515625,14.765625,15.265625,17.796875,19.039062,19.671875,19.898438,19.9375,19.96875,20.054688,20.164062
8454,2021-08-12 11:30:00,3534,13.5625,13.3671875,13.3671875,13.53125,13.59375,13.9453125,14.203125,14.625,15.1015625,17.773438,19.03125,19.664062,19.898438,19.9375,19.976562,20.0625,20.171875
8455,2021-08-12 11:45:00,3528,13.4921875,13.3046875,13.3125,13.4453125,13.4921875,13.8203125,14.046875,14.4375,14.9375,17.734375,19.015625,19.648438,19.898438,19.945312,19.984375,20.070312,20.179688
8456,2021-08-12 12:00:00,3528,13.3359375,13.140625,13.1171875,13.234375,13.2734375,13.5703125,13.8046875,14.2109375,14.6953125,17.664062,19.0,19.640625,19.890625,19.953125,19.992188,20.078125,20.1875
8457,2021-08-12 12:15:00,3528,13.2109375,12.984375,12.953125,13.09375,13.0859375,13.4375,13.6328125,14.0390625,14.609375,17.632812,18.984375,19.625,19.890625,19.953125,20.0,20.078125,20.1875
8458,2021-08-12 12:30:00,3528,13.125,12.7578125,12.703125,12.765625,12.765625,13.140625,13.390625,13.875,14.390625,17.5625,18.96875,19.617188,19.890625,19.960938,20.007812,20.09375,20.195312
8459,2021-08-12 12:45:00,3522,13.1875,12.828125,12.765625,12.8359375,12.8515625,13.15625,13.3984375,13.8203125,14.28125,17.492188,18.953125,19.601562,19.882812,19.960938,20.015625,20.101562,20.195312
8460,2021-08-12 13:00:00,3522,13.296875,13.109375,13.140625,13.15625,13.1796875,13.375,13.5703125,13.9453125,14.453125,17.507812,18.929688,19.59375,19.882812,19.96875,20.023438,20.109375,20.203125
8461,2021-08-12 13:15:00,3528,13.3203125,13.109375,13.1171875,13.203125,13.1796875,13.453125,13.625,14.015625,14.5703125,17.53125,18.914062,19.570312,19.875,19.96875,20.023438,20.117188,20.210938
8462,2021-08-12 13:30:00,3528,13.328125,12.90625,12.9375,12.7890625,12.9140625,12.8984375,13.015625,13.359375,13.9453125,17.4375,18.890625,19.5625,19.875,19.976562,20.03125,20.125,20.21875
8463,2021-08-12 13:45:00,3522,13.4921875,13.3359375,13.390625,13.34375,13.4140625,13.375,13.5234375,13.8046875,14.2734375,17.429688,18.875,19.554688,19.867188,19.984375,20.039062,20.132812,20.226562
8464,2021-08-12 14:00:00,3522,13.7734375,13.8359375,13.90625,13.9609375,13.9609375,14.046875,14.21875,14.5078125,14.84375,17.46875,18.859375,19.539062,19.867188,19.984375,20.046875,20.140625,20.226562
8465,2021-08-12 14:15:00,3522,14.1953125,14.3046875,14.34375,14.359375,14.40625,14.4921875,14.671875,14.9609375,15.3203125,17.5625,18.835938,19.53125,19.859375,19.976562,20.046875,20.140625,20.226562
8466,2021-08-12 14:30:00,3528,14.609375,14.65625,14.625,14.7265625,14.7734375,14.90625,15.03125,15.2734375,15.59375,17.640625,18.820312,19.515625,19.859375,19.984375,20.0625,20.148438,20.226562
8467,2021-08-12 14:45:00,3522,15.078125,15.21875,15.2265625,15.2734375,15.328125,15.4140625,15.5625,15.7734375,16.015625,17.710938,18.804688,19.5,19.851562,19.992188,20.0625,20.148438,20.234375
8468,2021-08-12 15:00:00,3522,16.84375,17.882812,18.148438,17.742188,17.929688,17.023438,17.03125,16.71875,16.414062,17.726562,18.796875,19.492188,19.84375,19.984375,20.0625,20.15625,20.234375
8469,2021-08-12 15:15:00,3528,19.132812,19.445312,19.3125,19.320312,19.1875,19.070312,18.804688,18.484375,18.046875,17.898438,18.789062,19.484375,19.84375,19.984375,20.070312,20.164062,20.234375
8470,2021-08-12 15:30:00,3516,19.289062,18.578125,18.257812,18.429688,18.570312,18.859375,18.867188,18.84375,18.65625,18.148438,18.78125,19.46875,19.835938,19.992188,20.070312,20.164062,20.242188
8471,2021-08-12 15:45:00,3522,19.234375,18.109375,17.75,17.9375,18.09375,18.601562,18.75,18.867188,18.835938,18.3125,18.78125,19.460938,19.828125,19.992188,20.078125,20.171875,20.242188
8472,2021-08-12 16:00:00,3522,18.6875,17.546875,17.226562,17.359375,17.53125,17.90625,18.09375,18.296875,18.367188,18.335938,18.78125,19.445312,19.828125,19.992188,20.078125,20.179688,20.242188
8473,2021-08-12 16:15:00,3516,18.164062,17.171875,16.859375,17.070312,17.257812,17.640625,17.828125,18.0,18.109375,18.351562,18.789062,19.4375,19.8125,19.992188,20.078125,20.179688,20.242188
8474,2021-08-12 16:30:00,3528,19.515625,19.007812,18.765625,18.65625,18.796875,18.90625,18.976562,19.0,18.851562,18.453125,18.796875,19.429688,19.8125,19.992188,20.085938,20.179688,20.242188
8475,2021-08-12 16:45:00,3522,20.226562,19.820312,19.695312,19.65625,19.734375,19.78125,19.851562,19.835938,19.59375,18.570312,18.8125,19.421875,19.804688,19.992188,20.09375,20.1875,20.242188
8476,2021-08-12 17:00:00,3516,21.96875,21.585938,21.234375,21.382812,21.382812,21.757812,21.820312,21.773438,21.351562,18.875,18.820312,19.40625,19.796875,19.984375,20.09375,20.1875,20.25
8477,2021-08-12 17:15:00,3522,25.210938,25.179688,24.320312,24.039062,23.914062,23.875,23.726562,23.421875,22.703125,19.117188,18.835938,19.40625,19.796875,19.992188,20.101562,20.195312,20.242188
8478,2021-08-12 17:30:00,3516,27.796875,27.546875,26.710938,26.726562,26.46875,26.421875,26.171875,25.828125,25.046875,19.5625,18.851562,19.398438,19.789062,19.984375,20.101562,20.195312,20.25
8479,2021-08-12 17:45:00,3528,28.78125,26.960938,26.242188,26.546875,26.078125,26.265625,26.171875,26.148438,25.742188,19.976562,18.882812,19.390625,19.78125,19.976562,20.101562,20.195312,20.25
8480,2021-08-12 18:00:00,3522,29.21875,26.945312,26.390625,26.523438,26.054688,26.5,26.585938,26.664062,26.226562,20.265625,18.914062,19.390625,19.773438,19.976562,20.101562,20.203125,20.242188
8481,2021-08-12 18:15:00,3528,30.101562,27.875,28.203125,27.382812,26.789062,26.882812,26.71875,26.734375,26.375,20.507812,18.96875,19.382812,19.773438,19.976562,20.109375,20.203125,20.25
8482,2021-08-12 18:30:00,3528,30.96875,28.84375,29.828125,28.21875,27.828125,28.03125,28.070312,28.0625,27.492188,20.804688,19.023438,19.382812,19.757812,19.976562,20.109375,20.203125,20.25
8483,2021-08-12 18:45:00,3534,31.492188,28.59375,28.929688,27.867188,27.289062,27.609375,27.617188,27.679688,27.429688,21.039062,19.078125,19.390625,19.757812,19.976562,20.109375,20.203125,20.25
8484,2021-08-12 19:00:00,3522,32.265625,29.90625,29.820312,28.617188,28.453125,29.039062,29.289062,29.359375,28.710938,21.304688,19.140625,19.382812,19.75,19.976562,20.109375,20.210938,20.242188
8485,2021-08-12 19:15:00,3522,32.226562,29.773438,28.601562,28.117188,27.882812,28.523438,28.929688,29.132812,28.585938,21.546875,19.210938,19.390625,19.75,19.96875,20.109375,20.203125,20.242188
8486,2021-08-12 19:30:00,3534,32.234375,29.59375,29.054688,28.476562,28.5625,29.804688,30.476562,30.757812,30.101562,21.945312,19.289062,19.40625,19.742188,19.96875,20.109375,20.210938,20.242188
8487,2021-08-12 19:45:00,3528,31.929688,29.460938,28.789062,28.3125,28.390625,29.585938,30.335938,30.414062,29.820312,22.15625,19.359375,19.40625,19.742188,19.960938,20.101562,20.210938,20.242188
8488,2021-08-12 20:00:00,3534,30.84375,28.289062,27.390625,26.578125,26.648438,27.507812,28.265625,28.398438,28.078125,22.117188,19.445312,19.429688,19.742188,19.96875,20.109375,20.203125,20.234375
8489,2021-08-12 20:15:00,3540,29.523438,26.601562,25.726562,24.734375,24.820312,26.203125,27.117188,27.4375,27.171875,22.109375,19.53125,19.445312,19.742188,19.960938,20.109375,20.203125,20.234375
8490,2021-08-12 20:30:00,3540,27.898438,25.039062,23.882812,23.085938,23.28125,24.296875,25.273438,25.429688,25.445312,21.960938,19.617188,19.460938,19.734375,19.960938,20.101562,20.203125,20.234375
8491,2021-08-12 20:45:00,3540,26.390625,24.023438,23.0625,22.875,23.429688,24.648438,25.625,25.898438,25.75,21.867188,19.695312,19.476562,19.726562,19.960938,20.101562,20.203125,20.234375
8492,2021-08-12 21:00:00,3540,25.96875,24.84375,24.09375,23.9375,24.75,26.335938,27.335938,27.601562,27.304688,22.015625,19.765625,19.5,19.734375,19.953125,20.109375,20.210938,20.234375
8493,2021-08-12 21:15:00,3540,26.742188,25.515625,24.289062,25.0,25.5625,27.242188,28.0625,27.976562,27.507812,22.1875,19.835938,19.53125,19.734375,19.953125,20.101562,20.210938,20.234375
8494,2021-08-12 21:30:00,3540,27.984375,26.859375,25.617188,26.4375,26.984375,28.414062,28.960938,28.570312,27.828125,22.304688,19.898438,19.554688,19.734375,19.945312,20.109375,20.203125,20.234375
8495,2021-08-12 21:45:00,3540,28.382812,27.46875,26.671875,27.304688,28.15625,29.484375,30.21875,30.164062,29.390625,22.570312,19.960938,19.578125,19.734375,19.945312,20.109375,20.210938,20.234375
8496,2021-08-12 22:00:00,3540,27.976562,26.335938,25.601562,26.046875,26.742188,28.4375,29.179688,29.265625,29.007812,22.75,20.023438,19.609375,19.742188,19.945312,20.101562,20.203125,20.226562
8497,2021-08-12 22:15:00,3540,27.539062,26.3125,25.289062,25.890625,26.648438,28.007812,28.679688,28.664062,28.257812,22.703125,20.09375,19.632812,19.75,19.945312,20.101562,20.210938,20.226562
8498,2021-08-12 22:30:00,3546,26.84375,25.59375,24.710938,25.359375,26.4375,26.757812,26.867188,26.921875,26.5625,22.46875,20.15625,19.664062,19.75,19.9375,20.101562,20.203125,20.226562
8499,2021-08-12 22:45:00,3546,26.296875,25.148438,24.65625,25.140625,26.445312,27.421875,27.84375,28.257812,27.6875,22.625,20.226562,19.695312,19.757812,19.945312,20.101562,20.203125,20.226562
8500,2021-08-12 23:00:00,3540,25.351562,24.132812,23.757812,24.234375,25.664062,26.203125,26.507812,26.867188,26.570312,22.46875,20.28125,19.726562,19.765625,19.945312,20.101562,20.203125,20.21875
8501,2021-08-12 23:15:00,3534,24.148438,22.601562,22.195312,22.648438,22.9375,23.476562,23.640625,23.992188,24.203125,22.15625,20.335938,19.757812,19.78125,19.945312,20.101562,20.195312,20.21875
8502,2021-08-12 23:30:00,3540,22.859375,21.414062,21.148438,21.328125,21.453125,21.859375,22.140625,22.539062,22.882812,21.796875,20.382812,19.789062,19.773438,19.945312,20.101562,20.203125,20.21875
8503,2021-08-12 23:45:00,3546,21.867188,20.796875,20.601562,20.773438,20.890625,21.25,21.507812,21.859375,22.1875,21.554688,20.421875,19.8125,19.796875,19.9375,20.09375,20.203125,20.226562
8504,2021-08-13 00:00:00,3540,21.320312,20.304688,20.09375,20.320312,20.382812,20.703125,20.90625,21.195312,21.484375,21.3125,20.445312,19.851562,19.804688,19.945312,20.101562,20.203125,20.21875
8505,2021-08-13 00:15:00,3546,20.71875,19.757812,19.585938,19.796875,19.867188,20.203125,20.4375,20.742188,21.03125,21.15625,20.46875,19.875,19.8125,19.945312,20.09375,20.203125,20.226562
8506,2021-08-13 00:30:00,3534,20.21875,19.429688,19.34375,19.382812,19.445312,19.601562,19.75,20.0,20.328125,20.953125,20.46875,19.90625,19.828125,19.953125,20.09375,20.195312,20.226562
8507,2021-08-13 00:45:00,3540,20.039062,19.523438,19.515625,19.546875,19.601562,19.664062,19.796875,19.96875,20.164062,20.75,20.46875,19.9375,19.835938,19.953125,20.09375,20.195312,20.226562
8508,2021-08-13 01:00:00,3540,19.875,19.3125,19.28125,19.351562,19.382812,19.492188,19.625,19.8125,20.0,20.625,20.46875,19.960938,19.851562,19.953125,20.101562,20.203125,20.21875
8509,2021-08-13 01:15:00,3540,19.6875,19.179688,19.179688,19.203125,19.21875,19.242188,19.335938,19.476562,19.664062,20.453125,20.453125,19.984375,19.867188,19.960938,20.09375,20.203125,20.21875
8510,2021-08-13 01:30:00,3552,19.585938,19.203125,19.234375,19.273438,19.265625,19.273438,19.34375,19.453125,19.609375,20.328125,20.4375,20.007812,19.875,19.960938,20.09375,20.195312,20.21875
8511,2021-08-13 01:45:00,3540,19.445312,18.890625,18.898438,18.898438,18.867188,18.859375,18.945312,19.09375,19.304688,20.226562,20.421875,20.03125,19.898438,19.960938,20.101562,20.203125,20.226562
8512,2021-08-13 02:00:00,3528,19.25,18.609375,18.5625,18.617188,18.554688,18.664062,18.765625,18.9375,19.085938,20.09375,20.398438,20.046875,19.90625,19.96875,20.101562,20.203125,20.226562
8513,2021-08-13 02:15:00,3534,19.085938,18.765625,18.789062,18.835938,18.796875,18.789062,18.835938,18.9375,19.078125,20.03125,20.375,20.0625,19.921875,19.976562,20.101562,20.203125,20.226562
8514,2021-08-13 02:30:00,3540,18.882812,18.375,18.367188,18.445312,18.398438,18.539062,18.640625,18.859375,19.109375,20.03125,20.335938,20.078125,19.9375,19.976562,20.101562,20.210938,20.234375
8515,2021-08-13 02:45:00,3540,18.328125,17.585938,17.53125,17.664062,17.585938,17.796875,17.898438,18.171875,18.523438,19.921875,20.3125,20.09375,19.953125,19.984375,20.109375,20.203125,20.234375
8516,2021-08-13 03:00:00,3546,17.570312,16.679688,16.59375,16.71875,16.640625,16.875,17.007812,17.335938,17.75,19.75,20.289062,20.101562,19.960938,19.992188,20.101562,20.210938,20.242188
8517,2021-08-13 03:15:00,3534,16.984375,16.085938,15.90625,16.09375,16.03125,16.398438,16.640625,17.070312,17.484375,19.625,20.265625,20.109375,19.976562,20.0,20.109375,20.203125,20.242188
8518,2021-08-13 03:30:00,3534,16.46875,15.5859375,15.46875,15.6171875,15.5546875,15.8984375,16.117188,16.570312,17.085938,19.515625,20.234375,20.117188,19.992188,20.007812,20.117188,20.210938,20.242188
8519,2021-08-13 03:45:00,3534,15.9765625,15.2109375,15.1484375,15.265625,15.1875,15.4609375,15.6875,16.140625,16.671875,19.382812,20.210938,20.125,20.007812,20.007812,20.117188,20.21875,20.25
8520,2021-08-13 04:00:00,3534,15.625,14.9140625,14.8125,14.90625,14.84375,15.125,15.34375,15.8203125,16.375,19.257812,20.179688,20.125,20.015625,20.023438,20.125,20.21875,20.257812
8521,2021-08-13 04:15:00,3540,15.390625,14.609375,14.46875,14.5859375,14.515625,14.8515625,15.1171875,15.640625,16.15625,19.148438,20.148438,20.132812,20.03125,20.03125,20.125,20.21875,20.257812
8522,2021-08-13 04:30:00,3534,15.125,14.3359375,14.1953125,14.3359375,14.28125,14.6484375,14.9140625,15.4453125,15.96875,19.046875,20.117188,20.140625,20.046875,20.039062,20.125,20.21875,20.265625
8523,2021-08-13 04:45:00,3528,14.9921875,14.2734375,13.953125,14.0859375,14.03125,14.4296875,14.671875,15.15625,15.7578125,18.953125,20.078125,20.140625,20.054688,20.054688,20.132812,20.226562,20.273438
8524,2021-08-13 05:00:00,3534,14.734375,13.953125,13.84375,14.0078125,13.9609375,14.3203125,14.5390625,14.9609375,15.484375,18.84375,20.039062,20.140625,20.070312,20.054688,20.140625,20.234375,20.273438
8525,2021-08-13 05:15:00,3528,14.5234375,13.8359375,13.6953125,13.828125,13.7890625,14.171875,14.390625,14.8359375,15.390625,18.757812,20.007812,20.132812,20.078125,20.0625,20.140625,20.234375,20.273438
8526,2021-08-13 05:30:00,3528,14.2890625,13.71875,13.6328125,13.7578125,13.6953125,14.0078125,14.2109375,14.671875,15.2734375,18.6875,19.96875,20.132812,20.09375,20.078125,20.148438,20.234375,20.28125
8527,2021-08-13 05:45:00,3540,14.21875,13.90625,13.8984375,14.015625,14.0390625,14.34375,14.6015625,15.0234375,15.578125,18.671875,19.9375,20.132812,20.09375,20.085938,20.15625,20.242188,20.289062
8528,2021-08-13 06:00:00,3528,14.2578125,13.8828125,13.8671875,14.0078125,14.0234375,14.3828125,14.640625,15.09375,15.6796875,18.671875,19.898438,20.125,20.101562,20.09375,20.164062,20.242188,20.296875
8529,2021-08-13 06:15:00,3528,14.1015625,13.6171875,13.5859375,13.734375,13.7265625,14.1171875,14.3671875,14.890625,15.515625,18.625,19.867188,20.125,20.117188,20.101562,20.164062,20.25,20.296875
8530,2021-08-13 06:30:00,3528,13.8828125,13.4921875,13.46875,13.6171875,13.6015625,13.96875,14.234375,14.7890625,15.421875,18.5625,19.828125,20.117188,20.125,20.109375,20.171875,20.25,20.304688
8531,2021-08-13 06:45:00,3528,13.859375,13.5859375,13.5859375,13.671875,13.7109375,14.03125,14.3125,14.796875,15.3828125,18.515625,19.796875,20.109375,20.132812,20.125,20.179688,20.257812,20.304688
8532,2021-08-13 07:00:00,3528,13.8984375,13.671875,13.6875,13.7578125,13.7890625,14.1171875,14.40625,14.890625,15.46875,18.492188,19.765625,20.101562,20.132812,20.125,20.1875,20.265625,20.3125
8533,2021-08-13 07:15:00,3534,13.9375,13.75,13.7578125,13.828125,13.84375,14.1328125,14.3671875,14.796875,15.359375,18.460938,19.734375,20.09375,20.140625,20.132812,20.1875,20.265625,20.320312
8534,2021-08-13 07:30:00,3528,13.921875,13.75,13.7578125,13.8125,13.828125,14.0859375,14.3046875,14.703125,15.2421875,18.414062,19.710938,20.085938,20.140625,20.140625,20.195312,20.273438,20.328125
8535,2021-08-13 07:45:00,3534,13.9375,13.7890625,13.7890625,13.8515625,13.8828125,14.140625,14.3828125,14.78125,15.3203125,18.382812,19.671875,20.078125,20.148438,20.148438,20.203125,20.28125,20.335938
8536,2021-08-13 08:00:00,3522,13.953125,13.796875,13.8046875,13.875,13.9140625,14.1796875,14.4296875,14.84375,15.359375,18.367188,19.648438,20.070312,20.15625,20.15625,20.210938,20.28125,20.328125
8537,2021-08-13 08:15:00,3528,13.953125,13.8046875,13.8046875,13.8671875,13.8984375,14.15625,14.421875,14.84375,15.359375,18.328125,19.625,20.0625,20.15625,20.171875,20.210938,20.289062,20.34375
8538,2021-08-13 08:30:00,3528,13.9453125,13.734375,13.7421875,13.8203125,13.8671875,14.1484375,14.4453125,14.8984375,15.4140625,18.328125,19.601562,20.046875,20.164062,20.171875,20.21875,20.296875,20.351562
8539,2021-08-13 08:45:00,3528,13.828125,13.4765625,13.453125,13.578125,13.59375,13.953125,14.25,14.765625,15.328125,18.289062,19.570312,20.039062,20.164062,20.179688,20.226562,20.304688,20.351562
8540,2021-08-13 09:00:00,3528,13.609375,13.1171875,13.0546875,13.1953125,13.1875,13.5703125,13.8515625,14.40625,15.0546875,18.242188,19.554688,20.023438,20.164062,20.179688,20.234375,20.304688,20.359375
8541,2021-08-13 09:15:00,3534,13.328125,12.84375,12.7265625,12.84375,12.8125,13.125,13.359375,13.875,14.53125,18.101562,19.523438,20.015625,20.171875,20.1875,20.242188,20.3125,20.367188
8542,2021-08-13 09:30:00,3528,13.3046875,13.1171875,13.1171875,13.203125,13.2109375,13.46875,13.6796875,14.1015625,14.75,18.0625,19.5,20.007812,20.164062,20.203125,20.25,20.320312,20.375
8543,2021-08-13 09:45:00,3534,13.15625,12.9296875,12.953125,13.046875,13.0234375,13.296875,13.484375,13.9375,14.6015625,18.023438,19.476562,19.992188,20.171875,20.203125,20.25,20.320312,20.375
8544,2021-08-13 10:00:00,3528,13.015625,12.859375,12.890625,12.96875,12.953125,13.203125,13.40625,13.859375,14.453125,17.960938,19.453125,19.984375,20.171875,20.210938,20.257812,20.328125,20.382812
8545,2021-08-13 10:15:00,3534,12.8671875,12.6015625,12.59375,12.7265625,12.703125,13.0703125,13.3125,13.796875,14.3984375,17.921875,19.421875,19.976562,20.164062,20.21875,20.265625,20.335938,20.382812
8546,2021-08-13 10:30:00,3522,12.7109375,12.375,12.375,12.53125,12.4609375,12.7421875,12.9296875,13.359375,13.96875,17.8125,19.390625,19.960938,20.164062,20.21875,20.273438,20.34375,20.390625
8547,2021-08-13 10:45:00,3528,12.6015625,12.125,12.0078125,12.0859375,12.03125,12.3046875,12.5,12.9609375,13.5546875,17.648438,19.367188,19.953125,20.171875,20.226562,20.273438,20.34375,20.390625
8548,2021-08-13 11:00:00,3528,12.5234375,12.0078125,11.859375,11.8828125,11.84375,12.1328125,12.3125,12.7890625,13.4140625,17.5625,19.335938,19.9375,20.164062,20.226562,20.28125,20.34375,20.398438
8549,2021-08-13 11:15:00,3522,12.421875,11.890625,11.7734375,11.875,11.8515625,12.125,12.3203125,12.765625,13.359375,17.46875,19.3125,19.929688,20.164062,20.234375,20.289062,20.351562,20.398438
8550,2021-08-13 11:30:00,3522,12.28125,11.90625,11.90625,11.96875,11.953125,12.1171875,12.265625,12.6171875,13.1640625,17.421875,19.273438,19.914062,20.164062,20.234375,20.296875,20.351562,20.398438
8551,2021-08-13 11:45:00,3516,12.1953125,11.7578125,11.671875,11.71875,11.7109375,11.90625,12.1171875,12.4921875,13.015625,17.328125,19.242188,19.898438,20.15625,20.234375,20.296875,20.367188,20.40625
8552,2021-08-13 12:00:00,3528,12.15625,11.7421875,11.640625,11.609375,11.6171875,11.7578125,11.921875,12.3046875,12.8671875,17.242188,19.203125,19.890625,20.164062,20.242188,20.304688,20.367188,20.40625
8553,2021-08-13 12:15:00,3522,12.09375,11.6953125,11.640625,11.609375,11.6171875,11.6796875,11.8515625,12.1953125,12.71875,17.164062,19.171875,19.867188,20.15625,20.242188,20.304688,20.367188,20.414062
8554,2021-08-13 12:30:00,3528,12.0546875,11.9765625,12.0390625,12.0625,12.1015625,12.109375,12.203125,12.4375,12.8671875,17.140625,19.140625,19.859375,20.15625,20.242188,20.3125,20.382812,20.414062
8555,2021-08-13 12:45:00,3522,12.109375,12.25,12.3828125,12.390625,12.4375,12.2890625,12.40625,12.6171875,13.046875,17.164062,19.101562,19.84375,20.140625,20.25,20.3125,20.375,20.421875
8556,2021-08-13 13:00:00,3522,12.1484375,12.1640625,12.2734375,12.328125,12.2578125,12.34375,12.5,12.78125,13.1875,17.125,19.070312,19.828125,20.140625,20.25,20.320312,20.390625,20.421875
8557,2021-08-13 13:15:00,3522,12.1484375,12.15625,12.2421875,12.3125,12.2578125,12.375,12.5234375,12.828125,13.234375,17.117188,19.039062,19.820312,20.140625,20.257812,20.320312,20.382812,20.421875
8558,2021-08-13 13:30:00,3522,12.546875,12.8046875,12.8984375,13.0390625,13.046875,13.21875,13.3984375,13.671875,14.046875,17.203125,19.007812,19.796875,20.140625,20.257812,20.320312,20.390625,20.429688
8559,2021-08-13 13:45:00,3522,12.8515625,12.9765625,13.046875,13.1875,13.2265625,13.46875,13.6796875,14.015625,14.4609375,17.296875,18.96875,19.78125,20.125,20.257812,20.328125,20.390625,20.429688
8560,2021-08-13 14:00:00,3516,13.015625,13.0703125,13.1171875,13.28125,13.3671875,13.6328125,13.859375,14.203125,14.6328125,17.367188,18.945312,19.757812,20.125,20.25,20.335938,20.398438,20.429688
8561,2021-08-13 14:15:00,3528,13.421875,13.546875,13.625,13.8203125,13.8671875,14.15625,14.375,14.7109375,15.0859375,17.4375,18.921875,19.75,20.117188,20.257812,20.335938,20.40625,20.421875
8562,2021-08-13 14:30:00,3522,13.609375,13.5703125,13.5625,13.703125,13.78125,14.0546875,14.25,14.59375,15.015625,17.476562,18.898438,19.734375,20.109375,20.257812,20.34375,20.398438,20.429688
8563,2021-08-13 14:45:00,3522,13.7421875,13.6328125,13.6171875,13.75,13.8359375,14.1484375,14.3984375,14.7265625,15.140625,17.515625,18.882812,19.710938,20.101562,20.257812,20.335938,20.40625,20.429688
8564,2021-08-13 15:00:00,3522,13.9765625,13.8984375,13.8515625,13.984375,14.0546875,14.34375,14.5703125,14.875,15.2734375,17.554688,18.867188,19.695312,20.101562,20.257812,20.34375,20.40625,20.429688
8565,2021-08-13 15:15:00,3510,14.1328125,14.015625,13.96875,14.078125,14.1484375,14.421875,14.6484375,14.9609375,15.3359375,17.570312,18.84375,19.679688,20.085938,20.257812,20.34375,20.40625,20.429688
8566,2021-08-13 15:30:00,3522,14.359375,14.2890625,14.234375,14.3203125,14.421875,14.6875,14.953125,15.265625,15.5625,17.601562,18.84375,19.65625,20.078125,20.257812,20.34375,20.40625,20.429688
8567,2021-08-13 15:45:00,3516,14.6875,14.703125,14.65625,14.75,14.8984375,15.1640625,15.4453125,15.7265625,15.9921875,17.679688,18.835938,19.648438,20.070312,20.25,20.34375,20.414062,20.429688
8568,2021-08-13 16:00:00,3522,15.2109375,15.2421875,15.15625,15.1953125,15.3515625,15.5390625,15.796875,16.039062,16.226562,17.734375,18.820312,19.625,20.054688,20.25,20.351562,20.414062,20.429688
8569,2021-08-13 16:15:00,3516,17.40625,17.695312,17.507812,17.148438,17.164062,17.070312,17.101562,17.132812,17.09375,17.882812,18.8125,19.609375,20.054688,20.25,20.351562,20.414062,20.429688
8570,2021-08-13 16:30:00,3522,20.460938,19.648438,19.265625,19.117188,19.125,19.0625,18.96875,18.796875,18.507812,18.125,18.804688,19.601562,20.039062,20.25,20.351562,20.414062,20.421875
8571,2021-08-13 16:45:00,3516,22.140625,20.96875,20.820312,20.648438,20.539062,20.625,20.429688,20.21875,19.867188,18.414062,18.804688,19.585938,20.03125,20.25,20.351562,20.414062,20.429688
8572,2021-08-13 17:00:00,3516,23.296875,22.0625,21.585938,21.46875,21.3125,21.59375,21.351562,21.226562,20.882812,18.671875,18.8125,19.570312,20.03125,20.242188,20.351562,20.414062,20.421875
8573,2021-08-13 17:15:00,3510,24.882812,23.53125,23.054688,22.734375,22.703125,22.890625,22.65625,22.507812,22.070312,18.945312,18.828125,19.5625,20.015625,20.242188,20.351562,20.421875,20.421875
8574,2021-08-13 17:30:00,3516,26.304688,25.367188,24.421875,24.023438,24.0,23.96875,23.734375,23.578125,23.109375,19.242188,18.84375,19.546875,20.0,20.234375,20.351562,20.421875,20.421875
8575,2021-08-13 17:45:00,3522,27.101562,25.601562,24.59375,24.484375,24.210938,24.476562,24.351562,24.382812,24.03125,19.554688,18.875,19.546875,19.992188,20.226562,20.351562,20.421875,20.421875
8576,2021-08-13 18:00:00,3516,27.257812,25.0625,24.046875,24.070312,23.851562,24.304688,24.328125,24.640625,24.492188,19.851562,18.90625,19.53125,19.984375,20.226562,20.351562,20.414062,20.421875
8577,2021-08-13 18:15:00,3522,27.046875,24.492188,23.445312,23.328125,23.03125,23.515625,23.570312,24.0625,24.109375,19.984375,18.945312,19.523438,19.976562,20.226562,20.34375,20.421875,20.414062
8578,2021-08-13 18:30:00,3522,27.226562,24.710938,23.351562,23.289062,22.625,23.554688,23.570312,24.132812,24.171875,20.171875,18.992188,19.515625,19.96875,20.21875,20.34375,20.421875,20.414062
8579,2021-08-13 18:45:00,3516,27.492188,25.164062,24.390625,23.921875,23.289062,24.023438,24.140625,24.679688,24.609375,20.296875,19.046875,19.515625,19.960938,20.210938,20.34375,20.421875,20.414062
8580,2021-08-13 19:00:00,3516,27.835938,25.851562,25.429688,24.90625,24.390625,25.195312,25.632812,26.257812,26.109375,20.601562,19.09375,19.515625,19.953125,20.210938,20.351562,20.414062,20.414062
8581,2021-08-13 19:15:00,3528,28.117188,25.9375,25.34375,24.703125,24.28125,25.25,25.609375,26.328125,26.234375,20.835938,19.148438,19.515625,19.945312,20.210938,20.351562,20.414062,20.40625
8582,2021-08-13 19:30:00,3522,28.117188,25.789062,25.5,24.84375,24.554688,25.359375,26.0,26.625,26.445312,21.007812,19.210938,19.515625,19.9375,20.210938,20.335938,20.414062,20.398438
8583,2021-08-13 19:45:00,3522,28.476562,26.085938,25.75,24.695312,24.078125,25.28125,25.851562,26.617188,26.5,21.21875,19.273438,19.523438,19.929688,20.1875,20.34375,20.414062,20.398438
8584,2021-08-13 20:00:00,3528,28.40625,26.765625,26.40625,25.3125,25.007812,26.03125,26.945312,27.632812,27.3125,21.398438,19.328125,19.53125,19.921875,20.195312,20.335938,20.40625,20.390625
8585,2021-08-13 20:15:00,3528,28.453125,27.195312,26.671875,25.398438,25.140625,25.976562,26.875,27.109375,26.898438,21.625,19.40625,19.546875,19.914062,20.1875,20.335938,20.40625,20.390625
8586,2021-08-13 20:30:00,3534,27.960938,26.101562,25.359375,24.296875,23.8125,25.234375,26.09375,26.914062,27.007812,21.78125,19.476562,19.546875,19.914062,20.179688,20.328125,20.40625,20.382812
8587,2021-08-13 20:45:00,3528,27.648438,26.453125,24.78125,24.445312,24.65625,25.546875,26.148438,26.296875,26.296875,21.828125,19.546875,19.5625,19.90625,20.171875,20.328125,20.398438,20.382812
8588,2021-08-13 21:00:00,3528,26.625,24.6875,23.554688,23.335938,23.851562,24.851562,25.710938,25.984375,25.976562,21.757812,19.625,19.578125,19.90625,20.164062,20.328125,20.398438,20.375
8589,2021-08-13 21:15:00,3540,26.835938,25.070312,23.859375,23.367188,24.0625,25.601562,26.3125,26.710938,26.46875,21.820312,19.695312,19.59375,19.90625,20.171875,20.320312,20.398438,20.375
8590,2021-08-13 21:30:00,3528,26.632812,24.484375,23.53125,23.210938,23.867188,25.507812,26.273438,26.65625,26.390625,21.945312,19.765625,19.609375,19.898438,20.15625,20.320312,20.390625,20.375
8591,2021-08-13 21:45:00,3540,25.992188,23.546875,22.445312,22.476562,23.257812,24.46875,25.09375,25.179688,25.0,21.859375,19.828125,19.632812,19.898438,20.15625,20.320312,20.390625,20.367188
8592,2021-08-13 22:00:00,3540,26.03125,24.429688,23.4375,23.539062,24.796875,26.09375,26.929688,26.960938,26.460938,21.929688,19.898438,19.65625,19.898438,20.148438,20.3125,20.390625,20.359375
8593,2021-08-13 22:15:00,3534,25.734375,24.445312,23.25,23.640625,25.0,25.609375,26.226562,26.4375,26.09375,21.96875,19.960938,19.679688,19.898438,20.148438,20.3125,20.382812,20.359375
8594,2021-08-13 22:30:00,3528,26.03125,24.929688,24.015625,24.570312,26.898438,26.515625,26.664062,26.445312,25.898438,22.085938,20.023438,19.710938,19.898438,20.140625,20.304688,20.382812,20.351562
8595,2021-08-13 22:45:00,3534,26.34375,24.96875,24.367188,24.9375,26.21875,26.742188,26.867188,27.101562,26.59375,22.148438,20.078125,19.734375,19.90625,20.132812,20.304688,20.382812,20.351562
8596,2021-08-13 23:00:00,3534,25.382812,24.0625,23.640625,24.15625,25.398438,26.28125,26.5625,26.695312,26.078125,22.164062,20.132812,19.757812,19.90625,20.132812,20.296875,20.375,20.34375
8597,2021-08-13 23:15:00,3528,22.9375,20.523438,20.140625,20.492188,20.695312,21.5,21.679688,22.1875,22.625,21.804688,20.1875,19.78125,19.90625,20.132812,20.289062,20.375,20.351562
8598,2021-08-13 23:30:00,3540,21.453125,20.101562,19.765625,19.867188,20.039062,20.320312,20.640625,21.039062,21.335938,21.328125,20.234375,19.804688,19.921875,20.125,20.289062,20.367188,20.34375
8599,2021-08-13 23:45:00,3528,20.734375,19.625,19.34375,19.5,19.601562,20.054688,20.273438,20.679688,21.046875,21.171875,20.28125,19.835938,19.921875,20.125,20.289062,20.367188,20.34375
8600,2021-08-14 00:00:00,3534,19.742188,18.609375,18.40625,18.546875,18.59375,18.96875,19.171875,19.578125,20.015625,20.914062,20.296875,19.867188,19.921875,20.117188,20.28125,20.367188,20.335938
8601,2021-08-14 00:15:00,3534,19.164062,18.179688,17.960938,18.132812,18.164062,18.492188,18.679688,19.039062,19.460938,20.703125,20.328125,19.890625,19.9375,20.117188,20.28125,20.359375,20.328125
8602,2021-08-14 00:30:00,3540,19.382812,18.976562,18.773438,18.890625,19.109375,19.28125,19.539062,19.773438,19.960938,20.640625,20.335938,19.921875,19.945312,20.117188,20.28125,20.351562,20.328125
8603,2021-08-14 00:45:00,3534,19.992188,19.921875,19.695312,19.671875,19.929688,19.976562,20.1875,20.304688,20.34375,20.601562,20.335938,19.945312,19.953125,20.117188,20.273438,20.351562,20.328125
8604,2021-08-14 01:00:00,3540,20.554688,20.0,19.898438,20.0,20.070312,20.484375,20.609375,20.851562,20.960938,20.679688,20.328125,19.96875,19.960938,20.117188,20.273438,20.351562,20.320312
8605,2021-08-14 01:15:00,3534,20.351562,19.625,19.429688,19.492188,19.578125,19.859375,20.054688,20.296875,20.4375,20.570312,20.328125,19.992188,19.96875,20.117188,20.273438,20.351562,20.320312
8606,2021-08-14 01:30:00,3528,19.609375,18.59375,18.414062,18.492188,18.539062,18.945312,19.117188,19.484375,19.828125,20.5,20.3125,20.007812,19.976562,20.117188,20.265625,20.34375,20.320312
8607,2021-08-14 01:45:00,3528,18.78125,17.695312,17.53125,17.679688,17.734375,18.148438,18.375,18.789062,19.1875,20.335938,20.3125,20.03125,19.992188,20.125,20.265625,20.34375,20.3125
8608,2021-08-14 02:00:00,3534,17.8125,16.648438,16.46875,16.617188,16.664062,17.164062,17.414062,17.953125,18.484375,20.179688,20.3125,20.039062,20.0,20.125,20.265625,20.34375,20.320312
8609,2021-08-14 02:15:00,3528,17.15625,16.1875,16.0625,16.234375,16.304688,16.773438,17.09375,17.632812,18.148438,20.046875,20.296875,20.054688,20.015625,20.125,20.265625,20.335938,20.3125
8610,2021-08-14 02:30:00,3540,16.757812,15.890625,15.7734375,15.953125,16.015625,16.453125,16.71875,17.203125,17.734375,19.898438,20.28125,20.070312,20.023438,20.125,20.25,20.335938,20.3125
8611,2021-08-14 02:45:00,3534,16.5625,15.78125,15.6015625,15.75,15.7734375,16.117188,16.328125,16.765625,17.265625,19.726562,20.265625,20.085938,20.03125,20.125,20.257812,20.335938,20.320312
8612,2021-08-14 03:00:00,3534,16.351562,15.7734375,15.703125,15.78125,15.7734375,16.023438,16.179688,16.546875,17.015625,19.617188,20.25,20.101562,20.039062,20.125,20.257812,20.335938,20.320312
8613,2021-08-14 03:15:00,3528,16.296875,15.6953125,15.6015625,15.6953125,15.6640625,15.9296875,16.101562,16.46875,16.929688,19.523438,20.226562,20.109375,20.054688,20.132812,20.257812,20.328125,20.3125
8614,2021-08-14 03:30:00,3528,16.210938,15.609375,15.515625,15.59375,15.5859375,15.8046875,15.953125,16.3125,16.78125,19.429688,20.203125,20.117188,20.0625,20.140625,20.257812,20.320312,20.3125
8615,2021-08-14 03:45:00,3528,16.273438,15.78125,15.765625,15.7578125,15.765625,15.8203125,15.984375,16.296875,16.726562,19.359375,20.171875,20.117188,20.078125,20.140625,20.25,20.335938,20.3125
8616,2021-08-14 04:00:00,3528,16.429688,15.90625,15.84375,15.84375,15.8046875,15.984375,16.179688,16.5625,17.0,19.34375,20.148438,20.132812,20.09375,20.148438,20.257812,20.328125,20.320312
8617,2021-08-14 04:15:00,3522,16.421875,15.765625,15.6328125,15.671875,15.6015625,15.828125,16.0,16.398438,16.84375,19.28125,20.125,20.132812,20.09375,20.148438,20.257812,20.328125,20.320312
8618,2021-08-14 04:30:00,3528,16.242188,15.5,15.359375,15.4140625,15.3359375,15.6015625,15.78125,16.21875,16.679688,19.210938,20.085938,20.132812,20.109375,20.15625,20.257812,20.328125,20.320312
8619,2021-08-14 04:45:00,3522,15.96875,15.34375,15.2265625,15.296875,15.296875,15.4296875,15.5859375,15.90625,16.382812,19.132812,20.0625,20.132812,20.117188,20.164062,20.257812,20.335938,20.320312
8620,2021-08-14 05:00:00,3522,15.828125,15.3671875,15.3203125,15.3359375,15.296875,15.3125,15.453125,15.75,16.15625,19.023438,20.039062,20.140625,20.125,20.164062,20.265625,20.335938,20.328125
8621,2021-08-14 05:15:00,3528,15.7890625,15.40625,15.375,15.375,15.3828125,15.359375,15.5078125,15.75,16.109375,18.945312,20.007812,20.140625,20.132812,20.171875,20.265625,20.335938,20.320312
8622,2021-08-14 05:30:00,3528,15.8359375,15.6640625,15.6875,15.6171875,15.6015625,15.4609375,15.5859375,15.765625,16.117188,18.90625,19.984375,20.132812,20.140625,20.179688,20.265625,20.328125,20.328125
8623,2021-08-14 05:45:00,3528,15.9375,15.78125,15.78125,15.7578125,15.75,15.671875,15.7578125,15.8984375,16.1875,18.851562,19.953125,20.140625,20.148438,20.179688,20.265625,20.328125,20.328125
8624,2021-08-14 06:00:00,3522,15.9296875,15.6875,15.6875,15.7578125,15.7265625,15.7109375,15.8359375,16.03125,16.296875,18.828125,19.929688,20.132812,20.15625,20.1875,20.265625,20.328125,20.328125
8625,2021-08-14 06:15:00,3528,15.953125,15.75,15.75,15.765625,15.734375,15.6875,15.78125,15.953125,16.257812,18.78125,19.898438,20.132812,20.15625,20.1875,20.273438,20.335938,20.335938
8626,2021-08-14 06:30:00,3522,16.015625,15.84375,15.8359375,15.8125,15.7578125,15.703125,15.7734375,15.9375,16.257812,18.757812,19.867188,20.132812,20.171875,20.195312,20.273438,20.335938,20.335938
8627,2021-08-14 06:45:00,3528,15.8984375,15.71875,15.7734375,15.8046875,15.765625,15.7265625,15.796875,15.8984375,16.164062,18.703125,19.84375,20.125,20.164062,20.203125,20.273438,20.34375,20.335938
8628,2021-08-14 07:00:00,3528,15.734375,15.578125,15.6484375,15.8046875,15.734375,15.8359375,15.90625,16.109375,16.34375,18.679688,19.820312,20.125,20.171875,20.210938,20.28125,20.335938,20.335938
8629,2021-08-14 07:15:00,3522,15.5078125,15.25,15.2890625,15.421875,15.3828125,15.453125,15.5546875,15.75,16.03125,18.585938,19.796875,20.117188,20.1875,20.21875,20.28125,20.34375,20.335938
8630,2021-08-14 07:30:00,3528,15.484375,15.671875,15.78125,15.890625,15.8671875,15.7578125,15.8359375,15.921875,16.132812,18.546875,19.765625,20.109375,20.1875,20.21875,20.28125,20.34375,20.34375
8631,2021-08-14 07:45:00,3528,15.6484375,16.0,16.132812,16.226562,16.164062,16.039062,16.078125,16.140625,16.328125,18.5625,19.742188,20.101562,20.1875,20.226562,20.289062,20.34375,20.34375
8632,2021-08-14 08:00:00,3522,15.578125,15.5703125,15.65625,15.7421875,15.65625,15.6015625,15.6328125,15.765625,16.015625,18.484375,19.71875,20.09375,20.195312,20.226562,20.296875,20.351562,20.351562
8633,2021-08-14 08:15:00,3522,15.625,15.8515625,15.96875,16.0,15.9765625,15.8203125,15.8671875,15.8828125,16.070312,18.453125,19.695312,20.085938,20.195312,20.234375,20.296875,20.351562,20.351562
8634,2021-08-14 08:30:00,3528,15.8125,16.09375,16.289062,16.382812,16.320312,16.242188,16.195312,16.179688,16.289062,18.46875,19.664062,20.070312,20.203125,20.242188,20.296875,20.351562,20.359375
8635,2021-08-14 08:45:00,3522,15.484375,15.4609375,15.5625,15.7109375,15.546875,15.671875,15.6171875,15.65625,15.8125,18.335938,19.640625,20.070312,20.203125,20.242188,20.304688,20.351562,20.351562
8636,2021-08-14 09:00:00,3528,15.0546875,14.84375,14.890625,15.1015625,15.046875,15.359375,15.4921875,15.7890625,16.101562,18.375,19.617188,20.054688,20.203125,20.25,20.304688,20.351562,20.367188
8637,2021-08-14 09:15:00,3522,14.84375,14.671875,14.7109375,14.9453125,14.953125,15.3359375,15.53125,15.875,16.140625,18.367188,19.59375,20.046875,20.203125,20.25,20.304688,20.359375,20.359375
8638,2021-08-14 09:30:00,3522,14.6875,14.5859375,14.625,14.875,14.8984375,15.2890625,15.453125,15.765625,16.101562,18.359375,19.5625,20.039062,20.203125,20.257812,20.3125,20.359375,20.359375
8639,2021-08-14 09:45:00,3522,14.6796875,14.5390625,14.5703125,14.7890625,14.84375,15.2734375,15.5,15.875,16.289062,18.414062,19.546875,20.03125,20.203125,20.25,20.320312,20.359375,20.367188
8640,2021-08-14 10:00:00,3510,14.578125,14.359375,14.390625,14.6171875,14.6953125,15.1328125,15.4140625,15.8359375,16.257812,18.421875,19.523438,20.015625,20.203125,20.265625,20.320312,20.359375,20.367188
8641,2021-08-14 10:15:00,3522,14.5234375,14.28125,14.3203125,14.5703125,14.6640625,15.140625,15.4296875,15.875,16.304688,18.429688,19.5,20.007812,20.203125,20.273438,20.320312,20.375,20.367188
8642,2021-08-14 10:30:00,3522,14.3515625,14.0390625,14.0546875,14.28125,14.375,14.8515625,15.1640625,15.6171875,16.070312,18.40625,19.484375,20.0,20.203125,20.273438,20.320312,20.375,20.375
8643,2021-08-14 10:45:00,3510,14.1171875,13.78125,13.7890625,14.0,14.0625,14.5234375,14.78125,15.2109375,15.6953125,18.328125,19.46875,19.992188,20.195312,20.265625,20.328125,20.375,20.375
8644,2021-08-14 11:00:00,3528,13.953125,13.6640625,13.671875,13.875,13.9296875,14.34375,14.5703125,14.9609375,15.4140625,18.257812,19.453125,19.976562,20.195312,20.273438,20.328125,20.375,20.375
8645,2021-08-14 11:15:00,3522,13.9921875,13.765625,13.796875,13.984375,14.0703125,14.484375,14.7734375,15.21875,15.6328125,18.234375,19.4375,19.96875,20.203125,20.28125,20.335938,20.375,20.382812
8646,2021-08-14 11:30:00,3522,13.8203125,13.515625,13.5390625,13.71875,13.7734375,14.1875,14.4453125,14.8828125,15.3671875,18.195312,19.421875,19.953125,20.195312,20.28125,20.335938,20.375,20.375
8647,2021-08-14 11:45:00,3510,13.7421875,13.4765625,13.5078125,13.6875,13.734375,14.1640625,14.421875,14.875,15.3515625,18.171875,19.398438,19.953125,20.1875,20.28125,20.335938,20.382812,20.382812
8648,2021-08-14 12:00:00,3516,13.6328125,13.421875,13.453125,13.6015625,13.65625,14.0546875,14.3125,14.75,15.2265625,18.132812,19.382812,19.945312,20.1875,20.28125,20.335938,20.382812,20.382812
8649,2021-08-14 12:15:00,3528,13.6171875,13.40625,13.4375,13.5859375,13.65625,14.0625,14.34375,14.8203125,15.3203125,18.117188,19.359375,19.929688,20.1875,20.28125,20.34375,20.382812,20.382812
8650,2021-08-14 12:30:00,3522,13.53125,13.34375,13.375,13.5078125,13.5703125,13.9375,14.203125,14.6484375,15.171875,18.070312,19.34375,19.921875,20.1875,20.289062,20.351562,20.390625,20.382812
8651,2021-08-14 12:45:00,3516,13.5546875,13.3515625,13.390625,13.53125,13.609375,14.0234375,14.3359375,14.7890625,15.2421875,18.054688,19.328125,19.90625,20.179688,20.28125,20.34375,20.390625,20.382812
8652,2021-08-14 13:00:00,3516,13.4375,13.1796875,13.1953125,13.328125,13.3984375,13.7734375,14.0625,14.5,14.96875,17.992188,19.3125,19.898438,20.179688,20.289062,20.34375,20.390625,20.382812
8653,2021-08-14 13:15:00,3510,13.4921875,13.3046875,13.3359375,13.453125,13.515625,13.8671875,14.1484375,14.5703125,15.0234375,17.945312,19.296875,19.882812,20.171875,20.28125,20.34375,20.390625,20.382812
8654,2021-08-14 13:30:00,3516,13.515625,13.34375,13.3515625,13.4765625,13.5078125,13.828125,14.0625,14.4375,14.90625,17.914062,19.273438,19.875,20.164062,20.289062,20.351562,20.390625,20.390625
8655,2021-08-14 13:45:00,3510,13.5859375,13.34375,13.359375,13.4921875,13.546875,13.8984375,14.140625,14.5390625,15.0078125,17.929688,19.25,19.859375,20.164062,20.289062,20.351562,20.390625,20.390625
8656,2021-08-14 14:00:00,3510,13.5859375,13.2890625,13.25,13.3359375,13.3203125,13.671875,13.8671875,14.2578125,14.765625,17.859375,19.234375,19.851562,20.15625,20.28125,20.351562,20.398438,20.390625
8657,2021-08-14 14:15:00,3516,13.703125,13.5,13.5,13.5859375,13.6328125,13.953125,14.203125,14.6171875,15.0390625,17.875,19.21875,19.835938,20.148438,20.289062,20.359375,20.398438,20.390625
8658,2021-08-14 14:30:00,3510,14.0078125,13.8359375,13.828125,13.9453125,14.0234375,14.390625,14.6640625,15.0546875,15.4609375,17.953125,19.195312,19.828125,20.148438,20.28125,20.359375,20.398438,20.390625
8659,2021-08-14 14:45:00,3510,15.2421875,15.296875,15.0546875,14.96875,14.984375,15.265625,15.390625,15.6640625,15.9765625,18.03125,19.179688,19.820312,20.140625,20.289062,20.359375,20.40625,20.390625
8660,2021-08-14 15:00:00,3510,16.65625,16.679688,16.21875,15.875,15.796875,15.9140625,15.921875,16.054688,16.304688,18.109375,19.164062,19.8125,20.132812,20.28125,20.359375,20.398438,20.382812
8661,2021-08-14 15:15:00,3510,18.164062,17.5625,17.226562,16.953125,16.898438,16.84375,16.75,16.734375,16.84375,18.21875,19.148438,19.789062,20.132812,20.28125,20.359375,20.398438,20.390625
8662,2021-08-14 15:30:00,3510,19.851562,19.054688,18.664062,18.429688,18.414062,18.164062,18.007812,17.796875,17.6875,18.367188,19.140625,19.78125,20.125,20.28125,20.359375,20.40625,20.390625
8663,2021-08-14 15:45:00,3522,21.960938,20.617188,20.171875,19.984375,19.914062,19.570312,19.320312,18.96875,18.6875,18.5625,19.132812,19.765625,20.117188,20.273438,20.367188,20.40625,20.382812
8664,2021-08-14 16:00:00,3510,23.09375,21.304688,20.640625,20.59375,20.5,20.421875,20.15625,19.84375,19.484375,18.71875,19.132812,19.765625,20.109375,20.273438,20.359375,20.398438,20.390625
8665,2021-08-14 16:15:00,3516,24.164062,21.820312,21.242188,21.304688,21.070312,21.234375,21.023438,20.773438,20.351562,18.921875,19.132812,19.75,20.109375,20.273438,20.359375,20.40625,20.390625
8666,2021-08-14 16:30:00,3510,25.09375,22.859375,22.179688,22.101562,21.96875,22.015625,21.796875,21.578125,21.171875,19.117188,19.140625,19.734375,20.101562,20.273438,20.367188,20.398438,20.390625
8667,2021-08-14 16:45:00,3516,25.578125,23.445312,22.921875,22.992188,22.75,22.851562,22.609375,22.328125,21.875,19.328125,19.148438,19.726562,20.09375,20.273438,20.359375,20.40625,20.382812
8668,2021-08-14 17:00:00,3516,26.648438,25.203125,24.742188,24.671875,24.445312,24.390625,24.148438,23.796875,23.1875,19.617188,19.171875,19.71875,20.085938,20.273438,20.359375,20.40625,20.382812
8669,2021-08-14 17:15:00,3522,28.125,26.4375,25.945312,25.867188,25.679688,25.6875,25.382812,25.132812,24.585938,19.945312,19.195312,19.710938,20.078125,20.265625,20.359375,20.398438,20.382812
8670,2021-08-14 17:30:00,3516,29.171875,26.9375,26.257812,26.195312,25.960938,26.109375,25.929688,25.78125,25.289062,20.265625,19.21875,19.703125,20.070312,20.265625,20.359375,20.40625,20.382812
8671,2021-08-14 17:45:00,3522,30.492188,28.273438,27.71875,27.921875,27.375,27.421875,27.140625,27.007812,26.484375,20.601562,19.257812,19.703125,20.0625,20.257812,20.351562,20.398438,20.382812
8672,2021-08-14 18:00:00,3522,31.609375,29.085938,28.507812,28.625,28.09375,28.375,28.234375,28.210938,27.578125,20.945312,19.304688,19.703125,20.054688,20.25,20.351562,20.40625,20.375
8673,2021-08-14 18:15:00,3522,32.085938,29.375,29.125,28.71875,28.132812,28.3125,28.226562,28.359375,28.007812,21.25,19.359375,19.695312,20.054688,20.25,20.359375,20.398438,20.375
8674,2021-08-14 18:30:00,3522,32.75,30.335938,29.820312,29.195312,28.601562,28.789062,28.726562,28.804688,28.34375,21.476562,19.414062,19.6875,20.039062,20.25,20.359375,20.398438,20.375
8675,2021-08-14 18:45:00,3528,31.460938,27.132812,26.828125,26.0,25.304688,26.195312,26.273438,26.859375,26.867188,21.578125,19.484375,19.695312,20.039062,20.242188,20.359375,20.398438,20.375
8676,2021-08-14 19:00:00,3528,30.6875,27.34375,27.273438,26.085938,25.710938,26.4375,26.804688,27.289062,27.039062,21.585938,19.546875,19.703125,20.03125,20.242188,20.351562,20.390625,20.375
8677,2021-08-14 19:15:00,3540,30.875,28.460938,27.304688,26.671875,26.125,26.515625,26.726562,27.023438,26.757812,21.664062,19.625,19.710938,20.023438,20.242188,20.351562,20.398438,20.367188
8678,2021-08-14 19:30:00,3534,31.148438,28.570312,27.90625,27.070312,26.515625,27.4375,27.945312,28.546875,28.148438,21.960938,19.6875,19.71875,20.023438,20.234375,20.351562,20.390625,20.367188
8679,2021-08-14 19:45:00,3534,31.054688,28.421875,27.703125,26.546875,25.890625,26.914062,27.445312,27.945312,27.640625,22.078125,19.757812,19.734375,20.015625,20.234375,20.34375,20.382812,20.367188
8680,2021-08-14 20:00:00,3540,31.015625,28.671875,27.890625,27.25,27.117188,27.726562,28.382812,28.640625,28.296875,22.328125,19.828125,19.75,20.023438,20.226562,20.34375,20.390625,20.359375
8681,2021-08-14 20:15:00,3534,30.0625,27.78125,26.914062,25.539062,25.539062,26.625,27.492188,27.820312,27.429688,22.320312,19.90625,19.757812,20.015625,20.21875,20.335938,20.390625,20.359375
8682,2021-08-14 20:30:00,3534,29.789062,27.679688,27.03125,25.796875,26.140625,27.515625,28.53125,28.898438,28.390625,22.421875,19.96875,19.78125,20.015625,20.210938,20.34375,20.390625,20.351562
8683,2021-08-14 20:45:00,3540,29.859375,27.71875,26.726562,26.023438,26.398438,28.007812,28.9375,29.125,28.835938,22.695312,20.039062,19.804688,20.015625,20.21875,20.335938,20.382812,20.351562
8684,2021-08-14 21:00:00,3546,29.179688,26.90625,25.789062,26.0,26.5,27.851562,28.515625,28.796875,28.796875,22.929688,20.109375,19.820312,20.015625,20.210938,20.335938,20.382812,20.351562
8685,2021-08-14 21:15:00,3540,29.023438,26.773438,25.695312,25.695312,26.40625,28.054688,28.757812,28.820312,28.484375,22.867188,20.179688,19.84375,20.007812,20.210938,20.328125,20.382812,20.34375
8686,2021-08-14 21:30:00,3546,28.515625,25.875,24.953125,25.195312,26.117188,27.429688,28.101562,28.320312,27.992188,22.945312,20.257812,19.875,20.015625,20.203125,20.328125,20.375,20.34375
8687,2021-08-14 21:45:00,3540,28.007812,26.421875,25.632812,26.171875,27.398438,27.90625,28.710938,28.460938,28.09375,22.9375,20.328125,19.890625,20.015625,20.203125,20.320312,20.375,20.34375
8688,2021-08-14 22:00:00,3546,27.429688,24.632812,23.882812,24.289062,25.265625,26.859375,27.695312,27.945312,27.6875,22.96875,20.398438,19.921875,20.015625,20.203125,20.320312,20.375,20.34375
8689,2021-08-14 22:15:00,3546,26.984375,25.171875,23.984375,24.578125,25.921875,26.523438,26.992188,27.09375,26.710938,22.875,20.46875,19.945312,20.023438,20.195312,20.320312,20.367188,20.34375
8690,2021-08-14 22:30:00,3540,26.40625,24.351562,23.585938,24.023438,25.460938,26.242188,26.773438,27.257812,26.859375,22.875,20.53125,19.976562,20.03125,20.195312,20.3125,20.367188,20.335938
8691,2021-08-14 22:45:00,3546,25.445312,24.085938,23.40625,24.101562,25.570312,26.054688,26.554688,26.890625,26.3125,22.8125,20.585938,20.007812,20.039062,20.195312,20.320312,20.367188,20.335938
8692,2021-08-14 23:00:00,3540,24.796875,24.09375,23.289062,24.46875,25.289062,25.78125,26.007812,26.1875,25.679688,22.6875,20.65625,20.039062,20.039062,20.1875,20.3125,20.359375,20.34375
8693,2021-08-14 23:15:00,3534,23.109375,20.742188,20.1875,20.726562,20.78125,21.398438,21.460938,22.007812,22.367188,22.234375,20.695312,20.0625,20.046875,20.1875,20.3125,20.367188,20.335938
8694,2021-08-14 23:30:00,3540,21.539062,19.734375,19.359375,19.59375,19.71875,20.234375,20.5,21.039062,21.523438,21.875,20.734375,20.101562,20.054688,20.1875,20.3125,20.359375,20.335938
8695,2021-08-14 23:45:00,3540,20.703125,19.34375,19.054688,19.21875,19.304688,19.71875,19.96875,20.453125,20.890625,21.609375,20.773438,20.132812,20.070312,20.195312,20.304688,20.367188,20.328125
8696,2021-08-15 00:00:00,3540,20.0,18.78125,18.5625,18.710938,18.78125,19.195312,19.4375,19.898438,20.335938,21.390625,20.796875,20.164062,20.078125,20.195312,20.304688,20.351562,20.335938
8697,2021-08-15 00:15:00,3540,19.3125,18.265625,18.039062,18.226562,18.304688,18.71875,18.992188,19.46875,19.914062,21.203125,20.8125,20.195312,20.09375,20.195312,20.304688,20.359375,20.335938
8698,2021-08-15 00:30:00,3540,18.929688,17.820312,17.59375,17.828125,17.898438,18.398438,18.625,19.109375,19.546875,21.046875,20.804688,20.226562,20.109375,20.1875,20.304688,20.359375,20.335938
8699,2021-08-15 00:45:00,3540,18.34375,17.328125,17.09375,17.328125,17.375,17.796875,18.023438,18.5,18.96875,20.859375,20.796875,20.25,20.117188,20.195312,20.304688,20.351562,20.34375
8700,2021-08-15 01:00:00,3540,17.96875,17.289062,17.039062,17.234375,17.390625,17.796875,18.078125,18.53125,18.921875,20.726562,20.789062,20.273438,20.132812,20.195312,20.304688,20.351562,20.335938
8701,2021-08-15 01:15:00,3540,17.34375,16.414062,16.164062,16.414062,16.460938,16.9375,17.203125,17.710938,18.148438,20.515625,20.765625,20.296875,20.148438,20.195312,20.304688,20.351562,20.351562
8702,2021-08-15 01:30:00,3546,16.703125,15.7890625,15.5390625,15.75,15.765625,16.195312,16.390625,16.859375,17.351562,20.304688,20.742188,20.320312,20.164062,20.210938,20.304688,20.359375,20.34375
8703,2021-08-15 01:45:00,3540,16.484375,15.75,15.5390625,15.6875,15.765625,16.140625,16.367188,16.804688,17.257812,20.164062,20.71875,20.335938,20.171875,20.203125,20.304688,20.359375,20.34375
8704,2021-08-15 02:00:00,3534,16.234375,15.59375,15.421875,15.546875,15.640625,16.054688,16.34375,16.820312,17.242188,20.054688,20.695312,20.351562,20.1875,20.21875,20.304688,20.359375,20.34375
8705,2021-08-15 02:15:00,3540,15.9453125,15.234375,15.1015625,15.25,15.359375,15.8203125,16.15625,16.679688,17.140625,19.96875,20.664062,20.367188,20.203125,20.21875,20.296875,20.351562,20.351562
8706,2021-08-15 02:30:00,3534,15.734375,15.1015625,15.0078125,15.125,15.203125,15.65625,15.9921875,16.554688,17.070312,19.890625,20.625,20.382812,20.210938,20.21875,20.304688,20.359375,20.351562
8707,2021-08-15 02:45:00,3540,15.578125,15.0546875,14.9375,15.03125,15.09375,15.4296875,15.6953125,16.15625,16.640625,19.734375,20.601562,20.390625,20.226562,20.226562,20.304688,20.359375,20.351562
8708,2021-08-15 03:00:00,3534,15.4296875,14.859375,14.796875,14.8828125,14.8984375,15.265625,15.5390625,16.046875,16.601562,19.671875,20.5625,20.398438,20.234375,20.234375,20.304688,20.359375,20.359375
8709,2021-08-15 03:15:00,3534,15.1328125,14.609375,14.5703125,14.6484375,14.6640625,14.9921875,15.2265625,15.703125,16.28125,19.554688,20.523438,20.398438,20.257812,20.234375,20.3125,20.359375,20.359375
8710,2021-08-15 03:30:00,3540,14.96875,14.484375,14.4375,14.53125,14.5546875,14.8828125,15.171875,15.7109375,16.289062,19.46875,20.492188,20.414062,20.265625,20.242188,20.3125,20.367188,20.367188
8711,2021-08-15 03:45:00,3534,14.7421875,14.2734375,14.2265625,14.3203125,14.3359375,14.6953125,14.9609375,15.4609375,16.054688,19.390625,20.453125,20.421875,20.28125,20.25,20.320312,20.367188,20.367188
8712,2021-08-15 04:00:00,3534,14.515625,14.0859375,14.0390625,14.1484375,14.171875,14.5234375,14.78125,15.2734375,15.84375,19.289062,20.421875,20.421875,20.296875,20.265625,20.320312,20.367188,20.375
8713,2021-08-15 04:15:00,3534,14.390625,14.03125,14.0078125,14.1015625,14.125,14.4921875,14.75,15.2578125,15.84375,19.226562,20.382812,20.414062,20.304688,20.273438,20.320312,20.367188,20.375
8714,2021-08-15 04:30:00,3534,14.28125,13.984375,13.96875,14.0546875,14.109375,14.421875,14.703125,15.1875,15.703125,19.117188,20.351562,20.421875,20.320312,20.273438,20.328125,20.375,20.382812
8715,2021-08-15 04:45:00,3534,14.3125,13.9609375,13.9375,14.03125,14.0625,14.421875,14.671875,15.171875,15.7421875,19.09375,20.304688,20.414062,20.320312,20.28125,20.328125,20.375,20.382812
8716,2021-08-15 05:00:00,3528,14.265625,13.9765625,13.96875,14.046875,14.09375,14.40625,14.6796875,15.1796875,15.7421875,19.03125,20.273438,20.414062,20.335938,20.296875,20.335938,20.390625,20.398438
8717,2021-08-15 05:15:00,3528,14.2890625,13.9609375,13.9453125,14.015625,14.0546875,14.3984375,14.6640625,15.1484375,15.6953125,18.984375,20.234375,20.40625,20.34375,20.296875,20.335938,20.390625,20.398438
8718,2021-08-15 05:30:00,3534,14.0859375,13.7734375,13.765625,13.8515625,13.8671875,14.171875,14.375,14.8203125,15.390625,18.898438,20.203125,20.40625,20.351562,20.304688,20.34375,20.390625,20.40625
8719,2021-08-15 05:45:00,3528,14.015625,13.7890625,13.7890625,13.8671875,13.875,14.171875,14.3671875,14.8125,15.3984375,18.851562,20.171875,20.398438,20.359375,20.320312,20.34375,20.390625,20.40625
8720,2021-08-15 06:00:00,3528,13.8984375,13.6796875,13.6796875,13.7578125,13.765625,14.046875,14.2421875,14.6640625,15.1953125,18.757812,20.132812,20.398438,20.367188,20.328125,20.351562,20.398438,20.414062
8721,2021-08-15 06:15:00,3528,13.8984375,13.6953125,13.6953125,13.7734375,13.796875,14.0859375,14.3046875,14.7734375,15.34375,18.734375,20.101562,20.382812,20.375,20.335938,20.359375,20.398438,20.414062
8722,2021-08-15 06:30:00,3528,13.84375,13.6484375,13.65625,13.7265625,13.75,14.0234375,14.25,14.6953125,15.2734375,18.6875,20.0625,20.375,20.375,20.335938,20.359375,20.40625,20.429688
8723,2021-08-15 06:45:00,3534,13.78125,13.578125,13.59375,13.6796875,13.6953125,14.0078125,14.2265625,14.71875,15.296875,18.65625,20.03125,20.367188,20.382812,20.34375,20.367188,20.414062,20.429688
8724,2021-08-15 07:00:00,3528,13.765625,13.625,13.6328125,13.71875,13.7421875,14.0234375,14.2421875,14.6640625,15.1875,18.59375,20.0,20.359375,20.390625,20.351562,20.375,20.414062,20.429688
8725,2021-08-15 07:15:00,3528,13.7734375,13.65625,13.671875,13.75,13.7890625,14.078125,14.3046875,14.7578125,15.3125,18.578125,19.96875,20.34375,20.398438,20.359375,20.382812,20.421875,20.429688
8726,2021-08-15 07:30:00,3528,13.7734375,13.546875,13.546875,13.6640625,13.6796875,14.015625,14.2578125,14.7265625,15.28125,18.554688,19.929688,20.335938,20.398438,20.367188,20.390625,20.421875,20.445312
8727,2021-08-15 07:45:00,3528,13.734375,13.5625,13.5859375,13.6875,13.7109375,14.0234375,14.2421875,14.71875,15.2890625,18.53125,19.90625,20.328125,20.398438,20.375,20.390625,20.429688,20.445312
8728,2021-08-15 08:00:00,3522,13.71875,13.578125,13.59375,13.6875,13.703125,14.0078125,14.2109375,14.6484375,15.203125,18.492188,19.875,20.320312,20.40625,20.382812,20.398438,20.429688,20.453125
8729,2021-08-15 08:15:00,3528,13.6328125,13.4140625,13.40625,13.5234375,13.5078125,13.859375,14.1015625,14.5703125,15.0703125,18.421875,19.851562,20.3125,20.40625,20.390625,20.40625,20.4375,20.460938
8730,2021-08-15 08:30:00,3528,13.6796875,13.546875,13.5546875,13.6484375,13.65625,13.9296875,14.1484375,14.5859375,15.1328125,18.382812,19.820312,20.296875,20.40625,20.390625,20.414062,20.445312,20.460938
8731,2021-08-15 08:45:00,3522,13.53125,13.1484375,13.0390625,13.1953125,13.1796875,13.578125,13.796875,14.296875,14.8671875,18.328125,19.789062,20.28125,20.40625,20.398438,20.414062,20.445312,20.46875
8732,2021-08-15 09:00:00,3522,13.3828125,13.140625,13.1640625,13.3125,13.2734375,13.53125,13.6328125,14.0078125,14.5390625,18.226562,19.765625,20.28125,20.40625,20.40625,20.414062,20.453125,20.46875
8733,2021-08-15 09:15:00,3528,13.296875,13.0546875,13.046875,13.234375,13.25,13.625,13.84375,14.265625,14.7578125,18.210938,19.742188,20.265625,20.40625,20.40625,20.429688,20.453125,20.476562
8734,2021-08-15 09:30:00,3510,13.3125,13.0078125,12.953125,13.0859375,13.0390625,13.3125,13.5078125,14.0078125,14.59375,18.125,19.710938,20.25,20.40625,20.421875,20.429688,20.460938,20.476562
8735,2021-08-15 09:45:00,3528,13.203125,12.9921875,13.0859375,13.3359375,13.390625,13.6953125,13.8671875,14.171875,14.640625,18.109375,19.6875,20.242188,20.40625,20.429688,20.429688,20.46875,20.476562
8736,2021-08-15 10:00:00,3522,13.125,12.828125,12.8359375,12.96875,12.7890625,13.1484375,13.265625,13.7578125,14.359375,18.054688,19.664062,20.226562,20.40625,20.421875,20.445312,20.46875,20.484375
8737,2021-08-15 10:15:00,3522,13.0078125,12.71875,12.71875,12.90625,12.8828125,13.0703125,13.203125,13.546875,14.0234375,17.914062,19.625,20.210938,20.398438,20.429688,20.445312,20.476562,20.484375
8738,2021-08-15 10:30:00,3522,13.0390625,12.796875,12.75,12.8828125,12.7578125,13.078125,13.203125,13.71875,14.3203125,17.9375,19.59375,20.203125,20.398438,20.4375,20.445312,20.476562,20.484375
8739,2021-08-15 10:45:00,3522,13.0078125,12.796875,12.8203125,13.0234375,13.015625,13.3828125,13.5859375,13.9765625,14.453125,17.914062,19.570312,20.1875,20.398438,20.429688,20.453125,20.484375,20.492188
8740,2021-08-15 11:00:00,3516,12.96875,12.8125,12.8671875,13.015625,13.0,13.3359375,13.5078125,13.9296875,14.40625,17.882812,19.539062,20.171875,20.398438,20.4375,20.460938,20.484375,20.492188
8741,2021-08-15 11:15:00,3516,12.9140625,12.765625,12.75,12.875,12.8828125,13.28125,13.5390625,13.9375,14.3671875,17.851562,19.507812,20.164062,20.398438,20.4375,20.460938,20.492188,20.5
8742,2021-08-15 11:30:00,3528,12.7890625,12.65625,12.7109375,12.8671875,12.8125,13.1328125,13.296875,13.6640625,14.15625,17.804688,19.476562,20.140625,20.390625,20.445312,20.46875,20.5,20.5
8743,2021-08-15 11:45:00,3522,12.8515625,12.984375,13.0703125,13.1640625,13.1640625,13.3125,13.46875,13.78125,14.2265625,17.765625,19.445312,20.132812,20.382812,20.445312,20.46875,20.5,20.5
8744,2021-08-15 12:00:00,3522,13.09375,13.484375,13.6015625,13.71875,13.71875,13.8515625,13.984375,14.2265625,14.578125,17.804688,19.421875,20.117188,20.382812,20.453125,20.476562,20.5,20.507812
8745,2021-08-15 12:15:00,3522,13.2265625,13.3203125,13.4453125,13.578125,13.53125,13.8671875,14.0234375,14.3984375,14.875,17.84375,19.390625,20.101562,20.375,20.445312,20.476562,20.507812,20.5
8746,2021-08-15 12:30:00,3522,13.2421875,13.3046875,13.4140625,13.578125,13.5546875,13.875,14.03125,14.390625,14.8515625,17.851562,19.359375,20.078125,20.375,20.445312,20.476562,20.5,20.5
8747,2021-08-15 12:45:00,3522,13.1796875,13.1640625,13.2265625,13.3828125,13.390625,13.765625,13.9921875,14.375,14.8046875,17.820312,19.34375,20.070312,20.367188,20.453125,20.484375,20.507812,20.5
8748,2021-08-15 13:00:00,3516,13.03125,13.0703125,13.1875,13.3671875,13.359375,13.7109375,13.890625,14.1640625,14.5546875,17.78125,19.3125,20.046875,20.359375,20.453125,20.484375,20.507812,20.507812
8749,2021-08-15 13:15:00,3522,12.984375,12.8984375,12.90625,12.984375,12.875,13.1640625,13.2890625,13.8046875,14.40625,17.726562,19.289062,20.023438,20.351562,20.453125,20.484375,20.515625,20.5
8750,2021-08-15 13:30:00,3522,13.1484375,13.1328125,13.1796875,13.3046875,13.328125,13.6328125,13.875,14.2421875,14.6328125,17.71875,19.265625,20.015625,20.351562,20.453125,20.492188,20.523438,20.507812
8751,2021-08-15 13:45:00,3516,13.375,13.3984375,13.4296875,13.53125,13.5234375,13.8828125,14.1171875,14.5,14.8671875,17.734375,19.25,20.0,20.34375,20.453125,20.5,20.515625,20.507812
8752,2021-08-15 14:00:00,3522,13.546875,13.6171875,13.6796875,13.7890625,13.8046875,14.1875,14.453125,14.84375,15.2265625,17.789062,19.226562,19.992188,20.328125,20.453125,20.492188,20.515625,20.5
8753,2021-08-15 14:15:00,3510,13.734375,13.7421875,13.78125,13.9140625,13.9375,14.296875,14.5078125,14.8359375,15.25,17.820312,19.203125,19.96875,20.328125,20.445312,20.5,20.523438,20.507812
8754,2021-08-15 14:30:00,3510,14.0078125,14.109375,14.1328125,14.2578125,14.3203125,14.625,14.828125,15.15625,15.515625,17.859375,19.1875,19.953125,20.320312,20.453125,20.5,20.523438,20.5
8755,2021-08-15 14:45:00,3522,14.453125,14.484375,14.4921875,14.6484375,14.6171875,14.9765625,15.125,15.46875,15.890625,17.953125,19.164062,19.929688,20.3125,20.445312,20.5,20.523438,20.5
8756,2021-08-15 15:00:00,3510,15.6328125,15.8828125,15.59375,15.4921875,15.453125,15.6953125,15.734375,15.9375,16.210938,18.023438,19.15625,19.921875,20.304688,20.445312,20.507812,20.523438,20.5
8757,2021-08-15 15:15:00,3510,16.523438,16.210938,15.921875,15.796875,15.78125,15.984375,16.0625,16.257812,16.484375,18.109375,19.140625,19.90625,20.296875,20.4375,20.5,20.523438,20.5
8758,2021-08-15 15:30:00,3522,17.03125,16.640625,16.40625,16.273438,16.210938,16.320312,16.390625,16.570312,16.789062,18.195312,19.132812,19.890625,20.28125,20.445312,20.507812,20.523438,20.5
8759,2021-08-15 15:45:00,3516,17.828125,17.15625,16.789062,16.664062,16.570312,16.734375,16.765625,16.914062,17.117188,18.296875,19.117188,19.882812,20.28125,20.445312,20.507812,20.523438,20.5
8760,2021-08-15 16:00:00,3516,20.15625,19.546875,18.984375,18.507812,18.335938,18.132812,18.039062,17.992188,17.984375,18.445312,19.117188,19.859375,20.265625,20.4375,20.507812,20.523438,20.5
8761,2021-08-15 16:15:00,3510,21.851562,20.21875,19.570312,19.3125,19.078125,18.867188,18.734375,18.609375,18.5625,18.617188,19.125,19.84375,20.257812,20.4375,20.507812,20.523438,20.492188
8762,2021-08-15 16:30:00,3510,23.203125,21.34375,20.703125,20.492188,20.421875,20.21875,20.015625,19.757812,19.515625,18.804688,19.125,19.835938,20.25,20.429688,20.507812,20.53125,20.492188
8763,2021-08-15 16:45:00,3516,23.789062,21.945312,21.28125,21.28125,21.171875,21.15625,20.9375,20.640625,20.265625,18.976562,19.132812,19.828125,20.242188,20.421875,20.507812,20.523438,20.492188
8764,2021-08-15 17:00:00,3510,24.460938,23.078125,22.515625,22.539062,22.453125,22.460938,22.25,21.96875,21.484375,19.203125,19.148438,19.804688,20.234375,20.421875,20.507812,20.523438,20.484375
8765,2021-08-15 17:15:00,3522,25.96875,24.28125,23.554688,23.601562,23.304688,23.492188,23.171875,22.914062,22.453125,19.476562,19.164062,19.796875,20.21875,20.421875,20.5,20.515625,20.484375
8766,2021-08-15 17:30:00,3522,27.085938,25.203125,24.5,24.546875,24.1875,24.351562,24.085938,23.90625,23.484375,19.75,19.1875,19.789062,20.210938,20.414062,20.5,20.523438,20.476562
8767,2021-08-15 17:45:00,3510,28.195312,26.0625,25.445312,25.632812,25.140625,25.273438,25.03125,24.953125,24.539062,20.054688,19.21875,19.78125,20.210938,20.40625,20.5,20.523438,20.476562
8768,2021-08-15 18:00:00,3522,28.359375,26.15625,25.523438,25.492188,25.070312,25.1875,25.039062,25.0625,24.804688,20.28125,19.257812,19.78125,20.195312,20.40625,20.492188,20.515625,20.46875
8769,2021-08-15 18:15:00,3522,29.164062,27.226562,26.585938,26.367188,25.6875,25.96875,25.742188,25.765625,25.476562,20.539062,19.296875,19.765625,20.1875,20.40625,20.492188,20.515625,20.476562
8770,2021-08-15 18:30:00,3522,30.007812,28.023438,27.710938,26.976562,26.445312,26.726562,26.742188,26.859375,26.4375,20.820312,19.34375,19.765625,20.179688,20.398438,20.492188,20.515625,20.460938
8771,2021-08-15 18:45:00,3522,30.4375,28.296875,28.125,27.515625,26.820312,27.234375,27.296875,27.476562,27.117188,21.101562,19.398438,19.765625,20.171875,20.390625,20.492188,20.515625,20.460938
8772,2021-08-15 19:00:00,3528,30.976562,28.65625,28.484375,27.71875,27.273438,28.007812,28.179688,28.484375,28.046875,21.4375,19.453125,19.765625,20.164062,20.390625,20.484375,20.507812,20.460938
8773,2021-08-15 19:15:00,3522,31.757812,30.460938,29.648438,29.054688,28.75,29.429688,29.703125,29.78125,29.085938,21.804688,19.515625,19.773438,20.15625,20.375,20.484375,20.507812,20.453125
8774,2021-08-15 19:30:00,3534,31.921875,29.40625,28.859375,28.054688,27.554688,28.351562,28.6875,29.070312,28.609375,21.945312,19.578125,19.773438,20.140625,20.375,20.484375,20.507812,20.453125
8775,2021-08-15 19:45:00,3534,31.820312,30.070312,29.335938,28.390625,28.367188,29.109375,29.703125,29.992188,29.445312,22.226562,19.65625,19.78125,20.140625,20.367188,20.476562,20.5,20.453125
8776,2021-08-15 20:00:00,3540,31.390625,29.601562,28.578125,27.640625,27.585938,28.765625,29.351562,29.609375,29.21875,22.414062,19.734375,19.796875,20.132812,20.359375,20.46875,20.5,20.445312
8777,2021-08-15 20:15:00,3540,31.835938,30.851562,29.734375,28.945312,29.664062,30.484375,31.171875,31.070312,30.304688,22.6875,19.8125,19.796875,20.125,20.351562,20.46875,20.492188,20.4375
8778,2021-08-15 20:30:00,3534,32.09375,30.617188,29.125,28.648438,29.234375,30.578125,31.140625,31.015625,30.296875,22.898438,19.890625,19.820312,20.117188,20.351562,20.46875,20.492188,20.4375
8779,2021-08-15 20:45:00,3540,31.179688,28.867188,27.585938,27.226562,27.609375,28.945312,29.625,29.59375,29.226562,22.953125,19.976562,19.828125,20.117188,20.335938,20.460938,20.492188,20.429688
8780,2021-08-15 21:00:00,3540,31.101562,29.0,28.054688,28.46875,28.703125,29.773438,29.960938,29.859375,29.546875,23.070312,20.070312,19.851562,20.109375,20.335938,20.460938,20.484375,20.429688
8781,2021-08-15 21:15:00,3546,31.109375,28.859375,28.023438,28.242188,29.078125,30.570312,31.132812,31.148438,30.5,23.195312,20.15625,19.875,20.109375,20.335938,20.460938,20.484375,20.421875
8782,2021-08-15 21:30:00,3540,30.359375,28.4375,27.734375,28.09375,29.039062,30.4375,30.929688,31.0,30.351562,23.320312,20.234375,19.898438,20.109375,20.328125,20.453125,20.476562,20.414062
8783,2021-08-15 21:45:00,3546,30.046875,27.851562,26.992188,27.132812,27.664062,28.875,28.984375,28.984375,28.5625,23.226562,20.320312,19.921875,20.117188,20.320312,20.445312,20.476562,20.421875
8784,2021-08-15 20:30:00,3534,32.09375,30.617188,29.125,28.648438,29.234375,30.578125,31.140625,31.015625,30.296875,22.898438,19.890625,19.820312,20.117188,20.351562,20.46875,20.492188,20.4375
8785,2021-08-15 20:45:00,3540,31.179688,28.867188,27.585938,27.226562,27.609375,28.945312,29.625,29.59375,29.226562,22.953125,19.976562,19.828125,20.117188,20.335938,20.460938,20.492188,20.429688
8786,2021-08-15 21:00:00,3540,31.101562,29.0,28.054688,28.46875,28.703125,29.773438,29.960938,29.859375,29.546875,23.070312,20.070312,19.851562,20.109375,20.335938,20.460938,20.484375,20.429688
8787,2021-08-15 21:15:00,3546,31.109375,28.859375,28.023438,28.242188,29.078125,30.570312,31.132812,31.148438,30.5,23.195312,20.15625,19.875,20.109375,20.335938,20.460938,20.484375,20.421875
8788,2021-08-15 21:30:00,3540,30.359375,28.4375,27.734375,28.09375,29.039062,30.4375,30.929688,31.0,30.351562,23.320312,20.234375,19.898438,20.109375,20.328125,20.453125,20.476562,20.414062
8789,2021-08-15 21:45:00,3546,30.046875,27.851562,26.992188,27.132812,27.664062,28.875,28.984375,28.984375,28.5625,23.226562,20.320312,19.921875,20.117188,20.320312,20.445312,20.476562,20.421875
8790,2021-08-15 22:00:00,3540,29.984375,28.195312,27.390625,27.78125,28.914062,30.125,30.664062,30.515625,29.78125,23.367188,20.398438,19.945312,20.109375,20.3125,20.445312,20.476562,20.414062
8791,2021-08-15 22:15:00,3540,28.898438,27.148438,26.453125,26.828125,28.039062,28.609375,28.867188,28.882812,28.40625,23.328125,20.476562,19.976562,20.117188,20.3125,20.429688,20.46875,20.40625
8792,2021-08-15 22:30:00,3546,28.703125,27.578125,27.273438,27.921875,29.429688,30.078125,30.203125,30.148438,29.421875,23.429688,20.546875,20.007812,20.117188,20.304688,20.4375,20.46875,20.40625
8793,2021-08-15 22:45:00,3540,27.820312,26.65625,26.171875,26.851562,27.867188,28.640625,28.5625,28.882812,28.398438,23.429688,20.625,20.039062,20.117188,20.304688,20.429688,20.460938,20.398438
8794,2021-08-15 23:00:00,3552,26.804688,26.046875,25.0,25.875,26.609375,27.140625,27.28125,27.570312,27.109375,23.195312,20.6875,20.070312,20.125,20.304688,20.429688,20.460938,20.398438
8795,2021-08-15 23:15:00,3540,25.148438,23.195312,22.632812,22.9375,23.078125,23.84375,23.953125,24.46875,24.726562,22.8125,20.765625,20.101562,20.132812,20.304688,20.414062,20.453125,20.390625
8796,2021-08-15 23:30:00,3546,23.648438,21.992188,21.671875,21.859375,22.070312,22.671875,22.9375,23.40625,23.6875,22.46875,20.8125,20.132812,20.140625,20.289062,20.414062,20.453125,20.390625
8797,2021-08-15 23:45:00,3546,22.601562,21.257812,20.898438,21.0625,21.179688,21.710938,21.898438,22.289062,22.53125,22.15625,20.851562,20.171875,20.140625,20.289062,20.40625,20.453125,20.390625
8798,2021-08-16 00:00:00,3540,22.0,20.789062,20.476562,20.695312,20.78125,21.257812,21.421875,21.796875,22.085938,21.953125,20.882812,20.195312,20.15625,20.289062,20.414062,20.445312,20.390625
8799,2021-08-16 00:15:00,3546,21.414062,20.445312,20.148438,20.296875,20.398438,20.773438,20.9375,21.320312,21.609375,21.75,20.90625,20.234375,20.164062,20.289062,20.414062,20.445312,20.382812
8800,2021-08-16 00:30:00,3540,20.921875,20.03125,19.734375,19.882812,19.945312,20.296875,20.453125,20.804688,21.117188,21.5625,20.921875,20.265625,20.171875,20.289062,20.40625,20.4375,20.390625
8801,2021-08-16 00:45:00,3540,20.554688,19.703125,19.460938,19.632812,19.703125,20.046875,20.21875,20.570312,20.890625,21.429688,20.914062,20.296875,20.1875,20.289062,20.40625,20.4375,20.382812
8802,2021-08-16 01:00:00,3546,20.117188,19.164062,18.914062,19.101562,19.117188,19.453125,19.554688,19.898438,20.25,21.265625,20.914062,20.328125,20.195312,20.296875,20.398438,20.429688,20.382812
8803,2021-08-16 01:15:00,3546,19.625,18.601562,18.398438,18.546875,18.578125,18.96875,19.117188,19.5625,20.0,21.140625,20.90625,20.351562,20.210938,20.289062,20.398438,20.4375,20.375
8804,2021-08-16 01:30:00,3540,18.992188,18.03125,17.851562,18.0,18.015625,18.40625,18.578125,19.0,19.398438,20.960938,20.890625,20.375,20.226562,20.289062,20.398438,20.429688,20.382812
8805,2021-08-16 01:45:00,3540,18.46875,17.585938,17.414062,17.570312,17.5625,17.929688,18.09375,18.539062,18.984375,20.804688,20.882812,20.398438,20.234375,20.289062,20.390625,20.421875,20.382812
8806,2021-08-16 02:00:00,3540,17.914062,16.929688,16.820312,16.960938,16.898438,17.265625,17.351562,17.78125,18.273438,20.601562,20.859375,20.414062,20.25,20.296875,20.390625,20.429688,20.382812
8807,2021-08-16 02:15:00,3540,17.453125,16.59375,16.476562,16.625,16.578125,16.921875,17.09375,17.554688,18.054688,20.445312,20.84375,20.429688,20.265625,20.296875,20.382812,20.429688,20.382812
8808,2021-08-16 02:30:00,3528,17.117188,16.242188,16.101562,16.257812,16.1875,16.585938,16.734375,17.234375,17.765625,20.328125,20.820312,20.453125,20.28125,20.304688,20.390625,20.421875,20.382812
8809,2021-08-16 02:45:00,3540,16.664062,15.75,15.65625,15.78125,15.703125,16.070312,16.195312,16.6875,17.234375,20.15625,20.78125,20.460938,20.289062,20.304688,20.390625,20.421875,20.390625
8810,2021-08-16 03:00:00,3540,16.257812,15.2734375,15.1640625,15.296875,15.2109375,15.6015625,15.75,16.25,16.851562,20.007812,20.75,20.476562,20.304688,20.304688,20.390625,20.421875,20.382812
8811,2021-08-16 03:15:00,3540,15.8671875,14.8984375,14.7421875,14.828125,14.703125,15.125,15.3046875,15.9375,16.59375,19.851562,20.71875,20.484375,20.320312,20.3125,20.390625,20.429688,20.390625
8812,2021-08-16 03:30:00,3540,15.609375,14.6015625,14.453125,14.5703125,14.4453125,14.9296875,15.1875,15.8671875,16.460938,19.726562,20.679688,20.492188,20.335938,20.320312,20.390625,20.414062,20.398438
8813,2021-08-16 03:45:00,3546,15.390625,14.4609375,14.1640625,14.2734375,14.0859375,14.5703125,14.7734375,15.5078125,16.125,19.546875,20.640625,20.492188,20.34375,20.320312,20.398438,20.421875,20.398438
8814,2021-08-16 04:00:00,3540,15.1796875,14.1796875,13.9921875,14.1328125,13.9921875,14.5390625,14.796875,15.4921875,16.046875,19.4375,20.601562,20.507812,20.359375,20.328125,20.390625,20.429688,20.398438
8815,2021-08-16 04:15:00,3528,14.953125,14.03125,13.8984375,14.0390625,13.9453125,14.390625,14.6328125,15.203125,15.7734375,19.328125,20.5625,20.507812,20.367188,20.335938,20.390625,20.429688,20.398438
8816,2021-08-16 04:30:00,3540,14.7578125,13.9609375,13.8359375,13.9765625,13.8984375,14.3671875,14.59375,15.1875,15.7578125,19.234375,20.523438,20.515625,20.382812,20.34375,20.398438,20.429688,20.40625
8817,2021-08-16 04:45:00,3540,14.6171875,13.8984375,13.7421875,13.859375,13.78125,14.2578125,14.484375,15.09375,15.6015625,19.140625,20.46875,20.507812,20.382812,20.34375,20.398438,20.429688,20.40625
8818,2021-08-16 05:00:00,3534,14.4765625,13.75,13.6015625,13.7734375,13.6953125,14.2265625,14.4140625,14.9453125,15.515625,19.070312,20.429688,20.507812,20.398438,20.359375,20.398438,20.4375,20.40625
8819,2021-08-16 05:15:00,3528,14.3359375,13.859375,13.8125,13.9375,13.890625,14.25,14.4140625,14.8671875,15.4296875,19.007812,20.390625,20.5,20.40625,20.367188,20.398438,20.4375,20.414062
8820,2021-08-16 05:30:00,3540,14.234375,13.8984375,13.8828125,14.0078125,13.9453125,14.28125,14.4453125,14.921875,15.46875,18.960938,20.34375,20.5,20.414062,20.375,20.40625,20.4375,20.421875
8821,2021-08-16 05:45:00,3528,14.28125,14.1484375,14.1640625,14.2734375,14.28125,14.6171875,14.8359375,15.2890625,15.796875,18.960938,20.296875,20.5,20.421875,20.375,20.414062,20.445312,20.421875
8822,2021-08-16 06:00:00,3534,14.3515625,14.1171875,14.140625,14.2578125,14.234375,14.640625,14.8359375,15.328125,15.890625,18.960938,20.257812,20.492188,20.4375,20.382812,20.414062,20.445312,20.429688
8823,2021-08-16 06:15:00,3540,14.2578125,14.0546875,14.0859375,14.1875,14.1640625,14.515625,14.65625,15.078125,15.65625,18.90625,20.21875,20.46875,20.4375,20.390625,20.414062,20.445312,20.429688
8824,2021-08-16 06:30:00,3528,14.140625,13.9375,13.9765625,14.078125,14.0390625,14.359375,14.5,14.8984375,15.453125,18.835938,20.179688,20.476562,20.445312,20.398438,20.421875,20.445312,20.445312
8825,2021-08-16 06:45:00,3540,14.125,13.9921875,14.015625,14.1015625,14.109375,14.4140625,14.6171875,15.0859375,15.6328125,18.8125,20.148438,20.460938,20.453125,20.40625,20.421875,20.453125,20.445312
8826,2021-08-16 07:00:00,3528,14.15625,13.9375,13.9375,14.0390625,14.0234375,14.375,14.5859375,15.078125,15.625,18.796875,20.109375,20.453125,20.453125,20.414062,20.429688,20.453125,20.445312
8827,2021-08-16 07:15:00,3528,14.1953125,14.0,14.0078125,14.0859375,14.109375,14.4609375,14.6796875,15.171875,15.7265625,18.789062,20.078125,20.4375,20.460938,20.421875,20.429688,20.453125,20.453125
8828,2021-08-16 07:30:00,3540,14.1015625,13.9140625,13.9140625,13.9921875,14.0078125,14.296875,14.4921875,14.90625,15.4375,18.710938,20.046875,20.429688,20.46875,20.421875,20.4375,20.460938,20.460938
8829,2021-08-16 07:45:00,3540,14.0546875,13.84375,13.8515625,13.9453125,13.96875,14.3203125,14.546875,15.0390625,15.6015625,18.703125,20.015625,20.414062,20.46875,20.429688,20.445312,20.46875,20.460938
8830,2021-08-16 08:00:00,3528,13.9921875,13.734375,13.7421875,13.8359375,13.8203125,14.1640625,14.34375,14.8203125,15.4140625,18.640625,19.992188,20.40625,20.46875,20.445312,20.445312,20.46875,20.460938
8831,2021-08-16 08:15:00,3534,13.9765625,13.8046875,13.8203125,13.8984375,13.90625,14.1953125,14.3828125,14.8203125,15.359375,18.59375,19.960938,20.398438,20.46875,20.445312,20.453125,20.46875,20.476562
8832,2021-08-16 08:30:00,3534,13.9296875,13.7109375,13.7265625,13.8203125,13.828125,14.1640625,14.3828125,14.84375,15.390625,18.578125,19.929688,20.382812,20.476562,20.453125,20.460938,20.476562,20.476562
8833,2021-08-16 08:45:00,3540,13.8359375,13.5625,13.5625,13.640625,13.640625,13.9921875,14.2421875,14.765625,15.375,18.546875,19.914062,20.375,20.476562,20.453125,20.460938,20.476562,20.484375
8834,2021-08-16 09:00:00,3540,13.6875,13.4453125,13.453125,13.5390625,13.5390625,13.828125,14.0234375,14.46875,15.0078125,18.460938,19.882812,20.367188,20.46875,20.46875,20.46875,20.484375,20.484375
8835,2021-08-16 09:15:00,3540,13.6484375,13.40625,13.421875,13.515625,13.4921875,13.84375,14.0546875,14.5390625,15.0859375,18.429688,19.859375,20.34375,20.476562,20.46875,20.46875,20.484375,20.484375
8836,2021-08-16 09:30:00,3528,13.6640625,13.4609375,13.4765625,13.578125,13.59375,13.9375,14.1640625,14.6484375,15.2265625,18.429688,19.828125,20.335938,20.476562,20.476562,20.484375,20.492188,20.5
8837,2021-08-16 09:45:00,3522,13.71875,13.53125,13.5390625,13.6484375,13.703125,14.0546875,14.3203125,14.8203125,15.34375,18.421875,19.804688,20.320312,20.46875,20.476562,20.484375,20.492188,20.5
8838,2021-08-16 10:00:00,3528,13.6953125,13.453125,13.46875,13.5703125,13.609375,13.9765625,14.21875,14.703125,15.2734375,18.40625,19.773438,20.3125,20.46875,20.476562,20.492188,20.5,20.507812
8839,2021-08-16 10:15:00,3528,13.6484375,13.4140625,13.421875,13.515625,13.546875,13.8828125,14.1015625,14.6015625,15.1640625,18.351562,19.75,20.296875,20.46875,20.484375,20.492188,20.5,20.507812
8840,2021-08-16 10:30:00,3522,13.6640625,13.4375,13.4453125,13.5625,13.625,14.0078125,14.296875,14.8125,15.34375,18.34375,19.726562,20.28125,20.46875,20.484375,20.5,20.507812,20.507812
8841,2021-08-16 10:45:00,3528,13.671875,13.359375,13.3046875,13.421875,13.4375,13.875,14.1171875,14.65625,15.234375,18.3125,19.703125,20.273438,20.460938,20.492188,20.5,20.507812,20.515625
8842,2021-08-16 11:00:00,3528,13.5625,13.3203125,13.328125,13.4296875,13.453125,13.78125,14.0078125,14.4765625,15.015625,18.242188,19.679688,20.257812,20.460938,20.5,20.5,20.515625,20.523438
8843,2021-08-16 11:15:00,3528,13.4765625,13.25,13.28125,13.3828125,13.3828125,13.7109375,13.921875,14.359375,14.875,18.210938,19.65625,20.25,20.460938,20.492188,20.507812,20.515625,20.523438
8844,2021-08-16 11:30:00,3528,13.4296875,13.234375,13.2578125,13.3671875,13.375,13.734375,13.9765625,14.46875,15.0078125,18.195312,19.632812,20.234375,20.453125,20.492188,20.515625,20.523438,20.515625
8845,2021-08-16 11:45:00,3528,13.4453125,13.2734375,13.296875,13.3984375,13.421875,13.7421875,13.953125,14.3828125,14.9375,18.164062,19.609375,20.21875,20.453125,20.507812,20.515625,20.523438,20.523438
8846,2021-08-16 12:00:00,3528,13.4296875,13.234375,13.25,13.375,13.390625,13.7265625,13.9453125,14.375,14.8984375,18.148438,19.585938,20.203125,20.445312,20.5,20.523438,20.523438,20.53125
8847,2021-08-16 12:15:00,3528,13.3828125,13.1953125,13.21875,13.34375,13.3515625,13.703125,13.9140625,14.3671875,14.9140625,18.117188,19.570312,20.1875,20.445312,20.507812,20.523438,20.53125,20.53125
8848,2021-08-16 12:30:00,3528,13.3359375,13.1484375,13.1484375,13.25,13.2890625,13.625,13.8671875,14.34375,14.921875,18.085938,19.546875,20.179688,20.4375,20.5,20.523438,20.539062,20.53125
8849,2021-08-16 12:45:00,3522,13.3125,13.140625,13.1640625,13.2734375,13.296875,13.65625,13.8828125,14.3515625,14.8984375,18.078125,19.523438,20.164062,20.429688,20.507812,20.53125,20.539062,20.53125
8850,2021-08-16 13:00:00,3528,13.2578125,13.0859375,13.1171875,13.21875,13.2578125,13.59375,13.84375,14.328125,14.890625,18.0625,19.5,20.15625,20.429688,20.5,20.53125,20.539062,20.53125
8851,2021-08-16 13:15:00,3528,13.3046875,13.09375,13.125,13.265625,13.328125,13.78125,14.0625,14.5859375,15.1171875,18.0625,19.476562,20.140625,20.421875,20.507812,20.53125,20.546875,20.539062
8852,2021-08-16 13:30:00,3522,13.1953125,12.96875,12.9453125,13.0625,13.109375,13.546875,13.8203125,14.2890625,14.796875,17.984375,19.460938,20.125,20.414062,20.507812,20.539062,20.554688,20.53125
8853,2021-08-16 13:45:00,3522,13.2109375,13.046875,13.0390625,13.1484375,13.2265625,13.625,13.90625,14.390625,14.890625,17.96875,19.4375,20.109375,20.40625,20.507812,20.539062,20.546875,20.53125
8854,2021-08-16 14:00:00,3522,13.2421875,13.078125,13.1015625,13.234375,13.3203125,13.75,14.0390625,14.53125,15.046875,17.992188,19.414062,20.101562,20.40625,20.507812,20.539062,20.546875,20.539062
8855,2021-08-16 14:15:00,3534,13.2734375,13.125,13.109375,13.2265625,13.28125,13.65625,13.9296875,14.3984375,14.9375,17.976562,19.390625,20.078125,20.398438,20.5,20.539062,20.554688,20.539062
8856,2021-08-16 14:30:00,3522,13.7265625,13.671875,13.609375,13.7109375,13.7734375,14.1015625,14.296875,14.6875,15.1015625,17.96875,19.375,20.0625,20.390625,20.5,20.539062,20.554688,20.539062
8857,2021-08-16 14:45:00,3516,14.0546875,13.9609375,13.9140625,13.9765625,14.09375,14.40625,14.6953125,15.109375,15.5078125,18.039062,19.351562,20.054688,20.382812,20.492188,20.539062,20.554688,20.539062
8858,2021-08-16 15:00:00,3510,14.4765625,14.28125,14.1484375,14.2109375,14.3359375,14.6640625,14.90625,15.265625,15.609375,18.070312,19.335938,20.039062,20.375,20.5,20.539062,20.554688,20.539062
8859,2021-08-16 15:15:00,3510,15.140625,14.8671875,14.6953125,14.6484375,14.71875,15.0546875,15.25,15.6328125,15.9921875,18.148438,19.320312,20.023438,20.367188,20.5,20.546875,20.5625,20.539062
8860,2021-08-16 15:30:00,3522,17.046875,16.734375,16.3125,16.117188,16.109375,16.242188,16.304688,16.476562,16.664062,18.242188,19.304688,20.007812,20.359375,20.5,20.546875,20.5625,20.539062
8861,2021-08-16 15:45:00,3510,19.4375,18.226562,17.445312,17.09375,17.023438,16.921875,16.90625,16.9375,17.109375,18.367188,19.289062,19.992188,20.351562,20.492188,20.546875,20.554688,20.539062
8862,2021-08-16 16:00:00,3510,21.0,19.328125,18.59375,18.265625,18.1875,17.882812,17.835938,17.703125,17.679688,18.46875,19.28125,19.976562,20.34375,20.492188,20.546875,20.5625,20.53125
8863,2021-08-16 16:15:00,3516,22.8125,21.0625,20.25,19.914062,19.828125,19.453125,19.289062,18.992188,18.742188,18.640625,19.273438,19.96875,20.328125,20.492188,20.546875,20.5625,20.53125
8864,2021-08-16 16:30:00,3522,24.6875,22.296875,21.523438,21.320312,21.203125,21.046875,20.710938,20.359375,20.039062,18.914062,19.273438,19.953125,20.328125,20.484375,20.546875,20.5625,20.53125
8865,2021-08-16 16:45:00,3522,25.109375,22.585938,21.9375,21.929688,21.882812,21.96875,21.71875,21.4375,20.9375,19.132812,19.28125,19.9375,20.320312,20.476562,20.546875,20.5625,20.53125
8866,2021-08-16 17:00:00,3522,26.109375,24.398438,23.710938,23.648438,23.414062,23.53125,23.171875,22.867188,22.289062,19.40625,19.289062,19.929688,20.3125,20.476562,20.546875,20.5625,20.523438
8867,2021-08-16 17:15:00,3522,27.65625,25.234375,24.492188,24.257812,24.039062,24.179688,23.796875,23.671875,23.289062,19.710938,19.304688,19.90625,20.296875,20.476562,20.546875,20.5625,20.53125
8868,2021-08-16 17:30:00,3522,28.75,25.945312,24.984375,25.007812,24.570312,24.679688,24.25,24.164062,23.828125,19.96875,19.328125,19.90625,20.296875,20.46875,20.546875,20.5625,20.523438
8869,2021-08-16 17:45:00,3522,30.101562,27.4375,26.703125,26.664062,26.3125,26.296875,26.039062,25.914062,25.320312,20.265625,19.351562,19.898438,20.28125,20.460938,20.539062,20.554688,20.523438
8870,2021-08-16 18:00:00,3528,30.992188,27.851562,27.585938,27.1875,26.703125,26.867188,26.625,26.65625,26.140625,20.59375,19.390625,19.890625,20.273438,20.460938,20.546875,20.5625,20.523438
8871,2021-08-16 18:15:00,3522,32.039062,29.4375,29.742188,28.539062,28.054688,27.960938,27.820312,27.828125,27.242188,20.914062,19.4375,19.882812,20.273438,20.460938,20.539062,20.5625,20.523438
8872,2021-08-16 18:30:00,3534,32.242188,29.328125,29.703125,28.34375,27.5625,27.8125,27.765625,27.90625,27.4375,21.15625,19.484375,19.882812,20.265625,20.453125,20.53125,20.554688,20.515625
8873,2021-08-16 18:45:00,3528,32.820312,29.945312,30.59375,29.070312,28.445312,29.054688,29.226562,29.539062,28.960938,21.539062,19.546875,19.882812,20.25,20.445312,20.539062,20.554688,20.515625
8874,2021-08-16 19:00:00,3528,33.15625,31.125,30.742188,29.078125,28.335938,28.804688,29.039062,29.203125,28.6875,21.734375,19.601562,19.875,20.25,20.445312,20.53125,20.554688,20.507812
8875,2021-08-16 19:15:00,3528,33.46875,30.921875,30.484375,29.203125,28.53125,29.351562,29.765625,30.085938,29.320312,22.015625,19.664062,19.882812,20.234375,20.4375,20.53125,20.554688,20.507812
8876,2021-08-16 19:30:00,3540,33.25,29.78125,29.859375,28.523438,28.085938,29.070312,29.414062,29.773438,29.414062,22.359375,19.734375,19.882812,20.234375,20.429688,20.523438,20.546875,20.5
8877,2021-08-16 19:45:00,3528,33.484375,31.367188,31.570312,29.757812,29.632812,30.664062,31.414062,31.65625,30.90625,22.695312,19.8125,19.890625,20.226562,20.429688,20.523438,20.546875,20.5
8878,2021-08-16 20:00:00,3540,33.929688,32.265625,32.210938,30.210938,30.53125,31.632812,32.78125,32.335938,31.328125,22.945312,19.890625,19.898438,20.21875,20.429688,20.523438,20.546875,20.5
8879,2021-08-16 20:15:00,3546,33.492188,31.101562,30.585938,29.007812,29.484375,30.8125,31.921875,31.945312,31.390625,23.179688,19.976562,19.914062,20.210938,20.421875,20.515625,20.539062,20.492188
8880,2021-08-16 20:30:00,3546,33.476562,31.367188,30.367188,29.882812,30.734375,31.742188,32.585938,32.234375,31.585938,23.40625,20.0625,19.929688,20.210938,20.414062,20.515625,20.539062,20.484375
8881,2021-08-16 20:45:00,3546,33.601562,31.492188,30.53125,30.0,30.859375,32.382812,32.9375,32.765625,32.0625,23.59375,20.15625,19.945312,20.203125,20.40625,20.515625,20.539062,20.484375
8882,2021-08-16 21:00:00,3546,33.4375,31.085938,30.023438,29.671875,30.351562,32.164062,32.640625,32.601562,31.96875,23.75,20.257812,19.96875,20.203125,20.40625,20.507812,20.539062,20.476562
8883,2021-08-16 21:15:00,3552,34.140625,31.929688,31.03125,31.28125,32.039062,33.867188,34.203125,33.992188,33.132812,24.0625,20.34375,19.984375,20.195312,20.398438,20.507812,20.539062,20.476562
8884,2021-08-16 21:30:00,3540,33.96875,31.28125,30.6875,31.046875,31.8125,33.929688,34.226562,34.28125,33.359375,24.234375,20.4375,20.015625,20.203125,20.382812,20.507812,20.53125,20.476562
8885,2021-08-16 21:45:00,3552,33.351562,30.828125,29.921875,30.445312,31.265625,33.328125,33.398438,33.320312,32.507812,24.296875,20.539062,20.039062,20.195312,20.390625,20.5,20.523438,20.476562
8886,2021-08-16 22:00:00,3546,32.789062,31.570312,30.328125,30.828125,32.5625,33.609375,34.046875,33.789062,32.765625,24.390625,20.632812,20.070312,20.203125,20.382812,20.5,20.523438,20.46875
8887,2021-08-16 22:15:00,3546,32.507812,31.296875,30.203125,30.734375,32.320312,33.609375,33.671875,33.492188,32.570312,24.53125,20.726562,20.101562,20.203125,20.382812,20.492188,20.515625,20.460938
8888,2021-08-16 22:30:00,3552,31.445312,30.125,29.695312,30.257812,32.367188,33.023438,33.117188,32.851562,31.875,24.5,20.820312,20.140625,20.203125,20.375,20.492188,20.515625,20.460938
8889,2021-08-16 22:45:00,3546,30.304688,29.203125,28.359375,29.039062,30.359375,31.203125,31.179688,31.328125,30.539062,24.375,20.914062,20.171875,20.210938,20.367188,20.484375,20.507812,20.460938
8890,2021-08-16 23:00:00,3552,29.882812,29.882812,28.523438,30.132812,30.914062,31.203125,31.203125,31.21875,30.25,24.28125,21.007812,20.210938,20.210938,20.367188,20.476562,20.507812,20.460938
8891,2021-08-16 23:15:00,3552,27.65625,25.1875,24.523438,25.140625,25.03125,25.898438,25.71875,26.078125,26.265625,23.75,21.085938,20.25,20.226562,20.367188,20.476562,20.507812,20.453125
8892,2021-08-16 23:30:00,3552,25.65625,23.726562,23.304688,23.445312,23.429688,23.75,23.78125,24.078125,24.335938,23.15625,21.148438,20.289062,20.226562,20.367188,20.46875,20.507812,20.453125
8893,2021-08-16 23:45:00,3546,24.273438,22.546875,22.226562,22.351562,22.265625,22.578125,22.585938,22.875,23.171875,22.773438,21.210938,20.328125,20.242188,20.359375,20.46875,20.5,20.453125
8894,2021-08-17 00:00:00,3552,23.257812,21.898438,21.671875,21.78125,21.703125,21.9375,21.960938,22.1875,22.4375,22.460938,21.25,20.367188,20.25,20.359375,20.46875,20.5,20.445312
8895,2021-08-17 00:15:00,3546,22.671875,21.570312,21.296875,21.390625,21.296875,21.5,21.507812,21.710938,21.960938,22.226562,21.273438,20.40625,20.265625,20.359375,20.460938,20.492188,20.445312
8896,2021-08-17 00:30:00,3552,22.234375,21.257812,20.992188,21.078125,20.96875,21.125,21.132812,21.3125,21.546875,21.992188,21.273438,20.445312,20.273438,20.359375,20.46875,20.492188,20.453125
8897,2021-08-17 00:45:00,3552,21.914062,21.03125,20.804688,20.851562,20.75,20.8125,20.828125,20.984375,21.203125,21.828125,21.28125,20.476562,20.289062,20.359375,20.460938,20.492188,20.453125
8898,2021-08-17 01:00:00,3552,21.5625,20.703125,20.453125,20.640625,20.578125,20.554688,20.601562,20.703125,20.875,21.664062,21.273438,20.515625,20.296875,20.359375,20.460938,20.492188,20.453125
8899,2021-08-17 01:15:00,3558,21.289062,20.8125,20.671875,20.914062,20.84375,20.765625,20.78125,20.8125,20.882812,21.523438,21.257812,20.539062,20.320312,20.367188,20.453125,20.492188,20.453125
8900,2021-08-17 01:30:00,3552,21.210938,20.8125,20.75,20.984375,20.882812,20.914062,20.914062,20.9375,20.96875,21.453125,21.234375,20.570312,20.335938,20.367188,20.453125,20.484375,20.453125
8901,2021-08-17 01:45:00,3546,20.898438,20.265625,20.164062,20.367188,20.273438,20.289062,20.304688,20.351562,20.484375,21.335938,21.210938,20.59375,20.351562,20.367188,20.453125,20.484375,20.453125
8902,2021-08-17 02:00:00,3546,20.492188,19.914062,19.875,20.039062,19.914062,19.945312,19.953125,19.992188,20.132812,21.203125,21.195312,20.617188,20.367188,20.375,20.453125,20.484375,20.445312
8903,2021-08-17 02:15:00,3546,20.164062,19.476562,19.3125,19.46875,19.335938,19.53125,19.554688,19.71875,19.929688,21.085938,21.164062,20.640625,20.382812,20.382812,20.453125,20.484375,20.453125
8904,2021-08-17 02:30:00,3546,19.820312,19.226562,19.164062,19.289062,19.15625,19.234375,19.234375,19.375,19.585938,20.96875,21.140625,20.65625,20.398438,20.382812,20.453125,20.484375,20.460938
8905,2021-08-17 02:45:00,3540,19.390625,18.84375,18.625,18.773438,18.710938,18.664062,18.75,18.890625,19.101562,20.8125,21.117188,20.671875,20.414062,20.390625,20.453125,20.484375,20.460938
8906,2021-08-17 03:00:00,3546,18.976562,18.273438,18.125,18.257812,18.109375,18.296875,18.3125,18.546875,18.859375,20.6875,21.085938,20.6875,20.429688,20.398438,20.445312,20.484375,20.453125
8907,2021-08-17 03:15:00,3546,18.492188,17.835938,17.679688,17.796875,17.710938,17.804688,17.835938,18.03125,18.34375,20.53125,21.0625,20.695312,20.445312,20.398438,20.453125,20.484375,20.460938
8908,2021-08-17 03:30:00,3546,17.976562,17.351562,17.226562,17.382812,17.28125,17.335938,17.398438,17.609375,17.914062,20.390625,21.03125,20.710938,20.460938,20.40625,20.460938,20.492188,20.46875
8909,2021-08-17 03:45:00,3546,17.554688,17.234375,17.164062,17.359375,17.28125,17.15625,17.242188,17.367188,17.609375,20.234375,21.007812,20.71875,20.476562,20.414062,20.460938,20.484375,20.476562
8910,2021-08-17 04:00:00,3546,17.390625,17.304688,17.34375,17.492188,17.351562,17.328125,17.34375,17.40625,17.578125,20.117188,20.960938,20.726562,20.492188,20.421875,20.460938,20.492188,20.476562
8911,2021-08-17 04:15:00,3546,17.445312,17.625,17.765625,17.90625,17.734375,17.648438,17.617188,17.65625,17.796875,20.054688,20.921875,20.734375,20.507812,20.429688,20.46875,20.492188,20.484375
8912,2021-08-17 04:30:00,3546,17.085938,16.703125,16.710938,16.859375,16.710938,16.851562,16.8125,17.023438,17.335938,19.9375,20.890625,20.734375,20.523438,20.4375,20.46875,20.5,20.484375
8913,2021-08-17 04:45:00,3546,16.703125,16.460938,16.515625,16.671875,16.546875,16.546875,16.523438,16.671875,16.96875,19.835938,20.851562,20.742188,20.53125,20.453125,20.476562,20.5,20.5
8914,2021-08-17 05:00:00,3546,16.515625,16.25,16.382812,16.523438,16.320312,16.445312,16.40625,16.523438,16.757812,19.710938,20.8125,20.734375,20.546875,20.460938,20.476562,20.5,20.5
8915,2021-08-17 05:15:00,3540,16.140625,15.5859375,15.59375,15.6953125,15.5078125,15.765625,15.78125,16.078125,16.476562,19.601562,20.773438,20.742188,20.5625,20.46875,20.484375,20.507812,20.507812
8916,2021-08-17 05:30:00,3552,15.6328125,14.921875,14.8125,14.90625,14.65625,14.9765625,15.0703125,15.515625,15.9765625,19.4375,20.734375,20.734375,20.570312,20.46875,20.492188,20.507812,20.515625
8917,2021-08-17 05:45:00,3546,15.078125,14.5234375,14.5390625,14.671875,14.5234375,14.84375,14.9296875,15.328125,15.828125,19.367188,20.695312,20.734375,20.578125,20.484375,20.492188,20.515625,20.523438
8918,2021-08-17 06:00:00,3546,14.625,14.125,14.15625,14.2890625,14.1484375,14.5078125,14.5859375,14.984375,15.515625,19.265625,20.648438,20.734375,20.59375,20.492188,20.492188,20.515625,20.523438
8919,2021-08-17 06:15:00,3546,14.34375,13.8046875,13.8828125,13.9921875,13.7109375,14.09375,14.203125,14.7890625,15.328125,19.132812,20.609375,20.726562,20.609375,20.507812,20.5,20.523438,20.53125
8920,2021-08-17 06:30:00,3546,14.171875,13.953125,14.0,14.1015625,13.9765625,14.2265625,14.3359375,14.765625,15.296875,19.054688,20.5625,20.726562,20.609375,20.507812,20.507812,20.53125,20.546875
8921,2021-08-17 06:45:00,3546,13.953125,13.7421875,13.7890625,13.9296875,13.84375,14.1875,14.359375,14.9375,15.828125,19.054688,20.523438,20.71875,20.617188,20.515625,20.507812,20.53125,20.546875
8922,2021-08-17 07:00:00,3546,13.6796875,13.4375,13.4765625,13.640625,13.5546875,13.8984375,14.03125,14.53125,15.171875,18.96875,20.484375,20.710938,20.625,20.523438,20.523438,20.539062,20.554688
8923,2021-08-17 07:15:00,3546,13.4921875,13.328125,13.40625,13.609375,13.5078125,13.84375,13.90625,14.3359375,14.984375,18.875,20.429688,20.703125,20.632812,20.539062,20.523438,20.546875,20.5625
8924,2021-08-17 07:30:00,3546,13.3203125,13.2578125,13.328125,13.5546875,13.5234375,14.0,14.453125,15.046875,15.5859375,18.804688,20.390625,20.695312,20.640625,20.546875,20.53125,20.546875,20.570312
8925,2021-08-17 07:45:00,3540,13.2734375,13.25,13.3046875,13.484375,13.40625,13.7265625,13.859375,14.296875,14.8984375,18.773438,20.351562,20.679688,20.640625,20.554688,20.546875,20.554688,20.585938
8926,2021-08-17 08:00:00,3540,13.265625,13.3046875,13.3515625,13.484375,13.4609375,13.734375,13.875,14.296875,14.875,18.695312,20.320312,20.664062,20.65625,20.5625,20.539062,20.5625,20.585938
8927,2021-08-17 08:15:00,3534,13.4453125,13.515625,13.546875,13.6328125,13.640625,13.9140625,14.1015625,14.53125,15.078125,18.679688,20.273438,20.664062,20.65625,20.570312,20.546875,20.570312,20.59375
8928,2021-08-17 08:30:00,3540,13.6328125,13.6171875,13.6484375,13.71875,13.734375,14.03125,14.21875,14.671875,15.2265625,18.679688,20.242188,20.648438,20.65625,20.578125,20.554688,20.578125,20.59375
8929,2021-08-17 08:45:00,3534,13.6953125,13.625,13.6484375,13.71875,13.7421875,14.046875,14.2265625,14.671875,15.234375,18.65625,20.210938,20.632812,20.664062,20.59375,20.5625,20.578125,20.601562
8930,2021-08-17 09:00:00,3540,13.71875,13.609375,13.640625,13.7109375,13.7265625,14.03125,14.2109375,14.65625,15.1953125,18.617188,20.164062,20.625,20.664062,20.59375,20.570312,20.585938,20.617188
8931,2021-08-17 09:15:00,3540,13.703125,13.5390625,13.5625,13.625,13.65625,13.9453125,14.1484375,14.6015625,15.140625,18.578125,20.132812,20.609375,20.671875,20.601562,20.578125,20.59375,20.617188
8932,2021-08-17 09:30:00,3534,13.6796875,13.546875,13.5546875,13.625,13.6796875,13.96875,14.203125,14.6640625,15.21875,18.5625,20.101562,20.59375,20.671875,20.609375,20.585938,20.601562,20.632812
8933,2021-08-17 09:45:00,3534,13.703125,13.4765625,13.5078125,13.5859375,13.6171875,13.9375,14.1328125,14.5859375,15.1328125,18.523438,20.070312,20.578125,20.671875,20.617188,20.585938,20.609375,20.632812
8934,2021-08-17 10:00:00,3540,13.6953125,13.5,13.515625,13.5859375,13.640625,13.9375,14.1796875,14.6484375,15.21875,18.515625,20.03125,20.5625,20.664062,20.617188,20.601562,20.617188,20.640625
8935,2021-08-17 10:15:00,3540,13.6171875,13.4140625,13.4296875,13.4921875,13.53125,13.828125,14.0390625,14.5,15.03125,18.453125,20.007812,20.546875,20.664062,20.625,20.609375,20.617188,20.648438
8936,2021-08-17 10:30:00,3540,13.5546875,13.359375,13.375,13.4375,13.46875,13.7734375,13.984375,14.4765625,15.0390625,18.445312,19.984375,20.539062,20.664062,20.632812,20.609375,20.625,20.65625
8937,2021-08-17 10:45:00,3528,13.5390625,13.390625,13.40625,13.4453125,13.46875,13.7265625,13.921875,14.328125,14.84375,18.382812,19.953125,20.523438,20.664062,20.640625,20.625,20.632812,20.664062
8938,2021-08-17 11:00:00,3528,13.5703125,13.4765625,13.4921875,13.5234375,13.546875,13.765625,13.9609375,14.3671875,14.875,18.351562,19.921875,20.507812,20.664062,20.648438,20.625,20.640625,20.671875
8939,2021-08-17 11:15:00,3540,13.6328125,13.5234375,13.546875,13.59375,13.6171875,13.875,14.078125,14.515625,15.0546875,18.34375,19.898438,20.492188,20.664062,20.648438,20.632812,20.648438,20.671875
8940,2021-08-17 11:30:00,3528,13.609375,13.4765625,13.4921875,13.546875,13.578125,13.84375,14.0859375,14.546875,15.0703125,18.335938,19.867188,20.476562,20.65625,20.65625,20.640625,20.648438,20.679688
8941,2021-08-17 11:45:00,3528,13.5859375,13.4296875,13.4453125,13.4921875,13.5234375,13.7890625,14.0,14.4296875,14.953125,18.296875,19.84375,20.460938,20.65625,20.65625,20.648438,20.664062,20.6875
8942,2021-08-17 12:00:00,3528,13.6015625,13.4921875,13.515625,13.5625,13.578125,13.8359375,14.0625,14.5625,15.2734375,18.304688,19.820312,20.445312,20.65625,20.664062,20.65625,20.65625,20.6875
8943,2021-08-17 12:15:00,3528,13.59375,13.4609375,13.484375,13.5390625,13.5703125,13.828125,14.0625,14.5234375,15.078125,18.273438,19.789062,20.429688,20.648438,20.671875,20.65625,20.671875,20.703125
8944,2021-08-17 12:30:00,3540,13.5859375,13.4609375,13.484375,13.53125,13.5625,13.8046875,14.03125,14.484375,15.015625,18.242188,19.765625,20.414062,20.640625,20.664062,20.664062,20.679688,20.703125
8945,2021-08-17 12:45:00,3528,13.5390625,13.40625,13.4296875,13.4921875,13.53125,13.8046875,14.03125,14.484375,15.0078125,18.210938,19.742188,20.40625,20.640625,20.671875,20.671875,20.679688,20.703125
8946,2021-08-17 13:00:00,3528,13.484375,13.359375,13.375,13.453125,13.5078125,13.7890625,14.0390625,14.4921875,15.0,18.179688,19.726562,20.382812,20.632812,20.671875,20.671875,20.6875,20.710938
8947,2021-08-17 13:15:00,3528,13.5078125,13.34375,13.3671875,13.453125,13.5,13.8046875,14.0390625,14.5,15.0234375,18.171875,19.703125,20.367188,20.632812,20.671875,20.6875,20.6875,20.71875
8948,2021-08-17 13:30:00,3528,13.484375,13.3125,13.328125,13.4140625,13.46875,13.7890625,14.046875,14.515625,15.0078125,18.15625,19.679688,20.359375,20.632812,20.679688,20.679688,20.703125,20.71875
8949,2021-08-17 13:45:00,3528,13.421875,13.234375,13.2421875,13.328125,13.3671875,13.6953125,13.9375,14.4296875,14.9609375,18.125,19.65625,20.34375,20.625,20.679688,20.6875,20.703125,20.726562
8950,2021-08-17 14:00:00,3528,13.28125,13.0859375,13.09375,13.171875,13.234375,13.5546875,13.7734375,14.234375,14.7578125,18.070312,19.632812,20.328125,20.609375,20.679688,20.695312,20.710938,20.734375
8951,2021-08-17 14:15:00,3528,13.28125,13.09375,13.1015625,13.1796875,13.234375,13.5625,13.8046875,14.25,14.75,18.046875,19.609375,20.3125,20.601562,20.679688,20.695312,20.71875,20.734375
8952,2021-08-17 14:30:00,3528,13.296875,13.1796875,13.1796875,13.2421875,13.3046875,13.609375,13.84375,14.2734375,14.75,18.023438,19.585938,20.296875,20.609375,20.679688,20.695312,20.71875,20.734375
8953,2021-08-17 14:45:00,3522,13.3359375,13.25,13.2578125,13.3125,13.40625,13.6875,13.9296875,14.359375,14.8125,18.007812,19.570312,20.28125,20.59375,20.679688,20.703125,20.71875,20.734375
8954,2021-08-17 15:00:00,3534,13.5390625,13.46875,13.4921875,13.546875,13.625,13.9453125,14.2109375,14.6640625,15.15625,18.054688,19.546875,20.265625,20.585938,20.679688,20.703125,20.71875,20.742188
8955,2021-08-17 15:15:00,3522,13.578125,13.3671875,13.359375,13.40625,13.46875,13.8203125,14.0625,14.5078125,15.0078125,18.046875,19.523438,20.25,20.578125,20.6875,20.71875,20.726562,20.742188
8956,2021-08-17 15:30:00,3528,13.6484375,13.4921875,13.484375,13.515625,13.625,13.953125,14.234375,14.7109375,15.1875,18.046875,19.5,20.242188,20.570312,20.679688,20.710938,20.734375,20.75
8957,2021-08-17 15:45:00,3534,13.7734375,13.6953125,13.6328125,13.609375,13.703125,13.921875,14.0859375,14.3828125,14.734375,17.976562,19.492188,20.226562,20.570312,20.6875,20.710938,20.734375,20.742188
8958,2021-08-17 16:00:00,3522,13.9296875,13.8984375,13.859375,13.8125,13.875,14.078125,14.265625,14.5625,14.8515625,17.921875,19.476562,20.203125,20.554688,20.679688,20.71875,20.742188,20.75
8959,2021-08-17 16:15:00,3528,14.3125,14.2890625,14.2421875,14.171875,14.2421875,14.4609375,14.671875,15.0078125,15.3671875,18.03125,19.453125,20.195312,20.554688,20.679688,20.71875,20.742188,20.742188
8960,2021-08-17 16:30:00,3528,14.859375,14.9609375,14.90625,14.78125,14.8984375,15.03125,15.296875,15.609375,15.875,18.109375,19.429688,20.171875,20.546875,20.679688,20.726562,20.742188,20.75
8961,2021-08-17 16:45:00,3522,15.3359375,15.3046875,15.25,15.140625,15.28125,15.453125,15.7421875,16.070312,16.335938,18.226562,19.421875,20.164062,20.53125,20.679688,20.726562,20.75,20.75
8962,2021-08-17 17:00:00,3522,16.085938,16.351562,16.3125,16.070312,16.289062,16.328125,16.679688,16.9375,17.0625,18.335938,19.398438,20.148438,20.523438,20.671875,20.71875,20.75,20.75
8963,2021-08-17 17:15:00,3516,16.976562,16.890625,16.804688,16.585938,16.789062,16.953125,17.226562,17.460938,17.546875,18.484375,19.390625,20.132812,20.515625,20.671875,20.726562,20.757812,20.75
8964,2021-08-17 17:30:00,3516,17.765625,17.445312,17.382812,17.132812,17.265625,17.65625,17.9375,18.25,18.335938,18.671875,19.382812,20.117188,20.507812,20.664062,20.726562,20.75,20.742188
8965,2021-08-17 17:45:00,3522,18.28125,17.828125,17.695312,17.421875,17.671875,18.03125,18.3125,18.546875,18.492188,18.742188,19.375,20.109375,20.5,20.664062,20.726562,20.757812,20.742188
8966,2021-08-17 18:00:00,3522,19.710938,19.539062,19.507812,19.117188,19.28125,19.648438,19.90625,20.140625,20.03125,19.007812,19.375,20.09375,20.492188,20.664062,20.726562,20.757812,20.742188
8967,2021-08-17 18:15:00,3528,21.296875,20.65625,20.640625,20.179688,20.148438,20.664062,20.734375,21.0625,20.96875,19.304688,19.382812,20.070312,20.484375,20.65625,20.726562,20.757812,20.742188
8968,2021-08-17 18:30:00,3522,23.070312,22.335938,22.34375,21.953125,21.789062,21.992188,22.203125,22.546875,22.40625,19.609375,19.398438,20.0625,20.46875,20.65625,20.726562,20.757812,20.742188
8969,2021-08-17 18:45:00,3522,25.578125,24.578125,24.53125,23.867188,23.210938,23.6875,23.65625,24.09375,23.90625,20.015625,19.421875,20.054688,20.460938,20.65625,20.734375,20.757812,20.742188
8970,2021-08-17 19:00:00,3522,26.257812,24.820312,24.726562,23.71875,23.3125,23.773438,24.0,24.546875,24.367188,20.296875,19.445312,20.046875,20.453125,20.648438,20.726562,20.757812,20.734375
8971,2021-08-17 19:15:00,3528,27.414062,25.8125,25.054688,24.539062,23.640625,24.335938,24.320312,25.1875,25.296875,20.648438,19.476562,20.039062,20.445312,20.640625,20.726562,20.757812,20.734375
8972,2021-08-17 19:30:00,3528,28.0,25.789062,26.140625,25.25,24.171875,25.085938,25.28125,26.148438,26.0625,20.929688,19.515625,20.03125,20.4375,20.640625,20.726562,20.757812,20.734375
8973,2021-08-17 19:45:00,3528,28.125,25.46875,26.164062,24.679688,23.4375,24.421875,24.625,25.632812,25.679688,21.164062,19.570312,20.03125,20.429688,20.632812,20.726562,20.757812,20.726562
8974,2021-08-17 20:00:00,3522,27.875,25.992188,26.671875,24.859375,23.890625,24.773438,25.4375,26.414062,26.390625,21.328125,19.625,20.023438,20.421875,20.625,20.71875,20.757812,20.726562
8975,2021-08-17 20:15:00,3528,28.554688,27.609375,27.640625,25.984375,25.148438,26.460938,27.484375,28.28125,28.0625,21.734375,19.6875,20.023438,20.414062,20.625,20.71875,20.75,20.726562
8976,2021-08-17 20:30:00,3522,28.289062,27.039062,26.632812,24.984375,24.28125,25.695312,26.671875,27.578125,27.507812,21.875,19.75,20.015625,20.40625,20.625,20.71875,20.765625,20.726562
8977,2021-08-17 20:45:00,3528,27.882812,26.984375,26.359375,24.914062,24.640625,25.789062,26.90625,27.8125,28.0,22.117188,19.820312,20.03125,20.398438,20.609375,20.71875,20.75,20.71875
8978,2021-08-17 21:00:00,3528,27.96875,27.0,26.125,24.515625,24.578125,25.828125,26.804688,27.4375,27.585938,22.210938,19.890625,20.03125,20.398438,20.609375,20.710938,20.75,20.710938
8979,2021-08-17 21:15:00,3540,27.726562,26.734375,25.59375,24.695312,25.445312,26.453125,27.84375,28.59375,28.578125,22.34375,19.96875,20.046875,20.390625,20.609375,20.710938,20.75,20.710938
8980,2021-08-17 21:30:00,3528,27.671875,26.507812,25.382812,24.570312,25.625,26.648438,27.875,28.507812,28.3125,22.484375,20.046875,20.054688,20.375,20.601562,20.710938,20.75,20.703125
8981,2021-08-17 21:45:00,3528,27.382812,25.609375,25.15625,24.453125,25.109375,26.664062,27.382812,28.21875,28.320312,22.625,20.125,20.070312,20.375,20.59375,20.703125,20.742188,20.703125
8982,2021-08-17 22:00:00,3528,27.039062,24.9375,24.726562,24.023438,24.40625,26.070312,26.789062,27.65625,27.601562,22.640625,20.195312,20.09375,20.367188,20.585938,20.703125,20.742188,20.695312
8983,2021-08-17 22:15:00,3528,26.257812,23.757812,23.8125,23.21875,23.40625,25.015625,25.398438,26.304688,26.414062,22.554688,20.28125,20.109375,20.367188,20.585938,20.703125,20.734375,20.695312
8984,2021-08-17 22:30:00,3534,25.59375,23.1875,23.15625,22.789062,23.195312,24.726562,25.1875,26.179688,26.257812,22.5625,20.351562,20.125,20.359375,20.578125,20.695312,20.734375,20.695312
8985,2021-08-17 22:45:00,3534,24.890625,22.835938,22.851562,22.507812,23.351562,24.765625,25.132812,25.875,25.8125,22.484375,20.421875,20.140625,20.359375,20.570312,20.695312,20.734375,20.679688
8986,2021-08-17 23:00:00,3528,23.960938,22.320312,22.640625,22.070312,22.84375,24.132812,24.546875,25.429688,25.507812,22.40625,20.476562,20.171875,20.359375,20.5625,20.6875,20.726562,20.679688
8987,2021-08-17 23:15:00,3540,21.679688,19.507812,19.304688,19.414062,19.421875,20.265625,20.351562,21.15625,21.859375,21.921875,20.539062,20.195312,20.367188,20.5625,20.6875,20.726562,20.671875
8988,2021-08-17 23:30:00,3534,19.804688,18.617188,18.335938,18.554688,18.5625,18.859375,18.992188,19.460938,20.023438,21.390625,20.585938,20.226562,20.367188,20.554688,20.6875,20.71875,20.671875
8989,2021-08-17 23:45:00,3528,18.703125,17.84375,17.578125,17.796875,17.78125,18.078125,18.171875,18.601562,19.117188,21.03125,20.625,20.25,20.367188,20.554688,20.679688,20.71875,20.664062
8990,2021-08-18 00:00:00,3534,18.085938,17.679688,17.445312,17.664062,17.671875,17.859375,17.96875,18.328125,18.796875,20.789062,20.648438,20.273438,20.367188,20.554688,20.671875,20.71875,20.664062
8991,2021-08-18 00:15:00,3528,17.820312,17.65625,17.453125,17.6875,17.664062,17.828125,17.867188,18.117188,18.46875,20.5625,20.648438,20.296875,20.375,20.546875,20.671875,20.710938,20.664062
8992,2021-08-18 00:30:00,3528,17.359375,17.0625,16.835938,17.101562,17.070312,17.3125,17.367188,17.703125,18.140625,20.382812,20.648438,20.320312,20.375,20.546875,20.664062,20.710938,20.648438
8993,2021-08-18 00:45:00,3522,16.945312,16.71875,16.492188,16.773438,16.757812,16.929688,16.992188,17.28125,17.6875,20.203125,20.632812,20.34375,20.382812,20.539062,20.664062,20.703125,20.640625
8994,2021-08-18 01:00:00,3528,16.539062,16.265625,16.054688,16.34375,16.304688,16.5625,16.632812,16.976562,17.414062,20.054688,20.617188,20.359375,20.390625,20.539062,20.664062,20.703125,20.640625
8995,2021-08-18 01:15:00,3534,16.101562,15.9375,15.7265625,16.03125,15.984375,16.179688,16.234375,16.546875,16.992188,19.882812,20.585938,20.382812,20.398438,20.539062,20.65625,20.703125,20.648438
8996,2021-08-18 01:30:00,3528,15.6484375,15.4609375,15.25,15.5625,15.5078125,15.75,15.7890625,16.148438,16.679688,19.757812,20.554688,20.390625,20.40625,20.539062,20.65625,20.695312,20.632812
8997,2021-08-18 01:45:00,3528,15.234375,15.0078125,14.8046875,15.125,15.0546875,15.3515625,15.3828125,15.78125,16.304688,19.609375,20.53125,20.40625,20.414062,20.539062,20.648438,20.6875,20.632812
8998,2021-08-18 02:00:00,3528,14.75,14.515625,14.3046875,14.65625,14.59375,14.8828125,14.9453125,15.390625,15.9765625,19.46875,20.5,20.421875,20.429688,20.539062,20.648438,20.6875,20.632812
8999,2021-08-18 02:15:00,3534,14.3046875,14.125,13.9140625,14.234375,14.171875,14.4375,14.4921875,14.90625,15.4921875,19.289062,20.460938,20.429688,20.429688,20.539062,20.640625,20.6875,20.625
9000,2021-08-18 02:30:00,3528,13.875,13.6640625,13.453125,13.8203125,13.7421875,14.0625,14.1484375,14.6015625,15.2109375,19.148438,20.421875,20.429688,20.4375,20.539062,20.648438,20.679688,20.625
9001,2021-08-18 02:45:00,3528,13.4296875,13.21875,12.9609375,13.390625,13.2890625,13.625,13.71875,14.265625,14.9375,19.015625,20.382812,20.4375,20.445312,20.53125,20.640625,20.679688,20.625
9002,2021-08-18 03:00:00,3522,13.03125,12.8125,12.53125,12.984375,12.8828125,13.2109375,13.296875,13.8125,14.5234375,18.859375,20.335938,20.4375,20.445312,20.539062,20.640625,20.679688,20.625
9003,2021-08-18 03:15:00,3534,12.6484375,12.4921875,12.21875,12.6875,12.59375,12.9375,13.0234375,13.546875,14.2421875,18.703125,20.296875,20.4375,20.453125,20.539062,20.640625,20.679688,20.617188
9004,2021-08-18 03:30:00,3534,12.3828125,12.3359375,12.09375,12.53125,12.421875,12.7421875,12.796875,13.2734375,13.9375,18.570312,20.25,20.4375,20.460938,20.53125,20.632812,20.671875,20.617188
9005,2021-08-18 03:45:00,3534,12.2265625,12.296875,12.0703125,12.4765625,12.4140625,12.671875,12.78125,13.25,13.8828125,18.453125,20.203125,20.429688,20.460938,20.546875,20.632812,20.671875,20.617188
9006,2021-08-18 04:00:00,3522,12.0234375,12.0625,11.84375,12.2578125,12.1640625,12.4453125,12.5,12.984375,13.6796875,18.351562,20.148438,20.429688,20.46875,20.546875,20.632812,20.671875,20.617188
9007,2021-08-18 04:15:00,3528,11.875,11.90625,11.6875,12.1171875,12.0390625,12.328125,12.4140625,12.90625,13.578125,18.226562,20.101562,20.421875,20.476562,20.546875,20.632812,20.664062,20.609375
9008,2021-08-18 04:30:00,3522,11.7265625,11.6953125,11.453125,11.9375,11.875,12.1953125,12.3125,12.7890625,13.4375,18.085938,20.054688,20.414062,20.476562,20.546875,20.632812,20.664062,20.609375
9009,2021-08-18 04:45:00,3522,11.6640625,11.6015625,11.3125,11.796875,11.6875,12.078125,12.21875,12.8125,13.46875,18.007812,20.0,20.40625,20.476562,20.546875,20.632812,20.664062,20.609375
9010,2021-08-18 05:00:00,3528,11.5859375,11.3125,10.8125,11.3828125,11.421875,12.0234375,12.421875,12.9765625,13.484375,17.914062,19.953125,20.390625,20.484375,20.554688,20.625,20.664062,20.601562
9011,2021-08-18 05:15:00,3528,11.5390625,11.2734375,11.0234375,11.6640625,11.7734375,12.328125,12.6953125,13.0703125,13.4296875,17.773438,19.898438,20.375,20.492188,20.554688,20.625,20.664062,20.601562
9012,2021-08-18 05:30:00,3522,11.609375,11.6796875,11.4765625,11.953125,11.921875,12.265625,12.4375,12.859375,13.3828125,17.773438,19.851562,20.367188,20.492188,20.554688,20.632812,20.65625,20.601562
9013,2021-08-18 05:45:00,3528,11.828125,12.1015625,11.921875,12.3046875,12.25,12.484375,12.65625,13.109375,13.6171875,17.773438,19.796875,20.351562,20.492188,20.554688,20.632812,20.65625,20.609375
9014,2021-08-18 06:00:00,3522,11.890625,12.03125,11.9609375,12.421875,12.3046875,12.640625,12.828125,13.09375,13.40625,17.65625,19.75,20.335938,20.492188,20.554688,20.625,20.65625,20.59375
9015,2021-08-18 06:15:00,3528,11.75,11.671875,11.4296875,11.9609375,11.9453125,12.359375,12.546875,12.9375,13.421875,17.617188,19.710938,20.320312,20.492188,20.554688,20.625,20.648438,20.601562
9016,2021-08-18 06:30:00,3522,11.484375,11.4375,11.1328125,11.6171875,11.625,12.0,12.1015625,12.4921875,13.0859375,17.570312,19.65625,20.304688,20.484375,20.554688,20.632812,20.65625,20.601562
9017,2021-08-18 06:45:00,3522,11.296875,11.203125,10.9296875,11.453125,11.421875,11.7890625,11.875,12.3125,12.9296875,17.5,19.617188,20.28125,20.484375,20.5625,20.632812,20.65625,20.601562
9018,2021-08-18 07:00:00,3528,11.2109375,11.109375,10.90625,11.3984375,11.421875,11.7734375,11.8984375,12.3046875,12.890625,17.4375,19.570312,20.273438,20.484375,20.5625,20.625,20.65625,20.601562
9019,2021-08-18 07:15:00,3528,11.2109375,11.2265625,11.0,11.53125,11.5859375,11.9375,12.171875,12.546875,13.015625,17.414062,19.539062,20.25,20.484375,20.5625,20.632812,20.648438,20.601562
9020,2021-08-18 07:30:00,3522,11.34375,11.5078125,11.3203125,11.7734375,11.8359375,12.125,12.3515625,12.7734375,13.2578125,17.414062,19.492188,20.234375,20.484375,20.5625,20.632812,20.65625,20.59375
9021,2021-08-18 07:45:00,3528,11.4453125,11.78125,11.609375,12.140625,12.3046875,12.4765625,12.65625,12.953125,13.40625,17.414062,19.453125,20.210938,20.476562,20.570312,20.632812,20.648438,20.601562
9022,2021-08-18 08:00:00,3522,11.578125,12.0703125,11.9140625,12.4609375,12.671875,12.578125,12.7265625,12.9453125,13.359375,17.40625,19.414062,20.195312,20.46875,20.578125,20.625,20.648438,20.59375
9023,2021-08-18 08:15:00,3522,11.5703125,11.84375,11.6875,12.1953125,12.3125,12.5234375,12.6875,13.046875,13.578125,17.40625,19.375,20.171875,20.46875,20.5625,20.625,20.648438,20.59375
9024,2021-08-18 08:30:00,3516,11.546875,11.78125,11.625,12.171875,12.2734375,12.46875,12.640625,13.03125,13.5390625,17.367188,19.335938,20.15625,20.460938,20.570312,20.625,20.648438,20.59375
9025,2021-08-18 08:45:00,3516,11.4765625,11.8359375,11.71875,12.2734375,12.3671875,12.59375,12.7421875,12.9921875,13.484375,17.335938,19.304688,20.132812,20.460938,20.570312,20.632812,20.648438,20.59375
9026,2021-08-18 09:00:00,3516,11.640625,12.140625,12.0390625,12.484375,12.4609375,12.5625,12.6328125,12.859375,13.3046875,17.289062,19.273438,20.117188,20.453125,20.570312,20.632812,20.648438,20.59375
9027,2021-08-18 09:15:00,3522,11.59375,11.953125,11.9140625,12.421875,12.40625,12.609375,12.7265625,13.015625,13.4453125,17.257812,19.25,20.09375,20.445312,20.570312,20.632812,20.640625,20.59375
9028,2021-08-18 09:30:00,3516,11.5234375,11.71875,11.65625,12.21875,12.25,12.609375,12.8359375,13.1796875,13.578125,17.257812,19.210938,20.070312,20.4375,20.5625,20.632812,20.648438,20.585938
9029,2021-08-18 09:45:00,3516,11.4453125,11.640625,11.5390625,12.0703125,12.125,12.5234375,12.7109375,13.0703125,13.5234375,17.234375,19.179688,20.046875,20.429688,20.5625,20.632812,20.640625,20.585938
9030,2021-08-18 10:00:00,3522,11.6015625,11.9765625,11.921875,12.359375,12.328125,12.578125,12.6796875,12.9453125,13.328125,17.140625,19.15625,20.023438,20.414062,20.554688,20.625,20.640625,20.585938
9031,2021-08-18 10:15:00,3510,11.546875,11.7734375,11.765625,12.265625,12.203125,12.484375,12.6015625,12.8203125,13.1484375,17.039062,19.117188,20.007812,20.414062,20.5625,20.632812,20.648438,20.585938
9032,2021-08-18 10:30:00,3516,11.421875,11.6953125,11.6796875,12.203125,12.3125,12.6640625,12.8046875,12.9765625,13.28125,17.039062,19.09375,19.992188,20.398438,20.554688,20.632812,20.640625,20.585938
9033,2021-08-18 10:45:00,3516,11.4296875,11.7109375,11.703125,12.203125,12.25,12.5703125,12.734375,12.9453125,13.2265625,17.0,19.0625,19.96875,20.390625,20.554688,20.625,20.640625,20.585938
9034,2021-08-18 11:00:00,3516,11.421875,11.7109375,11.6640625,12.15625,12.2265625,12.6015625,12.7890625,13.1171875,13.4921875,17.03125,19.03125,19.953125,20.382812,20.554688,20.625,20.640625,20.578125
9035,2021-08-18 11:15:00,3516,11.4140625,11.7578125,11.71875,12.1484375,12.1875,12.5390625,12.671875,13.0,13.421875,17.046875,19.0,19.921875,20.367188,20.546875,20.625,20.648438,20.570312
9036,2021-08-18 11:30:00,3510,11.46875,11.8515625,11.78125,12.1796875,12.1953125,12.453125,12.578125,12.8984375,13.3515625,17.023438,18.96875,19.90625,20.359375,20.546875,20.625,20.632812,20.570312
9037,2021-08-18 11:45:00,3510,11.5078125,11.8203125,11.75,12.1171875,12.109375,12.3828125,12.5,12.8359375,13.328125,17.015625,18.9375,19.890625,20.351562,20.546875,20.625,20.632812,20.570312
9038,2021-08-18 12:00:00,3510,11.5625,11.8828125,11.8046875,12.1640625,12.09375,12.3359375,12.40625,12.703125,13.1796875,16.976562,18.914062,19.867188,20.34375,20.539062,20.625,20.632812,20.570312
9039,2021-08-18 12:15:00,3516,11.40625,11.640625,11.5859375,11.9921875,11.8984375,12.0859375,12.1171875,12.3515625,12.796875,16.828125,18.890625,19.851562,20.328125,20.539062,20.617188,20.625,20.5625
9040,2021-08-18 12:30:00,3510,11.359375,11.6328125,11.5703125,11.9375,11.8984375,12.0390625,12.1484375,12.390625,12.7421875,16.78125,18.859375,19.828125,20.3125,20.523438,20.617188,20.625,20.5625
9041,2021-08-18 12:45:00,3522,11.3125,11.5625,11.5,11.84375,11.7578125,11.9453125,12.0078125,12.265625,12.6796875,16.742188,18.84375,19.804688,20.304688,20.523438,20.617188,20.625,20.554688
9042,2021-08-18 13:00:00,3510,11.40625,11.7265625,11.671875,11.9921875,11.9375,12.125,12.2109375,12.5234375,12.96875,16.765625,18.804688,19.78125,20.296875,20.515625,20.609375,20.625,20.546875
9043,2021-08-18 13:15:00,3516,11.5234375,11.8671875,11.828125,12.09375,12.0234375,12.1640625,12.2265625,12.5234375,12.984375,16.773438,18.78125,19.757812,20.28125,20.515625,20.609375,20.625,20.546875
9044,2021-08-18 13:30:00,3504,11.671875,12.0703125,12.03125,12.2421875,12.1484375,12.234375,12.25,12.4765625,12.8984375,16.75,18.75,19.742188,20.265625,20.507812,20.601562,20.609375,20.539062
9045,2021-08-18 13:45:00,3504,11.6875,11.9765625,11.9296875,12.1875,12.109375,12.234375,12.2734375,12.546875,12.9765625,16.734375,18.71875,19.726562,20.257812,20.5,20.601562,20.609375,20.539062
9046,2021-08-18 14:00:00,3510,11.75,12.0,11.9609375,12.234375,12.125,12.3046875,12.328125,12.5859375,13.015625,16.71875,18.695312,19.703125,20.242188,20.492188,20.59375,20.609375,20.53125
9047,2021-08-18 14:15:00,3510,11.9453125,12.265625,12.234375,12.4453125,12.3515625,12.46875,12.484375,12.7421875,13.171875,16.734375,18.671875,19.679688,20.226562,20.484375,20.59375,20.609375,20.523438
9048,2021-08-18 14:30:00,3510,12.2109375,12.6015625,12.5625,12.7421875,12.671875,12.7421875,12.765625,12.9921875,13.40625,16.773438,18.640625,19.664062,20.21875,20.476562,20.59375,20.601562,20.523438
9049,2021-08-18 14:45:00,3504,12.8984375,13.390625,13.28125,13.3359375,13.2578125,13.25,13.2421875,13.4296875,13.8046875,16.84375,18.617188,19.640625,20.203125,20.476562,20.585938,20.59375,20.523438
9050,2021-08-18 15:00:00,3510,13.7421875,14.1171875,14.0078125,14.0078125,13.90625,13.8828125,13.8203125,13.953125,14.2890625,16.9375,18.601562,19.617188,20.195312,20.460938,20.578125,20.59375,20.515625
9051,2021-08-18 15:15:00,3504,14.625,14.7421875,14.625,14.625,14.5703125,14.5,14.453125,14.515625,14.7734375,17.046875,18.578125,19.601562,20.171875,20.453125,20.578125,20.59375,20.507812
9052,2021-08-18 15:30:00,3504,15.7578125,15.625,15.4375,15.375,15.3125,15.2421875,15.140625,15.1328125,15.328125,17.195312,18.5625,19.578125,20.164062,20.445312,20.578125,20.59375,20.507812
9053,2021-08-18 15:45:00,3504,16.96875,16.703125,16.460938,16.359375,16.296875,16.148438,16.046875,15.9140625,15.9765625,17.335938,18.554688,19.554688,20.148438,20.4375,20.570312,20.585938,20.5
9054,2021-08-18 16:00:00,3510,18.34375,18.070312,17.765625,17.664062,17.476562,17.25,17.007812,16.789062,16.765625,17.53125,18.539062,19.539062,20.132812,20.429688,20.5625,20.578125,20.492188
9055,2021-08-18 16:15:00,3510,19.078125,18.0625,17.8125,17.757812,17.53125,17.609375,17.359375,17.21875,17.203125,17.703125,18.539062,19.523438,20.125,20.421875,20.554688,20.570312,20.484375
9056,2021-08-18 16:30:00,3504,19.992188,18.804688,18.570312,18.367188,18.28125,18.40625,18.195312,18.0,17.851562,17.867188,18.53125,19.5,20.101562,20.414062,20.546875,20.570312,20.476562
9057,2021-08-18 16:45:00,3510,20.65625,19.71875,19.601562,19.445312,19.328125,19.445312,19.1875,18.953125,18.695312,18.054688,18.546875,19.484375,20.085938,20.40625,20.539062,20.5625,20.46875
9058,2021-08-18 17:00:00,3510,21.390625,20.609375,20.617188,20.34375,20.164062,20.375,20.140625,19.960938,19.664062,18.296875,18.554688,19.46875,20.070312,20.398438,20.539062,20.5625,20.46875
9059,2021-08-18 17:15:00,3510,22.53125,21.25,21.328125,21.203125,20.84375,21.265625,20.9375,20.929688,20.695312,18.570312,18.570312,19.453125,20.054688,20.382812,20.53125,20.546875,20.453125
9060,2021-08-18 17:30:00,3504,23.210938,21.742188,21.8125,21.5,21.226562,21.632812,21.28125,21.328125,21.179688,18.789062,18.585938,19.4375,20.039062,20.375,20.523438,20.546875,20.460938
9061,2021-08-18 17:45:00,3510,23.84375,22.375,22.507812,22.039062,21.867188,22.367188,21.96875,22.039062,21.84375,19.007812,18.617188,19.429688,20.03125,20.367188,20.515625,20.539062,20.453125
9062,2021-08-18 18:00:00,3510,24.460938,22.835938,22.945312,22.609375,22.34375,22.976562,22.648438,22.953125,22.796875,19.28125,18.648438,19.40625,20.015625,20.351562,20.515625,20.53125,20.4375
9063,2021-08-18 18:15:00,3510,25.773438,24.453125,24.164062,24.25,23.570312,24.03125,23.5,23.609375,23.382812,19.492188,18.6875,19.398438,20.0,20.34375,20.5,20.523438,20.429688
9064,2021-08-18 18:30:00,3510,26.546875,24.992188,24.867188,24.601562,24.289062,24.6875,24.648438,24.921875,24.625,19.8125,18.726562,19.390625,19.976562,20.335938,20.5,20.523438,20.421875
9065,2021-08-18 18:45:00,3516,26.984375,25.570312,25.265625,24.820312,24.28125,24.429688,24.40625,24.609375,24.40625,19.992188,18.773438,19.390625,19.96875,20.320312,20.484375,20.507812,20.414062
9066,2021-08-18 19:00:00,3522,27.382812,25.382812,25.234375,24.398438,24.023438,24.585938,24.609375,25.023438,24.875,20.242188,18.820312,19.382812,19.953125,20.3125,20.476562,20.507812,20.40625
9067,2021-08-18 19:15:00,3522,27.40625,24.882812,24.648438,24.507812,23.789062,24.359375,24.1875,24.539062,24.476562,20.351562,18.882812,19.382812,19.945312,20.296875,20.476562,20.5,20.40625
9068,2021-08-18 19:30:00,3516,27.421875,24.414062,24.484375,23.898438,23.15625,24.257812,24.164062,25.023438,25.21875,20.617188,18.929688,19.375,19.929688,20.296875,20.460938,20.484375,20.390625
9069,2021-08-18 19:45:00,3528,26.476562,24.015625,24.148438,23.335938,22.859375,23.796875,24.179688,25.078125,25.109375,20.648438,18.992188,19.382812,19.921875,20.28125,20.453125,20.476562,20.382812
9070,2021-08-18 20:00:00,3516,25.804688,23.609375,23.640625,22.742188,22.429688,23.359375,23.820312,24.515625,24.53125,20.710938,19.046875,19.382812,19.90625,20.273438,20.445312,20.476562,20.367188
9071,2021-08-18 20:15:00,3522,25.242188,23.515625,23.171875,22.351562,22.109375,22.867188,23.203125,23.664062,23.679688,20.671875,19.117188,19.390625,19.898438,20.257812,20.4375,20.46875,20.367188
9072,2021-08-18 20:30:00,3516,25.234375,23.765625,23.3125,22.289062,22.109375,22.898438,23.375,23.875,23.9375,20.765625,19.171875,19.398438,19.882812,20.242188,20.429688,20.460938,20.359375
9073,2021-08-18 20:45:00,3522,24.8125,22.789062,22.414062,21.304688,21.125,22.039062,22.25,22.757812,22.882812,20.726562,19.226562,19.40625,19.882812,20.234375,20.421875,20.453125,20.351562
9074,2021-08-18 21:00:00,3522,24.3125,22.65625,22.078125,21.226562,21.414062,22.070312,22.789062,23.351562,23.460938,20.695312,19.28125,19.421875,19.867188,20.226562,20.40625,20.445312,20.34375
9075,2021-08-18 21:15:00,3528,24.570312,22.9375,22.726562,22.3125,22.609375,23.265625,23.835938,24.03125,23.921875,20.8125,19.335938,19.4375,19.859375,20.21875,20.398438,20.4375,20.328125
9076,2021-08-18 21:30:00,3522,24.148438,22.054688,21.757812,20.96875,21.140625,22.070312,22.359375,22.992188,23.171875,20.851562,19.382812,19.453125,19.859375,20.203125,20.398438,20.429688,20.328125
9077,2021-08-18 21:45:00,3522,23.742188,21.703125,21.84375,20.96875,21.085938,22.15625,22.507812,23.0625,23.171875,20.890625,19.4375,19.460938,19.851562,20.195312,20.382812,20.421875,20.3125
9078,2021-08-18 22:00:00,3522,23.585938,21.632812,21.695312,21.046875,21.265625,22.429688,22.835938,23.453125,23.40625,20.875,19.484375,19.476562,19.84375,20.179688,20.375,20.414062,20.304688
9079,2021-08-18 22:15:00,3528,23.4375,21.5,21.453125,20.976562,21.320312,22.429688,22.875,23.414062,23.3125,20.96875,19.53125,19.492188,19.835938,20.171875,20.367188,20.40625,20.296875
9080,2021-08-18 22:30:00,3522,22.765625,20.65625,20.703125,20.304688,20.453125,21.695312,21.757812,22.53125,22.734375,20.945312,19.570312,19.515625,19.835938,20.164062,20.359375,20.398438,20.289062
9081,2021-08-18 22:45:00,3522,21.71875,20.0625,20.171875,19.796875,20.195312,21.03125,21.273438,21.945312,22.140625,20.820312,19.617188,19.523438,19.828125,20.15625,20.351562,20.390625,20.28125
9082,2021-08-18 23:00:00,3522,20.835938,19.523438,19.585938,19.164062,19.578125,20.179688,20.429688,20.929688,21.0625,20.65625,19.65625,19.546875,19.835938,20.140625,20.34375,20.382812,20.273438
9083,2021-08-18 23:15:00,3522,19.828125,18.421875,18.296875,18.101562,18.195312,18.898438,19.023438,19.523438,19.765625,20.398438,19.695312,19.5625,19.828125,20.140625,20.328125,20.375,20.273438
9084,2021-08-18 23:30:00,3528,19.09375,18.0625,17.945312,17.84375,17.921875,18.5625,18.75,19.34375,19.695312,20.234375,19.71875,19.585938,19.835938,20.132812,20.3125,20.367188,20.265625
9085,2021-08-18 23:45:00,3516,18.476562,17.726562,17.585938,17.476562,17.625,17.945312,18.117188,18.546875,18.898438,20.046875,19.75,19.601562,19.828125,20.125,20.304688,20.351562,20.257812
9086,2021-08-19 00:00:00,3522,18.3125,17.734375,17.5625,17.609375,17.828125,18.25,18.46875,18.890625,19.1875,20.0,19.757812,19.617188,19.828125,20.117188,20.304688,20.34375,20.25
9087,2021-08-19 00:15:00,3522,17.921875,17.34375,17.210938,17.242188,17.398438,17.859375,18.109375,18.648438,19.023438,19.914062,19.773438,19.640625,19.828125,20.109375,20.296875,20.34375,20.234375
9088,2021-08-19 00:30:00,3516,17.539062,16.953125,16.773438,16.890625,16.992188,17.453125,17.625,18.109375,18.5,19.804688,19.78125,19.648438,19.835938,20.101562,20.289062,20.335938,20.226562
9089,2021-08-19 00:45:00,3516,17.078125,16.53125,16.320312,16.523438,16.601562,17.039062,17.25,17.765625,18.15625,19.65625,19.78125,19.671875,19.835938,20.09375,20.28125,20.328125,20.226562
9090,2021-08-19 01:00:00,3522,16.632812,16.0625,15.859375,16.070312,16.117188,16.617188,16.773438,17.28125,17.695312,19.523438,19.773438,19.6875,19.835938,20.09375,20.273438,20.3125,20.226562
9091,2021-08-19 01:15:00,3528,16.179688,15.7109375,15.5,15.703125,15.71875,16.125,16.234375,16.671875,17.085938,19.359375,19.765625,19.695312,19.84375,20.078125,20.265625,20.304688,20.21875
9092,2021-08-19 01:30:00,3528,15.9453125,15.5234375,15.25,15.5390625,15.5,15.8984375,15.96875,16.40625,16.867188,19.242188,19.757812,19.710938,19.851562,20.078125,20.25,20.304688,20.210938
9093,2021-08-19 01:45:00,3522,15.6328125,15.1796875,14.9609375,15.265625,15.2578125,15.71875,15.9140625,16.476562,16.976562,19.1875,19.742188,19.71875,19.851562,20.070312,20.25,20.289062,20.203125
9094,2021-08-19 02:00:00,3516,15.328125,14.8828125,14.6328125,14.9609375,14.953125,15.40625,15.5703125,16.117188,16.625,19.078125,19.726562,19.726562,19.859375,20.0625,20.242188,20.289062,20.203125
9095,2021-08-19 02:15:00,3528,14.8203125,14.3203125,14.03125,14.453125,14.375,14.875,15.0,15.578125,16.132812,18.953125,19.710938,19.742188,19.859375,20.0625,20.234375,20.28125,20.195312
9096,2021-08-19 02:30:00,3522,14.3671875,13.9140625,13.59375,14.0546875,13.984375,14.4921875,14.6640625,15.2578125,15.78125,18.804688,19.6875,19.75,19.867188,20.054688,20.226562,20.28125,20.1875
9097,2021-08-19 02:45:00,3522,14.1328125,13.484375,12.96875,13.5859375,13.546875,14.171875,14.546875,15.078125,15.515625,18.648438,19.671875,19.75,19.867188,20.054688,20.21875,20.273438,20.1875
9098,2021-08-19 03:00:00,3522,13.875,13.2421875,12.7265625,13.359375,13.40625,14.0859375,14.5,14.9453125,15.28125,18.5,19.640625,19.757812,19.875,20.054688,20.21875,20.265625,20.179688
9099,2021-08-19 03:15:00,3522,13.5703125,12.984375,12.5234375,13.234375,13.21875,13.84375,14.09375,14.5234375,14.9375,18.367188,19.609375,19.757812,19.875,20.054688,20.21875,20.257812,20.179688
9100,2021-08-19 03:30:00,3516,13.2734375,12.71875,12.046875,12.6953125,12.71875,13.375,13.6640625,14.2109375,14.6796875,18.25,19.578125,19.757812,19.882812,20.046875,20.210938,20.25,20.171875
9101,2021-08-19 03:45:00,3522,13.0390625,12.53125,11.9921875,12.5078125,12.5859375,13.1796875,13.4921875,13.9453125,14.40625,18.125,19.546875,19.757812,19.890625,20.054688,20.203125,20.25,20.179688
9102,2021-08-19 04:00:00,3510,12.8125,12.4140625,11.96875,12.640625,12.625,13.140625,13.28125,13.65625,14.1171875,18.03125,19.507812,19.757812,19.890625,20.046875,20.195312,20.242188,20.164062
9103,2021-08-19 04:15:00,3522,12.609375,12.34375,11.9765625,12.6015625,12.625,12.9609375,13.0234375,13.3828125,13.796875,17.914062,19.476562,19.757812,19.890625,20.046875,20.195312,20.234375,20.164062
9104,2021-08-19 04:30:00,3510,12.4765625,12.140625,11.8125,12.4921875,12.5546875,12.9609375,13.0625,13.3671875,13.8046875,17.828125,19.4375,19.75,19.898438,20.046875,20.1875,20.226562,20.164062
9105,2021-08-19 04:45:00,3522,12.3984375,12.171875,11.8203125,12.359375,12.34375,12.8359375,13.0,13.4765625,14.0078125,17.765625,19.390625,19.742188,19.898438,20.039062,20.1875,20.226562,20.164062
9106,2021-08-19 05:00:00,3510,12.3359375,12.125,11.7734375,12.3359375,12.375,12.734375,12.890625,13.3203125,13.8046875,17.710938,19.351562,19.742188,19.898438,20.039062,20.179688,20.226562,20.148438
9107,2021-08-19 05:15:00,3516,12.265625,12.328125,12.0546875,12.609375,12.671875,12.8359375,12.875,13.1796875,13.5390625,17.609375,19.3125,19.734375,19.898438,20.039062,20.179688,20.226562,20.15625
9108,2021-08-19 05:30:00,3522,12.2578125,12.4296875,12.203125,12.65625,12.7734375,12.8515625,12.890625,13.140625,13.5,17.539062,19.273438,19.726562,19.898438,20.039062,20.171875,20.21875,20.148438
9109,2021-08-19 05:45:00,3516,12.3984375,12.7578125,12.53125,12.96875,13.1015625,13.0625,13.09375,13.28125,13.59375,17.46875,19.242188,19.71875,19.90625,20.046875,20.171875,20.21875,20.148438
9110,2021-08-19 06:00:00,3510,12.5390625,12.9765625,12.7578125,13.234375,13.3828125,13.234375,13.2578125,13.40625,13.671875,17.445312,19.203125,19.710938,19.90625,20.039062,20.164062,20.210938,20.140625
9111,2021-08-19 06:15:00,3516,12.578125,12.9609375,12.8125,13.2421875,13.3359375,13.3046875,13.34375,13.4921875,13.796875,17.421875,19.164062,19.6875,19.90625,20.039062,20.15625,20.203125,20.140625
9112,2021-08-19 06:30:00,3522,12.65625,12.9296875,12.7578125,13.1796875,13.265625,13.34375,13.421875,13.609375,13.921875,17.421875,19.125,19.679688,19.898438,20.039062,20.164062,20.203125,20.140625
9113,2021-08-19 06:45:00,3516,12.5625,12.8046875,12.6328125,13.1015625,13.1796875,13.265625,13.359375,13.578125,13.96875,17.421875,19.09375,19.671875,19.90625,20.039062,20.15625,20.203125,20.140625
9114,2021-08-19 07:00:00,3510,12.359375,12.5078125,12.3671875,12.9296875,12.9609375,13.1875,13.3125,13.546875,13.8984375,17.382812,19.0625,19.65625,19.898438,20.039062,20.15625,20.195312,20.132812
9115,2021-08-19 07:15:00,3510,12.234375,12.3046875,12.1171875,12.609375,12.53125,12.796875,12.9375,13.2890625,13.6953125,17.289062,19.03125,19.648438,19.898438,20.039062,20.15625,20.195312,20.132812
9116,2021-08-19 07:30:00,3510,12.375,12.6796875,12.6328125,12.96875,13.0,13.171875,13.375,13.6875,14.0234375,17.28125,19.0,19.632812,19.898438,20.039062,20.148438,20.1875,20.132812
9117,2021-08-19 07:45:00,3522,12.8359375,13.2265625,13.2890625,13.5234375,13.59375,13.84375,14.0390625,14.3828125,14.7578125,17.421875,18.96875,19.609375,19.890625,20.039062,20.148438,20.1875,20.125
9118,2021-08-19 08:00:00,3510,13.125,13.34375,13.40625,13.6171875,13.6640625,13.96875,14.1328125,14.46875,14.8515625,17.484375,18.929688,19.601562,19.882812,20.03125,20.148438,20.179688,20.125
9119,2021-08-19 08:15:00,3504,13.2890625,13.453125,13.5,13.7109375,13.75,14.078125,14.2578125,14.640625,15.0625,17.539062,18.90625,19.585938,19.882812,20.03125,20.148438,20.179688,20.117188
9120,2021-08-19 08:30:00,3522,13.4375,13.5390625,13.578125,13.765625,13.8046875,14.1171875,14.2734375,14.65625,15.09375,17.5625,18.882812,19.570312,19.875,20.03125,20.140625,20.179688,20.117188
9121,2021-08-19 08:45:00,3516,13.546875,13.578125,13.6171875,13.7890625,13.8125,14.140625,14.3125,14.6953125,15.1015625,17.570312,18.867188,19.554688,19.867188,20.03125,20.140625,20.171875,20.117188
9122,2021-08-19 09:00:00,3510,13.6328125,13.6640625,13.703125,13.8515625,13.8984375,14.1875,14.3515625,14.703125,15.1015625,17.570312,18.84375,19.539062,19.867188,20.03125,20.140625,20.171875,20.117188
9123,2021-08-19 09:15:00,3510,13.734375,13.7578125,13.8046875,13.9453125,13.984375,14.2890625,14.46875,14.828125,15.203125,17.578125,18.828125,19.523438,19.859375,20.03125,20.132812,20.171875,20.117188
9124,2021-08-19 09:30:00,3516,13.828125,13.8359375,13.8671875,13.984375,14.015625,14.3125,14.484375,14.8515625,15.2421875,17.601562,18.820312,19.507812,19.859375,20.023438,20.132812,20.164062,20.109375
9125,2021-08-19 09:45:00,3504,13.8984375,13.875,13.921875,14.03125,14.0703125,14.375,14.5703125,14.9765625,15.375,17.617188,18.796875,19.492188,19.84375,20.015625,20.125,20.164062,20.101562
9126,2021-08-19 10:00:00,3510,13.953125,13.90625,13.9375,14.0390625,14.0703125,14.375,14.5546875,14.9296875,15.3203125,17.617188,18.789062,19.484375,19.835938,20.015625,20.125,20.15625,20.109375
9127,2021-08-19 10:15:00,3510,13.9453125,13.875,13.90625,14.0,14.03125,14.3125,14.4765625,14.8359375,15.2421875,17.609375,18.773438,19.46875,19.835938,20.015625,20.125,20.15625,20.101562
9128,2021-08-19 10:30:00,3510,13.9609375,13.8671875,13.8828125,13.984375,14.0078125,14.296875,14.453125,14.828125,15.234375,17.601562,18.765625,19.453125,19.828125,20.015625,20.117188,20.148438,20.101562
9129,2021-08-19 10:45:00,3510,13.9375,13.8203125,13.84375,13.9375,13.953125,14.25,14.375,14.7578125,15.171875,17.59375,18.757812,19.4375,19.820312,20.007812,20.117188,20.148438,20.09375
9130,2021-08-19 11:00:00,3504,13.890625,13.75,13.7734375,13.8671875,13.8828125,14.1796875,14.328125,14.703125,15.1328125,17.578125,18.742188,19.429688,19.804688,20.007812,20.117188,20.148438,20.09375
9131,2021-08-19 11:15:00,3510,13.828125,13.7109375,13.734375,13.8203125,13.84375,14.125,14.265625,14.6328125,15.046875,17.554688,18.726562,19.40625,19.804688,20.0,20.109375,20.148438,20.085938
9132,2021-08-19 11:30:00,3510,13.796875,13.65625,13.6640625,13.7578125,13.765625,14.0546875,14.1875,14.5703125,14.9921875,17.539062,18.71875,19.398438,19.796875,20.0,20.109375,20.140625,20.085938
9133,2021-08-19 11:45:00,3498,13.7421875,13.609375,13.6171875,13.703125,13.71875,14.0,14.140625,14.5078125,14.921875,17.515625,18.703125,19.390625,19.789062,19.992188,20.109375,20.140625,20.078125
9134,2021-08-19 12:00:00,3504,13.7265625,13.5859375,13.6015625,13.6796875,13.6953125,13.9765625,14.125,14.5078125,14.9296875,17.507812,18.695312,19.375,19.773438,19.992188,20.109375,20.132812,20.078125
9135,2021-08-19 12:15:00,3510,13.671875,13.5390625,13.546875,13.609375,13.6328125,13.8828125,14.03125,14.3984375,14.8046875,17.46875,18.6875,19.359375,19.773438,19.984375,20.101562,20.132812,20.070312
9136,2021-08-19 12:30:00,3504,13.640625,13.515625,13.5234375,13.6015625,13.625,13.90625,14.078125,14.4765625,14.8984375,17.453125,18.671875,19.351562,19.765625,19.976562,20.09375,20.125,20.0625
9137,2021-08-19 12:45:00,3504,13.609375,13.4921875,13.5,13.5703125,13.5859375,13.8359375,13.984375,14.328125,14.7421875,17.429688,18.664062,19.335938,19.75,19.96875,20.09375,20.125,20.0625
9138,2021-08-19 13:00:00,3510,13.609375,13.5234375,13.53125,13.609375,13.6328125,13.8828125,14.0546875,14.390625,14.7890625,17.414062,18.648438,19.328125,19.75,19.96875,20.085938,20.117188,20.054688
9139,2021-08-19 13:15:00,3504,13.59375,13.5078125,13.5234375,13.59375,13.625,13.8515625,14.0,14.3125,14.703125,17.390625,18.632812,19.3125,19.734375,19.96875,20.078125,20.117188,20.054688
9140,2021-08-19 13:30:00,3510,13.6484375,13.578125,13.59375,13.65625,13.6875,13.9375,14.09375,14.4453125,14.828125,17.40625,18.617188,19.304688,19.726562,19.953125,20.078125,20.117188,20.046875
9141,2021-08-19 13:45:00,3504,13.703125,13.6328125,13.6484375,13.71875,13.734375,13.9921875,14.1484375,14.5,14.8828125,17.40625,18.601562,19.289062,19.71875,19.953125,20.070312,20.109375,20.039062
9142,2021-08-19 14:00:00,3510,13.7734375,13.6953125,13.7109375,13.78125,13.7890625,14.046875,14.1875,14.515625,14.90625,17.40625,18.59375,19.28125,19.710938,19.945312,20.070312,20.109375,20.03125
9143,2021-08-19 14:15:00,3510,13.859375,13.8046875,13.8203125,13.8671875,13.8984375,14.1484375,14.3125,14.671875,15.0546875,17.40625,18.585938,19.273438,19.703125,19.945312,20.070312,20.101562,20.03125
9144,2021-08-19 14:30:00,3504,13.984375,13.9296875,13.953125,13.9765625,14.0234375,14.28125,14.4609375,14.8046875,15.1640625,17.421875,18.570312,19.257812,19.695312,19.9375,20.0625,20.09375,20.03125
9145,2021-08-19 14:45:00,3504,14.21875,14.28125,14.3203125,14.328125,14.421875,14.6171875,14.828125,15.1484375,15.4453125,17.46875,18.5625,19.25,19.6875,19.929688,20.054688,20.078125,20.023438
9146,2021-08-19 15:00:00,3510,14.4921875,14.46875,14.5,14.4609375,14.5078125,14.75,14.921875,15.2578125,15.5859375,17.523438,18.554688,19.234375,19.671875,19.921875,20.054688,20.085938,20.023438
9147,2021-08-19 15:15:00,3504,14.734375,14.6796875,14.703125,14.6171875,14.6796875,14.859375,15.0234375,15.296875,15.5625,17.515625,18.539062,19.226562,19.664062,19.914062,20.046875,20.078125,20.015625
9148,2021-08-19 15:30:00,3504,15.046875,14.890625,14.9296875,14.7890625,14.84375,15.0390625,15.1796875,15.4609375,15.7421875,17.570312,18.53125,19.210938,19.65625,19.90625,20.039062,20.070312,20.007812
9149,2021-08-19 15:45:00,3498,15.265625,15.2109375,15.2578125,15.1015625,15.2421875,15.28125,15.4921875,15.703125,15.8984375,17.585938,18.523438,19.203125,19.648438,19.90625,20.03125,20.070312,20.0
9150,2021-08-19 16:00:00,3510,15.7890625,15.6953125,15.765625,15.5234375,15.6953125,15.765625,15.9609375,16.164062,16.335938,17.6875,18.523438,19.1875,19.632812,19.890625,20.03125,20.0625,19.992188
9151,2021-08-19 16:15:00,3504,16.304688,16.203125,16.296875,16.007812,16.273438,16.328125,16.601562,16.796875,16.929688,17.804688,18.507812,19.179688,19.625,19.890625,20.023438,20.054688,19.992188
9152,2021-08-19 16:30:00,3498,17.21875,17.140625,17.234375,16.867188,17.09375,17.085938,17.320312,17.414062,17.429688,17.929688,18.515625,19.171875,19.617188,19.882812,20.015625,20.054688,19.984375
9153,2021-08-19 16:45:00,3504,18.226562,18.21875,18.34375,17.921875,18.210938,18.109375,18.34375,18.351562,18.21875,18.070312,18.515625,19.15625,19.601562,19.875,20.007812,20.046875,19.976562
9154,2021-08-19 17:00:00,3498,19.390625,18.898438,19.015625,18.625,18.789062,18.976562,19.125,19.226562,19.09375,18.304688,18.515625,19.15625,19.59375,19.867188,20.007812,20.046875,19.96875
9155,2021-08-19 17:15:00,3498,19.835938,19.0625,19.179688,18.859375,18.976562,19.335938,19.484375,19.695312,19.609375,18.46875,18.523438,19.140625,19.59375,19.859375,20.007812,20.039062,19.960938
9156,2021-08-19 17:30:00,3504,20.523438,20.007812,20.078125,19.5625,19.648438,19.867188,20.0,20.195312,20.09375,18.601562,18.53125,19.132812,19.585938,19.851562,20.0,20.03125,19.960938
9157,2021-08-19 17:45:00,3510,22.773438,22.140625,22.148438,21.382812,21.265625,21.578125,21.28125,21.445312,21.328125,18.882812,18.554688,19.125,19.570312,19.851562,19.992188,20.03125,19.953125
9158,2021-08-19 18:00:00,3510,24.25,23.023438,22.914062,22.4375,22.203125,22.59375,22.296875,22.507812,22.335938,19.1875,18.570312,19.117188,19.5625,19.835938,19.984375,20.023438,19.945312
9159,2021-08-19 18:15:00,3510,25.6875,24.515625,24.273438,23.953125,23.515625,23.75,23.59375,23.773438,23.546875,19.484375,18.601562,19.109375,19.554688,19.828125,19.984375,20.015625,19.9375
9160,2021-08-19 18:30:00,3510,26.226562,23.953125,23.828125,23.273438,22.6875,23.28125,22.960938,23.382812,23.320312,19.671875,18.632812,19.101562,19.546875,19.820312,19.96875,20.007812,19.929688
9161,2021-08-19 18:45:00,3510,26.554688,24.351562,24.210938,23.664062,23.0625,23.476562,23.367188,23.796875,23.734375,19.875,18.671875,19.109375,19.539062,19.8125,19.96875,20.0,19.929688
9162,2021-08-19 17:30:00,3504,20.523438,20.007812,20.078125,19.5625,19.648438,19.867188,20.0,20.195312,20.09375,18.601562,18.53125,19.132812,19.585938,19.851562,20.0,20.03125,19.960938
9163,2021-08-19 17:45:00,3510,22.773438,22.140625,22.148438,21.382812,21.265625,21.578125,21.28125,21.445312,21.328125,18.882812,18.554688,19.125,19.570312,19.851562,19.992188,20.03125,19.953125
9164,2021-08-19 18:00:00,3510,24.25,23.023438,22.914062,22.4375,22.203125,22.59375,22.296875,22.507812,22.335938,19.1875,18.570312,19.117188,19.5625,19.835938,19.984375,20.023438,19.945312
9165,2021-08-19 18:15:00,3510,25.6875,24.515625,24.273438,23.953125,23.515625,23.75,23.59375,23.773438,23.546875,19.484375,18.601562,19.109375,19.554688,19.828125,19.984375,20.015625,19.9375
9166,2021-08-19 18:30:00,3510,26.226562,23.953125,23.828125,23.273438,22.6875,23.28125,22.960938,23.382812,23.320312,19.671875,18.632812,19.101562,19.546875,19.820312,19.96875,20.007812,19.929688
9167,2021-08-19 18:45:00,3510,26.554688,24.351562,24.210938,23.664062,23.0625,23.476562,23.367188,23.796875,23.734375,19.875,18.671875,19.109375,19.539062,19.8125,19.96875,20.0,19.929688
9168,2021-08-19 19:00:00,3504,26.476562,24.265625,24.304688,23.226562,22.867188,23.195312,23.4375,23.789062,23.65625,19.976562,18.71875,19.101562,19.523438,19.804688,19.960938,20.0,19.914062
9169,2021-08-19 19:15:00,3516,26.382812,23.773438,23.914062,22.796875,22.3125,22.984375,22.953125,23.46875,23.609375,20.15625,18.757812,19.09375,19.515625,19.796875,19.953125,19.984375,19.90625
9170,2021-08-19 19:30:00,3516,26.296875,24.078125,24.484375,22.914062,22.375,22.835938,22.90625,23.34375,23.289062,20.234375,18.8125,19.101562,19.507812,19.796875,19.945312,19.984375,19.90625
9171,2021-08-19 19:45:00,3510,25.28125,23.320312,23.445312,22.390625,22.226562,22.5,22.820312,23.226562,23.28125,20.265625,18.859375,19.101562,19.507812,19.78125,19.9375,19.976562,19.898438
9172,2021-08-19 20:00:00,3522,24.132812,21.679688,21.679688,20.953125,20.8125,21.578125,21.523438,22.039062,22.296875,20.265625,18.914062,19.109375,19.492188,19.773438,19.929688,19.96875,19.890625
9173,2021-08-19 20:15:00,3516,23.398438,21.875,21.960938,21.0,21.171875,21.585938,22.023438,22.398438,22.429688,20.203125,18.96875,19.117188,19.484375,19.765625,19.929688,19.960938,19.882812
9174,2021-08-19 20:30:00,3516,23.492188,21.921875,21.9375,21.140625,21.179688,21.882812,22.1875,22.71875,22.835938,20.3125,19.015625,19.125,19.476562,19.757812,19.914062,19.953125,19.875
9175,2021-08-19 20:45:00,3522,22.820312,21.460938,21.492188,20.789062,21.0,21.554688,21.828125,22.265625,22.367188,20.28125,19.0625,19.132812,19.476562,19.75,19.90625,19.953125,19.867188
9176,2021-08-19 21:00:00,3522,22.617188,21.476562,21.476562,20.875,21.078125,21.609375,21.890625,22.375,22.507812,20.3125,19.101562,19.140625,19.476562,19.742188,19.90625,19.945312,19.859375
9177,2021-08-19 21:15:00,3522,21.796875,20.1875,20.226562,19.546875,19.59375,20.226562,20.351562,20.890625,21.195312,20.203125,19.140625,19.164062,19.460938,19.734375,19.898438,19.9375,19.859375
9178,2021-08-19 21:30:00,3522,21.640625,20.554688,20.617188,19.867188,20.078125,20.523438,20.726562,21.078125,21.210938,20.132812,19.1875,19.164062,19.460938,19.726562,19.890625,19.929688,19.84375
9179,2021-08-19 21:45:00,3522,21.960938,21.007812,21.15625,20.351562,20.539062,21.15625,21.289062,21.65625,21.734375,20.1875,19.21875,19.179688,19.460938,19.71875,19.875,19.921875,19.835938
9180,2021-08-19 22:00:00,3516,21.46875,20.015625,20.109375,19.484375,19.53125,20.234375,20.273438,20.6875,20.921875,20.179688,19.25,19.1875,19.453125,19.710938,19.867188,19.914062,19.828125
9181,2021-08-19 22:15:00,3522,21.4375,20.398438,20.5,19.835938,20.039062,20.53125,20.734375,21.140625,21.210938,20.109375,19.28125,19.210938,19.445312,19.703125,19.867188,19.90625,19.820312
9182,2021-08-19 22:30:00,3516,21.234375,20.0625,20.257812,19.671875,19.84375,20.484375,20.664062,21.203125,21.398438,20.164062,19.304688,19.21875,19.445312,19.695312,19.859375,19.898438,19.820312
9183,2021-08-19 22:45:00,3522,20.625,19.296875,19.414062,18.953125,19.046875,19.640625,19.65625,20.171875,20.476562,20.09375,19.335938,19.234375,19.453125,19.695312,19.84375,19.898438,19.8125
9184,2021-08-19 23:00:00,3522,19.945312,18.671875,18.875,18.296875,18.335938,18.875,18.921875,19.390625,19.703125,19.9375,19.351562,19.25,19.453125,19.679688,19.84375,19.882812,19.796875
9185,2021-08-19 23:15:00,3510,19.632812,18.789062,18.851562,18.398438,18.507812,18.84375,18.992188,19.335938,19.570312,19.804688,19.375,19.265625,19.445312,19.679688,19.835938,19.882812,19.789062
9186,2021-08-19 23:30:00,3522,19.03125,18.0625,18.09375,17.765625,17.8125,18.234375,18.335938,18.804688,19.109375,19.703125,19.390625,19.28125,19.453125,19.671875,19.835938,19.875,19.789062
9187,2021-08-19 23:45:00,3516,18.585938,17.601562,17.609375,17.359375,17.382812,17.875,17.984375,18.453125,18.796875,19.625,19.398438,19.289062,19.453125,19.664062,19.828125,19.867188,19.78125
9188,2021-08-20 00:00:00,3522,18.0,17.1875,17.210938,16.945312,17.023438,17.414062,17.601562,18.09375,18.460938,19.492188,19.40625,19.3125,19.453125,19.65625,19.820312,19.859375,19.78125
9189,2021-08-20 00:15:00,3522,17.960938,17.390625,17.390625,17.164062,17.25,17.601562,17.789062,18.21875,18.539062,19.445312,19.421875,19.320312,19.460938,19.65625,19.8125,19.851562,19.765625
9190,2021-08-20 00:30:00,3510,17.671875,17.0625,17.03125,16.867188,16.929688,17.289062,17.445312,17.835938,18.140625,19.328125,19.421875,19.335938,19.453125,19.65625,19.796875,19.84375,19.765625
9191,2021-08-20 00:45:00,3516,17.164062,16.421875,16.390625,16.28125,16.320312,16.726562,16.875,17.351562,17.726562,19.226562,19.421875,19.34375,19.460938,19.640625,19.796875,19.835938,19.757812
9192,2021-08-20 01:00:00,3516,16.96875,16.382812,16.351562,16.304688,16.445312,16.71875,16.929688,17.273438,17.539062,19.125,19.40625,19.351562,19.460938,19.640625,19.796875,19.835938,19.757812
9193,2021-08-20 01:15:00,3510,16.640625,15.8515625,15.828125,15.8828125,16.0,16.421875,16.625,17.023438,17.359375,19.0625,19.40625,19.359375,19.46875,19.640625,19.789062,19.828125,19.75
9194,2021-08-20 01:30:00,3516,16.359375,15.6953125,15.6484375,15.6875,15.765625,16.1875,16.328125,16.703125,17.054688,18.992188,19.398438,19.367188,19.46875,19.632812,19.78125,19.820312,19.75
9195,2021-08-20 01:45:00,3522,16.078125,15.5390625,15.484375,15.546875,15.640625,16.03125,16.242188,16.65625,16.976562,18.890625,19.382812,19.382812,19.476562,19.632812,19.773438,19.820312,19.742188
9196,2021-08-20 02:00:00,3516,15.75,15.2734375,15.203125,15.265625,15.3359375,15.6953125,15.8671875,16.242188,16.59375,18.796875,19.367188,19.382812,19.476562,19.632812,19.765625,19.8125,19.726562
9197,2021-08-20 02:15:00,3522,15.6328125,15.2578125,15.2109375,15.28125,15.3359375,15.671875,15.890625,16.3125,16.695312,18.75,19.359375,19.390625,19.484375,19.632812,19.765625,19.804688,19.726562
9198,2021-08-20 02:30:00,3528,15.4375,14.9921875,14.9609375,15.046875,15.0859375,15.46875,15.65625,16.109375,16.578125,18.6875,19.335938,19.390625,19.484375,19.632812,19.757812,19.796875,19.726562
9199,2021-08-20 02:45:00,3516,15.1640625,14.734375,14.6953125,14.796875,14.8515625,15.2421875,15.453125,15.9375,16.414062,18.632812,19.320312,19.398438,19.484375,19.625,19.75,19.796875,19.71875
9200,2021-08-20 03:00:00,3522,14.953125,14.6015625,14.5703125,14.6796875,14.71875,15.1171875,15.3515625,15.84375,16.296875,18.5625,19.304688,19.40625,19.492188,19.625,19.75,19.789062,19.710938
9201,2021-08-20 03:15:00,3522,14.8046875,14.46875,14.4453125,14.53125,14.5703125,14.9375,15.1328125,15.578125,16.03125,18.484375,19.28125,19.40625,19.492188,19.625,19.75,19.789062,19.710938
9202,2021-08-20 03:30:00,3516,14.640625,14.2890625,14.2578125,14.3515625,14.375,14.765625,14.953125,15.4140625,15.8671875,18.414062,19.265625,19.398438,19.5,19.625,19.742188,19.773438,19.710938
9203,2021-08-20 03:45:00,3510,14.484375,14.03125,13.9921875,14.1015625,14.109375,14.546875,14.734375,15.2265625,15.7265625,18.351562,19.242188,19.40625,19.5,19.617188,19.742188,19.773438,19.703125
9204,2021-08-20 04:00:00,3510,14.078125,13.5234375,13.40625,13.5859375,13.5,14.03125,14.15625,14.734375,15.296875,18.25,19.21875,19.398438,19.5,19.617188,19.734375,19.773438,19.695312
9205,2021-08-20 04:15:00,3510,13.5859375,13.0,12.84375,13.03125,12.9453125,13.390625,13.46875,13.96875,14.46875,18.015625,19.195312,19.398438,19.5,19.617188,19.726562,19.757812,19.695312
9206,2021-08-20 04:30:00,3522,13.25,12.6796875,12.4765625,12.5859375,12.453125,12.90625,13.0546875,13.7109375,14.3046875,17.875,19.179688,19.40625,19.507812,19.617188,19.726562,19.757812,19.6875
9207,2021-08-20 04:45:00,3516,12.9453125,12.53125,12.421875,12.6171875,12.546875,12.96875,13.09375,13.5703125,14.0703125,17.757812,19.148438,19.398438,19.507812,19.617188,19.71875,19.757812,19.6875
9208,2021-08-20 05:00:00,3516,12.8046875,12.65625,12.5859375,12.7734375,12.7265625,13.015625,13.1171875,13.578125,14.0703125,17.6875,19.125,19.398438,19.507812,19.617188,19.71875,19.75,19.6875
9209,2021-08-20 05:15:00,3516,12.6953125,12.453125,12.40625,12.59375,12.5234375,12.9296875,13.0625,13.515625,13.984375,17.609375,19.085938,19.382812,19.507812,19.617188,19.71875,19.75,19.6875
9210,2021-08-20 05:30:00,3510,12.578125,12.3359375,12.2578125,12.40625,12.3359375,12.6875,12.8125,13.390625,13.9296875,17.523438,19.054688,19.382812,19.515625,19.617188,19.71875,19.742188,19.679688
9211,2021-08-20 05:45:00,3516,12.703125,12.6796875,12.7109375,12.8515625,12.671875,13.078125,13.109375,13.640625,14.109375,17.492188,19.023438,19.375,19.515625,19.617188,19.71875,19.742188,19.679688
9212,2021-08-20 06:00:00,3510,12.6171875,12.4140625,12.3515625,12.5546875,12.4609375,12.8359375,12.8984375,13.484375,14.0078125,17.4375,18.984375,19.375,19.515625,19.617188,19.703125,19.742188,19.679688
9213,2021-08-20 06:15:00,3510,12.3828125,12.125,12.140625,12.3515625,12.1796875,12.640625,12.84375,13.421875,13.8515625,17.320312,18.945312,19.359375,19.523438,19.617188,19.710938,19.742188,19.671875
9214,2021-08-20 06:30:00,3510,12.25,12.0859375,12.0078125,12.21875,12.1328125,12.5859375,12.890625,13.2890625,13.671875,17.273438,18.914062,19.359375,19.515625,19.609375,19.703125,19.734375,19.671875
9215,2021-08-20 06:45:00,3516,12.28125,12.1875,12.171875,12.4140625,12.3984375,12.8125,13.140625,13.421875,13.71875,17.234375,18.875,19.34375,19.523438,19.609375,19.703125,19.734375,19.664062
9216,2021-08-20 07:00:00,3510,12.7109375,12.7890625,12.8203125,12.9921875,13.015625,13.3359375,13.59375,13.8984375,14.2578125,17.304688,18.84375,19.335938,19.515625,19.617188,19.703125,19.726562,19.664062
9217,2021-08-20 07:15:00,3504,13.1875,13.3125,13.4140625,13.5234375,13.53125,13.859375,14.0390625,14.359375,14.734375,17.382812,18.804688,19.320312,19.515625,19.617188,19.703125,19.726562,19.664062
9218,2021-08-20 07:30:00,3516,13.4609375,13.5859375,13.6796875,13.8046875,13.8203125,14.1875,14.359375,14.7421875,15.1484375,17.460938,18.773438,19.3125,19.515625,19.617188,19.695312,19.71875,19.65625
9219,2021-08-20 07:45:00,3510,13.6640625,13.734375,13.8125,13.9140625,13.9453125,14.2890625,14.4453125,14.8203125,15.2265625,17.5,18.742188,19.296875,19.507812,19.617188,19.695312,19.71875,19.65625
9220,2021-08-20 08:00:00,3510,13.734375,13.7265625,13.796875,13.8984375,13.9296875,14.265625,14.4140625,14.796875,15.2265625,17.523438,18.710938,19.273438,19.515625,19.617188,19.695312,19.71875,19.65625
9221,2021-08-20 08:15:00,3510,13.7421875,13.71875,13.78125,13.8828125,13.90625,14.2265625,14.359375,14.71875,15.140625,17.515625,18.695312,19.265625,19.507812,19.617188,19.695312,19.710938,19.648438
9222,2021-08-20 08:30:00,3510,13.7890625,13.765625,13.828125,13.9296875,13.953125,14.3046875,14.421875,14.8125,15.2421875,17.523438,18.679688,19.257812,19.507812,19.609375,19.6875,19.710938,19.648438
9223,2021-08-20 08:45:00,3510,13.8125,13.7890625,13.8515625,13.953125,13.984375,14.3046875,14.4609375,14.84375,15.2578125,17.523438,18.664062,19.234375,19.5,19.617188,19.6875,19.703125,19.648438
9224,2021-08-20 09:00:00,3504,13.828125,13.78125,13.859375,13.9609375,13.984375,14.34375,14.5,14.90625,15.3203125,17.53125,18.640625,19.234375,19.492188,19.609375,19.6875,19.703125,19.640625
9225,2021-08-20 09:15:00,3504,13.8359375,13.7890625,13.859375,13.9765625,14.0234375,14.375,14.5625,14.9453125,15.34375,17.539062,18.617188,19.210938,19.484375,19.609375,19.679688,19.703125,19.640625
9226,2021-08-20 09:30:00,3510,13.7890625,13.734375,13.8125,13.90625,13.9453125,14.265625,14.4140625,14.7734375,15.15625,17.507812,18.609375,19.203125,19.492188,19.609375,19.6875,19.703125,19.640625
9227,2021-08-20 09:45:00,3510,13.828125,13.796875,13.8671875,13.984375,14.015625,14.3515625,14.5234375,14.8828125,15.234375,17.5,18.59375,19.1875,19.476562,19.609375,19.679688,19.703125,19.632812
9228,2021-08-20 10:00:00,3504,13.8984375,13.859375,13.9453125,14.0546875,14.078125,14.453125,14.609375,15.0,15.390625,17.53125,18.585938,19.171875,19.476562,19.601562,19.679688,19.695312,19.632812
9229,2021-08-20 10:15:00,3498,13.8984375,13.828125,13.90625,14.0234375,14.0703125,14.4375,14.6328125,15.0234375,15.421875,17.53125,18.570312,19.164062,19.46875,19.601562,19.679688,19.6875,19.625
9230,2021-08-20 10:30:00,3504,13.84375,13.7421875,13.8046875,13.90625,13.9296875,14.2734375,14.421875,14.828125,15.2578125,17.515625,18.570312,19.148438,19.460938,19.601562,19.671875,19.695312,19.625
9231,2021-08-20 10:45:00,3504,13.7578125,13.65625,13.7265625,13.8203125,13.8515625,14.1875,14.359375,14.7421875,15.140625,17.484375,18.554688,19.140625,19.460938,19.59375,19.679688,19.695312,19.625
9232,2021-08-20 11:00:00,3510,13.703125,13.5859375,13.6484375,13.75,13.78125,14.1328125,14.2734375,14.65625,15.078125,17.460938,18.539062,19.125,19.445312,19.59375,19.671875,19.6875,19.625
9233,2021-08-20 11:15:00,3504,13.6328125,13.53125,13.5859375,13.6953125,13.7109375,14.0546875,14.2109375,14.5859375,14.9921875,17.429688,18.53125,19.117188,19.445312,19.59375,19.664062,19.6875,19.617188
9234,2021-08-20 11:30:00,3504,13.59375,13.4921875,13.5625,13.6640625,13.6796875,14.046875,14.203125,14.609375,15.03125,17.429688,18.515625,19.109375,19.429688,19.585938,19.671875,19.679688,19.617188
9235,2021-08-20 11:45:00,3504,13.578125,13.515625,13.59375,13.6875,13.71875,14.0546875,14.2109375,14.5859375,14.96875,17.398438,18.507812,19.09375,19.429688,19.585938,19.664062,19.671875,19.609375
9236,2021-08-20 12:00:00,3498,13.59375,13.5234375,13.59375,13.7109375,13.7578125,14.1171875,14.3125,14.703125,15.1015625,17.40625,18.492188,19.085938,19.421875,19.578125,19.664062,19.679688,19.609375
9237,2021-08-20 12:15:00,3504,13.65625,13.609375,13.6875,13.796875,13.8203125,14.1640625,14.375,14.7265625,15.078125,17.398438,18.484375,19.070312,19.40625,19.585938,19.664062,19.671875,19.609375
9238,2021-08-20 12:30:00,3510,13.625,13.453125,13.5234375,13.625,13.6484375,14.0,14.140625,14.4921875,14.890625,17.382812,18.476562,19.0625,19.398438,19.578125,19.65625,19.664062,19.601562
9239,2021-08-20 12:45:00,3498,13.546875,13.40625,13.4609375,13.5703125,13.546875,13.953125,14.125,14.515625,14.8984375,17.351562,18.453125,19.054688,19.398438,19.570312,19.65625,19.664062,19.59375
9240,2021-08-20 13:00:00,3504,13.390625,13.0703125,13.0546875,13.1640625,13.1015625,13.4375,13.5390625,13.90625,14.3203125,17.21875,18.445312,19.046875,19.390625,19.570312,19.65625,19.664062,19.59375
9241,2021-08-20 13:15:00,3504,13.1484375,12.6875,12.6171875,12.75,12.6640625,13.0625,13.140625,13.484375,13.8671875,17.085938,18.4375,19.03125,19.382812,19.5625,19.648438,19.664062,19.585938
9242,2021-08-20 13:30:00,3504,12.8515625,12.4375,12.3359375,12.46875,12.390625,12.75,12.9140625,13.3203125,13.6875,16.992188,18.421875,19.023438,19.375,19.5625,19.640625,19.65625,19.585938
9243,2021-08-20 13:45:00,3504,12.578125,12.2890625,12.15625,12.265625,12.203125,12.515625,12.6171875,13.0234375,13.484375,16.9375,18.414062,19.007812,19.367188,19.546875,19.640625,19.648438,19.585938
9244,2021-08-20 14:00:00,3498,12.4921875,12.4609375,12.3984375,12.5234375,12.5546875,12.875,13.1953125,13.3671875,13.6015625,16.898438,18.390625,19.0,19.351562,19.546875,19.640625,19.648438,19.578125
9245,2021-08-20 14:15:00,3504,12.90625,13.078125,13.1171875,13.1875,13.21875,13.5078125,13.7109375,14.046875,14.3515625,16.976562,18.367188,18.992188,19.351562,19.546875,19.632812,19.640625,19.570312
9246,2021-08-20 14:30:00,3504,13.3203125,13.484375,13.5859375,13.671875,13.6875,14.0,14.15625,14.4765625,14.796875,17.070312,18.34375,18.976562,19.34375,19.539062,19.632812,19.640625,19.570312
9247,2021-08-20 14:45:00,3498,13.671875,13.859375,13.953125,14.0546875,14.0546875,14.3828125,14.5,14.8203125,15.171875,17.164062,18.328125,18.96875,19.328125,19.53125,19.625,19.640625,19.5625
9248,2021-08-20 15:00:00,3510,14.1484375,14.3671875,14.4765625,14.625,14.625,14.859375,14.984375,15.2578125,15.5625,17.273438,18.304688,18.953125,19.328125,19.53125,19.625,19.632812,19.5625
9249,2021-08-20 15:15:00,3498,14.5703125,14.7109375,14.765625,14.859375,14.9453125,15.203125,15.359375,15.609375,15.8671875,17.34375,18.289062,18.945312,19.3125,19.523438,19.617188,19.625,19.554688
9250,2021-08-20 15:30:00,3504,14.9296875,14.8125,14.859375,14.9921875,15.09375,15.453125,15.59375,15.8671875,16.117188,17.429688,18.28125,18.929688,19.3125,19.515625,19.609375,19.625,19.546875
9251,2021-08-20 15:45:00,3504,15.21875,15.03125,15.03125,15.1015625,15.2265625,15.6015625,15.8203125,16.109375,16.289062,17.46875,18.273438,18.914062,19.296875,19.515625,19.609375,19.625,19.546875
9252,2021-08-20 16:00:00,3504,15.5078125,15.203125,15.1328125,15.15625,15.25,15.5703125,15.703125,15.953125,16.1875,17.507812,18.265625,18.90625,19.296875,19.507812,19.609375,19.617188,19.546875
9253,2021-08-20 16:15:00,3504,15.7265625,15.3515625,15.296875,15.3515625,15.484375,15.78125,15.9375,16.164062,16.335938,17.546875,18.257812,18.898438,19.289062,19.5,19.601562,19.617188,19.539062
9254,2021-08-20 16:30:00,3504,15.7578125,15.359375,15.2890625,15.328125,15.5078125,15.765625,16.046875,16.296875,16.46875,17.585938,18.257812,18.882812,19.273438,19.492188,19.59375,19.609375,19.539062
9255,2021-08-20 16:45:00,3498,15.890625,15.5234375,15.3984375,15.453125,15.6015625,15.7890625,15.9765625,16.140625,16.257812,17.585938,18.257812,18.875,19.265625,19.484375,19.59375,19.609375,19.523438
9256,2021-08-20 17:00:00,3498,16.585938,16.445312,16.328125,16.328125,16.539062,16.617188,16.914062,17.085938,17.179688,17.71875,18.257812,18.867188,19.257812,19.476562,19.585938,19.601562,19.523438
9257,2021-08-20 17:15:00,3510,17.59375,17.265625,17.125,17.109375,17.40625,17.421875,17.726562,17.796875,17.773438,17.890625,18.257812,18.859375,19.25,19.46875,19.585938,19.601562,19.515625
9258,2021-08-20 17:30:00,3504,18.34375,18.015625,17.867188,17.890625,18.210938,18.195312,18.578125,18.585938,18.4375,18.03125,18.257812,18.84375,19.234375,19.460938,19.578125,19.585938,19.515625
9259,2021-08-20 17:45:00,3504,20.554688,20.085938,19.828125,19.679688,19.875,19.59375,19.773438,19.734375,19.46875,18.265625,18.273438,18.835938,19.226562,19.460938,19.570312,19.585938,19.507812
9260,2021-08-20 18:00:00,3504,21.96875,20.578125,20.242188,20.109375,20.234375,20.484375,20.734375,20.851562,20.507812,18.539062,18.28125,18.828125,19.226562,19.453125,19.570312,19.578125,19.5
9261,2021-08-20 18:15:00,3504,23.015625,21.539062,21.15625,20.945312,21.03125,21.195312,21.3125,21.453125,21.1875,18.765625,18.296875,18.820312,19.210938,19.445312,19.5625,19.570312,19.492188
9262,2021-08-20 18:30:00,3504,23.921875,22.546875,22.421875,21.851562,21.882812,22.007812,22.21875,22.304688,21.90625,18.96875,18.320312,18.8125,19.203125,19.4375,19.554688,19.5625,19.492188
9263,2021-08-20 18:45:00,3504,24.40625,22.742188,22.710938,22.109375,22.0,22.289062,22.59375,22.75,22.367188,19.132812,18.34375,18.804688,19.195312,19.4375,19.554688,19.5625,19.476562
9264,2021-08-20 17:30:00,3504,18.34375,18.015625,17.867188,17.890625,18.210938,18.195312,18.578125,18.585938,18.4375,18.03125,18.257812,18.84375,19.234375,19.460938,19.578125,19.585938,19.515625
9265,2021-08-20 17:45:00,3504,20.554688,20.085938,19.828125,19.679688,19.875,19.59375,19.773438,19.734375,19.46875,18.265625,18.273438,18.835938,19.226562,19.460938,19.570312,19.585938,19.507812
9266,2021-08-20 18:00:00,3504,21.96875,20.578125,20.242188,20.109375,20.234375,20.484375,20.734375,20.851562,20.507812,18.539062,18.28125,18.828125,19.226562,19.453125,19.570312,19.578125,19.5
9267,2021-08-20 18:15:00,3504,23.015625,21.539062,21.15625,20.945312,21.03125,21.195312,21.3125,21.453125,21.1875,18.765625,18.296875,18.820312,19.210938,19.445312,19.5625,19.570312,19.492188
9268,2021-08-20 18:30:00,3504,23.921875,22.546875,22.421875,21.851562,21.882812,22.007812,22.21875,22.304688,21.90625,18.96875,18.320312,18.8125,19.203125,19.4375,19.554688,19.5625,19.492188
9269,2021-08-20 18:45:00,3504,24.40625,22.742188,22.710938,22.109375,22.0,22.289062,22.59375,22.75,22.367188,19.132812,18.34375,18.804688,19.195312,19.4375,19.554688,19.5625,19.476562
9270,2021-08-20 19:00:00,3498,25.03125,23.210938,23.273438,22.414062,22.375,22.976562,23.195312,23.476562,23.132812,19.421875,18.382812,18.804688,19.179688,19.429688,19.539062,19.5625,19.476562
9271,2021-08-20 19:15:00,3504,25.421875,23.101562,23.039062,22.257812,22.257812,23.070312,23.40625,23.789062,23.484375,19.640625,18.414062,18.789062,19.179688,19.421875,19.539062,19.554688,19.476562
9272,2021-08-20 19:30:00,3510,25.414062,23.1875,23.117188,22.234375,22.390625,23.242188,23.828125,24.320312,23.9375,19.835938,18.460938,18.796875,19.164062,19.40625,19.53125,19.546875,19.460938
9273,2021-08-20 19:45:00,3510,24.757812,22.398438,22.320312,21.335938,21.570312,22.59375,23.390625,24.226562,23.84375,20.023438,18.507812,18.796875,19.15625,19.398438,19.53125,19.546875,19.453125
9274,2021-08-20 20:00:00,3498,24.515625,22.445312,22.125,21.351562,21.585938,22.570312,23.03125,23.703125,23.492188,20.101562,18.554688,18.789062,19.15625,19.398438,19.523438,19.539062,19.445312
9275,2021-08-20 20:15:00,3510,23.59375,21.546875,21.085938,20.570312,20.890625,21.523438,21.984375,22.335938,22.179688,19.960938,18.609375,18.796875,19.140625,19.390625,19.515625,19.53125,19.445312
9276,2021-08-20 20:30:00,3510,22.101562,20.0625,19.671875,19.5,19.71875,20.203125,20.367188,20.710938,20.765625,19.734375,18.664062,18.804688,19.148438,19.375,19.507812,19.523438,19.4375
9277,2021-08-20 20:45:00,3510,21.867188,20.679688,20.359375,20.273438,20.476562,20.820312,21.007812,21.085938,21.023438,19.664062,18.703125,18.8125,19.132812,19.367188,19.5,19.515625,19.429688
9278,2021-08-20 21:00:00,3510,20.976562,19.265625,19.101562,18.945312,19.171875,19.882812,20.0625,20.5625,20.695312,19.65625,18.757812,18.820312,19.125,19.359375,19.5,19.507812,19.429688
9279,2021-08-20 21:15:00,3510,20.453125,19.085938,18.851562,18.820312,19.03125,19.617188,19.75,20.101562,20.125,19.507812,18.796875,18.820312,19.117188,19.351562,19.492188,19.507812,19.421875
9280,2021-08-20 21:30:00,3516,20.023438,18.734375,18.53125,18.429688,18.6875,19.289062,19.453125,19.867188,19.921875,19.460938,18.828125,18.835938,19.117188,19.351562,19.476562,19.5,19.414062
9281,2021-08-20 21:45:00,3510,19.078125,17.609375,17.492188,17.34375,17.476562,18.03125,18.109375,18.578125,18.859375,19.3125,18.851562,18.84375,19.109375,19.34375,19.476562,19.5,19.398438
9282,2021-08-20 22:00:00,3510,18.765625,17.84375,17.726562,17.632812,17.835938,18.257812,18.492188,18.882812,19.070312,19.234375,18.875,18.867188,19.109375,19.335938,19.46875,19.484375,19.398438
9283,2021-08-20 22:15:00,3510,18.460938,17.476562,17.398438,17.28125,17.46875,17.953125,18.109375,18.53125,18.726562,19.171875,18.890625,18.875,19.101562,19.320312,19.460938,19.484375,19.390625
9284,2021-08-20 22:30:00,3516,18.234375,17.398438,17.289062,17.195312,17.390625,17.820312,18.03125,18.398438,18.546875,19.09375,18.898438,18.882812,19.109375,19.328125,19.453125,19.476562,19.382812
9285,2021-08-20 22:45:00,3522,17.804688,16.898438,16.796875,16.71875,16.882812,17.359375,17.507812,17.953125,18.203125,19.03125,18.914062,18.898438,19.101562,19.3125,19.445312,19.46875,19.375
9286,2021-08-20 23:00:00,3516,17.265625,16.421875,16.304688,16.289062,16.445312,16.890625,17.0625,17.507812,17.789062,18.914062,18.921875,18.90625,19.101562,19.304688,19.445312,19.46875,19.367188
9287,2021-08-20 23:15:00,3522,16.921875,16.21875,16.132812,16.109375,16.21875,16.59375,16.742188,17.140625,17.460938,18.820312,18.929688,18.914062,19.09375,19.304688,19.4375,19.453125,19.367188
9288,2021-08-20 23:30:00,3510,16.65625,16.0625,15.9921875,15.9375,16.054688,16.390625,16.539062,16.914062,17.210938,18.726562,18.921875,18.921875,19.101562,19.296875,19.429688,19.453125,19.359375
9289,2021-08-20 23:45:00,3510,16.507812,16.007812,15.9375,15.8828125,16.007812,16.296875,16.46875,16.84375,17.125,18.65625,18.929688,18.929688,19.101562,19.289062,19.421875,19.453125,19.351562
9290,2021-08-21 00:00:00,3510,16.515625,15.9921875,15.9453125,15.8828125,15.984375,16.34375,16.484375,16.851562,17.125,18.617188,18.921875,18.945312,19.101562,19.28125,19.414062,19.4375,19.34375
9291,2021-08-21 00:15:00,3510,16.328125,15.8125,15.7421875,15.7265625,15.8125,16.179688,16.328125,16.726562,17.023438,18.570312,18.914062,18.953125,19.101562,19.28125,19.40625,19.429688,19.34375
9292,2021-08-21 00:30:00,3516,16.15625,15.671875,15.625,15.625,15.6875,16.046875,16.1875,16.59375,16.9375,18.523438,18.90625,18.953125,19.101562,19.273438,19.398438,19.429688,19.335938
9293,2021-08-21 00:45:00,3510,16.0,15.625,15.5703125,15.5703125,15.640625,15.9140625,16.046875,16.375,16.664062,18.4375,18.898438,18.960938,19.101562,19.273438,19.398438,19.421875,19.328125
9294,2021-08-21 01:00:00,3516,15.90625,15.5390625,15.46875,15.484375,15.5625,15.84375,15.9921875,16.328125,16.632812,18.382812,18.890625,18.960938,19.101562,19.265625,19.390625,19.414062,19.320312
9295,2021-08-21 01:15:00,3516,15.734375,15.34375,15.296875,15.3203125,15.3828125,15.6953125,15.859375,16.257812,16.59375,18.34375,18.882812,18.96875,19.101562,19.257812,19.382812,19.40625,19.3125
9296,2021-08-21 01:30:00,3510,15.5234375,15.140625,15.1171875,15.15625,15.1953125,15.515625,15.65625,16.0625,16.445312,18.289062,18.867188,18.976562,19.101562,19.25,19.382812,19.40625,19.3125
9297,2021-08-21 01:45:00,3510,15.3046875,14.9296875,14.921875,14.9765625,15.0234375,15.3515625,15.515625,15.9453125,16.34375,18.25,18.851562,18.976562,19.101562,19.257812,19.375,19.398438,19.3125
9298,2021-08-21 02:00:00,3510,15.0625,14.7109375,14.6875,14.7421875,14.78125,15.109375,15.234375,15.609375,15.984375,18.15625,18.835938,18.976562,19.109375,19.25,19.367188,19.390625,19.304688
9299,2021-08-21 02:15:00,3510,14.8359375,14.5078125,14.484375,14.546875,14.5859375,14.9140625,15.0546875,15.4765625,15.8984375,18.085938,18.820312,18.984375,19.101562,19.25,19.359375,19.390625,19.304688
9300,2021-08-21 02:30:00,3516,14.6171875,14.328125,14.3125,14.375,14.390625,14.71875,14.8359375,15.21875,15.625,18.015625,18.8125,18.976562,19.109375,19.25,19.351562,19.382812,19.296875
9301,2021-08-21 02:45:00,3510,14.484375,14.234375,14.2265625,14.28125,14.296875,14.6171875,14.7265625,15.109375,15.5234375,17.96875,18.789062,18.976562,19.109375,19.242188,19.351562,19.375,19.296875
9302,2021-08-21 03:00:00,3504,14.359375,14.1640625,14.15625,14.2109375,14.2421875,14.5390625,14.671875,15.078125,15.484375,17.890625,18.773438,18.984375,19.109375,19.242188,19.351562,19.367188,19.289062
9303,2021-08-21 03:15:00,3510,14.296875,14.1328125,14.125,14.171875,14.1953125,14.46875,14.609375,15.0234375,15.4609375,17.859375,18.757812,18.976562,19.109375,19.234375,19.34375,19.367188,19.28125
9304,2021-08-21 03:30:00,3510,14.21875,14.0390625,14.0390625,14.0859375,14.109375,14.390625,14.5390625,14.9296875,15.3828125,17.820312,18.734375,18.976562,19.109375,19.234375,19.34375,19.351562,19.28125
9305,2021-08-21 03:45:00,3516,14.1328125,13.953125,13.9453125,14.0,14.0,14.2734375,14.3984375,14.7890625,15.2109375,17.757812,18.710938,18.96875,19.109375,19.234375,19.335938,19.359375,19.273438
9306,2021-08-21 04:00:00,3510,14.046875,13.875,13.875,13.921875,13.9453125,14.2109375,14.34375,14.7109375,15.1171875,17.710938,18.6875,18.96875,19.109375,19.234375,19.328125,19.351562,19.265625
9307,2021-08-21 04:15:00,3504,14.0,13.890625,13.890625,13.9375,13.9765625,14.2109375,14.359375,14.7265625,15.15625,17.679688,18.671875,18.960938,19.109375,19.226562,19.328125,19.34375,19.273438
9308,2021-08-21 04:30:00,3510,13.9921875,13.8515625,13.8515625,13.890625,13.8984375,14.15625,14.2890625,14.6640625,15.078125,17.640625,18.648438,18.953125,19.109375,19.226562,19.320312,19.34375,19.265625
9309,2021-08-21 04:45:00,3510,13.9453125,13.7890625,13.78125,13.828125,13.8359375,14.0703125,14.1953125,14.5625,15.0,17.601562,18.632812,18.953125,19.109375,19.21875,19.320312,19.335938,19.257812
9310,2021-08-21 05:00:00,3510,13.9609375,13.8359375,13.84375,13.875,13.8828125,14.109375,14.2265625,14.578125,14.9921875,17.554688,18.609375,18.953125,19.109375,19.226562,19.3125,19.335938,19.257812
9311,2021-08-21 05:15:00,3510,13.9453125,13.8125,13.8203125,13.8515625,13.859375,14.0859375,14.2109375,14.546875,14.9609375,17.53125,18.59375,18.945312,19.109375,19.226562,19.3125,19.328125,19.257812
9312,2021-08-21 05:30:00,3504,13.8671875,13.7109375,13.7265625,13.765625,13.765625,14.0,14.109375,14.4609375,14.859375,17.484375,18.570312,18.9375,19.109375,19.21875,19.3125,19.328125,19.25
9313,2021-08-21 05:45:00,3510,13.828125,13.7109375,13.71875,13.765625,13.7734375,14.015625,14.1484375,14.5,14.890625,17.460938,18.546875,18.929688,19.109375,19.21875,19.304688,19.320312,19.25
9314,2021-08-21 06:00:00,3504,13.7734375,13.65625,13.6640625,13.703125,13.7109375,13.9296875,14.0546875,14.3984375,14.796875,17.429688,18.53125,18.921875,19.109375,19.21875,19.304688,19.320312,19.25
9315,2021-08-21 06:15:00,3510,13.765625,13.6640625,13.6796875,13.71875,13.7265625,13.9453125,14.0625,14.40625,14.8203125,17.40625,18.507812,18.914062,19.101562,19.21875,19.304688,19.3125,19.242188
9316,2021-08-21 06:30:00,3504,13.7421875,13.625,13.6328125,13.671875,13.6796875,13.8984375,14.0234375,14.3671875,14.7578125,17.367188,18.492188,18.90625,19.101562,19.21875,19.304688,19.320312,19.234375
9317,2021-08-21 06:45:00,3510,13.703125,13.578125,13.59375,13.6328125,13.6328125,13.8515625,13.9609375,14.2734375,14.6484375,17.328125,18.46875,18.898438,19.101562,19.21875,19.296875,19.304688,19.234375
9318,2021-08-21 07:00:00,3510,13.671875,13.5625,13.578125,13.6171875,13.6328125,13.8515625,13.9765625,14.296875,14.6796875,17.304688,18.445312,18.890625,19.09375,19.210938,19.289062,19.304688,19.234375
9319,2021-08-21 07:15:00,3504,13.640625,13.5234375,13.5390625,13.578125,13.5859375,13.8203125,13.953125,14.296875,14.6953125,17.289062,18.421875,18.882812,19.09375,19.210938,19.289062,19.296875,19.226562
9320,2021-08-21 07:30:00,3510,13.6171875,13.515625,13.5234375,13.5546875,13.5703125,13.8046875,13.9375,14.2890625,14.6640625,17.265625,18.414062,18.875,19.09375,19.210938,19.289062,19.296875,19.21875
9321,2021-08-21 07:45:00,3504,13.5859375,13.4609375,13.4609375,13.4921875,13.5,13.7109375,13.8515625,14.21875,14.65625,17.25,18.390625,18.867188,19.085938,19.210938,19.28125,19.296875,19.226562
9322,2021-08-21 08:00:00,3504,13.5625,13.4453125,13.4453125,13.46875,13.4765625,13.6640625,13.796875,14.140625,14.546875,17.210938,18.375,18.851562,19.085938,19.203125,19.28125,19.296875,19.21875
9323,2021-08-21 08:15:00,3510,13.5703125,13.46875,13.4765625,13.515625,13.5078125,13.6953125,13.875,14.234375,14.6640625,17.195312,18.359375,18.84375,19.078125,19.203125,19.28125,19.289062,19.210938
9324,2021-08-21 08:30:00,3504,13.578125,13.484375,13.484375,13.5078125,13.5078125,13.6640625,13.7890625,14.1171875,14.5078125,17.164062,18.335938,18.835938,19.070312,19.203125,19.273438,19.28125,19.210938
9325,2021-08-21 08:45:00,3498,13.53125,13.390625,13.390625,13.4140625,13.40625,13.5625,13.6875,14.0,14.375,17.117188,18.320312,18.820312,19.070312,19.203125,19.273438,19.28125,19.210938
9326,2021-08-21 09:00:00,3504,13.515625,13.3984375,13.40625,13.4296875,13.4296875,13.5859375,13.71875,14.046875,14.453125,17.09375,18.304688,18.820312,19.070312,19.1875,19.273438,19.28125,19.203125
9327,2021-08-21 09:15:00,3504,13.5078125,13.390625,13.3984375,13.4296875,13.421875,13.59375,13.7265625,14.0859375,14.4921875,17.085938,18.28125,18.804688,19.0625,19.195312,19.265625,19.273438,19.203125
9328,2021-08-21 09:30:00,3510,13.4609375,13.3125,13.3046875,13.3359375,13.328125,13.484375,13.59375,13.921875,14.3203125,17.054688,18.273438,18.796875,19.0625,19.1875,19.265625,19.273438,19.195312
9329,2021-08-21 09:45:00,3498,13.421875,13.3046875,13.3046875,13.328125,13.328125,13.46875,13.59375,13.9296875,14.3359375,17.015625,18.25,18.789062,19.054688,19.1875,19.265625,19.265625,19.195312
9330,2021-08-21 10:00:00,3504,13.421875,13.3046875,13.3125,13.34375,13.3359375,13.4921875,13.6171875,13.953125,14.3515625,16.992188,18.226562,18.773438,19.039062,19.1875,19.265625,19.265625,19.1875
9331,2021-08-21 10:15:00,3510,13.40625,13.3046875,13.3046875,13.34375,13.34375,13.484375,13.609375,13.90625,14.2890625,16.960938,18.210938,18.765625,19.046875,19.179688,19.257812,19.265625,19.1875
9332,2021-08-21 10:30:00,3504,13.3828125,13.2734375,13.2890625,13.3125,13.3203125,13.4609375,13.578125,13.890625,14.2890625,16.9375,18.195312,18.75,19.039062,19.171875,19.257812,19.265625,19.179688
9333,2021-08-21 10:45:00,3504,13.4140625,13.34375,13.359375,13.390625,13.390625,13.53125,13.65625,13.96875,14.359375,16.9375,18.164062,18.742188,19.039062,19.179688,19.25,19.257812,19.179688
9334,2021-08-21 11:00:00,3498,13.4453125,13.3515625,13.375,13.40625,13.3984375,13.5703125,13.671875,13.9765625,14.34375,16.929688,18.15625,18.726562,19.03125,19.171875,19.25,19.25,19.171875
9335,2021-08-21 11:15:00,3504,13.3828125,13.2578125,13.28125,13.3125,13.3046875,13.46875,13.578125,13.875,14.2421875,16.890625,18.132812,18.71875,19.015625,19.171875,19.25,19.25,19.164062
9336,2021-08-21 11:30:00,3498,13.375,13.2890625,13.3046875,13.328125,13.328125,13.4609375,13.5703125,13.8515625,14.2109375,16.859375,18.117188,18.703125,19.015625,19.164062,19.242188,19.242188,19.171875
9337,2021-08-21 11:45:00,3504,13.3671875,13.265625,13.28125,13.3125,13.3046875,13.46875,13.578125,13.875,14.234375,16.84375,18.09375,18.6875,19.0,19.164062,19.242188,19.242188,19.164062
9338,2021-08-21 12:00:00,3504,13.390625,13.3046875,13.3203125,13.359375,13.359375,13.515625,13.640625,13.953125,14.3046875,16.835938,18.078125,18.6875,19.0,19.15625,19.242188,19.242188,19.15625
9339,2021-08-21 12:15:00,3504,13.390625,13.3046875,13.3125,13.34375,13.34375,13.5078125,13.625,13.9296875,14.296875,16.828125,18.0625,18.664062,18.992188,19.15625,19.234375,19.234375,19.148438
9340,2021-08-21 12:30:00,3504,13.3671875,13.2578125,13.2734375,13.296875,13.296875,13.4609375,13.578125,13.8984375,14.2734375,16.804688,18.046875,18.65625,18.984375,19.15625,19.226562,19.226562,19.148438
9341,2021-08-21 12:45:00,3498,13.359375,13.2578125,13.2734375,13.2890625,13.296875,13.4296875,13.5390625,13.828125,14.1953125,16.78125,18.03125,18.640625,18.976562,19.140625,19.226562,19.226562,19.148438
9342,2021-08-21 13:00:00,3492,13.3515625,13.265625,13.2734375,13.296875,13.2890625,13.421875,13.53125,13.8125,14.171875,16.765625,18.015625,18.632812,18.96875,19.140625,19.21875,19.226562,19.140625
9343,2021-08-21 13:15:00,3510,13.34375,13.265625,13.2734375,13.3046875,13.296875,13.4140625,13.5234375,13.796875,14.1640625,16.742188,18.0,18.617188,18.960938,19.132812,19.21875,19.21875,19.132812
9344,2021-08-21 13:30:00,3504,13.359375,13.25,13.265625,13.2890625,13.28125,13.40625,13.5078125,13.796875,14.15625,16.726562,17.984375,18.609375,18.953125,19.132812,19.210938,19.21875,19.132812
9345,2021-08-21 13:45:00,3498,13.3671875,13.265625,13.28125,13.296875,13.296875,13.4140625,13.5234375,13.796875,14.140625,16.703125,17.960938,18.59375,18.945312,19.125,19.21875,19.210938,19.125
9346,2021-08-21 14:00:00,3498,13.390625,13.3125,13.3203125,13.34375,13.34375,13.4609375,13.5703125,13.8515625,14.21875,16.703125,17.945312,18.585938,18.945312,19.117188,19.210938,19.210938,19.125
9347,2021-08-21 14:15:00,3498,13.4375,13.359375,13.375,13.390625,13.390625,13.484375,13.578125,13.8359375,14.1640625,16.679688,17.929688,18.570312,18.9375,19.117188,19.210938,19.203125,19.109375
9348,2021-08-21 14:30:00,3498,13.5078125,13.4375,13.453125,13.4609375,13.4609375,13.546875,13.65625,13.9140625,14.234375,16.679688,17.914062,18.5625,18.921875,19.109375,19.195312,19.203125,19.109375
9349,2021-08-21 14:45:00,3498,13.6015625,13.5625,13.5703125,13.578125,13.59375,13.65625,13.7890625,14.0390625,14.3359375,16.671875,17.890625,18.546875,18.914062,19.101562,19.195312,19.195312,19.101562
9350,2021-08-21 15:00:00,3498,13.828125,13.8046875,13.8203125,13.8046875,13.828125,13.8671875,14.0,14.2109375,14.4765625,16.703125,17.882812,18.53125,18.90625,19.101562,19.1875,19.1875,19.101562
9351,2021-08-21 15:15:00,3504,14.0390625,14.046875,14.0625,14.0390625,14.078125,14.09375,14.21875,14.3984375,14.6484375,16.734375,17.867188,18.523438,18.898438,19.101562,19.179688,19.1875,19.09375
9352,2021-08-21 15:30:00,3504,14.25,14.1875,14.1953125,14.1796875,14.203125,14.234375,14.3515625,14.5546875,14.796875,16.757812,17.851562,18.507812,18.890625,19.085938,19.1875,19.179688,19.085938
9353,2021-08-21 15:45:00,3498,14.390625,14.3046875,14.3125,14.296875,14.34375,14.375,14.546875,14.7734375,15.015625,16.78125,17.84375,18.5,18.882812,19.078125,19.179688,19.179688,19.078125
9354,2021-08-21 16:00:00,3498,14.5234375,14.4140625,14.4140625,14.40625,14.4375,14.4453125,14.578125,14.7578125,14.96875,16.789062,17.828125,18.476562,18.867188,19.070312,19.171875,19.171875,19.078125
9355,2021-08-21 16:15:00,3504,14.6015625,14.484375,14.4921875,14.4921875,14.5234375,14.5703125,14.6953125,14.8671875,15.09375,16.8125,17.820312,18.476562,18.867188,19.070312,19.164062,19.171875,19.0625
9356,2021-08-21 16:30:00,3498,14.5859375,14.40625,14.4140625,14.4140625,14.453125,14.546875,14.6640625,14.859375,15.0859375,16.820312,17.8125,18.460938,18.859375,19.0625,19.164062,19.164062,19.0625
9357,2021-08-21 16:45:00,3504,14.6328125,14.40625,14.4296875,14.4140625,14.4609375,14.5859375,14.703125,14.921875,15.140625,16.835938,17.796875,18.4375,18.851562,19.054688,19.15625,19.15625,19.0625
9358,2021-08-21 17:00:00,3498,14.5703125,14.375,14.3828125,14.3671875,14.421875,14.546875,14.6953125,14.9296875,15.1484375,16.828125,17.796875,18.4375,18.835938,19.046875,19.148438,19.148438,19.046875
9359,2021-08-21 17:15:00,3498,14.671875,14.53125,14.546875,14.515625,14.5703125,14.6875,14.8359375,15.0546875,15.265625,16.851562,17.789062,18.421875,18.828125,19.046875,19.140625,19.148438,19.046875
9360,2021-08-21 17:30:00,3504,14.8046875,14.6484375,14.671875,14.609375,14.671875,14.7890625,14.9296875,15.1484375,15.328125,16.859375,17.78125,18.40625,18.820312,19.039062,19.140625,19.140625,19.039062
9361,2021-08-21 17:45:00,3510,15.0625,14.9453125,14.9609375,14.890625,14.984375,15.0859375,15.234375,15.3984375,15.546875,16.898438,17.765625,18.398438,18.804688,19.03125,19.132812,19.132812,19.03125
9362,2021-08-21 18:00:00,3498,15.0546875,14.8125,14.8125,14.78125,14.8515625,15.015625,15.125,15.3125,15.484375,16.914062,17.757812,18.390625,18.796875,19.023438,19.125,19.125,19.03125
9363,2021-08-21 18:15:00,3498,15.09375,14.8125,14.8203125,14.8203125,14.8984375,15.1640625,15.28125,15.5078125,15.703125,16.96875,17.765625,18.375,18.789062,19.015625,19.117188,19.117188,19.023438
9364,2021-08-21 18:30:00,3498,14.8046875,14.4375,14.4375,14.4375,14.5078125,14.7890625,14.90625,15.203125,15.4375,16.945312,17.757812,18.367188,18.78125,19.007812,19.117188,19.117188,19.015625
9365,2021-08-21 18:45:00,3492,14.671875,14.359375,14.3671875,14.359375,14.453125,14.734375,14.8828125,15.1875,15.4375,16.9375,17.75,18.359375,18.773438,19.0,19.109375,19.109375,19.007812
9366,2021-08-21 19:00:00,3486,14.640625,14.3359375,14.3359375,14.2890625,14.3671875,14.65625,14.78125,15.0625,15.2890625,16.921875,17.742188,18.34375,18.757812,19.0,19.101562,19.109375,19.0
9367,2021-08-21 19:15:00,3498,14.7109375,14.3984375,14.40625,14.3515625,14.46875,14.78125,14.9296875,15.25,15.484375,16.953125,17.742188,18.335938,18.75,18.984375,19.101562,19.101562,18.984375
9368,2021-08-21 19:30:00,3498,14.921875,14.6875,14.6875,14.59375,14.734375,15.0078125,15.1875,15.4765625,15.6640625,16.984375,17.742188,18.328125,18.742188,18.976562,19.09375,19.09375,18.984375
9369,2021-08-21 19:45:00,3498,15.171875,14.8984375,14.890625,14.78125,14.9296875,15.1875,15.3671875,15.640625,15.7890625,17.023438,17.734375,18.320312,18.726562,18.96875,19.085938,19.085938,18.984375
9370,2021-08-21 20:00:00,3504,15.4453125,15.140625,15.125,15.0,15.171875,15.3671875,15.5625,15.78125,15.890625,17.054688,17.734375,18.3125,18.71875,18.960938,19.085938,19.078125,18.96875
9371,2021-08-21 20:15:00,3498,15.6875,15.359375,15.34375,15.203125,15.390625,15.59375,15.8125,16.03125,16.125,17.109375,17.734375,18.304688,18.703125,18.960938,19.078125,19.078125,18.960938
9372,2021-08-21 19:00:00,3486,14.640625,14.3359375,14.3359375,14.2890625,14.3671875,14.65625,14.78125,15.0625,15.2890625,16.921875,17.742188,18.34375,18.757812,19.0,19.101562,19.109375,19.0
9373,2021-08-21 19:15:00,3498,14.7109375,14.3984375,14.40625,14.3515625,14.46875,14.78125,14.9296875,15.25,15.484375,16.953125,17.742188,18.335938,18.75,18.984375,19.101562,19.101562,18.984375
9374,2021-08-21 19:30:00,3498,14.921875,14.6875,14.6875,14.59375,14.734375,15.0078125,15.1875,15.4765625,15.6640625,16.984375,17.742188,18.328125,18.742188,18.976562,19.09375,19.09375,18.984375
9375,2021-08-21 19:45:00,3498,15.171875,14.8984375,14.890625,14.78125,14.9296875,15.1875,15.3671875,15.640625,15.7890625,17.023438,17.734375,18.320312,18.726562,18.96875,19.085938,19.085938,18.984375
9376,2021-08-21 20:00:00,3504,15.4453125,15.140625,15.125,15.0,15.171875,15.3671875,15.5625,15.78125,15.890625,17.054688,17.734375,18.3125,18.71875,18.960938,19.085938,19.078125,18.96875
9377,2021-08-21 20:15:00,3498,15.6875,15.359375,15.34375,15.203125,15.390625,15.59375,15.8125,16.03125,16.125,17.109375,17.734375,18.304688,18.703125,18.960938,19.078125,19.078125,18.960938
9378,2021-08-21 20:30:00,3504,15.765625,15.3125,15.2890625,15.234375,15.390625,15.6796875,15.8984375,16.195312,16.320312,17.15625,17.726562,18.289062,18.695312,18.945312,19.070312,19.070312,18.960938
9379,2021-08-21 20:45:00,3498,15.9921875,15.6171875,15.609375,15.4609375,15.6875,15.953125,16.226562,16.515625,16.601562,17.21875,17.734375,18.28125,18.6875,18.9375,19.0625,19.0625,18.953125
9380,2021-08-21 21:00:00,3498,16.054688,15.5390625,15.5078125,15.3671875,15.5234375,15.7578125,15.953125,16.234375,16.328125,17.210938,17.726562,18.273438,18.679688,18.929688,19.054688,19.054688,18.945312
9381,2021-08-21 21:15:00,3498,16.070312,15.484375,15.4765625,15.3515625,15.5078125,15.7734375,15.9375,16.195312,16.3125,17.226562,17.734375,18.273438,18.671875,18.921875,19.046875,19.046875,18.929688
9382,2021-08-21 21:30:00,3498,15.9921875,15.3984375,15.375,15.2421875,15.3515625,15.65625,15.7734375,16.046875,16.1875,17.226562,17.734375,18.265625,18.664062,18.914062,19.039062,19.046875,18.921875
9383,2021-08-21 21:45:00,3504,15.953125,15.4140625,15.390625,15.2890625,15.4375,15.734375,15.9296875,16.273438,16.421875,17.242188,17.734375,18.25,18.65625,18.90625,19.039062,19.03125,18.921875
9384,2021-08-21 22:00:00,3504,16.015625,15.5546875,15.5390625,15.375,15.5546875,15.78125,15.984375,16.25,16.359375,17.242188,17.734375,18.25,18.640625,18.898438,19.023438,19.03125,18.914062
9385,2021-08-21 22:15:00,3504,16.0625,15.5859375,15.578125,15.4296875,15.5703125,15.8125,15.984375,16.257812,16.390625,17.257812,17.742188,18.242188,18.640625,18.890625,19.015625,19.015625,18.90625
9386,2021-08-21 22:30:00,3498,15.9375,15.4921875,15.46875,15.3359375,15.515625,15.7421875,15.9375,16.25,16.40625,17.273438,17.75,18.242188,18.625,18.882812,19.007812,19.015625,18.90625
9387,2021-08-21 22:45:00,3498,15.9140625,15.484375,15.453125,15.359375,15.515625,15.734375,15.90625,16.164062,16.289062,17.25,17.75,18.234375,18.617188,18.882812,19.0,19.007812,18.890625
9388,2021-08-21 23:00:00,3498,15.765625,15.2578125,15.2421875,15.15625,15.265625,15.5390625,15.7109375,16.039062,16.234375,17.242188,17.757812,18.226562,18.609375,18.875,18.992188,19.0,18.882812
9389,2021-08-21 23:15:00,3498,15.65625,15.1640625,15.1484375,15.0546875,15.1328125,15.390625,15.515625,15.8046875,16.0,17.210938,17.757812,18.21875,18.601562,18.859375,18.984375,18.992188,18.882812
9390,2021-08-21 23:30:00,3498,15.484375,15.0546875,15.0234375,14.9296875,15.046875,15.265625,15.4296875,15.6875,15.8515625,17.171875,17.75,18.210938,18.59375,18.851562,18.984375,18.984375,18.867188
9391,2021-08-21 23:45:00,3498,15.5234375,15.203125,15.171875,15.1171875,15.2421875,15.4453125,15.6484375,15.9375,16.117188,17.195312,17.757812,18.210938,18.585938,18.84375,18.976562,18.984375,18.867188
9392,2021-08-22 00:00:00,3498,15.6640625,15.4140625,15.390625,15.3203125,15.5,15.6953125,15.921875,16.171875,16.289062,17.21875,17.757812,18.210938,18.578125,18.828125,18.96875,18.976562,18.859375
9393,2021-08-22 00:15:00,3498,15.78125,15.4609375,15.4609375,15.390625,15.515625,15.7734375,15.90625,16.148438,16.28125,17.234375,17.757812,18.203125,18.570312,18.828125,18.960938,18.96875,18.851562
9394,2021-08-22 00:30:00,3498,15.7421875,15.375,15.359375,15.3125,15.4375,15.6796875,15.859375,16.148438,16.3125,17.226562,17.75,18.195312,18.5625,18.820312,18.953125,18.960938,18.84375
9395,2021-08-22 00:45:00,3504,15.640625,15.21875,15.1953125,15.1328125,15.2421875,15.5078125,15.65625,15.953125,16.132812,17.21875,17.757812,18.195312,18.554688,18.8125,18.945312,18.953125,18.835938
9396,2021-08-22 01:00:00,3498,15.5234375,15.078125,15.0625,15.0234375,15.1171875,15.3828125,15.5390625,15.859375,16.0625,17.203125,17.75,18.1875,18.546875,18.804688,18.9375,18.945312,18.828125
9397,2021-08-22 01:15:00,3498,15.3359375,14.90625,14.8828125,14.8515625,14.921875,15.1875,15.3203125,15.625,15.8515625,17.15625,17.757812,18.179688,18.539062,18.796875,18.9375,18.9375,18.820312
9398,2021-08-22 01:30:00,3498,14.8984375,14.34375,14.3125,14.34375,14.375,14.703125,14.78125,15.140625,15.4453125,17.085938,17.75,18.171875,18.53125,18.789062,18.921875,18.929688,18.804688
9399,2021-08-22 01:45:00,3498,14.5390625,14.0625,14.0390625,14.0546875,14.1015625,14.40625,14.5234375,14.8671875,15.1796875,17.015625,17.75,18.171875,18.523438,18.78125,18.914062,18.921875,18.804688
9400,2021-08-22 02:00:00,3498,14.2578125,13.8515625,13.828125,13.875,13.921875,14.2265625,14.3515625,14.7109375,15.03125,16.960938,17.742188,18.164062,18.523438,18.773438,18.90625,18.914062,18.796875
9401,2021-08-22 02:15:00,3498,13.9375,13.578125,13.5546875,13.6171875,13.6640625,13.9921875,14.1484375,14.5625,14.9296875,16.914062,17.734375,18.164062,18.515625,18.765625,18.898438,18.90625,18.789062
9402,2021-08-22 02:30:00,3504,13.75,13.484375,13.4609375,13.515625,13.5546875,13.8359375,13.9765625,14.34375,14.71875,16.851562,17.726562,18.15625,18.5,18.757812,18.890625,18.898438,18.78125
9403,2021-08-22 02:45:00,3498,13.4453125,13.1171875,13.1015625,13.1640625,13.1796875,13.4921875,13.609375,13.984375,14.3671875,16.765625,17.71875,18.15625,18.5,18.75,18.890625,18.890625,18.773438
9404,2021-08-22 03:00:00,3498,13.1796875,12.890625,12.875,12.9296875,12.9453125,13.25,13.375,13.796875,14.2265625,16.695312,17.710938,18.148438,18.492188,18.742188,18.882812,18.882812,18.765625
9405,2021-08-22 03:15:00,3498,13.015625,12.734375,12.7265625,12.796875,12.8203125,13.140625,13.296875,13.734375,14.171875,16.648438,17.695312,18.148438,18.492188,18.734375,18.867188,18.875,18.757812
9406,2021-08-22 03:30:00,3498,12.8671875,12.640625,12.640625,12.7109375,12.71875,13.015625,13.1171875,13.5078125,13.921875,16.585938,17.679688,18.132812,18.484375,18.71875,18.867188,18.867188,18.75
9407,2021-08-22 03:45:00,3498,12.7421875,12.5625,12.5625,12.6171875,12.640625,12.9296875,13.046875,13.421875,13.84375,16.539062,17.664062,18.132812,18.46875,18.710938,18.859375,18.867188,18.75
9408,2021-08-22 04:00:00,3498,12.640625,12.484375,12.484375,12.5234375,12.546875,12.8125,12.921875,13.2734375,13.6953125,16.460938,17.640625,18.125,18.46875,18.710938,18.84375,18.859375,18.734375
9409,2021-08-22 04:15:00,3498,12.578125,12.4140625,12.4296875,12.4765625,12.484375,12.765625,12.8671875,13.2265625,13.640625,16.421875,17.625,18.125,18.460938,18.703125,18.84375,18.851562,18.726562
9410,2021-08-22 04:30:00,3498,12.53125,12.4296875,12.4375,12.4921875,12.5234375,12.7734375,12.8984375,13.2578125,13.671875,16.390625,17.601562,18.109375,18.453125,18.695312,18.835938,18.835938,18.71875
9411,2021-08-22 04:45:00,3492,12.5625,12.5078125,12.5234375,12.5859375,12.6015625,12.875,12.984375,13.34375,13.75,16.382812,17.585938,18.101562,18.445312,18.6875,18.820312,18.828125,18.710938
9412,2021-08-22 05:00:00,3498,12.578125,12.515625,12.5390625,12.59375,12.609375,12.875,13.0078125,13.359375,13.75,16.351562,17.5625,18.09375,18.445312,18.679688,18.820312,18.828125,18.710938
9413,2021-08-22 05:15:00,3498,12.5859375,12.515625,12.5390625,12.6015625,12.625,12.90625,13.0234375,13.3984375,13.8203125,16.351562,17.546875,18.085938,18.4375,18.671875,18.8125,18.820312,18.703125
9414,2021-08-22 05:30:00,3498,12.5546875,12.4609375,12.484375,12.546875,12.578125,12.8671875,12.9921875,13.359375,13.78125,16.328125,17.523438,18.078125,18.429688,18.671875,18.804688,18.8125,18.695312
9415,2021-08-22 05:45:00,3498,12.4609375,12.375,12.3984375,12.46875,12.4921875,12.7734375,12.890625,13.2421875,13.6484375,16.289062,17.507812,18.0625,18.429688,18.65625,18.796875,18.804688,18.6875
9416,2021-08-22 06:00:00,3498,12.375,12.2890625,12.3125,12.390625,12.4140625,12.703125,12.8515625,13.2265625,13.6484375,16.265625,17.484375,18.054688,18.421875,18.648438,18.78125,18.804688,18.679688
9417,2021-08-22 06:15:00,3498,12.3671875,12.296875,12.328125,12.3984375,12.4140625,12.71875,12.859375,13.2421875,13.65625,16.257812,17.46875,18.054688,18.40625,18.640625,18.78125,18.789062,18.664062
9418,2021-08-22 06:30:00,3498,12.34375,12.265625,12.296875,12.3671875,12.3984375,12.6953125,12.84375,13.2421875,13.6484375,16.234375,17.453125,18.039062,18.398438,18.640625,18.773438,18.78125,18.664062
9419,2021-08-22 06:45:00,3498,12.3828125,12.3515625,12.3828125,12.453125,12.4765625,12.7578125,12.8984375,13.2734375,13.6875,16.226562,17.4375,18.023438,18.398438,18.625,18.765625,18.773438,18.65625
9420,2021-08-22 07:00:00,3498,12.3828125,12.296875,12.328125,12.390625,12.40625,12.703125,12.828125,13.1796875,13.578125,16.195312,17.414062,18.015625,18.382812,18.625,18.757812,18.773438,18.648438
9421,2021-08-22 07:15:00,3492,12.3359375,12.25,12.28125,12.34375,12.3671875,12.6484375,12.78125,13.140625,13.5546875,16.171875,17.398438,18.0,18.375,18.617188,18.75,18.757812,18.640625
9422,2021-08-22 07:30:00,3492,12.3515625,12.2734375,12.3046875,12.3671875,12.390625,12.6875,12.8203125,13.21875,13.671875,16.179688,17.382812,18.0,18.375,18.609375,18.742188,18.757812,18.632812
9423,2021-08-22 07:45:00,3498,12.34375,12.2890625,12.3203125,12.375,12.3984375,12.6640625,12.8046875,13.1640625,13.5703125,16.15625,17.367188,17.984375,18.359375,18.601562,18.734375,18.75,18.625
9424,2021-08-22 08:00:00,3498,12.3828125,12.328125,12.34375,12.40625,12.421875,12.7109375,12.8515625,13.234375,13.65625,16.148438,17.351562,17.960938,18.359375,18.59375,18.726562,18.734375,18.625
9425,2021-08-22 08:15:00,3498,12.390625,12.296875,12.3203125,12.3671875,12.3984375,12.6640625,12.8359375,13.2109375,13.6015625,16.125,17.335938,17.960938,18.34375,18.585938,18.71875,18.734375,18.617188
9426,2021-08-22 08:30:00,3492,12.4453125,12.390625,12.421875,12.453125,12.4765625,12.734375,12.8984375,13.265625,13.6875,16.125,17.320312,17.945312,18.335938,18.578125,18.71875,18.726562,18.609375
9427,2021-08-22 08:45:00,3498,12.4609375,12.375,12.390625,12.4453125,12.46875,12.7421875,12.9296875,13.34375,13.75,16.125,17.296875,17.9375,18.328125,18.570312,18.710938,18.710938,18.601562
9428,2021-08-22 09:00:00,3498,12.453125,12.375,12.3828125,12.4296875,12.4453125,12.703125,12.8671875,13.2421875,13.6484375,16.109375,17.289062,17.921875,18.320312,18.5625,18.703125,18.703125,18.59375
9429,2021-08-22 09:15:00,3486,12.453125,12.3125,12.3203125,12.3671875,12.3828125,12.671875,12.84375,13.2421875,13.671875,16.101562,17.273438,17.90625,18.3125,18.554688,18.695312,18.703125,18.585938
9430,2021-08-22 09:30:00,3486,12.390625,12.234375,12.234375,12.2734375,12.2890625,12.5546875,12.6953125,13.0703125,13.4921875,16.0625,17.257812,17.890625,18.304688,18.546875,18.6875,18.6875,18.578125
9431,2021-08-22 09:45:00,3492,12.34375,12.1953125,12.1953125,12.21875,12.2421875,12.5078125,12.671875,13.03125,13.4375,16.03125,17.25,17.890625,18.296875,18.546875,18.671875,18.679688,18.570312
9432,2021-08-22 10:00:00,3492,12.3359375,12.203125,12.1953125,12.234375,12.25,12.4921875,12.6484375,13.0234375,13.46875,16.023438,17.234375,17.867188,18.289062,18.53125,18.671875,18.679688,18.5625
9433,2021-08-22 10:15:00,3486,12.3359375,12.21875,12.21875,12.2578125,12.265625,12.515625,12.6875,13.0546875,13.4609375,16.0,17.21875,17.867188,18.273438,18.523438,18.664062,18.671875,18.554688
9434,2021-08-22 10:30:00,3498,12.34375,12.21875,12.21875,12.25,12.265625,12.5078125,12.6796875,13.0625,13.5,15.9921875,17.203125,17.851562,18.265625,18.523438,18.65625,18.664062,18.554688
9435,2021-08-22 10:45:00,3486,12.3125,12.1875,12.1796875,12.2109375,12.2265625,12.46875,12.6484375,13.0546875,13.4921875,15.9765625,17.195312,17.835938,18.257812,18.515625,18.648438,18.65625,18.539062
9436,2021-08-22 11:00:00,3486,12.3125,12.1953125,12.1953125,12.2421875,12.25,12.5,12.671875,13.0625,13.4765625,15.96875,17.171875,17.828125,18.25,18.507812,18.640625,18.648438,18.539062
9437,2021-08-22 11:15:00,3486,12.2578125,12.140625,12.1484375,12.1953125,12.1953125,12.4296875,12.5859375,12.9453125,13.359375,15.9375,17.164062,17.820312,18.242188,18.5,18.632812,18.648438,18.53125
9438,2021-08-22 11:30:00,3492,12.21875,12.125,12.1328125,12.203125,12.2265625,12.4765625,12.65625,13.0546875,13.46875,15.9375,17.148438,17.804688,18.226562,18.484375,18.625,18.632812,18.515625
9439,2021-08-22 11:45:00,3498,12.1875,12.1015625,12.109375,12.1640625,12.171875,12.40625,12.5546875,12.921875,13.3515625,15.8984375,17.132812,17.796875,18.226562,18.484375,18.617188,18.625,18.515625
9440,2021-08-22 12:00:00,3486,12.1484375,12.0546875,12.0625,12.125,12.125,12.3515625,12.5,12.859375,13.2734375,15.8828125,17.117188,17.78125,18.21875,18.46875,18.609375,18.617188,18.5
9441,2021-08-22 12:15:00,3486,12.1015625,12.046875,12.0546875,12.125,12.1328125,12.3515625,12.5078125,12.875,13.3046875,15.859375,17.101562,17.765625,18.203125,18.46875,18.601562,18.609375,18.492188
9442,2021-08-22 12:30:00,3492,12.0546875,11.9921875,12.015625,12.078125,12.09375,12.328125,12.46875,12.84375,13.28125,15.859375,17.085938,17.757812,18.195312,18.453125,18.59375,18.601562,18.492188
9443,2021-08-22 12:45:00,3498,12.0234375,11.984375,11.9921875,12.0859375,12.0859375,12.328125,12.46875,12.828125,13.234375,15.828125,17.070312,17.75,18.179688,18.445312,18.59375,18.601562,18.476562
9444,2021-08-22 13:00:00,3498,12.0078125,11.953125,11.9765625,12.0546875,12.0703125,12.3125,12.46875,12.84375,13.2578125,15.8203125,17.054688,17.734375,18.171875,18.4375,18.578125,18.585938,18.476562
9445,2021-08-22 13:15:00,3492,11.9921875,11.9453125,11.96875,12.0546875,12.0625,12.3125,12.4765625,12.859375,13.2734375,15.8046875,17.039062,17.71875,18.15625,18.429688,18.578125,18.578125,18.46875
9446,2021-08-22 13:30:00,3498,11.9765625,11.953125,11.9765625,12.0625,12.0703125,12.3203125,12.453125,12.8359375,13.234375,15.7890625,17.03125,17.710938,18.148438,18.421875,18.5625,18.570312,18.460938
9447,2021-08-22 13:45:00,3492,12.0,12.0,12.03125,12.125,12.1484375,12.4140625,12.59375,12.9921875,13.40625,15.8125,17.015625,17.703125,18.140625,18.414062,18.554688,18.5625,18.445312
9448,2021-08-22 14:00:00,3492,12.0234375,12.0,12.03125,12.1015625,12.1171875,12.3671875,12.515625,12.875,13.2578125,15.78125,17.0,17.6875,18.125,18.40625,18.554688,18.554688,18.445312
9449,2021-08-22 14:15:00,3492,12.1015625,12.1328125,12.15625,12.2265625,12.2578125,12.5078125,12.6484375,12.9921875,13.359375,15.78125,16.984375,17.679688,18.117188,18.398438,18.546875,18.554688,18.4375
9450,2021-08-22 14:30:00,3486,12.203125,12.2265625,12.25,12.3359375,12.4140625,12.6796875,12.859375,13.2109375,13.5390625,15.796875,16.976562,17.664062,18.109375,18.390625,18.539062,18.539062,18.429688
9451,2021-08-22 14:45:00,3492,12.3359375,12.2890625,12.296875,12.3359375,12.375,12.625,12.75,13.078125,13.4375,15.7890625,16.960938,17.648438,18.09375,18.382812,18.523438,18.53125,18.414062
9452,2021-08-22 15:00:00,3486,12.59375,12.578125,12.6015625,12.640625,12.703125,12.984375,13.125,13.46875,13.7578125,15.828125,16.945312,17.632812,18.085938,18.367188,18.515625,18.523438,18.414062
9453,2021-08-22 15:15:00,3492,12.78125,12.6796875,12.6796875,12.65625,12.7265625,12.921875,13.0859375,13.390625,13.7109375,15.828125,16.9375,17.617188,18.078125,18.359375,18.507812,18.523438,18.40625
9454,2021-08-22 15:30:00,3486,13.109375,13.0234375,13.0234375,12.984375,13.0859375,13.2890625,13.4765625,13.7578125,14.0234375,15.8828125,16.929688,17.609375,18.0625,18.351562,18.5,18.507812,18.382812
9455,2021-08-22 15:45:00,3498,13.34375,13.2421875,13.234375,13.1796875,13.3125,13.4375,13.6640625,13.9609375,14.171875,15.90625,16.914062,17.59375,18.046875,18.34375,18.492188,18.507812,18.382812
9456,2021-08-22 16:00:00,3486,13.734375,13.609375,13.59375,13.5234375,13.6328125,13.75,13.96875,14.25,14.5234375,16.0,16.90625,17.585938,18.039062,18.335938,18.484375,18.5,18.375
9457,2021-08-22 16:15:00,3492,14.171875,14.0703125,14.0390625,13.9609375,14.09375,14.1875,14.4140625,14.6484375,14.84375,16.0625,16.898438,17.578125,18.03125,18.328125,18.46875,18.484375,18.367188
9458,2021-08-22 16:30:00,3486,14.484375,14.25,14.203125,14.1171875,14.2578125,14.296875,14.5234375,14.703125,14.859375,16.109375,16.898438,17.5625,18.023438,18.3125,18.46875,18.476562,18.359375
9459,2021-08-22 16:45:00,3492,15.0,14.796875,14.765625,14.6953125,14.8828125,14.90625,15.1875,15.34375,15.4375,16.21875,16.890625,17.554688,18.007812,18.304688,18.460938,18.460938,18.351562
9460,2021-08-22 17:00:00,3492,15.5546875,15.3671875,15.3515625,15.296875,15.5390625,15.53125,15.7890625,15.890625,15.8984375,16.335938,16.882812,17.539062,18.0,18.296875,18.453125,18.460938,18.34375
9461,2021-08-22 17:15:00,3492,16.0625,15.828125,15.828125,15.78125,16.101562,16.117188,16.445312,16.539062,16.414062,16.4375,16.882812,17.53125,17.992188,18.28125,18.4375,18.453125,18.328125
9462,2021-08-22 17:30:00,3492,16.6875,16.429688,16.375,16.25,16.554688,16.554688,16.796875,16.8125,16.648438,16.539062,16.890625,17.515625,17.984375,18.28125,18.4375,18.445312,18.320312
9463,2021-08-22 17:45:00,3498,17.546875,17.515625,17.539062,17.375,17.726562,17.726562,17.945312,17.921875,17.640625,16.742188,16.898438,17.507812,17.96875,18.265625,18.421875,18.429688,18.320312
9464,2021-08-22 18:00:00,3492,18.492188,18.390625,18.359375,18.007812,18.460938,18.375,18.640625,18.601562,18.21875,16.875,16.90625,17.5,17.960938,18.265625,18.414062,18.429688,18.304688
9465,2021-08-22 18:15:00,3486,19.945312,19.304688,19.367188,19.007812,19.34375,19.75,19.96875,20.125,19.71875,17.203125,16.921875,17.492188,17.953125,18.25,18.414062,18.414062,18.296875
9466,2021-08-22 18:30:00,3498,21.460938,21.03125,21.179688,20.289062,20.515625,20.671875,20.96875,21.046875,20.570312,17.429688,16.9375,17.476562,17.9375,18.234375,18.398438,18.414062,18.289062
9467,2021-08-22 18:45:00,3486,23.5625,22.71875,23.195312,21.710938,21.515625,21.90625,22.085938,22.328125,21.929688,17.78125,16.960938,17.476562,17.929688,18.226562,18.382812,18.40625,18.28125
9468,2021-08-22 19:00:00,3498,25.265625,23.585938,24.054688,22.320312,21.875,22.507812,22.421875,22.9375,22.757812,18.140625,16.992188,17.46875,17.921875,18.226562,18.382812,18.398438,18.273438
9469,2021-08-22 19:15:00,3504,26.382812,24.90625,24.859375,23.367188,23.25,23.460938,23.90625,24.125,23.601562,18.421875,17.023438,17.460938,17.90625,18.210938,18.375,18.390625,18.265625
9470,2021-08-22 19:30:00,3504,26.445312,24.0,23.859375,21.960938,21.851562,22.476562,22.859375,23.546875,23.226562,18.601562,17.070312,17.460938,17.898438,18.203125,18.359375,18.375,18.257812
9471,2021-08-22 19:45:00,3504,26.570312,24.296875,23.875,22.0625,22.195312,23.109375,24.09375,25.210938,24.382812,18.898438,17.125,17.460938,17.890625,18.195312,18.351562,18.367188,18.242188
9472,2021-08-22 20:00:00,3504,26.054688,23.625,23.351562,21.460938,21.554688,22.101562,22.953125,23.648438,23.039062,18.976562,17.179688,17.453125,17.875,18.179688,18.34375,18.351562,18.234375
9473,2021-08-22 20:15:00,3504,25.875,23.75,23.359375,21.75,21.992188,22.953125,24.117188,24.796875,24.273438,19.226562,17.242188,17.453125,17.867188,18.171875,18.335938,18.351562,18.226562
9474,2021-08-22 20:30:00,3510,25.445312,23.476562,22.71875,21.3125,21.71875,22.359375,23.15625,23.265625,23.039062,19.234375,17.296875,17.46875,17.859375,18.15625,18.320312,18.34375,18.21875
9475,2021-08-22 20:45:00,3510,25.5625,23.804688,22.953125,22.039062,22.617188,23.804688,24.796875,24.703125,24.429688,19.476562,17.359375,17.46875,17.851562,18.148438,18.3125,18.335938,18.210938
9476,2021-08-22 21:00:00,3510,25.335938,23.460938,22.351562,21.414062,22.078125,23.421875,24.132812,24.1875,23.992188,19.617188,17.429688,17.476562,17.84375,18.140625,18.304688,18.320312,18.203125
9477,2021-08-22 21:15:00,3516,25.273438,23.234375,22.632812,21.828125,22.515625,24.1875,24.828125,24.953125,24.742188,19.75,17.492188,17.492188,17.84375,18.132812,18.296875,18.3125,18.195312
9478,2021-08-22 21:30:00,3510,24.929688,22.515625,22.445312,21.6875,22.484375,24.28125,24.625,24.820312,24.578125,19.882812,17.5625,17.5,17.835938,18.117188,18.289062,18.3125,18.179688
9479,2021-08-22 21:45:00,3522,25.289062,24.03125,23.757812,24.03125,25.21875,26.40625,26.484375,26.234375,25.664062,20.046875,17.632812,17.515625,17.828125,18.109375,18.273438,18.289062,18.171875
9480,2021-08-22 20:30:00,3510,25.445312,23.476562,22.71875,21.3125,21.71875,22.359375,23.15625,23.265625,23.039062,19.234375,17.296875,17.46875,17.859375,18.15625,18.320312,18.34375,18.21875
9481,2021-08-22 20:45:00,3510,25.5625,23.804688,22.953125,22.039062,22.617188,23.804688,24.796875,24.703125,24.429688,19.476562,17.359375,17.46875,17.851562,18.148438,18.3125,18.335938,18.210938
9482,2021-08-22 21:00:00,3510,25.335938,23.460938,22.351562,21.414062,22.078125,23.421875,24.132812,24.1875,23.992188,19.617188,17.429688,17.476562,17.84375,18.140625,18.304688,18.320312,18.203125
9483,2021-08-22 21:15:00,3516,25.273438,23.234375,22.632812,21.828125,22.515625,24.1875,24.828125,24.953125,24.742188,19.75,17.492188,17.492188,17.84375,18.132812,18.296875,18.3125,18.195312
9484,2021-08-22 21:30:00,3510,24.929688,22.515625,22.445312,21.6875,22.484375,24.28125,24.625,24.820312,24.578125,19.882812,17.5625,17.5,17.835938,18.117188,18.289062,18.3125,18.179688
9485,2021-08-22 21:45:00,3522,25.289062,24.03125,23.757812,24.03125,25.21875,26.40625,26.484375,26.234375,25.664062,20.046875,17.632812,17.515625,17.828125,18.109375,18.273438,18.289062,18.171875
9486,2021-08-22 22:00:00,3516,24.960938,22.40625,22.3125,22.40625,23.382812,25.242188,25.132812,25.476562,25.195312,20.179688,17.703125,17.53125,17.820312,18.101562,18.265625,18.289062,18.164062
9487,2021-08-22 22:15:00,3522,24.335938,22.242188,22.398438,22.132812,23.546875,25.0,24.609375,24.796875,24.390625,20.15625,17.78125,17.546875,17.8125,18.09375,18.265625,18.273438,18.148438
9488,2021-08-22 22:30:00,3510,23.671875,21.546875,21.90625,21.632812,23.015625,24.21875,23.945312,24.25,23.898438,20.125,17.84375,17.5625,17.8125,18.085938,18.25,18.265625,18.148438
9489,2021-08-22 22:45:00,3522,22.96875,21.4375,22.054688,22.03125,23.757812,24.140625,24.078125,24.304688,23.804688,20.085938,17.90625,17.59375,17.8125,18.078125,18.242188,18.257812,18.132812
9490,2021-08-22 23:00:00,3516,22.953125,23.257812,22.859375,23.757812,25.1875,24.289062,24.039062,23.976562,23.570312,20.0625,17.96875,17.609375,17.804688,18.070312,18.234375,18.242188,18.125
9491,2021-08-22 23:15:00,3522,20.984375,18.664062,18.617188,18.6875,18.695312,19.664062,19.3125,20.023438,20.445312,19.710938,18.03125,17.632812,17.804688,18.054688,18.21875,18.242188,18.117188
9492,2021-08-22 23:30:00,3510,19.0,17.546875,17.195312,17.296875,17.289062,17.71875,17.75,18.234375,18.65625,19.1875,18.078125,17.664062,17.804688,18.054688,18.21875,18.234375,18.109375
9493,2021-08-22 23:45:00,3528,17.90625,16.984375,16.742188,16.851562,16.867188,17.179688,17.28125,17.703125,18.078125,18.90625,18.125,17.6875,17.8125,18.039062,18.203125,18.226562,18.101562
9494,2021-08-23 00:00:00,3516,17.039062,16.320312,16.15625,16.265625,16.273438,16.546875,16.601562,16.976562,17.335938,18.664062,18.148438,17.710938,17.8125,18.039062,18.195312,18.210938,18.09375
9495,2021-08-23 00:15:00,3522,16.664062,16.21875,16.007812,16.148438,16.132812,16.398438,16.492188,16.851562,17.195312,18.476562,18.164062,17.734375,17.8125,18.023438,18.179688,18.210938,18.085938
9496,2021-08-23 00:30:00,3510,16.25,15.8828125,15.7109375,15.859375,15.84375,16.195312,16.3125,16.75,17.132812,18.382812,18.171875,17.757812,17.820312,18.023438,18.179688,18.195312,18.078125
9497,2021-08-23 00:45:00,3516,15.9609375,15.6328125,15.4453125,15.6171875,15.59375,15.9296875,16.046875,16.46875,16.867188,18.265625,18.171875,17.78125,17.820312,18.015625,18.164062,18.1875,18.078125
9498,2021-08-23 01:00:00,3522,15.8359375,15.71875,15.5390625,15.6796875,15.75,15.9765625,16.109375,16.429688,16.71875,18.15625,18.164062,17.804688,17.820312,18.015625,18.15625,18.179688,18.0625
9499,2021-08-23 01:15:00,3522,16.117188,16.0625,15.9453125,16.007812,16.09375,16.367188,16.476562,16.835938,17.101562,18.140625,18.15625,17.820312,17.835938,18.007812,18.148438,18.171875,18.054688
9500,2021-08-23 01:30:00,3522,16.046875,15.625,15.546875,15.5625,15.6640625,15.984375,16.09375,16.484375,16.8125,18.070312,18.140625,17.835938,17.84375,18.0,18.140625,18.15625,18.046875
9501,2021-08-23 01:45:00,3522,15.890625,15.34375,15.28125,15.265625,15.3671875,15.71875,15.796875,16.179688,16.492188,17.992188,18.125,17.851562,17.84375,18.0,18.132812,18.148438,18.039062
9502,2021-08-23 02:00:00,3516,15.4921875,14.9140625,14.8359375,14.8203125,14.8828125,15.2109375,15.2734375,15.6796875,16.054688,17.875,18.109375,17.867188,17.851562,17.992188,18.125,18.140625,18.039062
9503,2021-08-23 02:15:00,3516,15.0703125,14.5546875,14.46875,14.484375,14.546875,14.84375,15.0078125,15.421875,15.7890625,17.726562,18.085938,17.875,17.859375,17.992188,18.117188,18.140625,18.03125
9504,2021-08-23 02:30:00,3510,14.7421875,14.2109375,14.15625,14.1796875,14.203125,14.578125,14.671875,15.1484375,15.6171875,17.664062,18.070312,17.890625,17.867188,17.984375,18.109375,18.125,18.03125
9505,2021-08-23 02:45:00,3522,14.3828125,13.984375,13.921875,13.9609375,13.9921875,14.2890625,14.4296875,14.8828125,15.328125,17.53125,18.054688,17.898438,17.875,17.984375,18.101562,18.125,18.023438
9506,2021-08-23 03:00:00,3510,14.09375,13.6796875,13.6484375,13.703125,13.7265625,14.078125,14.2109375,14.71875,15.2109375,17.460938,18.03125,17.90625,17.882812,17.984375,18.09375,18.117188,18.015625
9507,2021-08-23 03:15:00,3510,13.953125,13.640625,13.5859375,13.640625,13.671875,13.9765625,14.1328125,14.5859375,15.0078125,17.367188,18.007812,17.90625,17.882812,17.976562,18.09375,18.109375,18.007812
9508,2021-08-23 03:30:00,3510,13.7578125,13.453125,13.4296875,13.4765625,13.5078125,13.8359375,13.953125,14.4375,14.90625,17.304688,17.984375,17.921875,17.890625,17.984375,18.085938,18.109375,18.0
9509,2021-08-23 03:45:00,3510,13.5390625,13.2265625,13.2109375,13.25,13.2890625,13.625,13.7421875,14.1875,14.6640625,17.210938,17.960938,17.921875,17.898438,17.976562,18.078125,18.09375,18.0
9510,2021-08-23 04:00:00,3516,13.4375,13.203125,13.1796875,13.2109375,13.2265625,13.546875,13.6640625,14.09375,14.5390625,17.140625,17.9375,17.921875,17.898438,17.976562,18.078125,18.085938,17.992188
9511,2021-08-23 04:15:00,3510,13.3203125,13.09375,13.078125,13.1171875,13.1484375,13.4609375,13.6015625,14.0625,14.5234375,17.078125,17.914062,17.921875,17.90625,17.976562,18.070312,18.085938,17.992188
9512,2021-08-23 04:30:00,3510,13.2265625,13.0,12.984375,13.0234375,13.046875,13.359375,13.484375,13.9296875,14.3984375,17.015625,17.882812,17.921875,17.914062,17.976562,18.070312,18.085938,17.992188
9513,2021-08-23 04:45:00,3510,13.125,12.90625,12.8984375,12.9375,12.9609375,13.265625,13.4140625,13.8515625,14.296875,16.953125,17.859375,17.929688,17.914062,17.976562,18.070312,18.078125,17.992188
9514,2021-08-23 05:00:00,3510,13.0,12.7734375,12.765625,12.8046875,12.84375,13.140625,13.265625,13.703125,14.1640625,16.890625,17.828125,17.921875,17.921875,17.976562,18.0625,18.070312,17.984375
9515,2021-08-23 05:15:00,3510,12.875,12.640625,12.640625,12.671875,12.7109375,13.015625,13.1484375,13.5859375,14.0546875,16.835938,17.804688,17.921875,17.929688,17.976562,18.046875,18.070312,17.976562
9516,2021-08-23 05:30:00,3516,12.8046875,12.625,12.625,12.6640625,12.6875,12.984375,13.1015625,13.53125,13.9921875,16.773438,17.78125,17.914062,17.929688,17.984375,18.046875,18.0625,17.976562
9517,2021-08-23 05:45:00,3510,12.7421875,12.5390625,12.53125,12.5703125,12.6015625,12.8984375,13.0546875,13.5234375,14.0390625,16.734375,17.75,17.90625,17.9375,17.984375,18.054688,18.054688,17.976562
9518,2021-08-23 06:00:00,3510,12.734375,12.5625,12.5546875,12.6015625,12.625,12.9375,13.0625,13.4921875,13.96875,16.703125,17.726562,17.914062,17.9375,17.984375,18.054688,18.054688,17.96875
9519,2021-08-23 06:15:00,3510,12.625,12.3984375,12.40625,12.4453125,12.4765625,12.78125,12.9140625,13.34375,13.8125,16.648438,17.703125,17.90625,17.945312,17.976562,18.046875,18.046875,17.976562
9520,2021-08-23 06:30:00,3510,12.5703125,12.4296875,12.4375,12.4921875,12.5234375,12.8046875,12.9375,13.3671875,13.828125,16.59375,17.671875,17.898438,17.945312,17.976562,18.039062,18.046875,17.96875
9521,2021-08-23 06:45:00,3510,12.5546875,12.4375,12.453125,12.4921875,12.5234375,12.828125,12.9609375,13.3828125,13.8203125,16.570312,17.640625,17.890625,17.945312,17.984375,18.039062,18.046875,17.96875
9522,2021-08-23 07:00:00,3510,12.5546875,12.4375,12.4453125,12.4921875,12.515625,12.828125,12.953125,13.3828125,13.828125,16.53125,17.617188,17.882812,17.945312,17.984375,18.039062,18.039062,17.96875
9523,2021-08-23 07:15:00,3522,12.4765625,12.296875,12.296875,12.34375,12.375,12.6796875,12.828125,13.2734375,13.7578125,16.5,17.601562,17.882812,17.945312,17.976562,18.039062,18.039062,17.960938
9524,2021-08-23 07:30:00,3510,12.4296875,12.265625,12.2734375,12.328125,12.3671875,12.6796875,12.84375,13.3203125,13.8046875,16.46875,17.570312,17.867188,17.945312,17.992188,18.03125,18.03125,17.960938
9525,2021-08-23 07:45:00,3504,12.421875,12.2890625,12.296875,12.3515625,12.390625,12.703125,12.875,13.3203125,13.765625,16.4375,17.546875,17.859375,17.945312,17.984375,18.03125,18.03125,17.960938
9526,2021-08-23 08:00:00,3504,12.3359375,12.1640625,12.1796875,12.234375,12.265625,12.578125,12.71875,13.1328125,13.5859375,16.390625,17.523438,17.851562,17.945312,17.984375,18.03125,18.03125,17.960938
9527,2021-08-23 08:15:00,3510,12.3125,12.1796875,12.1953125,12.2421875,12.2734375,12.5703125,12.703125,13.0546875,13.4453125,16.328125,17.5,17.851562,17.945312,17.984375,18.03125,18.023438,17.960938
9528,2021-08-23 08:30:00,3510,12.2734375,12.125,12.1484375,12.203125,12.2421875,12.546875,12.6953125,13.1015625,13.53125,16.320312,17.484375,17.835938,17.945312,17.984375,18.023438,18.023438,17.960938
9529,2021-08-23 08:45:00,3504,12.25,12.171875,12.1875,12.2421875,12.2890625,12.5546875,12.703125,13.046875,13.421875,16.273438,17.460938,17.828125,17.945312,17.992188,18.023438,18.015625,17.960938
9530,2021-08-23 09:00:00,3504,12.3125,12.25,12.2734375,12.328125,12.359375,12.640625,12.78125,13.1796875,13.5859375,16.273438,17.4375,17.8125,17.953125,17.992188,18.023438,18.015625,17.953125
9531,2021-08-23 09:15:00,3504,12.3125,12.1953125,12.2265625,12.2734375,12.3046875,12.6015625,12.7265625,13.09375,13.5,16.257812,17.414062,17.804688,17.945312,17.992188,18.03125,18.015625,17.953125
9532,2021-08-23 09:30:00,3504,12.3046875,12.1796875,12.203125,12.25,12.2734375,12.578125,12.7109375,13.125,13.5703125,16.242188,17.398438,17.796875,17.945312,17.992188,18.023438,18.015625,17.945312
9533,2021-08-23 09:45:00,3510,12.2421875,12.1328125,12.140625,12.1796875,12.2265625,12.4921875,12.6484375,13.0703125,13.5390625,16.210938,17.375,17.789062,17.9375,17.992188,18.023438,18.007812,17.945312
9534,2021-08-23 10:00:00,3504,12.2421875,12.140625,12.15625,12.1953125,12.2421875,12.5234375,12.6875,13.125,13.6015625,16.210938,17.351562,17.78125,17.9375,17.992188,18.015625,18.007812,17.945312
9535,2021-08-23 10:15:00,3510,12.234375,12.125,12.140625,12.171875,12.203125,12.484375,12.625,13.0546875,13.5234375,16.1875,17.34375,17.765625,17.929688,17.992188,18.015625,18.007812,17.945312
9536,2021-08-23 10:30:00,3498,12.21875,12.140625,12.15625,12.1953125,12.2265625,12.5,12.640625,13.0390625,13.484375,16.148438,17.3125,17.757812,17.929688,17.984375,18.023438,18.007812,17.945312
9537,2021-08-23 10:45:00,3504,12.25,12.1640625,12.1796875,12.21875,12.25,12.515625,12.6640625,13.078125,13.546875,16.148438,17.296875,17.742188,17.929688,17.992188,18.023438,18.007812,17.945312
9538,2021-08-23 11:00:00,3504,12.2578125,12.1640625,12.1796875,12.2109375,12.25,12.5234375,12.6953125,13.1328125,13.5859375,16.132812,17.28125,17.734375,17.921875,17.984375,18.015625,18.0,17.9375
9539,2021-08-23 11:15:00,3504,12.25,12.125,12.1328125,12.1640625,12.1953125,12.4609375,12.609375,13.015625,13.484375,16.109375,17.257812,17.726562,17.914062,17.976562,18.015625,18.0,17.9375
9540,2021-08-23 11:30:00,3504,12.25,12.1796875,12.203125,12.2421875,12.265625,12.53125,12.6640625,13.078125,13.5390625,16.09375,17.242188,17.71875,17.914062,17.984375,18.015625,17.992188,17.9375
9541,2021-08-23 11:45:00,3504,12.2734375,12.1953125,12.2265625,12.265625,12.2890625,12.5703125,12.6953125,13.0859375,13.515625,16.078125,17.226562,17.703125,17.90625,17.976562,18.015625,18.0,17.9375
9542,2021-08-23 12:00:00,3504,12.3046875,12.25,12.2890625,12.328125,12.3515625,12.609375,12.75,13.1484375,13.578125,16.070312,17.203125,17.695312,17.90625,17.976562,18.015625,18.0,17.929688
9543,2021-08-23 12:15:00,3504,12.3125,12.25,12.28125,12.328125,12.3515625,12.6171875,12.75,13.140625,13.5546875,16.054688,17.1875,17.6875,17.90625,17.984375,18.007812,17.992188,17.929688
9544,2021-08-23 12:30:00,3498,12.3203125,12.2578125,12.2890625,12.3203125,12.359375,12.6328125,12.7734375,13.171875,13.578125,16.046875,17.171875,17.671875,17.890625,17.976562,18.007812,17.992188,17.929688
9545,2021-08-23 12:45:00,3504,12.3125,12.21875,12.25,12.296875,12.3203125,12.59375,12.7265625,13.125,13.5390625,16.023438,17.15625,17.65625,17.890625,17.976562,18.007812,17.992188,17.929688
9546,2021-08-23 13:00:00,3498,12.265625,12.2109375,12.234375,12.28125,12.3125,12.5625,12.6953125,13.0703125,13.4765625,16.0,17.140625,17.648438,17.890625,17.96875,18.007812,17.984375,17.929688
9547,2021-08-23 13:15:00,3504,12.28125,12.1953125,12.2265625,12.2578125,12.2890625,12.546875,12.6640625,13.03125,13.4765625,15.9921875,17.117188,17.632812,17.882812,17.96875,18.0,17.992188,17.921875
9548,2021-08-23 13:30:00,3504,12.265625,12.1953125,12.2265625,12.265625,12.296875,12.5546875,12.703125,13.0859375,13.515625,15.9765625,17.101562,17.625,17.875,17.96875,18.0,17.984375,17.914062
9549,2021-08-23 13:45:00,3504,12.25,12.1640625,12.1953125,12.2421875,12.265625,12.515625,12.6640625,13.0546875,13.484375,15.96875,17.085938,17.617188,17.875,17.96875,18.0,17.984375,17.914062
9550,2021-08-23 14:00:00,3510,12.2578125,12.1875,12.2109375,12.25,12.3046875,12.5546875,12.7421875,13.1015625,13.484375,15.9375,17.078125,17.601562,17.859375,17.960938,17.992188,17.984375,17.914062
9551,2021-08-23 14:15:00,3504,12.2578125,12.171875,12.203125,12.234375,12.28125,12.53125,12.6953125,13.0625,13.421875,15.921875,17.0625,17.59375,17.859375,17.960938,17.992188,17.976562,17.914062
9552,2021-08-23 14:30:00,3498,12.296875,12.2109375,12.234375,12.2421875,12.296875,12.5546875,12.671875,13.03125,13.40625,15.90625,17.046875,17.578125,17.84375,17.953125,17.992188,17.976562,17.914062
9553,2021-08-23 14:45:00,3504,12.3984375,12.3359375,12.3515625,12.359375,12.40625,12.6640625,12.7734375,13.1328125,13.484375,15.9140625,17.03125,17.5625,17.84375,17.953125,17.992188,17.96875,17.90625
9554,2021-08-23 15:00:00,3504,12.578125,12.3984375,12.4140625,12.390625,12.453125,12.734375,12.859375,13.2265625,13.609375,15.921875,17.015625,17.554688,17.835938,17.953125,17.992188,17.96875,17.90625
9555,2021-08-23 15:15:00,3498,12.6953125,12.5078125,12.5078125,12.46875,12.5546875,12.7734375,12.921875,13.2421875,13.59375,15.9140625,17.0,17.546875,17.828125,17.945312,17.992188,17.96875,17.898438
9556,2021-08-23 15:30:00,3498,12.890625,12.75,12.75,12.71875,12.84375,13.0703125,13.234375,13.5703125,13.8671875,15.9453125,16.984375,17.53125,17.828125,17.9375,17.984375,17.960938,17.898438
9557,2021-08-23 15:45:00,3504,13.203125,13.03125,13.0078125,12.9375,13.0625,13.2578125,13.4453125,13.765625,14.0390625,15.984375,16.976562,17.515625,17.820312,17.9375,17.984375,17.960938,17.898438
9558,2021-08-23 16:00:00,3504,13.578125,13.3984375,13.3515625,13.2890625,13.4375,13.640625,13.84375,14.171875,14.4453125,16.0625,16.960938,17.507812,17.8125,17.929688,17.976562,17.960938,17.890625
9559,2021-08-23 16:15:00,3498,13.984375,13.7734375,13.71875,13.5859375,13.8046875,13.90625,14.1328125,14.3828125,14.5625,16.109375,16.953125,17.5,17.804688,17.929688,17.976562,17.960938,17.882812
9560,2021-08-23 16:30:00,3498,14.4375,14.140625,14.0625,13.9765625,14.1640625,14.2734375,14.53125,14.8125,15.0078125,16.203125,16.945312,17.492188,17.796875,17.921875,17.976562,17.953125,17.882812
9561,2021-08-23 16:45:00,3498,14.7890625,14.40625,14.3515625,14.234375,14.4375,14.484375,14.75,14.9921875,15.140625,16.257812,16.9375,17.476562,17.789062,17.921875,17.96875,17.953125,17.882812
9562,2021-08-23 17:00:00,3498,15.2265625,14.875,14.828125,14.6484375,14.890625,14.8828125,15.171875,15.3515625,15.40625,16.320312,16.9375,17.46875,17.773438,17.914062,17.96875,17.945312,17.875
9563,2021-08-23 17:15:00,3498,15.609375,15.15625,15.140625,14.8984375,15.203125,15.203125,15.46875,15.640625,15.671875,16.390625,16.9375,17.453125,17.773438,17.90625,17.96875,17.945312,17.875
9564,2021-08-23 17:30:00,3498,15.984375,15.53125,15.484375,15.2265625,15.578125,15.5390625,15.859375,16.007812,15.9609375,16.460938,16.929688,17.445312,17.765625,17.90625,17.96875,17.945312,17.867188
9565,2021-08-23 17:45:00,3498,17.140625,16.914062,16.851562,16.492188,16.976562,16.765625,17.171875,17.171875,16.9375,16.632812,16.929688,17.4375,17.757812,17.898438,17.960938,17.945312,17.859375
9566,2021-08-23 18:00:00,3504,18.132812,17.203125,17.226562,16.726562,17.078125,17.257812,17.375,17.539062,17.429688,16.828125,16.9375,17.429688,17.75,17.898438,17.953125,17.9375,17.859375
9567,2021-08-23 18:15:00,3504,19.570312,19.085938,19.117188,18.320312,18.648438,18.65625,18.890625,18.914062,18.617188,17.0,16.945312,17.414062,17.742188,17.890625,17.953125,17.921875,17.859375
9568,2021-08-23 18:30:00,3498,20.914062,20.007812,19.914062,19.257812,19.484375,19.53125,19.882812,20.054688,19.703125,17.28125,16.953125,17.40625,17.726562,17.882812,17.945312,17.929688,17.851562
9569,2021-08-23 18:45:00,3498,20.890625,19.226562,19.117188,18.46875,18.71875,19.109375,19.335938,19.757812,19.679688,17.4375,16.976562,17.40625,17.726562,17.882812,17.945312,17.929688,17.84375
9570,2021-08-23 19:00:00,3498,20.921875,19.171875,19.007812,18.226562,18.507812,18.890625,18.90625,19.203125,19.148438,17.523438,17.0,17.398438,17.71875,17.875,17.9375,17.921875,17.84375
9571,2021-08-23 19:15:00,3504,21.765625,20.640625,20.445312,19.335938,19.492188,19.5625,19.890625,20.210938,20.046875,17.671875,17.015625,17.390625,17.703125,17.867188,17.9375,17.914062,17.84375
9572,2021-08-23 19:30:00,3510,23.28125,22.632812,22.34375,20.734375,20.867188,20.867188,21.375,21.640625,21.257812,17.945312,17.054688,17.390625,17.703125,17.867188,17.929688,17.914062,17.828125
9573,2021-08-23 19:45:00,3504,24.273438,22.710938,22.5625,20.914062,21.09375,21.710938,22.1875,22.875,22.5625,18.296875,17.085938,17.382812,17.695312,17.859375,17.929688,17.90625,17.828125
9574,2021-08-23 20:00:00,3504,23.53125,21.4375,21.125,20.140625,20.609375,21.179688,21.765625,22.273438,21.929688,18.414062,17.125,17.382812,17.6875,17.851562,17.914062,17.898438,17.820312
9575,2021-08-23 20:15:00,3510,22.890625,20.9375,20.703125,19.648438,20.132812,20.429688,20.84375,21.179688,20.992188,18.40625,17.164062,17.382812,17.679688,17.84375,17.921875,17.90625,17.8125
9576,2021-08-23 20:30:00,3510,22.96875,20.953125,20.757812,19.804688,20.328125,20.875,21.1875,21.65625,21.59375,18.609375,17.210938,17.390625,17.671875,17.835938,17.914062,17.898438,17.8125
9577,2021-08-23 20:45:00,3510,22.117188,20.078125,19.9375,19.101562,19.570312,20.09375,20.15625,20.546875,20.570312,18.554688,17.257812,17.390625,17.664062,17.835938,17.90625,17.890625,17.804688
9578,2021-08-23 21:00:00,3510,21.171875,19.460938,19.34375,18.554688,19.03125,19.296875,19.5625,19.859375,19.875,18.40625,17.304688,17.390625,17.664062,17.828125,17.90625,17.890625,17.796875
9579,2021-08-23 21:15:00,3510,21.414062,20.117188,19.984375,19.226562,19.703125,20.0,20.28125,20.515625,20.429688,18.492188,17.359375,17.398438,17.648438,17.828125,17.898438,17.882812,17.796875
9580,2021-08-23 21:30:00,3510,21.421875,20.382812,20.21875,19.65625,20.21875,20.492188,20.960938,21.296875,21.257812,18.632812,17.398438,17.398438,17.648438,17.8125,17.890625,17.882812,17.789062
9581,2021-08-23 21:45:00,3510,21.382812,20.039062,19.9375,19.304688,19.851562,20.335938,20.671875,21.109375,21.1875,18.71875,17.4375,17.414062,17.640625,17.8125,17.890625,17.875,17.789062
9582,2021-08-23 22:00:00,3510,20.882812,19.351562,19.367188,18.734375,19.03125,19.578125,19.570312,20.125,20.34375,18.65625,17.476562,17.429688,17.640625,17.804688,17.882812,17.867188,17.78125
9583,2021-08-23 22:15:00,3510,20.148438,18.570312,18.578125,18.039062,18.289062,18.8125,18.882812,19.460938,19.734375,18.5625,17.515625,17.4375,17.632812,17.796875,17.882812,17.867188,17.78125
9584,2021-08-23 22:30:00,3510,19.320312,17.914062,17.882812,17.398438,17.625,18.015625,18.070312,18.546875,18.835938,18.421875,17.554688,17.453125,17.632812,17.789062,17.875,17.867188,17.773438
9585,2021-08-23 22:45:00,3510,18.929688,17.851562,17.820312,17.304688,17.585938,17.921875,18.007812,18.445312,18.65625,18.328125,17.585938,17.460938,17.625,17.78125,17.875,17.859375,17.765625
9586,2021-08-23 23:00:00,3522,18.5625,17.3125,17.304688,16.859375,17.125,17.648438,17.703125,18.265625,18.53125,18.296875,17.617188,17.46875,17.625,17.78125,17.867188,17.851562,17.757812
9587,2021-08-23 23:15:00,3510,18.023438,17.03125,16.992188,16.53125,16.796875,17.09375,17.210938,17.601562,17.828125,18.148438,17.632812,17.484375,17.625,17.78125,17.851562,17.851562,17.757812
9588,2021-08-23 23:30:00,3510,17.601562,16.742188,16.679688,16.34375,16.601562,16.84375,17.09375,17.554688,17.820312,18.078125,17.65625,17.5,17.625,17.773438,17.859375,17.84375,17.75
9589,2021-08-23 23:45:00,3504,17.398438,16.6875,16.640625,16.296875,16.492188,16.75,16.867188,17.242188,17.484375,17.984375,17.671875,17.515625,17.625,17.765625,17.851562,17.835938,17.75
9590,2021-08-24 00:00:00,3510,17.28125,16.632812,16.601562,16.328125,16.585938,16.875,17.109375,17.578125,17.828125,17.96875,17.6875,17.53125,17.625,17.765625,17.84375,17.835938,17.742188
9591,2021-08-24 00:15:00,3510,16.914062,16.132812,16.085938,15.8046875,15.96875,16.289062,16.375,16.765625,17.023438,17.851562,17.695312,17.539062,17.632812,17.757812,17.835938,17.828125,17.742188
9592,2021-08-24 00:30:00,3504,16.625,16.007812,15.9609375,15.71875,15.90625,16.117188,16.28125,16.648438,16.898438,17.765625,17.695312,17.554688,17.632812,17.757812,17.835938,17.820312,17.734375
9593,2021-08-24 00:45:00,3522,16.257812,15.5859375,15.53125,15.328125,15.4921875,15.765625,15.921875,16.3125,16.585938,17.695312,17.703125,17.5625,17.632812,17.75,17.828125,17.8125,17.71875
9594,2021-08-24 01:00:00,3510,15.9140625,15.25,15.203125,15.015625,15.1484375,15.4453125,15.546875,15.9453125,16.257812,17.59375,17.703125,17.578125,17.625,17.75,17.828125,17.8125,17.71875
9595,2021-08-24 01:15:00,3510,15.6328125,15.0625,14.9921875,14.84375,15.0,15.28125,15.4453125,15.84375,16.132812,17.507812,17.695312,17.585938,17.640625,17.742188,17.820312,17.8125,17.71875
9596,2021-08-24 01:30:00,3510,15.3515625,14.7890625,14.7265625,14.625,14.734375,15.0390625,15.1640625,15.6015625,15.921875,17.453125,17.6875,17.59375,17.632812,17.742188,17.8125,17.804688,17.710938
9597,2021-08-24 01:45:00,3504,14.796875,14.140625,14.0859375,14.03125,14.125,14.4765625,14.609375,15.078125,15.484375,17.335938,17.679688,17.601562,17.640625,17.734375,17.804688,17.796875,17.703125
9598,2021-08-24 02:00:00,3510,14.3515625,13.84375,13.7890625,13.765625,13.8125,14.09375,14.21875,14.671875,15.1015625,17.203125,17.671875,17.609375,17.640625,17.734375,17.8125,17.796875,17.703125
9599,2021-08-24 02:15:00,3510,13.953125,13.453125,13.3984375,13.390625,13.4453125,13.734375,13.890625,14.3359375,14.7578125,17.070312,17.664062,17.617188,17.648438,17.734375,17.804688,17.789062,17.703125
9600,2021-08-24 02:30:00,3504,13.6171875,13.2109375,13.1640625,13.1640625,13.1796875,13.46875,13.5625,13.96875,14.4140625,16.96875,17.640625,17.625,17.648438,17.734375,17.796875,17.789062,17.695312
9601,2021-08-24 02:45:00,3504,13.3828125,13.0546875,13.0078125,13.03125,13.03125,13.3203125,13.4140625,13.84375,14.2890625,16.875,17.625,17.632812,17.65625,17.726562,17.796875,17.78125,17.695312
9602,2021-08-24 03:00:00,3510,13.1484375,12.859375,12.8125,12.8515625,12.84375,13.1171875,13.203125,13.6328125,14.1171875,16.789062,17.609375,17.625,17.664062,17.726562,17.789062,17.78125,17.695312
9603,2021-08-24 03:15:00,3510,12.96875,12.71875,12.6953125,12.7265625,12.75,13.0078125,13.1328125,13.5625,14.03125,16.703125,17.585938,17.632812,17.664062,17.726562,17.78125,17.773438,17.6875
9604,2021-08-24 03:30:00,3504,12.9453125,12.78125,12.7578125,12.796875,12.8046875,13.0625,13.1875,13.59375,14.0546875,16.65625,17.5625,17.632812,17.664062,17.726562,17.78125,17.773438,17.6875
9605,2021-08-24 03:45:00,3504,12.8984375,12.7265625,12.6875,12.734375,12.7421875,13.03125,13.171875,13.625,14.1171875,16.632812,17.539062,17.632812,17.671875,17.726562,17.78125,17.765625,17.671875
9606,2021-08-24 04:00:00,3510,12.7890625,12.578125,12.546875,12.578125,12.578125,12.859375,12.96875,13.3984375,13.8828125,16.5625,17.515625,17.632812,17.671875,17.71875,17.78125,17.765625,17.671875
9607,2021-08-24 04:15:00,3510,12.578125,12.3515625,12.3203125,12.3828125,12.3515625,12.609375,12.6953125,13.1171875,13.625,16.484375,17.492188,17.632812,17.671875,17.726562,17.773438,17.757812,17.679688
9608,2021-08-24 04:30:00,3504,12.453125,12.3203125,12.296875,12.359375,12.3515625,12.5859375,12.7109375,13.125,13.578125,16.414062,17.460938,17.632812,17.679688,17.726562,17.773438,17.757812,17.671875
9609,2021-08-24 04:45:00,3510,12.4609375,12.3671875,12.3515625,12.3984375,12.3828125,12.6171875,12.7421875,13.125,13.5546875,16.367188,17.4375,17.625,17.679688,17.726562,17.765625,17.757812,17.664062
9610,2021-08-24 05:00:00,3504,12.3984375,12.265625,12.25,12.3125,12.2890625,12.515625,12.609375,12.984375,13.4296875,16.3125,17.414062,17.625,17.6875,17.726562,17.765625,17.757812,17.671875
9611,2021-08-24 05:15:00,3510,12.375,12.296875,12.2890625,12.328125,12.3359375,12.53125,12.6640625,13.03125,13.4609375,16.265625,17.390625,17.617188,17.6875,17.71875,17.765625,17.75,17.664062
9612,2021-08-24 05:30:00,3504,12.3828125,12.3046875,12.3046875,12.34375,12.34375,12.546875,12.6484375,13.0078125,13.4375,16.226562,17.367188,17.617188,17.6875,17.726562,17.765625,17.742188,17.664062
9613,2021-08-24 05:45:00,3504,12.3515625,12.234375,12.234375,12.265625,12.265625,12.4921875,12.609375,12.96875,13.40625,16.203125,17.335938,17.609375,17.6875,17.71875,17.765625,17.742188,17.65625
9614,2021-08-24 06:00:00,3504,12.2578125,12.0859375,12.0703125,12.1328125,12.109375,12.3671875,12.4765625,12.8984375,13.3828125,16.171875,17.3125,17.601562,17.6875,17.726562,17.757812,17.742188,17.65625
9615,2021-08-24 06:15:00,3498,12.2109375,12.125,12.125,12.1796875,12.1875,12.4140625,12.6015625,13.0078125,13.4921875,16.140625,17.289062,17.59375,17.6875,17.71875,17.757812,17.742188,17.648438
9616,2021-08-24 06:30:00,3504,12.203125,12.125,12.125,12.1796875,12.1953125,12.4453125,12.6328125,13.0703125,13.5859375,16.132812,17.257812,17.585938,17.6875,17.726562,17.757812,17.734375,17.648438
9617,2021-08-24 06:45:00,3510,12.21875,12.1484375,12.1640625,12.1953125,12.1953125,12.4296875,12.5703125,12.953125,13.3984375,16.085938,17.234375,17.578125,17.6875,17.71875,17.757812,17.734375,17.65625
9618,2021-08-24 07:00:00,3510,12.296875,12.2734375,12.28125,12.328125,12.3359375,12.5390625,12.6953125,13.0703125,13.4921875,16.0625,17.210938,17.570312,17.6875,17.726562,17.75,17.734375,17.648438
9619,2021-08-24 07:15:00,3510,12.3359375,12.2890625,12.3046875,12.3515625,12.375,12.59375,12.7421875,13.140625,13.5546875,16.046875,17.195312,17.5625,17.6875,17.71875,17.75,17.726562,17.648438
9620,2021-08-24 07:30:00,3504,12.3515625,12.2578125,12.2734375,12.3203125,12.34375,12.5859375,12.734375,13.1328125,13.53125,16.03125,17.171875,17.554688,17.679688,17.726562,17.75,17.726562,17.640625
9621,2021-08-24 07:45:00,3498,12.3203125,12.2421875,12.2578125,12.3046875,12.3203125,12.5625,12.71875,13.109375,13.515625,16.015625,17.148438,17.546875,17.679688,17.726562,17.75,17.726562,17.648438
9622,2021-08-24 08:00:00,3504,12.3359375,12.28125,12.296875,12.34375,12.34375,12.5859375,12.71875,13.1015625,13.5078125,15.9921875,17.125,17.539062,17.6875,17.726562,17.75,17.726562,17.640625
9623,2021-08-24 08:15:00,3510,12.359375,12.3125,12.3203125,12.3515625,12.359375,12.5859375,12.7109375,13.0546875,13.4296875,15.96875,17.101562,17.523438,17.679688,17.726562,17.75,17.726562,17.632812
9624,2021-08-24 08:30:00,3498,12.375,12.296875,12.3046875,12.3359375,12.328125,12.5625,12.65625,12.9765625,13.34375,15.9296875,17.085938,17.515625,17.679688,17.726562,17.75,17.71875,17.640625
9625,2021-08-24 08:45:00,3498,12.296875,12.1953125,12.2109375,12.2421875,12.25,12.4921875,12.6015625,12.9453125,13.3203125,15.8984375,17.070312,17.507812,17.671875,17.71875,17.75,17.71875,17.632812
9626,2021-08-24 09:00:00,3504,12.234375,12.1796875,12.1953125,12.25,12.25,12.5,12.6328125,13.0,13.390625,15.8828125,17.046875,17.5,17.671875,17.726562,17.742188,17.71875,17.632812
9627,2021-08-24 09:15:00,3498,12.203125,12.171875,12.1875,12.2421875,12.234375,12.5078125,12.6015625,12.9375,13.3125,15.875,17.03125,17.484375,17.664062,17.71875,17.742188,17.71875,17.632812
9628,2021-08-24 09:30:00,3498,12.109375,12.078125,12.09375,12.171875,12.15625,12.4453125,12.5546875,12.9140625,13.296875,15.8515625,17.007812,17.46875,17.664062,17.726562,17.742188,17.71875,17.625
9629,2021-08-24 09:45:00,3498,12.0234375,12.0,12.0234375,12.09375,12.0859375,12.375,12.4609375,12.7890625,13.1640625,15.8125,16.992188,17.460938,17.664062,17.71875,17.742188,17.71875,17.632812
9630,2021-08-24 10:00:00,3504,11.984375,11.9765625,12.0078125,12.078125,12.0859375,12.3828125,12.5,12.875,13.2734375,15.8046875,16.96875,17.453125,17.65625,17.71875,17.75,17.710938,17.625
9631,2021-08-24 10:15:00,3498,11.9609375,11.96875,11.9921875,12.0625,12.0703125,12.375,12.5234375,12.921875,13.34375,15.7890625,16.960938,17.4375,17.640625,17.71875,17.742188,17.710938,17.625
9632,2021-08-24 10:30:00,3492,11.9296875,11.890625,11.90625,11.9609375,11.953125,12.21875,12.34375,12.703125,13.125,15.75,16.9375,17.4375,17.648438,17.71875,17.742188,17.710938,17.625
9633,2021-08-24 10:45:00,3498,11.90625,11.84375,11.84375,11.8828125,11.890625,12.1484375,12.3125,12.7265625,13.1640625,15.734375,16.921875,17.421875,17.640625,17.710938,17.734375,17.710938,17.625
9634,2021-08-24 11:00:00,3498,11.8671875,11.7265625,11.7109375,11.7265625,11.734375,11.9609375,12.09375,12.453125,12.859375,15.671875,16.898438,17.414062,17.632812,17.710938,17.734375,17.703125,17.625
9635,2021-08-24 11:15:00,3498,11.875,11.765625,11.7578125,11.78125,11.7890625,11.9765625,12.1171875,12.46875,12.875,15.640625,16.890625,17.398438,17.632812,17.710938,17.742188,17.703125,17.617188
9636,2021-08-24 11:30:00,3498,11.9140625,11.8203125,11.8125,11.828125,11.828125,12.0078125,12.1328125,12.453125,12.8359375,15.609375,16.867188,17.390625,17.625,17.710938,17.734375,17.703125,17.617188
9637,2021-08-24 11:45:00,3498,11.984375,11.9140625,11.9140625,11.9375,11.9375,12.1015625,12.2421875,12.5625,12.9453125,15.59375,16.851562,17.375,17.617188,17.710938,17.726562,17.703125,17.617188
9638,2021-08-24 12:00:00,3498,12.0625,12.0078125,12.015625,12.0546875,12.0625,12.2421875,12.40625,12.765625,13.171875,15.625,16.835938,17.367188,17.609375,17.703125,17.734375,17.703125,17.609375
9639,2021-08-24 12:15:00,3504,12.09375,12.0234375,12.03125,12.078125,12.0703125,12.265625,12.4140625,12.796875,13.2421875,15.640625,16.8125,17.359375,17.617188,17.703125,17.726562,17.703125,17.609375
9640,2021-08-24 12:30:00,3504,12.0859375,12.0,12.0234375,12.078125,12.125,12.5,12.890625,13.25,13.6171875,15.65625,16.796875,17.34375,17.601562,17.703125,17.726562,17.695312,17.601562
9641,2021-08-24 12:45:00,3504,12.109375,12.0390625,12.0546875,12.09375,12.1015625,12.3125,12.46875,12.796875,13.1875,15.625,16.789062,17.328125,17.59375,17.695312,17.726562,17.695312,17.601562
9642,2021-08-24 13:00:00,3504,12.1484375,12.078125,12.09375,12.140625,12.1484375,12.3515625,12.5078125,12.859375,13.2421875,15.609375,16.765625,17.320312,17.585938,17.695312,17.726562,17.695312,17.59375
9643,2021-08-24 13:15:00,3492,12.171875,12.09375,12.1015625,12.140625,12.1328125,12.328125,12.453125,12.78125,13.1796875,15.6015625,16.757812,17.3125,17.578125,17.6875,17.71875,17.6875,17.601562
9644,2021-08-24 13:30:00,3492,12.140625,12.046875,12.0546875,12.0859375,12.0859375,12.234375,12.375,12.6875,13.0625,15.5703125,16.742188,17.304688,17.578125,17.6875,17.726562,17.6875,17.59375
9645,2021-08-24 13:45:00,3498,12.1640625,12.078125,12.0859375,12.125,12.125,12.265625,12.421875,12.734375,13.125,15.5625,16.726562,17.289062,17.570312,17.679688,17.71875,17.6875,17.59375
9646,2021-08-24 14:00:00,3498,12.21875,12.15625,12.15625,12.1875,12.1875,12.3359375,12.4765625,12.7734375,13.1328125,15.5546875,16.71875,17.273438,17.5625,17.679688,17.71875,17.679688,17.59375
9647,2021-08-24 14:15:00,3498,12.3515625,12.2890625,12.296875,12.3125,12.3203125,12.4375,12.546875,12.8046875,13.1484375,15.5546875,16.703125,17.265625,17.5625,17.679688,17.710938,17.679688,17.585938
9648,2021-08-24 14:30:00,3504,12.5546875,12.5390625,12.5546875,12.546875,12.6015625,12.6875,12.84375,13.09375,13.390625,15.5703125,16.6875,17.257812,17.546875,17.671875,17.703125,17.679688,17.585938
9649,2021-08-24 14:45:00,3498,12.859375,12.859375,12.8671875,12.84375,12.921875,12.9921875,13.1796875,13.40625,13.640625,15.6015625,16.671875,17.242188,17.539062,17.671875,17.710938,17.679688,17.578125
9650,2021-08-24 15:00:00,3492,13.2265625,13.1875,13.1796875,13.15625,13.25,13.296875,13.5078125,13.71875,13.96875,15.6796875,16.664062,17.226562,17.53125,17.664062,17.703125,17.671875,17.578125
9651,2021-08-24 15:15:00,3498,13.4921875,13.3359375,13.3359375,13.28125,13.3671875,13.3671875,13.578125,13.7734375,14.0078125,15.7109375,16.648438,17.21875,17.523438,17.65625,17.703125,17.671875,17.570312
9652,2021-08-24 15:30:00,3492,13.7734375,13.5703125,13.5703125,13.4609375,13.5703125,13.5234375,13.7265625,13.84375,14.0234375,15.71875,16.640625,17.210938,17.523438,17.648438,17.703125,17.664062,17.570312
9653,2021-08-24 15:45:00,3498,14.1875,14.0546875,14.0703125,13.96875,14.125,14.0703125,14.328125,14.4375,14.5390625,15.796875,16.632812,17.203125,17.515625,17.648438,17.695312,17.664062,17.5625
9654,2021-08-24 16:00:00,3486,14.625,14.3359375,14.34375,14.1875,14.3125,14.3515625,14.5703125,14.7109375,14.8046875,15.890625,16.625,17.1875,17.507812,17.648438,17.6875,17.664062,17.5625
9655,2021-08-24 16:15:00,3498,15.0,14.8203125,14.8203125,14.671875,14.84375,14.8203125,15.0859375,15.1875,15.1953125,15.9453125,16.617188,17.171875,17.5,17.640625,17.6875,17.664062,17.554688
9656,2021-08-24 16:30:00,3498,15.1875,14.8125,14.796875,14.59375,14.765625,14.8359375,15.015625,15.1484375,15.1640625,15.9921875,16.617188,17.164062,17.484375,17.632812,17.6875,17.664062,17.554688
9657,2021-08-24 16:45:00,3498,15.671875,15.4140625,15.4140625,15.1875,15.40625,15.4375,15.65625,15.75,15.7109375,16.09375,16.617188,17.15625,17.484375,17.625,17.679688,17.648438,17.539062
9658,2021-08-24 17:00:00,3492,16.289062,15.9140625,15.921875,15.6796875,15.953125,16.085938,16.351562,16.484375,16.40625,16.234375,16.617188,17.140625,17.46875,17.617188,17.679688,17.640625,17.546875
9659,2021-08-24 17:15:00,3498,17.203125,16.773438,16.742188,16.398438,16.703125,16.898438,17.054688,17.164062,17.03125,16.421875,16.617188,17.132812,17.46875,17.617188,17.679688,17.640625,17.539062
9660,2021-08-24 17:30:00,3498,18.625,18.164062,18.132812,17.578125,17.882812,18.0625,18.234375,18.375,18.140625,16.640625,16.625,17.125,17.453125,17.609375,17.671875,17.632812,17.53125
9661,2021-08-24 17:45:00,3498,19.195312,18.53125,18.507812,17.992188,18.304688,18.53125,18.757812,18.96875,18.75,16.828125,16.632812,17.125,17.445312,17.609375,17.664062,17.632812,17.53125
9662,2021-08-24 18:00:00,3498,19.867188,18.75,18.671875,17.992188,18.210938,18.59375,18.539062,18.765625,18.625,16.984375,16.648438,17.101562,17.4375,17.601562,17.664062,17.632812,17.523438
9663,2021-08-24 18:15:00,3504,21.078125,20.390625,20.195312,19.601562,19.390625,19.476562,19.773438,19.90625,19.664062,17.109375,16.671875,17.101562,17.429688,17.59375,17.65625,17.625,17.515625
9664,2021-08-24 18:30:00,3498,22.117188,20.523438,20.476562,19.40625,19.15625,19.4375,19.34375,19.609375,19.554688,17.320312,16.695312,17.09375,17.421875,17.585938,17.648438,17.617188,17.515625
9665,2021-08-24 18:45:00,3504,22.398438,21.054688,21.3125,19.90625,19.40625,19.578125,19.65625,20.0,19.867188,17.398438,16.71875,17.09375,17.414062,17.585938,17.640625,17.625,17.515625
9666,2021-08-24 19:00:00,3504,24.804688,23.257812,23.84375,21.796875,20.757812,21.28125,21.226562,21.804688,21.726562,17.8125,16.742188,17.085938,17.40625,17.578125,17.640625,17.609375,17.507812
9667,2021-08-24 19:15:00,3504,26.117188,24.164062,24.648438,22.601562,21.9375,22.460938,22.84375,23.46875,23.15625,18.179688,16.78125,17.085938,17.398438,17.570312,17.640625,17.609375,17.507812
9668,2021-08-24 19:30:00,3504,26.375,24.570312,24.273438,22.578125,22.273438,22.460938,23.1875,23.523438,23.21875,18.398438,16.8125,17.085938,17.398438,17.5625,17.632812,17.601562,17.5
9669,2021-08-24 19:45:00,3510,26.609375,24.359375,24.210938,22.3125,22.0625,22.882812,23.765625,24.5625,24.414062,18.820312,16.867188,17.078125,17.390625,17.5625,17.625,17.601562,17.492188
9670,2021-08-24 20:00:00,3510,26.789062,24.742188,24.398438,22.546875,22.78125,23.359375,24.492188,25.140625,24.5,18.992188,16.921875,17.078125,17.375,17.554688,17.625,17.59375,17.484375
9671,2021-08-24 20:15:00,3510,26.789062,24.15625,23.820312,21.953125,22.0,22.96875,23.898438,24.804688,24.3125,19.25,16.976562,17.085938,17.367188,17.546875,17.617188,17.59375,17.484375
9672,2021-08-24 19:00:00,3504,24.804688,23.257812,23.84375,21.796875,20.757812,21.28125,21.226562,21.804688,21.726562,17.8125,16.742188,17.085938,17.40625,17.578125,17.640625,17.609375,17.507812
9673,2021-08-24 19:15:00,3504,26.117188,24.164062,24.648438,22.601562,21.9375,22.460938,22.84375,23.46875,23.15625,18.179688,16.78125,17.085938,17.398438,17.570312,17.640625,17.609375,17.507812
9674,2021-08-24 19:30:00,3504,26.375,24.570312,24.273438,22.578125,22.273438,22.460938,23.1875,23.523438,23.21875,18.398438,16.8125,17.085938,17.398438,17.5625,17.632812,17.601562,17.5
9675,2021-08-24 19:45:00,3510,26.609375,24.359375,24.210938,22.3125,22.0625,22.882812,23.765625,24.5625,24.414062,18.820312,16.867188,17.078125,17.390625,17.5625,17.625,17.601562,17.492188
9676,2021-08-24 20:00:00,3510,26.789062,24.742188,24.398438,22.546875,22.78125,23.359375,24.492188,25.140625,24.5,18.992188,16.921875,17.078125,17.375,17.554688,17.625,17.59375,17.484375
9677,2021-08-24 20:15:00,3510,26.789062,24.15625,23.820312,21.953125,22.0,22.96875,23.898438,24.804688,24.3125,19.25,16.976562,17.085938,17.367188,17.546875,17.617188,17.59375,17.484375
9678,2021-08-24 20:30:00,3510,26.039062,23.929688,22.921875,20.921875,21.601562,22.28125,23.21875,23.703125,23.171875,19.148438,17.039062,17.09375,17.367188,17.539062,17.617188,17.585938,17.476562
9679,2021-08-24 20:45:00,3510,25.835938,23.28125,22.726562,21.078125,21.828125,23.140625,24.085938,24.5,24.257812,19.375,17.109375,17.101562,17.359375,17.539062,17.609375,17.578125,17.46875
9680,2021-08-24 21:00:00,3510,25.742188,23.414062,22.851562,21.398438,22.203125,23.625,24.335938,24.601562,24.328125,19.546875,17.179688,17.109375,17.359375,17.523438,17.601562,17.578125,17.46875
9681,2021-08-24 21:15:00,3510,24.601562,22.25,22.0625,20.0625,20.75,21.867188,22.554688,22.914062,22.960938,19.46875,17.25,17.125,17.351562,17.523438,17.59375,17.570312,17.460938
9682,2021-08-24 21:30:00,3516,23.742188,21.476562,21.25,19.664062,20.210938,21.054688,21.570312,21.890625,22.101562,19.398438,17.3125,17.140625,17.34375,17.515625,17.59375,17.5625,17.453125
9683,2021-08-24 21:45:00,3528,23.570312,21.9375,21.867188,20.375,21.226562,22.046875,22.757812,23.078125,23.125,19.4375,17.382812,17.15625,17.34375,17.515625,17.585938,17.5625,17.453125
9684,2021-08-24 22:00:00,3516,23.03125,20.929688,20.765625,19.773438,20.429688,21.140625,21.4375,21.890625,22.015625,19.4375,17.445312,17.171875,17.34375,17.5,17.578125,17.5625,17.445312
9685,2021-08-24 22:15:00,3516,22.078125,19.78125,19.679688,18.875,19.398438,20.148438,20.25,20.796875,21.117188,19.382812,17.5,17.1875,17.335938,17.5,17.578125,17.546875,17.4375
9686,2021-08-24 22:30:00,3522,21.859375,19.828125,19.976562,19.015625,20.117188,20.726562,20.992188,21.382812,21.429688,19.34375,17.554688,17.21875,17.335938,17.492188,17.570312,17.546875,17.429688
9687,2021-08-24 22:45:00,3522,20.6875,18.71875,18.914062,18.1875,18.882812,19.390625,19.648438,20.242188,20.398438,19.132812,17.617188,17.234375,17.34375,17.492188,17.5625,17.539062,17.429688
9688,2021-08-24 23:00:00,3516,20.0,18.617188,18.804688,18.125,18.71875,19.1875,19.390625,19.890625,20.046875,19.007812,17.664062,17.257812,17.34375,17.476562,17.554688,17.539062,17.421875
9689,2021-08-24 23:15:00,3522,19.46875,18.4375,18.554688,17.914062,18.390625,18.75,19.023438,19.523438,19.734375,18.875,17.703125,17.273438,17.34375,17.476562,17.554688,17.53125,17.421875
9690,2021-08-24 23:30:00,3522,18.90625,17.742188,17.84375,17.195312,17.523438,17.804688,17.960938,18.382812,18.640625,18.679688,17.734375,17.296875,17.351562,17.476562,17.546875,17.523438,17.414062
9691,2021-08-24 23:45:00,3516,18.328125,17.367188,17.351562,16.960938,17.335938,17.648438,17.929688,18.4375,18.6875,18.5625,17.765625,17.328125,17.34375,17.46875,17.539062,17.523438,17.40625
9692,2021-08-25 00:00:00,3522,18.023438,17.273438,17.25,16.90625,17.265625,17.726562,17.992188,18.546875,18.804688,18.53125,17.789062,17.34375,17.351562,17.46875,17.539062,17.515625,17.40625
9693,2021-08-25 00:15:00,3522,17.328125,16.523438,16.492188,16.21875,16.460938,16.859375,17.0,17.523438,17.867188,18.375,17.796875,17.375,17.351562,17.460938,17.53125,17.515625,17.398438
9694,2021-08-25 00:30:00,3516,17.125,16.515625,16.5625,16.164062,16.445312,16.710938,16.953125,17.390625,17.648438,18.242188,17.8125,17.390625,17.359375,17.460938,17.53125,17.507812,17.398438
9695,2021-08-25 00:45:00,3522,16.773438,16.09375,16.09375,15.6640625,15.8359375,16.117188,16.164062,16.5,16.765625,18.085938,17.8125,17.40625,17.367188,17.453125,17.523438,17.5,17.390625
9696,2021-08-25 01:00:00,3516,16.453125,15.734375,15.7421875,15.4453125,15.609375,15.8984375,16.046875,16.476562,16.828125,17.984375,17.820312,17.429688,17.375,17.453125,17.515625,17.492188,17.382812
9697,2021-08-25 01:15:00,3516,16.1875,15.4375,15.453125,15.1796875,15.3046875,15.6796875,15.78125,16.25,16.640625,17.898438,17.8125,17.445312,17.382812,17.453125,17.515625,17.492188,17.382812
9698,2021-08-25 01:30:00,3510,15.6796875,14.9765625,14.953125,14.78125,14.8671875,15.1875,15.3046875,15.78125,16.203125,17.773438,17.8125,17.46875,17.382812,17.445312,17.507812,17.492188,17.382812
9699,2021-08-25 01:45:00,3510,15.28125,14.65625,14.640625,14.5078125,14.5703125,14.9140625,15.0390625,15.5234375,15.9609375,17.664062,17.796875,17.476562,17.390625,17.445312,17.507812,17.484375,17.382812
9700,2021-08-25 02:00:00,3522,14.7890625,14.15625,14.109375,14.015625,14.0546875,14.390625,14.4296875,14.875,15.3203125,17.507812,17.789062,17.492188,17.40625,17.445312,17.507812,17.484375,17.382812
9701,2021-08-25 02:15:00,3516,14.4296875,13.96875,13.90625,13.859375,13.8984375,14.1875,14.3359375,14.796875,15.25,17.390625,17.773438,17.5,17.414062,17.445312,17.5,17.476562,17.367188
9702,2021-08-25 02:30:00,3510,14.140625,13.7109375,13.640625,13.6171875,13.640625,13.953125,14.0546875,14.5078125,14.9765625,17.289062,17.765625,17.515625,17.414062,17.445312,17.5,17.476562,17.367188
9703,2021-08-25 02:45:00,3510,13.890625,13.4765625,13.4296875,13.421875,13.421875,13.75,13.8203125,14.2734375,14.7578125,17.195312,17.742188,17.523438,17.429688,17.445312,17.5,17.46875,17.367188
9704,2021-08-25 03:00:00,3516,13.6328125,13.328125,13.25,13.2734375,13.2578125,13.515625,13.59375,13.9609375,14.4140625,17.0625,17.726562,17.539062,17.4375,17.445312,17.492188,17.46875,17.367188
9705,2021-08-25 03:15:00,3522,13.453125,13.15625,13.109375,13.1328125,13.1171875,13.3984375,13.484375,13.8984375,14.3828125,16.992188,17.695312,17.539062,17.445312,17.445312,17.484375,17.460938,17.359375
9706,2021-08-25 03:30:00,3516,13.2734375,13.03125,12.9765625,13.0078125,13.0078125,13.2421875,13.3671875,13.7734375,14.2578125,16.90625,17.671875,17.546875,17.453125,17.445312,17.484375,17.460938,17.367188
9707,2021-08-25 03:45:00,3510,13.15625,12.921875,12.875,12.8984375,12.8984375,13.140625,13.2578125,13.6875,14.1796875,16.835938,17.640625,17.554688,17.453125,17.445312,17.476562,17.460938,17.359375
9708,2021-08-25 04:00:00,3522,13.1015625,12.8984375,12.8515625,12.8828125,12.875,13.125,13.25,13.671875,14.1484375,16.765625,17.617188,17.554688,17.460938,17.453125,17.484375,17.453125,17.367188
9709,2021-08-25 04:15:00,3510,13.015625,12.7734375,12.71875,12.7578125,12.75,13.0078125,13.109375,13.515625,13.984375,16.710938,17.585938,17.5625,17.460938,17.453125,17.476562,17.453125,17.359375
9710,2021-08-25 04:30:00,3522,12.90625,12.6875,12.6171875,12.671875,12.65625,12.90625,13.03125,13.4609375,13.953125,16.65625,17.5625,17.5625,17.476562,17.453125,17.476562,17.453125,17.351562
9711,2021-08-25 04:45:00,3510,12.78125,12.5703125,12.5,12.5703125,12.5625,12.8125,12.953125,13.3828125,13.8828125,16.601562,17.539062,17.5625,17.476562,17.460938,17.476562,17.453125,17.359375
9712,2021-08-25 05:00:00,3510,12.6953125,12.5546875,12.4921875,12.5625,12.546875,12.765625,12.8828125,13.2578125,13.71875,16.523438,17.507812,17.554688,17.492188,17.460938,17.484375,17.445312,17.351562
9713,2021-08-25 05:15:00,3516,12.6796875,12.546875,12.515625,12.5546875,12.5546875,12.78125,12.9140625,13.328125,13.8046875,16.492188,17.476562,17.554688,17.5,17.453125,17.46875,17.445312,17.359375
9714,2021-08-25 05:30:00,3510,12.640625,12.515625,12.4921875,12.53125,12.53125,12.7265625,12.8359375,13.1875,13.6171875,16.414062,17.453125,17.554688,17.5,17.46875,17.476562,17.4375,17.351562
9715,2021-08-25 05:45:00,3510,12.640625,12.5078125,12.4921875,12.515625,12.5078125,12.7109375,12.796875,13.1484375,13.6015625,16.367188,17.421875,17.554688,17.507812,17.46875,17.476562,17.4375,17.359375
9716,2021-08-25 06:00:00,3510,12.59375,12.46875,12.4453125,12.484375,12.4765625,12.671875,12.78125,13.125,13.5703125,16.335938,17.398438,17.546875,17.507812,17.46875,17.476562,17.445312,17.351562
9717,2021-08-25 06:15:00,3510,12.5859375,12.4453125,12.4296875,12.453125,12.453125,12.640625,12.734375,13.0703125,13.484375,16.289062,17.375,17.539062,17.507812,17.476562,17.476562,17.4375,17.351562
9718,2021-08-25 06:30:00,3510,12.53125,12.3984375,12.375,12.4140625,12.3984375,12.578125,12.6640625,12.9765625,13.421875,16.25,17.351562,17.539062,17.515625,17.476562,17.476562,17.4375,17.351562
9719,2021-08-25 06:45:00,3510,12.5234375,12.40625,12.3984375,12.4296875,12.421875,12.6171875,12.7421875,13.1171875,13.5859375,16.226562,17.320312,17.53125,17.515625,17.476562,17.476562,17.429688,17.351562
9720,2021-08-25 07:00:00,3510,12.484375,12.359375,12.3515625,12.390625,12.390625,12.59375,12.7109375,13.078125,13.5390625,16.203125,17.296875,17.523438,17.523438,17.484375,17.476562,17.4375,17.351562
9721,2021-08-25 07:15:00,3504,12.46875,12.3359375,12.3203125,12.359375,12.359375,12.5625,12.6796875,13.0546875,13.5234375,16.179688,17.265625,17.515625,17.523438,17.484375,17.476562,17.4375,17.351562
9722,2021-08-25 07:30:00,3504,12.4140625,12.296875,12.2890625,12.328125,12.3203125,12.515625,12.625,12.9765625,13.421875,16.140625,17.242188,17.507812,17.523438,17.484375,17.476562,17.4375,17.359375
9723,2021-08-25 07:45:00,3510,12.40625,12.328125,12.3203125,12.3515625,12.3515625,12.5390625,12.65625,12.9765625,13.40625,16.101562,17.226562,17.5,17.53125,17.492188,17.476562,17.4375,17.359375
9724,2021-08-25 08:00:00,3504,12.3671875,12.265625,12.25,12.2890625,12.2734375,12.453125,12.5546875,12.875,13.2890625,16.0625,17.195312,17.484375,17.53125,17.492188,17.476562,17.4375,17.359375
9725,2021-08-25 08:15:00,3504,12.3359375,12.21875,12.203125,12.234375,12.2265625,12.4375,12.5390625,12.890625,13.3046875,16.03125,17.179688,17.484375,17.53125,17.5,17.476562,17.4375,17.359375
9726,2021-08-25 08:30:00,3504,12.296875,12.1640625,12.15625,12.1875,12.1875,12.3828125,12.484375,12.8046875,13.2265625,15.9921875,17.15625,17.476562,17.53125,17.5,17.476562,17.4375,17.359375
9727,2021-08-25 08:45:00,3510,12.2421875,12.1171875,12.1015625,12.140625,12.1328125,12.34375,12.4375,12.7734375,13.1953125,15.9609375,17.132812,17.476562,17.53125,17.5,17.484375,17.4375,17.359375
9728,2021-08-25 09:00:00,3510,12.21875,12.125,12.1171875,12.1484375,12.1484375,12.359375,12.5,12.859375,13.28125,15.9453125,17.101562,17.460938,17.53125,17.5,17.484375,17.4375,17.359375
9729,2021-08-25 09:15:00,3504,12.2109375,12.109375,12.109375,12.1328125,12.1328125,12.328125,12.4453125,12.7890625,13.2109375,15.921875,17.085938,17.453125,17.53125,17.5,17.484375,17.4375,17.359375
9730,2021-08-25 09:30:00,3510,12.1640625,12.046875,12.0390625,12.078125,12.0703125,12.2734375,12.3984375,12.75,13.1796875,15.890625,17.0625,17.445312,17.523438,17.507812,17.484375,17.4375,17.359375
9731,2021-08-25 09:45:00,3504,12.125,12.0078125,12.015625,12.03125,12.03125,12.234375,12.34375,12.6796875,13.0703125,15.859375,17.046875,17.429688,17.523438,17.507812,17.492188,17.4375,17.359375
9732,2021-08-25 10:00:00,3504,12.1015625,12.0078125,12.0078125,12.0390625,12.03125,12.234375,12.3359375,12.671875,13.0859375,15.8359375,17.023438,17.414062,17.523438,17.507812,17.484375,17.4375,17.359375
9733,2021-08-25 10:15:00,3510,12.1015625,12.03125,12.0390625,12.0625,12.0703125,12.265625,12.390625,12.75,13.171875,15.8203125,17.0,17.40625,17.523438,17.515625,17.484375,17.4375,17.359375
9734,2021-08-25 10:30:00,3504,12.09375,12.0078125,12.0078125,12.0390625,12.0390625,12.2265625,12.34375,12.703125,13.1484375,15.8046875,16.984375,17.398438,17.523438,17.515625,17.484375,17.4375,17.359375
9735,2021-08-25 10:45:00,3504,12.0703125,11.953125,11.9609375,11.984375,11.9765625,12.1796875,12.3046875,12.65625,13.109375,15.78125,16.960938,17.390625,17.523438,17.515625,17.484375,17.4375,17.359375
9736,2021-08-25 11:00:00,3498,12.046875,11.9375,11.9453125,11.96875,11.9765625,12.1640625,12.2890625,12.6484375,13.09375,15.7578125,16.945312,17.375,17.515625,17.507812,17.492188,17.4375,17.359375
9737,2021-08-25 11:15:00,3504,12.0,11.8828125,11.8828125,11.9140625,11.9140625,12.109375,12.2265625,12.5859375,13.015625,15.7265625,16.921875,17.367188,17.515625,17.515625,17.492188,17.445312,17.359375
9738,2021-08-25 11:30:00,3504,11.984375,11.9140625,11.9140625,11.9375,11.9453125,12.109375,12.21875,12.5546875,12.96875,15.6953125,16.90625,17.351562,17.515625,17.515625,17.492188,17.4375,17.359375
9739,2021-08-25 11:45:00,3504,11.9765625,11.859375,11.859375,11.8828125,11.875,12.078125,12.171875,12.5234375,12.953125,15.6796875,16.890625,17.34375,17.507812,17.515625,17.492188,17.445312,17.359375
9740,2021-08-25 12:00:00,3504,11.8984375,11.765625,11.765625,11.796875,11.796875,12.0078125,12.15625,12.5703125,13.1328125,15.6640625,16.867188,17.335938,17.5,17.515625,17.492188,17.4375,17.359375
9741,2021-08-25 12:15:00,3504,11.8515625,11.765625,11.7734375,11.8203125,11.8203125,12.0546875,12.1953125,12.578125,13.0859375,15.6640625,16.851562,17.328125,17.5,17.523438,17.492188,17.4375,17.359375
9742,2021-08-25 12:30:00,3504,11.8359375,11.7890625,11.7890625,11.828125,11.8359375,12.0625,12.203125,12.578125,13.0234375,15.6328125,16.828125,17.3125,17.492188,17.507812,17.492188,17.4375,17.359375
9743,2021-08-25 12:45:00,3498,11.78125,11.71875,11.7265625,11.78125,11.7734375,11.9921875,12.09375,12.453125,12.8984375,15.6015625,16.8125,17.296875,17.492188,17.515625,17.5,17.4375,17.359375
9744,2021-08-25 13:00:00,3504,11.7265625,11.65625,11.65625,11.6875,11.6875,11.890625,11.984375,12.3125,12.6953125,15.546875,16.796875,17.289062,17.484375,17.507812,17.492188,17.445312,17.359375
9745,2021-08-25 13:15:00,3498,11.65625,11.5859375,11.5859375,11.625,11.6171875,11.8515625,11.9453125,12.28125,12.6875,15.515625,16.773438,17.28125,17.476562,17.515625,17.492188,17.4375,17.359375
9746,2021-08-25 13:30:00,3498,11.625,11.578125,11.5859375,11.625,11.6171875,11.84375,11.9453125,12.2890625,12.703125,15.4921875,16.765625,17.273438,17.476562,17.507812,17.492188,17.4375,17.351562
9747,2021-08-25 13:45:00,3498,11.625,11.5859375,11.59375,11.625,11.6328125,11.8515625,11.9765625,12.3359375,12.78125,15.4921875,16.742188,17.257812,17.46875,17.515625,17.5,17.445312,17.351562
9748,2021-08-25 14:00:00,3504,11.6171875,11.59375,11.6171875,11.640625,11.6484375,11.890625,12.0078125,12.359375,12.7734375,15.46875,16.726562,17.242188,17.46875,17.507812,17.492188,17.445312,17.351562
9749,2021-08-25 14:15:00,3510,11.640625,11.6640625,11.6875,11.7265625,11.7421875,11.9921875,12.1328125,12.5,12.90625,15.46875,16.703125,17.234375,17.460938,17.507812,17.492188,17.4375,17.351562
9750,2021-08-25 14:30:00,3498,11.640625,11.5859375,11.6171875,11.6171875,11.6484375,11.9296875,12.0546875,12.4453125,12.8671875,15.46875,16.6875,17.21875,17.453125,17.5,17.492188,17.4375,17.351562
9751,2021-08-25 14:45:00,3498,11.6796875,11.6484375,11.6796875,11.6640625,11.703125,11.984375,12.109375,12.515625,12.9453125,15.46875,16.671875,17.210938,17.445312,17.5,17.492188,17.4375,17.34375
9752,2021-08-25 15:00:00,3504,11.75,11.7734375,11.8125,11.796875,11.84375,12.09375,12.2265625,12.5859375,12.953125,15.4609375,16.648438,17.195312,17.445312,17.5,17.492188,17.4375,17.34375
9753,2021-08-25 15:15:00,3498,11.859375,11.8671875,11.9375,11.8828125,11.96875,12.25,12.4375,12.7890625,13.125,15.4609375,16.640625,17.195312,17.4375,17.492188,17.492188,17.4375,17.351562
9754,2021-08-25 15:30:00,3504,12.0625,12.1171875,12.203125,12.1171875,12.2421875,12.46875,12.671875,13.015625,13.359375,15.5,16.625,17.171875,17.421875,17.492188,17.492188,17.4375,17.34375
9755,2021-08-25 15:45:00,3504,12.3359375,12.28125,12.3671875,12.1640625,12.3203125,12.5390625,12.703125,13.0625,13.375,15.53125,16.609375,17.164062,17.421875,17.492188,17.492188,17.4375,17.34375
9756,2021-08-25 16:00:00,3498,12.671875,12.5625,12.6484375,12.40625,12.5859375,12.7421875,12.9453125,13.2734375,13.59375,15.5703125,16.59375,17.15625,17.414062,17.492188,17.492188,17.4375,17.34375
9757,2021-08-25 16:15:00,3504,13.015625,12.8828125,13.0078125,12.671875,12.890625,13.03125,13.2109375,13.5390625,13.8125,15.625,16.578125,17.132812,17.40625,17.492188,17.484375,17.4375,17.335938
9758,2021-08-25 16:30:00,3498,13.4453125,13.40625,13.5703125,13.2109375,13.5,13.6015625,13.8203125,14.09375,14.2734375,15.6796875,16.570312,17.125,17.398438,17.484375,17.484375,17.4375,17.335938
9759,2021-08-25 16:45:00,3498,13.9140625,13.734375,13.890625,13.4296875,13.75,13.7265625,14.03125,14.2421875,14.390625,15.7421875,16.5625,17.109375,17.390625,17.476562,17.484375,17.429688,17.335938
9760,2021-08-25 17:00:00,3498,14.5703125,14.4609375,14.6953125,14.1171875,14.5625,14.4765625,14.8671875,15.046875,15.1171875,15.8671875,16.554688,17.101562,17.382812,17.476562,17.484375,17.421875,17.328125
9761,2021-08-25 17:15:00,3498,15.3671875,15.1953125,15.453125,14.7578125,15.203125,15.09375,15.453125,15.578125,15.53125,15.984375,16.554688,17.09375,17.375,17.46875,17.484375,17.429688,17.328125
9762,2021-08-25 17:30:00,3498,16.046875,15.7109375,15.984375,15.3203125,15.796875,15.765625,16.210938,16.390625,16.304688,16.148438,16.546875,17.085938,17.375,17.46875,17.476562,17.421875,17.320312
9763,2021-08-25 17:45:00,3504,17.054688,16.867188,17.101562,16.351562,16.757812,16.585938,16.898438,17.046875,16.945312,16.328125,16.546875,17.070312,17.367188,17.460938,17.476562,17.421875,17.328125
9764,2021-08-25 18:00:00,3504,18.648438,17.914062,18.164062,17.296875,17.585938,17.796875,18.054688,18.429688,18.34375,16.640625,16.554688,17.054688,17.351562,17.460938,17.476562,17.421875,17.320312
9765,2021-08-25 18:15:00,3498,21.664062,21.84375,21.992188,21.054688,20.960938,20.664062,21.039062,21.117188,20.664062,17.039062,16.570312,17.046875,17.351562,17.453125,17.476562,17.421875,17.3125
9766,2021-08-25 18:30:00,3498,23.570312,21.617188,21.6875,20.6875,20.226562,20.820312,20.570312,21.320312,21.234375,17.484375,16.585938,17.039062,17.34375,17.445312,17.46875,17.414062,17.3125
9767,2021-08-25 18:45:00,3504,22.921875,20.664062,20.59375,19.578125,19.421875,19.648438,19.734375,20.234375,20.195312,17.507812,16.609375,17.03125,17.328125,17.445312,17.460938,17.414062,17.3125
9768,2021-08-25 17:30:00,3498,16.046875,15.7109375,15.984375,15.3203125,15.796875,15.765625,16.210938,16.390625,16.304688,16.148438,16.546875,17.085938,17.375,17.46875,17.476562,17.421875,17.320312
9769,2021-08-25 17:45:00,3504,17.054688,16.867188,17.101562,16.351562,16.757812,16.585938,16.898438,17.046875,16.945312,16.328125,16.546875,17.070312,17.367188,17.460938,17.476562,17.421875,17.328125
9770,2021-08-25 18:00:00,3504,18.648438,17.914062,18.164062,17.296875,17.585938,17.796875,18.054688,18.429688,18.34375,16.640625,16.554688,17.054688,17.351562,17.460938,17.476562,17.421875,17.320312
9771,2021-08-25 18:15:00,3498,21.664062,21.84375,21.992188,21.054688,20.960938,20.664062,21.039062,21.117188,20.664062,17.039062,16.570312,17.046875,17.351562,17.453125,17.476562,17.421875,17.3125
9772,2021-08-25 18:30:00,3498,23.570312,21.617188,21.6875,20.6875,20.226562,20.820312,20.570312,21.320312,21.234375,17.484375,16.585938,17.039062,17.34375,17.445312,17.46875,17.414062,17.3125
9773,2021-08-25 18:45:00,3504,22.921875,20.664062,20.59375,19.578125,19.421875,19.648438,19.734375,20.234375,20.195312,17.507812,16.609375,17.03125,17.328125,17.445312,17.460938,17.414062,17.3125
9774,2021-08-25 19:00:00,3504,25.195312,24.421875,24.03125,23.523438,21.9375,22.1875,22.335938,22.53125,22.203125,17.804688,16.640625,17.023438,17.328125,17.445312,17.46875,17.40625,17.304688
9775,2021-08-25 19:15:00,3498,25.890625,23.742188,23.609375,22.554688,21.3125,21.59375,21.671875,22.109375,21.921875,18.015625,16.679688,17.023438,17.3125,17.4375,17.460938,17.414062,17.304688
9776,2021-08-25 19:30:00,3504,26.460938,24.34375,24.53125,22.875,22.140625,22.320312,22.71875,23.289062,23.101562,18.304688,16.726562,17.015625,17.3125,17.4375,17.460938,17.40625,17.304688
9777,2021-08-25 19:45:00,3510,27.226562,25.101562,25.460938,24.054688,23.125,23.78125,24.59375,25.203125,24.882812,18.765625,16.773438,17.015625,17.304688,17.429688,17.453125,17.40625,17.296875
9778,2021-08-25 20:00:00,3510,27.820312,24.59375,24.859375,23.101562,22.40625,23.34375,23.9375,25.09375,24.421875,18.96875,16.835938,17.015625,17.304688,17.429688,17.453125,17.398438,17.296875
9779,2021-08-25 20:15:00,3510,27.867188,25.5,25.703125,24.21875,24.234375,25.273438,27.015625,27.78125,27.070312,19.421875,16.890625,17.023438,17.289062,17.414062,17.453125,17.398438,17.296875
9780,2021-08-25 20:30:00,3522,27.859375,26.140625,26.710938,24.195312,24.609375,25.734375,27.101562,27.726562,27.054688,19.765625,16.953125,17.023438,17.289062,17.414062,17.445312,17.398438,17.289062
9781,2021-08-25 20:45:00,3522,28.078125,26.164062,26.726562,24.203125,25.070312,27.140625,27.960938,28.554688,27.976562,20.117188,17.023438,17.03125,17.28125,17.40625,17.4375,17.398438,17.28125
9782,2021-08-25 21:00:00,3522,27.859375,25.8125,25.929688,23.734375,24.46875,26.125,26.96875,27.429688,27.007812,20.164062,17.109375,17.039062,17.273438,17.398438,17.4375,17.390625,17.273438
9783,2021-08-25 21:15:00,3522,27.585938,25.304688,24.890625,23.6875,24.898438,26.25,27.414062,27.695312,27.414062,20.382812,17.195312,17.046875,17.265625,17.390625,17.429688,17.390625,17.273438
9784,2021-08-25 21:30:00,3528,27.210938,25.0625,24.179688,23.640625,25.140625,26.445312,27.070312,27.351562,27.117188,20.539062,17.28125,17.0625,17.265625,17.382812,17.421875,17.382812,17.273438
9785,2021-08-25 21:45:00,3516,27.125,24.3125,23.53125,23.25,24.867188,26.3125,26.5,26.53125,26.257812,20.523438,17.367188,17.078125,17.265625,17.390625,17.421875,17.382812,17.265625
9786,2021-08-25 22:00:00,3522,26.507812,23.203125,22.78125,22.523438,24.195312,26.070312,25.742188,26.226562,25.984375,20.460938,17.453125,17.09375,17.257812,17.382812,17.421875,17.375,17.257812
9787,2021-08-25 22:15:00,3522,26.265625,24.382812,24.570312,24.679688,26.515625,27.992188,27.695312,27.984375,27.5,20.726562,17.539062,17.117188,17.257812,17.375,17.421875,17.367188,17.257812
9788,2021-08-25 22:30:00,3522,26.320312,24.328125,24.867188,24.453125,26.054688,27.570312,26.96875,27.234375,26.71875,20.789062,17.625,17.148438,17.257812,17.367188,17.421875,17.367188,17.25
9789,2021-08-25 22:45:00,3522,25.929688,24.039062,25.046875,24.382812,26.148438,26.875,26.460938,26.828125,26.023438,20.6875,17.710938,17.171875,17.257812,17.359375,17.414062,17.367188,17.25
9790,2021-08-25 23:00:00,3528,24.304688,21.484375,22.257812,21.578125,22.34375,23.5,22.570312,23.25,23.28125,20.429688,17.789062,17.203125,17.257812,17.359375,17.40625,17.367188,17.242188
9791,2021-08-25 23:15:00,3528,21.078125,18.960938,18.710938,18.859375,19.023438,19.554688,19.460938,19.984375,20.375,19.804688,17.851562,17.226562,17.257812,17.351562,17.40625,17.359375,17.242188
9792,2021-08-25 23:30:00,3522,19.390625,17.96875,17.492188,17.789062,17.648438,18.210938,18.179688,18.6875,19.085938,19.367188,17.921875,17.25,17.257812,17.351562,17.398438,17.351562,17.234375
9793,2021-08-25 23:45:00,3522,18.179688,17.1875,16.835938,17.0625,16.9375,17.359375,17.328125,17.765625,18.1875,19.03125,17.96875,17.289062,17.273438,17.351562,17.398438,17.351562,17.234375
9794,2021-08-26 00:00:00,3528,17.414062,16.867188,16.46875,16.773438,16.609375,16.929688,16.96875,17.335938,17.710938,18.773438,18.0,17.320312,17.265625,17.34375,17.390625,17.34375,17.226562
9795,2021-08-26 00:15:00,3528,16.875,16.289062,15.8203125,16.1875,15.9453125,16.351562,16.335938,16.75,17.164062,18.546875,18.015625,17.351562,17.273438,17.34375,17.390625,17.34375,17.226562
9796,2021-08-26 00:30:00,3522,16.289062,15.796875,15.4375,15.7421875,15.5546875,15.9453125,15.9609375,16.351562,16.757812,18.359375,18.023438,17.375,17.28125,17.34375,17.382812,17.335938,17.226562
9797,2021-08-26 00:45:00,3528,15.7734375,15.3359375,14.8828125,15.265625,15.0078125,15.4375,15.46875,15.921875,16.367188,18.171875,18.015625,17.40625,17.289062,17.335938,17.375,17.328125,17.21875
9798,2021-08-26 01:00:00,3528,15.328125,14.9453125,14.515625,14.875,14.6015625,15.03125,15.0859375,15.578125,16.03125,17.992188,18.007812,17.429688,17.304688,17.335938,17.367188,17.335938,17.21875
9799,2021-08-26 01:15:00,3522,15.0078125,14.734375,14.3125,14.6796875,14.3984375,14.7734375,14.828125,15.296875,15.75,17.835938,17.984375,17.453125,17.304688,17.335938,17.367188,17.328125,17.21875
9800,2021-08-26 01:30:00,3528,14.8046875,14.4140625,14.0234375,14.3125,13.9375,14.375,14.4765625,15.03125,15.4140625,17.632812,17.96875,17.476562,17.3125,17.335938,17.367188,17.320312,17.203125
9801,2021-08-26 01:45:00,3522,14.375,13.8984375,13.5,13.8515625,13.578125,13.9609375,13.984375,14.5,14.9296875,17.484375,17.945312,17.5,17.320312,17.328125,17.359375,17.320312,17.203125
9802,2021-08-26 02:00:00,3528,14.046875,13.6015625,13.1484375,13.4921875,13.1640625,13.5625,13.59375,14.1171875,14.6171875,17.359375,17.914062,17.507812,17.335938,17.335938,17.359375,17.3125,17.210938
9803,2021-08-26 02:15:00,3522,13.6796875,13.265625,12.71875,13.0625,12.8046875,13.2265625,13.2265625,13.7109375,14.2265625,17.226562,17.890625,17.523438,17.34375,17.335938,17.351562,17.3125,17.203125
9804,2021-08-26 02:30:00,3522,13.25,12.796875,12.2578125,12.6015625,12.3671875,12.78125,12.8203125,13.3046875,13.84375,17.078125,17.859375,17.539062,17.351562,17.335938,17.351562,17.304688,17.203125
9805,2021-08-26 02:45:00,3522,12.796875,12.3125,11.75,12.109375,11.9609375,12.25,12.3984375,12.8671875,13.359375,16.890625,17.820312,17.546875,17.359375,17.335938,17.351562,17.304688,17.195312
9806,2021-08-26 03:00:00,3522,12.3125,11.953125,11.484375,11.8203125,11.703125,11.8984375,11.9453125,12.34375,12.875,16.734375,17.789062,17.554688,17.375,17.335938,17.34375,17.304688,17.203125
9807,2021-08-26 03:15:00,3522,11.953125,11.8203125,11.453125,11.7890625,11.7109375,11.8671875,11.9453125,12.234375,12.703125,16.5625,17.75,17.5625,17.382812,17.335938,17.34375,17.304688,17.203125
9808,2021-08-26 03:30:00,3522,11.6875,11.6484375,11.3203125,11.6953125,11.6484375,11.796875,11.8515625,12.1171875,12.5546875,16.445312,17.703125,17.570312,17.390625,17.34375,17.351562,17.304688,17.203125
9809,2021-08-26 03:45:00,3528,11.578125,11.71875,11.3828125,11.6796875,11.6640625,11.765625,11.828125,12.0625,12.4765625,16.351562,17.664062,17.5625,17.398438,17.335938,17.34375,17.296875,17.203125
9810,2021-08-26 04:00:00,3522,11.4140625,11.3671875,11.0078125,11.3046875,11.1015625,11.4453125,11.609375,11.9453125,12.375,16.257812,17.617188,17.5625,17.40625,17.34375,17.34375,17.296875,17.203125
9811,2021-08-26 04:15:00,3522,11.2421875,11.171875,10.9140625,11.1171875,10.65625,11.0625,11.3984375,11.8046875,12.21875,16.132812,17.570312,17.5625,17.421875,17.351562,17.351562,17.296875,17.203125
9812,2021-08-26 04:30:00,3522,10.9609375,11.0234375,10.71875,11.09375,10.9375,11.1640625,11.3359375,11.7109375,12.1328125,16.046875,17.53125,17.554688,17.421875,17.351562,17.34375,17.289062,17.195312
9813,2021-08-26 04:45:00,3522,10.8046875,10.90625,10.6875,11.1015625,10.84375,11.203125,11.2890625,11.734375,12.2421875,15.953125,17.484375,17.554688,17.429688,17.359375,17.34375,17.296875,17.203125
9814,2021-08-26 05:00:00,3522,10.625,10.8125,10.59375,10.984375,10.8125,11.1484375,11.375,11.7578125,12.2265625,15.9140625,17.4375,17.554688,17.4375,17.359375,17.34375,17.296875,17.195312
9815,2021-08-26 05:15:00,3510,10.5078125,10.71875,10.5546875,11.0078125,10.7890625,11.1484375,11.359375,11.71875,12.1171875,15.8203125,17.398438,17.546875,17.453125,17.367188,17.34375,17.289062,17.203125
9816,2021-08-26 05:30:00,3522,10.3359375,10.484375,10.34375,10.8125,10.6484375,10.984375,11.328125,11.609375,12.0390625,15.7734375,17.351562,17.53125,17.453125,17.367188,17.34375,17.296875,17.203125
9817,2021-08-26 05:45:00,3516,10.0703125,10.203125,9.9765625,10.3828125,10.1875,10.625,10.921875,11.3203125,11.8046875,15.703125,17.3125,17.53125,17.453125,17.375,17.34375,17.289062,17.203125
9818,2021-08-26 06:00:00,3516,10.0,10.2734375,10.078125,10.484375,10.3671875,10.75,10.9765625,11.4609375,11.9921875,15.671875,17.265625,17.515625,17.460938,17.375,17.34375,17.296875,17.210938
9819,2021-08-26 06:15:00,3522,10.125,10.5546875,10.5625,10.9296875,10.75,11.03125,11.21875,11.53125,11.9296875,15.625,17.21875,17.507812,17.46875,17.375,17.351562,17.296875,17.203125
9820,2021-08-26 06:30:00,3516,10.1953125,10.484375,10.421875,10.8203125,10.6484375,11.0859375,11.328125,11.7109375,12.140625,15.5859375,17.179688,17.5,17.46875,17.390625,17.351562,17.296875,17.210938
9821,2021-08-26 06:45:00,3516,9.9140625,10.0703125,9.8984375,10.3359375,10.265625,10.6796875,10.984375,11.2734375,11.7109375,15.5234375,17.140625,17.476562,17.46875,17.390625,17.351562,17.296875,17.210938
9822,2021-08-26 07:00:00,3510,9.84375,10.203125,10.09375,10.484375,10.421875,10.7734375,10.9453125,11.3125,11.75,15.4375,17.085938,17.476562,17.46875,17.398438,17.351562,17.296875,17.210938
9823,2021-08-26 07:15:00,3510,9.8984375,10.1953125,10.0546875,10.4140625,10.265625,10.625,10.7421875,11.15625,11.6640625,15.3984375,17.054688,17.453125,17.476562,17.398438,17.359375,17.296875,17.21875
9824,2021-08-26 07:30:00,3516,9.9375,10.1171875,9.9296875,10.203125,10.0390625,10.3984375,10.5703125,11.046875,11.6015625,15.3671875,17.007812,17.445312,17.476562,17.398438,17.359375,17.296875,17.21875
9825,2021-08-26 07:45:00,3516,10.1640625,10.5859375,10.4453125,10.6796875,10.515625,10.625,10.7421875,11.1015625,11.578125,15.3046875,16.976562,17.421875,17.46875,17.40625,17.359375,17.296875,17.226562
9826,2021-08-26 08:00:00,3510,10.359375,10.703125,10.5234375,10.7890625,10.6328125,10.8515625,11.0625,11.4140625,11.8515625,15.2890625,16.929688,17.414062,17.46875,17.40625,17.367188,17.304688,17.234375
9827,2021-08-26 08:15:00,3510,10.5,10.8828125,10.734375,11.0625,10.890625,11.109375,11.21875,11.515625,11.921875,15.28125,16.898438,17.398438,17.46875,17.40625,17.359375,17.296875,17.226562
9828,2021-08-26 08:30:00,3522,10.6796875,11.109375,11.0078125,11.3125,11.1171875,11.3984375,11.5546875,11.8359375,12.171875,15.28125,16.859375,17.375,17.46875,17.414062,17.367188,17.304688,17.226562
9829,2021-08-26 08:45:00,3504,10.7578125,11.359375,11.234375,11.5625,11.4375,11.625,11.765625,11.9921875,12.2421875,15.2421875,16.828125,17.359375,17.46875,17.421875,17.359375,17.304688,17.234375
9830,2021-08-26 09:00:00,3516,10.71875,11.140625,11.0078125,11.3125,11.1875,11.4296875,11.53125,11.78125,12.140625,15.2578125,16.796875,17.34375,17.460938,17.421875,17.375,17.304688,17.234375
9831,2021-08-26 09:15:00,3510,10.578125,10.8828125,10.7578125,11.140625,11.0390625,11.3125,11.46875,11.6875,12.09375,15.25,16.765625,17.328125,17.460938,17.421875,17.367188,17.3125,17.234375
9832,2021-08-26 09:30:00,3504,10.3828125,10.625,10.46875,10.796875,10.6796875,10.953125,11.0625,11.3984375,11.875,15.21875,16.734375,17.3125,17.453125,17.421875,17.375,17.3125,17.242188
9833,2021-08-26 09:45:00,3510,10.2890625,10.46875,10.2890625,10.609375,10.453125,10.7265625,10.8046875,11.25,11.7890625,15.1640625,16.703125,17.289062,17.453125,17.414062,17.375,17.3125,17.25
9834,2021-08-26 10:00:00,3510,10.296875,10.671875,10.6171875,11.1640625,11.109375,11.2109375,11.2734375,11.5625,11.9765625,15.1484375,16.679688,17.273438,17.445312,17.421875,17.382812,17.3125,17.25
9835,2021-08-26 10:15:00,3504,10.375,10.875,10.71875,11.09375,10.953125,11.1796875,11.3203125,11.5859375,11.9140625,15.1171875,16.648438,17.257812,17.445312,17.421875,17.382812,17.3125,17.25
9836,2021-08-26 10:30:00,3510,10.078125,10.5234375,10.453125,10.8203125,10.53125,10.6796875,10.78125,10.9375,11.2578125,14.9453125,16.625,17.242188,17.4375,17.429688,17.382812,17.3125,17.25
9837,2021-08-26 10:45:00,3510,9.7421875,9.921875,9.8046875,10.1953125,10.0546875,10.203125,10.375,10.6875,11.1328125,14.921875,16.59375,17.226562,17.429688,17.429688,17.382812,17.320312,17.25
9838,2021-08-26 11:00:00,3504,9.734375,10.3046875,10.1328125,10.4765625,10.5390625,10.5390625,10.7890625,11.046875,11.453125,14.890625,16.5625,17.203125,17.421875,17.421875,17.382812,17.320312,17.25
9839,2021-08-26 11:15:00,3504,10.03125,10.7578125,10.609375,10.96875,11.0,11.0546875,11.2265625,11.4453125,11.828125,14.921875,16.53125,17.1875,17.421875,17.429688,17.382812,17.320312,17.257812
9840,2021-08-26 11:30:00,3504,9.8984375,10.296875,10.2109375,10.65625,10.5234375,10.7578125,10.8828125,11.0234375,11.3515625,14.8359375,16.507812,17.171875,17.40625,17.421875,17.390625,17.320312,17.257812
9841,2021-08-26 11:45:00,3504,9.578125,9.828125,9.7265625,10.0703125,9.953125,10.265625,10.4765625,10.7734375,11.15625,14.75,16.476562,17.15625,17.40625,17.421875,17.390625,17.328125,17.257812
9842,2021-08-26 12:00:00,3504,9.3359375,9.484375,9.3671875,9.7734375,9.6484375,9.984375,10.2265625,10.453125,10.8046875,14.6796875,16.453125,17.132812,17.398438,17.429688,17.398438,17.328125,17.265625
9843,2021-08-26 12:15:00,3510,9.1953125,9.5078125,9.3515625,9.796875,9.78125,10.046875,10.3359375,10.46875,10.859375,14.6328125,16.429688,17.125,17.382812,17.421875,17.390625,17.328125,17.265625
9844,2021-08-26 12:30:00,3504,9.046875,9.453125,9.3984375,9.6796875,9.6015625,9.7890625,9.984375,10.125,10.4609375,14.5,16.398438,17.101562,17.382812,17.421875,17.398438,17.328125,17.257812
9845,2021-08-26 12:45:00,3504,9.6328125,10.1796875,10.21875,10.4140625,10.3984375,10.671875,10.9765625,11.25,11.59375,14.640625,16.359375,17.078125,17.375,17.421875,17.398438,17.335938,17.265625
9846,2021-08-26 13:00:00,3504,9.484375,9.8671875,9.921875,10.4453125,10.3515625,10.703125,10.859375,11.0390625,11.3828125,14.6796875,16.328125,17.0625,17.367188,17.421875,17.398438,17.328125,17.265625
9847,2021-08-26 13:15:00,3504,9.3125,9.6484375,9.640625,10.1171875,10.1171875,10.4296875,10.59375,10.703125,11.0078125,14.59375,16.296875,17.046875,17.351562,17.414062,17.398438,17.335938,17.265625
9848,2021-08-26 13:30:00,3504,9.1484375,9.5234375,9.46875,9.875,9.796875,10.078125,10.265625,10.515625,10.8984375,14.453125,16.273438,17.023438,17.34375,17.414062,17.390625,17.335938,17.265625
9849,2021-08-26 13:45:00,3504,9.171875,9.4140625,9.3984375,9.7421875,9.6171875,9.953125,10.1875,10.5625,11.0078125,14.484375,16.242188,17.007812,17.335938,17.414062,17.398438,17.328125,17.265625
9850,2021-08-26 14:00:00,3510,9.5703125,10.0546875,10.1328125,10.296875,10.3046875,10.5234375,10.828125,11.125,11.5078125,14.5625,16.210938,16.984375,17.328125,17.40625,17.398438,17.335938,17.265625
9851,2021-08-26 14:15:00,3504,10.046875,10.4765625,10.5859375,10.8046875,10.7265625,11.109375,11.3984375,11.703125,12.0859375,14.6796875,16.1875,16.96875,17.320312,17.40625,17.390625,17.34375,17.265625
9852,2021-08-26 14:30:00,3498,9.9453125,10.2734375,10.2890625,10.625,10.6171875,11.0078125,11.3828125,11.5625,11.859375,14.6484375,16.164062,16.953125,17.304688,17.40625,17.398438,17.335938,17.265625
9853,2021-08-26 14:45:00,3498,10.6015625,11.2109375,11.28125,11.4375,11.3828125,11.59375,11.828125,11.9921875,12.203125,14.640625,16.132812,16.929688,17.296875,17.398438,17.390625,17.335938,17.265625
9854,2021-08-26 15:00:00,3498,12.0625,12.7734375,12.7890625,12.84375,12.6796875,12.9453125,12.984375,13.1484375,13.2578125,14.8359375,16.117188,16.914062,17.289062,17.398438,17.390625,17.34375,17.265625
9855,2021-08-26 15:15:00,3498,14.3828125,14.703125,14.171875,14.109375,13.9765625,14.1484375,14.09375,14.1328125,14.0859375,15.015625,16.09375,16.890625,17.273438,17.390625,17.390625,17.335938,17.265625
9856,2021-08-26 15:30:00,3492,16.65625,15.96875,15.359375,15.09375,14.8984375,14.765625,14.609375,14.5546875,14.5,15.171875,16.085938,16.875,17.265625,17.382812,17.390625,17.335938,17.265625
9857,2021-08-26 15:45:00,3504,18.710938,17.515625,16.875,16.554688,16.375,15.9140625,15.828125,15.4453125,15.265625,15.3515625,16.070312,16.851562,17.257812,17.382812,17.390625,17.335938,17.257812
9858,2021-08-26 16:00:00,3498,20.375,18.664062,18.101562,17.84375,17.671875,17.273438,17.078125,16.390625,16.007812,15.5625,16.0625,16.835938,17.242188,17.367188,17.382812,17.335938,17.257812
9859,2021-08-26 16:15:00,3504,21.859375,19.789062,19.304688,19.007812,18.789062,18.601562,18.460938,17.789062,17.140625,15.8203125,16.0625,16.820312,17.226562,17.367188,17.382812,17.335938,17.265625
9860,2021-08-26 16:30:00,3504,23.453125,21.585938,21.226562,20.640625,20.320312,20.101562,19.976562,19.21875,18.359375,16.117188,16.070312,16.796875,17.226562,17.359375,17.382812,17.328125,17.265625
9861,2021-08-26 16:45:00,3504,24.867188,22.046875,22.25,21.953125,21.085938,21.289062,20.90625,20.335938,19.617188,16.4375,16.085938,16.78125,17.203125,17.359375,17.375,17.335938,17.257812
9862,2021-08-26 17:00:00,3498,25.640625,24.335938,24.757812,23.921875,23.34375,23.304688,22.90625,22.21875,21.234375,16.84375,16.109375,16.773438,17.195312,17.34375,17.382812,17.335938,17.257812
9863,2021-08-26 17:15:00,3510,27.1875,25.046875,25.117188,24.289062,23.726562,23.914062,23.34375,23.015625,22.34375,17.1875,16.132812,16.757812,17.179688,17.34375,17.375,17.328125,17.265625
9864,2021-08-26 17:30:00,3504,28.625,26.34375,26.445312,25.828125,24.890625,25.242188,24.625,24.414062,23.726562,17.5625,16.171875,16.742188,17.164062,17.335938,17.375,17.335938,17.257812
9865,2021-08-26 17:45:00,3510,30.101562,28.320312,27.96875,28.210938,26.710938,26.929688,26.460938,26.226562,25.40625,18.054688,16.210938,16.734375,17.15625,17.328125,17.375,17.328125,17.25
9866,2021-08-26 18:00:00,3516,31.398438,28.789062,28.65625,28.640625,27.085938,27.5,26.882812,26.859375,26.273438,18.460938,16.265625,16.726562,17.148438,17.328125,17.367188,17.328125,17.25
9867,2021-08-26 18:15:00,3516,32.382812,29.007812,29.773438,29.335938,27.632812,27.960938,27.25,27.40625,26.9375,18.898438,16.328125,16.71875,17.132812,17.320312,17.359375,17.328125,17.25
9868,2021-08-26 18:30:00,3522,33.242188,30.421875,31.039062,30.164062,28.476562,28.492188,28.179688,28.25,27.65625,19.203125,16.40625,16.71875,17.125,17.3125,17.359375,17.320312,17.242188
9869,2021-08-26 18:45:00,3528,33.984375,31.195312,32.210938,30.9375,29.015625,29.546875,29.5625,29.765625,29.078125,19.679688,16.476562,16.71875,17.109375,17.304688,17.359375,17.320312,17.242188
9870,2021-08-26 19:00:00,3528,34.085938,30.71875,31.625,29.835938,28.578125,29.132812,29.054688,29.59375,28.984375,19.9375,16.5625,16.71875,17.101562,17.296875,17.351562,17.320312,17.234375
9871,2021-08-26 19:15:00,3528,34.382812,31.867188,32.234375,31.0,29.898438,30.140625,30.679688,30.976562,30.234375,20.328125,16.65625,16.726562,17.09375,17.289062,17.34375,17.320312,17.234375
9872,2021-08-26 19:30:00,3540,34.648438,32.195312,32.6875,30.703125,29.351562,30.03125,30.726562,30.664062,30.03125,20.59375,16.75,16.734375,17.078125,17.28125,17.34375,17.3125,17.234375
9873,2021-08-26 19:45:00,3540,34.367188,31.25,31.664062,29.773438,28.945312,29.898438,31.023438,31.617188,30.664062,20.929688,16.851562,16.742188,17.070312,17.273438,17.34375,17.3125,17.226562
9874,2021-08-26 20:00:00,3540,34.375,32.625,33.179688,31.132812,31.117188,32.210938,33.671875,33.859375,32.5,21.351562,16.953125,16.757812,17.0625,17.265625,17.328125,17.3125,17.226562
9875,2021-08-26 20:15:00,3540,33.59375,31.273438,31.851562,29.53125,29.578125,31.078125,32.179688,32.875,31.96875,21.617188,17.0625,16.773438,17.0625,17.257812,17.335938,17.304688,17.21875
9876,2021-08-26 20:30:00,3546,32.921875,30.773438,31.070312,28.710938,29.257812,30.671875,32.265625,32.929688,32.179688,21.867188,17.179688,16.804688,17.046875,17.25,17.328125,17.304688,17.226562
9877,2021-08-26 20:45:00,3540,33.46875,32.492188,32.59375,30.773438,31.90625,33.109375,34.234375,33.984375,33.257812,22.195312,17.289062,16.828125,17.046875,17.25,17.320312,17.296875,17.21875
9878,2021-08-26 21:00:00,3540,33.398438,30.851562,30.703125,29.320312,30.742188,32.648438,33.90625,33.8125,33.007812,22.34375,17.40625,16.851562,17.046875,17.242188,17.320312,17.296875,17.21875
9879,2021-08-26 21:15:00,3546,33.09375,30.976562,30.265625,29.9375,31.625,33.125,34.429688,34.148438,33.484375,22.59375,17.53125,16.882812,17.039062,17.234375,17.3125,17.289062,17.210938
9880,2021-08-26 21:30:00,3540,33.46875,30.898438,30.359375,30.25,31.726562,33.453125,34.164062,33.960938,33.1875,22.773438,17.648438,16.914062,17.046875,17.226562,17.304688,17.289062,17.210938
9881,2021-08-26 21:45:00,3546,32.976562,30.6875,30.515625,30.585938,32.320312,33.625,34.0,33.875,33.140625,22.867188,17.773438,16.953125,17.039062,17.21875,17.296875,17.28125,17.210938
9882,2021-08-26 22:00:00,3552,33.28125,31.570312,31.929688,32.226562,34.164062,35.234375,35.070312,34.601562,33.570312,22.984375,17.890625,16.984375,17.046875,17.210938,17.296875,17.28125,17.203125
9883,2021-08-26 22:15:00,3546,32.21875,30.335938,30.867188,30.9375,33.078125,34.0,33.890625,33.9375,33.078125,23.117188,18.007812,17.023438,17.046875,17.203125,17.296875,17.28125,17.203125
9884,2021-08-26 22:30:00,3546,31.664062,29.632812,30.554688,30.492188,32.382812,33.328125,33.382812,33.265625,32.359375,23.09375,18.117188,17.070312,17.054688,17.203125,17.28125,17.273438,17.203125
9885,2021-08-26 22:45:00,3540,30.554688,28.242188,29.484375,28.757812,30.5,31.171875,30.898438,31.242188,30.4375,22.914062,18.234375,17.117188,17.0625,17.195312,17.28125,17.273438,17.203125
9886,2021-08-26 23:00:00,3546,28.59375,25.960938,26.429688,26.210938,26.671875,27.617188,27.054688,27.539062,27.46875,22.453125,18.34375,17.171875,17.070312,17.195312,17.28125,17.265625,17.195312
9887,2021-08-26 23:15:00,3552,25.9375,24.132812,23.820312,24.007812,24.007812,24.414062,24.351562,24.648438,24.796875,21.765625,18.4375,17.210938,17.078125,17.195312,17.273438,17.273438,17.195312
9888,2021-08-26 23:30:00,3546,24.40625,22.960938,22.578125,22.8125,22.554688,23.054688,22.945312,23.265625,23.46875,21.335938,18.515625,17.265625,17.085938,17.1875,17.273438,17.265625,17.203125
9889,2021-08-26 23:45:00,3552,23.15625,22.007812,21.601562,21.835938,21.53125,21.914062,21.851562,22.125,22.335938,20.945312,18.585938,17.3125,17.101562,17.1875,17.265625,17.257812,17.203125
9890,2021-08-27 00:00:00,3552,22.179688,21.070312,20.578125,20.828125,20.507812,20.90625,20.875,21.179688,21.40625,20.609375,18.632812,17.359375,17.117188,17.179688,17.273438,17.257812,17.203125
9891,2021-08-27 00:15:00,3552,21.414062,20.453125,19.984375,20.203125,19.828125,20.148438,20.109375,20.398438,20.664062,20.3125,18.664062,17.40625,17.132812,17.1875,17.257812,17.257812,17.195312
9892,2021-08-27 00:30:00,3546,20.65625,19.757812,19.257812,19.523438,19.148438,19.445312,19.398438,19.679688,19.929688,20.023438,18.679688,17.460938,17.148438,17.1875,17.257812,17.257812,17.203125
9893,2021-08-27 00:45:00,3546,20.054688,19.351562,18.976562,19.296875,18.953125,19.015625,18.890625,19.125,19.40625,19.78125,18.6875,17.5,17.171875,17.179688,17.257812,17.257812,17.203125
9894,2021-08-27 01:00:00,3552,19.523438,18.929688,18.6875,18.898438,18.570312,18.46875,18.421875,18.632812,18.835938,19.523438,18.6875,17.546875,17.179688,17.1875,17.257812,17.257812,17.203125
9895,2021-08-27 01:15:00,3546,19.117188,18.789062,18.46875,18.789062,18.734375,18.554688,18.6875,18.726562,18.796875,19.390625,18.671875,17.585938,17.203125,17.1875,17.25,17.25,17.203125
9896,2021-08-27 01:30:00,3546,18.992188,18.609375,18.257812,18.492188,18.34375,18.40625,18.460938,18.5625,18.640625,19.257812,18.664062,17.625,17.226562,17.1875,17.25,17.242188,17.210938
9897,2021-08-27 01:45:00,3546,18.703125,18.140625,17.773438,18.0,17.804688,17.875,17.9375,18.101562,18.203125,19.070312,18.640625,17.65625,17.242188,17.195312,17.257812,17.25,17.210938
9898,2021-08-27 02:00:00,3540,18.382812,17.820312,17.367188,17.546875,17.28125,17.429688,17.4375,17.609375,17.734375,18.921875,18.617188,17.6875,17.265625,17.195312,17.25,17.25,17.21875
9899,2021-08-27 02:15:00,3546,18.070312,17.515625,17.132812,17.328125,17.03125,17.195312,17.203125,17.328125,17.4375,18.757812,18.59375,17.71875,17.289062,17.203125,17.25,17.242188,17.226562
9900,2021-08-27 02:30:00,3546,18.203125,18.5625,18.257812,18.492188,18.71875,18.265625,18.554688,18.367188,18.148438,18.632812,18.570312,17.742188,17.304688,17.21875,17.25,17.25,17.234375
9901,2021-08-27 02:45:00,3546,18.835938,19.53125,19.421875,19.8125,19.859375,19.648438,19.796875,19.695312,19.515625,18.765625,18.53125,17.765625,17.328125,17.21875,17.25,17.257812,17.234375
9902,2021-08-27 03:00:00,3546,19.078125,19.554688,19.484375,19.796875,19.71875,19.773438,19.8125,19.804688,19.664062,18.8125,18.507812,17.789062,17.34375,17.226562,17.25,17.257812,17.234375
9903,2021-08-27 03:15:00,3546,19.375,19.78125,19.625,19.804688,19.859375,19.90625,20.007812,19.960938,19.765625,18.796875,18.476562,17.804688,17.367188,17.234375,17.25,17.257812,17.242188
9904,2021-08-27 03:30:00,3540,19.773438,20.257812,20.125,20.3125,20.40625,20.414062,20.507812,20.453125,20.226562,18.765625,18.453125,17.820312,17.390625,17.25,17.257812,17.25,17.25
9905,2021-08-27 03:45:00,3546,20.015625,20.546875,20.320312,20.765625,20.78125,20.65625,20.726562,20.710938,20.554688,18.796875,18.429688,17.835938,17.40625,17.25,17.265625,17.257812,17.265625
9906,2021-08-27 04:00:00,3540,20.078125,20.351562,20.21875,20.453125,20.429688,20.507812,20.554688,20.53125,20.359375,18.820312,18.40625,17.851562,17.429688,17.265625,17.265625,17.265625,17.265625
9907,2021-08-27 04:15:00,3540,20.046875,20.1875,20.023438,20.335938,20.257812,20.328125,20.351562,20.328125,20.15625,18.75,18.398438,17.859375,17.453125,17.273438,17.265625,17.265625,17.265625
9908,2021-08-27 04:30:00,3546,19.734375,19.90625,19.757812,20.09375,20.078125,20.054688,20.132812,20.125,20.070312,18.664062,18.375,17.875,17.460938,17.28125,17.273438,17.273438,17.273438
9909,2021-08-27 04:45:00,3546,19.765625,20.109375,19.898438,20.171875,20.234375,20.15625,20.234375,20.171875,19.945312,18.59375,18.359375,17.875,17.484375,17.296875,17.273438,17.273438,17.28125
9910,2021-08-27 05:00:00,3546,20.109375,20.726562,20.53125,20.976562,21.023438,20.796875,20.90625,20.835938,20.609375,18.578125,18.34375,17.890625,17.5,17.3125,17.28125,17.28125,17.296875
9911,2021-08-27 05:15:00,3546,20.1875,20.59375,20.554688,20.960938,20.867188,20.945312,20.976562,21.039062,20.960938,18.65625,18.328125,17.898438,17.515625,17.320312,17.289062,17.289062,17.304688
9912,2021-08-27 05:30:00,3546,19.765625,19.835938,19.6875,20.03125,19.984375,20.054688,20.101562,20.054688,19.828125,18.578125,18.3125,17.90625,17.53125,17.328125,17.289062,17.296875,17.320312
9913,2021-08-27 05:45:00,3540,18.804688,17.945312,17.695312,17.960938,17.632812,17.914062,17.789062,17.867188,17.765625,18.25,18.289062,17.90625,17.546875,17.34375,17.296875,17.296875,17.328125
9914,2021-08-27 06:00:00,3540,17.8125,17.085938,16.703125,16.914062,16.640625,16.726562,16.796875,16.859375,16.851562,18.023438,18.28125,17.921875,17.5625,17.359375,17.304688,17.304688,17.335938
9915,2021-08-27 06:15:00,3546,17.53125,17.492188,17.3125,17.640625,17.609375,17.539062,17.609375,17.554688,17.4375,17.960938,18.257812,17.921875,17.578125,17.359375,17.3125,17.3125,17.351562
9916,2021-08-27 06:30:00,3546,17.460938,17.5625,17.4375,17.757812,17.726562,17.882812,18.476562,19.203125,19.03125,18.117188,18.234375,17.929688,17.59375,17.382812,17.320312,17.320312,17.359375
9917,2021-08-27 06:45:00,3540,17.429688,17.820312,17.609375,17.9375,18.0,17.929688,18.132812,18.140625,18.039062,18.054688,18.21875,17.9375,17.609375,17.390625,17.328125,17.328125,17.367188
9918,2021-08-27 07:00:00,3540,17.671875,18.335938,18.234375,18.617188,18.640625,18.601562,18.65625,18.625,18.554688,18.09375,18.203125,17.9375,17.617188,17.40625,17.335938,17.335938,17.375
9919,2021-08-27 07:15:00,3540,17.578125,17.773438,17.671875,18.015625,17.90625,17.960938,18.03125,18.007812,17.992188,18.054688,18.171875,17.945312,17.632812,17.414062,17.34375,17.335938,17.390625
9920,2021-08-27 07:30:00,3540,17.367188,17.554688,17.492188,17.84375,17.695312,17.804688,17.851562,17.867188,17.859375,18.0,18.15625,17.945312,17.648438,17.429688,17.351562,17.351562,17.390625
9921,2021-08-27 07:45:00,3540,16.9375,16.929688,16.765625,17.125,16.992188,17.039062,17.125,17.148438,17.1875,17.921875,18.132812,17.945312,17.664062,17.445312,17.359375,17.359375,17.40625
9922,2021-08-27 08:00:00,3540,17.007812,17.40625,17.3125,17.632812,17.554688,17.570312,17.648438,17.640625,17.648438,17.898438,18.125,17.953125,17.671875,17.453125,17.367188,17.367188,17.414062
9923,2021-08-27 08:15:00,3534,17.09375,17.53125,17.421875,17.710938,17.664062,17.703125,17.75,17.75,17.71875,17.90625,18.101562,17.953125,17.6875,17.46875,17.382812,17.375,17.429688
9924,2021-08-27 08:30:00,3534,17.140625,17.5,17.398438,17.6875,17.617188,17.648438,17.703125,17.710938,17.671875,17.898438,18.085938,17.953125,17.695312,17.476562,17.390625,17.382812,17.4375
9925,2021-08-27 08:45:00,3540,17.179688,17.46875,17.351562,17.65625,17.578125,17.585938,17.632812,17.640625,17.617188,17.859375,18.070312,17.953125,17.710938,17.492188,17.398438,17.390625,17.453125
9926,2021-08-27 09:00:00,3534,17.296875,17.773438,17.679688,18.039062,18.03125,17.96875,18.039062,18.0,17.953125,17.851562,18.0625,17.953125,17.71875,17.5,17.414062,17.398438,17.460938
9927,2021-08-27 09:15:00,3540,17.4375,17.976562,17.90625,18.273438,18.257812,18.257812,18.296875,18.257812,18.195312,17.875,18.046875,17.960938,17.726562,17.507812,17.421875,17.414062,17.46875
9928,2021-08-27 09:30:00,3528,17.570312,17.976562,17.890625,18.148438,18.085938,18.140625,18.179688,18.15625,18.070312,17.882812,18.039062,17.953125,17.734375,17.523438,17.429688,17.421875,17.484375
9929,2021-08-27 09:45:00,3534,17.679688,18.015625,17.960938,18.210938,18.164062,18.226562,18.257812,18.210938,18.101562,17.867188,18.023438,17.953125,17.742188,17.53125,17.4375,17.429688,17.5
9930,2021-08-27 10:00:00,3534,17.71875,17.960938,17.90625,18.15625,18.0625,18.140625,18.15625,18.140625,18.054688,17.867188,18.007812,17.945312,17.75,17.546875,17.453125,17.445312,17.515625
9931,2021-08-27 10:15:00,3528,17.703125,18.109375,17.992188,18.3125,18.273438,18.265625,18.296875,18.265625,18.171875,17.84375,18.0,17.945312,17.757812,17.554688,17.460938,17.445312,17.523438
9932,2021-08-27 10:30:00,3540,17.71875,18.117188,17.976562,18.296875,18.273438,18.210938,18.257812,18.226562,18.140625,17.84375,17.984375,17.945312,17.773438,17.5625,17.46875,17.460938,17.53125
9933,2021-08-27 10:45:00,3528,17.757812,18.265625,18.101562,18.484375,18.523438,18.375,18.4375,18.367188,18.28125,17.835938,17.976562,17.945312,17.78125,17.578125,17.476562,17.46875,17.546875
9934,2021-08-27 11:00:00,3540,17.9375,18.539062,18.40625,18.804688,18.828125,18.726562,18.78125,18.710938,18.625,17.859375,17.96875,17.945312,17.789062,17.585938,17.484375,17.476562,17.554688
9935,2021-08-27 11:15:00,3534,17.992188,18.273438,18.25,18.585938,18.4375,18.515625,18.484375,18.46875,18.453125,17.882812,17.960938,17.945312,17.789062,17.601562,17.5,17.484375,17.5625
9936,2021-08-27 11:30:00,3528,17.9375,18.328125,18.203125,18.507812,18.476562,18.453125,18.484375,18.429688,18.320312,17.84375,17.945312,17.945312,17.796875,17.609375,17.507812,17.5,17.578125
9937,2021-08-27 11:45:00,3534,17.9375,18.320312,18.1875,18.539062,18.507812,18.476562,18.5,18.46875,18.382812,17.828125,17.945312,17.9375,17.796875,17.617188,17.515625,17.507812,17.59375
9938,2021-08-27 12:00:00,3534,17.78125,18.023438,17.914062,18.25,18.179688,18.1875,18.210938,18.171875,18.085938,17.796875,17.9375,17.9375,17.8125,17.632812,17.523438,17.515625,17.59375
9939,2021-08-27 12:15:00,3528,17.820312,18.34375,18.195312,18.585938,18.617188,18.46875,18.570312,18.492188,18.398438,17.773438,17.929688,17.9375,17.8125,17.632812,17.539062,17.53125,17.609375
9940,2021-08-27 12:30:00,3528,17.992188,18.585938,18.445312,18.835938,18.851562,18.703125,18.789062,18.71875,18.625,17.789062,17.921875,17.9375,17.820312,17.640625,17.554688,17.539062,17.617188
9941,2021-08-27 12:45:00,3528,18.164062,18.734375,18.664062,19.085938,19.015625,18.945312,18.96875,18.9375,18.929688,17.851562,17.914062,17.9375,17.820312,17.65625,17.554688,17.546875,17.625
9942,2021-08-27 13:00:00,3528,18.09375,18.546875,18.429688,18.828125,18.75,18.710938,18.765625,18.734375,18.695312,17.828125,17.90625,17.929688,17.828125,17.671875,17.570312,17.5625,17.640625
9943,2021-08-27 13:15:00,3528,18.109375,18.648438,18.5625,18.992188,18.851562,18.820312,18.882812,18.875,18.875,17.851562,17.898438,17.9375,17.84375,17.671875,17.578125,17.570312,17.648438
9944,2021-08-27 13:30:00,3528,17.960938,18.289062,18.234375,18.5625,18.390625,18.484375,18.523438,18.53125,18.492188,17.828125,17.890625,17.929688,17.835938,17.6875,17.59375,17.578125,17.65625
9945,2021-08-27 13:45:00,3528,17.96875,18.34375,18.273438,18.632812,18.445312,18.429688,18.484375,18.5,18.460938,17.796875,17.882812,17.929688,17.84375,17.6875,17.59375,17.585938,17.671875
9946,2021-08-27 14:00:00,3540,17.867188,18.203125,18.085938,18.367188,18.210938,18.257812,18.320312,18.296875,18.203125,17.78125,17.875,17.929688,17.84375,17.695312,17.601562,17.59375,17.679688
9947,2021-08-27 14:15:00,3522,17.632812,17.804688,17.679688,17.976562,17.796875,17.757812,17.820312,17.789062,17.765625,17.742188,17.867188,17.921875,17.851562,17.710938,17.617188,17.609375,17.695312
9948,2021-08-27 14:30:00,3528,17.742188,18.03125,18.0,18.289062,17.984375,17.984375,18.023438,17.945312,17.835938,17.734375,17.867188,17.921875,17.851562,17.71875,17.625,17.625,17.703125
9949,2021-08-27 14:45:00,3528,18.578125,19.304688,19.21875,19.289062,18.890625,18.757812,18.632812,18.375,18.117188,17.773438,17.859375,17.921875,17.859375,17.726562,17.632812,17.625,17.710938
9950,2021-08-27 15:00:00,3528,20.515625,20.742188,20.75,20.78125,20.304688,20.289062,19.9375,19.523438,19.046875,17.921875,17.859375,17.921875,17.859375,17.726562,17.640625,17.640625,17.71875
9951,2021-08-27 15:15:00,3528,22.210938,22.273438,22.109375,22.109375,21.6875,21.664062,21.382812,20.84375,20.164062,18.132812,17.84375,17.914062,17.867188,17.734375,17.648438,17.648438,17.726562
9952,2021-08-27 15:30:00,3528,23.914062,23.390625,23.203125,23.085938,22.617188,22.726562,22.414062,21.953125,21.257812,18.367188,17.84375,17.914062,17.867188,17.742188,17.664062,17.65625,17.742188
9953,2021-08-27 15:45:00,3528,25.265625,24.40625,24.25,24.203125,23.734375,23.804688,23.445312,22.882812,22.078125,18.59375,17.851562,17.914062,17.867188,17.75,17.671875,17.671875,17.75
9954,2021-08-27 16:00:00,3522,26.585938,25.59375,25.414062,25.398438,24.890625,25.046875,24.757812,24.25,23.421875,18.898438,17.859375,17.914062,17.875,17.757812,17.679688,17.679688,17.757812
9955,2021-08-27 16:15:00,3528,28.320312,27.398438,27.320312,27.257812,26.710938,26.703125,26.445312,25.835938,24.859375,19.257812,17.875,17.914062,17.875,17.765625,17.6875,17.6875,17.765625
9956,2021-08-27 16:30:00,3528,29.492188,28.125,28.007812,27.859375,27.203125,27.429688,27.148438,26.757812,25.914062,19.632812,17.898438,17.914062,17.882812,17.765625,17.695312,17.695312,17.773438
9957,2021-08-27 16:45:00,3528,30.773438,28.742188,29.054688,28.804688,28.265625,28.6875,28.28125,27.914062,27.015625,19.976562,17.921875,17.90625,17.875,17.773438,17.710938,17.703125,17.78125
9958,2021-08-27 17:00:00,3528,31.242188,30.054688,30.28125,30.09375,29.265625,29.8125,29.445312,29.007812,28.078125,20.359375,17.953125,17.914062,17.882812,17.78125,17.710938,17.710938,17.789062
9959,2021-08-27 17:15:00,3540,32.929688,32.117188,32.265625,31.867188,31.171875,31.492188,30.992188,30.453125,29.46875,20.796875,18.007812,17.921875,17.882812,17.78125,17.71875,17.71875,17.789062
9960,2021-08-27 17:30:00,3540,34.929688,33.28125,33.789062,33.539062,32.539062,32.953125,32.289062,31.953125,30.960938,21.328125,18.054688,17.914062,17.882812,17.796875,17.734375,17.734375,17.804688
9961,2021-08-27 17:45:00,3540,34.984375,32.953125,33.085938,33.09375,32.007812,32.367188,31.890625,31.820312,31.125,21.632812,18.125,17.921875,17.882812,17.796875,17.734375,17.734375,17.8125
9962,2021-08-27 18:00:00,3534,35.226562,33.257812,33.40625,33.75,32.367188,32.609375,32.234375,32.179688,31.445312,21.9375,18.203125,17.9375,17.890625,17.796875,17.742188,17.75,17.820312
9963,2021-08-27 18:15:00,3540,35.632812,33.054688,33.640625,33.46875,32.226562,32.515625,32.101562,32.257812,31.710938,22.210938,18.28125,17.9375,17.898438,17.804688,17.75,17.757812,17.828125
9964,2021-08-27 18:30:00,3546,35.640625,33.25,33.890625,33.28125,32.523438,32.585938,32.46875,32.757812,32.140625,22.46875,18.375,17.953125,17.898438,17.8125,17.757812,17.765625,17.835938
9965,2021-08-27 18:45:00,3540,36.242188,34.242188,34.90625,34.054688,33.367188,33.304688,33.335938,33.609375,32.929688,22.804688,18.460938,17.96875,17.90625,17.820312,17.773438,17.773438,17.851562
9966,2021-08-27 19:00:00,3552,36.617188,33.742188,34.609375,33.625,33.132812,33.476562,33.757812,34.476562,33.953125,23.203125,18.5625,17.992188,17.898438,17.820312,17.78125,17.773438,17.851562
9967,2021-08-27 19:15:00,3546,36.367188,33.695312,34.210938,33.195312,33.203125,33.523438,34.265625,35.023438,34.4375,23.53125,18.65625,18.007812,17.90625,17.828125,17.78125,17.78125,17.859375
9968,2021-08-27 19:30:00,3546,36.46875,34.585938,34.882812,33.820312,33.703125,33.867188,34.632812,35.398438,34.875,23.804688,18.765625,18.03125,17.914062,17.835938,17.789062,17.796875,17.867188
9969,2021-08-27 19:45:00,3552,36.601562,35.109375,35.453125,34.289062,33.914062,34.234375,35.171875,35.609375,35.054688,24.046875,18.875,18.0625,17.921875,17.835938,17.789062,17.796875,17.867188
9970,2021-08-27 20:00:00,3552,36.695312,34.492188,35.164062,33.875,33.695312,34.140625,35.273438,36.101562,35.484375,24.3125,18.984375,18.085938,17.921875,17.851562,17.796875,17.804688,17.882812
9971,2021-08-27 20:15:00,3552,37.171875,35.617188,35.835938,34.546875,34.453125,35.25,36.085938,36.5,35.828125,24.546875,19.09375,18.125,17.929688,17.851562,17.804688,17.8125,17.890625
9972,2021-08-27 20:30:00,3552,36.914062,35.171875,35.335938,34.109375,34.257812,35.007812,36.039062,36.703125,36.226562,24.75,19.210938,18.15625,17.9375,17.851562,17.8125,17.828125,17.898438
9973,2021-08-27 20:45:00,3552,36.46875,34.9375,35.171875,33.960938,34.648438,35.40625,36.554688,37.078125,36.65625,25.054688,19.328125,18.195312,17.953125,17.859375,17.8125,17.828125,17.90625
9974,2021-08-27 21:00:00,3564,36.015625,34.265625,34.382812,33.21875,33.898438,34.632812,35.65625,36.085938,35.8125,25.054688,19.445312,18.242188,17.960938,17.859375,17.820312,17.84375,17.914062
9975,2021-08-27 21:15:00,3552,35.640625,33.679688,33.765625,33.179688,34.375,35.257812,36.617188,36.914062,36.5625,25.257812,19.554688,18.273438,17.976562,17.867188,17.835938,17.851562,17.921875
9976,2021-08-27 21:30:00,3558,35.90625,35.015625,34.351562,35.054688,36.398438,36.515625,37.453125,37.179688,36.523438,25.367188,19.671875,18.328125,17.984375,17.875,17.835938,17.859375,17.929688
9977,2021-08-27 21:45:00,3558,36.226562,34.75,34.40625,35.054688,36.625,36.890625,37.453125,37.429688,36.703125,25.632812,19.789062,18.375,18.0,17.882812,17.84375,17.867188,17.9375
9978,2021-08-27 22:00:00,3558,36.28125,34.554688,34.65625,35.390625,37.101562,37.320312,37.757812,37.804688,36.992188,25.78125,19.898438,18.421875,18.015625,17.890625,17.851562,17.875,17.945312
9979,2021-08-27 22:15:00,3564,35.320312,33.375,33.523438,34.046875,35.757812,35.960938,36.53125,36.984375,36.382812,25.804688,20.007812,18.46875,18.03125,17.898438,17.859375,17.875,17.953125
9980,2021-08-27 22:30:00,3564,35.210938,34.304688,34.632812,35.46875,37.289062,36.65625,37.085938,36.695312,35.703125,25.742188,20.117188,18.523438,18.054688,17.90625,17.867188,17.882812,17.960938
9981,2021-08-27 22:45:00,3564,34.328125,33.484375,33.75,34.46875,36.28125,35.0625,35.3125,35.398438,34.5625,25.585938,20.21875,18.570312,18.078125,17.914062,17.875,17.890625,17.96875
9982,2021-08-27 23:00:00,3558,32.921875,31.234375,31.09375,31.445312,31.53125,31.78125,31.640625,31.789062,31.617188,25.15625,20.328125,18.632812,18.09375,17.921875,17.882812,17.898438,17.976562
9983,2021-08-27 23:15:00,3558,30.898438,29.398438,29.046875,29.34375,29.28125,29.476562,29.492188,29.5625,29.46875,24.578125,20.414062,18.6875,18.117188,17.929688,17.890625,17.914062,17.992188
9984,2021-08-27 23:30:00,3564,29.523438,28.53125,28.171875,28.460938,28.3125,28.421875,28.429688,28.4375,28.296875,24.15625,20.492188,18.75,18.140625,17.9375,17.890625,17.914062,18.007812
9985,2021-08-27 23:45:00,3564,28.273438,27.445312,27.054688,27.359375,27.148438,27.242188,27.25,27.234375,27.140625,23.804688,20.5625,18.804688,18.164062,17.953125,17.90625,17.929688,18.015625
9986,2021-08-28 00:00:00,3558,27.414062,26.765625,26.328125,26.671875,26.421875,26.375,26.335938,26.257812,26.140625,23.453125,20.601562,18.859375,18.195312,17.960938,17.914062,17.9375,18.023438
9987,2021-08-28 00:15:00,3564,26.796875,26.304688,25.796875,26.179688,25.875,25.773438,25.757812,25.65625,25.46875,23.09375,20.640625,18.914062,18.226562,17.976562,17.921875,17.945312,18.03125
9988,2021-08-28 00:30:00,3564,26.21875,25.710938,25.179688,25.578125,25.21875,25.164062,25.140625,25.0625,24.867188,22.828125,20.664062,18.960938,18.242188,17.992188,17.929688,17.953125,18.046875
9989,2021-08-28 00:45:00,3558,25.828125,25.5625,25.117188,25.429688,25.0,24.898438,24.789062,24.617188,24.4375,22.640625,20.664062,19.015625,18.273438,18.0,17.9375,17.960938,18.0625
9990,2021-08-28 01:00:00,3564,25.046875,24.359375,23.8125,24.148438,23.820312,23.703125,23.6875,23.664062,23.585938,22.390625,20.664062,19.0625,18.304688,18.015625,17.953125,17.96875,18.078125
9991,2021-08-28 01:15:00,3564,24.5,24.40625,24.023438,24.5,24.445312,24.1875,24.273438,24.15625,23.953125,22.21875,20.664062,19.117188,18.335938,18.03125,17.953125,17.984375,18.085938
9992,2021-08-28 01:30:00,3558,24.242188,24.273438,23.984375,24.429688,24.21875,24.164062,24.203125,24.125,23.929688,22.132812,20.65625,19.15625,18.367188,18.046875,17.96875,17.992188,18.101562
9993,2021-08-28 01:45:00,3564,23.828125,23.882812,23.4375,23.929688,23.851562,23.554688,23.640625,23.546875,23.375,21.929688,20.632812,19.195312,18.398438,18.0625,17.984375,18.0,18.117188
9994,2021-08-28 02:00:00,3552,23.960938,24.304688,23.992188,24.507812,24.390625,24.148438,24.226562,24.09375,23.828125,21.882812,20.617188,19.234375,18.429688,18.078125,17.992188,18.015625,18.125
9995,2021-08-28 02:15:00,3564,24.03125,24.53125,24.25,24.804688,24.71875,24.523438,24.625,24.523438,24.351562,21.8125,20.601562,19.265625,18.453125,18.109375,18.0,18.023438,18.148438
9996,2021-08-28 02:30:00,3564,23.890625,24.226562,23.953125,24.460938,24.3125,24.21875,24.304688,24.242188,24.085938,21.734375,20.585938,19.296875,18.492188,18.109375,18.015625,18.039062,18.164062
9997,2021-08-28 02:45:00,3564,23.742188,23.882812,23.65625,23.976562,23.84375,23.96875,24.039062,24.03125,23.84375,21.632812,20.5625,19.328125,18.523438,18.132812,18.03125,18.046875,18.179688
9998,2021-08-28 03:00:00,3564,23.46875,23.53125,23.257812,23.648438,23.476562,23.546875,23.617188,23.640625,23.515625,21.523438,20.546875,19.351562,18.546875,18.148438,18.039062,18.0625,18.203125
9999,2021-08-28 03:15:00,3564,23.28125,23.398438,23.132812,23.40625,23.289062,23.414062,23.523438,23.585938,23.453125,21.414062,20.515625,19.390625,18.585938,18.171875,18.046875,18.078125,18.210938
10000,2021-08-28 03:30:00,3558,23.304688,23.617188,23.335938,23.726562,23.59375,23.640625,23.71875,23.757812,23.632812,21.375,20.484375,19.40625,18.609375,18.195312,18.070312,18.085938,18.234375
10001,2021-08-28 03:45:00,3546,23.15625,23.554688,23.34375,23.757812,23.625,23.671875,23.75,23.757812,23.648438,21.320312,20.46875,19.429688,18.640625,18.210938,18.085938,18.101562,18.257812
10002,2021-08-28 04:00:00,3552,23.226562,23.554688,23.328125,23.671875,23.484375,23.617188,23.679688,23.734375,23.625,21.304688,20.445312,19.453125,18.671875,18.234375,18.09375,18.117188,18.273438
10003,2021-08-28 04:15:00,3564,23.265625,23.671875,23.46875,23.742188,23.625,23.75,23.835938,23.867188,23.695312,21.257812,20.429688,19.476562,18.703125,18.257812,18.117188,18.132812,18.289062
10004,2021-08-28 04:30:00,3558,23.070312,23.296875,23.070312,23.515625,23.335938,23.367188,23.40625,23.429688,23.351562,21.210938,20.40625,19.492188,18.734375,18.28125,18.132812,18.148438,18.3125
10005,2021-08-28 04:45:00,3564,23.03125,23.40625,23.28125,23.46875,23.414062,23.640625,23.734375,23.796875,23.640625,21.1875,20.382812,19.507812,18.765625,18.304688,18.148438,18.164062,18.335938
10006,2021-08-28 05:00:00,3552,22.875,23.1875,22.984375,23.273438,23.117188,23.265625,23.335938,23.359375,23.21875,21.117188,20.367188,19.523438,18.789062,18.320312,18.164062,18.179688,18.351562
10007,2021-08-28 05:15:00,3558,22.734375,23.09375,22.804688,23.09375,22.976562,23.070312,23.171875,23.1875,23.03125,21.039062,20.34375,19.539062,18.8125,18.34375,18.179688,18.195312,18.375
10008,2021-08-28 05:30:00,3552,22.90625,23.140625,22.984375,23.265625,23.039062,23.234375,23.320312,23.335938,23.109375,21.03125,20.328125,19.546875,18.84375,18.367188,18.203125,18.21875,18.390625
10009,2021-08-28 05:45:00,3552,22.984375,23.195312,23.09375,23.34375,23.125,23.335938,23.40625,23.398438,23.25,21.0,20.304688,19.554688,18.859375,18.398438,18.21875,18.234375,18.40625
10010,2021-08-28 06:00:00,3546,22.835938,23.109375,22.875,23.203125,23.03125,23.148438,23.234375,23.242188,23.03125,20.9375,20.289062,19.570312,18.890625,18.414062,18.234375,18.25,18.4375
10011,2021-08-28 06:15:00,3558,22.796875,23.25,23.03125,23.367188,23.210938,23.273438,23.367188,23.398438,23.28125,20.921875,20.28125,19.585938,18.90625,18.4375,18.25,18.265625,18.453125
10012,2021-08-28 06:30:00,3564,22.796875,23.265625,23.101562,23.453125,23.28125,23.320312,23.398438,23.445312,23.453125,20.976562,20.265625,19.59375,18.9375,18.460938,18.273438,18.289062,18.46875
10013,2021-08-28 06:45:00,3558,22.515625,22.664062,22.546875,22.929688,22.695312,22.75,22.8125,22.828125,22.757812,20.921875,20.25,19.601562,18.953125,18.484375,18.296875,18.304688,18.492188
10014,2021-08-28 07:00:00,3552,22.328125,22.617188,22.445312,22.75,22.570312,22.6875,22.75,22.75,22.585938,20.835938,20.234375,19.609375,18.976562,18.507812,18.3125,18.320312,18.515625
10015,2021-08-28 07:15:00,3546,22.257812,22.53125,22.375,22.6875,22.46875,22.601562,22.640625,22.640625,22.5,20.796875,20.21875,19.625,19.0,18.523438,18.335938,18.34375,18.539062
10016,2021-08-28 07:30:00,3552,22.070312,22.359375,22.1875,22.515625,22.265625,22.382812,22.421875,22.421875,22.320312,20.765625,20.210938,19.625,19.015625,18.554688,18.351562,18.359375,18.5625
10017,2021-08-28 07:45:00,3558,21.71875,21.8125,21.59375,21.84375,21.617188,21.78125,21.84375,21.875,21.757812,20.632812,20.195312,19.640625,19.046875,18.578125,18.375,18.382812,18.578125
10018,2021-08-28 08:00:00,3558,21.609375,21.914062,21.71875,21.984375,21.804688,21.898438,21.992188,21.992188,21.851562,20.585938,20.1875,19.648438,19.0625,18.59375,18.390625,18.398438,18.601562
10019,2021-08-28 08:15:00,3552,21.648438,22.195312,21.945312,22.3125,22.21875,22.15625,22.273438,22.25,22.085938,20.5625,20.171875,19.648438,19.085938,18.617188,18.414062,18.414062,18.625
10020,2021-08-28 08:30:00,3552,21.828125,22.578125,22.507812,22.898438,22.75,22.71875,22.828125,22.8125,22.742188,20.640625,20.164062,19.65625,19.101562,18.640625,18.429688,18.4375,18.648438
10021,2021-08-28 08:45:00,3552,21.710938,22.148438,22.023438,22.367188,22.21875,22.257812,22.34375,22.328125,22.25,20.625,20.148438,19.664062,19.117188,18.664062,18.453125,18.460938,18.664062
10022,2021-08-28 09:00:00,3552,21.632812,22.085938,21.984375,22.359375,22.132812,22.179688,22.242188,22.25,22.203125,20.585938,20.132812,19.671875,19.132812,18.679688,18.46875,18.476562,18.6875
10023,2021-08-28 09:15:00,3564,21.601562,22.195312,22.046875,22.414062,22.257812,22.226562,22.335938,22.304688,22.21875,20.554688,20.117188,19.679688,19.148438,18.703125,18.492188,18.507812,18.710938
10024,2021-08-28 09:30:00,3552,21.65625,22.335938,22.179688,22.625,22.46875,22.375,22.46875,22.4375,22.375,20.570312,20.117188,19.679688,19.171875,18.726562,18.515625,18.515625,18.726562
10025,2021-08-28 09:45:00,3546,21.617188,22.046875,21.90625,22.265625,22.070312,22.117188,22.171875,22.179688,22.085938,20.570312,20.109375,19.6875,19.1875,18.757812,18.53125,18.539062,18.757812
10026,2021-08-28 10:00:00,3546,21.585938,22.046875,21.898438,22.257812,22.070312,22.09375,22.164062,22.164062,22.046875,20.546875,20.09375,19.695312,19.203125,18.765625,18.554688,18.5625,18.78125
10027,2021-08-28 10:15:00,3552,21.648438,22.125,21.96875,22.296875,22.109375,22.179688,22.234375,22.226562,22.09375,20.554688,20.09375,19.695312,19.21875,18.796875,18.578125,18.578125,18.796875
10028,2021-08-28 10:30:00,3546,21.5625,21.875,21.71875,22.007812,21.804688,21.882812,21.929688,21.921875,21.789062,20.523438,20.078125,19.703125,19.234375,18.8125,18.59375,18.601562,18.820312
10029,2021-08-28 10:45:00,3540,21.5625,21.921875,21.828125,22.117188,21.90625,21.992188,22.046875,22.039062,21.890625,20.5,20.070312,19.703125,19.25,18.828125,18.617188,18.625,18.84375
10030,2021-08-28 11:00:00,3546,21.46875,21.78125,21.585938,21.867188,21.703125,21.710938,21.773438,21.71875,21.539062,20.453125,20.0625,19.710938,19.265625,18.84375,18.632812,18.640625,18.859375
10031,2021-08-28 11:15:00,3546,21.585938,22.195312,22.0625,22.453125,22.304688,22.273438,22.351562,22.320312,22.171875,20.453125,20.0625,19.71875,19.28125,18.875,18.65625,18.664062,18.882812
10032,2021-08-28 11:30:00,3546,21.695312,22.289062,22.203125,22.53125,22.367188,22.414062,22.46875,22.460938,22.335938,20.5,20.054688,19.71875,19.296875,18.890625,18.679688,18.679688,18.898438
10033,2021-08-28 11:45:00,3546,21.6875,21.976562,21.859375,22.132812,21.875,22.0625,22.125,22.132812,21.984375,20.484375,20.046875,19.71875,19.304688,18.914062,18.695312,18.703125,18.914062
10034,2021-08-28 12:00:00,3552,21.773438,22.382812,22.304688,22.71875,22.507812,22.460938,22.5,22.5,22.4375,20.5,20.046875,19.726562,19.328125,18.929688,18.71875,18.71875,18.9375
10035,2021-08-28 12:15:00,3546,21.53125,21.695312,21.601562,21.875,21.632812,21.773438,21.8125,21.820312,21.734375,20.460938,20.039062,19.734375,19.335938,18.945312,18.734375,18.734375,18.960938
10036,2021-08-28 12:30:00,3546,21.617188,21.921875,21.859375,22.140625,21.890625,22.054688,22.101562,22.117188,22.054688,20.429688,20.03125,19.734375,19.351562,18.960938,18.757812,18.765625,18.976562
10037,2021-08-28 12:45:00,3546,21.5625,22.039062,21.90625,22.210938,22.039062,22.078125,22.171875,22.15625,22.015625,20.40625,20.023438,19.734375,19.359375,18.984375,18.78125,18.789062,18.992188
10038,2021-08-28 13:00:00,3540,21.523438,21.820312,21.679688,22.015625,21.84375,21.859375,21.9375,21.929688,21.78125,20.382812,20.015625,19.742188,19.375,18.992188,18.796875,18.804688,19.015625
10039,2021-08-28 13:15:00,3540,21.28125,21.578125,21.414062,21.75,21.523438,21.578125,21.65625,21.671875,21.609375,20.335938,20.015625,19.742188,19.382812,19.007812,18.8125,18.828125,19.039062
10040,2021-08-28 13:30:00,3546,21.117188,21.554688,21.382812,21.726562,21.5625,21.585938,21.679688,21.6875,21.65625,20.28125,20.015625,19.75,19.390625,19.03125,18.84375,18.84375,19.054688
10041,2021-08-28 13:45:00,3540,20.898438,20.9375,20.75,21.039062,20.71875,20.929688,20.984375,21.039062,21.039062,20.296875,20.007812,19.75,19.40625,19.046875,18.851562,18.859375,19.070312
10042,2021-08-28 14:00:00,3540,21.085938,21.835938,21.664062,22.070312,21.992188,21.765625,21.898438,21.804688,21.625,20.234375,20.0,19.757812,19.421875,19.070312,18.875,18.882812,19.085938
10043,2021-08-28 14:15:00,3546,21.445312,22.132812,22.046875,22.359375,22.1875,22.15625,22.195312,22.109375,21.875,20.3125,19.992188,19.765625,19.429688,19.078125,18.890625,18.898438,19.109375
10044,2021-08-28 14:30:00,3546,22.125,23.15625,23.09375,23.421875,23.179688,23.007812,23.0,22.757812,22.304688,20.359375,19.976562,19.757812,19.4375,19.101562,18.914062,18.929688,19.125
10045,2021-08-28 14:45:00,3540,23.359375,24.640625,24.476562,24.695312,24.265625,23.929688,23.695312,23.1875,22.570312,20.460938,19.976562,19.765625,19.453125,19.117188,18.929688,18.945312,19.140625
10046,2021-08-28 15:00:00,3546,25.1875,25.75,25.601562,25.757812,25.148438,25.046875,24.4375,23.789062,23.078125,20.617188,19.976562,19.765625,19.460938,19.125,18.953125,18.960938,19.164062
10047,2021-08-28 15:15:00,3546,26.664062,27.046875,26.773438,26.835938,26.210938,26.070312,25.601562,24.9375,24.046875,20.8125,19.96875,19.773438,19.46875,19.148438,18.96875,18.984375,19.179688
10048,2021-08-28 15:30:00,3540,28.851562,29.046875,28.929688,28.851562,28.1875,28.007812,27.546875,26.828125,25.625,21.109375,19.976562,19.773438,19.484375,19.15625,18.984375,19.0,19.195312
10049,2021-08-28 15:45:00,3540,30.210938,29.71875,29.742188,29.640625,29.015625,29.078125,28.546875,27.835938,26.75,21.414062,19.984375,19.773438,19.492188,19.179688,19.0,19.015625,19.210938
10050,2021-08-28 16:00:00,3540,31.5625,31.1875,31.054688,31.125,30.210938,30.289062,29.710938,28.9375,27.859375,21.75,20.0,19.773438,19.5,19.1875,19.015625,19.039062,19.234375
10051,2021-08-28 16:15:00,3540,32.929688,32.453125,32.554688,32.351562,31.179688,31.453125,30.726562,30.023438,28.960938,22.132812,20.015625,19.78125,19.507812,19.203125,19.039062,19.054688,19.25
10052,2021-08-28 16:30:00,3546,33.882812,32.617188,32.671875,32.359375,31.570312,31.851562,31.460938,30.976562,30.007812,22.445312,20.039062,19.78125,19.515625,19.21875,19.046875,19.070312,19.265625
10053,2021-08-28 16:45:00,3546,34.554688,32.84375,32.960938,32.75,32.1875,32.585938,32.265625,31.867188,30.953125,22.796875,20.078125,19.789062,19.53125,19.234375,19.070312,19.078125,19.28125
10054,2021-08-28 17:00:00,3546,35.242188,34.90625,35.1875,34.914062,34.09375,34.367188,33.882812,33.414062,32.289062,23.164062,20.125,19.796875,19.539062,19.242188,19.085938,19.101562,19.289062
10055,2021-08-28 17:15:00,3540,36.875,36.40625,36.875,36.40625,35.429688,35.828125,34.976562,34.421875,33.390625,23.671875,20.171875,19.796875,19.546875,19.257812,19.101562,19.125,19.3125
10056,2021-08-28 17:30:00,3552,37.90625,37.039062,37.421875,36.867188,35.96875,36.148438,35.570312,35.179688,34.257812,24.015625,20.234375,19.8125,19.554688,19.273438,19.117188,19.140625,19.328125
10057,2021-08-28 17:45:00,3552,38.71875,36.335938,36.75,36.0,35.164062,35.726562,35.0625,35.070312,34.429688,24.421875,20.296875,19.820312,19.5625,19.289062,19.132812,19.148438,19.335938
10058,2021-08-28 18:00:00,3552,39.304688,37.765625,38.351562,37.429688,36.382812,36.765625,36.28125,36.171875,35.375,24.757812,20.367188,19.828125,19.570312,19.296875,19.148438,19.171875,19.359375
10059,2021-08-28 18:15:00,3552,40.351562,39.117188,40.375,38.617188,37.570312,37.898438,37.398438,37.210938,36.34375,25.085938,20.453125,19.84375,19.578125,19.3125,19.164062,19.1875,19.382812
10060,2021-08-28 18:30:00,3552,41.59375,40.554688,41.554688,39.84375,38.976562,38.898438,38.617188,38.429688,37.523438,25.398438,20.546875,19.859375,19.585938,19.328125,19.1875,19.203125,19.382812
10061,2021-08-28 18:45:00,3558,41.632812,39.578125,40.765625,38.71875,38.117188,38.617188,38.710938,38.820312,38.101562,25.789062,20.640625,19.875,19.59375,19.335938,19.195312,19.21875,19.40625
10062,2021-08-28 19:00:00,3564,42.507812,40.515625,41.648438,39.359375,38.890625,39.507812,39.703125,39.75,38.773438,26.148438,20.734375,19.914062,19.601562,19.351562,19.210938,19.234375,19.421875
10063,2021-08-28 19:15:00,3564,42.375,40.085938,41.0625,38.960938,38.625,39.375,39.78125,39.835938,39.109375,26.453125,20.84375,19.929688,19.617188,19.359375,19.226562,19.25,19.4375
10064,2021-08-28 19:30:00,3564,42.03125,39.835938,40.5,38.664062,38.445312,39.289062,40.109375,40.414062,39.601562,26.929688,20.945312,19.960938,19.625,19.375,19.242188,19.265625,19.453125
10065,2021-08-28 19:45:00,3564,41.492188,39.835938,39.9375,38.273438,37.96875,38.992188,40.03125,40.367188,39.304688,27.109375,21.0625,19.992188,19.640625,19.390625,19.257812,19.28125,19.46875
10066,2021-08-28 20:00:00,3564,41.289062,39.734375,39.921875,38.132812,38.046875,39.359375,40.421875,40.851562,39.820312,27.40625,21.179688,20.03125,19.648438,19.398438,19.273438,19.296875,19.476562
10067,2021-08-28 20:15:00,3570,40.429688,39.242188,39.578125,37.671875,37.820312,39.28125,40.351562,40.609375,39.765625,27.625,21.304688,20.0625,19.664062,19.40625,19.289062,19.3125,19.492188
10068,2021-08-28 20:30:00,3570,40.429688,39.484375,39.539062,37.757812,38.289062,40.039062,40.726562,40.640625,39.765625,27.789062,21.429688,20.109375,19.679688,19.421875,19.296875,19.328125,19.507812
10069,2021-08-28 20:45:00,3576,39.945312,38.054688,37.695312,36.601562,37.25,39.242188,40.34375,40.664062,39.898438,27.984375,21.546875,20.148438,19.695312,19.4375,19.3125,19.34375,19.523438
10070,2021-08-28 21:00:00,3564,39.367188,37.328125,36.96875,36.289062,37.289062,38.71875,39.445312,39.273438,38.609375,28.0,21.671875,20.195312,19.71875,19.453125,19.328125,19.367188,19.539062
10071,2021-08-28 21:15:00,3576,39.03125,36.820312,36.25,36.507812,37.453125,38.757812,39.804688,39.828125,39.273438,28.09375,21.804688,20.234375,19.726562,19.460938,19.34375,19.375,19.554688
10072,2021-08-28 21:30:00,3576,38.085938,36.117188,35.085938,35.515625,36.671875,37.664062,38.65625,38.789062,38.3125,28.09375,21.921875,20.289062,19.75,19.476562,19.351562,19.390625,19.570312
10073,2021-08-28 21:45:00,3576,38.320312,36.9375,36.640625,37.390625,38.5,39.578125,40.25,40.164062,39.289062,28.257812,22.046875,20.351562,19.773438,19.5,19.375,19.40625,19.585938
10074,2021-08-28 22:00:00,3576,37.976562,35.914062,36.28125,36.726562,37.5625,38.671875,38.789062,38.992188,38.351562,28.195312,22.15625,20.398438,19.796875,19.5,19.390625,19.421875,19.601562
10075,2021-08-28 22:15:00,3570,37.0625,34.8125,35.476562,36.046875,37.3125,37.992188,38.445312,38.804688,38.125,28.1875,22.265625,20.453125,19.8125,19.515625,19.40625,19.4375,19.617188
10076,2021-08-28 22:30:00,3570,36.757812,35.5625,36.296875,36.835938,38.203125,38.664062,39.015625,38.976562,38.007812,28.273438,22.375,20.515625,19.835938,19.53125,19.421875,19.460938,19.632812
10077,2021-08-28 22:45:00,3564,36.21875,34.859375,35.914062,36.609375,37.3125,37.164062,37.570312,37.78125,36.703125,28.148438,22.476562,20.578125,19.867188,19.546875,19.4375,19.476562,19.648438
10078,2021-08-28 23:00:00,3570,33.523438,31.09375,30.914062,31.023438,30.890625,31.53125,31.445312,31.96875,32.265625,27.429688,22.578125,20.632812,19.890625,19.570312,19.453125,19.484375,19.671875
10079,2021-08-28 23:15:00,3570,30.984375,29.429688,29.140625,29.242188,29.046875,29.320312,29.3125,29.570312,29.851562,26.742188,22.664062,20.695312,19.921875,19.578125,19.460938,19.5,19.679688
10080,2021-08-28 23:30:00,3576,29.625,28.703125,28.367188,28.453125,28.148438,28.351562,28.34375,28.476562,28.578125,26.210938,22.734375,20.757812,19.953125,19.601562,19.484375,19.523438,19.703125
10081,2021-08-28 23:45:00,3570,28.460938,27.539062,27.179688,27.257812,26.898438,27.101562,27.0625,27.242188,27.398438,25.765625,22.796875,20.820312,19.984375,19.617188,19.492188,19.53125,19.71875
10082,2021-08-29 00:00:00,3570,27.25,26.328125,25.90625,25.976562,25.609375,25.78125,25.796875,26.015625,26.179688,25.3125,22.828125,20.882812,20.007812,19.632812,19.507812,19.546875,19.742188
10083,2021-08-29 00:15:00,3570,26.25,25.492188,25.039062,25.1875,24.8125,24.84375,24.890625,25.140625,25.304688,24.929688,22.851562,20.945312,20.046875,19.65625,19.523438,19.5625,19.757812
10084,2021-08-29 00:30:00,3582,25.679688,25.265625,24.796875,24.875,24.4375,24.382812,24.375,24.5625,24.695312,24.601562,22.859375,20.992188,20.078125,19.671875,19.539062,19.585938,19.78125
10085,2021-08-29 00:45:00,3576,25.03125,24.492188,24.101562,24.195312,23.734375,23.914062,23.890625,24.085938,24.234375,24.335938,22.851562,21.046875,20.117188,19.695312,19.554688,19.609375,19.796875
10086,2021-08-29 01:00:00,3570,24.21875,23.5,23.015625,23.070312,22.5625,22.742188,22.84375,23.15625,23.273438,24.007812,22.835938,21.09375,20.15625,19.710938,19.578125,19.617188,19.820312
10087,2021-08-29 01:15:00,3570,23.445312,22.8125,22.4375,22.460938,21.953125,22.078125,22.101562,22.460938,22.726562,23.71875,22.820312,21.148438,20.195312,19.734375,19.59375,19.632812,19.84375
10088,2021-08-29 01:30:00,3570,22.5625,21.890625,21.460938,21.515625,21.0,21.210938,21.234375,21.640625,21.9375,23.453125,22.789062,21.1875,20.226562,19.757812,19.609375,19.648438,19.859375
10089,2021-08-29 01:45:00,3576,21.632812,20.773438,20.304688,20.390625,19.890625,20.234375,20.5625,20.90625,21.039062,23.125,22.75,21.234375,20.257812,19.773438,19.625,19.671875,19.882812
10090,2021-08-29 02:00:00,3570,20.835938,20.171875,19.65625,19.703125,19.171875,19.421875,19.742188,20.210938,20.320312,22.773438,22.710938,21.265625,20.296875,19.804688,19.648438,19.6875,19.914062
10091,2021-08-29 02:15:00,3570,20.015625,19.273438,18.820312,18.898438,18.390625,18.632812,18.882812,19.3125,19.476562,22.476562,22.671875,21.296875,20.335938,19.828125,19.664062,19.710938,19.929688
10092,2021-08-29 02:30:00,3576,19.101562,18.125,17.625,17.765625,17.328125,17.585938,17.773438,18.234375,18.5,22.21875,22.625,21.335938,20.375,19.851562,19.6875,19.734375,19.953125
10093,2021-08-29 02:45:00,3570,18.421875,17.820312,17.453125,17.585938,17.15625,17.453125,17.726562,18.0625,18.351562,21.984375,22.5625,21.359375,20.40625,19.875,19.710938,19.75,19.976562
10094,2021-08-29 03:00:00,3570,17.539062,16.601562,16.171875,16.320312,15.8046875,16.242188,16.726562,17.015625,17.15625,21.617188,22.515625,21.382812,20.445312,19.90625,19.726562,19.773438,20.007812
10095,2021-08-29 03:15:00,3570,16.710938,15.875,15.4375,15.6171875,15.25,15.578125,15.8984375,16.335938,16.59375,21.382812,22.453125,21.40625,20.476562,19.929688,19.742188,19.796875,20.03125
10096,2021-08-29 03:30:00,3564,16.226562,15.6796875,15.3046875,15.4921875,15.203125,15.4140625,15.71875,16.148438,16.546875,21.210938,22.382812,21.421875,20.515625,19.960938,19.765625,19.8125,20.054688
10097,2021-08-29 03:45:00,3564,16.101562,15.96875,15.75,15.953125,15.765625,15.7890625,16.0625,16.40625,16.796875,21.0625,22.320312,21.4375,20.546875,19.984375,19.789062,19.835938,20.078125
10098,2021-08-29 04:00:00,3564,16.171875,16.359375,16.179688,16.4375,16.25,16.15625,16.398438,16.671875,16.992188,20.976562,22.25,21.453125,20.578125,20.007812,19.8125,19.851562,20.109375
10099,2021-08-29 04:15:00,3570,16.359375,16.632812,16.46875,16.664062,16.539062,16.546875,16.742188,16.960938,17.226562,20.960938,22.179688,21.460938,20.609375,20.039062,19.835938,19.882812,20.140625
10100,2021-08-29 04:30:00,3570,16.609375,17.023438,16.882812,17.109375,16.898438,16.921875,17.132812,17.3125,17.554688,20.945312,22.117188,21.476562,20.640625,20.070312,19.859375,19.898438,20.164062
10101,2021-08-29 04:45:00,3564,16.742188,16.9375,16.78125,17.046875,16.71875,16.648438,16.859375,17.046875,17.25,20.78125,22.046875,21.476562,20.671875,20.101562,19.882812,19.929688,20.1875
10102,2021-08-29 05:00:00,3564,17.703125,18.53125,18.492188,18.703125,18.539062,18.382812,18.59375,18.625,18.59375,20.875,21.992188,21.476562,20.695312,20.132812,19.90625,19.945312,20.210938
10103,2021-08-29 05:15:00,3564,17.9375,18.515625,18.40625,18.640625,18.5625,18.265625,18.523438,18.429688,18.328125,20.796875,21.929688,21.476562,20.726562,20.15625,19.929688,19.976562,20.242188
10104,2021-08-29 05:30:00,3570,17.664062,17.5,17.34375,17.546875,17.226562,17.328125,17.546875,17.640625,17.734375,20.703125,21.875,21.476562,20.75,20.1875,19.953125,20.0,20.265625
10105,2021-08-29 05:45:00,3564,17.578125,17.867188,17.703125,17.960938,17.804688,17.671875,17.882812,17.921875,18.015625,20.65625,21.828125,21.476562,20.78125,20.21875,19.976562,20.023438,20.296875
10106,2021-08-29 06:00:00,3564,17.53125,17.851562,17.75,17.914062,17.804688,17.84375,17.992188,18.09375,18.171875,20.648438,21.773438,21.46875,20.804688,20.242188,20.0,20.046875,20.320312
10107,2021-08-29 06:15:00,3564,17.59375,17.90625,17.875,18.0,17.9375,17.992188,18.117188,18.210938,18.242188,20.617188,21.734375,21.460938,20.828125,20.273438,20.03125,20.070312,20.351562
10108,2021-08-29 06:30:00,3564,17.984375,18.617188,18.585938,18.796875,18.679688,18.695312,18.835938,18.890625,18.882812,20.617188,21.6875,21.460938,20.84375,20.296875,20.054688,20.09375,20.375
10109,2021-08-29 06:45:00,3564,18.085938,18.617188,18.585938,18.890625,18.773438,18.710938,18.851562,18.914062,18.953125,20.617188,21.640625,21.453125,20.859375,20.328125,20.085938,20.117188,20.40625
10110,2021-08-29 07:00:00,3570,18.117188,18.617188,18.5625,18.851562,18.695312,18.710938,18.898438,19.007812,19.101562,20.601562,21.601562,21.445312,20.890625,20.351562,20.109375,20.148438,20.429688
10111,2021-08-29 07:15:00,3558,17.84375,17.898438,17.804688,18.078125,17.835938,17.929688,18.09375,18.25,18.460938,20.554688,21.554688,21.4375,20.90625,20.382812,20.132812,20.171875,20.460938
10112,2021-08-29 07:30:00,3558,17.703125,18.140625,18.09375,18.414062,18.234375,18.078125,18.296875,18.359375,18.429688,20.46875,21.515625,21.4375,20.921875,20.398438,20.164062,20.203125,20.484375
10113,2021-08-29 07:45:00,3570,17.664062,18.140625,18.085938,18.429688,18.242188,18.109375,18.273438,18.328125,18.367188,20.4375,21.484375,21.414062,20.945312,20.429688,20.179688,20.226562,20.515625
10114,2021-08-29 08:00:00,3564,17.734375,18.195312,18.132812,18.328125,18.171875,18.226562,18.351562,18.453125,18.5,20.421875,21.453125,21.414062,20.960938,20.453125,20.210938,20.25,20.539062
10115,2021-08-29 08:15:00,3564,17.710938,17.976562,17.875,18.039062,17.859375,17.953125,18.09375,18.234375,18.367188,20.398438,21.414062,21.398438,20.976562,20.484375,20.234375,20.273438,20.5625
10116,2021-08-29 08:30:00,3552,17.703125,18.109375,18.023438,18.203125,18.0625,18.132812,18.265625,18.351562,18.382812,20.34375,21.375,21.398438,20.984375,20.5,20.257812,20.304688,20.59375
10117,2021-08-29 08:45:00,3564,17.484375,17.515625,17.382812,17.585938,17.328125,17.578125,17.75,17.914062,18.0625,20.289062,21.351562,21.390625,21.0,20.53125,20.289062,20.320312,20.617188
10118,2021-08-29 09:00:00,3558,16.929688,16.710938,16.59375,16.695312,16.273438,16.632812,16.8125,17.0,17.171875,20.132812,21.3125,21.375,21.015625,20.554688,20.3125,20.351562,20.640625
10119,2021-08-29 09:15:00,3558,16.195312,16.085938,16.179688,16.382812,15.84375,15.875,16.03125,16.359375,16.570312,19.90625,21.289062,21.375,21.023438,20.578125,20.335938,20.375,20.664062
10120,2021-08-29 09:30:00,3564,16.609375,17.179688,17.21875,17.46875,17.21875,17.171875,17.367188,17.46875,17.570312,19.921875,21.25,21.359375,21.03125,20.601562,20.359375,20.398438,20.6875
10121,2021-08-29 09:45:00,3564,16.765625,16.953125,16.890625,17.101562,16.8125,17.0,17.140625,17.25,17.335938,19.875,21.21875,21.351562,21.046875,20.617188,20.390625,20.421875,20.710938
10122,2021-08-29 10:00:00,3552,16.6875,17.179688,17.132812,17.390625,17.179688,17.0,17.179688,17.179688,17.226562,19.796875,21.1875,21.34375,21.054688,20.640625,20.414062,20.453125,20.734375
10123,2021-08-29 10:15:00,3558,16.984375,17.578125,17.546875,17.757812,17.53125,17.382812,17.523438,17.523438,17.5,19.828125,21.15625,21.335938,21.0625,20.65625,20.445312,20.476562,20.765625
10124,2021-08-29 10:30:00,3552,17.304688,17.953125,17.976562,18.171875,17.976562,17.921875,18.085938,18.101562,18.09375,19.9375,21.117188,21.320312,21.078125,20.6875,20.460938,20.5,20.789062
10125,2021-08-29 10:45:00,3546,17.226562,17.4375,17.328125,17.453125,17.140625,17.195312,17.328125,17.40625,17.5,19.84375,21.085938,21.3125,21.085938,20.703125,20.484375,20.523438,20.8125
10126,2021-08-29 11:00:00,3552,17.445312,18.390625,18.40625,18.648438,18.601562,18.34375,18.601562,18.554688,18.515625,19.914062,21.054688,21.296875,21.085938,20.71875,20.507812,20.546875,20.828125
10127,2021-08-29 11:15:00,3564,17.398438,17.789062,17.757812,17.96875,17.726562,17.789062,17.929688,18.03125,18.070312,19.960938,21.023438,21.289062,21.09375,20.734375,20.53125,20.570312,20.851562
10128,2021-08-29 11:30:00,3552,17.578125,18.015625,17.945312,18.070312,17.929688,18.03125,18.140625,18.21875,18.234375,19.929688,21.0,21.28125,21.101562,20.765625,20.554688,20.59375,20.867188
10129,2021-08-29 11:45:00,3552,17.4375,17.390625,17.367188,17.570312,17.335938,17.648438,17.773438,17.851562,17.921875,19.90625,20.984375,21.265625,21.109375,20.78125,20.578125,20.617188,20.898438
10130,2021-08-29 12:00:00,3552,15.890625,15.125,14.9609375,15.1953125,14.9375,15.421875,15.640625,15.7734375,15.9140625,19.59375,20.953125,21.257812,21.117188,20.789062,20.601562,20.648438,20.914062
10131,2021-08-29 12:15:00,3552,14.4453125,13.6875,13.453125,13.6796875,13.4296875,13.9765625,14.2578125,14.3828125,14.6171875,19.335938,20.9375,21.242188,21.117188,20.8125,20.617188,20.664062,20.929688
10132,2021-08-29 12:30:00,3552,13.5859375,13.25,13.078125,13.203125,12.828125,13.28125,13.6796875,13.8828125,14.1796875,19.125,20.90625,21.234375,21.125,20.828125,20.640625,20.679688,20.953125
10133,2021-08-29 12:45:00,3552,13.2890625,13.3828125,13.3359375,13.515625,13.2734375,13.7578125,14.21875,14.34375,14.5234375,19.0,20.875,21.21875,21.125,20.84375,20.671875,20.710938,20.976562
10134,2021-08-29 13:00:00,3552,12.890625,12.9609375,12.9296875,13.1640625,13.03125,13.5703125,13.9921875,14.0390625,14.2109375,18.859375,20.851562,21.203125,21.132812,20.859375,20.679688,20.734375,20.984375
10135,2021-08-29 13:15:00,3552,12.4765625,12.5625,12.609375,12.8203125,12.6796875,13.1328125,13.4765625,13.4765625,13.6328125,18.710938,20.804688,21.195312,21.132812,20.875,20.703125,20.75,21.007812
10136,2021-08-29 13:30:00,3552,12.265625,12.40625,12.3828125,12.625,12.515625,13.109375,13.625,13.609375,13.6953125,18.5625,20.75,21.1875,21.140625,20.890625,20.726562,20.78125,21.023438
10137,2021-08-29 13:45:00,3546,12.0078125,12.2265625,12.2421875,12.515625,12.4453125,12.953125,13.3671875,13.390625,13.5625,18.507812,20.710938,21.179688,21.140625,20.90625,20.75,20.796875,21.039062
10138,2021-08-29 14:00:00,3552,12.03125,12.3984375,12.46875,12.6328125,12.5078125,13.1015625,13.5390625,13.5703125,13.703125,18.40625,20.671875,21.15625,21.140625,20.921875,20.765625,20.820312,21.054688
10139,2021-08-29 14:15:00,3552,12.0703125,12.5703125,12.640625,12.875,12.890625,13.515625,13.9921875,14.0078125,14.03125,18.421875,20.625,21.148438,21.140625,20.929688,20.789062,20.84375,21.078125
10140,2021-08-29 14:30:00,3552,12.46875,13.0625,13.171875,13.3515625,13.1953125,13.8125,14.203125,14.5390625,14.6015625,18.359375,20.570312,21.125,21.148438,20.945312,20.804688,20.851562,21.09375
10141,2021-08-29 14:45:00,3552,13.8125,15.015625,15.1875,15.1953125,15.109375,15.484375,15.4921875,15.5078125,15.53125,18.5625,20.523438,21.109375,21.148438,20.953125,20.820312,20.875,21.109375
10142,2021-08-29 15:00:00,3546,16.171875,16.984375,17.09375,16.9375,16.804688,17.210938,16.953125,16.8125,16.703125,18.8125,20.484375,21.101562,21.148438,20.976562,20.835938,20.898438,21.125
10143,2021-08-29 15:15:00,3546,18.117188,18.0,18.09375,17.929688,17.757812,18.007812,17.773438,17.625,17.539062,19.0625,20.445312,21.078125,21.148438,20.984375,20.859375,20.914062,21.140625
10144,2021-08-29 15:30:00,3546,19.859375,19.203125,19.351562,19.0625,18.804688,19.023438,18.71875,18.507812,18.226562,19.296875,20.421875,21.0625,21.148438,20.992188,20.875,20.9375,21.148438
10145,2021-08-29 15:45:00,3546,21.226562,20.398438,20.445312,20.210938,19.875,20.109375,19.757812,19.445312,19.132812,19.53125,20.398438,21.039062,21.140625,21.0,20.898438,20.953125,21.171875
10146,2021-08-29 16:00:00,3546,22.46875,21.734375,21.8125,21.546875,21.085938,21.335938,21.03125,20.625,20.242188,19.820312,20.375,21.023438,21.140625,21.007812,20.90625,20.96875,21.179688
10147,2021-08-29 16:15:00,3546,24.242188,23.15625,23.328125,22.96875,22.398438,22.921875,22.632812,22.164062,21.578125,20.15625,20.375,21.007812,21.148438,21.03125,20.921875,20.984375,21.1875
10148,2021-08-29 16:30:00,3546,25.171875,23.664062,23.929688,23.367188,22.6875,23.21875,23.140625,23.070312,22.617188,20.476562,20.382812,20.984375,21.140625,21.039062,20.945312,21.007812,21.203125
10149,2021-08-29 16:45:00,3540,26.3125,24.5,24.617188,24.445312,23.929688,24.570312,24.453125,24.320312,23.835938,20.828125,20.390625,20.96875,21.140625,21.039062,20.953125,21.015625,21.21875
10150,2021-08-29 17:00:00,3540,26.65625,25.71875,26.0,25.671875,24.96875,25.726562,25.5,25.507812,25.054688,21.21875,20.414062,20.953125,21.132812,21.054688,20.96875,21.03125,21.226562
10151,2021-08-29 17:15:00,3546,27.6875,26.34375,26.570312,26.054688,25.507812,26.0625,25.734375,25.992188,25.757812,21.570312,20.429688,20.945312,21.125,21.0625,20.984375,21.046875,21.242188
10152,2021-08-29 17:30:00,3552,28.59375,27.132812,27.234375,26.773438,26.117188,26.664062,26.46875,26.921875,26.679688,21.890625,20.46875,20.929688,21.125,21.070312,20.992188,21.0625,21.25
10153,2021-08-29 17:45:00,3546,29.929688,28.671875,28.796875,28.5,27.507812,28.140625,27.914062,28.351562,27.960938,22.28125,20.515625,20.921875,21.117188,21.070312,21.015625,21.078125,21.265625
10154,2021-08-29 18:00:00,3546,30.367188,28.453125,28.460938,28.101562,27.070312,27.710938,27.65625,28.34375,28.117188,22.570312,20.5625,20.914062,21.117188,21.078125,21.023438,21.09375,21.273438
10155,2021-08-29 18:15:00,3540,31.453125,29.984375,30.609375,29.296875,28.335938,29.015625,29.039062,29.820312,29.539062,22.953125,20.625,20.914062,21.117188,21.085938,21.039062,21.109375,21.28125
10156,2021-08-29 18:30:00,3546,32.46875,31.289062,32.226562,30.273438,29.617188,30.148438,30.054688,30.59375,30.109375,23.25,20.6875,20.914062,21.109375,21.09375,21.046875,21.117188,21.296875
10157,2021-08-29 18:45:00,3546,32.5625,30.21875,31.0625,29.046875,28.679688,29.601562,29.90625,31.195312,31.0,23.65625,20.75,20.914062,21.101562,21.101562,21.0625,21.140625,21.296875
10158,2021-08-29 19:00:00,3558,32.960938,30.75,31.390625,29.359375,29.367188,30.070312,30.5,31.742188,31.414062,23.960938,20.835938,20.914062,21.101562,21.101562,21.070312,21.148438,21.320312
10159,2021-08-29 19:15:00,3552,33.835938,31.96875,33.359375,31.101562,31.226562,31.28125,32.109375,32.929688,32.296875,24.328125,20.914062,20.921875,21.101562,21.101562,21.085938,21.15625,21.320312
10160,2021-08-29 19:30:00,3546,34.289062,32.53125,33.445312,31.640625,31.148438,32.15625,33.257812,33.992188,33.476562,24.757812,21.0,20.929688,21.09375,21.109375,21.085938,21.171875,21.328125
10161,2021-08-29 19:45:00,3552,34.703125,33.328125,34.21875,32.65625,32.515625,33.71875,35.546875,36.273438,35.398438,25.234375,21.09375,20.945312,21.09375,21.117188,21.101562,21.1875,21.34375
10162,2021-08-29 20:00:00,3552,35.835938,34.257812,34.65625,32.820312,32.460938,34.390625,35.78125,36.515625,35.554688,25.625,21.1875,20.960938,21.09375,21.117188,21.109375,21.195312,21.351562
10163,2021-08-29 20:15:00,3546,35.21875,32.695312,32.875,31.101562,30.742188,32.742188,33.875,34.984375,34.359375,25.726562,21.289062,20.976562,21.09375,21.125,21.125,21.210938,21.351562
10164,2021-08-29 19:00:00,3558,32.960938,30.75,31.390625,29.359375,29.367188,30.070312,30.5,31.742188,31.414062,23.960938,20.835938,20.914062,21.101562,21.101562,21.070312,21.148438,21.320312
10165,2021-08-29 19:15:00,3552,33.835938,31.96875,33.359375,31.101562,31.226562,31.28125,32.109375,32.929688,32.296875,24.328125,20.914062,20.921875,21.101562,21.101562,21.085938,21.15625,21.320312
10166,2021-08-29 19:30:00,3546,34.289062,32.53125,33.445312,31.640625,31.148438,32.15625,33.257812,33.992188,33.476562,24.757812,21.0,20.929688,21.09375,21.109375,21.085938,21.171875,21.328125
10167,2021-08-29 19:45:00,3552,34.703125,33.328125,34.21875,32.65625,32.515625,33.71875,35.546875,36.273438,35.398438,25.234375,21.09375,20.945312,21.09375,21.117188,21.101562,21.1875,21.34375
10168,2021-08-29 20:00:00,3552,35.835938,34.257812,34.65625,32.820312,32.460938,34.390625,35.78125,36.515625,35.554688,25.625,21.1875,20.960938,21.09375,21.117188,21.109375,21.195312,21.351562
10169,2021-08-29 20:15:00,3546,35.21875,32.695312,32.875,31.101562,30.742188,32.742188,33.875,34.984375,34.359375,25.726562,21.289062,20.976562,21.09375,21.125,21.125,21.210938,21.351562
10170,2021-08-29 20:30:00,3540,34.703125,33.070312,33.234375,31.453125,31.726562,33.726562,35.375,36.007812,35.375,25.929688,21.398438,21.0,21.09375,21.125,21.132812,21.210938,21.359375
10171,2021-08-29 20:45:00,3552,35.117188,33.492188,33.851562,32.023438,32.617188,35.234375,36.265625,36.453125,35.546875,26.195312,21.515625,21.023438,21.101562,21.132812,21.140625,21.226562,21.375
10172,2021-08-29 21:00:00,3552,35.171875,33.34375,33.445312,32.265625,33.046875,35.390625,36.320312,36.242188,35.328125,26.351562,21.625,21.046875,21.101562,21.132812,21.148438,21.234375,21.382812
10173,2021-08-29 21:15:00,3558,34.648438,33.3125,32.664062,32.726562,33.9375,36.117188,37.351562,37.367188,36.734375,26.6875,21.734375,21.078125,21.109375,21.140625,21.164062,21.242188,21.390625
10174,2021-08-29 21:30:00,3558,34.703125,33.507812,32.640625,33.523438,34.226562,36.125,36.632812,36.765625,36.085938,26.90625,21.851562,21.117188,21.117188,21.140625,21.164062,21.265625,21.390625
10175,2021-08-29 21:45:00,3558,33.921875,32.367188,31.640625,32.617188,33.226562,35.195312,35.8125,36.257812,35.617188,26.882812,21.960938,21.148438,21.117188,21.148438,21.179688,21.257812,21.398438
10176,2021-08-29 22:00:00,3552,33.171875,31.039062,31.0,31.757812,32.390625,34.46875,34.648438,34.945312,34.359375,26.703125,22.070312,21.179688,21.132812,21.148438,21.179688,21.273438,21.40625
10177,2021-08-29 22:15:00,3558,32.851562,31.289062,31.59375,32.789062,33.28125,35.554688,35.539062,35.640625,34.796875,26.734375,22.179688,21.226562,21.132812,21.15625,21.195312,21.28125,21.414062
10178,2021-08-29 22:30:00,3552,32.1875,30.367188,30.890625,32.242188,32.375,33.609375,33.648438,33.601562,32.773438,26.5625,22.28125,21.273438,21.140625,21.164062,21.203125,21.289062,21.414062
10179,2021-08-29 22:45:00,3552,31.648438,30.570312,31.28125,32.96875,33.054688,33.734375,33.578125,33.8125,33.15625,26.640625,22.382812,21.3125,21.15625,21.164062,21.210938,21.296875,21.421875
10180,2021-08-29 23:00:00,3552,28.34375,25.757812,25.476562,25.664062,25.539062,26.59375,26.664062,27.515625,27.984375,25.804688,22.460938,21.359375,21.171875,21.171875,21.210938,21.3125,21.429688
10181,2021-08-29 23:15:00,3564,25.890625,24.257812,23.90625,23.984375,23.851562,24.414062,24.664062,25.375,25.867188,25.117188,22.546875,21.40625,21.1875,21.179688,21.21875,21.320312,21.445312
10182,2021-08-29 23:30:00,3564,24.359375,23.21875,22.929688,23.007812,22.867188,23.375,23.625,24.203125,24.609375,24.617188,22.609375,21.453125,21.195312,21.179688,21.226562,21.328125,21.453125
10183,2021-08-29 23:45:00,3564,23.148438,22.40625,22.109375,22.171875,22.015625,22.429688,22.679688,23.203125,23.671875,24.234375,22.648438,21.5,21.210938,21.195312,21.242188,21.335938,21.460938
10184,2021-08-30 00:00:00,3558,22.453125,21.859375,21.601562,21.671875,21.5,21.929688,22.164062,22.695312,23.140625,23.9375,22.671875,21.546875,21.234375,21.195312,21.242188,21.34375,21.46875
10185,2021-08-30 00:15:00,3552,21.851562,21.398438,21.140625,21.203125,21.007812,21.398438,21.625,22.164062,22.585938,23.664062,22.6875,21.585938,21.25,21.203125,21.257812,21.351562,21.476562
10186,2021-08-30 00:30:00,3552,21.4375,21.117188,20.859375,20.929688,20.726562,21.117188,21.328125,21.851562,22.304688,23.46875,22.6875,21.632812,21.273438,21.210938,21.257812,21.359375,21.476562
10187,2021-08-30 00:45:00,3552,20.929688,20.601562,20.320312,20.398438,20.179688,20.5625,20.820312,21.320312,21.710938,23.21875,22.6875,21.679688,21.296875,21.21875,21.265625,21.367188,21.492188
10188,2021-08-30 01:00:00,3552,20.289062,19.859375,19.570312,19.65625,19.429688,19.921875,20.265625,20.890625,21.320312,23.015625,22.664062,21.710938,21.320312,21.234375,21.273438,21.375,21.5
10189,2021-08-30 01:15:00,3552,19.757812,19.445312,19.101562,19.234375,18.992188,19.523438,19.984375,20.460938,20.75,22.78125,22.648438,21.75,21.335938,21.242188,21.28125,21.382812,21.507812
10190,2021-08-30 01:30:00,3558,19.46875,19.226562,18.890625,18.992188,18.710938,19.1875,19.617188,20.09375,20.398438,22.5625,22.625,21.78125,21.359375,21.265625,21.289062,21.390625,21.523438
10191,2021-08-30 01:45:00,3558,19.085938,18.820312,18.539062,18.632812,18.335938,18.78125,19.140625,19.6875,20.039062,22.359375,22.59375,21.804688,21.382812,21.265625,21.304688,21.398438,21.523438
10192,2021-08-30 02:00:00,3552,18.445312,18.03125,17.710938,17.835938,17.546875,18.164062,18.648438,19.1875,19.554688,22.179688,22.5625,21.835938,21.40625,21.28125,21.3125,21.414062,21.539062
10193,2021-08-30 02:15:00,3552,17.828125,17.421875,17.132812,17.257812,16.9375,17.515625,17.9375,18.625,19.085938,21.914062,22.53125,21.859375,21.429688,21.296875,21.320312,21.421875,21.539062
10194,2021-08-30 02:30:00,3558,17.195312,16.820312,16.554688,16.679688,16.335938,16.914062,17.273438,17.9375,18.492188,21.710938,22.484375,21.875,21.453125,21.304688,21.320312,21.429688,21.554688
10195,2021-08-30 02:45:00,3552,16.53125,16.117188,15.8125,16.0,15.71875,16.429688,17.023438,17.492188,17.84375,21.476562,22.453125,21.890625,21.484375,21.320312,21.335938,21.445312,21.5625
10196,2021-08-30 03:00:00,3552,15.96875,15.59375,15.3203125,15.5,15.1796875,15.8515625,16.453125,17.054688,17.445312,21.273438,22.40625,21.90625,21.507812,21.335938,21.34375,21.445312,21.578125
10197,2021-08-30 03:15:00,3552,15.578125,15.3359375,15.0859375,15.25,14.8828125,15.515625,15.984375,16.703125,17.0625,21.023438,22.359375,21.921875,21.523438,21.34375,21.359375,21.453125,21.585938
10198,2021-08-30 03:30:00,3552,15.0078125,14.5546875,14.3359375,14.4765625,14.140625,14.9140625,15.7734375,16.21875,16.367188,20.804688,22.3125,21.9375,21.546875,21.359375,21.367188,21.46875,21.59375
10199,2021-08-30 03:45:00,3546,14.6328125,14.46875,14.296875,14.4921875,14.2578125,14.890625,15.4140625,15.890625,16.273438,20.671875,22.257812,21.9375,21.570312,21.375,21.375,21.476562,21.609375
10200,2021-08-30 04:00:00,3546,14.3359375,14.15625,13.9453125,14.0859375,13.7265625,14.359375,14.9609375,15.6484375,16.03125,20.484375,22.203125,21.945312,21.585938,21.390625,21.390625,21.492188,21.617188
10201,2021-08-30 04:15:00,3552,14.0703125,14.015625,13.8046875,13.953125,13.625,14.296875,14.890625,15.53125,15.9296875,20.382812,22.148438,21.953125,21.609375,21.398438,21.40625,21.5,21.625
10202,2021-08-30 04:30:00,3552,13.84375,13.75,13.59375,13.7734375,13.5,14.1875,14.8203125,15.4140625,15.7734375,20.25,22.085938,21.953125,21.625,21.421875,21.414062,21.507812,21.640625
10203,2021-08-30 04:45:00,3552,13.7265625,13.828125,13.6796875,13.828125,13.5546875,14.1953125,14.71875,15.328125,15.7890625,20.195312,22.03125,21.945312,21.640625,21.445312,21.429688,21.523438,21.65625
10204,2021-08-30 05:00:00,3552,13.5,13.4765625,13.34375,13.515625,13.28125,13.9453125,14.4140625,14.9921875,15.484375,20.039062,21.96875,21.945312,21.65625,21.453125,21.445312,21.53125,21.671875
10205,2021-08-30 05:15:00,3552,13.2890625,13.3359375,13.21875,13.3828125,13.125,13.75,14.21875,14.8359375,15.390625,19.96875,21.914062,21.945312,21.671875,21.46875,21.453125,21.546875,21.679688
10206,2021-08-30 05:30:00,3546,13.0859375,13.140625,13.0390625,13.1875,12.9453125,13.6015625,14.0703125,14.6640625,15.234375,19.867188,21.859375,21.929688,21.6875,21.492188,21.460938,21.554688,21.695312
10207,2021-08-30 05:45:00,3540,12.8828125,12.875,12.71875,12.90625,12.71875,13.4609375,14.1171875,14.6875,15.1796875,19.796875,21.8125,21.929688,21.703125,21.507812,21.476562,21.5625,21.703125
10208,2021-08-30 06:00:00,3546,12.7734375,12.84375,12.75,12.8984375,12.6875,13.359375,13.890625,14.515625,15.0546875,19.671875,21.757812,21.929688,21.710938,21.53125,21.492188,21.578125,21.710938
10209,2021-08-30 06:15:00,3540,12.7578125,12.984375,12.8671875,13.046875,12.84375,13.484375,14.03125,14.5859375,15.171875,19.671875,21.703125,21.914062,21.71875,21.539062,21.507812,21.59375,21.71875
10210,2021-08-30 06:30:00,3546,12.6328125,12.65625,12.546875,12.7421875,12.578125,13.453125,14.21875,14.5859375,14.8671875,19.539062,21.65625,21.898438,21.742188,21.554688,21.515625,21.601562,21.734375
10211,2021-08-30 06:45:00,3546,12.578125,12.75,12.671875,12.8125,12.5625,13.203125,13.7421875,14.21875,14.71875,19.46875,21.601562,21.890625,21.75,21.570312,21.53125,21.609375,21.75
10212,2021-08-30 07:00:00,3546,12.9375,13.2890625,13.1640625,13.34375,13.171875,13.2890625,13.6640625,14.0703125,14.53125,19.398438,21.546875,21.882812,21.757812,21.578125,21.546875,21.625,21.757812
10213,2021-08-30 07:15:00,3546,13.7265625,14.34375,14.1953125,14.5859375,14.3515625,13.9375,14.3203125,14.5546875,14.859375,19.367188,21.5,21.867188,21.773438,21.59375,21.5625,21.632812,21.773438
10214,2021-08-30 07:30:00,3546,14.375,15.0859375,14.9296875,15.40625,15.125,14.5859375,15.015625,15.109375,15.265625,19.335938,21.445312,21.851562,21.78125,21.609375,21.570312,21.648438,21.78125
10215,2021-08-30 07:45:00,3546,14.59375,15.0078125,14.921875,15.265625,15.0625,14.8828125,15.2734375,15.34375,15.46875,19.351562,21.390625,21.84375,21.78125,21.625,21.578125,21.65625,21.796875
10216,2021-08-30 08:00:00,3546,14.6953125,14.96875,14.859375,15.078125,14.7734375,14.8671875,15.2109375,15.3671875,15.5859375,19.335938,21.351562,21.828125,21.789062,21.640625,21.601562,21.671875,21.804688
10217,2021-08-30 08:15:00,3546,14.8359375,15.1015625,14.9375,15.1328125,14.7578125,14.859375,15.1171875,15.328125,15.5546875,19.28125,21.304688,21.8125,21.789062,21.648438,21.609375,21.679688,21.820312
10218,2021-08-30 08:30:00,3546,15.0546875,15.6953125,15.6484375,15.9296875,15.6875,15.5546875,15.859375,15.9296875,16.046875,19.304688,21.265625,21.796875,21.796875,21.664062,21.617188,21.703125,21.835938
10219,2021-08-30 08:45:00,3540,14.3359375,14.1796875,14.0859375,14.3046875,14.0,14.4609375,14.6875,15.015625,15.4140625,19.273438,21.21875,21.773438,21.796875,21.679688,21.640625,21.710938,21.835938
10220,2021-08-30 09:00:00,3546,13.3359375,13.234375,13.109375,13.296875,13.0546875,13.75,14.2109375,14.4140625,14.640625,19.023438,21.1875,21.765625,21.796875,21.6875,21.648438,21.71875,21.851562
10221,2021-08-30 09:15:00,3540,12.6875,12.71875,12.65625,12.875,12.6484375,13.34375,13.796875,14.2421875,14.609375,18.945312,21.148438,21.742188,21.8125,21.695312,21.664062,21.734375,21.859375
10222,2021-08-30 09:30:00,3540,12.234375,12.3046875,12.2265625,12.4296875,12.21875,12.9453125,13.40625,13.921875,14.3671875,18.828125,21.117188,21.726562,21.8125,21.710938,21.671875,21.742188,21.875
10223,2021-08-30 09:45:00,3540,11.9375,12.15625,12.1328125,12.328125,12.1015625,12.7578125,13.171875,13.6640625,14.203125,18.820312,21.070312,21.710938,21.8125,21.71875,21.6875,21.75,21.882812
10224,2021-08-30 10:00:00,3540,11.84375,12.1328125,12.0703125,12.2578125,12.015625,12.7109375,13.296875,13.8359375,14.3515625,18.8125,21.039062,21.695312,21.804688,21.734375,21.695312,21.765625,21.898438
10225,2021-08-30 10:15:00,3540,11.7890625,11.953125,11.921875,12.09375,11.8671875,12.59375,13.1484375,13.6875,14.28125,18.789062,20.992188,21.671875,21.8125,21.742188,21.710938,21.773438,21.898438
10226,2021-08-30 10:30:00,3546,11.4609375,11.625,11.53125,11.765625,11.6015625,12.4375,13.0234375,13.6328125,14.96875,18.734375,20.953125,21.65625,21.8125,21.75,21.71875,21.789062,21.90625
10227,2021-08-30 10:45:00,3546,11.3515625,11.546875,11.5,11.703125,11.515625,12.1875,12.7109375,13.2734375,14.0078125,18.664062,20.90625,21.632812,21.8125,21.757812,21.726562,21.796875,21.921875
10228,2021-08-30 11:00:00,3534,11.9375,13.265625,13.2734375,13.734375,13.5,13.5546875,14.0,14.1796875,14.484375,18.632812,20.875,21.625,21.804688,21.765625,21.742188,21.8125,21.921875
10229,2021-08-30 11:15:00,3534,12.0859375,12.421875,12.453125,12.7109375,12.4609375,13.0234375,13.5,13.7890625,14.2265625,18.671875,20.835938,21.601562,21.804688,21.773438,21.757812,21.820312,21.929688
10230,2021-08-30 11:30:00,3534,12.3125,13.0234375,13.0,13.3046875,13.046875,13.265625,13.671875,13.9609375,14.3828125,18.65625,20.789062,21.578125,21.804688,21.78125,21.765625,21.828125,21.945312
10231,2021-08-30 11:45:00,3546,12.6171875,12.8046875,12.8046875,13.0390625,12.765625,13.2421875,13.578125,14.0546875,14.6328125,18.710938,20.757812,21.5625,21.796875,21.789062,21.773438,21.84375,21.953125
10232,2021-08-30 12:00:00,3528,11.8515625,11.8359375,11.75,11.984375,11.78125,12.359375,12.90625,13.265625,13.7578125,18.507812,20.726562,21.539062,21.796875,21.796875,21.78125,21.851562,21.953125
10233,2021-08-30 12:15:00,3534,11.5859375,11.7890625,11.71875,11.9765625,11.75,12.203125,12.7265625,13.1953125,13.765625,18.460938,20.6875,21.523438,21.796875,21.804688,21.796875,21.859375,21.960938
10234,2021-08-30 12:30:00,3534,12.0546875,12.3671875,12.375,12.609375,12.328125,13.0,13.46875,13.78125,14.1796875,18.445312,20.65625,21.5,21.789062,21.804688,21.796875,21.867188,21.960938
10235,2021-08-30 12:45:00,3540,11.3671875,11.3515625,11.25,11.46875,11.2890625,11.96875,12.5625,12.9921875,13.5078125,18.296875,20.617188,21.476562,21.78125,21.8125,21.8125,21.875,21.976562
10236,2021-08-30 13:00:00,3540,10.78125,10.78125,10.6875,10.9296875,10.890625,11.578125,12.1640625,12.390625,12.796875,18.070312,20.585938,21.453125,21.773438,21.820312,21.820312,21.890625,21.984375
10237,2021-08-30 13:15:00,3534,10.4765625,10.6875,10.59375,10.8515625,10.6875,11.359375,12.0390625,12.359375,12.75,17.96875,20.546875,21.445312,21.765625,21.820312,21.820312,21.890625,21.992188
10238,2021-08-30 13:30:00,3528,10.109375,10.1796875,10.09375,10.328125,10.3671875,11.1953125,11.7265625,11.8125,12.328125,17.859375,20.507812,21.414062,21.765625,21.820312,21.835938,21.90625,21.992188
10239,2021-08-30 13:45:00,3528,9.9296875,10.0625,10.0078125,10.28125,10.4296875,11.34375,11.9375,11.8125,11.9765625,17.742188,20.46875,21.390625,21.75,21.828125,21.84375,21.914062,21.992188
10240,2021-08-30 14:00:00,3528,10.34375,10.8671875,10.921875,11.078125,11.03125,11.5546875,12.0703125,12.4375,13.0546875,17.859375,20.421875,21.367188,21.75,21.828125,21.851562,21.921875,22.0
10241,2021-08-30 14:15:00,3528,11.25,12.0703125,12.25,12.3515625,12.4140625,12.9375,13.4453125,13.7109375,14.1484375,18.0,20.382812,21.351562,21.734375,21.828125,21.859375,21.921875,22.0
10242,2021-08-30 14:30:00,3522,11.921875,12.640625,12.84375,12.921875,12.9921875,13.546875,13.9921875,14.390625,14.875,18.1875,20.335938,21.328125,21.726562,21.835938,21.859375,21.929688,22.0
10243,2021-08-30 14:45:00,3528,12.4609375,12.8671875,13.046875,13.0703125,13.25,13.875,14.2578125,14.7734375,15.2265625,18.304688,20.296875,21.304688,21.71875,21.835938,21.867188,21.9375,22.007812
10244,2021-08-30 15:00:00,3528,13.0859375,13.7265625,13.921875,13.921875,14.0546875,14.5078125,14.734375,15.0703125,15.4765625,18.40625,20.257812,21.273438,21.703125,21.835938,21.875,21.945312,22.015625
10245,2021-08-30 15:15:00,3522,13.796875,14.203125,14.3515625,14.3125,14.3984375,15.0078125,15.2421875,15.5703125,15.953125,18.554688,20.234375,21.257812,21.703125,21.828125,21.882812,21.945312,22.015625
10246,2021-08-30 15:30:00,3522,14.859375,15.34375,15.3984375,15.2265625,15.25,15.6796875,15.7421875,15.890625,16.1875,18.6875,20.210938,21.226562,21.695312,21.835938,21.882812,21.960938,22.015625
10247,2021-08-30 15:45:00,3528,15.7734375,15.828125,15.921875,15.796875,15.859375,16.234375,16.328125,16.5625,16.867188,18.84375,20.195312,21.210938,21.679688,21.835938,21.890625,21.960938,22.023438
10248,2021-08-30 16:00:00,3534,16.78125,16.75,16.765625,16.617188,16.429688,16.851562,16.84375,16.960938,17.1875,18.960938,20.179688,21.1875,21.664062,21.828125,21.890625,21.960938,22.015625
10249,2021-08-30 16:15:00,3528,18.890625,19.1875,19.375,19.03125,18.609375,18.726562,18.59375,18.40625,18.328125,19.140625,20.171875,21.164062,21.65625,21.835938,21.898438,21.96875,22.023438
10250,2021-08-30 16:30:00,3522,21.15625,20.5625,20.9375,20.179688,19.617188,19.921875,19.640625,19.484375,19.320312,19.398438,20.171875,21.140625,21.648438,21.835938,21.898438,21.976562,22.023438
10251,2021-08-30 16:45:00,3528,22.820312,21.492188,21.695312,21.304688,20.664062,21.148438,20.921875,20.703125,20.390625,19.664062,20.171875,21.125,21.632812,21.828125,21.898438,21.976562,22.023438
10252,2021-08-30 17:00:00,3522,23.429688,22.945312,23.390625,22.84375,21.84375,22.46875,22.09375,22.015625,21.78125,20.023438,20.171875,21.101562,21.625,21.828125,21.90625,21.976562,22.023438
10253,2021-08-30 17:15:00,3522,24.921875,24.671875,24.992188,24.523438,23.351562,23.9375,23.492188,23.375,23.109375,20.375,20.195312,21.078125,21.609375,21.820312,21.90625,21.976562,22.023438
10254,2021-08-30 17:30:00,3522,26.726562,26.398438,26.90625,25.65625,24.632812,25.210938,24.625,24.609375,24.351562,20.765625,20.210938,21.0625,21.601562,21.820312,21.914062,21.984375,22.023438
10255,2021-08-30 17:45:00,3540,27.601562,26.234375,26.875,26.0,24.710938,25.3125,24.71875,24.914062,24.804688,21.070312,20.234375,21.054688,21.585938,21.8125,21.90625,21.984375,22.023438
10256,2021-08-30 18:00:00,3528,28.90625,27.828125,28.210938,27.421875,25.78125,26.398438,25.757812,25.90625,25.757812,21.414062,20.28125,21.046875,21.578125,21.820312,21.914062,21.984375,22.023438
10257,2021-08-30 18:15:00,3522,30.28125,28.53125,29.4375,27.929688,26.828125,27.476562,26.921875,27.273438,27.140625,21.820312,20.320312,21.03125,21.5625,21.804688,21.914062,21.992188,22.015625
10258,2021-08-30 18:30:00,3534,31.726562,30.539062,31.625,29.59375,28.835938,28.945312,28.453125,28.90625,28.65625,22.289062,20.367188,21.023438,21.554688,21.804688,21.921875,21.992188,22.015625
10259,2021-08-30 18:45:00,3528,32.398438,30.539062,31.804688,29.578125,28.976562,29.015625,28.882812,29.414062,29.28125,22.664062,20.429688,21.015625,21.539062,21.796875,21.914062,21.984375,22.015625
10260,2021-08-30 19:00:00,3528,32.796875,30.46875,31.273438,29.515625,29.648438,29.828125,30.476562,31.382812,30.835938,23.085938,20.492188,21.007812,21.53125,21.789062,21.914062,21.992188,22.015625
10261,2021-08-30 19:15:00,3534,32.820312,30.648438,31.789062,30.1875,29.929688,30.25,31.320312,32.109375,31.671875,23.460938,20.5625,21.007812,21.523438,21.789062,21.914062,21.992188,22.007812
10262,2021-08-30 19:30:00,3540,33.234375,32.21875,33.171875,30.867188,29.523438,30.28125,31.070312,31.515625,31.109375,23.710938,20.640625,21.007812,21.507812,21.789062,21.914062,21.992188,22.007812
10263,2021-08-30 19:45:00,3540,33.625,31.984375,32.976562,30.9375,29.984375,31.117188,32.46875,33.21875,32.421875,24.140625,20.734375,21.015625,21.5,21.78125,21.90625,22.0,22.0
10264,2021-08-30 20:00:00,3534,34.085938,33.03125,33.148438,30.796875,30.09375,31.78125,32.890625,33.140625,32.484375,24.46875,20.828125,21.023438,21.484375,21.773438,21.914062,21.992188,22.0
10265,2021-08-30 20:15:00,3540,34.046875,32.84375,33.203125,30.453125,30.664062,32.703125,33.726562,33.625,32.820312,24.65625,20.929688,21.03125,21.476562,21.765625,21.914062,21.992188,22.0
10266,2021-08-30 19:00:00,3528,32.796875,30.46875,31.273438,29.515625,29.648438,29.828125,30.476562,31.382812,30.835938,23.085938,20.492188,21.007812,21.53125,21.789062,21.914062,21.992188,22.015625
10267,2021-08-30 19:15:00,3534,32.820312,30.648438,31.789062,30.1875,29.929688,30.25,31.320312,32.109375,31.671875,23.460938,20.5625,21.007812,21.523438,21.789062,21.914062,21.992188,22.007812
10268,2021-08-30 19:30:00,3540,33.234375,32.21875,33.171875,30.867188,29.523438,30.28125,31.070312,31.515625,31.109375,23.710938,20.640625,21.007812,21.507812,21.789062,21.914062,21.992188,22.007812
10269,2021-08-30 19:45:00,3540,33.625,31.984375,32.976562,30.9375,29.984375,31.117188,32.46875,33.21875,32.421875,24.140625,20.734375,21.015625,21.5,21.78125,21.90625,22.0,22.0
10270,2021-08-30 20:00:00,3534,34.085938,33.03125,33.148438,30.796875,30.09375,31.78125,32.890625,33.140625,32.484375,24.46875,20.828125,21.023438,21.484375,21.773438,21.914062,21.992188,22.0
10271,2021-08-30 20:15:00,3540,34.046875,32.84375,33.203125,30.453125,30.664062,32.703125,33.726562,33.625,32.820312,24.65625,20.929688,21.03125,21.476562,21.765625,21.914062,21.992188,22.0
10272,2021-08-30 20:30:00,3540,33.539062,31.921875,32.390625,29.851562,30.429688,32.828125,34.289062,34.171875,33.4375,24.945312,21.023438,21.039062,21.476562,21.757812,21.90625,21.992188,21.992188
10273,2021-08-30 20:45:00,3540,33.242188,31.085938,31.34375,29.8125,30.648438,33.59375,34.851562,34.820312,34.179688,25.304688,21.132812,21.0625,21.46875,21.757812,21.90625,21.992188,21.992188
10274,2021-08-30 21:00:00,3546,33.4375,31.046875,31.101562,30.3125,31.171875,33.945312,34.875,34.601562,33.71875,25.453125,21.226562,21.078125,21.460938,21.75,21.898438,21.984375,21.976562
10275,2021-08-30 21:15:00,3546,32.992188,30.578125,29.96875,30.328125,31.320312,33.804688,34.515625,34.632812,33.898438,25.609375,21.34375,21.101562,21.453125,21.742188,21.90625,21.984375,21.976562
10276,2021-08-30 21:30:00,3546,32.609375,31.039062,30.148438,30.992188,32.148438,33.78125,34.375,34.375,33.671875,25.742188,21.460938,21.125,21.453125,21.742188,21.898438,21.984375,21.976562
10277,2021-08-30 21:45:00,3540,32.632812,31.25,31.085938,31.9375,33.0625,34.476562,34.375,33.992188,33.382812,25.796875,21.5625,21.15625,21.453125,21.726562,21.898438,21.984375,21.976562
10278,2021-08-30 22:00:00,3546,32.195312,30.179688,30.515625,31.0625,32.4375,34.273438,34.21875,34.09375,33.421875,25.914062,21.679688,21.179688,21.445312,21.726562,21.890625,21.976562,21.96875
10279,2021-08-30 22:15:00,3546,31.375,29.15625,29.609375,30.054688,31.203125,32.921875,32.507812,32.539062,32.226562,25.8125,21.78125,21.21875,21.4375,21.71875,21.890625,21.976562,21.960938
10280,2021-08-30 22:30:00,3546,30.992188,29.859375,30.796875,31.6875,32.570312,33.929688,33.710938,33.429688,32.835938,26.007812,21.882812,21.25,21.453125,21.710938,21.890625,21.976562,21.960938
10281,2021-08-30 22:45:00,3546,29.5,27.140625,28.03125,28.570312,29.382812,30.6875,30.828125,31.171875,30.585938,25.765625,21.984375,21.289062,21.453125,21.710938,21.882812,21.96875,21.953125
10282,2021-08-30 23:00:00,3552,25.867188,23.140625,22.796875,22.882812,22.679688,23.703125,23.75,24.554688,25.289062,24.796875,22.078125,21.328125,21.453125,21.703125,21.875,21.96875,21.953125
10283,2021-08-30 23:15:00,3552,23.484375,22.039062,21.703125,21.765625,21.53125,22.054688,22.28125,22.882812,23.578125,24.140625,22.164062,21.375,21.460938,21.703125,21.882812,21.960938,21.953125
10284,2021-08-30 23:30:00,3552,22.40625,21.726562,21.375,21.453125,21.117188,21.445312,21.632812,22.101562,22.695312,23.6875,22.226562,21.40625,21.46875,21.695312,21.875,21.953125,21.945312
10285,2021-08-30 23:45:00,3552,21.671875,21.296875,21.039062,21.109375,20.804688,21.070312,21.171875,21.507812,22.039062,23.359375,22.265625,21.460938,21.476562,21.695312,21.875,21.960938,21.9375
10286,2021-08-31 00:00:00,3552,21.117188,20.867188,20.609375,20.6875,20.351562,20.546875,20.625,20.914062,21.375,23.039062,22.296875,21.5,21.484375,21.6875,21.867188,21.953125,21.9375
10287,2021-08-31 00:15:00,3540,20.6875,20.5,20.195312,20.265625,19.835938,20.03125,20.085938,20.390625,20.84375,22.75,22.304688,21.539062,21.5,21.6875,21.859375,21.953125,21.9375
10288,2021-08-31 00:30:00,3546,20.132812,19.765625,19.460938,19.601562,19.257812,19.351562,19.539062,19.789062,20.117188,22.453125,22.304688,21.570312,21.507812,21.6875,21.851562,21.953125,21.9375
10289,2021-08-31 00:45:00,3552,19.679688,19.484375,19.171875,19.289062,18.84375,19.023438,19.15625,19.492188,19.835938,22.171875,22.289062,21.609375,21.523438,21.679688,21.851562,21.945312,21.929688
10290,2021-08-31 01:00:00,3546,18.914062,18.546875,18.296875,18.367188,17.921875,18.273438,18.3125,18.796875,19.359375,22.007812,22.265625,21.640625,21.539062,21.679688,21.851562,21.9375,21.929688
10291,2021-08-31 01:15:00,3552,18.085938,17.625,17.289062,17.398438,16.921875,17.40625,17.640625,18.226562,18.75,21.734375,22.242188,21.664062,21.546875,21.6875,21.84375,21.9375,21.921875
10292,2021-08-31 01:30:00,3546,17.429688,17.046875,16.632812,16.742188,16.195312,16.75,17.335938,17.78125,18.023438,21.453125,22.210938,21.703125,21.5625,21.6875,21.84375,21.929688,21.929688
10293,2021-08-31 01:45:00,3546,16.796875,16.515625,16.234375,16.398438,16.03125,16.445312,16.71875,17.1875,17.664062,21.328125,22.179688,21.71875,21.585938,21.6875,21.84375,21.9375,21.921875
10294,2021-08-31 02:00:00,3546,16.304688,16.015625,15.6875,15.8125,15.3203125,15.859375,16.242188,16.695312,17.09375,21.09375,22.140625,21.742188,21.59375,21.6875,21.84375,21.9375,21.921875
10295,2021-08-31 02:15:00,3546,15.609375,15.0234375,14.6875,14.8125,14.3515625,15.0078125,15.4765625,15.8515625,16.171875,20.820312,22.09375,21.757812,21.617188,21.695312,21.835938,21.9375,21.921875
10296,2021-08-31 02:30:00,3546,15.0,14.65625,14.4140625,14.5859375,14.2109375,14.7734375,15.1875,15.59375,16.03125,20.640625,22.046875,21.773438,21.625,21.695312,21.835938,21.921875,21.921875
10297,2021-08-31 02:45:00,3540,14.4921875,14.21875,13.9453125,14.0546875,13.546875,14.25,14.953125,15.1171875,15.2890625,20.359375,22.0,21.78125,21.640625,21.703125,21.835938,21.929688,21.921875
10298,2021-08-31 03:00:00,3540,13.8515625,13.515625,13.234375,13.40625,13.109375,13.796875,14.328125,14.484375,14.7734375,20.171875,21.945312,21.789062,21.65625,21.703125,21.835938,21.929688,21.921875
10299,2021-08-31 03:15:00,3540,13.421875,13.2109375,12.96875,13.109375,12.7734375,13.625,14.4921875,14.7421875,15.03125,20.046875,21.890625,21.796875,21.671875,21.703125,21.835938,21.929688,21.929688
10300,2021-08-31 03:30:00,3540,13.21875,13.3984375,13.296875,13.515625,13.265625,13.828125,14.2734375,14.6640625,15.1953125,20.023438,21.828125,21.804688,21.679688,21.71875,21.828125,21.929688,21.921875
10301,2021-08-31 03:45:00,3546,13.09375,13.1015625,12.9921875,13.234375,13.0078125,13.765625,14.265625,14.3671875,14.6640625,19.84375,21.773438,21.804688,21.6875,21.71875,21.828125,21.921875,21.921875
10302,2021-08-31 04:00:00,3540,12.7265625,12.7890625,12.671875,12.90625,12.609375,13.359375,14.03125,14.3203125,14.640625,19.65625,21.71875,21.804688,21.703125,21.726562,21.835938,21.921875,21.921875
10303,2021-08-31 04:15:00,3540,12.46875,12.7109375,12.6171875,12.796875,12.578125,13.1171875,13.46875,13.75,14.1953125,19.523438,21.65625,21.796875,21.71875,21.726562,21.84375,21.929688,21.921875
10304,2021-08-31 04:30:00,3540,12.71875,13.296875,13.2109375,13.53125,13.328125,13.28125,13.65625,13.9296875,14.359375,19.445312,21.601562,21.796875,21.726562,21.742188,21.84375,21.921875,21.929688
10305,2021-08-31 04:45:00,3534,12.3515625,12.25,12.109375,12.375,12.125,12.8515625,13.3828125,13.5703125,13.96875,19.335938,21.539062,21.789062,21.734375,21.742188,21.84375,21.921875,21.929688
10306,2021-08-31 05:00:00,3540,11.8828125,11.90625,11.78125,12.0546875,11.8515625,12.484375,13.09375,13.453125,13.9375,19.226562,21.484375,21.78125,21.75,21.75,21.84375,21.929688,21.9375
10307,2021-08-31 05:15:00,3540,12.1796875,12.8359375,12.7734375,13.15625,12.8671875,12.9140625,13.3671875,13.640625,14.046875,19.132812,21.421875,21.765625,21.75,21.757812,21.84375,21.921875,21.929688
10308,2021-08-31 05:30:00,3540,12.46875,12.9296875,12.828125,13.1875,12.90625,13.25,13.7109375,13.8828125,14.21875,19.125,21.367188,21.757812,21.757812,21.765625,21.84375,21.929688,21.9375
10309,2021-08-31 05:45:00,3534,12.1875,12.5859375,12.4609375,12.8515625,12.6328125,12.7109375,13.125,13.328125,13.71875,18.953125,21.3125,21.75,21.773438,21.773438,21.851562,21.929688,21.9375
10310,2021-08-31 06:00:00,3540,12.2890625,12.7421875,12.6484375,12.953125,12.65625,12.796875,13.1953125,13.5,13.9609375,18.9375,21.257812,21.734375,21.773438,21.78125,21.859375,21.9375,21.945312
10311,2021-08-31 06:15:00,3540,12.0859375,12.234375,12.125,12.40625,12.09375,12.6796875,13.2109375,13.2734375,13.5703125,18.84375,21.203125,21.71875,21.78125,21.78125,21.859375,21.9375,21.945312
10312,2021-08-31 06:30:00,3534,11.75,11.8984375,11.765625,12.015625,11.7265625,12.1328125,12.5390625,12.859375,13.3203125,18.710938,21.15625,21.695312,21.78125,21.789062,21.859375,21.9375,21.953125
10313,2021-08-31 06:45:00,3540,11.84375,12.234375,12.171875,12.40625,12.0546875,12.3671875,12.6875,13.078125,13.640625,18.710938,21.101562,21.6875,21.78125,21.796875,21.867188,21.929688,21.953125
10314,2021-08-31 07:00:00,3534,12.1171875,12.484375,12.40625,12.6484375,12.34375,12.59375,13.0234375,13.34375,13.8046875,18.6875,21.046875,21.671875,21.789062,21.804688,21.867188,21.9375,21.960938
10315,2021-08-31 07:15:00,3540,12.640625,13.28125,13.21875,13.46875,13.09375,13.25,13.640625,13.953125,14.3046875,18.679688,21.0,21.65625,21.789062,21.8125,21.875,21.9375,21.960938
10316,2021-08-31 07:30:00,3528,12.5390625,13.1015625,13.0078125,13.34375,13.09375,13.078125,13.40625,13.6015625,14.0234375,18.632812,20.945312,21.632812,21.789062,21.8125,21.875,21.945312,21.960938
10317,2021-08-31 07:45:00,3540,12.40625,12.6640625,12.578125,12.84375,12.53125,12.875,13.21875,13.484375,13.828125,18.578125,20.898438,21.617188,21.789062,21.820312,21.875,21.945312,21.96875
10318,2021-08-31 08:00:00,3528,12.03125,12.1953125,12.0703125,12.296875,12.0,12.453125,12.8359375,13.15625,13.578125,18.523438,20.859375,21.59375,21.796875,21.828125,21.875,21.945312,21.96875
10319,2021-08-31 08:15:00,3540,12.0625,12.5078125,12.453125,12.6953125,12.34375,12.6171875,12.9609375,13.28125,13.703125,18.453125,20.820312,21.570312,21.789062,21.828125,21.890625,21.953125,21.976562
10320,2021-08-31 08:30:00,3540,12.0390625,12.6328125,12.5859375,12.9375,12.734375,12.6640625,13.03125,13.25,13.6328125,18.390625,20.773438,21.546875,21.789062,21.828125,21.890625,21.953125,21.976562
10321,2021-08-31 08:45:00,3528,11.6328125,11.78125,11.6796875,11.9921875,11.7734375,12.1875,12.640625,12.8046875,13.1328125,18.242188,20.726562,21.53125,21.78125,21.835938,21.898438,21.953125,21.984375
10322,2021-08-31 09:00:00,3540,11.5390625,12.0,11.9375,12.21875,11.90625,12.1640625,12.421875,12.75,13.2421875,18.234375,20.679688,21.507812,21.78125,21.84375,21.898438,21.960938,21.984375
10323,2021-08-31 09:15:00,3534,11.3984375,11.7109375,11.625,11.8828125,11.5625,12.03125,12.484375,12.765625,13.203125,18.203125,20.648438,21.492188,21.773438,21.84375,21.898438,21.960938,21.984375
10324,2021-08-31 09:30:00,3528,11.1171875,11.25,11.203125,11.4609375,11.296875,11.9296875,12.34375,12.453125,12.84375,18.117188,20.601562,21.46875,21.773438,21.851562,21.90625,21.96875,21.992188
10325,2021-08-31 09:45:00,3516,10.8125,10.9375,10.8515625,11.0703125,10.8359375,11.609375,12.265625,12.34375,12.7578125,18.015625,20.5625,21.445312,21.765625,21.851562,21.914062,21.96875,21.984375
10326,2021-08-31 10:00:00,3528,10.65625,10.875,10.765625,10.953125,10.7421875,11.4921875,12.0703125,12.0390625,12.265625,17.820312,20.515625,21.421875,21.757812,21.851562,21.914062,21.976562,21.992188
10327,2021-08-31 10:15:00,3528,10.375,10.625,10.4921875,10.71875,10.5625,11.359375,11.9375,11.9296875,12.2421875,17.75,20.476562,21.398438,21.75,21.851562,21.914062,21.96875,21.992188
10328,2021-08-31 10:30:00,3528,10.2109375,10.65625,10.5703125,10.75,10.5390625,11.390625,12.0234375,12.109375,12.4296875,17.75,20.429688,21.375,21.742188,21.851562,21.921875,21.976562,21.992188
10329,2021-08-31 10:45:00,3534,10.046875,10.2890625,10.265625,10.5,10.3984375,11.3125,11.8359375,11.8125,12.1015625,17.632812,20.382812,21.351562,21.734375,21.859375,21.921875,21.976562,21.992188
10330,2021-08-31 11:00:00,3528,10.46875,11.1875,11.1484375,11.34375,11.0234375,11.5234375,11.71875,11.96875,12.3984375,17.539062,20.335938,21.328125,21.726562,21.859375,21.929688,21.984375,21.992188
10331,2021-08-31 11:15:00,3522,10.5078125,10.9296875,10.90625,11.125,10.8828125,11.546875,11.984375,12.2109375,12.6015625,17.570312,20.289062,21.304688,21.71875,21.851562,21.921875,21.984375,21.992188
10332,2021-08-31 11:30:00,3522,10.28125,10.6796875,10.6640625,10.9140625,10.8203125,11.4609375,12.0,12.265625,12.671875,17.578125,20.25,21.28125,21.703125,21.851562,21.929688,21.984375,21.992188
10333,2021-08-31 11:45:00,3528,10.1015625,10.46875,10.421875,10.6640625,10.5546875,11.25,11.6953125,11.9609375,12.4765625,17.570312,20.210938,21.25,21.703125,21.859375,21.929688,21.984375,21.992188
10334,2021-08-31 12:00:00,3522,10.125,10.7578125,10.7890625,11.046875,10.8984375,11.3203125,11.5859375,11.984375,12.5390625,17.5625,20.164062,21.234375,21.6875,21.851562,21.9375,21.984375,22.0
10335,2021-08-31 12:15:00,3528,10.0703125,10.375,10.3203125,10.4765625,10.2421875,10.8359375,11.1796875,11.625,12.1484375,17.515625,20.117188,21.203125,21.6875,21.851562,21.929688,21.984375,22.0
10336,2021-08-31 12:30:00,3522,10.046875,10.5703125,10.609375,10.8203125,10.6796875,11.0078125,11.28125,11.6640625,12.265625,17.445312,20.085938,21.179688,21.664062,21.851562,21.9375,21.984375,22.0
10337,2021-08-31 12:45:00,3528,10.0390625,10.484375,10.5234375,10.75,10.5859375,11.0390625,11.359375,11.7734375,12.3828125,17.453125,20.039062,21.15625,21.65625,21.851562,21.929688,21.992188,22.0
10338,2021-08-31 13:00:00,3528,10.140625,10.6484375,10.703125,10.921875,10.71875,11.1796875,11.3828125,11.7734375,12.3671875,17.414062,20.007812,21.125,21.640625,21.84375,21.9375,21.992188,22.0
10339,2021-08-31 13:15:00,3522,9.984375,10.3046875,10.2578125,10.4140625,10.1953125,10.6953125,10.90625,11.265625,11.828125,17.335938,19.96875,21.101562,21.640625,21.835938,21.9375,22.0,21.992188
10340,2021-08-31 13:30:00,3516,9.90625,10.28125,10.25,10.421875,10.2109375,10.6953125,10.921875,11.3125,11.859375,17.273438,19.929688,21.078125,21.617188,21.835938,21.9375,21.992188,22.0
10341,2021-08-31 13:45:00,3522,9.828125,10.265625,10.2890625,10.4765625,10.2890625,10.8125,11.1640625,11.6015625,12.234375,17.304688,19.890625,21.046875,21.609375,21.84375,21.9375,21.992188,22.0
10342,2021-08-31 14:00:00,3528,9.9375,10.4296875,10.453125,10.6015625,10.421875,10.90625,11.1953125,11.6328125,12.1796875,17.296875,19.859375,21.023438,21.59375,21.828125,21.9375,22.0,21.992188
10343,2021-08-31 14:15:00,3516,10.15625,10.7109375,10.7421875,10.953125,10.7734375,11.109375,11.3828125,11.796875,12.359375,17.304688,19.820312,21.0,21.585938,21.828125,21.9375,21.992188,21.984375
10344,2021-08-31 14:30:00,3516,10.5390625,11.1484375,11.1953125,11.3125,11.09375,11.6953125,12.046875,12.4609375,12.9765625,17.359375,19.789062,20.96875,21.570312,21.828125,21.9375,21.992188,21.984375
10345,2021-08-31 14:45:00,3510,11.2109375,12.2265625,12.328125,12.3828125,12.2890625,12.71875,12.9765625,13.1484375,13.515625,17.390625,19.757812,20.945312,21.554688,21.820312,21.929688,21.992188,21.984375
10346,2021-08-31 15:00:00,3522,12.2890625,12.921875,12.984375,12.9453125,12.7578125,13.3515625,13.3984375,13.78125,14.28125,17.59375,19.726562,20.921875,21.539062,21.804688,21.9375,21.992188,21.984375
10347,2021-08-31 15:15:00,3522,13.1875,13.7265625,13.734375,13.6640625,13.4453125,13.921875,13.921875,14.21875,14.6640625,17.710938,19.703125,20.890625,21.523438,21.804688,21.929688,21.992188,21.976562
10348,2021-08-31 15:30:00,3516,14.5390625,15.0703125,14.9921875,14.8671875,14.6015625,14.8359375,14.765625,14.953125,15.296875,17.867188,19.671875,20.875,21.507812,21.796875,21.929688,21.992188,21.976562
10349,2021-08-31 15:45:00,3522,15.6953125,15.7265625,15.671875,15.5703125,15.3515625,15.53125,15.5234375,15.7265625,16.015625,18.085938,19.65625,20.84375,21.5,21.789062,21.929688,21.984375,21.96875
10350,2021-08-31 16:00:00,3516,16.414062,16.3125,16.375,16.1875,16.109375,16.273438,16.203125,16.328125,16.570312,18.273438,19.640625,20.820312,21.476562,21.789062,21.921875,21.984375,21.960938
10351,2021-08-31 16:15:00,3522,16.882812,16.617188,16.648438,16.460938,16.242188,16.476562,16.320312,16.382812,16.585938,18.359375,19.625,20.796875,21.460938,21.773438,21.921875,21.984375,21.960938
10352,2021-08-31 16:30:00,3522,19.382812,19.398438,19.671875,19.179688,18.640625,18.78125,18.554688,18.296875,18.125,18.632812,19.625,20.773438,21.4375,21.765625,21.914062,21.976562,21.960938
10353,2021-08-31 16:45:00,3516,21.6875,20.828125,21.085938,20.703125,20.304688,20.734375,20.46875,20.125,19.757812,18.976562,19.632812,20.742188,21.421875,21.757812,21.914062,21.976562,21.953125
10354,2021-08-31 17:00:00,3522,22.117188,22.039062,22.867188,22.007812,21.273438,21.882812,21.585938,21.367188,21.054688,19.28125,19.640625,20.726562,21.40625,21.75,21.90625,21.96875,21.945312
10355,2021-08-31 17:15:00,3522,23.5625,23.210938,24.0,23.078125,22.210938,23.234375,22.539062,22.5625,22.390625,19.703125,19.648438,20.703125,21.390625,21.75,21.898438,21.96875,21.9375
10356,2021-08-31 17:30:00,3522,24.71875,23.71875,24.414062,23.164062,22.679688,23.648438,22.742188,22.921875,22.921875,20.023438,19.671875,20.6875,21.375,21.734375,21.898438,21.960938,21.929688
10357,2021-08-31 17:45:00,3516,25.664062,24.789062,25.3125,24.5,23.625,24.328125,23.65625,24.054688,24.132812,20.351562,19.695312,20.671875,21.359375,21.726562,21.890625,21.960938,21.929688
10358,2021-08-31 18:00:00,3522,26.945312,26.078125,26.234375,25.960938,24.460938,25.210938,24.492188,25.015625,25.171875,20.742188,19.734375,20.648438,21.34375,21.710938,21.890625,21.960938,21.921875
10359,2021-08-31 18:15:00,3522,27.617188,27.273438,27.601562,27.164062,25.234375,25.757812,25.015625,25.414062,25.460938,21.0,19.773438,20.640625,21.320312,21.703125,21.882812,21.953125,21.914062
10360,2021-08-31 18:30:00,3522,28.625,27.578125,28.296875,27.242188,25.539062,25.875,25.101562,25.703125,25.90625,21.273438,19.828125,20.625,21.304688,21.695312,21.875,21.953125,21.914062
10361,2021-08-31 18:45:00,3522,28.492188,26.796875,27.265625,26.421875,24.898438,25.210938,25.148438,26.132812,26.46875,21.539062,19.882812,20.617188,21.296875,21.679688,21.867188,21.945312,21.898438
10362,2021-08-31 19:00:00,3522,28.171875,26.273438,26.328125,25.734375,24.695312,24.882812,24.875,26.0625,26.492188,21.757812,19.945312,20.617188,21.28125,21.671875,21.859375,21.9375,21.890625
10363,2021-08-31 19:15:00,3528,28.117188,26.21875,26.023438,24.984375,25.140625,24.742188,25.132812,26.632812,27.257812,22.132812,20.0,20.609375,21.265625,21.65625,21.859375,21.9375,21.890625
10364,2021-08-31 19:30:00,3534,27.84375,26.265625,26.132812,24.765625,25.101562,24.625,25.484375,26.90625,27.421875,22.25,20.078125,20.609375,21.25,21.648438,21.851562,21.921875,21.882812
10365,2021-08-31 19:45:00,3528,28.34375,26.734375,26.8125,25.09375,25.28125,25.351562,26.523438,27.71875,27.882812,22.421875,20.148438,20.609375,21.234375,21.640625,21.84375,21.921875,21.867188
10366,2021-08-31 20:00:00,3528,28.257812,26.148438,25.945312,24.53125,24.320312,24.835938,26.234375,27.460938,27.601562,22.585938,20.226562,20.609375,21.226562,21.625,21.84375,21.921875,21.867188
10367,2021-08-31 20:15:00,3528,28.4375,26.765625,26.242188,25.125,25.078125,26.351562,28.007812,29.25,29.570312,23.03125,20.304688,20.625,21.210938,21.617188,21.828125,21.90625,21.851562
10368,2021-08-31 19:00:00,3522,28.171875,26.273438,26.328125,25.734375,24.695312,24.882812,24.875,26.0625,26.492188,21.757812,19.945312,20.617188,21.28125,21.671875,21.859375,21.9375,21.890625
10369,2021-08-31 19:15:00,3528,28.117188,26.21875,26.023438,24.984375,25.140625,24.742188,25.132812,26.632812,27.257812,22.132812,20.0,20.609375,21.265625,21.65625,21.859375,21.9375,21.890625
10370,2021-08-31 19:30:00,3534,27.84375,26.265625,26.132812,24.765625,25.101562,24.625,25.484375,26.90625,27.421875,22.25,20.078125,20.609375,21.25,21.648438,21.851562,21.921875,21.882812
10371,2021-08-31 19:45:00,3528,28.34375,26.734375,26.8125,25.09375,25.28125,25.351562,26.523438,27.71875,27.882812,22.421875,20.148438,20.609375,21.234375,21.640625,21.84375,21.921875,21.867188
10372,2021-08-31 20:00:00,3528,28.257812,26.148438,25.945312,24.53125,24.320312,24.835938,26.234375,27.460938,27.601562,22.585938,20.226562,20.609375,21.226562,21.625,21.84375,21.921875,21.867188
10373,2021-08-31 20:15:00,3528,28.4375,26.765625,26.242188,25.125,25.078125,26.351562,28.007812,29.25,29.570312,23.03125,20.304688,20.625,21.210938,21.617188,21.828125,21.90625,21.851562
10374,2021-08-31 20:30:00,3528,28.007812,26.820312,25.796875,24.78125,24.875,26.3125,28.234375,29.367188,29.539062,23.203125,20.382812,20.625,21.195312,21.609375,21.820312,21.898438,21.84375
10375,2021-08-31 20:45:00,3528,26.976562,24.796875,23.945312,22.601562,23.046875,23.679688,24.640625,25.140625,25.6875,23.054688,20.460938,20.640625,21.1875,21.59375,21.8125,21.890625,21.835938
10376,2021-08-31 21:00:00,3528,27.3125,25.648438,25.648438,23.953125,25.234375,26.34375,27.703125,27.9375,28.070312,23.203125,20.546875,20.65625,21.179688,21.585938,21.804688,21.890625,21.828125
10377,2021-08-31 21:15:00,3534,27.320312,25.21875,24.851562,24.265625,25.75,26.96875,28.28125,28.804688,28.84375,23.421875,20.632812,20.664062,21.164062,21.578125,21.796875,21.882812,21.8125
10378,2021-08-31 21:30:00,3540,27.578125,25.484375,25.125,24.734375,26.40625,27.773438,28.882812,29.21875,29.132812,23.578125,20.710938,20.6875,21.15625,21.5625,21.789062,21.875,21.820312
10379,2021-08-31 21:45:00,3528,27.070312,24.757812,24.023438,24.1875,25.507812,27.28125,28.453125,28.921875,29.039062,23.765625,20.789062,20.703125,21.15625,21.546875,21.773438,21.867188,21.796875
10380,2021-08-31 22:00:00,3540,26.515625,23.96875,23.796875,23.765625,25.234375,26.554688,27.132812,27.492188,27.71875,23.765625,20.875,20.726562,21.148438,21.539062,21.773438,21.851562,21.796875
10381,2021-08-31 22:15:00,3528,25.851562,22.820312,22.9375,22.820312,23.96875,25.375,26.632812,27.296875,27.53125,23.671875,20.953125,20.75,21.140625,21.523438,21.765625,21.84375,21.78125
10382,2021-08-31 22:30:00,3540,25.28125,22.65625,23.359375,23.085938,24.476562,25.734375,26.875,27.453125,27.664062,23.671875,21.03125,20.773438,21.140625,21.515625,21.75,21.84375,21.773438
10383,2021-08-31 22:45:00,3528,24.601562,21.898438,22.40625,22.210938,23.390625,24.335938,24.882812,25.84375,26.40625,23.726562,21.101562,20.804688,21.140625,21.507812,21.742188,21.835938,21.773438
10384,2021-08-31 23:00:00,3540,21.148438,19.078125,18.8125,18.820312,18.78125,19.273438,19.421875,20.09375,21.015625,22.75,21.179688,20.835938,21.132812,21.5,21.734375,21.828125,21.757812
10385,2021-08-31 23:15:00,3528,19.195312,18.203125,18.015625,18.039062,17.921875,18.21875,18.367188,18.875,19.609375,22.125,21.234375,20.859375,21.132812,21.492188,21.726562,21.820312,21.75
10386,2021-08-31 23:30:00,3540,18.109375,17.78125,17.59375,17.65625,17.484375,17.695312,17.84375,18.296875,19.015625,21.742188,21.289062,20.890625,21.132812,21.484375,21.71875,21.8125,21.742188
10387,2021-08-31 23:45:00,3540,17.335938,17.164062,17.007812,17.070312,16.90625,17.132812,17.25,17.648438,18.304688,21.398438,21.3125,20.921875,21.140625,21.476562,21.710938,21.804688,21.734375
10388,2021-09-01 00:00:00,3540,16.679688,16.476562,16.34375,16.398438,16.234375,16.507812,16.609375,17.023438,17.703125,21.125,21.320312,20.953125,21.140625,21.46875,21.695312,21.796875,21.726562
10389,2021-09-01 00:15:00,3528,16.164062,15.9609375,15.8671875,15.921875,15.7734375,16.054688,16.117188,16.515625,17.195312,20.882812,21.320312,20.976562,21.148438,21.46875,21.695312,21.78125,21.710938
10390,2021-09-01 00:30:00,3528,15.5859375,15.5234375,15.3671875,15.4609375,15.2578125,15.5625,15.703125,16.164062,16.851562,20.648438,21.304688,21.0,21.148438,21.453125,21.679688,21.773438,21.710938
10391,2021-09-01 00:45:00,3528,15.0625,15.015625,14.8828125,14.9609375,14.796875,15.1015625,15.234375,15.7109375,16.429688,20.453125,21.28125,21.03125,21.15625,21.445312,21.671875,21.773438,21.703125
10392,2021-09-01 01:00:00,3534,14.75,14.8203125,14.6953125,14.7890625,14.609375,14.875,15.046875,15.53125,16.234375,20.289062,21.257812,21.054688,21.164062,21.445312,21.664062,21.757812,21.695312
10393,2021-09-01 01:15:00,3528,14.359375,14.4140625,14.328125,14.3984375,14.2421875,14.5234375,14.625,15.1015625,15.8828125,20.132812,21.226562,21.070312,21.171875,21.4375,21.664062,21.757812,21.695312
10394,2021-09-01 01:30:00,3528,13.984375,14.078125,13.96875,14.0625,13.859375,14.1640625,14.3046875,14.8125,15.6015625,19.96875,21.195312,21.085938,21.171875,21.4375,21.65625,21.75,21.6875
10395,2021-09-01 01:45:00,3528,13.6875,13.765625,13.6484375,13.75,13.5390625,13.8671875,14.015625,14.5546875,15.3359375,19.8125,21.140625,21.101562,21.1875,21.421875,21.640625,21.742188,21.671875
10396,2021-09-01 02:00:00,3528,13.296875,13.40625,13.3046875,13.40625,13.1796875,13.4765625,13.6015625,14.1484375,15.0,19.648438,21.101562,21.109375,21.1875,21.421875,21.640625,21.734375,21.679688
10397,2021-09-01 02:15:00,3528,12.90625,13.0234375,12.890625,13.0234375,12.765625,13.125,13.3203125,13.9296875,14.78125,19.5,21.054688,21.117188,21.195312,21.421875,21.632812,21.726562,21.664062
10398,2021-09-01 02:30:00,3528,12.609375,12.8125,12.6953125,12.828125,12.546875,12.8828125,13.0234375,13.5859375,14.4375,19.335938,21.015625,21.117188,21.203125,21.414062,21.625,21.71875,21.65625
10399,2021-09-01 02:45:00,3528,12.4296875,12.75,12.6640625,12.7890625,12.53125,12.796875,12.8984375,13.390625,14.2421875,19.210938,20.96875,21.117188,21.210938,21.414062,21.625,21.71875,21.65625
10400,2021-09-01 03:00:00,3534,12.484375,12.796875,12.7421875,12.859375,12.625,12.859375,12.953125,13.375,14.1796875,19.117188,20.921875,21.125,21.21875,21.414062,21.609375,21.703125,21.640625
10401,2021-09-01 03:15:00,3522,12.46875,12.7109375,12.65625,12.7421875,12.546875,12.8046875,12.9296875,13.4296875,14.2265625,19.015625,20.867188,21.117188,21.226562,21.414062,21.617188,21.695312,21.640625
10402,2021-09-01 03:30:00,3534,12.3359375,12.59375,12.5390625,12.625,12.4609375,12.703125,12.8515625,13.34375,14.1640625,18.9375,20.820312,21.117188,21.234375,21.40625,21.601562,21.695312,21.640625
10403,2021-09-01 03:45:00,3528,12.4921875,12.640625,12.6015625,12.671875,12.515625,12.7734375,12.8984375,13.3984375,14.1796875,18.882812,20.765625,21.109375,21.234375,21.40625,21.59375,21.6875,21.632812
10404,2021-09-01 04:00:00,3522,12.2421875,12.4375,12.3984375,12.4765625,12.3359375,12.5703125,12.6953125,13.140625,13.9296875,18.773438,20.71875,21.101562,21.234375,21.40625,21.601562,21.679688,21.632812
10405,2021-09-01 04:15:00,3528,12.5390625,12.734375,12.7109375,12.734375,12.6640625,12.8515625,13.015625,13.4765625,14.21875,18.742188,20.671875,21.09375,21.242188,21.414062,21.585938,21.679688,21.625
10406,2021-09-01 04:30:00,3528,12.59375,12.6953125,12.6875,12.7109375,12.640625,12.8203125,12.953125,13.390625,14.140625,18.703125,20.625,21.085938,21.25,21.414062,21.585938,21.671875,21.617188
10407,2021-09-01 04:45:00,3528,12.671875,12.7421875,12.734375,12.75,12.6953125,12.875,13.03125,13.5,14.234375,18.65625,20.585938,21.078125,21.25,21.414062,21.585938,21.664062,21.617188
10408,2021-09-01 05:00:00,3528,12.6640625,12.6875,12.6796875,12.6953125,12.640625,12.828125,12.953125,13.390625,14.109375,18.601562,20.539062,21.054688,21.25,21.40625,21.578125,21.65625,21.609375
10409,2021-09-01 05:15:00,3522,12.5078125,12.484375,12.4765625,12.4921875,12.4375,12.6484375,12.7734375,13.25,14.0078125,18.539062,20.492188,21.046875,21.25,21.40625,21.570312,21.664062,21.617188
10410,2021-09-01 05:30:00,3522,12.390625,12.3984375,12.3984375,12.421875,12.359375,12.5625,12.6796875,13.109375,13.8671875,18.453125,20.453125,21.03125,21.25,21.414062,21.5625,21.648438,21.601562
10411,2021-09-01 05:45:00,3528,12.2265625,12.2890625,12.2734375,12.3125,12.2421875,12.4453125,12.609375,13.1171875,13.890625,18.390625,20.414062,21.015625,21.25,21.414062,21.5625,21.648438,21.601562
10412,2021-09-01 06:00:00,3528,12.421875,12.4921875,12.5,12.5,12.46875,12.6484375,12.8125,13.28125,14.015625,18.34375,20.367188,21.0,21.25,21.40625,21.570312,21.648438,21.59375
10413,2021-09-01 06:15:00,3528,12.4609375,12.453125,12.4609375,12.4765625,12.4140625,12.6171875,12.7421875,13.1953125,13.9296875,18.304688,20.328125,20.984375,21.25,21.414062,21.5625,21.640625,21.59375
10414,2021-09-01 06:30:00,3528,12.2890625,12.25,12.2421875,12.2734375,12.2109375,12.4140625,12.578125,13.09375,13.859375,18.234375,20.289062,20.96875,21.25,21.40625,21.5625,21.632812,21.585938
10415,2021-09-01 06:45:00,3528,12.234375,12.2265625,12.21875,12.25,12.1875,12.3828125,12.5390625,13.0078125,13.7421875,18.171875,20.257812,20.960938,21.25,21.40625,21.554688,21.632812,21.585938
10416,2021-09-01 07:00:00,3528,12.0234375,12.0703125,12.0625,12.1015625,12.03125,12.234375,12.3828125,12.8515625,13.6015625,18.101562,20.21875,20.9375,21.242188,21.40625,21.554688,21.625,21.585938
10417,2021-09-01 07:15:00,3522,11.8125,11.84375,11.828125,11.90625,11.7890625,12.0078125,12.140625,12.6328125,13.40625,18.03125,20.179688,20.921875,21.234375,21.40625,21.546875,21.617188,21.578125
10418,2021-09-01 07:30:00,3522,11.71875,11.796875,11.78125,11.8515625,11.734375,11.953125,12.125,12.6484375,13.40625,17.976562,20.148438,20.898438,21.234375,21.40625,21.546875,21.625,21.578125
10419,2021-09-01 07:45:00,3522,11.6484375,11.7578125,11.7578125,11.8125,11.7109375,11.9140625,12.0390625,12.484375,13.203125,17.90625,20.109375,20.890625,21.226562,21.398438,21.546875,21.617188,21.570312
10420,2021-09-01 08:00:00,3522,11.765625,11.8515625,11.8515625,11.890625,11.8125,12.0234375,12.2109375,12.7265625,13.4375,17.890625,20.070312,20.867188,21.226562,21.398438,21.546875,21.609375,21.5625
10421,2021-09-01 08:15:00,3522,11.75,11.8359375,11.8359375,11.8671875,11.796875,11.9765625,12.1328125,12.578125,13.3046875,17.84375,20.03125,20.851562,21.21875,21.40625,21.539062,21.609375,21.5625
10422,2021-09-01 08:30:00,3522,11.7109375,11.7578125,11.765625,11.8046875,11.734375,11.9296875,12.0703125,12.515625,13.21875,17.796875,20.0,20.828125,21.210938,21.398438,21.539062,21.609375,21.554688
10423,2021-09-01 08:45:00,3522,11.703125,11.75,11.765625,11.7890625,11.7265625,11.890625,12.015625,12.4453125,13.15625,17.742188,19.960938,20.8125,21.203125,21.398438,21.539062,21.601562,21.546875
10424,2021-09-01 09:00:00,3516,11.6953125,11.7265625,11.734375,11.765625,11.6953125,11.8828125,12.015625,12.4296875,13.1328125,17.703125,19.929688,20.796875,21.195312,21.390625,21.53125,21.59375,21.546875
10425,2021-09-01 09:15:00,3516,11.6875,11.734375,11.734375,11.765625,11.703125,11.890625,12.0625,12.5,13.1875,17.664062,19.890625,20.773438,21.1875,21.398438,21.53125,21.59375,21.546875
10426,2021-09-01 09:30:00,3516,11.671875,11.7109375,11.7109375,11.734375,11.6875,11.859375,12.0078125,12.4453125,13.140625,17.632812,19.859375,20.757812,21.179688,21.390625,21.523438,21.59375,21.53125
10427,2021-09-01 09:45:00,3510,11.78125,11.8203125,11.828125,11.8359375,11.8046875,11.953125,12.1015625,12.5390625,13.21875,17.609375,19.828125,20.734375,21.171875,21.390625,21.523438,21.578125,21.53125
10428,2021-09-01 10:00:00,3510,11.8046875,11.7890625,11.796875,11.8046875,11.7734375,11.9453125,12.09375,12.5625,13.2578125,17.601562,19.796875,20.71875,21.15625,21.382812,21.523438,21.578125,21.523438
10429,2021-09-01 10:15:00,3522,11.828125,11.78125,11.7890625,11.796875,11.765625,11.9375,12.1015625,12.5546875,13.2265625,17.570312,19.757812,20.695312,21.148438,21.375,21.523438,21.570312,21.515625
10430,2021-09-01 10:30:00,3510,11.8125,11.7578125,11.7578125,11.765625,11.734375,11.90625,12.09375,12.5859375,13.28125,17.546875,19.726562,20.664062,21.140625,21.375,21.515625,21.570312,21.515625
10431,2021-09-01 10:45:00,3522,11.7109375,11.6171875,11.625,11.640625,11.6171875,11.8046875,12.015625,12.53125,13.2265625,17.5,19.695312,20.648438,21.132812,21.375,21.507812,21.570312,21.507812
10432,2021-09-01 11:00:00,3516,11.6796875,11.609375,11.6171875,11.6171875,11.6015625,11.78125,11.9609375,12.453125,13.1953125,17.484375,19.664062,20.632812,21.125,21.367188,21.507812,21.5625,21.5
10433,2021-09-01 11:15:00,3528,11.671875,11.609375,11.6171875,11.625,11.6015625,11.765625,11.921875,12.3671875,13.0390625,17.429688,19.640625,20.609375,21.117188,21.351562,21.507812,21.5625,21.492188
10434,2021-09-01 11:30:00,3510,11.65625,11.5703125,11.5859375,11.5703125,11.5625,11.7265625,11.890625,12.34375,13.0390625,17.398438,19.609375,20.59375,21.101562,21.359375,21.5,21.554688,21.484375
10435,2021-09-01 11:45:00,3516,11.6171875,11.515625,11.5234375,11.515625,11.5,11.6640625,11.8046875,12.234375,12.890625,17.359375,19.578125,20.570312,21.085938,21.351562,21.5,21.546875,21.476562
10436,2021-09-01 12:00:00,3510,11.59375,11.515625,11.515625,11.5234375,11.5078125,11.671875,11.828125,12.2421875,12.8984375,17.328125,19.546875,20.554688,21.078125,21.351562,21.492188,21.546875,21.476562
10437,2021-09-01 12:15:00,3510,11.625,11.578125,11.5859375,11.5859375,11.5703125,11.7265625,11.8984375,12.3359375,13.0,17.289062,19.515625,20.53125,21.070312,21.335938,21.484375,21.539062,21.46875
10438,2021-09-01 12:30:00,3510,11.6015625,11.5390625,11.5390625,11.5390625,11.5234375,11.671875,11.8359375,12.234375,12.9140625,17.265625,19.492188,20.515625,21.054688,21.328125,21.476562,21.53125,21.460938
10439,2021-09-01 12:45:00,3510,11.5703125,11.4921875,11.5,11.4921875,11.4765625,11.625,11.78125,12.203125,12.84375,17.21875,19.46875,20.492188,21.046875,21.320312,21.476562,21.523438,21.453125
10440,2021-09-01 13:00:00,3510,11.5625,11.4921875,11.5,11.5,11.484375,11.640625,11.8046875,12.2265625,12.8828125,17.203125,19.4375,20.46875,21.03125,21.3125,21.476562,21.523438,21.445312
10441,2021-09-01 13:15:00,3504,11.5390625,11.46875,11.4765625,11.46875,11.4609375,11.625,11.796875,12.203125,12.84375,17.171875,19.40625,20.445312,21.015625,21.3125,21.46875,21.515625,21.4375
10442,2021-09-01 13:30:00,3504,11.515625,11.4296875,11.4453125,11.4375,11.421875,11.5703125,11.7265625,12.1484375,12.796875,17.125,19.375,20.429688,21.0,21.304688,21.453125,21.507812,21.421875
10443,2021-09-01 13:45:00,3510,11.5078125,11.4453125,11.4453125,11.4453125,11.4375,11.578125,11.734375,12.140625,12.7734375,17.101562,19.351562,20.40625,20.984375,21.296875,21.453125,21.5,21.414062
10444,2021-09-01 14:00:00,3510,11.5703125,11.5234375,11.53125,11.5234375,11.515625,11.65625,11.84375,12.25,12.8828125,17.101562,19.3125,20.382812,20.96875,21.289062,21.453125,21.492188,21.40625
10445,2021-09-01 14:15:00,3504,11.671875,11.6484375,11.671875,11.65625,11.6484375,11.78125,11.953125,12.3515625,12.9609375,17.085938,19.289062,20.359375,20.960938,21.28125,21.445312,21.492188,21.398438
10446,2021-09-01 14:30:00,3510,11.8203125,11.8046875,11.8203125,11.7890625,11.8046875,11.90625,12.0390625,12.375,12.9296875,17.078125,19.265625,20.34375,20.945312,21.273438,21.4375,21.484375,21.390625
10447,2021-09-01 14:45:00,3516,11.9765625,11.9453125,11.96875,11.9375,11.9765625,12.0859375,12.2734375,12.671875,13.234375,17.09375,19.234375,20.320312,20.9375,21.265625,21.421875,21.484375,21.375
10448,2021-09-01 15:00:00,3504,12.2109375,12.203125,12.2265625,12.1640625,12.234375,12.3203125,12.53125,12.921875,13.484375,17.132812,19.210938,20.296875,20.914062,21.257812,21.421875,21.46875,21.367188
10449,2021-09-01 15:15:00,3510,12.4921875,12.4609375,12.484375,12.40625,12.484375,12.546875,12.7109375,13.0546875,13.5703125,17.164062,19.1875,20.28125,20.90625,21.242188,21.414062,21.460938,21.359375
10450,2021-09-01 15:30:00,3510,12.84375,12.875,12.9140625,12.8046875,12.9296875,12.9609375,13.171875,13.5234375,14.015625,17.21875,19.15625,20.257812,20.882812,21.234375,21.40625,21.453125,21.34375
10451,2021-09-01 15:45:00,3504,13.2890625,13.234375,13.28125,13.1484375,13.3046875,13.359375,13.5546875,13.9296875,14.3828125,17.304688,19.148438,20.234375,20.875,21.226562,21.398438,21.453125,21.335938
10452,2021-09-01 16:00:00,3510,13.640625,13.59375,13.6328125,13.46875,13.640625,13.6875,13.8828125,14.25,14.6875,17.390625,19.117188,20.210938,20.859375,21.21875,21.390625,21.4375,21.328125
10453,2021-09-01 16:15:00,3510,14.765625,15.0234375,15.109375,14.828125,15.0546875,15.0546875,15.3046875,15.6640625,15.953125,17.59375,19.101562,20.1875,20.84375,21.203125,21.382812,21.421875,21.320312
10454,2021-09-01 16:30:00,3510,15.25,14.9453125,15.015625,14.8359375,14.953125,15.15625,15.2421875,15.625,16.015625,17.75,19.085938,20.164062,20.828125,21.1875,21.375,21.421875,21.304688
10455,2021-09-01 16:45:00,3510,16.0,15.7578125,15.8125,15.6640625,15.671875,15.9921875,16.054688,16.445312,16.765625,17.898438,19.078125,20.15625,20.8125,21.179688,21.367188,21.398438,21.296875
10456,2021-09-01 17:00:00,3510,17.09375,16.765625,16.890625,16.726562,16.726562,17.140625,17.15625,17.617188,17.914062,18.164062,19.070312,20.132812,20.796875,21.171875,21.359375,21.398438,21.289062
10457,2021-09-01 17:15:00,3510,18.210938,18.367188,18.570312,18.085938,18.039062,18.335938,18.3125,18.617188,18.773438,18.359375,19.070312,20.109375,20.78125,21.15625,21.351562,21.390625,21.273438
10458,2021-09-01 17:30:00,3504,20.671875,20.296875,20.671875,20.101562,19.90625,20.554688,20.273438,20.695312,20.84375,18.859375,19.070312,20.085938,20.765625,21.148438,21.34375,21.390625,21.265625
10459,2021-09-01 17:45:00,3504,23.265625,22.65625,22.953125,22.195312,21.992188,22.59375,22.242188,22.757812,23.007812,19.476562,19.078125,20.070312,20.75,21.132812,21.328125,21.375,21.25
10460,2021-09-01 18:00:00,3510,23.054688,21.46875,21.523438,20.976562,20.945312,21.546875,21.367188,22.164062,22.65625,19.664062,19.101562,20.054688,20.726562,21.125,21.320312,21.367188,21.242188
10461,2021-09-01 18:15:00,3510,21.898438,20.03125,20.03125,19.554688,19.859375,20.390625,20.390625,21.179688,21.8125,19.773438,19.125,20.039062,20.710938,21.117188,21.3125,21.359375,21.226562
10462,2021-09-01 18:30:00,3504,21.273438,20.054688,20.125,19.554688,19.828125,20.25,20.367188,21.234375,21.828125,19.8125,19.164062,20.023438,20.695312,21.09375,21.304688,21.34375,21.210938
10463,2021-09-01 18:45:00,3510,20.53125,19.132812,19.242188,18.6875,19.0625,19.515625,19.5625,20.429688,21.101562,19.84375,19.195312,20.015625,20.679688,21.09375,21.296875,21.335938,21.203125
10464,2021-09-01 19:00:00,3522,20.054688,19.148438,19.148438,18.59375,18.945312,19.257812,19.429688,20.140625,20.71875,19.789062,19.25,20.0,20.664062,21.078125,21.28125,21.328125,21.1875
10465,2021-09-01 19:15:00,3510,20.195312,19.476562,19.546875,18.984375,19.398438,19.8125,20.078125,21.023438,21.679688,19.9375,19.289062,19.992188,20.648438,21.0625,21.273438,21.3125,21.171875
10466,2021-09-01 19:30:00,3510,20.0,19.34375,19.515625,18.9375,19.351562,19.578125,19.84375,20.546875,21.070312,19.914062,19.320312,19.984375,20.632812,21.046875,21.265625,21.304688,21.164062
10467,2021-09-01 19:45:00,3504,20.09375,19.3125,19.40625,18.859375,19.242188,19.515625,19.65625,20.3125,20.804688,19.914062,19.367188,19.984375,20.617188,21.03125,21.25,21.296875,21.148438
10468,2021-09-01 20:00:00,3504,20.671875,19.953125,20.101562,19.484375,19.875,20.257812,20.554688,21.414062,21.929688,20.132812,19.398438,19.984375,20.601562,21.023438,21.242188,21.28125,21.140625
10469,2021-09-01 20:15:00,3510,21.578125,20.484375,20.609375,19.882812,20.351562,20.734375,20.976562,22.015625,22.648438,20.414062,19.445312,19.984375,20.585938,21.015625,21.234375,21.265625,21.125
10470,2021-09-01 20:30:00,3510,21.804688,20.890625,20.828125,20.0625,20.578125,20.96875,21.28125,22.078125,22.5625,20.453125,19.476562,19.984375,20.578125,21.0,21.21875,21.257812,21.117188
10471,2021-09-01 20:45:00,3510,22.414062,21.820312,21.679688,20.890625,21.445312,21.929688,22.382812,23.242188,23.65625,20.648438,19.515625,19.984375,20.5625,20.984375,21.203125,21.25,21.101562
10472,2021-09-01 21:00:00,3510,23.015625,22.585938,22.257812,21.382812,21.898438,22.34375,22.734375,23.34375,23.796875,20.898438,19.554688,19.984375,20.554688,20.96875,21.195312,21.234375,21.085938
10473,2021-09-01 21:15:00,3510,23.875,22.46875,22.148438,21.210938,21.890625,22.671875,23.140625,24.21875,24.953125,21.28125,19.59375,19.984375,20.546875,20.960938,21.1875,21.226562,21.070312
10474,2021-09-01 21:30:00,3510,23.140625,21.5,21.195312,20.460938,21.039062,21.554688,22.15625,23.304688,24.21875,21.34375,19.648438,19.992188,20.539062,20.945312,21.171875,21.210938,21.054688
10475,2021-09-01 21:45:00,3510,23.75,21.828125,21.164062,20.429688,21.101562,22.0,22.390625,23.414062,24.273438,21.515625,19.703125,20.0,20.523438,20.9375,21.164062,21.203125,21.046875
10476,2021-09-01 22:00:00,3522,23.171875,21.34375,20.726562,20.265625,20.890625,21.710938,22.125,23.390625,24.34375,21.554688,19.75,20.007812,20.515625,20.921875,21.148438,21.195312,21.03125
10477,2021-09-01 22:15:00,3510,23.164062,21.476562,21.0,20.601562,21.21875,22.015625,22.414062,23.515625,24.445312,21.726562,19.804688,20.015625,20.507812,20.90625,21.132812,21.179688,21.015625
10478,2021-09-01 22:30:00,3510,22.507812,20.53125,20.21875,19.945312,20.546875,21.3125,21.929688,23.0625,23.84375,21.703125,19.867188,20.023438,20.5,20.898438,21.125,21.164062,21.007812
10479,2021-09-01 22:45:00,3522,21.125,19.390625,19.148438,18.679688,19.140625,19.539062,19.726562,20.484375,21.304688,21.335938,19.921875,20.03125,20.492188,20.882812,21.101562,21.15625,20.992188
10480,2021-09-01 23:00:00,3522,19.5625,18.289062,18.046875,17.859375,18.078125,18.40625,18.632812,19.304688,20.101562,20.960938,19.976562,20.046875,20.476562,20.867188,21.101562,21.140625,20.976562
10481,2021-09-01 23:15:00,3510,17.820312,16.851562,16.6875,16.625,16.710938,16.976562,17.140625,17.710938,18.4375,20.515625,20.023438,20.054688,20.476562,20.859375,21.085938,21.132812,20.96875
10482,2021-09-01 23:30:00,3510,17.375,17.210938,17.09375,16.9375,17.1875,17.328125,17.585938,18.0625,18.617188,20.304688,20.054688,20.070312,20.46875,20.851562,21.078125,21.117188,20.953125
10483,2021-09-01 23:45:00,3510,17.03125,16.742188,16.609375,16.46875,16.703125,16.945312,17.203125,17.8125,18.390625,20.140625,20.085938,20.09375,20.460938,20.835938,21.0625,21.101562,20.9375
10484,2021-09-02 00:00:00,3516,16.890625,16.5,16.351562,16.21875,16.398438,16.703125,16.820312,17.375,17.992188,20.039062,20.101562,20.109375,20.460938,20.828125,21.046875,21.09375,20.921875
10485,2021-09-02 00:15:00,3516,16.570312,16.117188,16.015625,15.8671875,16.046875,16.304688,16.390625,16.914062,17.539062,19.890625,20.109375,20.125,20.453125,20.8125,21.039062,21.078125,20.914062
10486,2021-09-02 00:30:00,3510,16.0625,15.7421875,15.65625,15.546875,15.6953125,15.90625,16.054688,16.585938,17.21875,19.742188,20.109375,20.132812,20.453125,20.804688,21.023438,21.070312,20.898438
10487,2021-09-02 00:45:00,3522,15.8671875,15.515625,15.453125,15.3125,15.453125,15.671875,15.7421875,16.234375,16.835938,19.601562,20.101562,20.148438,20.453125,20.789062,21.023438,21.054688,20.890625
10488,2021-09-02 01:00:00,3510,15.640625,15.3828125,15.3046875,15.1640625,15.3046875,15.5625,15.7109375,16.257812,16.898438,19.507812,20.085938,20.164062,20.453125,20.78125,21.007812,21.039062,20.882812
10489,2021-09-02 01:15:00,3516,15.4296875,15.1328125,15.0390625,14.90625,15.0390625,15.3203125,15.484375,16.03125,16.65625,19.390625,20.070312,20.171875,20.445312,20.773438,20.992188,21.03125,20.867188
10490,2021-09-02 01:30:00,3510,15.03125,14.625,14.5546875,14.4609375,14.53125,14.7578125,14.875,15.375,16.03125,19.226562,20.054688,20.1875,20.445312,20.765625,20.984375,21.023438,20.859375
10491,2021-09-02 01:45:00,3510,14.5859375,14.203125,14.1484375,14.09375,14.1328125,14.3984375,14.5234375,15.015625,15.65625,19.0625,20.039062,20.1875,20.445312,20.75,20.96875,21.007812,20.835938
10492,2021-09-02 02:00:00,3510,14.140625,13.8828125,13.8359375,13.78125,13.796875,14.015625,14.140625,14.546875,15.125,18.882812,20.015625,20.195312,20.445312,20.75,20.960938,21.0,20.828125
10493,2021-09-02 02:15:00,3510,13.8203125,13.484375,13.453125,13.4296875,13.4375,13.6875,13.8203125,14.296875,14.9609375,18.773438,19.984375,20.195312,20.445312,20.734375,20.945312,20.984375,20.820312
10494,2021-09-02 02:30:00,3516,13.515625,13.28125,13.234375,13.234375,13.2265625,13.453125,13.65625,14.140625,14.7890625,18.632812,19.960938,20.195312,20.445312,20.726562,20.929688,20.976562,20.804688
10495,2021-09-02 02:45:00,3510,13.3203125,13.1015625,13.0703125,13.0546875,13.0546875,13.28125,13.4453125,13.9140625,14.578125,18.523438,19.929688,20.203125,20.445312,20.726562,20.921875,20.960938,20.796875
10496,2021-09-02 03:00:00,3510,13.1328125,12.984375,12.96875,12.9609375,12.9453125,13.1484375,13.3125,13.78125,14.453125,18.421875,19.898438,20.203125,20.445312,20.710938,20.914062,20.953125,20.789062
10497,2021-09-02 03:15:00,3522,13.015625,12.859375,12.84375,12.828125,12.8046875,13.0078125,13.1640625,13.609375,14.2578125,18.320312,19.859375,20.203125,20.445312,20.703125,20.90625,20.9375,20.773438
10498,2021-09-02 03:30:00,3510,12.9140625,12.7734375,12.7578125,12.75,12.7265625,12.9140625,13.078125,13.515625,14.15625,18.242188,19.835938,20.195312,20.4375,20.703125,20.898438,20.929688,20.765625
10499,2021-09-02 03:45:00,3510,12.8359375,12.6640625,12.65625,12.65625,12.6484375,12.8671875,13.046875,13.53125,14.171875,18.171875,19.796875,20.1875,20.445312,20.695312,20.890625,20.914062,20.75
10500,2021-09-02 04:00:00,3510,12.609375,12.46875,12.453125,12.4765625,12.4375,12.6171875,12.7265625,13.140625,13.8125,18.078125,19.757812,20.179688,20.4375,20.6875,20.875,20.90625,20.742188
10501,2021-09-02 04:15:00,3510,12.5859375,12.515625,12.5078125,12.515625,12.4765625,12.6484375,12.78125,13.1640625,13.78125,17.992188,19.726562,20.179688,20.4375,20.679688,20.875,20.898438,20.734375
10502,2021-09-02 04:30:00,3504,12.5703125,12.4921875,12.484375,12.4921875,12.453125,12.640625,12.78125,13.2109375,13.8359375,17.9375,19.6875,20.171875,20.4375,20.671875,20.859375,20.882812,20.726562
10503,2021-09-02 04:45:00,3510,12.5078125,12.453125,12.4453125,12.4453125,12.421875,12.578125,12.71875,13.109375,13.703125,17.859375,19.648438,20.164062,20.4375,20.671875,20.84375,20.875,20.710938
10504,2021-09-02 05:00:00,3522,12.46875,12.390625,12.3828125,12.3828125,12.359375,12.5078125,12.6328125,13.0,13.59375,17.796875,19.617188,20.140625,20.429688,20.664062,20.835938,20.867188,20.703125
10505,2021-09-02 05:15:00,3504,12.484375,12.453125,12.453125,12.453125,12.4296875,12.5703125,12.703125,13.0625,13.6328125,17.742188,19.578125,20.140625,20.429688,20.65625,20.835938,20.851562,20.695312
10506,2021-09-02 05:30:00,3504,12.4609375,12.4140625,12.40625,12.3984375,12.375,12.53125,12.6640625,13.03125,13.5859375,17.6875,19.53125,20.125,20.421875,20.648438,20.8125,20.84375,20.6875
10507,2021-09-02 05:45:00,3510,12.453125,12.3671875,12.359375,12.3671875,12.34375,12.5,12.65625,13.046875,13.6484375,17.648438,19.5,20.109375,20.421875,20.648438,20.8125,20.828125,20.679688
10508,2021-09-02 06:00:00,3504,12.4140625,12.3203125,12.3203125,12.3203125,12.3046875,12.46875,12.6328125,13.03125,13.6015625,17.601562,19.460938,20.09375,20.414062,20.640625,20.804688,20.820312,20.664062
10509,2021-09-02 06:15:00,3498,12.3984375,12.328125,12.328125,12.3359375,12.3046875,12.453125,12.609375,13.015625,13.6171875,17.578125,19.429688,20.078125,20.414062,20.632812,20.796875,20.820312,20.65625
10510,2021-09-02 06:30:00,3510,12.3515625,12.2734375,12.265625,12.265625,12.25,12.40625,12.5703125,12.9609375,13.5546875,17.53125,19.390625,20.0625,20.40625,20.625,20.789062,20.804688,20.648438
10511,2021-09-02 06:45:00,3510,12.359375,12.3046875,12.3046875,12.3125,12.2890625,12.4375,12.609375,13.03125,13.609375,17.5,19.359375,20.046875,20.398438,20.625,20.773438,20.796875,20.632812
10512,2021-09-02 07:00:00,3504,12.375,12.3203125,12.328125,12.3203125,12.3125,12.453125,12.6171875,13.0078125,13.578125,17.453125,19.328125,20.03125,20.390625,20.617188,20.773438,20.789062,20.625
10513,2021-09-02 07:15:00,3504,12.34375,12.234375,12.234375,12.234375,12.21875,12.390625,12.5625,12.9921875,13.609375,17.421875,19.296875,20.015625,20.382812,20.609375,20.765625,20.773438,20.617188
10514,2021-09-02 07:30:00,3510,12.3046875,12.2265625,12.2265625,12.234375,12.2265625,12.3984375,12.625,13.0546875,13.640625,17.390625,19.265625,20.007812,20.382812,20.601562,20.757812,20.773438,20.617188
10515,2021-09-02 07:45:00,3510,12.28125,12.1953125,12.203125,12.203125,12.1796875,12.34375,12.5,12.875,13.4765625,17.359375,19.234375,19.984375,20.375,20.601562,20.742188,20.757812,20.601562
10516,2021-09-02 08:00:00,3504,12.265625,12.1953125,12.203125,12.203125,12.1875,12.3515625,12.515625,12.9375,13.546875,17.328125,19.203125,19.96875,20.367188,20.59375,20.742188,20.75,20.59375
10517,2021-09-02 08:15:00,3504,12.234375,12.140625,12.140625,12.140625,12.125,12.28125,12.4453125,12.859375,13.453125,17.289062,19.171875,19.953125,20.359375,20.585938,20.726562,20.734375,20.585938
10518,2021-09-02 08:30:00,3504,12.1875,12.09375,12.0859375,12.09375,12.0703125,12.2265625,12.3984375,12.8046875,13.4140625,17.25,19.140625,19.929688,20.34375,20.578125,20.71875,20.726562,20.578125
10519,2021-09-02 08:45:00,3504,12.125,12.0390625,12.0390625,12.046875,12.0234375,12.171875,12.3359375,12.7265625,13.3203125,17.203125,19.117188,19.914062,20.335938,20.570312,20.71875,20.71875,20.570312
10520,2021-09-02 09:00:00,3504,12.140625,12.078125,12.078125,12.0859375,12.0703125,12.2109375,12.3984375,12.828125,13.453125,17.195312,19.085938,19.898438,20.328125,20.5625,20.703125,20.710938,20.5625
10521,2021-09-02 09:15:00,3504,12.1171875,12.046875,12.046875,12.0546875,12.03125,12.1796875,12.359375,12.7890625,13.3828125,17.15625,19.054688,19.875,20.320312,20.554688,20.695312,20.703125,20.554688
10522,2021-09-02 09:30:00,3510,12.1015625,12.0390625,12.03125,12.0390625,12.0234375,12.15625,12.3359375,12.71875,13.3046875,17.117188,19.03125,19.859375,20.304688,20.554688,20.6875,20.695312,20.539062
10523,2021-09-02 09:45:00,3504,12.1015625,12.046875,12.046875,12.0546875,12.046875,12.203125,12.3828125,12.765625,13.34375,17.085938,19.0,19.84375,20.296875,20.546875,20.6875,20.6875,20.53125
10524,2021-09-02 10:00:00,3498,12.1015625,12.0625,12.0703125,12.078125,12.0546875,12.203125,12.3671875,12.7578125,13.34375,17.070312,18.96875,19.820312,20.28125,20.539062,20.679688,20.679688,20.523438
10525,2021-09-02 10:15:00,3504,12.109375,12.0625,12.0703125,12.078125,12.0546875,12.21875,12.40625,12.8125,13.3984375,17.046875,18.945312,19.804688,20.273438,20.53125,20.671875,20.664062,20.507812
10526,2021-09-02 10:30:00,3504,12.125,12.0703125,12.078125,12.0859375,12.0703125,12.21875,12.3828125,12.78125,13.375,17.03125,18.921875,19.789062,20.265625,20.523438,20.65625,20.65625,20.507812
10527,2021-09-02 10:45:00,3504,12.1484375,12.1015625,12.09375,12.1015625,12.0859375,12.2265625,12.421875,12.8359375,13.4140625,17.015625,18.898438,19.765625,20.257812,20.515625,20.648438,20.648438,20.492188
10528,2021-09-02 11:00:00,3504,12.1640625,12.125,12.125,12.1328125,12.1171875,12.265625,12.453125,12.859375,13.4375,17.0,18.867188,19.75,20.242188,20.507812,20.640625,20.640625,20.484375
10529,2021-09-02 11:15:00,3498,12.2265625,12.2109375,12.21875,12.2265625,12.2109375,12.390625,12.640625,13.109375,13.6953125,17.007812,18.84375,19.734375,20.234375,20.5,20.632812,20.640625,20.476562
10530,2021-09-02 11:30:00,3504,12.2265625,12.1875,12.1953125,12.2109375,12.1875,12.3515625,12.53125,12.9609375,13.5546875,17.007812,18.820312,19.710938,20.21875,20.492188,20.632812,20.625,20.46875
10531,2021-09-02 11:45:00,3498,12.2578125,12.2421875,12.25,12.2578125,12.234375,12.390625,12.5625,12.953125,13.53125,16.984375,18.804688,19.695312,20.203125,20.484375,20.617188,20.617188,20.460938
10532,2021-09-02 12:00:00,3498,12.265625,12.2109375,12.21875,12.234375,12.21875,12.4140625,12.671875,13.1484375,13.7421875,17.0,18.773438,19.671875,20.195312,20.46875,20.609375,20.609375,20.445312
10533,2021-09-02 12:15:00,3492,12.25,12.1796875,12.1875,12.1953125,12.1875,12.375,12.59375,13.046875,13.59375,16.984375,18.75,19.65625,20.1875,20.46875,20.601562,20.601562,20.4375
10534,2021-09-02 12:30:00,3498,12.203125,12.1328125,12.125,12.1484375,12.125,12.3203125,12.5546875,13.0,13.5546875,16.945312,18.726562,19.640625,20.164062,20.453125,20.59375,20.59375,20.421875
10535,2021-09-02 12:45:00,3498,12.1953125,12.140625,12.1328125,12.1484375,12.1328125,12.3203125,12.5703125,13.046875,13.5859375,16.929688,18.703125,19.625,20.15625,20.445312,20.585938,20.578125,20.414062
10536,2021-09-02 13:00:00,3498,12.1796875,12.1328125,12.125,12.140625,12.1171875,12.28125,12.5078125,12.9609375,13.546875,16.921875,18.695312,19.609375,20.140625,20.4375,20.578125,20.578125,20.40625
10537,2021-09-02 13:15:00,3504,12.203125,12.1640625,12.1640625,12.1796875,12.1484375,12.296875,12.5078125,12.9140625,13.4609375,16.890625,18.664062,19.585938,20.125,20.421875,20.570312,20.5625,20.398438
10538,2021-09-02 13:30:00,3504,12.21875,12.1796875,12.1796875,12.203125,12.1796875,12.359375,12.5859375,13.0234375,13.578125,16.882812,18.648438,19.570312,20.117188,20.414062,20.554688,20.546875,20.382812
10539,2021-09-02 13:45:00,3498,12.1796875,12.1015625,12.1015625,12.1171875,12.09375,12.2578125,12.46875,12.9140625,13.5,16.867188,18.625,19.546875,20.101562,20.398438,20.554688,20.539062,20.375
10540,2021-09-02 14:00:00,3498,12.2265625,12.1953125,12.203125,12.2109375,12.1953125,12.3359375,12.5078125,12.90625,13.4609375,16.84375,18.609375,19.53125,20.085938,20.398438,20.539062,20.53125,20.359375
10541,2021-09-02 14:15:00,3498,12.3125,12.3125,12.328125,12.328125,12.3359375,12.5,12.7578125,13.2265625,13.7734375,16.859375,18.585938,19.507812,20.0625,20.382812,20.53125,20.523438,20.351562
10542,2021-09-02 14:30:00,3498,12.4609375,12.484375,12.5078125,12.4765625,12.5,12.6640625,12.8828125,13.2890625,13.7890625,16.867188,18.570312,19.492188,20.054688,20.375,20.523438,20.507812,20.34375
10543,2021-09-02 14:45:00,3498,12.65625,12.6875,12.703125,12.6796875,12.7265625,12.890625,13.1328125,13.5546875,14.0390625,16.90625,18.554688,19.476562,20.039062,20.359375,20.515625,20.507812,20.335938
10544,2021-09-02 15:00:00,3498,12.84375,12.921875,12.9609375,12.921875,13.0,13.1875,13.4375,13.8203125,14.265625,16.945312,18.539062,19.46875,20.03125,20.351562,20.507812,20.492188,20.320312
10545,2021-09-02 15:15:00,3492,13.09375,13.2421875,13.296875,13.234375,13.3359375,13.5078125,13.765625,14.1484375,14.5625,16.992188,18.515625,19.445312,20.015625,20.34375,20.492188,20.484375,20.304688
10546,2021-09-02 15:30:00,3498,13.3828125,13.515625,13.5703125,13.484375,13.625,13.8203125,14.09375,14.4609375,14.8125,17.054688,18.507812,19.421875,20.0,20.328125,20.476562,20.46875,20.296875
10547,2021-09-02 15:45:00,3498,13.578125,13.609375,13.6484375,13.5546875,13.6796875,13.890625,14.125,14.53125,14.9375,17.109375,18.492188,19.398438,19.984375,20.320312,20.46875,20.46875,20.28125
10548,2021-09-02 16:00:00,3486,13.859375,13.9140625,13.953125,13.84375,13.9921875,14.25,14.46875,14.9140625,15.28125,17.195312,18.476562,19.382812,19.96875,20.304688,20.46875,20.453125,20.273438
10549,2021-09-02 16:15:00,3498,14.0625,14.125,14.1875,14.0546875,14.1953125,14.4296875,14.6640625,15.0546875,15.4140625,17.242188,18.46875,19.367188,19.953125,20.296875,20.453125,20.445312,20.265625
10550,2021-09-02 16:30:00,3498,14.5390625,14.6171875,14.6875,14.515625,14.7265625,14.9921875,15.21875,15.640625,15.921875,17.351562,18.453125,19.351562,19.9375,20.28125,20.4375,20.429688,20.25
10551,2021-09-02 16:45:00,3498,15.078125,15.2421875,15.328125,15.0859375,15.328125,15.5703125,15.75,16.171875,16.4375,17.46875,18.453125,19.335938,19.929688,20.273438,20.429688,20.421875,20.242188
10552,2021-09-02 17:00:00,3498,16.023438,16.53125,16.679688,16.328125,16.695312,16.898438,17.109375,17.390625,17.429688,17.664062,18.445312,19.320312,19.90625,20.257812,20.421875,20.40625,20.226562
10553,2021-09-02 17:15:00,3498,17.1875,17.59375,17.804688,17.289062,17.609375,17.984375,18.03125,18.34375,18.351562,17.921875,18.453125,19.304688,19.898438,20.242188,20.414062,20.398438,20.210938
10554,2021-09-02 17:30:00,3492,18.476562,18.6875,18.757812,18.265625,18.484375,18.96875,19.0625,19.640625,19.742188,18.242188,18.445312,19.289062,19.882812,20.234375,20.398438,20.390625,20.210938
10555,2021-09-02 17:45:00,3498,20.273438,20.179688,20.203125,19.6875,19.914062,20.625,20.617188,21.3125,21.445312,18.6875,18.453125,19.273438,19.867188,20.21875,20.390625,20.382812,20.195312
10556,2021-09-02 18:00:00,3498,21.40625,22.101562,22.046875,21.632812,21.390625,21.984375,21.71875,22.1875,22.273438,19.007812,18.46875,19.265625,19.851562,20.210938,20.382812,20.367188,20.179688
10557,2021-09-02 18:15:00,3504,22.96875,22.960938,22.625,22.273438,21.679688,22.453125,22.210938,22.898438,23.164062,19.398438,18.492188,19.25,19.835938,20.195312,20.367188,20.359375,20.171875
10558,2021-09-02 18:30:00,3504,22.664062,21.976562,21.726562,21.289062,21.039062,21.773438,21.648438,22.28125,22.625,19.515625,18.523438,19.242188,19.820312,20.179688,20.359375,20.34375,20.15625
10559,2021-09-02 18:45:00,3498,21.578125,20.4375,20.289062,19.828125,20.015625,20.640625,20.898438,21.773438,22.257812,19.617188,18.554688,19.226562,19.8125,20.171875,20.34375,20.328125,20.148438
10560,2021-09-02 19:00:00,3504,22.125,21.867188,21.6875,21.125,21.3125,22.101562,22.304688,23.171875,23.445312,19.773438,18.601562,19.21875,19.796875,20.15625,20.335938,20.320312,20.132812
10561,2021-09-02 19:15:00,3498,22.546875,21.5,21.335938,20.820312,21.0,21.8125,21.671875,22.382812,22.890625,20.015625,18.640625,19.210938,19.78125,20.140625,20.320312,20.304688,20.117188
10562,2021-09-02 19:30:00,3504,22.3125,21.851562,21.390625,20.78125,21.03125,21.320312,21.359375,21.84375,22.289062,20.0625,18.6875,19.203125,19.765625,20.132812,20.3125,20.296875,20.109375
10563,2021-09-02 19:45:00,3504,21.140625,20.1875,20.046875,19.398438,19.90625,20.367188,20.492188,21.0625,21.28125,19.8125,18.734375,19.210938,19.75,20.117188,20.296875,20.289062,20.101562
10564,2021-09-02 20:00:00,3498,23.523438,23.328125,23.21875,22.390625,22.40625,23.210938,23.367188,24.007812,24.140625,20.304688,18.789062,19.203125,19.734375,20.109375,20.28125,20.273438,20.078125
10565,2021-09-02 20:15:00,3504,24.4375,24.875,23.859375,23.359375,23.1875,23.875,25.148438,26.007812,26.125,20.71875,18.835938,19.195312,19.726562,20.09375,20.273438,20.265625,20.070312
10566,2021-09-02 20:30:00,3504,25.40625,25.71875,24.390625,23.898438,23.929688,25.265625,26.273438,26.890625,26.984375,21.15625,18.882812,19.203125,19.71875,20.078125,20.265625,20.25,20.054688
10567,2021-09-02 20:45:00,3504,25.515625,25.070312,23.710938,23.140625,23.484375,25.070312,26.390625,27.34375,27.578125,21.382812,18.9375,19.210938,19.703125,20.0625,20.242188,20.242188,20.039062
10568,2021-09-02 21:00:00,3510,25.34375,23.945312,23.0,22.328125,23.109375,24.585938,25.851562,26.765625,27.03125,21.65625,18.992188,19.21875,19.695312,20.046875,20.234375,20.226562,20.03125
10569,2021-09-02 21:15:00,3504,25.164062,23.820312,22.929688,22.320312,23.125,24.53125,25.695312,26.609375,26.765625,21.648438,19.070312,19.226562,19.679688,20.039062,20.226562,20.210938,20.015625
10570,2021-09-02 21:30:00,3510,25.101562,23.46875,22.671875,22.453125,23.335938,24.796875,25.820312,26.59375,26.78125,21.789062,19.132812,19.226562,19.671875,20.023438,20.210938,20.203125,20.0
10571,2021-09-02 21:45:00,3510,24.867188,22.953125,22.117188,22.039062,22.71875,24.28125,25.453125,26.710938,27.140625,21.921875,19.203125,19.242188,19.671875,20.015625,20.203125,20.1875,19.992188
10572,2021-09-02 22:00:00,3516,25.210938,23.679688,22.789062,23.070312,23.679688,25.515625,25.953125,26.546875,26.703125,21.976562,19.273438,19.242188,19.65625,20.0,20.1875,20.179688,19.976562
10573,2021-09-02 22:15:00,3510,24.507812,22.765625,22.015625,22.304688,23.03125,24.476562,25.492188,26.171875,26.523438,22.046875,19.34375,19.265625,19.648438,19.984375,20.179688,20.164062,19.960938
10574,2021-09-02 22:30:00,3510,23.40625,21.546875,21.390625,21.359375,22.359375,23.398438,24.570312,25.453125,25.789062,22.023438,19.421875,19.28125,19.640625,19.976562,20.164062,20.15625,19.953125
10575,2021-09-02 22:45:00,3516,22.539062,20.5,20.539062,20.320312,21.070312,22.03125,22.625,23.445312,23.84375,21.773438,19.492188,19.304688,19.640625,19.960938,20.15625,20.140625,19.945312
10576,2021-09-02 23:00:00,3522,20.34375,18.9375,18.867188,18.640625,18.984375,19.625,19.765625,20.320312,20.898438,21.25,19.554688,19.320312,19.632812,19.953125,20.132812,20.132812,19.929688
10577,2021-09-02 23:15:00,3516,19.0625,17.882812,17.679688,17.460938,17.796875,18.453125,18.8125,19.84375,20.601562,20.929688,19.609375,19.34375,19.625,19.9375,20.125,20.117188,19.914062
10578,2021-09-02 23:30:00,3510,18.554688,17.9375,17.859375,17.546875,17.96875,18.421875,18.84375,19.695312,20.335938,20.703125,19.65625,19.367188,19.625,19.929688,20.117188,20.109375,19.90625
10579,2021-09-02 23:45:00,3516,18.28125,17.703125,17.640625,17.3125,17.6875,18.078125,18.398438,19.1875,19.789062,20.539062,19.6875,19.382812,19.625,19.914062,20.101562,20.101562,19.890625
10580,2021-09-03 00:00:00,3516,17.765625,17.085938,17.015625,16.742188,17.015625,17.492188,17.882812,18.75,19.382812,20.367188,19.71875,19.40625,19.617188,19.90625,20.085938,20.070312,19.875
10581,2021-09-03 00:15:00,3510,17.125,16.375,16.257812,16.0,16.21875,16.609375,16.796875,17.554688,18.242188,20.125,19.726562,19.4375,19.617188,19.898438,20.070312,20.070312,19.867188
10582,2021-09-03 00:30:00,3510,16.8125,16.40625,16.359375,16.109375,16.304688,16.664062,16.890625,17.515625,18.046875,19.890625,19.742188,19.460938,19.617188,19.882812,20.054688,20.054688,19.859375
10583,2021-09-03 00:45:00,3522,16.335938,15.875,15.8359375,15.6328125,15.78125,16.140625,16.351562,16.976562,17.554688,19.71875,19.742188,19.476562,19.617188,19.875,20.046875,20.039062,19.84375
10584,2021-09-03 01:00:00,3516,15.8828125,15.265625,15.2734375,15.0859375,15.234375,15.6171875,15.796875,16.304688,16.859375,19.515625,19.734375,19.492188,19.617188,19.867188,20.046875,20.03125,19.835938
10585,2021-09-03 01:15:00,3510,15.34375,14.6015625,14.5625,14.46875,14.6015625,14.9296875,15.1953125,15.6796875,16.304688,19.34375,19.726562,19.507812,19.625,19.859375,20.023438,20.015625,19.828125
10586,2021-09-03 01:30:00,3510,15.015625,14.5625,14.5,14.453125,14.53125,14.84375,15.21875,15.765625,16.390625,19.195312,19.710938,19.523438,19.625,19.851562,20.007812,20.007812,19.8125
10587,2021-09-03 01:45:00,3510,14.734375,14.3203125,14.2890625,14.2421875,14.3203125,14.6484375,14.9921875,15.546875,16.226562,19.101562,19.695312,19.539062,19.625,19.84375,20.0,19.992188,19.804688
10588,2021-09-03 02:00:00,3516,14.390625,13.9453125,13.9140625,13.8671875,13.8984375,14.21875,14.53125,15.0546875,15.734375,18.945312,19.671875,19.546875,19.625,19.835938,19.992188,19.984375,19.796875
10589,2021-09-03 02:15:00,3504,13.9765625,13.625,13.6015625,13.5703125,13.578125,13.8984375,14.25,14.8359375,15.53125,18.796875,19.640625,19.554688,19.640625,19.828125,19.976562,19.96875,19.78125
10590,2021-09-03 02:30:00,3516,13.671875,13.3828125,13.34375,13.3203125,13.3125,13.6015625,13.9921875,14.625,15.34375,18.671875,19.609375,19.5625,19.632812,19.820312,19.976562,19.960938,19.773438
10591,2021-09-03 02:45:00,3510,13.46875,13.1953125,13.1875,13.15625,13.140625,13.4453125,13.8046875,14.359375,15.0546875,18.539062,19.585938,19.570312,19.640625,19.820312,19.960938,19.945312,19.765625
10592,2021-09-03 03:00:00,3510,13.3125,13.1015625,13.09375,13.0625,13.0546875,13.3359375,13.7109375,14.2734375,14.953125,18.445312,19.554688,19.570312,19.640625,19.820312,19.945312,19.945312,19.757812
10593,2021-09-03 03:15:00,3510,13.171875,12.953125,12.9453125,12.921875,12.90625,13.1796875,13.5078125,14.078125,14.8046875,18.351562,19.515625,19.578125,19.648438,19.804688,19.9375,19.929688,19.742188
10594,2021-09-03 03:30:00,3510,13.0859375,12.9140625,12.90625,12.890625,12.8828125,13.1796875,13.5625,14.1484375,14.859375,18.273438,19.476562,19.570312,19.65625,19.796875,19.929688,19.921875,19.734375
10595,2021-09-03 03:45:00,3516,12.9453125,12.7578125,12.765625,12.7421875,12.7421875,13.0625,13.46875,14.0703125,14.765625,18.203125,19.445312,19.570312,19.65625,19.796875,19.921875,19.914062,19.726562
10596,2021-09-03 04:00:00,3510,12.875,12.75,12.7421875,12.7265625,12.7109375,13.0078125,13.3828125,13.9296875,14.6015625,18.117188,19.40625,19.578125,19.65625,19.789062,19.914062,19.898438,19.71875
10597,2021-09-03 04:15:00,3522,12.8515625,12.7109375,12.71875,12.7109375,12.6953125,12.9921875,13.3828125,13.984375,14.671875,18.0625,19.375,19.570312,19.65625,19.789062,19.898438,19.890625,19.710938
10598,2021-09-03 04:30:00,3504,12.71875,12.5703125,12.578125,12.5546875,12.5390625,12.7890625,13.09375,13.6171875,14.3046875,17.976562,19.335938,19.5625,19.65625,19.78125,19.898438,19.875,19.695312
10599,2021-09-03 04:45:00,3516,12.734375,12.671875,12.671875,12.65625,12.6484375,12.8984375,13.234375,13.7265625,14.3828125,17.921875,19.296875,19.554688,19.65625,19.773438,19.890625,19.867188,19.695312
10600,2021-09-03 05:00:00,3510,12.65625,12.5,12.53125,12.5,12.4921875,12.765625,13.0859375,13.625,14.3203125,17.867188,19.273438,19.554688,19.65625,19.773438,19.882812,19.859375,19.679688
10601,2021-09-03 05:15:00,3510,12.5859375,12.453125,12.46875,12.4375,12.4296875,12.6875,13.0,13.515625,14.1875,17.796875,19.234375,19.546875,19.65625,19.773438,19.867188,19.851562,19.679688
10602,2021-09-03 05:30:00,3504,12.5390625,12.4140625,12.4375,12.40625,12.390625,12.640625,12.9453125,13.453125,14.1171875,17.742188,19.203125,19.539062,19.65625,19.765625,19.859375,19.84375,19.679688
10603,2021-09-03 05:45:00,3516,12.5,12.3671875,12.40625,12.375,12.3671875,12.6484375,12.984375,13.484375,14.1484375,17.703125,19.164062,19.523438,19.648438,19.757812,19.859375,19.835938,19.664062
10604,2021-09-03 06:00:00,3510,12.421875,12.296875,12.3125,12.296875,12.2890625,12.578125,12.9375,13.4765625,14.140625,17.632812,19.132812,19.515625,19.65625,19.757812,19.851562,19.820312,19.65625
10605,2021-09-03 06:15:00,3510,12.3515625,12.2421875,12.2578125,12.2421875,12.2265625,12.484375,12.8515625,13.40625,14.0703125,17.585938,19.101562,19.5,19.648438,19.757812,19.84375,19.8125,19.648438
10606,2021-09-03 06:30:00,3504,12.3046875,12.1875,12.2109375,12.2109375,12.203125,12.5234375,12.984375,13.6640625,14.3359375,17.578125,19.0625,19.484375,19.648438,19.75,19.835938,19.804688,19.640625
10607,2021-09-03 06:45:00,3510,12.3359375,12.2265625,12.28125,12.2890625,12.265625,12.625,13.078125,13.734375,14.390625,17.578125,19.03125,19.476562,19.648438,19.75,19.828125,19.796875,19.632812
10608,2021-09-03 07:00:00,3504,12.28125,12.1953125,12.2265625,12.21875,12.2109375,12.4921875,12.8125,13.3984375,14.09375,17.523438,19.0,19.46875,19.640625,19.742188,19.820312,19.796875,19.632812
10609,2021-09-03 07:15:00,3510,12.2265625,12.1171875,12.15625,12.1484375,12.1328125,12.421875,12.7890625,13.3046875,13.9375,17.4375,18.976562,19.453125,19.640625,19.742188,19.820312,19.78125,19.617188
10610,2021-09-03 07:30:00,3510,12.25,12.1796875,12.2109375,12.203125,12.171875,12.4453125,12.7578125,13.2265625,13.8203125,17.398438,18.945312,19.445312,19.632812,19.734375,19.8125,19.78125,19.617188
10611,2021-09-03 07:45:00,3504,12.2265625,12.140625,12.1640625,12.15625,12.1328125,12.40625,12.7578125,13.3125,13.96875,17.390625,18.914062,19.421875,19.632812,19.734375,19.804688,19.773438,19.609375
10612,2021-09-03 08:00:00,3498,12.1953125,12.046875,12.1015625,12.0859375,12.0546875,12.34375,12.6484375,13.171875,13.8125,17.34375,18.882812,19.40625,19.625,19.734375,19.796875,19.765625,19.601562
10613,2021-09-03 08:15:00,3510,12.125,12.0390625,12.0703125,12.0546875,12.03125,12.28125,12.5703125,13.0390625,13.640625,17.257812,18.859375,19.390625,19.617188,19.726562,19.789062,19.765625,19.59375
10614,2021-09-03 08:30:00,3516,12.1171875,12.0078125,12.0546875,12.046875,12.015625,12.28125,12.5859375,13.1015625,13.71875,17.242188,18.828125,19.375,19.617188,19.726562,19.789062,19.75,19.59375
10615,2021-09-03 08:45:00,3504,12.09375,12.0078125,12.0546875,12.0390625,12.015625,12.2734375,12.578125,13.1015625,13.7265625,17.203125,18.804688,19.367188,19.609375,19.71875,19.78125,19.742188,19.585938
10616,2021-09-03 09:00:00,3504,12.0625,11.9375,11.984375,11.9765625,11.953125,12.2265625,12.546875,13.0859375,13.71875,17.171875,18.773438,19.351562,19.601562,19.710938,19.78125,19.734375,19.578125
10617,2021-09-03 09:15:00,3504,12.046875,11.953125,11.9921875,11.9765625,11.9453125,12.2265625,12.5625,13.0859375,13.671875,17.140625,18.75,19.335938,19.59375,19.710938,19.773438,19.726562,19.570312
10618,2021-09-03 09:30:00,3504,12.03125,11.953125,11.9921875,11.9921875,11.96875,12.25,12.609375,13.15625,13.78125,17.125,18.71875,19.320312,19.585938,19.710938,19.757812,19.71875,19.570312
10619,2021-09-03 09:45:00,3504,12.0234375,11.9453125,11.984375,11.9765625,11.9453125,12.203125,12.53125,13.046875,13.640625,17.09375,18.6875,19.304688,19.585938,19.703125,19.765625,19.71875,19.5625
10620,2021-09-03 10:00:00,3498,11.9375,11.8125,11.84375,11.84375,11.828125,12.0859375,12.4140625,12.9765625,13.6328125,17.054688,18.664062,19.28125,19.578125,19.695312,19.75,19.710938,19.554688
10621,2021-09-03 10:15:00,3498,11.9453125,11.8671875,11.90625,11.890625,11.875,12.140625,12.5,13.0703125,13.6953125,17.039062,18.640625,19.265625,19.5625,19.695312,19.75,19.703125,19.546875
10622,2021-09-03 10:30:00,3498,11.9375,11.8515625,11.8984375,11.890625,11.875,12.140625,12.46875,13.015625,13.6640625,17.023438,18.609375,19.257812,19.5625,19.6875,19.742188,19.695312,19.539062
10623,2021-09-03 10:45:00,3498,11.9375,11.8359375,11.8828125,11.8828125,11.8515625,12.1328125,12.46875,12.984375,13.59375,16.984375,18.585938,19.234375,19.554688,19.679688,19.742188,19.695312,19.53125
10624,2021-09-03 11:00:00,3504,11.8984375,11.84375,11.8828125,11.8828125,11.8671875,12.140625,12.484375,12.9765625,13.5625,16.953125,18.5625,19.226562,19.539062,19.679688,19.734375,19.679688,19.523438
10625,2021-09-03 11:15:00,3498,11.875,11.7890625,11.8359375,11.828125,11.8046875,12.0703125,12.3671875,12.8671875,13.4921875,16.921875,18.53125,19.203125,19.53125,19.671875,19.726562,19.679688,19.515625
10626,2021-09-03 11:30:00,3504,11.875,11.8046875,11.859375,11.8515625,11.8203125,12.09375,12.421875,12.9140625,13.5,16.882812,18.515625,19.1875,19.523438,19.664062,19.71875,19.671875,19.507812
10627,2021-09-03 11:45:00,3498,11.875,11.7890625,11.84375,11.8359375,11.8125,12.09375,12.4453125,13.0,13.6171875,16.882812,18.484375,19.171875,19.507812,19.664062,19.71875,19.671875,19.507812
10628,2021-09-03 12:00:00,3504,11.84375,11.734375,11.7890625,11.7890625,11.765625,12.0703125,12.4296875,12.9765625,13.59375,16.867188,18.460938,19.15625,19.507812,19.65625,19.710938,19.664062,19.5
10629,2021-09-03 12:15:00,3498,11.8671875,11.8203125,11.859375,11.875,11.859375,12.1484375,12.5,13.015625,13.6328125,16.867188,18.4375,19.140625,19.492188,19.640625,19.703125,19.648438,19.492188
10630,2021-09-03 12:30:00,3498,11.828125,11.6875,11.7578125,11.7578125,11.7265625,12.078125,12.46875,12.9921875,13.5703125,16.828125,18.414062,19.125,19.484375,19.640625,19.695312,19.648438,19.484375
10631,2021-09-03 12:45:00,3498,11.8203125,11.7578125,11.8125,11.828125,11.828125,12.171875,12.6015625,13.1171875,13.671875,16.804688,18.390625,19.109375,19.46875,19.632812,19.695312,19.640625,19.476562
10632,2021-09-03 13:00:00,3498,11.8046875,11.6796875,11.7421875,11.75,11.734375,12.078125,12.5078125,13.0625,13.640625,16.796875,18.375,19.085938,19.460938,19.625,19.6875,19.632812,19.46875
10633,2021-09-03 13:15:00,3504,11.6953125,11.5234375,11.578125,11.5703125,11.5546875,11.8828125,12.265625,12.8125,13.4296875,16.765625,18.34375,19.070312,19.453125,19.617188,19.679688,19.625,19.460938
10634,2021-09-03 13:30:00,3498,11.671875,11.546875,11.59375,11.609375,11.59375,11.921875,12.3125,12.828125,13.4296875,16.726562,18.328125,19.054688,19.429688,19.609375,19.671875,19.617188,19.453125
10635,2021-09-03 13:45:00,3498,11.6640625,11.59375,11.640625,11.6640625,11.65625,12.0234375,12.4765625,13.015625,13.5625,16.703125,18.304688,19.039062,19.429688,19.601562,19.664062,19.609375,19.453125
10636,2021-09-03 14:00:00,3504,11.6328125,11.53125,11.5859375,11.5859375,11.5703125,11.9140625,12.2890625,12.8671875,13.4921875,16.6875,18.28125,19.023438,19.414062,19.59375,19.65625,19.609375,19.4375
10637,2021-09-03 14:15:00,3498,11.7109375,11.6484375,11.7109375,11.7265625,11.734375,12.0859375,12.4921875,12.9765625,13.4921875,16.679688,18.257812,19.007812,19.398438,19.59375,19.648438,19.585938,19.4375
10638,2021-09-03 14:30:00,3498,11.78125,11.7578125,11.8125,11.828125,11.859375,12.234375,12.671875,13.1328125,13.640625,16.6875,18.242188,18.984375,19.390625,19.578125,19.648438,19.585938,19.429688
10639,2021-09-03 14:45:00,3498,11.921875,11.8359375,11.8828125,11.90625,11.9453125,12.328125,12.75,13.296875,13.828125,16.710938,18.226562,18.96875,19.382812,19.570312,19.632812,19.585938,19.414062
10640,2021-09-03 15:00:00,3504,12.0703125,12.0859375,12.1171875,12.140625,12.21875,12.546875,12.90625,13.3125,13.78125,16.703125,18.203125,18.953125,19.375,19.5625,19.632812,19.578125,19.398438
10641,2021-09-03 15:15:00,3498,12.296875,12.21875,12.2890625,12.2578125,12.328125,12.5625,12.6953125,12.90625,13.3359375,16.679688,18.179688,18.9375,19.351562,19.554688,19.625,19.570312,19.398438
10642,2021-09-03 15:30:00,3498,12.5390625,12.359375,12.375,12.3984375,12.53125,12.828125,13.1875,13.6640625,14.140625,16.742188,18.15625,18.921875,19.34375,19.539062,19.617188,19.554688,19.390625
10643,2021-09-03 15:45:00,3498,12.8046875,12.59375,12.609375,12.6328125,12.78125,13.1484375,13.5234375,13.9921875,14.4140625,16.828125,18.140625,18.90625,19.328125,19.53125,19.609375,19.554688,19.382812
10644,2021-09-03 16:00:00,3498,13.375,13.3046875,13.3046875,13.390625,13.625,13.96875,14.359375,14.75,15.03125,16.914062,18.125,18.882812,19.320312,19.523438,19.601562,19.546875,19.375
10645,2021-09-03 16:15:00,3486,14.1640625,14.3828125,14.359375,14.4765625,14.8125,15.046875,15.3671875,15.609375,15.75,17.0625,18.109375,18.875,19.304688,19.515625,19.59375,19.539062,19.359375
10646,2021-09-03 16:30:00,3498,14.96875,15.03125,14.984375,15.015625,15.3828125,15.4765625,15.4140625,15.5546875,15.7890625,17.195312,18.09375,18.851562,19.296875,19.507812,19.585938,19.53125,19.359375
10647,2021-09-03 16:45:00,3498,16.359375,16.539062,16.359375,16.460938,16.492188,16.820312,16.84375,16.929688,16.9375,17.375,18.085938,18.84375,19.28125,19.5,19.578125,19.523438,19.34375
10648,2021-09-03 17:00:00,3492,18.96875,19.1875,19.0,18.929688,18.828125,19.375,19.039062,19.046875,18.898438,17.742188,18.085938,18.828125,19.265625,19.492188,19.570312,19.515625,19.335938
10649,2021-09-03 17:15:00,3498,21.382812,21.132812,21.210938,21.0,20.726562,21.523438,20.578125,20.515625,20.382812,18.15625,18.085938,18.804688,19.25,19.484375,19.554688,19.5,19.328125
10650,2021-09-03 17:30:00,3498,23.148438,22.609375,22.328125,22.242188,22.15625,22.820312,21.664062,21.679688,21.664062,18.546875,18.085938,18.789062,19.242188,19.46875,19.554688,19.5,19.320312
10651,2021-09-03 17:45:00,3498,24.726562,24.046875,23.570312,23.335938,23.554688,24.03125,22.945312,23.109375,23.085938,18.945312,18.109375,18.773438,19.234375,19.460938,19.539062,19.484375,19.3125
10652,2021-09-03 18:00:00,3504,26.085938,25.054688,24.5,24.09375,24.15625,24.046875,23.125,23.234375,23.289062,19.273438,18.125,18.765625,19.210938,19.453125,19.539062,19.484375,19.304688
10653,2021-09-03 18:15:00,3504,27.257812,25.992188,25.695312,25.140625,24.375,24.664062,23.9375,24.335938,24.421875,19.632812,18.15625,18.75,19.203125,19.445312,19.53125,19.46875,19.296875
10654,2021-09-03 18:30:00,3504,28.164062,27.195312,26.703125,26.0625,25.007812,25.070312,24.578125,24.945312,25.132812,19.953125,18.203125,18.734375,19.1875,19.429688,19.523438,19.460938,19.289062
10655,2021-09-03 18:45:00,3504,28.828125,27.609375,26.65625,25.953125,25.40625,26.21875,26.289062,26.875,26.726562,20.289062,18.257812,18.726562,19.171875,19.414062,19.507812,19.453125,19.28125
10656,2021-09-03 19:00:00,3510,28.375,26.078125,25.664062,24.875,24.773438,25.585938,26.101562,27.3125,27.53125,20.773438,18.3125,18.71875,19.171875,19.40625,19.5,19.453125,19.265625
10657,2021-09-03 19:15:00,3516,28.398438,27.226562,26.40625,25.703125,26.578125,26.640625,27.765625,28.609375,28.5625,21.132812,18.375,18.726562,19.148438,19.398438,19.492188,19.4375,19.257812
10658,2021-09-03 19:30:00,3510,29.085938,26.976562,26.078125,25.640625,25.679688,26.242188,27.601562,28.835938,28.828125,21.515625,18.453125,18.71875,19.132812,19.382812,19.484375,19.429688,19.25
10659,2021-09-03 19:45:00,3516,29.21875,27.0,26.125,25.984375,25.671875,26.585938,28.210938,29.554688,29.585938,21.8125,18.515625,18.71875,19.125,19.375,19.46875,19.421875,19.242188
10660,2021-09-03 20:00:00,3516,28.898438,27.710938,26.539062,25.875,25.257812,26.796875,28.421875,29.515625,29.164062,22.078125,18.601562,18.726562,19.117188,19.367188,19.460938,19.414062,19.226562
10661,2021-09-03 20:15:00,3528,28.882812,27.804688,26.273438,25.703125,24.945312,27.070312,28.59375,29.46875,29.242188,22.203125,18.6875,18.734375,19.101562,19.351562,19.460938,19.40625,19.21875
10662,2021-09-03 20:30:00,3522,28.929688,27.53125,26.046875,25.515625,25.523438,28.070312,29.59375,30.4375,30.296875,22.5625,18.78125,18.734375,19.09375,19.34375,19.4375,19.390625,19.210938
10663,2021-09-03 20:45:00,3516,28.390625,26.59375,25.492188,25.109375,25.46875,27.9375,29.851562,30.46875,30.367188,22.765625,18.867188,18.757812,19.085938,19.328125,19.4375,19.382812,19.195312
10664,2021-09-03 21:00:00,3522,28.25,25.742188,25.367188,24.789062,25.515625,28.171875,29.773438,30.335938,30.132812,22.84375,18.960938,18.773438,19.070312,19.320312,19.429688,19.375,19.195312
10665,2021-09-03 21:15:00,3528,28.0625,25.625,25.289062,24.976562,26.0,28.414062,29.8125,30.078125,29.804688,22.953125,19.054688,18.789062,19.070312,19.3125,19.421875,19.367188,19.179688
10666,2021-09-03 21:30:00,3528,27.875,25.578125,25.0,25.03125,25.835938,28.546875,30.015625,30.328125,30.046875,23.117188,19.148438,18.804688,19.0625,19.296875,19.398438,19.359375,19.171875
10667,2021-09-03 21:45:00,3522,27.515625,25.398438,24.71875,25.0625,26.296875,27.90625,28.554688,28.539062,28.554688,22.984375,19.25,18.828125,19.0625,19.289062,19.398438,19.34375,19.164062
10668,2021-09-03 22:00:00,3528,27.554688,25.429688,25.5625,25.828125,27.835938,28.804688,28.640625,28.484375,28.382812,22.820312,19.335938,18.851562,19.054688,19.28125,19.382812,19.335938,19.15625
10669,2021-09-03 22:15:00,3528,26.664062,23.90625,24.0,24.523438,26.609375,27.578125,28.367188,28.882812,29.164062,23.023438,19.4375,18.882812,19.054688,19.265625,19.375,19.320312,19.148438
10670,2021-09-03 22:30:00,3522,26.3125,23.148438,23.742188,24.195312,26.273438,27.148438,27.59375,28.210938,28.414062,23.0,19.507812,18.914062,19.046875,19.257812,19.359375,19.320312,19.132812
10671,2021-09-03 22:45:00,3528,25.179688,22.40625,22.960938,23.3125,25.007812,25.664062,26.109375,26.679688,26.921875,22.875,19.585938,18.9375,19.046875,19.25,19.34375,19.3125,19.125
10672,2021-09-03 23:00:00,3528,21.585938,19.210938,19.007812,19.0,19.03125,19.734375,20.109375,21.023438,22.007812,22.03125,19.664062,18.96875,19.046875,19.242188,19.34375,19.304688,19.117188
10673,2021-09-03 23:15:00,3528,19.359375,18.0625,17.867188,17.882812,17.835938,18.25,18.554688,19.242188,20.125,21.390625,19.734375,19.0,19.046875,19.226562,19.328125,19.289062,19.109375
10674,2021-09-03 23:30:00,3528,18.195312,17.53125,17.359375,17.34375,17.226562,17.539062,17.8125,18.445312,19.234375,20.945312,19.78125,19.03125,19.054688,19.226562,19.328125,19.273438,19.09375
10675,2021-09-03 23:45:00,3534,17.320312,16.867188,16.71875,16.6875,16.570312,16.84375,17.070312,17.617188,18.382812,20.585938,19.8125,19.070312,19.054688,19.210938,19.320312,19.273438,19.085938
10676,2021-09-04 00:00:00,3528,16.789062,16.625,16.445312,16.429688,16.296875,16.507812,16.726562,17.226562,17.914062,20.273438,19.835938,19.101562,19.0625,19.21875,19.304688,19.265625,19.085938
10677,2021-09-04 00:15:00,3528,16.257812,16.070312,15.84375,15.8359375,15.640625,15.9453125,16.296875,16.78125,17.414062,20.023438,19.835938,19.132812,19.070312,19.203125,19.296875,19.242188,19.070312
10678,2021-09-04 00:30:00,3528,15.859375,15.8046875,15.5546875,15.5390625,15.328125,15.6015625,16.09375,16.679688,17.242188,19.789062,19.820312,19.164062,19.070312,19.195312,19.289062,19.242188,19.0625
10679,2021-09-04 00:45:00,3528,15.6953125,15.734375,15.546875,15.515625,15.2890625,15.4921875,15.8359375,16.40625,17.023438,19.617188,19.8125,19.1875,19.078125,19.1875,19.273438,19.234375,19.0625
10680,2021-09-04 01:00:00,3522,15.25,15.1484375,14.8984375,14.875,14.5859375,14.9375,15.6484375,16.210938,16.570312,19.375,19.78125,19.210938,19.085938,19.1875,19.273438,19.226562,19.046875
10681,2021-09-04 01:15:00,3528,14.84375,14.8359375,14.6171875,14.5625,14.2890625,14.515625,14.9375,15.5703125,16.148438,19.15625,19.75,19.234375,19.09375,19.179688,19.265625,19.21875,19.046875
10682,2021-09-04 01:30:00,3522,14.3203125,14.15625,13.9296875,13.921875,13.6015625,13.9765625,14.6640625,15.2109375,15.6171875,18.96875,19.71875,19.25,19.101562,19.179688,19.257812,19.210938,19.039062
10683,2021-09-04 01:45:00,3534,13.8359375,13.8359375,13.671875,13.6875,13.390625,13.734375,14.2265625,14.859375,15.4296875,18.820312,19.679688,19.273438,19.125,19.171875,19.242188,19.203125,19.03125
10684,2021-09-04 02:00:00,3528,13.078125,12.8515625,12.703125,12.734375,12.4921875,13.0390625,13.59375,14.09375,14.5859375,18.546875,19.640625,19.28125,19.125,19.164062,19.242188,19.195312,19.03125
10685,2021-09-04 02:15:00,3522,12.265625,12.171875,12.125,12.1328125,11.9140625,12.375,12.703125,13.1640625,13.8984375,18.414062,19.59375,19.296875,19.132812,19.171875,19.234375,19.1875,19.023438
10686,2021-09-04 02:30:00,3528,11.5859375,11.5,11.4921875,11.546875,11.3203125,11.6484375,11.9296875,12.4375,13.3046875,18.171875,19.554688,19.296875,19.140625,19.171875,19.234375,19.179688,19.007812
10687,2021-09-04 02:45:00,3528,11.015625,10.796875,10.6171875,10.640625,10.34375,10.890625,11.6015625,12.2265625,12.921875,17.976562,19.5,19.3125,19.15625,19.164062,19.21875,19.171875,19.007812
10688,2021-09-04 03:00:00,3522,11.0390625,11.390625,11.3828125,11.375,11.265625,11.6171875,12.1328125,12.65625,13.34375,17.84375,19.453125,19.3125,19.164062,19.164062,19.21875,19.164062,19.007812
10689,2021-09-04 03:15:00,3516,11.5234375,11.8046875,11.8515625,11.796875,11.640625,12.15625,12.703125,13.3125,13.96875,17.875,19.398438,19.3125,19.171875,19.164062,19.210938,19.164062,19.0
10690,2021-09-04 03:30:00,3522,11.1953125,11.1484375,11.03125,11.03125,10.828125,11.3203125,12.0,12.6640625,13.4140625,17.789062,19.34375,19.3125,19.179688,19.164062,19.203125,19.15625,19.0
10691,2021-09-04 03:45:00,3522,11.1171875,11.265625,11.234375,11.21875,11.125,11.5,12.1953125,12.8515625,13.5078125,17.703125,19.289062,19.304688,19.179688,19.164062,19.203125,19.148438,18.992188
10692,2021-09-04 04:00:00,3522,11.40625,11.609375,11.671875,11.625,11.5546875,11.953125,12.4375,13.0625,13.734375,17.679688,19.234375,19.304688,19.1875,19.164062,19.195312,19.148438,18.992188
10693,2021-09-04 04:15:00,3528,11.0859375,10.75,10.6640625,10.6875,10.5234375,11.296875,12.1484375,12.7265625,13.4140625,17.617188,19.1875,19.296875,19.195312,19.164062,19.195312,19.132812,18.992188
10694,2021-09-04 04:30:00,3522,10.1796875,9.890625,9.75,9.8359375,9.796875,10.140625,10.96875,11.5390625,12.203125,17.320312,19.140625,19.289062,19.203125,19.164062,19.1875,19.132812,18.984375
10695,2021-09-04 04:45:00,3522,10.1875,10.265625,10.2265625,10.2734375,10.1171875,10.4765625,11.0390625,11.6171875,12.3046875,17.179688,19.09375,19.28125,19.203125,19.171875,19.1875,19.125,18.984375
10696,2021-09-04 05:00:00,3522,9.71875,9.640625,9.5546875,9.5859375,9.421875,9.78125,10.6328125,11.390625,12.046875,17.0625,19.039062,19.273438,19.210938,19.171875,19.179688,19.125,18.976562
10697,2021-09-04 05:15:00,3510,9.8046875,9.9765625,10.0078125,10.0859375,9.96875,10.2578125,10.71875,11.21875,11.9296875,16.953125,18.992188,19.257812,19.21875,19.171875,19.179688,19.117188,18.976562
10698,2021-09-04 05:30:00,3522,10.015625,10.3046875,10.34375,10.359375,10.2734375,10.5390625,10.9609375,11.40625,12.0625,16.890625,18.9375,19.242188,19.21875,19.171875,19.179688,19.109375,18.976562
10699,2021-09-04 05:45:00,3522,9.5546875,9.4921875,9.40625,9.4296875,9.21875,9.5859375,10.0390625,10.6484375,11.328125,16.726562,18.882812,19.234375,19.21875,19.171875,19.171875,19.109375,18.96875
10700,2021-09-04 06:00:00,3516,9.1328125,9.1484375,9.078125,9.1484375,9.0078125,9.40625,10.09375,10.6015625,11.2578125,16.625,18.828125,19.21875,19.21875,19.171875,19.164062,19.109375,18.976562
10701,2021-09-04 06:15:00,3522,9.140625,9.4453125,9.40625,9.5,9.3046875,9.671875,10.3515625,10.84375,11.4296875,16.554688,18.789062,19.203125,19.21875,19.171875,19.164062,19.101562,18.96875
10702,2021-09-04 06:30:00,3510,8.96875,9.109375,9.0,9.0859375,8.84375,9.40625,10.2109375,10.484375,10.9296875,16.367188,18.734375,19.179688,19.21875,19.179688,19.164062,19.101562,18.96875
10703,2021-09-04 06:45:00,3516,8.8203125,9.09375,9.0078125,9.1171875,8.953125,9.359375,10.078125,10.40625,10.8125,16.234375,18.679688,19.164062,19.21875,19.179688,19.164062,19.09375,18.96875
10704,2021-09-04 07:00:00,3516,8.7265625,8.9453125,8.8671875,8.953125,8.8046875,9.296875,10.1171875,10.390625,10.7734375,16.132812,18.625,19.148438,19.21875,19.179688,19.164062,19.09375,18.96875
10705,2021-09-04 07:15:00,3516,9.65625,10.71875,10.6484375,10.8359375,10.90625,10.71875,11.1015625,11.3125,11.5859375,16.15625,18.570312,19.132812,19.21875,19.1875,19.15625,19.09375,18.96875
10706,2021-09-04 07:30:00,3516,10.234375,10.921875,10.8203125,10.9375,10.859375,10.8671875,11.1875,11.4453125,11.8515625,16.25,18.515625,19.109375,19.210938,19.179688,19.15625,19.085938,18.960938
10707,2021-09-04 07:45:00,3510,10.2890625,10.7265625,10.578125,10.765625,10.6953125,10.6171875,10.953125,11.2265625,11.6640625,16.242188,18.460938,19.085938,19.210938,19.1875,19.15625,19.085938,18.96875
10708,2021-09-04 08:00:00,3510,10.3828125,10.78125,10.5546875,10.7109375,10.6015625,10.6796875,11.1484375,11.3515625,11.6640625,16.171875,18.40625,19.0625,19.203125,19.179688,19.15625,19.085938,18.96875
10709,2021-09-04 08:15:00,3516,10.3046875,10.7265625,10.515625,10.6875,10.6484375,10.609375,10.9375,11.1484375,11.53125,16.117188,18.359375,19.046875,19.195312,19.1875,19.15625,19.078125,18.960938
10710,2021-09-04 08:30:00,3516,10.640625,11.2421875,11.0546875,11.2265625,11.1953125,11.1484375,11.4453125,11.640625,11.9921875,16.15625,18.320312,19.023438,19.195312,19.179688,19.15625,19.085938,18.960938
10711,2021-09-04 08:45:00,3510,10.734375,11.171875,11.0,11.15625,11.046875,11.0546875,11.3671875,11.578125,11.9453125,16.171875,18.273438,19.0,19.1875,19.179688,19.15625,19.078125,18.960938
10712,2021-09-04 09:00:00,3510,10.53125,11.0234375,10.796875,11.0,10.984375,10.8125,11.1171875,11.2421875,11.484375,16.054688,18.242188,18.976562,19.179688,19.179688,19.15625,19.078125,18.960938
10713,2021-09-04 09:15:00,3522,11.25,12.2734375,12.1328125,12.4296875,12.453125,12.046875,12.3671875,12.5,12.6875,16.125,18.203125,18.953125,19.171875,19.179688,19.15625,19.078125,18.960938
10714,2021-09-04 09:30:00,3516,11.5234375,12.09375,12.0234375,12.2890625,12.1796875,12.1171875,12.53125,12.671875,12.8515625,16.1875,18.148438,18.929688,19.164062,19.179688,19.148438,19.070312,18.953125
10715,2021-09-04 09:45:00,3510,11.59375,12.2890625,12.1875,12.40625,12.3046875,12.2578125,12.546875,12.6953125,12.9140625,16.21875,18.117188,18.90625,19.15625,19.179688,19.148438,19.078125,18.953125
10716,2021-09-04 10:00:00,3510,11.8125,12.484375,12.375,12.5390625,12.4140625,12.421875,12.6328125,12.765625,12.9921875,16.273438,18.085938,18.882812,19.148438,19.171875,19.148438,19.070312,18.953125
10717,2021-09-04 10:15:00,3516,11.6015625,11.5625,11.453125,11.625,11.4296875,11.765625,12.1328125,12.171875,12.4765625,16.234375,18.0625,18.859375,19.140625,19.171875,19.140625,19.070312,18.953125
10718,2021-09-04 10:30:00,3516,11.6796875,12.3515625,12.25,12.4375,12.34375,12.3046875,12.5390625,12.671875,12.9375,16.210938,18.03125,18.835938,19.132812,19.171875,19.148438,19.070312,18.945312
10719,2021-09-04 10:45:00,3510,11.765625,12.3515625,12.2734375,12.46875,12.3125,12.234375,12.484375,12.6328125,12.9375,16.234375,18.0,18.8125,19.117188,19.164062,19.140625,19.0625,18.953125
10720,2021-09-04 11:00:00,3510,11.46875,11.578125,11.4140625,11.578125,11.3671875,11.46875,11.8046875,11.921875,12.21875,16.140625,17.976562,18.789062,19.109375,19.164062,19.148438,19.070312,18.945312
10721,2021-09-04 11:15:00,3510,12.0078125,12.7734375,12.6484375,12.8125,12.703125,12.6640625,12.875,12.96875,13.1328125,16.195312,17.945312,18.765625,19.101562,19.15625,19.140625,19.0625,18.945312
10722,2021-09-04 11:30:00,3510,12.3125,12.6484375,12.4453125,12.6484375,12.515625,12.359375,12.625,12.75,12.96875,16.195312,17.921875,18.742188,19.085938,19.15625,19.140625,19.054688,18.945312
10723,2021-09-04 11:45:00,3510,12.359375,12.7109375,12.53125,12.7890625,12.71875,12.4609375,12.78125,12.9296875,13.0703125,16.164062,17.90625,18.71875,19.070312,19.148438,19.140625,19.054688,18.9375
10724,2021-09-04 12:00:00,3504,12.140625,12.34375,12.1015625,12.2890625,12.0390625,12.0546875,12.34375,12.5625,12.875,16.148438,17.882812,18.703125,19.054688,19.148438,19.132812,19.054688,18.929688
10725,2021-09-04 12:15:00,3504,11.390625,11.2578125,11.078125,11.2265625,10.9296875,11.140625,11.5546875,11.6015625,11.8203125,15.9375,17.859375,18.679688,19.046875,19.140625,19.132812,19.054688,18.9375
10726,2021-09-04 12:30:00,3504,11.0625,11.109375,10.921875,11.0390625,10.765625,11.03125,11.578125,11.734375,12.03125,15.890625,17.828125,18.65625,19.03125,19.132812,19.125,19.054688,18.9375
10727,2021-09-04 12:45:00,3504,10.34375,9.9765625,9.7578125,9.8515625,9.5546875,10.046875,10.6328125,10.578125,10.8125,15.6640625,17.804688,18.640625,19.023438,19.125,19.125,19.046875,18.9375
10728,2021-09-04 13:00:00,3504,9.5078125,9.1875,9.03125,9.1484375,8.828125,9.3515625,10.0078125,10.078125,10.3359375,15.4921875,17.78125,18.617188,19.015625,19.125,19.125,19.046875,18.929688
10729,2021-09-04 13:15:00,3504,9.2265625,9.5546875,9.4765625,9.65625,9.4921875,9.609375,10.3046875,10.5625,10.9140625,15.421875,17.75,18.59375,19.0,19.117188,19.125,19.039062,18.921875
10730,2021-09-04 13:30:00,3504,9.265625,9.8515625,9.7578125,9.8828125,9.703125,9.890625,10.4453125,10.65625,11.0390625,15.4609375,17.710938,18.570312,18.984375,19.117188,19.117188,19.039062,18.921875
10731,2021-09-04 13:45:00,3504,8.96875,9.109375,9.0859375,9.2421875,8.984375,9.59375,10.2578125,10.2421875,10.5078125,15.3125,17.671875,18.554688,18.96875,19.109375,19.117188,19.039062,18.921875
10732,2021-09-04 14:00:00,3510,8.6484375,8.96875,8.9375,9.046875,8.8046875,9.3203125,10.0234375,10.1015625,10.296875,15.140625,17.632812,18.53125,18.960938,19.101562,19.109375,19.03125,18.914062
10733,2021-09-04 14:15:00,3498,8.65625,9.1875,9.2109375,9.390625,9.265625,9.6171875,10.40625,10.6171875,10.90625,15.1953125,17.59375,18.515625,18.945312,19.085938,19.101562,19.03125,18.914062
10734,2021-09-04 14:30:00,3504,9.09375,9.8515625,9.90625,10.0390625,9.9296875,10.1171875,10.6171875,10.875,11.2890625,15.2578125,17.554688,18.484375,18.929688,19.085938,19.09375,19.03125,18.90625
10735,2021-09-04 14:45:00,3504,11.1953125,13.1953125,13.1484375,12.828125,12.5234375,12.6640625,12.703125,12.671875,12.75,15.4921875,17.515625,18.46875,18.914062,19.078125,19.09375,19.03125,18.90625
10736,2021-09-04 15:00:00,3510,13.6328125,14.046875,13.859375,13.5390625,13.1171875,13.1875,13.1875,13.1484375,13.2421875,15.6328125,17.46875,18.445312,18.90625,19.070312,19.09375,19.023438,18.898438
10737,2021-09-04 15:15:00,3504,15.09375,15.09375,15.0859375,14.7578125,14.2734375,14.296875,14.171875,13.9921875,13.96875,15.8046875,17.445312,18.421875,18.890625,19.054688,19.085938,19.015625,18.890625
10738,2021-09-04 15:30:00,3504,16.945312,16.945312,16.90625,16.515625,15.9765625,15.8515625,15.625,15.2578125,14.90625,16.0,17.414062,18.398438,18.875,19.054688,19.085938,19.007812,18.882812
10739,2021-09-04 15:45:00,3504,18.554688,18.1875,18.15625,17.796875,17.210938,17.25,17.117188,16.570312,16.140625,16.289062,17.390625,18.367188,18.859375,19.039062,19.078125,19.007812,18.882812
10740,2021-09-04 16:00:00,3498,19.773438,18.796875,18.664062,18.390625,17.828125,18.304688,17.960938,17.335938,16.78125,16.570312,17.382812,18.34375,18.84375,19.03125,19.070312,19.0,18.882812
10741,2021-09-04 16:15:00,3498,20.625,19.59375,19.335938,19.226562,18.59375,19.21875,18.875,18.367188,17.773438,16.890625,17.367188,18.320312,18.828125,19.023438,19.0625,19.0,18.875
10742,2021-09-04 16:30:00,3498,21.5625,20.664062,20.320312,20.226562,19.632812,19.960938,19.445312,19.101562,18.695312,17.164062,17.375,18.296875,18.8125,19.015625,19.054688,18.992188,18.867188
10743,2021-09-04 16:45:00,3504,22.8125,21.65625,21.132812,21.03125,20.851562,21.203125,20.828125,20.414062,19.84375,17.492188,17.382812,18.273438,18.796875,19.007812,19.054688,18.992188,18.867188
10744,2021-09-04 17:00:00,3510,23.171875,22.304688,22.40625,22.140625,21.5625,22.507812,21.898438,21.71875,21.1875,17.84375,17.398438,18.257812,18.78125,18.992188,19.046875,18.984375,18.851562
10745,2021-09-04 17:15:00,3504,24.335938,24.476562,24.375,23.726562,23.195312,24.164062,23.101562,22.953125,22.546875,18.28125,17.421875,18.234375,18.757812,18.992188,19.046875,18.984375,18.851562
10746,2021-09-04 17:30:00,3504,25.914062,25.789062,25.601562,25.078125,24.796875,25.476562,24.289062,24.375,24.070312,18.742188,17.460938,18.21875,18.734375,18.976562,19.039062,18.976562,18.84375
10747,2021-09-04 17:45:00,3510,27.3125,26.960938,26.546875,26.445312,26.140625,26.265625,25.484375,25.78125,25.4375,19.195312,17.492188,18.203125,18.726562,18.96875,19.023438,18.96875,18.835938
10748,2021-09-04 18:00:00,3510,28.648438,28.09375,27.648438,27.453125,26.96875,27.140625,26.453125,26.96875,26.640625,19.640625,17.539062,18.179688,18.710938,18.953125,19.023438,18.96875,18.835938
10749,2021-09-04 18:15:00,3510,29.617188,29.289062,28.632812,28.148438,27.640625,27.835938,27.109375,27.5,27.445312,20.078125,17.601562,18.171875,18.695312,18.945312,19.007812,18.953125,18.828125
10750,2021-09-04 18:30:00,3516,30.710938,30.234375,29.90625,29.0,27.765625,27.9375,27.734375,28.140625,28.03125,20.382812,17.671875,18.164062,18.679688,18.9375,19.007812,18.953125,18.820312
10751,2021-09-04 18:45:00,3522,31.476562,30.757812,30.054688,29.171875,27.773438,28.679688,28.929688,29.734375,29.46875,20.835938,17.742188,18.164062,18.664062,18.921875,19.0,18.945312,18.8125
10752,2021-09-04 19:00:00,3528,31.976562,30.539062,29.789062,28.5625,28.171875,28.703125,29.140625,30.125,29.765625,21.1875,17.828125,18.15625,18.648438,18.90625,18.992188,18.945312,18.8125
10753,2021-09-04 19:15:00,3522,32.453125,31.484375,30.765625,29.382812,29.796875,29.492188,30.296875,30.976562,30.679688,21.59375,17.914062,18.15625,18.632812,18.90625,18.984375,18.9375,18.804688
10754,2021-09-04 19:30:00,3528,33.234375,31.984375,31.0,30.390625,29.96875,30.203125,31.273438,31.875,31.601562,22.078125,18.007812,18.15625,18.625,18.890625,18.976562,18.929688,18.804688
10755,2021-09-04 19:45:00,3528,33.257812,31.421875,30.507812,30.40625,29.234375,30.210938,32.109375,32.9375,32.367188,22.367188,18.109375,18.171875,18.609375,18.875,18.96875,18.921875,18.796875
10756,2021-09-04 20:00:00,3534,33.421875,32.039062,30.835938,30.125,28.96875,31.21875,32.585938,33.492188,32.851562,22.789062,18.21875,18.179688,18.59375,18.867188,18.960938,18.914062,18.78125
10757,2021-09-04 20:15:00,3534,33.476562,32.773438,30.945312,29.882812,29.0625,32.148438,33.789062,34.507812,33.46875,23.054688,18.320312,18.195312,18.585938,18.859375,18.953125,18.90625,18.78125
10758,2021-09-04 20:30:00,3534,33.679688,32.476562,30.875,30.226562,30.21875,33.023438,34.734375,35.335938,34.171875,23.40625,18.4375,18.21875,18.570312,18.84375,18.945312,18.90625,18.773438
10759,2021-09-04 20:45:00,3540,34.460938,33.28125,32.484375,31.617188,32.296875,35.09375,35.390625,34.867188,33.742188,23.625,18.5625,18.226562,18.570312,18.835938,18.929688,18.890625,18.765625
10760,2021-09-04 21:00:00,3528,34.539062,32.460938,32.21875,31.632812,32.40625,35.765625,36.875,36.882812,35.992188,24.203125,18.671875,18.257812,18.5625,18.828125,18.929688,18.882812,18.757812
10761,2021-09-04 21:15:00,3540,34.515625,32.109375,31.421875,31.851562,32.6875,35.453125,36.078125,35.429688,34.640625,24.328125,18.804688,18.289062,18.546875,18.8125,18.921875,18.882812,18.757812
10762,2021-09-04 21:30:00,3540,34.601562,32.320312,31.375,32.140625,33.09375,36.023438,36.898438,36.523438,35.617188,24.523438,18.929688,18.3125,18.546875,18.804688,18.90625,18.875,18.742188
10763,2021-09-04 21:45:00,3540,34.179688,32.546875,31.273438,32.132812,33.476562,36.210938,36.703125,36.40625,35.46875,24.640625,19.054688,18.34375,18.546875,18.796875,18.90625,18.867188,18.734375
10764,2021-09-04 22:00:00,3552,34.0,31.421875,31.914062,32.109375,33.742188,35.921875,35.421875,34.53125,33.804688,24.609375,19.1875,18.375,18.539062,18.78125,18.890625,18.859375,18.734375
10765,2021-09-04 22:15:00,3552,33.296875,30.414062,31.164062,31.726562,33.460938,35.742188,36.5,35.601562,34.929688,24.75,19.304688,18.414062,18.539062,18.773438,18.882812,18.851562,18.726562
10766,2021-09-04 22:30:00,3546,32.875,30.21875,30.960938,31.632812,33.523438,34.726562,35.859375,35.195312,34.578125,24.851562,19.429688,18.453125,18.539062,18.757812,18.882812,18.84375,18.726562
10767,2021-09-04 22:45:00,3552,32.328125,29.65625,30.34375,30.960938,32.921875,33.015625,33.59375,33.023438,32.460938,24.75,19.546875,18.507812,18.546875,18.757812,18.867188,18.84375,18.710938
10768,2021-09-04 23:00:00,3552,28.4375,25.804688,25.507812,25.5,25.460938,26.054688,26.09375,26.554688,27.078125,23.796875,19.664062,18.554688,18.546875,18.75,18.859375,18.835938,18.710938
10769,2021-09-04 23:15:00,3546,25.9375,24.4375,24.007812,23.984375,23.789062,24.0,24.09375,24.40625,24.820312,23.046875,19.773438,18.601562,18.554688,18.734375,18.851562,18.828125,18.703125
10770,2021-09-04 23:30:00,3546,24.070312,23.09375,22.640625,22.609375,22.382812,22.515625,22.617188,22.96875,23.390625,22.523438,19.859375,18.640625,18.5625,18.734375,18.84375,18.820312,18.703125
10771,2021-09-04 23:45:00,3546,23.242188,22.796875,22.304688,22.25,21.976562,21.820312,21.8125,22.0625,22.4375,22.0625,19.921875,18.6875,18.570312,18.726562,18.835938,18.8125,18.695312
10772,2021-09-05 00:00:00,3552,22.546875,22.125,21.585938,21.546875,21.25,21.132812,21.21875,21.40625,21.632812,21.695312,19.960938,18.75,18.578125,18.71875,18.828125,18.8125,18.695312
10773,2021-09-05 00:15:00,3546,21.992188,21.796875,21.226562,21.195312,20.914062,20.78125,20.84375,20.953125,21.109375,21.421875,19.992188,18.789062,18.59375,18.710938,18.820312,18.796875,18.695312
10774,2021-09-05 00:30:00,3552,21.328125,20.859375,20.328125,20.25,19.851562,19.804688,19.867188,20.101562,20.289062,21.109375,20.0,18.84375,18.609375,18.710938,18.820312,18.796875,18.6875
10775,2021-09-05 00:45:00,3552,20.5625,20.328125,19.8125,19.78125,19.515625,19.484375,19.632812,19.796875,19.960938,20.867188,20.007812,18.890625,18.617188,18.703125,18.8125,18.789062,18.6875
10776,2021-09-05 01:00:00,3546,19.960938,19.71875,19.257812,19.195312,18.828125,18.664062,18.773438,19.0625,19.320312,20.585938,20.0,18.921875,18.632812,18.710938,18.804688,18.789062,18.679688
10777,2021-09-05 01:15:00,3552,19.210938,18.859375,18.445312,18.46875,18.15625,18.101562,18.304688,18.609375,18.859375,20.40625,19.976562,18.96875,18.648438,18.703125,18.796875,18.78125,18.679688
10778,2021-09-05 01:30:00,3546,18.726562,18.484375,17.976562,17.9375,17.617188,17.453125,17.671875,17.90625,18.101562,20.140625,19.953125,19.0,18.664062,18.703125,18.796875,18.773438,18.679688
10779,2021-09-05 01:45:00,3546,18.296875,18.0625,17.578125,17.539062,17.140625,16.929688,17.109375,17.335938,17.515625,19.851562,19.929688,19.03125,18.6875,18.703125,18.78125,18.773438,18.679688
10780,2021-09-05 02:00:00,3540,18.96875,19.726562,19.3125,19.484375,19.476562,18.96875,19.164062,19.15625,18.960938,19.859375,19.898438,19.0625,18.703125,18.703125,18.789062,18.773438,18.6875
10781,2021-09-05 02:15:00,3546,19.890625,20.851562,20.65625,20.953125,20.976562,20.601562,20.773438,20.734375,20.523438,19.921875,19.867188,19.085938,18.71875,18.703125,18.78125,18.765625,18.679688
10782,2021-09-05 02:30:00,3546,20.515625,21.289062,21.226562,21.515625,21.460938,21.171875,21.304688,21.289062,21.21875,20.03125,19.835938,19.117188,18.75,18.710938,18.773438,18.765625,18.679688
10783,2021-09-05 02:45:00,3546,20.601562,21.039062,20.882812,21.117188,21.023438,20.90625,21.0,21.03125,20.96875,20.023438,19.796875,19.132812,18.757812,18.710938,18.765625,18.757812,18.671875
10784,2021-09-05 03:00:00,3540,20.375,20.59375,20.304688,20.492188,20.34375,20.351562,20.46875,20.484375,20.398438,19.976562,19.757812,19.140625,18.78125,18.710938,18.773438,18.757812,18.6875
10785,2021-09-05 03:15:00,3546,19.023438,17.984375,17.867188,18.03125,17.648438,18.492188,18.820312,19.3125,19.640625,19.851562,19.734375,19.15625,18.796875,18.71875,18.773438,18.765625,18.6875
10786,2021-09-05 03:30:00,3546,16.59375,15.5859375,15.1484375,15.296875,15.046875,15.7578125,16.445312,16.804688,17.132812,19.40625,19.703125,19.171875,18.8125,18.726562,18.765625,18.757812,18.6875
10787,2021-09-05 03:45:00,3546,16.914062,16.929688,16.476562,16.632812,16.242188,16.171875,16.625,16.875,16.960938,19.226562,19.671875,19.1875,18.835938,18.734375,18.765625,18.757812,18.695312
10788,2021-09-05 04:00:00,3546,16.671875,16.335938,16.03125,16.15625,15.7421875,15.9609375,16.273438,16.460938,16.6875,19.078125,19.640625,19.195312,18.851562,18.742188,18.765625,18.75,18.695312
10789,2021-09-05 04:15:00,3540,15.3125,14.734375,14.4140625,14.5625,14.1328125,14.4140625,14.875,15.1640625,15.484375,18.78125,19.617188,19.203125,18.867188,18.742188,18.765625,18.75,18.703125
10790,2021-09-05 04:30:00,3546,16.109375,16.492188,16.25,16.414062,16.164062,16.34375,16.625,16.8125,16.898438,18.828125,19.578125,19.210938,18.882812,18.757812,18.765625,18.75,18.703125
10791,2021-09-05 04:45:00,3546,16.28125,17.289062,16.9375,17.0625,16.984375,16.710938,16.96875,16.914062,16.796875,18.710938,19.539062,19.210938,18.898438,18.765625,18.765625,18.75,18.703125
10792,2021-09-05 05:00:00,3540,16.835938,17.71875,17.382812,17.492188,17.375,17.3125,17.507812,17.492188,17.382812,18.742188,19.5,19.21875,18.914062,18.773438,18.765625,18.75,18.710938
10793,2021-09-05 05:15:00,3546,16.460938,17.023438,16.625,16.773438,16.71875,16.617188,16.867188,16.914062,16.84375,18.53125,19.460938,19.226562,18.921875,18.78125,18.773438,18.757812,18.71875
10794,2021-09-05 05:30:00,3540,17.398438,18.226562,18.03125,18.21875,18.195312,18.09375,18.265625,18.289062,18.210938,18.695312,19.421875,19.226562,18.9375,18.789062,18.773438,18.757812,18.726562
10795,2021-09-05 05:45:00,3540,17.84375,18.601562,18.398438,18.632812,18.601562,18.476562,18.625,18.671875,18.59375,18.726562,19.382812,19.21875,18.945312,18.796875,18.773438,18.757812,18.726562
10796,2021-09-05 06:00:00,3540,17.421875,17.398438,17.015625,17.171875,16.914062,16.976562,17.15625,17.242188,17.335938,18.671875,19.34375,19.21875,18.960938,18.804688,18.78125,18.757812,18.742188
10797,2021-09-05 06:15:00,3540,17.382812,18.109375,17.851562,18.15625,18.148438,17.765625,17.984375,18.007812,17.96875,18.554688,19.320312,19.21875,18.96875,18.8125,18.78125,18.765625,18.742188
10798,2021-09-05 06:30:00,3540,17.390625,17.648438,17.335938,17.554688,17.320312,17.320312,17.46875,17.515625,17.570312,18.609375,19.273438,19.21875,18.984375,18.820312,18.789062,18.765625,18.75
10799,2021-09-05 06:45:00,3540,16.695312,16.9375,16.492188,16.65625,16.507812,16.375,16.570312,16.632812,16.640625,18.390625,19.25,19.210938,18.992188,18.835938,18.789062,18.773438,18.757812
10800,2021-09-05 07:00:00,3540,16.976562,17.59375,17.351562,17.570312,17.460938,17.328125,17.46875,17.515625,17.484375,18.421875,19.21875,19.210938,19.0,18.835938,18.796875,18.773438,18.765625
10801,2021-09-05 07:15:00,3528,16.34375,16.523438,16.085938,16.234375,16.03125,16.03125,16.226562,16.296875,16.335938,18.257812,19.1875,19.203125,19.007812,18.851562,18.796875,18.78125,18.773438
10802,2021-09-05 07:30:00,3540,16.679688,17.453125,17.226562,17.484375,17.460938,17.265625,17.46875,17.53125,17.507812,18.273438,19.164062,19.195312,19.015625,18.859375,18.804688,18.78125,18.78125
10803,2021-09-05 07:45:00,3540,16.984375,17.75,17.648438,17.9375,17.890625,17.695312,17.851562,17.929688,17.960938,18.335938,19.125,19.195312,19.023438,18.859375,18.804688,18.78125,18.78125
10804,2021-09-05 08:00:00,3540,16.976562,17.5625,17.367188,17.585938,17.507812,17.5,17.625,17.695312,17.679688,18.335938,19.09375,19.1875,19.03125,18.875,18.8125,18.789062,18.796875
10805,2021-09-05 08:15:00,3528,16.851562,17.242188,16.960938,17.15625,17.015625,17.140625,17.296875,17.351562,17.34375,18.296875,19.0625,19.1875,19.046875,18.882812,18.820312,18.796875,18.804688
10806,2021-09-05 08:30:00,3534,16.46875,16.429688,16.0625,16.179688,15.8515625,16.046875,16.257812,16.453125,16.695312,18.242188,19.039062,19.171875,19.046875,18.890625,18.820312,18.804688,18.8125
10807,2021-09-05 08:45:00,3528,15.4609375,15.4609375,15.0546875,15.2109375,15.015625,15.0,15.25,15.40625,15.578125,17.9375,19.015625,19.164062,19.046875,18.90625,18.835938,18.804688,18.8125
10808,2021-09-05 09:00:00,3540,15.25,15.703125,15.46875,15.6796875,15.578125,15.5625,15.7578125,15.8828125,16.007812,17.945312,18.992188,19.148438,19.054688,18.90625,18.835938,18.8125,18.828125
10809,2021-09-05 09:15:00,3534,15.1875,15.5859375,15.3828125,15.5625,15.40625,15.4609375,15.625,15.7265625,15.859375,17.9375,18.960938,19.148438,19.054688,18.90625,18.84375,18.820312,18.835938
10810,2021-09-05 09:30:00,3540,15.234375,15.8671875,15.6171875,15.8125,15.71875,15.703125,15.890625,15.9921875,16.0625,17.882812,18.9375,19.132812,19.0625,18.914062,18.851562,18.820312,18.835938
10811,2021-09-05 09:45:00,3534,15.3046875,15.7109375,15.546875,15.7265625,15.5625,15.6015625,15.765625,15.8671875,15.984375,17.875,18.90625,19.132812,19.0625,18.929688,18.859375,18.828125,18.84375
10812,2021-09-05 10:00:00,3540,15.1796875,15.7109375,15.484375,15.7265625,15.6484375,15.484375,15.6875,15.7734375,15.828125,17.804688,18.875,19.117188,19.0625,18.929688,18.859375,18.835938,18.851562
10813,2021-09-05 10:15:00,3528,15.3359375,15.9375,15.7578125,16.015625,15.9375,15.765625,15.921875,16.0,16.054688,17.75,18.851562,19.109375,19.070312,18.9375,18.875,18.84375,18.859375
10814,2021-09-05 10:30:00,3540,15.1484375,15.640625,15.328125,15.5078125,15.3828125,15.34375,15.5234375,15.59375,15.6640625,17.703125,18.828125,19.101562,19.078125,18.945312,18.882812,18.84375,18.867188
10815,2021-09-05 10:45:00,3540,15.3671875,15.9765625,15.7109375,15.90625,15.7890625,15.78125,15.9453125,15.9921875,16.015625,17.703125,18.804688,19.09375,19.070312,18.953125,18.882812,18.859375,18.875
10816,2021-09-05 11:00:00,3528,15.5703125,16.34375,16.101562,16.28125,16.195312,16.140625,16.289062,16.328125,16.320312,17.710938,18.773438,19.078125,19.078125,18.953125,18.882812,18.859375,18.882812
10817,2021-09-05 11:15:00,3528,15.8515625,16.585938,16.429688,16.65625,16.554688,16.414062,16.546875,16.609375,16.640625,17.75,18.75,19.070312,19.078125,18.960938,18.890625,18.867188,18.890625
10818,2021-09-05 11:30:00,3534,15.8984375,16.585938,16.375,16.601562,16.507812,16.414062,16.601562,16.695312,16.773438,17.789062,18.71875,19.054688,19.070312,18.96875,18.898438,18.875,18.898438
10819,2021-09-05 11:45:00,3528,15.75,15.984375,15.78125,16.054688,15.8046875,15.8828125,16.070312,16.179688,16.273438,17.765625,18.695312,19.046875,19.078125,18.976562,18.90625,18.875,18.90625
10820,2021-09-05 12:00:00,3534,16.0,16.710938,16.570312,16.789062,16.71875,16.671875,16.789062,16.898438,17.007812,17.820312,18.679688,19.039062,19.078125,18.976562,18.90625,18.882812,18.90625
10821,2021-09-05 12:15:00,3528,16.242188,16.898438,16.820312,17.101562,17.015625,16.804688,16.921875,17.0,17.070312,17.8125,18.664062,19.03125,19.078125,18.984375,18.914062,18.890625,18.914062
10822,2021-09-05 12:30:00,3528,16.5,17.203125,17.132812,17.414062,17.34375,17.226562,17.34375,17.421875,17.476562,17.851562,18.632812,19.007812,19.078125,18.984375,18.929688,18.898438,18.921875
10823,2021-09-05 12:45:00,3528,16.390625,16.914062,16.765625,16.992188,16.929688,16.875,16.96875,17.054688,17.085938,17.820312,18.617188,19.0,19.070312,18.992188,18.929688,18.90625,18.9375
10824,2021-09-05 13:00:00,3528,16.351562,16.765625,16.59375,16.8125,16.679688,16.742188,16.835938,16.914062,16.960938,17.828125,18.601562,18.992188,19.070312,19.0,18.929688,18.90625,18.9375
10825,2021-09-05 13:15:00,3528,15.7109375,15.703125,15.3515625,15.46875,15.1875,15.3125,15.484375,15.578125,15.7109375,17.742188,18.585938,18.976562,19.0625,19.0,18.9375,18.914062,18.945312
10826,2021-09-05 13:30:00,3528,15.6484375,16.257812,16.0,16.210938,16.148438,16.085938,16.234375,16.3125,16.34375,17.640625,18.578125,18.96875,19.070312,19.0,18.945312,18.921875,18.945312
10827,2021-09-05 13:45:00,3528,15.734375,16.359375,16.171875,16.382812,16.289062,16.257812,16.367188,16.453125,16.5,17.671875,18.554688,18.960938,19.0625,19.007812,18.953125,18.929688,18.960938
10828,2021-09-05 14:00:00,3528,15.8671875,16.523438,16.34375,16.585938,16.5,16.335938,16.46875,16.554688,16.59375,17.695312,18.539062,18.945312,19.0625,19.015625,18.953125,18.9375,18.960938
10829,2021-09-05 14:15:00,3534,15.40625,15.1796875,14.875,15.0,14.6484375,14.96875,15.296875,15.359375,15.4765625,17.609375,18.53125,18.9375,19.054688,19.015625,18.960938,18.945312,18.96875
10830,2021-09-05 14:30:00,3534,15.15625,15.7265625,15.3828125,15.5859375,15.421875,15.3046875,15.4609375,15.546875,15.6171875,17.476562,18.507812,18.921875,19.054688,19.015625,18.960938,18.945312,18.96875
10831,2021-09-05 14:45:00,3528,16.398438,18.039062,17.625,17.453125,17.132812,16.828125,16.710938,16.492188,16.351562,17.570312,18.5,18.914062,19.046875,19.015625,18.96875,18.953125,18.976562
10832,2021-09-05 15:00:00,3528,19.601562,21.007812,20.039062,19.4375,18.640625,18.484375,18.359375,17.914062,17.492188,17.773438,18.476562,18.90625,19.039062,19.015625,18.976562,18.953125,18.984375
10833,2021-09-05 15:15:00,3528,22.125,23.648438,22.679688,22.195312,21.21875,20.875,20.539062,19.890625,19.125,18.023438,18.46875,18.898438,19.039062,19.023438,18.976562,18.960938,18.984375
10834,2021-09-05 15:30:00,3534,24.734375,25.578125,24.664062,24.125,23.335938,23.140625,22.734375,21.914062,20.84375,18.382812,18.453125,18.882812,19.03125,19.023438,18.984375,18.960938,19.0
10835,2021-09-05 15:45:00,3528,25.828125,25.273438,24.882812,24.664062,23.945312,24.179688,23.804688,22.804688,21.6875,18.640625,18.445312,18.875,19.03125,19.023438,18.992188,18.96875,19.0
10836,2021-09-05 16:00:00,3522,27.351562,26.6875,26.351562,26.125,25.40625,25.867188,25.46875,24.4375,23.210938,19.023438,18.445312,18.859375,19.023438,19.023438,18.992188,18.96875,19.0
10837,2021-09-05 16:15:00,3528,28.507812,27.679688,27.34375,27.242188,26.398438,27.164062,26.507812,25.4375,24.367188,19.46875,18.453125,18.851562,19.03125,19.03125,19.0,18.976562,19.007812
10838,2021-09-05 16:30:00,3522,29.226562,27.929688,27.703125,27.460938,26.640625,27.71875,26.71875,26.03125,25.296875,19.914062,18.460938,18.835938,19.023438,19.03125,19.0,18.984375,19.007812
10839,2021-09-05 16:45:00,3534,29.507812,27.703125,26.84375,26.804688,26.429688,27.664062,27.210938,26.78125,26.109375,20.304688,18.476562,18.828125,19.007812,19.03125,19.0,18.992188,19.007812
10840,2021-09-05 17:00:00,3528,29.46875,28.3125,28.3125,27.945312,27.414062,28.835938,28.09375,27.898438,27.328125,20.742188,18.523438,18.820312,19.007812,19.023438,19.007812,18.992188,19.015625
10841,2021-09-05 17:15:00,3528,29.796875,28.820312,28.867188,28.109375,27.492188,28.882812,27.898438,27.976562,27.773438,21.070312,18.570312,18.820312,19.0,19.023438,19.007812,19.0,19.015625
10842,2021-09-05 17:30:00,3528,31.242188,30.851562,30.757812,29.929688,29.335938,30.5,29.429688,29.53125,29.242188,21.46875,18.617188,18.8125,18.992188,19.023438,19.007812,19.0,19.023438
10843,2021-09-05 17:45:00,3534,32.164062,31.5625,31.015625,30.5,30.132812,30.617188,29.960938,30.328125,30.09375,21.921875,18.679688,18.8125,18.992188,19.023438,19.023438,19.007812,19.023438
10844,2021-09-05 18:00:00,3528,32.476562,31.726562,31.226562,30.429688,30.054688,30.46875,30.007812,30.585938,30.429688,22.226562,18.757812,18.8125,18.984375,19.023438,19.015625,19.007812,19.03125
10845,2021-09-05 18:15:00,3540,33.304688,32.570312,31.984375,31.164062,30.460938,31.445312,31.453125,32.351562,31.984375,22.6875,18.835938,18.820312,18.984375,19.023438,19.023438,19.015625,19.03125
10846,2021-09-05 18:30:00,3540,34.117188,33.414062,33.289062,32.007812,30.945312,31.515625,31.734375,32.671875,32.5,23.070312,18.921875,18.820312,18.976562,19.023438,19.023438,19.023438,19.03125
10847,2021-09-05 18:45:00,3540,34.867188,33.960938,33.890625,32.335938,31.210938,32.125,33.140625,34.453125,34.210938,23.53125,19.015625,18.828125,18.976562,19.023438,19.023438,19.023438,19.039062
10848,2021-09-05 19:00:00,3540,36.164062,35.140625,34.664062,33.40625,33.671875,33.96875,34.625,35.476562,35.070312,24.0625,19.109375,18.835938,18.96875,19.023438,19.023438,19.023438,19.039062
10849,2021-09-05 19:15:00,3540,36.773438,35.5625,35.484375,33.773438,34.398438,34.734375,35.984375,36.789062,36.242188,24.523438,19.21875,18.851562,18.96875,19.015625,19.023438,19.023438,19.046875
10850,2021-09-05 19:30:00,3546,36.78125,34.742188,33.929688,32.898438,33.15625,33.867188,35.6875,37.15625,36.796875,24.921875,19.320312,18.875,18.96875,19.023438,19.03125,19.03125,19.046875
10851,2021-09-05 19:45:00,3540,36.28125,34.554688,33.875,33.273438,33.15625,33.859375,36.132812,37.78125,37.492188,25.328125,19.460938,18.890625,18.960938,19.015625,19.03125,19.03125,19.046875
10852,2021-09-05 20:00:00,3552,36.492188,35.476562,34.640625,34.320312,33.46875,35.164062,37.765625,38.859375,38.007812,25.6875,19.578125,18.921875,18.960938,19.015625,19.03125,19.039062,19.046875
10853,2021-09-05 20:15:00,3546,36.859375,36.640625,35.210938,34.484375,33.984375,36.9375,39.046875,39.703125,38.703125,25.984375,19.703125,18.945312,18.96875,19.015625,19.03125,19.03125,19.054688
10854,2021-09-05 20:30:00,3552,36.289062,35.195312,33.945312,33.234375,32.820312,35.640625,37.820312,39.351562,38.578125,26.3125,19.835938,18.96875,18.960938,19.015625,19.03125,19.03125,19.054688
10855,2021-09-05 20:45:00,3546,36.210938,34.890625,34.210938,33.328125,33.828125,36.773438,38.828125,39.710938,38.828125,26.53125,19.976562,19.007812,18.96875,19.015625,19.03125,19.039062,19.054688
10856,2021-09-05 21:00:00,3552,36.75,35.078125,35.078125,34.21875,35.554688,39.101562,39.875,40.203125,39.507812,26.898438,20.109375,19.046875,18.976562,19.015625,19.039062,19.046875,19.054688
10857,2021-09-05 21:15:00,3552,36.945312,34.65625,34.828125,33.945312,35.164062,38.65625,39.195312,39.601562,39.117188,27.023438,20.25,19.085938,18.984375,19.007812,19.039062,19.046875,19.0625
10858,2021-09-05 21:30:00,3564,37.90625,36.359375,35.554688,36.375,37.789062,40.460938,40.9375,40.148438,39.1875,27.09375,20.382812,19.132812,18.992188,19.007812,19.039062,19.046875,19.070312
10859,2021-09-05 21:45:00,3552,38.578125,36.09375,35.523438,36.40625,37.65625,40.9375,40.460938,39.640625,38.6875,27.101562,20.523438,19.1875,19.0,19.015625,19.039062,19.046875,19.070312
10860,2021-09-05 22:00:00,3552,38.203125,35.984375,36.351562,37.203125,38.875,40.742188,39.78125,38.796875,38.0,27.0,20.648438,19.234375,19.007812,19.007812,19.039062,19.054688,19.078125
10861,2021-09-05 22:15:00,3552,37.734375,34.460938,35.476562,36.0,37.3125,39.765625,40.046875,38.84375,38.054688,27.179688,20.789062,19.28125,19.023438,19.015625,19.046875,19.054688,19.078125
10862,2021-09-05 22:30:00,3552,36.632812,34.015625,34.929688,35.71875,37.390625,38.664062,39.117188,38.039062,37.46875,27.203125,20.90625,19.335938,19.03125,19.015625,19.046875,19.0625,19.078125
10863,2021-09-05 22:45:00,3564,35.375,32.21875,33.015625,33.476562,34.820312,35.90625,36.15625,35.710938,35.226562,26.96875,21.03125,19.390625,19.046875,19.023438,19.046875,19.0625,19.09375
10864,2021-09-05 23:00:00,3570,30.765625,27.78125,27.132812,27.25,27.117188,27.789062,27.984375,28.445312,28.875,25.796875,21.132812,19.460938,19.0625,19.023438,19.046875,19.070312,19.09375
10865,2021-09-05 23:15:00,3558,28.0,26.257812,25.773438,25.828125,25.570312,25.710938,25.695312,25.96875,26.4375,24.921875,21.242188,19.515625,19.085938,19.023438,19.054688,19.070312,19.101562
10866,2021-09-05 23:30:00,3564,26.0625,24.945312,24.382812,24.429688,24.179688,24.210938,24.1875,24.515625,24.929688,24.289062,21.328125,19.570312,19.101562,19.03125,19.054688,19.078125,19.109375
10867,2021-09-05 23:45:00,3564,24.890625,24.242188,23.507812,23.539062,23.210938,23.085938,23.179688,23.367188,23.570312,23.71875,21.382812,19.632812,19.117188,19.039062,19.054688,19.070312,19.109375
10868,2021-09-06 00:00:00,3564,24.382812,24.171875,23.601562,23.585938,23.3125,23.0,22.90625,23.015625,23.242188,23.382812,21.414062,19.695312,19.148438,19.039062,19.054688,19.078125,19.117188
10869,2021-09-06 00:15:00,3564,23.703125,23.421875,22.890625,22.96875,22.742188,22.585938,22.648438,22.734375,22.859375,23.117188,21.421875,19.75,19.171875,19.046875,19.054688,19.078125,19.125
10870,2021-09-06 00:30:00,3558,23.320312,23.28125,22.84375,22.976562,22.882812,22.679688,22.796875,22.8125,22.804688,22.914062,21.429688,19.8125,19.1875,19.054688,19.0625,19.085938,19.125
10871,2021-09-06 00:45:00,3558,23.070312,22.992188,22.539062,22.632812,22.351562,22.28125,22.382812,22.46875,22.492188,22.742188,21.414062,19.859375,19.226562,19.0625,19.070312,19.09375,19.140625
10872,2021-09-06 01:00:00,3564,22.773438,22.9375,22.460938,22.539062,22.382812,22.28125,22.335938,22.328125,22.304688,22.507812,21.40625,19.90625,19.25,19.078125,19.070312,19.101562,19.148438
10873,2021-09-06 01:15:00,3564,22.789062,23.226562,22.890625,23.09375,23.125,22.726562,22.835938,22.8125,22.679688,22.320312,21.382812,19.953125,19.273438,19.078125,19.078125,19.109375,19.148438
10874,2021-09-06 01:30:00,3564,23.078125,23.632812,23.390625,23.625,23.609375,23.421875,23.484375,23.46875,23.328125,22.242188,21.351562,19.992188,19.304688,19.09375,19.085938,19.109375,19.164062
10875,2021-09-06 01:45:00,3558,23.242188,23.6875,23.460938,23.695312,23.65625,23.484375,23.546875,23.523438,23.328125,22.171875,21.320312,20.03125,19.328125,19.101562,19.085938,19.109375,19.171875
10876,2021-09-06 02:00:00,3564,23.40625,24.0625,23.875,24.171875,24.164062,23.9375,24.015625,24.0,23.867188,22.148438,21.289062,20.0625,19.367188,19.117188,19.09375,19.117188,19.1875
10877,2021-09-06 02:15:00,3552,23.398438,23.804688,23.585938,23.851562,23.726562,23.65625,23.703125,23.679688,23.601562,22.132812,21.257812,20.09375,19.390625,19.125,19.101562,19.125,19.1875
10878,2021-09-06 02:30:00,3552,23.195312,23.578125,23.359375,23.648438,23.539062,23.445312,23.53125,23.539062,23.492188,22.039062,21.226562,20.132812,19.421875,19.148438,19.109375,19.132812,19.203125
10879,2021-09-06 02:45:00,3564,22.75,22.875,22.59375,22.851562,22.710938,22.703125,22.804688,22.8125,22.757812,21.898438,21.195312,20.148438,19.445312,19.15625,19.117188,19.140625,19.210938
10880,2021-09-06 03:00:00,3552,22.125,22.328125,21.984375,22.203125,22.0625,22.101562,22.234375,22.242188,22.179688,21.695312,21.164062,20.171875,19.476562,19.171875,19.125,19.148438,19.226562
10881,2021-09-06 03:15:00,3552,21.726562,21.945312,21.609375,21.8125,21.679688,21.703125,21.835938,21.851562,21.820312,21.570312,21.140625,20.1875,19.507812,19.1875,19.132812,19.164062,19.234375
10882,2021-09-06 03:30:00,3552,21.546875,22.101562,21.875,22.0625,21.945312,21.890625,22.039062,22.070312,22.015625,21.445312,21.109375,20.210938,19.53125,19.203125,19.140625,19.164062,19.25
10883,2021-09-06 03:45:00,3552,21.664062,22.257812,22.046875,22.234375,22.054688,21.96875,22.109375,22.117188,22.03125,21.398438,21.078125,20.234375,19.5625,19.21875,19.148438,19.171875,19.265625
10884,2021-09-06 04:00:00,3564,21.398438,21.84375,21.546875,21.710938,21.53125,21.570312,21.71875,21.703125,21.585938,21.289062,21.039062,20.25,19.578125,19.234375,19.164062,19.1875,19.273438
10885,2021-09-06 04:15:00,3558,21.125,21.507812,21.234375,21.390625,21.15625,21.1875,21.375,21.359375,21.265625,21.195312,21.007812,20.25,19.609375,19.257812,19.171875,19.195312,19.289062
10886,2021-09-06 04:30:00,3552,20.960938,21.398438,21.09375,21.273438,21.125,21.125,21.257812,21.25,21.148438,21.078125,20.984375,20.265625,19.640625,19.273438,19.1875,19.203125,19.304688
10887,2021-09-06 04:45:00,3552,20.765625,21.25,20.96875,21.132812,20.984375,21.015625,21.15625,21.148438,21.078125,20.96875,20.945312,20.273438,19.65625,19.289062,19.195312,19.21875,19.3125
10888,2021-09-06 05:00:00,3552,20.648438,21.109375,20.835938,21.023438,20.828125,20.882812,21.046875,21.0625,20.984375,20.90625,20.921875,20.28125,19.679688,19.304688,19.203125,19.21875,19.328125
10889,2021-09-06 05:15:00,3552,20.570312,21.039062,20.789062,20.992188,20.828125,20.828125,21.007812,21.023438,20.960938,20.835938,20.882812,20.296875,19.703125,19.328125,19.21875,19.234375,19.34375
10890,2021-09-06 05:30:00,3552,20.59375,21.359375,21.117188,21.3125,21.234375,21.117188,21.273438,21.289062,21.203125,20.75,20.851562,20.304688,19.71875,19.351562,19.226562,19.25,19.367188
10891,2021-09-06 05:45:00,3552,20.8125,21.460938,21.195312,21.40625,21.273438,21.25,21.398438,21.414062,21.3125,20.742188,20.820312,20.304688,19.742188,19.367188,19.242188,19.265625,19.375
10892,2021-09-06 06:00:00,3552,20.835938,21.484375,21.226562,21.46875,21.335938,21.304688,21.5,21.460938,21.28125,20.710938,20.789062,20.3125,19.765625,19.375,19.257812,19.273438,19.390625
10893,2021-09-06 06:15:00,3546,20.929688,21.59375,21.328125,21.601562,21.492188,21.453125,21.664062,21.640625,21.484375,20.6875,20.757812,20.320312,19.789062,19.398438,19.273438,19.28125,19.414062
10894,2021-09-06 06:30:00,3552,20.765625,21.320312,21.085938,21.359375,21.257812,21.179688,21.273438,21.296875,21.257812,20.632812,20.726562,20.320312,19.804688,19.421875,19.289062,19.296875,19.429688
10895,2021-09-06 06:45:00,3546,20.398438,20.710938,20.367188,20.585938,20.414062,20.390625,20.515625,20.539062,20.515625,20.539062,20.695312,20.320312,19.820312,19.4375,19.296875,19.3125,19.445312
10896,2021-09-06 07:00:00,3552,20.71875,21.59375,21.398438,21.65625,21.5625,21.375,21.476562,21.515625,21.421875,20.523438,20.664062,20.320312,19.835938,19.460938,19.3125,19.320312,19.460938
10897,2021-09-06 07:15:00,3552,20.820312,21.414062,21.242188,21.476562,21.382812,21.304688,21.390625,21.40625,21.34375,20.539062,20.640625,20.320312,19.851562,19.476562,19.328125,19.34375,19.476562
10898,2021-09-06 07:30:00,3546,20.875,21.640625,21.546875,21.828125,21.820312,21.445312,21.59375,21.625,21.585938,20.515625,20.617188,20.328125,19.867188,19.5,19.34375,19.351562,19.492188
10899,2021-09-06 07:45:00,3552,21.078125,21.609375,21.4375,21.671875,21.578125,21.53125,21.617188,21.632812,21.601562,20.578125,20.59375,20.328125,19.882812,19.515625,19.359375,19.367188,19.507812
10900,2021-09-06 08:00:00,3552,21.164062,21.640625,21.421875,21.632812,21.46875,21.5625,21.640625,21.625,21.53125,20.5625,20.5625,20.328125,19.898438,19.53125,19.375,19.382812,19.523438
10901,2021-09-06 08:15:00,3552,21.234375,21.679688,21.484375,21.734375,21.554688,21.585938,21.671875,21.695312,21.679688,20.546875,20.546875,20.320312,19.90625,19.546875,19.390625,19.390625,19.539062
10902,2021-09-06 08:30:00,3552,20.140625,19.84375,19.523438,19.757812,19.484375,19.515625,19.726562,19.820312,19.875,20.3125,20.523438,20.320312,19.929688,19.5625,19.398438,19.414062,19.554688
10903,2021-09-06 08:45:00,3546,19.640625,19.710938,19.421875,19.71875,19.507812,19.46875,19.640625,19.710938,19.796875,20.21875,20.5,20.3125,19.9375,19.578125,19.421875,19.421875,19.570312
10904,2021-09-06 09:00:00,3552,19.421875,20.078125,19.859375,20.109375,20.070312,19.84375,19.984375,20.023438,19.984375,20.101562,20.484375,20.3125,19.953125,19.59375,19.4375,19.445312,19.59375
10905,2021-09-06 09:15:00,3546,19.398438,19.664062,19.367188,19.578125,19.375,19.414062,19.554688,19.585938,19.617188,20.15625,20.460938,20.320312,19.960938,19.617188,19.460938,19.453125,19.609375
10906,2021-09-06 09:30:00,3546,19.539062,20.25,19.960938,20.171875,20.054688,20.078125,20.265625,20.289062,20.242188,20.132812,20.445312,20.3125,19.96875,19.625,19.476562,19.476562,19.625
10907,2021-09-06 09:45:00,3546,19.195312,19.21875,18.898438,19.132812,18.921875,18.789062,18.96875,19.070312,19.132812,20.046875,20.414062,20.3125,19.984375,19.648438,19.484375,19.484375,19.632812
10908,2021-09-06 10:00:00,3552,19.414062,19.96875,19.734375,20.0,19.835938,19.8125,19.929688,19.992188,20.007812,20.054688,20.398438,20.304688,19.992188,19.664062,19.5,19.5,19.648438
10909,2021-09-06 10:15:00,3546,19.054688,19.007812,18.664062,18.882812,18.5625,18.664062,18.867188,19.046875,19.195312,20.007812,20.375,20.304688,20.007812,19.679688,19.515625,19.523438,19.664062
10910,2021-09-06 10:30:00,3546,18.429688,18.695312,18.304688,18.507812,18.359375,18.289062,18.492188,18.585938,18.617188,19.773438,20.359375,20.296875,20.015625,19.695312,19.53125,19.539062,19.679688
10911,2021-09-06 10:45:00,3546,18.703125,19.257812,18.976562,19.171875,18.984375,18.914062,19.070312,19.125,19.132812,19.84375,20.335938,20.296875,20.015625,19.703125,19.546875,19.546875,19.703125
10912,2021-09-06 11:00:00,3546,18.859375,19.679688,19.460938,19.703125,19.578125,19.40625,19.570312,19.554688,19.4375,19.8125,20.3125,20.289062,20.03125,19.71875,19.5625,19.5625,19.71875
10913,2021-09-06 11:15:00,3546,19.289062,20.039062,19.757812,19.976562,19.78125,19.765625,19.890625,19.929688,19.875,19.882812,20.296875,20.289062,20.039062,19.742188,19.570312,19.578125,19.734375
10914,2021-09-06 11:30:00,3546,19.445312,19.945312,19.734375,19.914062,19.703125,19.609375,19.726562,19.734375,19.664062,19.890625,20.265625,20.28125,20.046875,19.75,19.59375,19.59375,19.742188
10915,2021-09-06 11:45:00,3552,19.320312,19.757812,19.359375,19.554688,19.296875,19.273438,19.40625,19.445312,19.460938,19.84375,20.257812,20.28125,20.054688,19.765625,19.609375,19.617188,19.757812
10916,2021-09-06 12:00:00,3540,19.304688,20.289062,20.015625,20.304688,20.34375,20.023438,20.210938,20.25,20.164062,19.804688,20.234375,20.265625,20.0625,19.78125,19.625,19.625,19.78125
10917,2021-09-06 12:15:00,3540,18.46875,18.1875,17.742188,17.882812,17.5,17.570312,17.820312,17.945312,18.039062,19.609375,20.21875,20.265625,20.070312,19.796875,19.640625,19.640625,19.789062
10918,2021-09-06 12:30:00,3540,18.15625,18.75,18.414062,18.734375,18.710938,18.390625,18.632812,18.664062,18.585938,19.507812,20.195312,20.265625,20.078125,19.8125,19.65625,19.65625,19.804688
10919,2021-09-06 12:45:00,3546,18.421875,19.046875,18.890625,19.15625,19.0625,19.054688,19.148438,19.203125,19.203125,19.59375,20.179688,20.257812,20.078125,19.8125,19.664062,19.664062,19.8125
10920,2021-09-06 13:00:00,3546,18.242188,18.703125,18.460938,18.773438,18.65625,18.570312,18.71875,18.75,18.757812,19.578125,20.15625,20.25,20.078125,19.828125,19.679688,19.6875,19.828125
10921,2021-09-06 13:15:00,3540,18.445312,18.882812,18.6875,18.976562,18.820312,18.796875,18.992188,19.054688,19.054688,19.546875,20.132812,20.242188,20.09375,19.835938,19.695312,19.695312,19.84375
10922,2021-09-06 13:30:00,3546,18.117188,18.695312,18.351562,18.601562,18.507812,18.375,18.546875,18.601562,18.59375,19.429688,20.117188,20.234375,20.09375,19.851562,19.703125,19.710938,19.859375
10923,2021-09-06 13:45:00,3546,18.40625,19.09375,18.945312,19.21875,19.125,19.070312,19.148438,19.210938,19.210938,19.5,20.09375,20.226562,20.101562,19.867188,19.71875,19.726562,19.867188
10924,2021-09-06 14:00:00,3540,18.453125,19.179688,18.992188,19.21875,19.15625,18.976562,19.09375,19.132812,19.117188,19.484375,20.070312,20.226562,20.101562,19.875,19.734375,19.742188,19.882812
10925,2021-09-06 14:15:00,3540,18.75,19.53125,19.320312,19.570312,19.492188,19.421875,19.523438,19.554688,19.507812,19.507812,20.054688,20.210938,20.109375,19.882812,19.75,19.757812,19.898438
10926,2021-09-06 14:30:00,3540,19.007812,19.671875,19.515625,19.757812,19.640625,19.578125,19.648438,19.671875,19.65625,19.59375,20.03125,20.210938,20.109375,19.898438,19.765625,19.765625,19.914062
10927,2021-09-06 14:45:00,3540,19.828125,20.921875,20.734375,20.71875,20.4375,20.289062,20.242188,20.054688,19.84375,19.617188,20.015625,20.195312,20.109375,19.898438,19.773438,19.78125,19.921875
10928,2021-09-06 15:00:00,3540,22.367188,23.710938,23.164062,22.648438,22.03125,21.9375,21.734375,21.351562,20.851562,19.789062,19.992188,20.1875,20.117188,19.914062,19.789062,19.796875,19.9375
10929,2021-09-06 15:15:00,3534,24.515625,25.8125,25.1875,24.695312,23.921875,23.851562,23.507812,23.023438,22.304688,20.023438,19.976562,20.179688,20.117188,19.921875,19.796875,19.804688,19.945312
10930,2021-09-06 15:30:00,3540,26.671875,27.875,26.976562,26.515625,25.578125,25.585938,25.171875,24.5,23.5,20.3125,19.96875,20.171875,20.125,19.929688,19.8125,19.820312,19.960938
10931,2021-09-06 15:45:00,3546,28.515625,29.304688,28.515625,28.039062,27.109375,27.0625,26.539062,25.757812,24.773438,20.617188,19.96875,20.171875,20.117188,19.9375,19.820312,19.835938,19.96875
10932,2021-09-06 16:00:00,3540,30.179688,29.757812,29.59375,29.492188,28.6875,29.085938,28.75,27.742188,26.40625,21.039062,19.96875,20.15625,20.125,19.945312,19.835938,19.84375,19.976562
10933,2021-09-06 16:15:00,3546,31.21875,30.71875,30.46875,30.46875,29.6875,30.203125,29.609375,28.578125,27.453125,21.492188,19.976562,20.15625,20.125,19.953125,19.84375,19.859375,19.992188
10934,2021-09-06 16:30:00,3540,32.203125,31.203125,30.921875,30.921875,30.0625,30.890625,30.328125,29.664062,28.6875,21.929688,19.992188,20.148438,20.125,19.96875,19.851562,19.875,20.0
10935,2021-09-06 16:45:00,3546,32.242188,30.53125,29.992188,30.015625,29.507812,30.617188,30.21875,29.804688,29.210938,22.4375,20.023438,20.140625,20.125,19.976562,19.875,19.882812,20.015625
10936,2021-09-06 17:00:00,3540,31.5,29.882812,30.101562,30.039062,29.382812,30.59375,29.90625,29.710938,29.28125,22.75,20.054688,20.140625,20.125,19.976562,19.882812,19.898438,20.023438
10937,2021-09-06 17:15:00,3540,32.015625,31.398438,31.34375,31.328125,30.351562,31.898438,30.835938,30.695312,30.195312,23.054688,20.109375,20.132812,20.125,19.992188,19.890625,19.914062,20.039062
10938,2021-09-06 17:30:00,3540,32.679688,31.34375,31.390625,31.34375,30.445312,31.726562,30.875,31.09375,30.921875,23.445312,20.164062,20.132812,20.125,19.992188,19.90625,19.921875,20.039062
10939,2021-09-06 17:45:00,3546,33.773438,33.078125,33.273438,33.132812,32.335938,32.835938,32.132812,32.3125,32.015625,23.796875,20.234375,20.132812,20.125,20.0,19.914062,19.929688,20.054688
10940,2021-09-06 18:00:00,3540,35.40625,35.289062,35.164062,35.296875,34.65625,34.867188,34.296875,34.398438,33.828125,24.265625,20.296875,20.140625,20.125,20.007812,19.921875,19.9375,20.054688
10941,2021-09-06 18:15:00,3546,36.632812,36.21875,36.132812,36.023438,35.109375,35.695312,35.429688,35.78125,35.1875,24.703125,20.382812,20.140625,20.125,20.015625,19.9375,19.953125,20.070312
10942,2021-09-06 18:30:00,3546,37.445312,36.21875,36.054688,35.835938,34.773438,35.359375,35.460938,36.34375,36.054688,25.179688,20.46875,20.15625,20.125,20.015625,19.945312,19.960938,20.085938
10943,2021-09-06 18:45:00,3546,37.171875,35.664062,35.367188,35.125,33.984375,34.632812,35.46875,36.664062,36.398438,25.546875,20.5625,20.171875,20.125,20.03125,19.953125,19.976562,20.09375
10944,2021-09-06 19:00:00,3558,38.382812,37.5,36.757812,36.046875,34.96875,36.085938,36.5,37.476562,37.085938,25.851562,20.664062,20.179688,20.132812,20.039062,19.96875,19.984375,20.101562
10945,2021-09-06 19:15:00,3552,38.046875,37.265625,36.398438,35.421875,35.867188,36.0,37.3125,38.578125,38.15625,26.367188,20.773438,20.195312,20.132812,20.039062,19.976562,20.0,20.109375
10946,2021-09-06 19:30:00,3552,38.929688,37.492188,36.507812,36.0625,36.195312,36.796875,38.242188,39.382812,39.054688,26.773438,20.882812,20.226562,20.140625,20.046875,19.984375,20.007812,20.117188
10947,2021-09-06 19:45:00,3552,38.867188,36.53125,36.234375,35.882812,35.742188,36.460938,38.4375,40.015625,39.804688,27.1875,20.992188,20.25,20.148438,20.046875,19.992188,20.015625,20.132812
10948,2021-09-06 20:00:00,3558,38.820312,37.234375,36.71875,36.984375,36.070312,37.734375,39.648438,40.640625,40.132812,27.570312,21.117188,20.28125,20.140625,20.046875,20.0,20.023438,20.140625
10949,2021-09-06 20:15:00,3558,38.664062,37.789062,36.992188,36.953125,35.820312,38.070312,40.054688,41.140625,40.507812,27.8125,21.234375,20.304688,20.15625,20.0625,20.007812,20.03125,20.148438
10950,2021-09-06 20:30:00,3558,38.351562,37.914062,36.726562,36.421875,36.242188,38.734375,40.304688,41.023438,40.492188,28.09375,21.367188,20.335938,20.164062,20.070312,20.015625,20.039062,20.15625
10951,2021-09-06 20:45:00,3564,38.382812,36.578125,36.007812,35.390625,35.429688,38.40625,40.46875,41.609375,40.960938,28.382812,21.5,20.375,20.164062,20.070312,20.023438,20.054688,20.164062
10952,2021-09-06 21:00:00,3564,39.289062,38.242188,38.03125,37.570312,38.914062,42.164062,42.390625,42.421875,41.6875,28.710938,21.632812,20.414062,20.171875,20.078125,20.039062,20.070312,20.171875
10953,2021-09-06 21:15:00,3564,38.921875,36.289062,36.296875,36.148438,37.109375,40.414062,41.070312,41.492188,41.148438,28.953125,21.765625,20.460938,20.1875,20.078125,20.046875,20.070312,20.1875
10954,2021-09-06 21:30:00,3558,38.695312,36.320312,36.257812,36.203125,36.960938,39.484375,41.085938,41.546875,41.085938,28.984375,21.898438,20.507812,20.195312,20.085938,20.046875,20.078125,20.195312
10955,2021-09-06 21:45:00,3558,38.78125,36.351562,35.640625,36.265625,37.179688,39.914062,40.828125,41.117188,40.507812,29.046875,22.03125,20.554688,20.210938,20.101562,20.054688,20.09375,20.203125
10956,2021-09-06 20:30:00,3558,38.351562,37.914062,36.726562,36.421875,36.242188,38.734375,40.304688,41.023438,40.492188,28.09375,21.367188,20.335938,20.164062,20.070312,20.015625,20.039062,20.15625
10957,2021-09-06 20:45:00,3564,38.382812,36.578125,36.007812,35.390625,35.429688,38.40625,40.46875,41.609375,40.960938,28.382812,21.5,20.375,20.164062,20.070312,20.023438,20.054688,20.164062
10958,2021-09-06 21:00:00,3564,39.289062,38.242188,38.03125,37.570312,38.914062,42.164062,42.390625,42.421875,41.6875,28.710938,21.632812,20.414062,20.171875,20.078125,20.039062,20.070312,20.171875
10959,2021-09-06 21:15:00,3564,38.921875,36.289062,36.296875,36.148438,37.109375,40.414062,41.070312,41.492188,41.148438,28.953125,21.765625,20.460938,20.1875,20.078125,20.046875,20.070312,20.1875
10960,2021-09-06 21:30:00,3558,38.695312,36.320312,36.257812,36.203125,36.960938,39.484375,41.085938,41.546875,41.085938,28.984375,21.898438,20.507812,20.195312,20.085938,20.046875,20.078125,20.195312
10961,2021-09-06 21:45:00,3558,38.78125,36.351562,35.640625,36.265625,37.179688,39.914062,40.828125,41.117188,40.507812,29.046875,22.03125,20.554688,20.210938,20.101562,20.054688,20.09375,20.203125
10962,2021-09-06 22:00:00,3564,38.453125,36.507812,35.726562,37.015625,38.515625,41.40625,41.039062,40.726562,40.109375,29.054688,22.171875,20.601562,20.234375,20.101562,20.0625,20.109375,20.21875
10963,2021-09-06 22:15:00,3570,37.546875,34.632812,34.632812,35.648438,37.117188,39.757812,40.15625,39.945312,39.625,29.039062,22.304688,20.65625,20.242188,20.117188,20.070312,20.109375,20.226562
10964,2021-09-06 22:30:00,3570,36.835938,34.335938,35.039062,36.125,37.585938,39.664062,40.210938,39.515625,38.804688,28.960938,22.421875,20.703125,20.257812,20.117188,20.078125,20.125,20.234375
10965,2021-09-06 22:45:00,3564,35.664062,32.984375,33.445312,34.398438,35.085938,36.242188,36.617188,36.203125,35.789062,28.515625,22.546875,20.773438,20.28125,20.125,20.09375,20.132812,20.242188
10966,2021-09-06 23:00:00,3570,32.21875,29.6875,29.4375,29.609375,29.507812,30.273438,30.335938,30.726562,31.171875,27.617188,22.664062,20.828125,20.296875,20.132812,20.101562,20.140625,20.25
10967,2021-09-06 23:15:00,3570,29.46875,27.789062,27.4375,27.515625,27.3125,27.65625,27.789062,28.140625,28.601562,26.773438,22.757812,20.898438,20.320312,20.148438,20.109375,20.15625,20.265625
10968,2021-09-06 23:30:00,3564,27.796875,26.765625,26.328125,26.34375,26.140625,26.273438,26.398438,26.695312,27.023438,26.101562,22.851562,20.953125,20.34375,20.15625,20.117188,20.164062,20.273438
10969,2021-09-06 23:45:00,3564,26.96875,26.492188,26.03125,26.0625,25.945312,25.804688,25.875,25.929688,26.0625,25.601562,22.898438,21.023438,20.375,20.171875,20.125,20.171875,20.289062
10970,2021-09-07 00:00:00,3564,26.664062,26.632812,26.25,26.25,26.039062,25.945312,25.992188,25.882812,25.789062,25.265625,22.9375,21.078125,20.398438,20.171875,20.140625,20.179688,20.296875
10971,2021-09-07 00:15:00,3576,26.492188,26.554688,26.164062,26.210938,25.984375,25.835938,25.757812,25.65625,25.578125,25.023438,22.953125,21.140625,20.429688,20.1875,20.148438,20.1875,20.3125
10972,2021-09-07 00:30:00,3564,25.84375,25.625,25.179688,25.203125,25.03125,24.796875,24.789062,24.75,24.757812,24.703125,22.953125,21.195312,20.460938,20.210938,20.15625,20.203125,20.320312
10973,2021-09-07 00:45:00,3564,25.625,25.679688,25.304688,25.34375,25.304688,25.03125,25.054688,24.976562,24.859375,24.523438,22.945312,21.242188,20.492188,20.21875,20.164062,20.21875,20.335938
10974,2021-09-07 01:00:00,3570,25.484375,25.507812,25.15625,25.226562,25.0,24.796875,24.695312,24.609375,24.5,24.304688,22.929688,21.296875,20.515625,20.234375,20.179688,20.21875,20.351562
10975,2021-09-07 01:15:00,3570,25.085938,25.328125,25.070312,25.195312,25.195312,24.914062,24.9375,24.882812,24.710938,24.101562,22.90625,21.351562,20.546875,20.25,20.195312,20.234375,20.367188
10976,2021-09-07 01:30:00,3564,25.21875,25.53125,25.328125,25.453125,25.421875,25.132812,25.132812,25.070312,24.890625,24.007812,22.882812,21.390625,20.578125,20.265625,20.203125,20.25,20.375
10977,2021-09-07 01:45:00,3564,25.40625,25.914062,25.78125,26.007812,26.007812,25.765625,25.820312,25.75,25.523438,23.882812,22.859375,21.4375,20.609375,20.273438,20.203125,20.257812,20.390625
10978,2021-09-07 02:00:00,3564,25.429688,25.804688,25.65625,25.8125,25.757812,25.648438,25.679688,25.648438,25.507812,23.828125,22.828125,21.46875,20.648438,20.296875,20.21875,20.265625,20.414062
10979,2021-09-07 02:15:00,3564,25.234375,25.453125,25.296875,25.484375,25.40625,25.304688,25.351562,25.328125,25.234375,23.71875,22.796875,21.5,20.679688,20.3125,20.234375,20.28125,20.421875
10980,2021-09-07 02:30:00,3564,24.867188,25.039062,24.921875,25.101562,25.015625,24.921875,24.976562,24.976562,24.914062,23.5625,22.757812,21.53125,20.71875,20.335938,20.242188,20.289062,20.445312
10981,2021-09-07 02:45:00,3564,24.695312,25.085938,24.867188,25.039062,24.90625,24.929688,25.023438,25.039062,25.0,23.515625,22.726562,21.5625,20.75,20.351562,20.257812,20.3125,20.453125
10982,2021-09-07 03:00:00,3564,24.734375,25.28125,25.09375,25.242188,25.164062,25.195312,25.3125,25.34375,25.25,23.515625,22.6875,21.578125,20.78125,20.375,20.273438,20.320312,20.46875
10983,2021-09-07 03:15:00,3564,24.570312,24.953125,24.773438,24.953125,24.867188,24.867188,24.953125,24.96875,24.898438,23.46875,22.65625,21.601562,20.8125,20.398438,20.289062,20.335938,20.492188
10984,2021-09-07 03:30:00,3564,24.4375,25.007812,24.828125,24.929688,24.90625,24.976562,25.109375,25.0625,24.929688,23.398438,22.625,21.625,20.835938,20.414062,20.304688,20.351562,20.5
10985,2021-09-07 03:45:00,3564,24.257812,24.820312,24.648438,24.71875,24.710938,24.804688,24.953125,24.929688,24.796875,23.3125,22.59375,21.640625,20.867188,20.4375,20.320312,20.359375,20.523438
10986,2021-09-07 04:00:00,3564,24.296875,24.875,24.710938,24.8125,24.742188,24.859375,24.960938,24.960938,24.835938,23.242188,22.5625,21.65625,20.890625,20.460938,20.328125,20.382812,20.539062
10987,2021-09-07 04:15:00,3564,24.171875,24.695312,24.53125,24.625,24.585938,24.65625,24.78125,24.765625,24.632812,23.15625,22.539062,21.679688,20.929688,20.476562,20.351562,20.390625,20.5625
10988,2021-09-07 04:30:00,3558,24.109375,24.539062,24.429688,24.570312,24.5,24.476562,24.539062,24.539062,24.46875,23.070312,22.507812,21.6875,20.945312,20.5,20.367188,20.414062,20.578125
10989,2021-09-07 04:45:00,3564,24.242188,24.804688,24.695312,24.851562,24.789062,24.695312,24.765625,24.757812,24.664062,23.039062,22.492188,21.703125,20.984375,20.523438,20.382812,20.421875,20.59375
10990,2021-09-07 05:00:00,3558,24.164062,24.703125,24.585938,24.742188,24.71875,24.5625,24.632812,24.648438,24.570312,22.960938,22.460938,21.710938,21.0,20.546875,20.398438,20.4375,20.609375
10991,2021-09-07 05:15:00,3552,24.164062,24.5625,24.453125,24.625,24.53125,24.484375,24.515625,24.53125,24.476562,22.914062,22.4375,21.726562,21.03125,20.5625,20.414062,20.460938,20.632812
10992,2021-09-07 05:30:00,3564,24.125,24.484375,24.335938,24.492188,24.398438,24.382812,24.4375,24.453125,24.40625,22.84375,22.40625,21.726562,21.046875,20.59375,20.4375,20.476562,20.648438
10993,2021-09-07 05:45:00,3564,23.585938,23.617188,23.46875,23.703125,23.570312,23.53125,23.617188,23.617188,23.59375,22.757812,22.382812,21.734375,21.078125,20.617188,20.453125,20.484375,20.671875
10994,2021-09-07 06:00:00,3558,23.132812,23.335938,23.179688,23.367188,23.28125,23.195312,23.304688,23.3125,23.257812,22.617188,22.359375,21.75,21.09375,20.640625,20.476562,20.507812,20.695312
10995,2021-09-07 06:15:00,3564,23.046875,23.515625,23.414062,23.632812,23.609375,23.40625,23.554688,23.554688,23.5,22.554688,22.335938,21.75,21.125,20.65625,20.492188,20.53125,20.710938
10996,2021-09-07 06:30:00,3558,23.015625,23.28125,23.148438,23.351562,23.21875,23.234375,23.3125,23.335938,23.3125,22.53125,22.3125,21.757812,21.148438,20.679688,20.515625,20.546875,20.726562
10997,2021-09-07 06:45:00,3552,22.835938,23.203125,23.085938,23.273438,23.210938,23.125,23.1875,23.195312,23.148438,22.445312,22.289062,21.765625,21.164062,20.703125,20.523438,20.5625,20.75
10998,2021-09-07 07:00:00,3552,22.625,22.945312,22.835938,23.046875,22.929688,22.90625,22.960938,22.976562,22.960938,22.375,22.257812,21.765625,21.179688,20.726562,20.546875,20.578125,20.78125
10999,2021-09-07 07:15:00,3552,22.265625,22.53125,22.40625,22.601562,22.546875,22.507812,22.59375,22.65625,22.664062,22.296875,22.242188,21.773438,21.203125,20.75,20.5625,20.59375,20.796875
11000,2021-09-07 07:30:00,3564,22.046875,22.375,22.257812,22.492188,22.390625,22.375,22.445312,22.492188,22.507812,22.242188,22.210938,21.773438,21.21875,20.78125,20.585938,20.617188,20.820312
11001,2021-09-07 07:45:00,3558,21.921875,22.34375,22.242188,22.429688,22.390625,22.34375,22.429688,22.476562,22.476562,22.164062,22.1875,21.78125,21.242188,20.796875,20.601562,20.632812,20.835938
11002,2021-09-07 08:00:00,3552,20.539062,19.578125,19.203125,19.34375,18.90625,19.023438,19.328125,19.46875,19.539062,21.78125,22.164062,21.78125,21.257812,20.820312,20.632812,20.65625,20.867188
11003,2021-09-07 08:15:00,3552,19.257812,18.539062,18.109375,18.195312,17.804688,17.71875,18.023438,18.195312,18.320312,21.351562,22.132812,21.78125,21.28125,20.835938,20.640625,20.671875,20.875
11004,2021-09-07 08:30:00,3564,18.8125,18.53125,18.179688,18.242188,17.890625,17.640625,17.898438,18.0625,18.148438,21.125,22.109375,21.789062,21.296875,20.859375,20.664062,20.6875,20.898438
11005,2021-09-07 08:45:00,3558,19.664062,20.570312,20.335938,20.492188,20.382812,20.3125,20.492188,20.515625,20.460938,21.335938,22.070312,21.78125,21.3125,20.882812,20.679688,20.703125,20.914062
11006,2021-09-07 09:00:00,3564,18.875,18.382812,18.023438,18.117188,17.703125,17.765625,18.039062,18.203125,18.273438,21.070312,22.039062,21.78125,21.328125,20.90625,20.703125,20.726562,20.9375
11007,2021-09-07 09:15:00,3552,18.0625,17.921875,17.515625,17.570312,17.390625,17.265625,17.5,17.632812,17.796875,20.84375,21.992188,21.789062,21.335938,20.921875,20.71875,20.742188,20.953125
11008,2021-09-07 09:30:00,3558,19.320312,20.609375,20.476562,20.59375,20.601562,20.53125,20.65625,20.703125,20.65625,21.078125,21.960938,21.78125,21.359375,20.945312,20.742188,20.773438,20.976562
11009,2021-09-07 09:45:00,3552,19.96875,20.851562,20.6875,20.820312,20.734375,20.796875,20.90625,20.945312,20.890625,21.210938,21.914062,21.789062,21.367188,20.960938,20.773438,20.789062,20.992188
11010,2021-09-07 10:00:00,3552,20.578125,21.421875,21.3125,21.476562,21.4375,21.40625,21.523438,21.554688,21.492188,21.304688,21.875,21.773438,21.382812,20.984375,20.789062,20.8125,21.015625
11011,2021-09-07 10:15:00,3552,20.6875,21.414062,21.296875,21.453125,21.398438,21.320312,21.414062,21.453125,21.398438,21.3125,21.84375,21.765625,21.390625,21.0,20.8125,20.828125,21.03125
11012,2021-09-07 10:30:00,3564,20.773438,21.375,21.25,21.390625,21.304688,21.257812,21.40625,21.421875,21.335938,21.351562,21.804688,21.765625,21.40625,21.023438,20.828125,20.851562,21.046875
11013,2021-09-07 10:45:00,3552,20.726562,21.28125,21.125,21.289062,21.203125,21.195312,21.304688,21.351562,21.296875,21.328125,21.773438,21.757812,21.414062,21.039062,20.84375,20.867188,21.070312
11014,2021-09-07 11:00:00,3552,20.695312,21.148438,20.960938,21.140625,21.007812,21.039062,21.148438,21.1875,21.15625,21.320312,21.75,21.75,21.429688,21.046875,20.867188,20.890625,21.09375
11015,2021-09-07 11:15:00,3546,19.8125,19.320312,19.023438,19.1875,18.828125,18.945312,19.15625,19.242188,19.367188,21.054688,21.734375,21.742188,21.4375,21.070312,20.882812,20.90625,21.109375
11016,2021-09-07 11:30:00,3552,18.351562,17.625,17.25,17.367188,17.070312,16.960938,17.242188,17.375,17.617188,20.695312,21.710938,21.734375,21.453125,21.085938,20.90625,20.929688,21.125
11017,2021-09-07 11:45:00,3546,18.03125,18.148438,17.734375,17.851562,17.5625,17.328125,17.515625,17.640625,17.84375,20.585938,21.6875,21.726562,21.453125,21.109375,20.921875,20.945312,21.148438
11018,2021-09-07 12:00:00,3552,18.609375,19.679688,19.492188,19.601562,19.601562,19.382812,19.515625,19.570312,19.515625,20.632812,21.65625,21.71875,21.46875,21.125,20.9375,20.960938,21.164062
11019,2021-09-07 12:15:00,3546,19.484375,20.492188,20.414062,20.507812,20.40625,20.398438,20.515625,20.554688,20.476562,20.8125,21.632812,21.703125,21.476562,21.140625,20.953125,20.976562,21.179688
11020,2021-09-07 12:30:00,3546,19.875,20.59375,20.4375,20.578125,20.476562,20.523438,20.648438,20.664062,20.601562,20.898438,21.59375,21.703125,21.484375,21.15625,20.976562,21.0,21.195312
11021,2021-09-07 12:45:00,3552,19.210938,18.96875,18.640625,18.789062,18.445312,18.539062,18.835938,19.007812,19.15625,20.765625,21.570312,21.695312,21.492188,21.171875,21.0,21.015625,21.210938
11022,2021-09-07 13:00:00,3552,18.710938,18.789062,18.453125,18.617188,18.460938,18.359375,18.554688,18.664062,18.789062,20.632812,21.546875,21.6875,21.5,21.1875,21.015625,21.03125,21.234375
11023,2021-09-07 13:15:00,3552,18.875,19.5,19.257812,19.414062,19.351562,19.3125,19.429688,19.492188,19.484375,20.632812,21.515625,21.679688,21.507812,21.203125,21.03125,21.054688,21.25
11024,2021-09-07 13:30:00,3546,18.820312,19.226562,18.984375,19.15625,19.046875,18.953125,19.125,19.21875,19.265625,20.617188,21.492188,21.671875,21.507812,21.21875,21.054688,21.070312,21.265625
11025,2021-09-07 13:45:00,3546,18.75,19.15625,18.945312,19.15625,19.0625,18.976562,19.132812,19.171875,19.179688,20.585938,21.46875,21.65625,21.507812,21.234375,21.0625,21.085938,21.28125
11026,2021-09-07 14:00:00,3546,18.929688,19.546875,19.445312,19.664062,19.585938,19.484375,19.625,19.71875,19.757812,20.585938,21.4375,21.65625,21.515625,21.242188,21.078125,21.109375,21.296875
11027,2021-09-07 14:15:00,3552,18.59375,18.867188,18.65625,18.796875,18.617188,18.648438,18.796875,18.875,18.960938,20.546875,21.414062,21.648438,21.515625,21.265625,21.09375,21.125,21.3125
11028,2021-09-07 14:30:00,3552,19.0,19.757812,19.648438,19.820312,19.75,19.648438,19.734375,19.789062,19.804688,20.585938,21.390625,21.632812,21.523438,21.265625,21.117188,21.148438,21.328125
11029,2021-09-07 14:45:00,3546,19.960938,20.84375,20.679688,20.5625,20.15625,20.015625,19.945312,19.78125,19.679688,20.5625,21.367188,21.617188,21.523438,21.28125,21.132812,21.15625,21.34375
11030,2021-09-07 15:00:00,3546,23.132812,24.9375,24.273438,23.640625,22.835938,22.609375,22.421875,22.039062,21.507812,20.804688,21.34375,21.617188,21.53125,21.289062,21.15625,21.179688,21.351562
11031,2021-09-07 15:15:00,3546,25.265625,26.507812,26.203125,25.570312,24.71875,24.484375,23.96875,23.367188,22.6875,21.070312,21.328125,21.609375,21.53125,21.304688,21.171875,21.195312,21.367188
11032,2021-09-07 15:30:00,3540,26.992188,27.039062,26.890625,26.570312,25.765625,25.914062,25.390625,24.632812,23.71875,21.359375,21.3125,21.59375,21.53125,21.320312,21.179688,21.210938,21.390625
11033,2021-09-07 15:45:00,3540,27.851562,27.28125,27.28125,27.078125,26.289062,26.578125,26.398438,25.765625,25.03125,21.734375,21.296875,21.578125,21.539062,21.328125,21.195312,21.226562,21.398438
11034,2021-09-07 16:00:00,3546,28.234375,26.945312,26.960938,26.945312,26.046875,26.703125,26.523438,26.0,25.367188,22.015625,21.296875,21.570312,21.539062,21.34375,21.21875,21.242188,21.421875
11035,2021-09-07 16:15:00,3546,28.34375,27.179688,27.054688,27.070312,26.164062,26.976562,26.703125,26.257812,25.851562,22.375,21.296875,21.5625,21.539062,21.351562,21.21875,21.257812,21.4375
11036,2021-09-07 16:30:00,3546,29.46875,28.882812,29.039062,29.140625,28.0,28.679688,28.375,27.867188,27.226562,22.710938,21.3125,21.554688,21.539062,21.359375,21.242188,21.273438,21.445312
11037,2021-09-07 16:45:00,3546,29.46875,27.609375,27.335938,27.304688,26.570312,27.632812,27.53125,27.453125,27.28125,23.046875,21.335938,21.546875,21.539062,21.367188,21.257812,21.289062,21.460938
11038,2021-09-07 17:00:00,3546,29.46875,29.304688,29.671875,29.492188,28.640625,29.5,28.648438,28.25,27.90625,23.320312,21.367188,21.53125,21.539062,21.375,21.273438,21.304688,21.46875
11039,2021-09-07 17:15:00,3546,31.4375,31.570312,31.460938,31.171875,30.21875,31.882812,30.6875,30.40625,29.90625,23.765625,21.40625,21.53125,21.539062,21.390625,21.28125,21.320312,21.484375
11040,2021-09-07 17:30:00,3546,33.15625,33.15625,32.835938,32.796875,31.742188,32.929688,31.96875,31.8125,31.398438,24.226562,21.46875,21.523438,21.539062,21.40625,21.289062,21.328125,21.492188
11041,2021-09-07 17:45:00,3546,33.726562,32.375,31.75,32.0625,31.070312,32.289062,31.640625,32.382812,32.34375,24.640625,21.523438,21.523438,21.539062,21.40625,21.3125,21.34375,21.507812
11042,2021-09-07 18:00:00,3546,33.773438,33.328125,32.171875,32.585938,31.554688,32.070312,31.382812,31.804688,31.851562,24.875,21.578125,21.53125,21.546875,21.414062,21.320312,21.359375,21.523438
11043,2021-09-07 18:15:00,3546,35.382812,35.453125,34.554688,34.578125,33.476562,34.125,33.609375,34.210938,33.859375,25.320312,21.648438,21.523438,21.539062,21.421875,21.335938,21.367188,21.53125
11044,2021-09-07 18:30:00,3552,35.34375,34.257812,33.65625,33.5625,32.140625,32.507812,32.578125,33.414062,33.421875,25.601562,21.71875,21.539062,21.546875,21.421875,21.34375,21.382812,21.539062
11045,2021-09-07 18:45:00,3546,35.414062,34.476562,33.695312,32.789062,30.570312,31.664062,32.164062,33.171875,33.335938,25.835938,21.8125,21.554688,21.546875,21.4375,21.359375,21.398438,21.554688
11046,2021-09-07 19:00:00,3546,35.304688,34.132812,33.0,32.242188,31.351562,32.414062,33.453125,34.890625,34.820312,26.289062,21.890625,21.5625,21.546875,21.445312,21.375,21.414062,21.570312
11047,2021-09-07 19:15:00,3552,35.265625,33.320312,32.40625,31.09375,31.703125,31.851562,32.96875,34.570312,34.65625,26.476562,21.984375,21.578125,21.546875,21.453125,21.375,21.421875,21.578125
11048,2021-09-07 19:30:00,3552,35.328125,33.789062,31.84375,31.695312,31.414062,32.039062,33.757812,34.976562,34.898438,26.65625,22.085938,21.59375,21.546875,21.460938,21.398438,21.445312,21.585938
11049,2021-09-07 19:45:00,3552,35.015625,32.515625,31.125,31.585938,30.960938,32.546875,34.742188,35.960938,35.851562,27.046875,22.1875,21.617188,21.5625,21.46875,21.398438,21.453125,21.59375
11050,2021-09-07 20:00:00,3552,33.945312,31.0,30.3125,30.414062,28.664062,30.65625,32.242188,33.007812,32.945312,26.757812,22.289062,21.632812,21.5625,21.476562,21.421875,21.460938,21.609375
11051,2021-09-07 20:15:00,3552,33.664062,31.898438,30.820312,30.726562,29.445312,32.65625,34.671875,35.757812,35.382812,27.117188,22.390625,21.664062,21.5625,21.476562,21.421875,21.476562,21.617188
11052,2021-09-07 20:30:00,3552,33.195312,31.640625,30.554688,29.679688,29.578125,32.953125,35.414062,36.195312,35.671875,27.21875,22.484375,21.6875,21.570312,21.484375,21.4375,21.492188,21.625
11053,2021-09-07 20:45:00,3552,33.40625,31.148438,30.453125,29.929688,30.515625,34.335938,35.539062,35.914062,35.171875,27.453125,22.578125,21.71875,21.578125,21.492188,21.453125,21.5,21.632812
11054,2021-09-07 21:00:00,3552,34.53125,32.304688,32.3125,31.921875,32.835938,37.273438,37.84375,37.765625,36.828125,27.703125,22.679688,21.757812,21.585938,21.5,21.460938,21.507812,21.648438
11055,2021-09-07 21:15:00,3552,34.703125,32.429688,32.679688,32.984375,33.632812,37.546875,38.929688,38.71875,37.859375,28.109375,22.773438,21.796875,21.59375,21.507812,21.46875,21.523438,21.65625
11056,2021-09-07 21:30:00,3552,35.039062,32.507812,32.09375,32.96875,33.695312,37.390625,38.3125,38.15625,37.46875,28.335938,22.867188,21.828125,21.601562,21.515625,21.476562,21.53125,21.671875
11057,2021-09-07 21:45:00,3552,35.726562,33.40625,32.421875,33.617188,34.4375,38.492188,38.445312,37.898438,37.054688,28.382812,22.976562,21.867188,21.617188,21.523438,21.484375,21.546875,21.679688
11058,2021-09-07 22:00:00,3558,35.414062,33.132812,32.726562,34.132812,35.523438,38.765625,38.125,37.625,36.953125,28.359375,23.078125,21.90625,21.625,21.523438,21.5,21.554688,21.679688
11059,2021-09-07 22:15:00,3564,34.414062,31.09375,31.648438,32.8125,34.171875,36.835938,36.9375,36.03125,35.578125,28.367188,23.179688,21.945312,21.640625,21.53125,21.507812,21.570312,21.695312
11060,2021-09-07 22:30:00,3558,33.203125,29.84375,30.648438,31.953125,33.445312,35.492188,35.960938,35.367188,34.984375,28.257812,23.28125,21.992188,21.664062,21.546875,21.515625,21.578125,21.703125
11061,2021-09-07 22:45:00,3558,31.8125,29.296875,29.875,30.726562,32.234375,33.5,33.632812,33.34375,33.078125,28.007812,23.382812,22.039062,21.671875,21.554688,21.53125,21.585938,21.71875
11062,2021-09-07 23:00:00,3552,28.445312,25.90625,25.625,25.835938,25.890625,26.851562,27.078125,27.59375,28.140625,26.992188,23.476562,22.085938,21.695312,21.5625,21.539062,21.59375,21.726562
11063,2021-09-07 23:15:00,3558,26.296875,24.742188,24.523438,24.5625,24.414062,24.773438,24.953125,25.445312,26.132812,26.296875,23.554688,22.132812,21.710938,21.570312,21.539062,21.609375,21.742188
11064,2021-09-07 23:30:00,3552,24.5,23.21875,23.015625,23.0625,22.898438,23.3125,23.523438,24.03125,24.6875,25.742188,23.609375,22.179688,21.726562,21.578125,21.554688,21.617188,21.75
11065,2021-09-07 23:45:00,3552,23.070312,22.039062,21.84375,21.875,21.671875,22.054688,22.304688,22.898438,23.671875,25.28125,23.648438,22.234375,21.75,21.59375,21.5625,21.632812,21.757812
11066,2021-09-08 00:00:00,3558,22.335938,21.851562,21.515625,21.546875,21.375,21.65625,22.078125,22.664062,23.234375,24.90625,23.671875,22.273438,21.773438,21.601562,21.578125,21.640625,21.773438
11067,2021-09-08 00:15:00,3558,22.054688,21.835938,21.523438,21.546875,21.375,21.554688,21.859375,22.3125,22.773438,24.601562,23.671875,22.328125,21.796875,21.609375,21.585938,21.648438,21.789062
11068,2021-09-08 00:30:00,3558,21.96875,21.945312,21.632812,21.710938,21.554688,21.585938,21.78125,22.078125,22.492188,24.382812,23.664062,22.375,21.8125,21.625,21.59375,21.65625,21.789062
11069,2021-09-08 00:45:00,3552,21.945312,21.953125,21.65625,21.726562,21.585938,21.546875,21.726562,21.960938,22.335938,24.210938,23.648438,22.421875,21.84375,21.640625,21.609375,21.671875,21.804688
11070,2021-09-08 01:00:00,3558,21.828125,21.734375,21.507812,21.546875,21.34375,21.351562,21.484375,21.796875,22.210938,24.023438,23.625,22.453125,21.867188,21.648438,21.609375,21.6875,21.820312
11071,2021-09-08 01:15:00,3552,21.21875,20.859375,20.578125,20.632812,20.414062,20.515625,20.757812,21.195312,21.679688,23.820312,23.59375,22.492188,21.890625,21.664062,21.632812,21.695312,21.828125
11072,2021-09-08 01:30:00,3558,20.992188,21.023438,20.84375,21.007812,20.992188,20.71875,20.890625,21.03125,21.304688,23.632812,23.5625,22.523438,21.921875,21.679688,21.640625,21.710938,21.851562
11073,2021-09-08 01:45:00,3558,21.085938,21.25,21.046875,21.171875,21.085938,20.890625,21.03125,21.148438,21.335938,23.484375,23.53125,22.554688,21.945312,21.695312,21.648438,21.71875,21.859375
11074,2021-09-08 02:00:00,3558,21.03125,21.234375,21.078125,21.226562,21.109375,20.929688,21.09375,21.195312,21.375,23.351562,23.484375,22.578125,21.976562,21.710938,21.664062,21.726562,21.867188
11075,2021-09-08 02:15:00,3558,20.945312,21.070312,20.90625,21.085938,20.960938,20.804688,20.914062,21.007812,21.164062,23.210938,23.453125,22.601562,21.992188,21.71875,21.679688,21.742188,21.882812
11076,2021-09-08 02:30:00,3558,20.835938,21.054688,20.929688,21.132812,21.09375,20.84375,20.96875,21.03125,21.132812,23.09375,23.40625,22.617188,22.03125,21.742188,21.6875,21.757812,21.898438
11077,2021-09-08 02:45:00,3552,21.0,21.523438,21.484375,21.742188,21.765625,21.398438,21.554688,21.609375,21.625,23.023438,23.367188,22.632812,22.046875,21.757812,21.703125,21.773438,21.90625
11078,2021-09-08 03:00:00,3558,21.101562,21.5,21.375,21.609375,21.570312,21.335938,21.476562,21.523438,21.570312,22.984375,23.328125,22.648438,22.078125,21.78125,21.710938,21.773438,21.921875
11079,2021-09-08 03:15:00,3558,20.6875,20.632812,20.351562,20.484375,20.195312,20.195312,20.34375,20.484375,20.703125,22.835938,23.28125,22.664062,22.101562,21.796875,21.726562,21.796875,21.9375
11080,2021-09-08 03:30:00,3552,20.734375,21.242188,21.171875,21.335938,21.242188,20.960938,21.101562,21.171875,21.234375,22.742188,23.242188,22.671875,22.125,21.8125,21.742188,21.804688,21.953125
11081,2021-09-08 03:45:00,3552,21.171875,21.664062,21.4375,21.601562,21.359375,21.296875,21.398438,21.484375,21.546875,22.789062,23.203125,22.6875,22.148438,21.828125,21.757812,21.820312,21.96875
11082,2021-09-08 04:00:00,3552,20.609375,20.59375,20.359375,20.476562,20.335938,20.226562,20.382812,20.523438,20.671875,22.601562,23.164062,22.6875,22.171875,21.84375,21.765625,21.828125,21.984375
11083,2021-09-08 04:15:00,3558,21.023438,21.648438,21.5,21.679688,21.59375,21.375,21.46875,21.492188,21.492188,22.625,23.132812,22.695312,22.195312,21.867188,21.78125,21.84375,22.0
11084,2021-09-08 04:30:00,3552,21.359375,21.898438,21.789062,22.015625,21.882812,21.6875,21.796875,21.8125,21.8125,22.664062,23.085938,22.703125,22.21875,21.890625,21.796875,21.859375,22.007812
11085,2021-09-08 04:45:00,3552,20.40625,19.875,19.734375,19.90625,19.570312,19.820312,19.945312,20.34375,20.773438,22.515625,23.054688,22.703125,22.234375,21.90625,21.8125,21.875,22.023438
11086,2021-09-08 05:00:00,3546,19.203125,18.796875,18.585938,18.789062,18.578125,18.71875,18.953125,19.34375,19.78125,22.289062,23.023438,22.703125,22.25,21.921875,21.828125,21.890625,22.039062
11087,2021-09-08 05:15:00,3546,18.3125,17.78125,17.59375,17.804688,17.5,17.851562,18.40625,18.757812,19.039062,22.070312,22.992188,22.710938,22.273438,21.9375,21.84375,21.90625,22.046875
11088,2021-09-08 05:30:00,3552,17.617188,17.320312,17.09375,17.28125,17.007812,17.414062,18.109375,18.398438,18.484375,21.828125,22.960938,22.710938,22.289062,21.960938,21.851562,21.914062,22.070312
11089,2021-09-08 05:45:00,3552,17.109375,16.898438,16.742188,16.914062,16.679688,17.085938,17.65625,18.070312,18.40625,21.734375,22.921875,22.703125,22.304688,21.976562,21.875,21.9375,22.078125
11090,2021-09-08 06:00:00,3552,17.414062,18.234375,18.09375,18.273438,18.445312,18.132812,18.5,18.679688,18.851562,21.742188,22.882812,22.703125,22.320312,22.0,21.890625,21.945312,22.109375
11091,2021-09-08 06:15:00,3552,18.546875,19.476562,19.421875,19.648438,19.710938,19.46875,19.625,19.71875,19.796875,21.835938,22.84375,22.703125,22.335938,22.015625,21.90625,21.960938,22.117188
11092,2021-09-08 06:30:00,3546,19.367188,20.257812,20.234375,20.4375,20.484375,20.226562,20.34375,20.40625,20.4375,21.914062,22.804688,22.695312,22.351562,22.03125,21.921875,21.976562,22.132812
11093,2021-09-08 06:45:00,3552,19.796875,20.3125,20.226562,20.46875,20.304688,20.242188,20.398438,20.453125,20.515625,21.953125,22.765625,22.695312,22.359375,22.046875,21.9375,21.992188,22.15625
11094,2021-09-08 07:00:00,3546,20.125,20.875,20.78125,21.007812,21.007812,20.789062,20.914062,20.953125,20.953125,21.96875,22.734375,22.695312,22.375,22.070312,21.953125,22.007812,22.164062
11095,2021-09-08 07:15:00,3552,20.265625,20.703125,20.664062,20.929688,20.820312,20.65625,20.8125,20.835938,20.84375,21.984375,22.703125,22.6875,22.390625,22.085938,21.96875,22.023438,22.171875
11096,2021-09-08 07:30:00,3552,20.445312,20.945312,20.898438,21.140625,21.109375,20.96875,21.070312,21.125,21.140625,21.984375,22.671875,22.679688,22.40625,22.109375,21.984375,22.039062,22.195312
11097,2021-09-08 07:45:00,3546,20.828125,21.789062,21.8125,22.070312,22.1875,21.703125,21.859375,21.875,21.789062,21.992188,22.648438,22.679688,22.414062,22.125,22.0,22.046875,22.203125
11098,2021-09-08 08:00:00,3552,20.992188,21.375,21.257812,21.453125,21.28125,21.226562,21.3125,21.320312,21.304688,22.054688,22.625,22.671875,22.421875,22.140625,22.015625,22.070312,22.21875
11099,2021-09-08 08:15:00,3552,21.515625,22.398438,22.210938,22.351562,22.335938,22.273438,22.367188,22.382812,22.226562,22.078125,22.601562,22.664062,22.429688,22.15625,22.03125,22.078125,22.234375
11100,2021-09-08 08:30:00,3546,21.835938,22.132812,21.992188,22.203125,21.976562,22.125,22.28125,22.304688,22.21875,22.140625,22.585938,22.65625,22.445312,22.179688,22.054688,22.101562,22.25
11101,2021-09-08 08:45:00,3546,21.15625,21.265625,21.0,21.101562,20.960938,20.921875,21.03125,21.085938,21.109375,21.992188,22.5625,22.648438,22.453125,22.1875,22.070312,22.109375,22.265625
11102,2021-09-08 09:00:00,3546,20.976562,21.21875,20.929688,21.101562,20.953125,20.914062,21.015625,21.054688,21.078125,21.96875,22.546875,22.640625,22.460938,22.203125,22.085938,22.132812,22.28125
11103,2021-09-08 09:15:00,3552,20.25,19.84375,19.5,19.617188,19.273438,19.429688,19.6875,19.835938,19.960938,21.804688,22.53125,22.632812,22.46875,22.21875,22.101562,22.140625,22.289062
11104,2021-09-08 09:30:00,3540,20.210938,20.671875,20.453125,20.585938,20.5625,20.460938,20.585938,20.632812,20.625,21.757812,22.515625,22.632812,22.476562,22.234375,22.117188,22.15625,22.296875
11105,2021-09-08 09:45:00,3540,20.179688,20.265625,20.007812,20.132812,19.882812,19.84375,19.921875,20.078125,20.203125,21.710938,22.5,22.625,22.484375,22.25,22.132812,22.171875,22.3125
11106,2021-09-08 10:00:00,3540,18.960938,18.296875,17.992188,18.164062,17.796875,17.984375,18.304688,18.4375,18.578125,21.398438,22.476562,22.617188,22.492188,22.257812,22.148438,22.1875,22.335938
11107,2021-09-08 10:15:00,3546,18.390625,18.101562,17.867188,18.054688,17.789062,17.929688,18.328125,18.5,18.664062,21.320312,22.460938,22.609375,22.492188,22.273438,22.164062,22.195312,22.34375
11108,2021-09-08 10:30:00,3546,19.171875,20.179688,20.132812,20.375,20.40625,20.132812,20.320312,20.398438,20.382812,21.429688,22.429688,22.609375,22.5,22.289062,22.179688,22.21875,22.359375
11109,2021-09-08 10:45:00,3540,19.96875,20.976562,20.96875,21.1875,21.25,20.929688,21.046875,21.085938,21.046875,21.570312,22.40625,22.601562,22.5,22.296875,22.195312,22.226562,22.367188
11110,2021-09-08 11:00:00,3546,19.84375,19.851562,19.671875,19.882812,19.617188,19.71875,19.960938,20.117188,20.265625,21.539062,22.375,22.585938,22.507812,22.3125,22.203125,22.242188,22.375
11111,2021-09-08 11:15:00,3540,19.179688,19.328125,19.070312,19.164062,19.109375,18.875,19.085938,19.164062,19.21875,21.34375,22.359375,22.585938,22.507812,22.328125,22.21875,22.25,22.390625
11112,2021-09-08 11:30:00,3540,19.25,19.289062,19.101562,19.242188,18.992188,18.875,19.070312,19.125,19.25,21.328125,22.335938,22.578125,22.515625,22.335938,22.234375,22.273438,22.40625
11113,2021-09-08 11:45:00,3546,19.046875,19.421875,19.054688,19.171875,19.015625,18.914062,19.054688,19.09375,19.140625,21.234375,22.3125,22.570312,22.523438,22.34375,22.25,22.28125,22.414062
11114,2021-09-08 12:00:00,3540,18.757812,18.492188,18.257812,18.390625,18.078125,18.132812,18.3125,18.398438,18.546875,21.132812,22.289062,22.5625,22.523438,22.359375,22.257812,22.296875,22.421875
11115,2021-09-08 12:15:00,3540,19.835938,20.960938,20.929688,21.140625,21.085938,20.734375,20.835938,20.882812,20.835938,21.289062,22.273438,22.554688,22.523438,22.367188,22.273438,22.3125,22.4375
11116,2021-09-08 12:30:00,3540,19.242188,19.03125,18.78125,18.945312,18.632812,18.765625,18.992188,19.109375,19.257812,21.15625,22.242188,22.539062,22.53125,22.375,22.289062,22.320312,22.445312
11117,2021-09-08 12:45:00,3540,19.65625,20.984375,20.914062,21.109375,21.265625,20.742188,20.984375,21.007812,20.929688,21.195312,22.21875,22.53125,22.53125,22.390625,22.296875,22.335938,22.453125
11118,2021-09-08 13:00:00,3540,19.5,19.304688,19.1875,19.390625,19.078125,19.210938,19.351562,19.460938,19.507812,21.148438,22.195312,22.53125,22.539062,22.398438,22.3125,22.34375,22.46875
11119,2021-09-08 13:15:00,3540,17.976562,17.265625,16.960938,17.1875,16.898438,17.195312,17.523438,17.679688,17.9375,20.90625,22.171875,22.515625,22.539062,22.414062,22.328125,22.359375,22.476562
11120,2021-09-08 13:30:00,3546,17.148438,16.71875,16.492188,16.757812,16.460938,16.796875,17.242188,17.421875,17.789062,20.820312,22.148438,22.507812,22.539062,22.421875,22.335938,22.375,22.484375
11121,2021-09-08 13:45:00,3540,16.53125,16.359375,16.109375,16.296875,16.023438,16.273438,16.796875,17.078125,17.515625,20.773438,22.125,22.492188,22.539062,22.429688,22.351562,22.382812,22.5
11122,2021-09-08 14:00:00,3540,16.476562,16.585938,16.421875,16.601562,16.40625,16.632812,17.09375,17.328125,17.65625,20.710938,22.101562,22.484375,22.539062,22.4375,22.359375,22.390625,22.507812
11123,2021-09-08 14:15:00,3528,16.648438,16.867188,16.6875,16.835938,16.585938,16.695312,17.039062,17.171875,17.414062,20.601562,22.070312,22.476562,22.539062,22.4375,22.375,22.40625,22.515625
11124,2021-09-08 14:30:00,3540,16.851562,17.273438,17.085938,17.210938,16.96875,17.007812,17.21875,17.390625,17.578125,20.507812,22.046875,22.460938,22.539062,22.445312,22.382812,22.414062,22.523438
11125,2021-09-08 14:45:00,3540,17.773438,18.523438,18.375,18.460938,18.164062,18.117188,18.179688,18.164062,18.234375,20.546875,22.015625,22.453125,22.53125,22.445312,22.398438,22.421875,22.523438
11126,2021-09-08 15:00:00,3528,20.335938,21.695312,21.210938,20.710938,20.09375,19.945312,19.8125,19.648438,19.523438,20.796875,21.984375,22.4375,22.539062,22.460938,22.40625,22.4375,22.539062
11127,2021-09-08 15:15:00,3540,22.007812,22.6875,22.328125,21.992188,21.421875,21.335938,20.96875,20.640625,20.359375,21.007812,21.960938,22.4375,22.539062,22.46875,22.414062,22.453125,22.539062
11128,2021-09-08 15:30:00,3540,23.820312,23.859375,23.835938,23.6875,22.953125,23.226562,22.742188,22.171875,21.601562,21.28125,21.9375,22.421875,22.53125,22.476562,22.421875,22.460938,22.554688
11129,2021-09-08 15:45:00,3540,24.789062,24.195312,24.289062,24.226562,23.335938,23.710938,23.6875,23.25,22.71875,21.570312,21.921875,22.40625,22.53125,22.476562,22.429688,22.46875,22.5625
11130,2021-09-08 16:00:00,3528,26.164062,25.570312,25.59375,25.671875,24.773438,25.304688,25.117188,24.539062,23.914062,21.90625,21.914062,22.398438,22.53125,22.484375,22.445312,22.484375,22.578125
11131,2021-09-08 16:15:00,3540,26.804688,25.796875,25.96875,25.90625,24.984375,25.617188,25.546875,25.148438,24.75,22.21875,21.914062,22.375,22.53125,22.492188,22.453125,22.492188,22.578125
11132,2021-09-08 16:30:00,3528,27.835938,27.53125,27.367188,27.40625,26.476562,27.109375,26.84375,26.304688,25.71875,22.554688,21.914062,22.367188,22.53125,22.5,22.460938,22.5,22.585938
11133,2021-09-08 16:45:00,3534,29.132812,28.59375,28.070312,27.960938,27.421875,28.148438,27.90625,27.492188,26.976562,22.960938,21.929688,22.351562,22.523438,22.5,22.46875,22.507812,22.59375
11134,2021-09-08 17:00:00,3540,29.335938,28.0,28.1875,28.117188,27.351562,28.75,28.171875,28.164062,27.859375,23.34375,21.953125,22.351562,22.523438,22.507812,22.484375,22.515625,22.59375
11135,2021-09-08 17:15:00,3534,30.5625,30.65625,30.492188,30.242188,29.578125,30.992188,29.898438,29.757812,29.328125,23.75,21.984375,22.335938,22.523438,22.507812,22.484375,22.523438,22.601562
11136,2021-09-08 17:30:00,3540,31.78125,31.382812,31.070312,30.976562,30.265625,31.71875,30.585938,30.445312,30.109375,24.179688,22.015625,22.328125,22.515625,22.507812,22.492188,22.53125,22.609375
11137,2021-09-08 17:45:00,3540,33.265625,33.5625,32.679688,32.835938,32.140625,32.703125,31.726562,31.671875,31.359375,24.59375,22.0625,22.328125,22.507812,22.515625,22.5,22.539062,22.625
11138,2021-09-08 18:00:00,3540,33.921875,33.359375,32.367188,32.617188,31.9375,32.34375,31.578125,31.796875,31.789062,24.984375,22.125,22.320312,22.507812,22.523438,22.515625,22.546875,22.625
11139,2021-09-08 18:15:00,3546,35.0625,35.09375,34.328125,34.132812,33.085938,33.414062,32.484375,32.648438,32.515625,25.296875,22.195312,22.320312,22.507812,22.523438,22.523438,22.554688,22.632812
11140,2021-09-08 18:30:00,3546,36.117188,35.757812,35.179688,35.15625,33.421875,33.570312,33.34375,33.929688,33.835938,25.710938,22.257812,22.320312,22.5,22.523438,22.523438,22.570312,22.632812
11141,2021-09-08 18:45:00,3546,35.75,34.039062,33.390625,33.242188,31.179688,32.453125,32.820312,34.046875,34.1875,26.125,22.34375,22.335938,22.5,22.53125,22.53125,22.578125,22.648438
11142,2021-09-08 19:00:00,3546,36.476562,35.5,34.671875,33.960938,33.25,34.21875,35.234375,36.328125,36.046875,26.515625,22.421875,22.335938,22.492188,22.53125,22.539062,22.578125,22.648438
11143,2021-09-08 19:15:00,3546,37.078125,35.90625,34.890625,34.078125,34.460938,34.257812,35.117188,35.914062,35.726562,26.773438,22.507812,22.34375,22.492188,22.53125,22.546875,22.578125,22.648438
11144,2021-09-08 19:30:00,3552,37.882812,36.890625,35.515625,35.476562,35.390625,35.648438,37.09375,37.851562,37.40625,27.265625,22.609375,22.359375,22.492188,22.539062,22.546875,22.585938,22.65625
11145,2021-09-08 19:45:00,3552,37.554688,34.609375,33.734375,34.179688,32.96875,33.570312,34.773438,35.804688,35.734375,27.453125,22.710938,22.375,22.492188,22.539062,22.554688,22.601562,22.664062
11146,2021-09-08 20:00:00,3558,36.882812,35.109375,34.234375,34.609375,32.9375,34.914062,37.273438,38.257812,37.585938,27.726562,22.820312,22.398438,22.492188,22.539062,22.5625,22.601562,22.664062
11147,2021-09-08 20:15:00,3546,37.210938,36.820312,35.46875,34.78125,33.773438,36.585938,38.453125,39.140625,38.28125,28.085938,22.921875,22.421875,22.492188,22.546875,22.5625,22.609375,22.664062
11148,2021-09-08 20:30:00,3552,37.835938,37.804688,36.1875,35.375,34.765625,36.8125,38.351562,38.015625,37.09375,28.25,23.03125,22.445312,22.492188,22.546875,22.570312,22.617188,22.679688
11149,2021-09-08 20:45:00,3552,38.726562,37.40625,36.882812,36.0625,36.328125,39.648438,40.726562,40.875,39.875,28.695312,23.148438,22.46875,22.492188,22.546875,22.578125,22.625,22.6875
11150,2021-09-08 21:00:00,3552,38.65625,36.367188,36.5625,36.21875,36.617188,40.578125,40.976562,40.765625,39.8125,29.101562,23.265625,22.5,22.5,22.546875,22.585938,22.625,22.6875
11151,2021-09-08 21:15:00,3558,38.546875,35.59375,36.03125,35.96875,36.226562,39.109375,40.242188,40.257812,39.5,29.203125,23.382812,22.539062,22.507812,22.546875,22.578125,22.632812,22.695312
11152,2021-09-08 21:30:00,3552,37.171875,34.078125,33.882812,34.992188,35.601562,39.351562,39.632812,39.023438,38.195312,29.25,23.507812,22.570312,22.507812,22.554688,22.585938,22.640625,22.695312
11153,2021-09-08 21:45:00,3558,36.507812,34.15625,33.757812,35.203125,36.296875,40.46875,40.007812,39.359375,38.507812,29.382812,23.625,22.609375,22.523438,22.554688,22.59375,22.648438,22.695312
11154,2021-09-08 22:00:00,3558,35.8125,33.5625,33.234375,34.625,35.945312,39.515625,39.34375,39.179688,38.578125,29.492188,23.75,22.65625,22.53125,22.554688,22.601562,22.65625,22.703125
11155,2021-09-08 22:15:00,3558,35.773438,33.171875,33.421875,34.632812,36.25,38.53125,38.890625,38.65625,38.1875,29.421875,23.867188,22.695312,22.539062,22.5625,22.601562,22.65625,22.710938
11156,2021-09-08 22:30:00,3552,34.617188,31.84375,32.507812,33.992188,35.625,37.507812,37.898438,37.578125,37.3125,29.40625,23.976562,22.734375,22.554688,22.570312,22.609375,22.65625,22.71875
11157,2021-09-08 22:45:00,3564,33.382812,30.054688,30.695312,31.914062,32.90625,34.476562,34.929688,35.007812,34.765625,29.125,24.078125,22.789062,22.5625,22.570312,22.617188,22.671875,22.71875
11158,2021-09-08 23:00:00,3564,29.257812,26.140625,25.875,26.171875,26.109375,27.265625,27.703125,28.390625,29.109375,27.976562,24.1875,22.84375,22.578125,22.578125,22.617188,22.671875,22.726562
11159,2021-09-08 23:15:00,3558,26.429688,24.554688,24.203125,24.328125,24.179688,24.796875,25.328125,26.03125,26.703125,27.085938,24.28125,22.890625,22.59375,22.578125,22.625,22.679688,22.726562
11160,2021-09-08 23:30:00,3564,25.382812,24.601562,24.1875,24.21875,24.101562,24.4375,24.9375,25.46875,25.90625,26.53125,24.34375,22.945312,22.609375,22.585938,22.625,22.679688,22.734375
11161,2021-09-08 23:45:00,3558,24.765625,24.195312,23.90625,23.929688,23.789062,24.03125,24.34375,24.859375,25.351562,26.171875,24.390625,23.0,22.632812,22.585938,22.632812,22.6875,22.742188
11162,2021-09-09 00:00:00,3564,24.007812,23.53125,23.203125,23.226562,23.070312,23.273438,23.5625,24.046875,24.53125,25.796875,24.414062,23.046875,22.648438,22.59375,22.640625,22.6875,22.75
11163,2021-09-09 00:15:00,3564,23.703125,23.507812,23.148438,23.15625,23.007812,23.101562,23.40625,23.789062,24.179688,25.515625,24.421875,23.101562,22.671875,22.601562,22.640625,22.695312,22.757812
11164,2021-09-09 00:30:00,3564,23.476562,23.382812,23.046875,23.109375,22.945312,22.953125,23.1875,23.539062,23.9375,25.289062,24.414062,23.140625,22.695312,22.617188,22.648438,22.710938,22.757812
11165,2021-09-09 00:45:00,3564,23.226562,23.070312,22.75,22.773438,22.578125,22.570312,22.859375,23.203125,23.515625,25.046875,24.398438,23.1875,22.71875,22.625,22.65625,22.710938,22.78125
11166,2021-09-09 01:00:00,3564,22.96875,22.851562,22.546875,22.523438,22.289062,22.242188,22.4375,22.84375,23.171875,24.828125,24.375,23.234375,22.742188,22.632812,22.664062,22.71875,22.78125
11167,2021-09-09 01:15:00,3564,22.476562,22.25,21.890625,21.875,21.632812,21.609375,21.875,22.296875,22.609375,24.59375,24.351562,23.265625,22.765625,22.640625,22.664062,22.726562,22.796875
11168,2021-09-09 01:30:00,3552,21.703125,21.148438,20.882812,20.875,20.601562,20.6875,20.929688,21.484375,21.984375,24.328125,24.320312,23.304688,22.796875,22.648438,22.664062,22.734375,22.796875
11169,2021-09-09 01:45:00,3558,20.679688,20.046875,19.710938,19.765625,19.476562,19.710938,20.226562,20.75,21.195312,24.09375,24.289062,23.335938,22.820312,22.65625,22.679688,22.742188,22.8125
11170,2021-09-09 02:00:00,3564,20.070312,19.617188,19.304688,19.34375,19.101562,19.320312,19.859375,20.320312,20.71875,23.851562,24.25,23.359375,22.84375,22.671875,22.679688,22.742188,22.8125
11171,2021-09-09 02:15:00,3564,20.578125,21.0625,20.890625,21.007812,21.007812,20.71875,20.9375,21.085938,21.203125,23.671875,24.210938,23.382812,22.859375,22.679688,22.6875,22.75,22.828125
11172,2021-09-09 02:30:00,3564,19.945312,19.617188,19.390625,19.5,19.164062,19.460938,19.976562,20.382812,20.601562,23.484375,24.164062,23.40625,22.890625,22.695312,22.695312,22.757812,22.84375
11173,2021-09-09 02:45:00,3558,19.171875,18.75,18.445312,18.484375,18.125,18.484375,19.140625,19.476562,19.671875,23.210938,24.117188,23.421875,22.914062,22.710938,22.710938,22.773438,22.851562
11174,2021-09-09 03:00:00,3552,18.609375,18.289062,18.039062,18.125,17.867188,18.132812,18.703125,19.140625,19.492188,23.046875,24.0625,23.445312,22.9375,22.726562,22.71875,22.78125,22.867188
11175,2021-09-09 03:15:00,3552,18.414062,18.46875,18.242188,18.367188,18.21875,18.179688,18.546875,18.90625,19.414062,23.015625,24.015625,23.453125,22.96875,22.742188,22.726562,22.789062,22.859375
11176,2021-09-09 03:30:00,3558,18.507812,18.546875,18.367188,18.476562,18.257812,18.289062,18.75,19.039062,19.4375,22.929688,23.960938,23.460938,22.984375,22.757812,22.734375,22.804688,22.882812
11177,2021-09-09 03:45:00,3564,18.226562,18.070312,17.78125,17.828125,17.546875,17.625,18.140625,18.414062,18.710938,22.679688,23.914062,23.476562,23.007812,22.773438,22.742188,22.804688,22.890625
11178,2021-09-09 04:00:00,3558,18.257812,18.390625,17.984375,17.984375,17.796875,17.578125,18.039062,18.359375,18.578125,22.5,23.859375,23.484375,23.023438,22.789062,22.75,22.8125,22.898438
11179,2021-09-09 04:15:00,3558,17.742188,17.335938,17.257812,17.34375,17.023438,17.3125,17.609375,18.054688,18.507812,22.328125,23.8125,23.484375,23.046875,22.8125,22.757812,22.820312,22.914062
11180,2021-09-09 04:30:00,3552,17.273438,17.148438,16.90625,17.0,16.789062,16.929688,17.4375,17.921875,18.421875,22.273438,23.75,23.484375,23.070312,22.820312,22.78125,22.828125,22.929688
11181,2021-09-09 04:45:00,3552,17.257812,17.257812,17.09375,17.195312,17.054688,17.109375,17.554688,17.953125,18.351562,22.140625,23.703125,23.492188,23.085938,22.835938,22.789062,22.835938,22.9375
11182,2021-09-09 05:00:00,3558,17.34375,17.507812,17.320312,17.390625,17.335938,17.054688,17.414062,17.757812,18.164062,22.070312,23.65625,23.484375,23.101562,22.851562,22.804688,22.859375,22.953125
11183,2021-09-09 05:15:00,3552,17.78125,18.015625,17.84375,17.882812,17.601562,17.351562,17.523438,17.6875,17.945312,21.875,23.601562,23.484375,23.125,22.867188,22.804688,22.859375,22.960938
11184,2021-09-09 05:30:00,3552,17.429688,17.382812,17.171875,17.234375,16.960938,16.960938,17.351562,17.71875,18.09375,21.859375,23.554688,23.484375,23.132812,22.882812,22.828125,22.875,22.96875
11185,2021-09-09 05:45:00,3552,17.382812,17.382812,17.210938,17.28125,16.976562,16.945312,17.148438,17.367188,17.703125,21.703125,23.5,23.476562,23.15625,22.898438,22.835938,22.882812,22.984375
11186,2021-09-09 06:00:00,3552,17.484375,17.601562,17.40625,17.476562,17.28125,17.101562,17.445312,17.671875,17.898438,21.648438,23.445312,23.46875,23.164062,22.914062,22.851562,22.890625,23.0
11187,2021-09-09 06:15:00,3552,17.390625,17.429688,17.25,17.320312,17.054688,16.945312,17.203125,17.453125,17.710938,21.539062,23.390625,23.460938,23.179688,22.9375,22.859375,22.90625,23.015625
11188,2021-09-09 06:30:00,3552,17.382812,17.523438,17.296875,17.375,17.195312,17.09375,17.429688,17.632812,17.898438,21.53125,23.335938,23.453125,23.1875,22.953125,22.875,22.921875,23.023438
11189,2021-09-09 06:45:00,3552,17.195312,17.085938,16.90625,17.03125,16.804688,16.9375,17.210938,17.265625,17.390625,21.359375,23.289062,23.445312,23.203125,22.96875,22.882812,22.929688,23.03125
11190,2021-09-09 07:00:00,3552,16.8125,16.640625,16.40625,16.507812,16.242188,16.4375,16.875,16.992188,17.132812,21.25,23.242188,23.429688,23.210938,22.984375,22.898438,22.945312,23.046875
11191,2021-09-09 07:15:00,3552,16.234375,16.03125,16.0,16.1875,15.9296875,16.320312,16.773438,16.992188,17.234375,21.117188,23.1875,23.414062,23.21875,22.992188,22.914062,22.953125,23.054688
11192,2021-09-09 07:30:00,3552,16.203125,16.289062,16.210938,16.390625,16.351562,16.609375,17.101562,17.21875,17.421875,21.1875,23.140625,23.40625,23.234375,23.007812,22.929688,22.96875,23.070312
11193,2021-09-09 07:45:00,3552,15.984375,15.890625,15.8125,15.96875,15.8203125,16.15625,16.632812,16.804688,16.96875,21.023438,23.09375,23.390625,23.242188,23.015625,22.9375,22.976562,23.078125
11194,2021-09-09 08:00:00,3552,16.992188,17.851562,17.71875,17.828125,17.835938,17.578125,17.835938,17.9375,18.070312,21.1875,23.046875,23.382812,23.25,23.039062,22.953125,22.992188,23.09375
11195,2021-09-09 08:15:00,3552,17.40625,17.664062,17.585938,17.757812,17.523438,17.601562,17.921875,18.0625,18.179688,21.195312,23.0,23.367188,23.257812,23.046875,22.96875,23.0,23.109375
11196,2021-09-09 08:30:00,3552,17.585938,18.171875,18.203125,18.492188,18.460938,18.046875,18.34375,18.367188,18.375,21.148438,22.960938,23.351562,23.257812,23.0625,22.976562,23.007812,23.117188
11197,2021-09-09 08:45:00,3546,17.90625,18.507812,18.546875,18.789062,18.726562,18.523438,18.695312,18.796875,18.890625,21.242188,22.929688,23.335938,23.265625,23.078125,22.992188,23.023438,23.125
11198,2021-09-09 09:00:00,3546,17.515625,17.507812,17.429688,17.710938,17.578125,17.476562,17.796875,17.875,18.070312,21.195312,22.882812,23.320312,23.273438,23.085938,23.0,23.039062,23.132812
11199,2021-09-09 09:15:00,3546,17.695312,18.132812,18.15625,18.390625,18.335938,18.234375,18.398438,18.539062,18.710938,21.242188,22.84375,23.304688,23.273438,23.109375,23.015625,23.046875,23.148438
11200,2021-09-09 09:30:00,3546,17.640625,18.039062,18.0,18.21875,18.132812,18.046875,18.234375,18.375,18.578125,21.257812,22.8125,23.28125,23.273438,23.109375,23.023438,23.054688,23.15625
11201,2021-09-09 09:45:00,3552,17.6875,18.125,18.148438,18.390625,18.328125,18.21875,18.390625,18.515625,18.695312,21.242188,22.78125,23.265625,23.28125,23.125,23.046875,23.070312,23.171875
11202,2021-09-09 10:00:00,3552,17.085938,17.070312,16.945312,17.109375,16.96875,17.03125,17.289062,17.429688,17.734375,21.148438,22.742188,23.257812,23.28125,23.132812,23.046875,23.078125,23.179688
11203,2021-09-09 10:15:00,3546,16.898438,16.953125,16.828125,16.945312,16.710938,16.890625,17.273438,17.484375,17.71875,21.070312,22.71875,23.234375,23.28125,23.148438,23.0625,23.09375,23.195312
11204,2021-09-09 10:30:00,3546,16.039062,15.703125,15.640625,15.78125,15.5390625,15.96875,16.59375,17.101562,17.445312,20.835938,22.695312,23.21875,23.28125,23.15625,23.078125,23.109375,23.203125
11205,2021-09-09 10:45:00,3546,15.3828125,15.2421875,15.1875,15.3359375,15.1796875,15.7109375,16.382812,16.921875,17.476562,20.867188,22.65625,23.203125,23.289062,23.164062,23.085938,23.117188,23.21875
11206,2021-09-09 11:00:00,3546,14.921875,14.8203125,14.7734375,14.9921875,14.90625,15.65625,16.492188,16.757812,17.148438,20.765625,22.625,23.1875,23.28125,23.171875,23.101562,23.125,23.226562
11207,2021-09-09 11:15:00,3552,14.5390625,14.5625,14.546875,14.734375,14.6953125,15.4296875,16.078125,16.296875,16.554688,20.578125,22.601562,23.171875,23.28125,23.179688,23.109375,23.140625,23.234375
11208,2021-09-09 11:30:00,3552,14.1171875,14.171875,14.15625,14.3671875,14.296875,15.0,15.6328125,15.921875,16.273438,20.4375,22.570312,23.148438,23.273438,23.1875,23.117188,23.148438,23.234375
11209,2021-09-09 11:45:00,3546,13.8828125,13.8671875,13.84375,14.03125,13.84375,14.640625,15.5390625,16.0,16.320312,20.390625,22.53125,23.140625,23.28125,23.195312,23.132812,23.15625,23.25
11210,2021-09-09 12:00:00,3540,14.3046875,14.765625,14.765625,14.96875,14.9296875,15.0859375,15.6953125,16.109375,16.53125,20.453125,22.5,23.117188,23.273438,23.203125,23.148438,23.164062,23.257812
11211,2021-09-09 12:15:00,3546,14.1640625,14.1875,14.234375,14.3671875,14.140625,14.734375,15.46875,16.125,16.679688,20.429688,22.460938,23.109375,23.273438,23.210938,23.15625,23.179688,23.265625
11212,2021-09-09 12:30:00,3546,13.8046875,13.859375,13.859375,14.0,13.8359375,14.515625,15.34375,15.96875,16.515625,20.375,22.421875,23.085938,23.265625,23.210938,23.164062,23.1875,23.273438
11213,2021-09-09 12:45:00,3540,14.03125,14.4609375,14.5,14.7109375,14.7734375,14.734375,15.1875,15.515625,15.9921875,20.328125,22.390625,23.070312,23.265625,23.21875,23.171875,23.203125,23.28125
11214,2021-09-09 13:00:00,3534,14.1328125,14.2109375,14.2734375,14.40625,14.28125,14.703125,15.25,15.8515625,16.453125,20.28125,22.351562,23.054688,23.257812,23.226562,23.179688,23.210938,23.289062
11215,2021-09-09 13:15:00,3540,14.1484375,14.2265625,14.3125,14.4140625,14.28125,14.8046875,15.34375,16.039062,16.726562,20.34375,22.328125,23.039062,23.257812,23.234375,23.1875,23.210938,23.296875
11216,2021-09-09 13:30:00,3540,14.2578125,14.390625,14.453125,14.5234375,14.4296875,14.8515625,15.296875,15.8828125,16.5625,20.359375,22.289062,23.023438,23.242188,23.234375,23.195312,23.226562,23.3125
11217,2021-09-09 13:45:00,3546,14.2421875,14.2421875,14.2734375,14.3515625,14.2265625,14.71875,15.2890625,15.9609375,16.625,20.34375,22.257812,23.0,23.25,23.234375,23.210938,23.234375,23.3125
11218,2021-09-09 14:00:00,3546,14.0546875,14.0,14.078125,14.1328125,14.03125,14.515625,14.890625,15.515625,16.234375,20.234375,22.226562,22.984375,23.234375,23.242188,23.210938,23.242188,23.320312
11219,2021-09-09 14:15:00,3540,14.171875,14.203125,14.328125,14.40625,14.3515625,14.9296875,15.3984375,16.007812,16.625,20.25,22.203125,22.960938,23.234375,23.25,23.21875,23.25,23.328125
11220,2021-09-09 14:30:00,3540,14.5234375,14.8203125,14.9140625,14.984375,15.015625,15.609375,16.078125,16.5625,17.117188,20.375,22.179688,22.945312,23.21875,23.25,23.234375,23.257812,23.328125
11221,2021-09-09 14:45:00,3540,16.125,16.460938,16.617188,16.78125,16.78125,16.882812,17.164062,17.4375,17.710938,20.382812,22.148438,22.929688,23.21875,23.25,23.234375,23.265625,23.328125
11222,2021-09-09 15:00:00,3540,16.367188,16.710938,16.75,16.726562,16.601562,16.882812,16.984375,17.25,17.59375,20.421875,22.117188,22.90625,23.21875,23.257812,23.242188,23.273438,23.34375
11223,2021-09-09 15:15:00,3540,16.03125,15.59375,15.7421875,15.765625,15.65625,16.398438,16.671875,17.1875,17.6875,20.476562,22.09375,22.882812,23.210938,23.257812,23.25,23.28125,23.34375
11224,2021-09-09 15:30:00,3546,16.703125,17.179688,17.257812,17.171875,17.109375,17.625,17.765625,18.007812,18.242188,20.539062,22.070312,22.867188,23.195312,23.265625,23.257812,23.289062,23.34375
11225,2021-09-09 15:45:00,3534,18.320312,18.007812,18.304688,18.273438,18.109375,18.8125,18.929688,19.132812,19.25,20.789062,22.046875,22.851562,23.195312,23.257812,23.265625,23.296875,23.351562
11226,2021-09-09 16:00:00,3540,18.992188,18.75,18.945312,18.929688,18.773438,19.390625,19.492188,19.820312,19.96875,20.9375,22.039062,22.828125,23.179688,23.257812,23.273438,23.304688,23.351562
11227,2021-09-09 16:15:00,3540,19.351562,19.414062,19.5625,19.335938,19.15625,19.671875,19.71875,19.90625,20.117188,21.054688,22.023438,22.820312,23.171875,23.265625,23.28125,23.304688,23.359375
11228,2021-09-09 16:30:00,3540,22.578125,22.890625,23.234375,22.4375,21.742188,22.015625,21.632812,21.5,21.453125,21.390625,22.015625,22.796875,23.164062,23.265625,23.28125,23.3125,23.367188
11229,2021-09-09 16:45:00,3540,25.140625,24.484375,24.734375,23.914062,23.367188,23.773438,23.476562,23.21875,22.992188,21.695312,22.015625,22.78125,23.15625,23.257812,23.28125,23.320312,23.359375
11230,2021-09-09 17:00:00,3540,26.054688,25.523438,26.242188,25.867188,25.179688,25.914062,25.242188,24.90625,24.539062,22.070312,22.015625,22.757812,23.15625,23.257812,23.28125,23.328125,23.367188
11231,2021-09-09 17:15:00,3540,26.695312,25.820312,26.523438,25.851562,25.117188,26.359375,25.273438,25.289062,25.21875,22.4375,22.023438,22.742188,23.132812,23.257812,23.289062,23.328125,23.375
11232,2021-09-09 17:30:00,3534,27.851562,27.210938,27.453125,26.648438,26.398438,27.335938,25.742188,25.609375,25.671875,22.75,22.039062,22.726562,23.125,23.257812,23.296875,23.335938,23.375
11233,2021-09-09 17:45:00,3540,27.953125,26.765625,26.898438,26.726562,26.375,26.820312,25.640625,25.664062,25.796875,22.960938,22.0625,22.71875,23.117188,23.257812,23.289062,23.335938,23.375
11234,2021-09-09 18:00:00,3534,28.898438,28.164062,27.390625,27.625,27.695312,27.390625,25.898438,26.0,26.289062,23.226562,22.101562,22.710938,23.109375,23.257812,23.304688,23.34375,23.375
11235,2021-09-09 18:15:00,3540,29.679688,28.945312,28.078125,28.53125,28.289062,27.984375,27.257812,27.570312,27.75,23.601562,22.140625,22.695312,23.09375,23.257812,23.296875,23.34375,23.375
11236,2021-09-09 18:30:00,3534,30.75,29.984375,29.421875,29.867188,28.09375,28.429688,28.054688,28.609375,28.679688,23.898438,22.179688,22.6875,23.09375,23.257812,23.3125,23.359375,23.375
11237,2021-09-09 18:45:00,3540,31.539062,31.398438,30.640625,30.601562,28.695312,29.648438,29.382812,29.898438,29.914062,24.320312,22.234375,22.679688,23.085938,23.25,23.304688,23.359375,23.382812
11238,2021-09-09 19:00:00,3540,32.914062,33.164062,31.640625,30.828125,30.632812,30.867188,30.796875,31.15625,30.867188,24.6875,22.28125,22.679688,23.070312,23.25,23.3125,23.351562,23.375
11239,2021-09-09 19:15:00,3540,32.773438,30.757812,29.5,29.0,28.84375,29.320312,30.039062,30.992188,30.898438,24.96875,22.34375,22.671875,23.0625,23.242188,23.3125,23.359375,23.382812
11240,2021-09-09 19:30:00,3528,32.195312,30.429688,29.085938,29.679688,29.007812,29.65625,30.367188,30.890625,30.796875,25.171875,22.414062,22.671875,23.054688,23.242188,23.3125,23.351562,23.375
11241,2021-09-09 19:45:00,3540,31.6875,29.710938,29.132812,29.710938,28.945312,30.242188,30.304688,30.398438,30.40625,25.335938,22.484375,22.679688,23.046875,23.234375,23.320312,23.359375,23.375
11242,2021-09-09 20:00:00,3540,30.226562,27.96875,27.546875,27.929688,27.171875,28.921875,30.101562,31.273438,31.523438,25.554688,22.5625,22.6875,23.039062,23.242188,23.3125,23.367188,23.375
11243,2021-09-09 20:15:00,3546,29.15625,27.726562,26.726562,26.875,26.570312,28.242188,28.9375,29.398438,29.742188,25.53125,22.640625,22.695312,23.039062,23.226562,23.3125,23.367188,23.367188
11244,2021-09-09 19:00:00,3540,32.914062,33.164062,31.640625,30.828125,30.632812,30.867188,30.796875,31.15625,30.867188,24.6875,22.28125,22.679688,23.070312,23.25,23.3125,23.351562,23.375
11245,2021-09-09 19:15:00,3540,32.773438,30.757812,29.5,29.0,28.84375,29.320312,30.039062,30.992188,30.898438,24.96875,22.34375,22.671875,23.0625,23.242188,23.3125,23.359375,23.382812
11246,2021-09-09 19:30:00,3528,32.195312,30.429688,29.085938,29.679688,29.007812,29.65625,30.367188,30.890625,30.796875,25.171875,22.414062,22.671875,23.054688,23.242188,23.3125,23.351562,23.375
11247,2021-09-09 19:45:00,3540,31.6875,29.710938,29.132812,29.710938,28.945312,30.242188,30.304688,30.398438,30.40625,25.335938,22.484375,22.679688,23.046875,23.234375,23.320312,23.359375,23.375
11248,2021-09-09 20:00:00,3540,30.226562,27.96875,27.546875,27.929688,27.171875,28.921875,30.101562,31.273438,31.523438,25.554688,22.5625,22.6875,23.039062,23.242188,23.3125,23.367188,23.375
11249,2021-09-09 20:15:00,3546,29.15625,27.726562,26.726562,26.875,26.570312,28.242188,28.9375,29.398438,29.742188,25.53125,22.640625,22.695312,23.039062,23.226562,23.3125,23.367188,23.367188
11250,2021-09-09 20:30:00,3552,29.359375,28.851562,27.570312,27.585938,27.890625,29.960938,31.039062,31.273438,30.960938,25.539062,22.71875,22.703125,23.03125,23.226562,23.3125,23.367188,23.375
11251,2021-09-09 20:45:00,3540,30.359375,28.875,28.023438,27.945312,27.757812,30.234375,30.320312,30.039062,29.796875,25.726562,22.796875,22.71875,23.03125,23.226562,23.3125,23.375,23.375
11252,2021-09-09 21:00:00,3546,32.382812,30.84375,30.429688,30.359375,30.734375,34.484375,35.007812,35.0625,34.5,26.421875,22.867188,22.734375,23.023438,23.21875,23.3125,23.367188,23.367188
11253,2021-09-09 21:15:00,3540,31.679688,28.375,28.148438,28.445312,28.96875,32.171875,33.195312,34.078125,34.148438,26.882812,22.945312,22.75,23.015625,23.21875,23.3125,23.367188,23.367188
11254,2021-09-09 21:30:00,3546,30.015625,26.859375,26.453125,27.34375,27.765625,30.648438,30.6875,30.539062,30.570312,26.476562,23.023438,22.773438,23.015625,23.210938,23.304688,23.367188,23.367188
11255,2021-09-09 21:45:00,3552,27.953125,24.476562,24.242188,25.132812,25.507812,28.304688,29.070312,29.65625,29.90625,26.375,23.101562,22.796875,23.015625,23.210938,23.3125,23.367188,23.367188
11256,2021-09-09 22:00:00,3546,28.007812,26.046875,26.0625,27.429688,28.695312,32.148438,31.75,31.75,31.601562,26.46875,23.1875,22.820312,23.015625,23.203125,23.3125,23.367188,23.367188
11257,2021-09-09 22:15:00,3546,27.953125,25.789062,26.28125,27.71875,29.101562,31.625,31.703125,31.554688,31.601562,26.515625,23.265625,22.84375,23.007812,23.203125,23.304688,23.367188,23.359375
11258,2021-09-09 22:30:00,3540,27.898438,25.929688,26.679688,27.828125,28.679688,30.328125,30.0625,29.796875,29.960938,26.359375,23.34375,22.867188,23.015625,23.203125,23.304688,23.367188,23.359375
11259,2021-09-09 22:45:00,3546,27.203125,24.851562,25.421875,26.273438,26.71875,28.359375,28.289062,28.789062,29.171875,26.28125,23.414062,22.898438,23.015625,23.195312,23.3125,23.367188,23.359375
11260,2021-09-09 23:00:00,3546,25.039062,23.15625,23.1875,23.59375,23.828125,25.0625,25.28125,25.859375,26.414062,25.71875,23.484375,22.921875,23.023438,23.195312,23.3125,23.367188,23.351562
11261,2021-09-09 23:15:00,3546,23.539062,22.46875,22.484375,22.804688,23.085938,24.0,24.3125,24.929688,25.492188,25.296875,23.539062,22.953125,23.023438,23.1875,23.3125,23.367188,23.359375
11262,2021-09-09 23:30:00,3546,23.070312,22.367188,22.421875,22.679688,22.773438,23.53125,23.648438,24.0625,24.53125,24.976562,23.585938,22.992188,23.023438,23.1875,23.304688,23.367188,23.351562
11263,2021-09-09 23:45:00,3540,22.421875,21.789062,21.804688,22.023438,22.078125,22.867188,23.195312,23.648438,24.09375,24.726562,23.617188,23.015625,23.039062,23.1875,23.304688,23.359375,23.351562
11264,2021-09-10 00:00:00,3540,21.851562,21.257812,21.367188,21.609375,21.65625,22.382812,22.71875,23.226562,23.695312,24.523438,23.640625,23.046875,23.039062,23.1875,23.304688,23.359375,23.351562
11265,2021-09-10 00:15:00,3546,20.75,19.8125,19.851562,20.023438,19.953125,20.6875,21.03125,21.710938,22.414062,24.21875,23.648438,23.078125,23.046875,23.1875,23.296875,23.359375,23.34375
11266,2021-09-10 00:30:00,3546,19.828125,19.296875,19.210938,19.328125,19.320312,19.875,20.320312,20.929688,21.539062,23.851562,23.65625,23.101562,23.0625,23.1875,23.296875,23.359375,23.34375
11267,2021-09-10 00:45:00,3546,19.289062,18.695312,18.71875,18.859375,18.820312,19.34375,19.789062,20.523438,21.203125,23.664062,23.648438,23.132812,23.070312,23.179688,23.296875,23.359375,23.34375
11268,2021-09-10 01:00:00,3540,18.679688,18.296875,18.296875,18.4375,18.421875,18.984375,19.53125,20.28125,20.90625,23.453125,23.640625,23.15625,23.085938,23.1875,23.296875,23.367188,23.34375
11269,2021-09-10 01:15:00,3546,18.429688,17.960938,18.023438,18.164062,18.078125,18.734375,19.109375,19.828125,20.53125,23.296875,23.617188,23.171875,23.09375,23.179688,23.296875,23.359375,23.335938
11270,2021-09-10 01:30:00,3540,17.742188,17.203125,17.242188,17.367188,17.296875,18.0,18.515625,19.25,20.007812,23.09375,23.601562,23.195312,23.101562,23.179688,23.289062,23.351562,23.34375
11271,2021-09-10 01:45:00,3546,16.96875,16.414062,16.414062,16.515625,16.382812,16.992188,17.546875,18.390625,19.179688,22.828125,23.570312,23.210938,23.117188,23.1875,23.289062,23.359375,23.335938
11272,2021-09-10 02:00:00,3540,16.382812,15.953125,15.9375,16.023438,15.921875,16.476562,17.023438,17.875,18.742188,22.601562,23.539062,23.226562,23.125,23.1875,23.296875,23.351562,23.34375
11273,2021-09-10 02:15:00,3546,16.203125,15.953125,15.921875,16.007812,15.9921875,16.601562,17.289062,18.015625,18.695312,22.4375,23.507812,23.242188,23.140625,23.195312,23.289062,23.359375,23.34375
11274,2021-09-10 02:30:00,3540,15.96875,15.6015625,15.609375,15.671875,15.609375,16.179688,16.789062,17.664062,18.445312,22.296875,23.476562,23.257812,23.148438,23.195312,23.289062,23.351562,23.335938
11275,2021-09-10 02:45:00,3546,15.59375,15.2265625,15.234375,15.2890625,15.1875,15.7265625,16.328125,17.265625,18.078125,22.132812,23.421875,23.265625,23.15625,23.203125,23.289062,23.351562,23.34375
11276,2021-09-10 03:00:00,3540,15.453125,15.3046875,15.296875,15.3203125,15.2578125,15.6796875,16.195312,16.96875,17.75,21.960938,23.382812,23.273438,23.171875,23.203125,23.289062,23.351562,23.34375
11277,2021-09-10 03:15:00,3534,15.328125,15.0546875,15.0703125,15.109375,15.0390625,15.515625,16.070312,16.9375,17.742188,21.867188,23.335938,23.273438,23.179688,23.203125,23.289062,23.351562,23.335938
11278,2021-09-10 03:30:00,3546,14.859375,14.421875,14.46875,14.5078125,14.375,14.84375,15.1953125,16.0,16.945312,21.703125,23.296875,23.28125,23.195312,23.210938,23.289062,23.351562,23.335938
11279,2021-09-10 03:45:00,3540,14.3671875,14.015625,14.015625,14.0625,13.9375,14.4921875,15.171875,15.96875,16.71875,21.492188,23.25,23.28125,23.195312,23.210938,23.296875,23.351562,23.335938
11280,2021-09-10 04:00:00,3540,14.09375,13.859375,13.8125,13.8828125,13.8125,14.46875,15.3828125,16.140625,16.757812,21.335938,23.210938,23.273438,23.210938,23.21875,23.296875,23.351562,23.335938
11281,2021-09-10 04:15:00,3540,14.2265625,14.2265625,14.234375,14.25,14.1875,14.6640625,15.359375,16.203125,16.929688,21.296875,23.15625,23.273438,23.21875,23.226562,23.296875,23.351562,23.335938
11282,2021-09-10 04:30:00,3540,14.3125,14.28125,14.3046875,14.359375,14.3125,14.84375,15.5390625,16.179688,16.796875,21.257812,23.109375,23.265625,23.226562,23.234375,23.296875,23.359375,23.34375
11283,2021-09-10 04:45:00,3546,14.453125,14.4296875,14.40625,14.40625,14.359375,14.78125,15.4296875,16.15625,16.828125,21.15625,23.054688,23.265625,23.226562,23.234375,23.296875,23.351562,23.34375
11284,2021-09-10 05:00:00,3534,14.4296875,14.3359375,14.328125,14.3515625,14.296875,14.7421875,15.53125,16.359375,16.976562,21.078125,23.015625,23.257812,23.234375,23.242188,23.304688,23.359375,23.335938
11285,2021-09-10 05:15:00,3540,14.46875,14.4921875,14.484375,14.4921875,14.46875,14.859375,15.3984375,16.117188,16.796875,20.992188,22.960938,23.25,23.25,23.242188,23.304688,23.359375,23.34375
11286,2021-09-10 05:30:00,3540,14.515625,14.4140625,14.4609375,14.4921875,14.4375,14.875,15.3984375,16.15625,16.890625,21.007812,22.914062,23.242188,23.25,23.257812,23.304688,23.359375,23.34375
11287,2021-09-10 05:45:00,3528,14.28125,14.0546875,14.0625,14.1015625,14.03125,14.515625,15.1875,16.03125,16.75,20.960938,22.867188,23.226562,23.25,23.257812,23.304688,23.359375,23.34375
11288,2021-09-10 06:00:00,3540,14.09375,13.96875,14.0234375,14.0546875,13.9765625,14.4453125,15.0859375,15.90625,16.640625,20.875,22.828125,23.21875,23.257812,23.265625,23.3125,23.359375,23.34375
11289,2021-09-10 06:15:00,3540,13.7734375,13.6953125,13.7421875,13.78125,13.7109375,14.15625,14.8359375,15.671875,16.421875,20.789062,22.78125,23.203125,23.257812,23.273438,23.3125,23.359375,23.34375
11290,2021-09-10 06:30:00,3528,13.9453125,13.9765625,14.046875,14.09375,14.0625,14.6171875,15.3515625,16.117188,16.734375,20.742188,22.742188,23.195312,23.265625,23.273438,23.320312,23.367188,23.351562
11291,2021-09-10 06:45:00,3540,13.9921875,13.9453125,14.0,14.0234375,13.9609375,14.4453125,15.1640625,15.921875,16.601562,20.71875,22.695312,23.171875,23.273438,23.28125,23.320312,23.359375,23.34375
11292,2021-09-10 07:00:00,3534,14.140625,14.15625,14.203125,14.265625,14.2578125,14.8203125,15.59375,16.296875,16.84375,20.671875,22.65625,23.164062,23.265625,23.28125,23.320312,23.359375,23.34375
11293,2021-09-10 07:15:00,3528,14.1875,14.078125,14.140625,14.1796875,14.1328125,14.65625,15.3125,16.101562,16.75,20.640625,22.617188,23.148438,23.265625,23.289062,23.320312,23.367188,23.351562
11294,2021-09-10 07:30:00,3534,14.046875,13.9375,13.984375,14.0234375,13.9609375,14.4609375,15.1796875,15.96875,16.625,20.585938,22.578125,23.125,23.265625,23.289062,23.328125,23.367188,23.351562
11295,2021-09-10 07:45:00,3540,13.7265625,13.53125,13.5546875,13.609375,13.5234375,13.984375,14.7578125,15.59375,16.21875,20.46875,22.539062,23.117188,23.265625,23.289062,23.328125,23.375,23.351562
11296,2021-09-10 08:00:00,3528,13.9140625,14.078125,14.1171875,14.1328125,14.109375,14.5,14.9609375,15.6484375,16.3125,20.40625,22.507812,23.101562,23.265625,23.296875,23.335938,23.367188,23.359375
11297,2021-09-10 08:15:00,3528,14.125,14.1328125,14.203125,14.234375,14.1953125,14.59375,15.0,15.6484375,16.367188,20.429688,22.46875,23.085938,23.265625,23.296875,23.335938,23.375,23.351562
11298,2021-09-10 08:30:00,3534,14.140625,14.015625,14.0859375,14.1171875,14.0625,14.4921875,14.9140625,15.640625,16.398438,20.421875,22.429688,23.070312,23.265625,23.304688,23.335938,23.375,23.351562
11299,2021-09-10 08:45:00,3528,14.03125,13.875,13.9453125,13.9609375,13.90625,14.296875,14.6484375,15.3671875,16.179688,20.351562,22.398438,23.046875,23.257812,23.304688,23.34375,23.367188,23.351562
11300,2021-09-10 09:00:00,3528,13.9921875,13.890625,13.9765625,13.9921875,13.9296875,14.296875,14.6171875,15.3125,16.132812,20.34375,22.367188,23.039062,23.257812,23.304688,23.34375,23.375,23.34375
11301,2021-09-10 09:15:00,3528,13.9140625,13.765625,13.859375,13.875,13.8046875,14.1875,14.5078125,15.25,16.0625,20.296875,22.328125,23.015625,23.25,23.304688,23.34375,23.375,23.351562
11302,2021-09-10 09:30:00,3528,13.7265625,13.578125,13.65625,13.6875,13.625,14.0078125,14.3828125,15.1484375,15.9765625,20.25,22.304688,22.992188,23.25,23.3125,23.34375,23.375,23.351562
11303,2021-09-10 09:45:00,3534,13.6484375,13.6015625,13.6796875,13.7265625,13.6875,14.140625,14.625,15.328125,16.054688,20.210938,22.265625,22.984375,23.25,23.3125,23.351562,23.375,23.34375
11304,2021-09-10 10:00:00,3534,13.6015625,13.5078125,13.6171875,13.6484375,13.578125,14.015625,14.4609375,15.1953125,15.90625,20.1875,22.226562,22.960938,23.234375,23.304688,23.351562,23.375,23.351562
11305,2021-09-10 10:15:00,3528,13.65625,13.6171875,13.7109375,13.7578125,13.7109375,14.171875,14.71875,15.515625,16.21875,20.179688,22.203125,22.945312,23.234375,23.3125,23.359375,23.375,23.34375
11306,2021-09-10 10:30:00,3528,13.6171875,13.546875,13.65625,13.6640625,13.6015625,13.9921875,14.375,15.15625,15.96875,20.125,22.164062,22.921875,23.226562,23.3125,23.359375,23.382812,23.351562
11307,2021-09-10 10:45:00,3534,13.6328125,13.578125,13.6875,13.71875,13.671875,14.125,14.5859375,15.296875,16.023438,20.078125,22.132812,22.90625,23.21875,23.3125,23.351562,23.375,23.351562
11308,2021-09-10 11:00:00,3528,13.640625,13.6015625,13.6953125,13.7265625,13.6953125,14.1015625,14.6171875,15.3359375,16.070312,20.0625,22.101562,22.882812,23.210938,23.320312,23.351562,23.375,23.34375
11309,2021-09-10 11:15:00,3528,13.640625,13.6328125,13.7109375,13.734375,13.703125,14.0546875,14.421875,15.0078125,15.6875,19.976562,22.070312,22.867188,23.203125,23.3125,23.359375,23.375,23.335938
11310,2021-09-10 11:30:00,3528,13.7421875,13.7421875,13.8359375,13.8515625,13.8046875,14.15625,14.5,15.15625,15.8984375,19.976562,22.039062,22.851562,23.195312,23.3125,23.359375,23.375,23.34375
11311,2021-09-10 11:45:00,3528,13.8046875,13.8125,13.9140625,13.953125,13.9296875,14.34375,14.8125,15.484375,16.125,19.984375,22.007812,22.828125,23.1875,23.3125,23.359375,23.375,23.335938
11312,2021-09-10 12:00:00,3528,13.8203125,13.8125,13.921875,13.9453125,13.8984375,14.28125,14.5859375,15.1484375,15.8046875,19.929688,21.984375,22.804688,23.179688,23.304688,23.359375,23.375,23.328125
11313,2021-09-10 12:15:00,3522,13.8125,13.8203125,13.9140625,13.953125,13.9140625,14.3046875,14.7265625,15.3671875,16.046875,19.945312,21.953125,22.789062,23.171875,23.304688,23.359375,23.375,23.328125
11314,2021-09-10 12:30:00,3522,13.8515625,13.84375,13.953125,13.9765625,13.9375,14.3359375,14.796875,15.5625,16.242188,19.953125,21.929688,22.773438,23.164062,23.304688,23.367188,23.375,23.320312
11315,2021-09-10 12:45:00,3528,13.8828125,13.9296875,14.0546875,14.0859375,13.9921875,14.3828125,14.7265625,15.4453125,16.039062,19.921875,21.898438,22.742188,23.15625,23.296875,23.359375,23.367188,23.320312
11316,2021-09-10 13:00:00,3528,13.875,13.9140625,14.0390625,14.0703125,13.9609375,14.3515625,14.6953125,15.453125,16.085938,19.921875,21.875,22.726562,23.140625,23.296875,23.359375,23.375,23.3125
11317,2021-09-10 13:15:00,3522,13.8671875,13.9140625,14.046875,14.0625,13.9609375,14.2890625,14.609375,15.3203125,16.039062,19.914062,21.851562,22.710938,23.132812,23.289062,23.351562,23.375,23.3125
11318,2021-09-10 13:30:00,3522,13.8125,13.8203125,13.9609375,13.9765625,13.859375,14.203125,14.5546875,15.2421875,15.984375,19.882812,21.828125,22.6875,23.117188,23.289062,23.359375,23.367188,23.304688
11319,2021-09-10 13:45:00,3522,13.8203125,13.875,14.0,14.046875,13.9765625,14.359375,14.8203125,15.4609375,16.09375,19.851562,21.804688,22.671875,23.109375,23.289062,23.351562,23.367188,23.304688
11320,2021-09-10 14:00:00,3522,13.8515625,13.8828125,14.0234375,14.0546875,13.953125,14.34375,14.7265625,15.3984375,16.085938,19.859375,21.78125,22.65625,23.101562,23.28125,23.351562,23.367188,23.296875
11321,2021-09-10 14:15:00,3522,13.828125,13.84375,13.9765625,14.0,13.8984375,14.2890625,14.6875,15.3984375,16.109375,19.835938,21.757812,22.625,23.085938,23.28125,23.351562,23.359375,23.296875
11322,2021-09-10 14:30:00,3528,13.859375,13.8828125,14.0078125,14.046875,13.9765625,14.359375,14.8359375,15.546875,16.203125,19.828125,21.734375,22.617188,23.078125,23.273438,23.34375,23.359375,23.289062
11323,2021-09-10 14:45:00,3522,13.859375,13.8125,13.953125,13.9765625,13.8671875,14.2578125,14.6015625,15.3046875,16.046875,19.804688,21.710938,22.59375,23.0625,23.265625,23.351562,23.359375,23.289062
11324,2021-09-10 15:00:00,3522,14.0,14.03125,14.171875,14.21875,14.1484375,14.59375,15.0,15.6875,16.3125,19.804688,21.695312,22.578125,23.054688,23.257812,23.34375,23.359375,23.28125
11325,2021-09-10 15:15:00,3522,14.0,13.875,14.0,14.03125,13.9375,14.390625,14.7890625,15.5234375,16.210938,19.8125,21.664062,22.554688,23.039062,23.257812,23.34375,23.351562,23.273438
11326,2021-09-10 15:30:00,3522,14.0859375,14.0859375,14.1875,14.2421875,14.1953125,14.6171875,15.0,15.65625,16.289062,19.789062,21.648438,22.546875,23.023438,23.25,23.335938,23.351562,23.273438
11327,2021-09-10 15:45:00,3510,14.4140625,14.5,14.640625,14.7265625,14.703125,15.2109375,15.5625,16.179688,16.734375,19.859375,21.625,22.523438,23.015625,23.242188,23.335938,23.34375,23.257812
11328,2021-09-10 16:00:00,3522,14.6328125,14.546875,14.6484375,14.7265625,14.6953125,15.234375,15.671875,16.273438,16.8125,19.898438,21.601562,22.5,23.0,23.242188,23.328125,23.34375,23.25
11329,2021-09-10 16:15:00,3528,14.796875,14.609375,14.703125,14.7734375,14.7578125,15.265625,15.7734375,16.46875,17.007812,19.9375,21.585938,22.484375,22.992188,23.234375,23.320312,23.34375,23.25
11330,2021-09-10 16:30:00,3522,15.1015625,14.9296875,15.015625,15.1015625,15.0859375,15.5546875,16.0,16.585938,17.085938,19.992188,21.5625,22.46875,22.976562,23.21875,23.320312,23.328125,23.242188
11331,2021-09-10 16:45:00,3522,15.7109375,15.796875,15.828125,15.96875,16.132812,16.601562,17.101562,17.625,17.960938,20.125,21.554688,22.453125,22.960938,23.210938,23.3125,23.328125,23.234375
11332,2021-09-10 17:00:00,3522,16.171875,15.828125,15.78125,15.9453125,16.023438,16.476562,17.125,17.757812,18.09375,20.234375,21.539062,22.429688,22.953125,23.203125,23.304688,23.320312,23.226562
11333,2021-09-10 17:15:00,3516,17.382812,17.148438,16.992188,17.195312,17.390625,17.765625,18.4375,18.992188,19.179688,20.460938,21.523438,22.414062,22.9375,23.195312,23.304688,23.320312,23.21875
11334,2021-09-10 17:30:00,3522,18.25,18.296875,18.0,18.257812,18.484375,18.757812,19.492188,19.929688,19.976562,20.664062,21.523438,22.390625,22.921875,23.195312,23.296875,23.3125,23.210938
11335,2021-09-10 17:45:00,3516,19.914062,19.773438,19.5625,19.726562,19.835938,20.359375,20.8125,21.273438,21.367188,21.03125,21.515625,22.375,22.914062,23.1875,23.296875,23.304688,23.203125
11336,2021-09-10 18:00:00,3522,23.476562,25.796875,24.460938,24.632812,24.523438,24.320312,23.5,23.554688,23.34375,21.375,21.515625,22.367188,22.898438,23.179688,23.289062,23.304688,23.1875
11337,2021-09-10 18:15:00,3528,26.585938,27.632812,26.453125,26.65625,26.148438,25.929688,25.21875,25.554688,25.476562,21.945312,21.53125,22.34375,22.882812,23.164062,23.28125,23.296875,23.179688
11338,2021-09-10 18:30:00,3510,27.773438,27.039062,25.539062,26.34375,24.640625,25.257812,24.367188,24.875,25.296875,22.3125,21.539062,22.328125,22.867188,23.15625,23.28125,23.296875,23.179688
11339,2021-09-10 18:45:00,3516,28.570312,27.84375,26.007812,25.898438,24.679688,25.835938,25.226562,25.914062,26.257812,22.648438,21.578125,22.320312,22.859375,23.148438,23.273438,23.28125,23.171875
11340,2021-09-10 17:30:00,3522,18.25,18.296875,18.0,18.257812,18.484375,18.757812,19.492188,19.929688,19.976562,20.664062,21.523438,22.390625,22.921875,23.195312,23.296875,23.3125,23.210938
11341,2021-09-10 17:45:00,3516,19.914062,19.773438,19.5625,19.726562,19.835938,20.359375,20.8125,21.273438,21.367188,21.03125,21.515625,22.375,22.914062,23.1875,23.296875,23.304688,23.203125
11342,2021-09-10 18:00:00,3522,23.476562,25.796875,24.460938,24.632812,24.523438,24.320312,23.5,23.554688,23.34375,21.375,21.515625,22.367188,22.898438,23.179688,23.289062,23.304688,23.1875
11343,2021-09-10 18:15:00,3528,26.585938,27.632812,26.453125,26.65625,26.148438,25.929688,25.21875,25.554688,25.476562,21.945312,21.53125,22.34375,22.882812,23.164062,23.28125,23.296875,23.179688
11344,2021-09-10 18:30:00,3510,27.773438,27.039062,25.539062,26.34375,24.640625,25.257812,24.367188,24.875,25.296875,22.3125,21.539062,22.328125,22.867188,23.15625,23.28125,23.296875,23.179688
11345,2021-09-10 18:45:00,3516,28.570312,27.84375,26.007812,25.898438,24.679688,25.835938,25.226562,25.914062,26.257812,22.648438,21.578125,22.320312,22.859375,23.148438,23.273438,23.28125,23.171875
11346,2021-09-10 19:00:00,3534,29.296875,27.84375,26.414062,25.671875,25.015625,25.773438,25.640625,26.65625,26.921875,22.953125,21.601562,22.304688,22.84375,23.140625,23.265625,23.28125,23.15625
11347,2021-09-10 19:15:00,3522,29.460938,28.023438,26.1875,26.007812,26.671875,26.460938,27.703125,28.773438,28.929688,23.460938,21.640625,22.296875,22.835938,23.132812,23.265625,23.265625,23.148438
11348,2021-09-10 19:30:00,3522,29.734375,28.1875,26.351562,26.867188,26.460938,26.632812,28.15625,29.3125,29.40625,23.789062,21.695312,22.289062,22.8125,23.117188,23.25,23.265625,23.140625
11349,2021-09-10 19:45:00,3522,29.726562,27.710938,26.429688,27.609375,26.03125,26.945312,28.359375,29.132812,29.15625,24.078125,21.757812,22.28125,22.796875,23.109375,23.242188,23.257812,23.125
11350,2021-09-10 20:00:00,3522,29.625,27.78125,26.492188,27.382812,25.914062,27.875,29.960938,31.0625,31.015625,24.523438,21.820312,22.273438,22.796875,23.101562,23.242188,23.25,23.125
11351,2021-09-10 20:15:00,3528,29.484375,28.09375,26.757812,26.703125,25.570312,28.71875,30.867188,31.59375,31.21875,24.742188,21.882812,22.265625,22.773438,23.09375,23.234375,23.234375,23.109375
11352,2021-09-10 20:30:00,3528,29.875,28.71875,27.46875,26.726562,26.648438,29.453125,30.492188,30.265625,29.984375,24.851562,21.960938,22.265625,22.765625,23.078125,23.21875,23.234375,23.101562
11353,2021-09-10 20:45:00,3534,29.625,27.398438,26.898438,25.914062,26.257812,29.96875,31.859375,32.523438,32.070312,25.210938,22.039062,22.273438,22.75,23.070312,23.210938,23.21875,23.085938
11354,2021-09-10 21:00:00,3528,29.210938,26.734375,26.414062,25.773438,26.257812,30.070312,30.945312,31.039062,31.0625,25.3125,22.125,22.28125,22.742188,23.054688,23.203125,23.226562,23.070312
11355,2021-09-10 21:15:00,3528,28.90625,25.984375,25.890625,26.125,26.914062,30.507812,31.132812,30.960938,30.765625,25.34375,22.203125,22.289062,22.726562,23.046875,23.195312,23.210938,23.0625
11356,2021-09-10 21:30:00,3528,28.789062,25.71875,25.8125,26.304688,27.265625,30.875,31.65625,31.773438,31.671875,25.601562,22.289062,22.296875,22.71875,23.039062,23.1875,23.203125,23.054688
11357,2021-09-10 21:45:00,3534,28.335938,25.234375,24.484375,25.835938,27.023438,30.617188,30.570312,30.625,30.539062,25.59375,22.375,22.3125,22.710938,23.023438,23.179688,23.195312,23.039062
11358,2021-09-10 22:00:00,3528,28.007812,24.84375,24.21875,25.726562,26.992188,30.015625,29.875,29.875,29.804688,25.578125,22.453125,22.335938,22.703125,23.015625,23.171875,23.179688,23.03125
11359,2021-09-10 22:15:00,3540,27.617188,25.320312,25.984375,28.367188,29.75,30.71875,29.585938,28.585938,28.109375,25.265625,22.53125,22.351562,22.695312,23.0,23.15625,23.179688,23.03125
11360,2021-09-10 22:30:00,3534,26.679688,23.921875,24.335938,26.59375,27.359375,29.195312,29.75,29.695312,29.570312,25.328125,22.601562,22.367188,22.6875,22.992188,23.15625,23.171875,23.015625
11361,2021-09-10 22:45:00,3534,25.398438,24.0,24.820312,26.148438,27.140625,27.257812,26.976562,26.960938,27.0,25.179688,22.679688,22.390625,22.6875,22.984375,23.148438,23.15625,23.0
11362,2021-09-10 23:00:00,3534,21.945312,19.5,19.304688,19.492188,19.5625,20.382812,20.515625,21.335938,22.117188,24.203125,22.742188,22.40625,22.6875,22.976562,23.132812,23.140625,22.992188
11363,2021-09-10 23:15:00,3534,19.742188,18.226562,18.046875,18.0625,18.070312,18.6875,18.992188,19.804688,20.710938,23.554688,22.804688,22.4375,22.671875,22.96875,23.117188,23.132812,22.984375
11364,2021-09-10 23:30:00,3540,18.1875,17.210938,16.945312,16.96875,16.9375,17.476562,17.78125,18.585938,19.453125,23.039062,22.835938,22.460938,22.679688,22.953125,23.117188,23.125,22.976562
11365,2021-09-10 23:45:00,3540,17.226562,16.648438,16.484375,16.476562,16.429688,16.890625,17.203125,18.023438,18.9375,22.71875,22.867188,22.484375,22.679688,22.945312,23.109375,23.117188,22.960938
11366,2021-09-11 00:00:00,3540,16.570312,16.234375,16.109375,16.085938,16.023438,16.484375,16.78125,17.554688,18.40625,22.414062,22.867188,22.507812,22.679688,22.9375,23.09375,23.109375,22.945312
11367,2021-09-11 00:15:00,3540,16.0625,15.8203125,15.703125,15.6875,15.6484375,16.148438,16.429688,17.101562,17.84375,22.109375,22.859375,22.53125,22.679688,22.929688,23.085938,23.09375,22.945312
11368,2021-09-11 00:30:00,3540,15.8125,15.7265625,15.59375,15.5390625,15.46875,15.9296875,16.296875,17.101562,17.875,21.9375,22.835938,22.554688,22.679688,22.921875,23.078125,23.085938,22.921875
11369,2021-09-11 00:45:00,3528,15.609375,15.640625,15.5234375,15.46875,15.3984375,15.7890625,16.101562,16.898438,17.71875,21.773438,22.804688,22.578125,22.679688,22.921875,23.070312,23.078125,22.921875
11370,2021-09-11 01:00:00,3528,15.375,15.375,15.2578125,15.21875,15.171875,15.6796875,16.054688,16.757812,17.460938,21.578125,22.773438,22.585938,22.6875,22.90625,23.0625,23.070312,22.90625
11371,2021-09-11 01:15:00,3534,15.125,15.09375,14.9765625,14.9140625,14.90625,15.5546875,16.101562,16.71875,17.25,21.40625,22.726562,22.609375,22.695312,22.898438,23.054688,23.054688,22.898438
11372,2021-09-11 01:30:00,3534,14.828125,14.78125,14.6796875,14.6953125,14.640625,15.1328125,15.34375,15.9453125,16.578125,21.242188,22.6875,22.617188,22.695312,22.890625,23.046875,23.054688,22.890625
11373,2021-09-11 01:45:00,3534,14.53125,14.5,14.375,14.375,14.296875,14.75,15.0,15.6640625,16.367188,21.101562,22.640625,22.625,22.695312,22.890625,23.03125,23.039062,22.875
11374,2021-09-11 02:00:00,3528,14.2421875,14.2421875,14.09375,14.015625,13.921875,14.5703125,15.0234375,15.640625,16.226562,20.945312,22.59375,22.632812,22.703125,22.882812,23.03125,23.03125,22.867188
11375,2021-09-11 02:15:00,3540,14.0390625,14.03125,13.953125,13.859375,13.7421875,14.359375,14.8984375,15.578125,16.117188,20.75,22.546875,22.632812,22.703125,22.882812,23.015625,23.023438,22.859375
11376,2021-09-11 02:30:00,3528,13.5390625,13.4765625,13.4140625,13.3828125,13.3359375,14.03125,14.5625,15.234375,15.7578125,20.59375,22.5,22.632812,22.710938,22.875,23.007812,23.015625,22.851562
11377,2021-09-11 02:45:00,3522,13.140625,13.1171875,13.125,13.125,13.0625,13.6796875,14.0703125,14.6796875,15.2734375,20.46875,22.453125,22.632812,22.71875,22.867188,23.007812,23.007812,22.84375
11378,2021-09-11 03:00:00,3528,12.859375,12.9140625,12.9140625,12.8984375,12.8046875,13.359375,13.6875,14.3515625,15.0,20.34375,22.398438,22.625,22.71875,22.867188,22.992188,23.0,22.835938
11379,2021-09-11 03:15:00,3540,12.7890625,13.0625,13.1171875,13.125,13.0234375,13.421875,13.515625,13.96875,14.5859375,20.171875,22.34375,22.617188,22.71875,22.859375,22.984375,22.992188,22.828125
11380,2021-09-11 03:30:00,3528,12.828125,13.2265625,13.2890625,13.3359375,13.203125,13.4921875,13.578125,13.90625,14.390625,20.03125,22.28125,22.609375,22.71875,22.851562,22.976562,22.976562,22.8125
11381,2021-09-11 03:45:00,3528,12.8984375,13.25,13.2890625,13.3203125,13.1875,13.4375,13.5703125,13.9375,14.4765625,19.953125,22.234375,22.601562,22.726562,22.851562,22.96875,22.976562,22.8125
11382,2021-09-11 04:00:00,3522,12.953125,13.234375,13.203125,13.2421875,13.109375,13.328125,13.4921875,13.984375,14.625,19.898438,22.179688,22.59375,22.71875,22.851562,22.96875,22.96875,22.804688
11383,2021-09-11 04:15:00,3522,12.921875,13.1015625,13.0703125,13.03125,12.8671875,13.203125,13.484375,14.078125,14.71875,19.84375,22.125,22.585938,22.726562,22.851562,22.960938,22.953125,22.796875
11384,2021-09-11 04:30:00,3522,12.7421875,12.796875,12.75,12.71875,12.5859375,13.0078125,13.3828125,14.09375,14.75,19.796875,22.070312,22.5625,22.71875,22.84375,22.953125,22.945312,22.789062
11385,2021-09-11 04:45:00,3522,12.7734375,13.1953125,13.2109375,13.2265625,13.109375,13.4140625,13.609375,14.109375,14.75,19.71875,22.023438,22.554688,22.726562,22.84375,22.945312,22.9375,22.78125
11386,2021-09-11 05:00:00,3528,12.6328125,12.9453125,12.9375,12.9140625,12.78125,13.1953125,13.4765625,14.15625,14.78125,19.664062,21.96875,22.53125,22.71875,22.84375,22.9375,22.9375,22.773438
11387,2021-09-11 05:15:00,3522,12.359375,12.5234375,12.5625,12.5625,12.4765625,12.921875,13.140625,13.640625,14.3203125,19.59375,21.921875,22.523438,22.71875,22.84375,22.9375,22.921875,22.765625
11388,2021-09-11 05:30:00,3522,12.1796875,12.375,12.40625,12.375,12.265625,12.859375,13.2421875,13.8046875,14.265625,19.523438,21.875,22.507812,22.710938,22.835938,22.929688,22.914062,22.757812
11389,2021-09-11 05:45:00,3528,11.90625,12.0546875,12.0859375,12.1171875,12.0859375,12.75,13.1875,13.6953125,14.1484375,19.375,21.820312,22.484375,22.710938,22.835938,22.921875,22.914062,22.75
11390,2021-09-11 06:00:00,3528,11.734375,12.0546875,12.09375,12.125,12.0546875,12.5,12.875,13.390625,14.0390625,19.328125,21.78125,22.460938,22.703125,22.828125,22.914062,22.898438,22.742188
11391,2021-09-11 06:15:00,3528,11.9296875,12.453125,12.5703125,12.6875,12.6484375,13.078125,13.3828125,13.828125,14.40625,19.289062,21.734375,22.445312,22.695312,22.828125,22.90625,22.898438,22.734375
11392,2021-09-11 06:30:00,3522,11.8671875,12.140625,12.2578125,12.265625,12.265625,12.9375,13.390625,13.859375,14.4375,19.28125,21.6875,22.421875,22.695312,22.820312,22.90625,22.890625,22.734375
11393,2021-09-11 06:45:00,3528,11.8671875,12.2109375,12.3125,12.3359375,12.265625,12.703125,12.9453125,13.421875,14.015625,19.195312,21.632812,22.40625,22.6875,22.820312,22.90625,22.882812,22.726562
11394,2021-09-11 07:00:00,3522,11.6796875,12.0,12.09375,12.046875,12.0546875,12.6171875,12.9609375,13.28125,13.7734375,19.117188,21.585938,22.382812,22.6875,22.820312,22.898438,22.875,22.71875
11395,2021-09-11 07:15:00,3522,11.890625,12.2109375,12.3046875,12.375,12.3359375,12.8671875,13.2265625,13.625,14.1015625,19.0625,21.539062,22.359375,22.671875,22.8125,22.890625,22.875,22.710938
11396,2021-09-11 07:30:00,3510,11.828125,12.0859375,12.125,12.109375,11.96875,12.484375,12.8671875,13.484375,14.1171875,19.054688,21.492188,22.335938,22.664062,22.804688,22.890625,22.867188,22.703125
11397,2021-09-11 07:45:00,3528,11.7578125,12.0625,12.15625,12.1875,12.1171875,12.46875,12.640625,13.15625,13.828125,18.976562,21.445312,22.3125,22.65625,22.8125,22.882812,22.859375,22.703125
11398,2021-09-11 08:00:00,3522,11.609375,11.7734375,11.84375,11.84375,11.78125,12.359375,12.6171875,13.125,13.703125,18.929688,21.398438,22.289062,22.648438,22.804688,22.875,22.851562,22.695312
11399,2021-09-11 08:15:00,3516,11.5,11.859375,11.9453125,12.03125,11.984375,12.3046875,12.484375,12.953125,13.5859375,18.851562,21.359375,22.265625,22.632812,22.796875,22.875,22.84375,22.6875
11400,2021-09-11 08:30:00,3528,11.3828125,11.703125,11.765625,11.7109375,11.625,12.0234375,12.3046875,12.796875,13.375,18.789062,21.320312,22.242188,22.625,22.789062,22.867188,22.835938,22.671875
11401,2021-09-11 08:45:00,3528,11.265625,11.546875,11.59375,11.578125,11.453125,11.921875,12.2265625,12.875,13.578125,18.757812,21.273438,22.210938,22.617188,22.789062,22.859375,22.828125,22.671875
11402,2021-09-11 09:00:00,3522,11.0625,11.3046875,11.328125,11.2890625,11.1796875,11.8125,12.1796875,12.7109375,13.328125,18.679688,21.234375,22.195312,22.609375,22.78125,22.851562,22.828125,22.671875
11403,2021-09-11 09:15:00,3522,10.9453125,11.2890625,11.34375,11.3046875,11.2265625,11.6640625,11.9921875,12.515625,13.1953125,18.609375,21.195312,22.164062,22.59375,22.78125,22.851562,22.820312,22.65625
11404,2021-09-11 09:30:00,3516,11.3515625,11.96875,12.0859375,12.140625,12.0859375,12.3203125,12.40625,12.671875,13.1328125,18.507812,21.148438,22.140625,22.578125,22.773438,22.84375,22.8125,22.65625
11405,2021-09-11 09:45:00,3522,11.453125,11.921875,12.0390625,12.1015625,12.015625,12.3671875,12.4921875,12.828125,13.34375,18.523438,21.109375,22.117188,22.570312,22.757812,22.835938,22.804688,22.648438
11406,2021-09-11 10:00:00,3522,11.4453125,11.890625,11.96875,11.9765625,11.90625,12.2109375,12.328125,12.671875,13.25,18.5,21.0625,22.085938,22.5625,22.75,22.835938,22.796875,22.640625
11407,2021-09-11 10:15:00,3528,11.3984375,11.6328125,11.6953125,11.6796875,11.53125,12.109375,12.4921875,12.8984375,13.265625,18.460938,21.023438,22.0625,22.546875,22.75,22.828125,22.796875,22.632812
11408,2021-09-11 10:30:00,3516,11.046875,11.1953125,11.25,11.21875,11.1484375,11.6953125,12.1171875,12.6015625,13.15625,18.414062,20.984375,22.03125,22.53125,22.742188,22.820312,22.789062,22.625
11409,2021-09-11 10:45:00,3516,11.0546875,11.5,11.578125,11.6171875,11.5703125,11.921875,12.1796875,12.5625,13.0625,18.320312,20.945312,22.007812,22.515625,22.726562,22.8125,22.78125,22.617188
11410,2021-09-11 11:00:00,3522,11.3828125,11.75,11.828125,11.828125,11.796875,12.3359375,12.609375,12.875,13.2265625,18.304688,20.90625,21.976562,22.5,22.726562,22.8125,22.773438,22.609375
11411,2021-09-11 11:15:00,3522,11.4296875,11.828125,11.859375,11.8828125,11.7578125,12.0703125,12.2578125,12.6328125,13.171875,18.289062,20.867188,21.960938,22.484375,22.71875,22.796875,22.765625,22.609375
11412,2021-09-11 11:30:00,3516,11.46875,11.953125,12.0078125,12.1015625,12.0390625,12.2578125,12.40625,12.703125,13.2265625,18.265625,20.835938,21.929688,22.460938,22.703125,22.796875,22.757812,22.601562
11413,2021-09-11 11:45:00,3510,11.5859375,11.90625,11.96875,12.0,11.90625,12.171875,12.265625,12.609375,13.171875,18.171875,20.796875,21.898438,22.460938,22.703125,22.789062,22.75,22.59375
11414,2021-09-11 12:00:00,3522,11.3203125,11.375,11.4296875,11.453125,11.4765625,12.140625,12.40625,12.7421875,13.1328125,18.234375,20.75,21.875,22.4375,22.6875,22.78125,22.742188,22.585938
11415,2021-09-11 12:15:00,3516,11.25,11.5234375,11.578125,11.6640625,11.546875,11.8125,11.859375,12.375,13.0234375,18.132812,20.71875,21.84375,22.421875,22.679688,22.773438,22.734375,22.578125
11416,2021-09-11 12:30:00,3510,11.1015625,11.515625,11.5859375,11.65625,11.609375,11.8203125,11.921875,12.234375,12.7578125,18.0625,20.679688,21.820312,22.40625,22.671875,22.757812,22.734375,22.5625
11417,2021-09-11 12:45:00,3510,11.1640625,11.5234375,11.5625,11.5625,11.4375,11.75,11.8671875,12.203125,12.71875,18.015625,20.65625,21.789062,22.398438,22.65625,22.757812,22.726562,22.5625
11418,2021-09-11 13:00:00,3510,11.2421875,11.765625,11.8125,11.8359375,11.765625,11.921875,12.015625,12.2578125,12.6875,17.96875,20.617188,21.765625,22.367188,22.648438,22.75,22.71875,22.546875
11419,2021-09-11 13:15:00,3510,11.171875,11.5078125,11.578125,11.671875,11.5390625,11.7734375,11.90625,12.21875,12.75,17.953125,20.585938,21.742188,22.351562,22.640625,22.742188,22.710938,22.539062
11420,2021-09-11 13:30:00,3516,11.0546875,11.453125,11.484375,11.625,11.6015625,11.8203125,12.0390625,12.3671875,12.8515625,17.945312,20.546875,21.710938,22.335938,22.625,22.726562,22.695312,22.53125
11421,2021-09-11 13:45:00,3510,11.0078125,11.3515625,11.375,11.40625,11.265625,11.5,11.6796875,12.1171875,12.6484375,17.914062,20.515625,21.6875,22.320312,22.617188,22.71875,22.6875,22.523438
11422,2021-09-11 14:00:00,3510,11.0703125,11.546875,11.5625,11.5859375,11.46875,11.6875,11.796875,12.109375,12.640625,17.875,20.476562,21.664062,22.296875,22.609375,22.71875,22.679688,22.515625
11423,2021-09-11 14:15:00,3522,11.1640625,11.609375,11.609375,11.5859375,11.453125,11.671875,11.78125,12.109375,12.6484375,17.867188,20.445312,21.625,22.289062,22.59375,22.703125,22.671875,22.5
11424,2021-09-11 14:30:00,3510,11.3984375,11.9609375,11.9609375,11.96875,11.84375,12.0078125,12.09375,12.34375,12.7578125,17.835938,20.414062,21.601562,22.265625,22.578125,22.695312,22.664062,22.492188
11425,2021-09-11 14:45:00,3510,12.171875,13.53125,12.9375,12.7421875,12.5546875,12.6796875,12.828125,13.046875,13.421875,17.90625,20.382812,21.585938,22.242188,22.5625,22.6875,22.65625,22.484375
11426,2021-09-11 15:00:00,3510,14.78125,16.976562,15.890625,15.171875,14.515625,14.484375,14.4453125,14.5,14.7421875,18.132812,20.351562,21.554688,22.226562,22.5625,22.679688,22.648438,22.476562
11427,2021-09-11 15:15:00,3504,16.265625,17.09375,16.539062,16.140625,15.4453125,15.0703125,14.921875,14.953125,15.1875,18.226562,20.320312,21.523438,22.210938,22.539062,22.664062,22.632812,22.460938
11428,2021-09-11 15:30:00,3504,17.945312,19.109375,18.671875,18.140625,17.203125,16.6875,16.351562,16.1875,16.132812,18.429688,20.296875,21.5,22.1875,22.53125,22.65625,22.625,22.453125
11429,2021-09-11 15:45:00,3504,20.101562,20.875,20.320312,19.617188,18.695312,17.875,17.453125,17.070312,16.96875,18.632812,20.28125,21.46875,22.164062,22.515625,22.648438,22.617188,22.4375
11430,2021-09-11 16:00:00,3516,21.898438,21.773438,21.671875,21.007812,20.203125,19.625,19.046875,18.304688,18.023438,18.914062,20.265625,21.445312,22.148438,22.5,22.640625,22.609375,22.429688
11431,2021-09-11 16:15:00,3516,22.742188,21.75,21.6875,21.171875,20.585938,20.625,20.015625,19.304688,18.84375,19.203125,20.257812,21.414062,22.125,22.484375,22.625,22.59375,22.421875
11432,2021-09-11 16:30:00,3510,23.734375,23.023438,23.03125,22.015625,21.390625,21.523438,20.898438,20.09375,19.492188,19.460938,20.25,21.390625,22.109375,22.476562,22.625,22.585938,22.414062
11433,2021-09-11 16:45:00,3510,25.476562,24.625,24.609375,23.398438,22.835938,23.039062,22.476562,21.75,21.085938,19.828125,20.25,21.367188,22.078125,22.453125,22.609375,22.585938,22.398438
11434,2021-09-11 17:00:00,3516,26.164062,24.804688,24.71875,24.382812,23.921875,24.21875,23.601562,23.0625,22.4375,20.15625,20.265625,21.34375,22.0625,22.445312,22.59375,22.570312,22.390625
11435,2021-09-11 17:15:00,3516,27.039062,26.320312,26.242188,25.9375,25.296875,25.671875,25.015625,24.570312,23.984375,20.5625,20.28125,21.328125,22.039062,22.429688,22.578125,22.5625,22.375
11436,2021-09-11 17:30:00,3510,28.945312,28.085938,27.664062,26.804688,25.882812,26.460938,25.453125,25.125,24.796875,20.929688,20.296875,21.304688,22.023438,22.414062,22.570312,22.554688,22.367188
11437,2021-09-11 17:45:00,3510,30.210938,29.265625,28.226562,27.679688,27.015625,27.726562,26.703125,26.5625,26.289062,21.40625,20.335938,21.28125,22.0,22.398438,22.5625,22.539062,22.351562
11438,2021-09-11 18:00:00,3516,31.421875,30.59375,28.8125,28.429688,26.921875,28.046875,26.84375,27.132812,27.054688,21.820312,20.375,21.265625,21.984375,22.390625,22.554688,22.523438,22.335938
11439,2021-09-11 18:15:00,3522,32.21875,31.242188,29.796875,29.601562,28.53125,29.5,28.992188,29.375,29.03125,22.265625,20.421875,21.25,21.960938,22.367188,22.546875,22.515625,22.328125
11440,2021-09-11 18:30:00,3528,33.007812,31.546875,30.234375,29.773438,28.609375,29.382812,29.367188,30.164062,30.078125,22.773438,20.484375,21.242188,21.9375,22.359375,22.523438,22.507812,22.320312
11441,2021-09-11 18:45:00,3522,32.851562,31.070312,29.671875,29.28125,27.890625,29.03125,29.703125,30.648438,30.617188,23.203125,20.546875,21.234375,21.921875,22.34375,22.515625,22.492188,22.304688
11442,2021-09-11 19:00:00,3528,32.257812,30.09375,28.648438,27.65625,26.734375,28.023438,28.773438,30.015625,30.117188,23.4375,20.617188,21.21875,21.898438,22.320312,22.5,22.484375,22.296875
11443,2021-09-11 19:15:00,3540,32.109375,29.695312,27.671875,27.148438,26.84375,27.695312,28.640625,29.632812,29.6875,23.578125,20.695312,21.21875,21.882812,22.3125,22.492188,22.46875,22.289062
11444,2021-09-11 19:30:00,3534,32.289062,30.164062,28.554688,28.046875,27.484375,28.976562,30.5625,31.359375,31.34375,24.007812,20.78125,21.21875,21.867188,22.289062,22.476562,22.453125,22.273438
11445,2021-09-11 19:45:00,3528,32.484375,30.234375,29.359375,29.109375,28.445312,30.445312,32.023438,32.335938,32.15625,24.367188,20.867188,21.21875,21.851562,22.273438,22.460938,22.445312,22.265625
11446,2021-09-11 20:00:00,3534,32.664062,30.179688,28.6875,28.53125,27.804688,31.148438,32.90625,33.148438,32.5625,24.6875,20.953125,21.21875,21.828125,22.257812,22.453125,22.4375,22.242188
11447,2021-09-11 20:15:00,3540,32.890625,30.742188,28.765625,28.617188,29.085938,32.140625,33.179688,32.8125,32.234375,24.789062,21.054688,21.234375,21.820312,22.25,22.429688,22.429688,22.234375
11448,2021-09-11 20:30:00,3540,32.320312,29.890625,28.03125,28.1875,29.554688,33.054688,34.664062,34.609375,33.984375,25.21875,21.148438,21.25,21.804688,22.226562,22.421875,22.414062,22.21875
11449,2021-09-11 20:45:00,3534,32.492188,30.40625,28.429688,28.601562,30.898438,33.429688,34.171875,33.671875,32.984375,25.34375,21.25,21.257812,21.796875,22.210938,22.40625,22.398438,22.210938
11450,2021-09-11 21:00:00,3540,31.90625,29.195312,27.664062,28.515625,30.742188,33.148438,34.257812,33.828125,33.257812,25.476562,21.34375,21.273438,21.78125,22.195312,22.390625,22.382812,22.195312
11451,2021-09-11 21:15:00,3546,30.945312,27.453125,26.28125,27.96875,30.117188,31.664062,32.828125,32.710938,32.3125,25.609375,21.453125,21.289062,21.765625,22.179688,22.382812,22.375,22.1875
11452,2021-09-11 21:30:00,3546,29.890625,26.21875,25.21875,26.976562,29.054688,30.484375,31.609375,32.007812,31.804688,25.625,21.554688,21.3125,21.757812,22.164062,22.367188,22.359375,22.171875
11453,2021-09-11 21:45:00,3546,30.304688,27.851562,27.476562,29.335938,32.617188,32.820312,33.265625,33.0,32.3125,25.679688,21.648438,21.335938,21.757812,22.15625,22.351562,22.351562,22.15625
11454,2021-09-11 22:00:00,3552,29.640625,26.265625,26.398438,27.75,30.703125,31.84375,32.335938,32.132812,31.742188,25.6875,21.75,21.359375,21.75,22.140625,22.34375,22.335938,22.15625
11455,2021-09-11 22:15:00,3546,29.195312,26.304688,27.148438,28.75,31.140625,31.90625,31.882812,31.71875,31.320312,25.539062,21.84375,21.390625,21.742188,22.125,22.320312,22.328125,22.140625
11456,2021-09-11 22:30:00,3546,29.085938,27.601562,29.257812,31.320312,33.90625,34.21875,33.554688,33.117188,32.4375,25.796875,21.929688,21.429688,21.734375,22.109375,22.3125,22.320312,22.132812
11457,2021-09-11 22:45:00,3540,26.648438,24.039062,24.351562,25.0625,25.554688,26.914062,26.257812,26.867188,27.234375,25.21875,22.015625,21.460938,21.734375,22.09375,22.296875,22.304688,22.117188
11458,2021-09-11 23:00:00,3546,23.546875,21.71875,21.523438,21.695312,21.703125,22.382812,22.453125,23.25,23.960938,24.335938,22.09375,21.492188,21.726562,22.078125,22.289062,22.289062,22.109375
11459,2021-09-11 23:15:00,3546,21.625,20.476562,20.242188,20.265625,20.148438,20.625,20.71875,21.414062,22.164062,23.71875,22.164062,21.523438,21.726562,22.070312,22.28125,22.273438,22.101562
11460,2021-09-11 23:30:00,3540,20.359375,19.632812,19.359375,19.328125,19.210938,19.65625,19.835938,20.523438,21.203125,23.21875,22.210938,21.554688,21.726562,22.054688,22.265625,22.257812,22.09375
11461,2021-09-11 23:45:00,3540,19.648438,19.359375,19.140625,19.078125,18.945312,19.234375,19.367188,19.945312,20.578125,22.875,22.242188,21.59375,21.726562,22.046875,22.242188,22.257812,22.078125
11462,2021-09-12 00:00:00,3534,19.164062,18.945312,18.757812,18.6875,18.523438,18.804688,18.898438,19.40625,19.992188,22.59375,22.257812,21.632812,21.734375,22.03125,22.234375,22.242188,22.070312
11463,2021-09-12 00:15:00,3546,18.71875,18.5625,18.382812,18.304688,18.140625,18.367188,18.4375,18.960938,19.5625,22.320312,22.257812,21.664062,21.734375,22.015625,22.21875,22.234375,22.0625
11464,2021-09-12 00:30:00,3552,18.101562,17.820312,17.617188,17.539062,17.351562,17.71875,17.867188,18.5,19.164062,22.078125,22.242188,21.695312,21.742188,22.015625,22.210938,22.226562,22.054688
11465,2021-09-12 00:45:00,3540,17.429688,17.179688,16.90625,16.820312,16.59375,17.007812,17.289062,18.0625,18.664062,21.796875,22.226562,21.71875,21.75,22.007812,22.195312,22.210938,22.046875
11466,2021-09-12 01:00:00,3540,17.0,16.820312,16.570312,16.507812,16.328125,16.828125,17.242188,17.820312,18.273438,21.570312,22.203125,21.75,21.757812,21.992188,22.1875,22.195312,22.039062
11467,2021-09-12 01:15:00,3540,16.484375,16.390625,16.195312,16.226562,16.125,16.546875,16.742188,17.179688,17.601562,21.375,22.164062,21.765625,21.765625,21.992188,22.179688,22.1875,22.03125
11468,2021-09-12 01:30:00,3546,16.171875,16.21875,16.078125,16.148438,16.046875,16.28125,16.320312,16.703125,17.21875,21.203125,22.132812,21.78125,21.773438,21.984375,22.164062,22.179688,22.023438
11469,2021-09-12 01:45:00,3540,15.8828125,15.9453125,15.7734375,15.7890625,15.671875,15.9765625,16.109375,16.507812,17.078125,21.0625,22.085938,21.796875,21.789062,21.984375,22.15625,22.171875,22.015625
11470,2021-09-12 02:00:00,3534,15.5078125,15.390625,15.1796875,15.1640625,14.984375,15.515625,15.9375,16.328125,16.757812,20.914062,22.046875,21.8125,21.789062,21.976562,22.148438,22.164062,22.007812
11471,2021-09-12 02:15:00,3546,14.9453125,14.71875,14.5,14.484375,14.3359375,15.0390625,15.5859375,15.7734375,15.890625,20.59375,22.0,21.820312,21.796875,21.96875,22.140625,22.148438,22.0
11472,2021-09-12 02:30:00,3540,14.4609375,14.3359375,14.171875,14.140625,13.984375,14.6328125,15.078125,15.3046875,15.484375,20.367188,21.960938,21.828125,21.8125,21.96875,22.125,22.140625,22.0
11473,2021-09-12 02:45:00,3528,13.9375,13.875,13.7734375,13.734375,13.640625,14.3203125,14.7890625,15.0546875,15.3359375,20.234375,21.914062,21.835938,21.820312,21.960938,22.117188,22.132812,21.992188
11474,2021-09-12 03:00:00,3540,13.59375,13.75,13.6953125,13.7109375,13.5625,14.0703125,14.3046875,14.8671875,15.4609375,20.164062,21.851562,21.84375,21.828125,21.960938,22.109375,22.125,21.984375
11475,2021-09-12 03:15:00,3540,13.2421875,13.2578125,13.15625,13.15625,13.0390625,13.6796875,14.2109375,14.828125,15.328125,20.03125,21.804688,21.84375,21.835938,21.953125,22.109375,22.117188,21.976562
11476,2021-09-12 03:30:00,3540,12.9765625,12.9765625,12.8671875,12.7578125,12.609375,13.359375,13.9921875,14.4453125,14.765625,19.757812,21.75,21.84375,21.84375,21.953125,22.101562,22.109375,21.976562
11477,2021-09-12 03:45:00,3540,12.6875,12.6328125,12.53125,12.4609375,12.296875,13.1875,13.8359375,13.921875,14.1171875,19.578125,21.695312,21.835938,21.84375,21.953125,22.085938,22.101562,21.96875
11478,2021-09-12 04:00:00,3528,12.9765625,13.4609375,13.2890625,13.3671875,13.4140625,13.34375,13.8515625,13.9765625,14.15625,19.421875,21.640625,21.835938,21.851562,21.953125,22.078125,22.09375,21.96875
11479,2021-09-12 04:15:00,3540,14.9921875,16.15625,16.09375,16.085938,16.070312,15.984375,16.21875,16.257812,16.164062,19.492188,21.578125,21.828125,21.859375,21.953125,22.078125,22.085938,21.960938
11480,2021-09-12 04:30:00,3534,15.0078125,15.4140625,15.1796875,14.9921875,14.734375,14.7734375,14.8828125,15.0703125,15.25,19.445312,21.523438,21.820312,21.859375,21.953125,22.0625,22.078125,21.960938
11481,2021-09-12 04:45:00,3540,14.8984375,14.734375,14.609375,14.578125,14.3203125,14.703125,14.8359375,14.8515625,14.796875,19.335938,21.46875,21.8125,21.859375,21.953125,22.0625,22.070312,21.953125
11482,2021-09-12 05:00:00,3540,13.9375,13.6640625,13.375,13.3359375,13.1328125,13.5078125,13.671875,13.6484375,13.6640625,19.023438,21.40625,21.796875,21.867188,21.953125,22.0625,22.070312,21.960938
11483,2021-09-12 05:15:00,3540,13.640625,13.546875,13.3046875,13.234375,12.9765625,13.3359375,13.5703125,13.625,13.6953125,18.929688,21.351562,21.789062,21.875,21.945312,22.054688,22.0625,21.953125
11484,2021-09-12 05:30:00,3522,13.96875,14.6015625,14.46875,14.359375,14.1328125,14.0625,14.2734375,14.3671875,14.46875,18.90625,21.296875,21.773438,21.867188,21.953125,22.046875,22.0625,21.953125
11485,2021-09-12 05:45:00,3540,14.0390625,14.3984375,14.328125,14.2578125,13.953125,14.03125,14.03125,14.296875,14.578125,18.859375,21.234375,21.757812,21.875,21.953125,22.046875,22.054688,21.953125
11486,2021-09-12 06:00:00,3528,13.5703125,13.734375,13.671875,13.703125,13.5625,13.7890625,14.09375,14.375,14.65625,18.898438,21.1875,21.742188,21.875,21.953125,22.039062,22.046875,21.953125
11487,2021-09-12 06:15:00,3528,13.9765625,14.7578125,14.859375,15.0,14.921875,14.84375,14.9296875,15.0390625,15.265625,18.976562,21.132812,21.726562,21.867188,21.953125,22.039062,22.039062,21.945312
11488,2021-09-12 06:30:00,3522,14.03125,14.5,14.46875,14.5546875,14.4140625,14.546875,14.703125,14.9453125,15.3046875,19.03125,21.085938,21.703125,21.875,21.960938,22.03125,22.039062,21.945312
11489,2021-09-12 06:45:00,3528,14.3359375,15.171875,15.2421875,15.375,15.375,15.2734375,15.4296875,15.5390625,15.7109375,19.015625,21.039062,21.6875,21.875,21.953125,22.03125,22.039062,21.9375
11490,2021-09-12 07:00:00,3534,14.5,15.0625,15.15625,15.296875,15.234375,15.21875,15.2890625,15.3828125,15.59375,19.007812,21.0,21.664062,21.867188,21.953125,22.023438,22.03125,21.9375
11491,2021-09-12 07:15:00,3534,14.28125,14.65625,14.59375,14.6328125,14.4765625,14.640625,14.7265625,14.921875,15.1953125,18.984375,20.960938,21.648438,21.867188,21.953125,22.023438,22.03125,21.9375
11492,2021-09-12 07:30:00,3534,14.15625,14.4921875,14.4453125,14.515625,14.359375,14.484375,14.5859375,14.7734375,15.046875,18.960938,20.921875,21.625,21.859375,21.953125,22.023438,22.023438,21.9375
11493,2021-09-12 07:45:00,3528,14.078125,14.5078125,14.46875,14.5078125,14.359375,14.53125,14.6171875,14.796875,15.0703125,18.898438,20.890625,21.609375,21.859375,21.945312,22.015625,22.015625,21.9375
11494,2021-09-12 08:00:00,3528,14.0703125,14.703125,14.765625,14.8984375,14.8671875,14.7890625,14.9375,15.046875,15.2734375,18.882812,20.859375,21.585938,21.851562,21.953125,22.015625,22.023438,21.9375
11495,2021-09-12 08:15:00,3528,13.9296875,14.328125,14.3125,14.3984375,14.2578125,14.3515625,14.453125,14.6640625,14.984375,18.859375,20.828125,21.570312,21.851562,21.953125,22.015625,22.015625,21.9375
11496,2021-09-12 08:30:00,3528,13.921875,14.375,14.3671875,14.421875,14.3125,14.375,14.484375,14.65625,14.9453125,18.820312,20.789062,21.546875,21.835938,21.945312,22.007812,22.007812,21.929688
11497,2021-09-12 08:45:00,3528,14.109375,14.7109375,14.734375,14.796875,14.6640625,14.7265625,14.828125,14.984375,15.2109375,18.765625,20.757812,21.523438,21.828125,21.945312,22.007812,22.015625,21.929688
11498,2021-09-12 09:00:00,3528,14.3046875,14.8359375,14.859375,14.8828125,14.71875,14.859375,14.9296875,15.1796875,15.3984375,18.773438,20.726562,21.507812,21.828125,21.945312,22.007812,22.007812,21.929688
11499,2021-09-12 09:15:00,3522,14.296875,14.890625,14.8671875,14.953125,14.859375,14.8515625,14.953125,15.0390625,15.2109375,18.726562,20.695312,21.484375,21.820312,21.945312,22.007812,22.007812,21.921875
11500,2021-09-12 09:30:00,3528,14.5859375,15.2890625,15.3125,15.34375,15.2578125,15.25,15.3515625,15.4296875,15.515625,18.71875,20.664062,21.460938,21.804688,21.9375,22.0,22.0,21.921875
11501,2021-09-12 09:45:00,3522,14.53125,15.125,15.1484375,15.234375,15.140625,15.0390625,15.15625,15.21875,15.328125,18.6875,20.632812,21.453125,21.796875,21.9375,22.0,21.992188,21.921875
11502,2021-09-12 10:00:00,3516,14.703125,15.2265625,15.2734375,15.359375,15.21875,15.3359375,15.4140625,15.53125,15.6640625,18.679688,20.601562,21.421875,21.789062,21.9375,22.0,22.0,21.914062
11503,2021-09-12 10:15:00,3522,14.4609375,14.890625,14.828125,14.8515625,14.7109375,14.875,14.90625,15.0390625,15.203125,18.65625,20.570312,21.398438,21.78125,21.921875,21.992188,21.992188,21.914062
11504,2021-09-12 10:30:00,3522,14.390625,15.015625,15.0703125,15.15625,15.0546875,15.0859375,15.15625,15.28125,15.4765625,18.640625,20.546875,21.382812,21.78125,21.929688,21.992188,21.992188,21.90625
11505,2021-09-12 10:45:00,3522,14.375,15.046875,15.125,15.2421875,15.1328125,15.1875,15.2578125,15.375,15.5859375,18.679688,20.515625,21.367188,21.757812,21.921875,21.984375,21.984375,21.90625
11506,2021-09-12 11:00:00,3534,14.2265625,14.703125,14.6484375,14.671875,14.5078125,14.71875,14.7734375,14.96875,15.203125,18.671875,20.492188,21.34375,21.75,21.914062,21.984375,21.984375,21.90625
11507,2021-09-12 11:15:00,3528,13.96875,14.3125,14.3046875,14.328125,14.1484375,14.3359375,14.4765625,14.6953125,14.984375,18.617188,20.46875,21.320312,21.734375,21.914062,21.984375,21.976562,21.898438
11508,2021-09-12 11:30:00,3522,13.859375,14.265625,14.234375,14.3203125,14.15625,14.3046875,14.421875,14.6640625,15.0078125,18.5625,20.4375,21.304688,21.726562,21.914062,21.976562,21.976562,21.898438
11509,2021-09-12 11:45:00,3522,13.7265625,14.078125,14.0234375,14.0546875,13.8203125,14.1015625,14.25,14.515625,14.8359375,18.546875,20.421875,21.28125,21.71875,21.90625,21.976562,21.976562,21.890625
11510,2021-09-12 12:00:00,3528,13.5703125,14.0078125,13.9375,13.96875,13.7890625,13.9609375,14.0390625,14.234375,14.515625,18.484375,20.398438,21.265625,21.710938,21.898438,21.976562,21.96875,21.890625
11511,2021-09-12 12:15:00,3522,13.6015625,14.15625,14.1484375,14.15625,14.0,14.109375,14.203125,14.359375,14.5703125,18.4375,20.375,21.242188,21.695312,21.890625,21.96875,21.96875,21.890625
11512,2021-09-12 12:30:00,3522,13.5703125,14.0546875,13.9765625,13.9921875,13.7890625,13.953125,14.0546875,14.2578125,14.5546875,18.40625,20.34375,21.226562,21.6875,21.882812,21.960938,21.960938,21.882812
11513,2021-09-12 12:45:00,3522,13.546875,13.9453125,13.8515625,13.859375,13.6953125,13.859375,13.96875,14.1953125,14.484375,18.359375,20.328125,21.203125,21.664062,21.875,21.960938,21.96875,21.882812
11514,2021-09-12 13:00:00,3522,13.65625,14.1875,14.140625,14.1640625,13.9921875,14.1328125,14.2421875,14.4375,14.703125,18.335938,20.296875,21.179688,21.65625,21.867188,21.960938,21.960938,21.875
11515,2021-09-12 13:15:00,3516,13.546875,13.953125,13.828125,13.828125,13.6015625,13.7734375,13.890625,14.125,14.453125,18.320312,20.265625,21.15625,21.648438,21.867188,21.953125,21.953125,21.875
11516,2021-09-12 13:30:00,3528,13.546875,14.078125,14.03125,14.1015625,13.984375,13.9765625,14.1328125,14.3203125,14.625,18.289062,20.242188,21.148438,21.632812,21.859375,21.945312,21.953125,21.867188
11517,2021-09-12 13:45:00,3516,13.5625,14.03125,13.9375,13.9296875,13.6953125,13.875,13.9765625,14.15625,14.3828125,18.242188,20.21875,21.125,21.625,21.851562,21.945312,21.945312,21.859375
11518,2021-09-12 14:00:00,3522,13.5703125,14.234375,14.265625,14.34375,14.296875,14.203125,14.3359375,14.4375,14.640625,18.234375,20.195312,21.101562,21.609375,21.84375,21.9375,21.945312,21.859375
11519,2021-09-12 14:15:00,3522,13.703125,14.2734375,14.1875,14.1953125,13.984375,14.15625,14.25,14.4453125,14.6953125,18.265625,20.164062,21.085938,21.59375,21.835938,21.929688,21.929688,21.851562
11520,2021-09-12 14:30:00,3522,13.84375,14.3984375,14.28125,14.2734375,14.0703125,14.3125,14.484375,14.7265625,15.0,18.296875,20.140625,21.0625,21.585938,21.828125,21.929688,21.929688,21.851562
11521,2021-09-12 14:45:00,3522,14.5703125,15.984375,15.5078125,15.3359375,15.1171875,15.0859375,15.1796875,15.265625,15.453125,18.335938,20.125,21.046875,21.570312,21.820312,21.921875,21.929688,21.851562
11522,2021-09-12 15:00:00,3522,17.6875,20.21875,19.054688,18.460938,17.726562,17.46875,17.289062,17.101562,16.875,18.554688,20.09375,21.03125,21.554688,21.8125,21.914062,21.921875,21.835938
11523,2021-09-12 15:15:00,3522,19.859375,21.101562,20.445312,19.867188,19.226562,19.054688,18.523438,18.039062,17.632812,18.71875,20.070312,21.007812,21.546875,21.804688,21.914062,21.921875,21.828125
11524,2021-09-12 15:30:00,3522,21.648438,23.1875,22.273438,21.625,20.84375,20.632812,19.9375,19.3125,18.632812,18.898438,20.046875,20.984375,21.53125,21.796875,21.90625,21.914062,21.828125
11525,2021-09-12 15:45:00,3510,22.65625,22.617188,22.03125,21.710938,21.070312,21.328125,20.625,20.09375,19.53125,19.140625,20.039062,20.96875,21.515625,21.789062,21.898438,21.90625,21.828125
11526,2021-09-12 16:00:00,3528,23.023438,22.773438,22.1875,21.921875,21.164062,21.6875,21.25,20.835938,20.421875,19.429688,20.039062,20.945312,21.5,21.773438,21.890625,21.898438,21.820312
11527,2021-09-12 16:15:00,3522,24.671875,24.757812,24.304688,24.0,23.1875,23.59375,23.085938,22.351562,21.671875,19.789062,20.023438,20.929688,21.484375,21.765625,21.890625,21.898438,21.804688
11528,2021-09-12 16:30:00,3522,25.648438,24.664062,24.054688,23.601562,22.765625,23.671875,23.273438,22.992188,22.492188,20.179688,20.03125,20.914062,21.476562,21.75,21.882812,21.890625,21.804688
11529,2021-09-12 16:45:00,3522,25.8125,24.578125,23.617188,23.039062,22.429688,23.289062,23.171875,23.164062,22.914062,20.5,20.046875,20.898438,21.453125,21.75,21.875,21.890625,21.796875
11530,2021-09-12 17:00:00,3528,26.523438,25.789062,25.4375,25.390625,24.726562,25.429688,24.960938,24.703125,24.289062,20.773438,20.0625,20.875,21.4375,21.734375,21.867188,21.882812,21.796875
11531,2021-09-12 17:15:00,3528,27.179688,26.335938,25.867188,25.492188,24.890625,26.203125,25.664062,25.671875,25.320312,21.140625,20.09375,20.867188,21.421875,21.726562,21.859375,21.867188,21.78125
11532,2021-09-12 17:30:00,3516,28.976562,27.976562,27.25,26.96875,26.414062,27.648438,26.828125,26.9375,26.640625,21.5625,20.125,20.851562,21.40625,21.71875,21.851562,21.867188,21.78125
11533,2021-09-12 17:45:00,3528,29.820312,28.414062,27.375,27.171875,26.382812,27.71875,26.921875,27.367188,27.257812,21.914062,20.171875,20.835938,21.390625,21.710938,21.84375,21.867188,21.773438
11534,2021-09-12 18:00:00,3522,31.367188,30.992188,29.40625,29.734375,28.226562,29.382812,28.53125,28.960938,28.734375,22.359375,20.21875,20.828125,21.382812,21.695312,21.835938,21.859375,21.765625
11535,2021-09-12 18:15:00,3528,32.703125,32.3125,30.601562,31.0625,29.3125,30.15625,29.75,30.296875,30.039062,22.828125,20.273438,20.828125,21.359375,21.6875,21.828125,21.851562,21.757812
11536,2021-09-12 18:30:00,3528,33.953125,33.820312,31.671875,31.757812,30.09375,31.023438,31.171875,31.84375,31.382812,23.273438,20.335938,20.8125,21.34375,21.671875,21.820312,21.84375,21.75
11537,2021-09-12 18:45:00,3528,34.96875,35.078125,33.234375,32.492188,30.882812,31.703125,32.3125,32.835938,32.335938,23.679688,20.414062,20.8125,21.335938,21.65625,21.8125,21.835938,21.742188
11538,2021-09-12 19:00:00,3534,35.9375,35.390625,33.359375,32.109375,31.648438,32.109375,32.78125,33.328125,32.875,24.046875,20.5,20.8125,21.320312,21.648438,21.8125,21.828125,21.734375
11539,2021-09-12 19:15:00,3540,36.234375,34.976562,31.710938,31.632812,31.171875,31.929688,33.242188,34.195312,33.570312,24.507812,20.585938,20.8125,21.3125,21.640625,21.796875,21.820312,21.726562
11540,2021-09-12 19:30:00,3540,35.460938,32.9375,30.414062,30.882812,30.226562,31.554688,33.84375,34.96875,34.171875,24.914062,20.679688,20.820312,21.296875,21.632812,21.789062,21.8125,21.71875
11541,2021-09-12 19:45:00,3546,36.125,34.585938,33.226562,33.632812,32.34375,34.382812,36.507812,36.539062,35.578125,25.328125,20.78125,20.828125,21.28125,21.625,21.78125,21.804688,21.71875
11542,2021-09-12 20:00:00,3540,36.070312,33.929688,32.523438,32.820312,31.578125,34.882812,37.421875,37.75,36.882812,25.820312,20.890625,20.835938,21.28125,21.609375,21.773438,21.796875,21.703125
11543,2021-09-12 20:15:00,3546,36.078125,34.140625,32.265625,32.09375,32.1875,35.882812,38.132812,38.40625,37.367188,26.171875,21.0,20.851562,21.273438,21.601562,21.765625,21.789062,21.695312
11544,2021-09-12 20:30:00,3546,35.882812,34.53125,32.28125,32.070312,33.492188,36.84375,38.414062,38.179688,37.195312,26.507812,21.109375,20.875,21.257812,21.585938,21.757812,21.789062,21.6875
11545,2021-09-12 20:45:00,3546,35.976562,33.828125,31.914062,31.960938,34.007812,36.960938,38.625,38.40625,37.515625,26.78125,21.242188,20.898438,21.25,21.578125,21.75,21.773438,21.679688
11546,2021-09-12 21:00:00,3552,35.21875,32.804688,30.796875,31.523438,33.898438,37.070312,39.226562,39.117188,38.132812,27.085938,21.359375,20.921875,21.242188,21.570312,21.734375,21.765625,21.679688
11547,2021-09-12 21:15:00,3546,35.09375,32.578125,31.265625,33.1875,35.21875,37.1875,39.0625,38.539062,37.421875,27.210938,21.492188,20.953125,21.242188,21.554688,21.726562,21.757812,21.664062
11548,2021-09-12 21:30:00,3558,34.921875,31.953125,31.007812,33.632812,35.539062,37.34375,38.710938,38.375,37.359375,27.335938,21.625,20.976562,21.242188,21.546875,21.726562,21.75,21.65625
11549,2021-09-12 21:45:00,3546,35.054688,32.539062,31.640625,34.015625,36.429688,37.632812,38.351562,37.523438,36.492188,27.296875,21.742188,21.015625,21.234375,21.539062,21.710938,21.742188,21.65625
11550,2021-09-12 22:00:00,3546,34.695312,31.820312,31.671875,33.335938,36.03125,37.085938,37.59375,36.742188,35.960938,27.34375,21.875,21.054688,21.234375,21.53125,21.695312,21.742188,21.640625
11551,2021-09-12 22:15:00,3546,33.976562,30.710938,31.015625,32.960938,35.132812,36.570312,37.007812,36.71875,35.859375,27.335938,21.984375,21.085938,21.242188,21.515625,21.695312,21.726562,21.640625
11552,2021-09-12 22:30:00,3552,33.0625,30.515625,31.492188,33.476562,35.25,36.601562,36.640625,36.34375,35.601562,27.359375,22.109375,21.132812,21.242188,21.507812,21.6875,21.71875,21.632812
11553,2021-09-12 22:45:00,3552,29.851562,27.0625,26.726562,27.132812,27.203125,28.265625,27.929688,28.53125,29.007812,26.429688,22.21875,21.179688,21.242188,21.5,21.679688,21.71875,21.632812
11554,2021-09-12 23:00:00,3552,26.945312,25.15625,24.828125,25.007812,24.96875,25.59375,25.789062,26.429688,26.867188,25.625,22.320312,21.21875,21.242188,21.492188,21.664062,21.710938,21.625
11555,2021-09-12 23:15:00,3552,25.320312,24.382812,24.054688,24.085938,23.96875,24.296875,24.351562,24.804688,25.234375,25.007812,22.40625,21.265625,21.25,21.484375,21.65625,21.703125,21.617188
11556,2021-09-12 23:30:00,3558,24.210938,23.609375,23.25,23.273438,23.125,23.445312,23.5,23.90625,24.3125,24.546875,22.46875,21.320312,21.257812,21.484375,21.648438,21.6875,21.609375
11557,2021-09-12 23:45:00,3552,23.242188,22.773438,22.429688,22.453125,22.304688,22.648438,22.710938,23.148438,23.554688,24.1875,22.507812,21.367188,21.273438,21.46875,21.640625,21.679688,21.617188
11558,2021-09-13 00:00:00,3552,22.609375,22.28125,21.945312,21.914062,21.773438,22.046875,22.109375,22.554688,22.976562,23.890625,22.539062,21.414062,21.28125,21.46875,21.640625,21.679688,21.609375
11559,2021-09-13 00:15:00,3552,22.039062,21.78125,21.445312,21.398438,21.1875,21.40625,21.4375,21.898438,22.335938,23.601562,22.539062,21.460938,21.289062,21.460938,21.625,21.671875,21.601562
11560,2021-09-13 00:30:00,3552,21.46875,21.21875,20.914062,20.882812,20.6875,20.851562,20.851562,21.289062,21.765625,23.3125,22.539062,21.507812,21.3125,21.460938,21.625,21.671875,21.601562
11561,2021-09-13 00:45:00,3552,20.828125,20.539062,20.179688,20.109375,19.875,20.164062,20.351562,20.859375,21.242188,23.054688,22.53125,21.539062,21.328125,21.460938,21.617188,21.65625,21.59375
11562,2021-09-13 01:00:00,3552,20.148438,19.851562,19.53125,19.507812,19.28125,19.640625,19.820312,20.4375,20.84375,22.804688,22.515625,21.585938,21.335938,21.453125,21.609375,21.65625,21.59375
11563,2021-09-13 01:15:00,3558,19.460938,19.171875,18.859375,18.820312,18.617188,19.078125,19.4375,19.96875,20.265625,22.53125,22.484375,21.609375,21.359375,21.460938,21.601562,21.65625,21.59375
11564,2021-09-13 01:30:00,3552,18.789062,18.5,18.140625,18.101562,17.914062,18.5,18.984375,19.421875,19.617188,22.257812,22.460938,21.648438,21.375,21.460938,21.59375,21.648438,21.585938
11565,2021-09-13 01:45:00,3552,18.335938,18.125,17.8125,17.757812,17.539062,18.007812,18.460938,18.914062,19.132812,22.054688,22.429688,21.671875,21.382812,21.460938,21.59375,21.648438,21.59375
11566,2021-09-13 02:00:00,3552,17.789062,17.539062,17.226562,17.179688,16.984375,17.46875,17.90625,18.351562,18.585938,21.8125,22.390625,21.695312,21.40625,21.460938,21.585938,21.640625,21.585938
11567,2021-09-13 02:15:00,3564,17.109375,16.75,16.46875,16.460938,16.273438,16.882812,17.367188,17.71875,17.929688,21.585938,22.351562,21.71875,21.421875,21.460938,21.585938,21.632812,21.585938
11568,2021-09-13 02:30:00,3552,16.601562,16.28125,16.007812,16.015625,15.8359375,16.476562,17.085938,17.414062,17.515625,21.328125,22.304688,21.734375,21.453125,21.46875,21.585938,21.625,21.578125
11569,2021-09-13 02:45:00,3552,16.929688,17.28125,17.070312,17.007812,16.90625,16.726562,17.03125,17.226562,17.390625,21.203125,22.265625,21.75,21.46875,21.46875,21.578125,21.632812,21.585938
11570,2021-09-13 03:00:00,3546,18.398438,19.5,19.484375,19.476562,19.421875,19.164062,19.296875,19.265625,19.109375,21.195312,22.210938,21.773438,21.484375,21.476562,21.578125,21.625,21.585938
11571,2021-09-13 03:15:00,3552,19.578125,20.71875,20.828125,20.890625,20.867188,20.734375,20.796875,20.75,20.640625,21.34375,22.164062,21.773438,21.492188,21.476562,21.570312,21.617188,21.59375
11572,2021-09-13 03:30:00,3552,19.8125,20.046875,20.046875,20.140625,19.9375,20.328125,20.375,20.5,20.546875,21.414062,22.117188,21.78125,21.507812,21.484375,21.570312,21.617188,21.59375
11573,2021-09-13 03:45:00,3540,18.085938,17.578125,17.328125,17.40625,17.25,17.757812,17.953125,18.171875,18.3125,21.148438,22.0625,21.789062,21.53125,21.492188,21.570312,21.617188,21.59375
11574,2021-09-13 04:00:00,3552,17.523438,17.4375,17.164062,17.132812,16.882812,16.992188,17.132812,17.367188,17.515625,20.890625,22.023438,21.796875,21.546875,21.492188,21.570312,21.617188,21.585938
11575,2021-09-13 04:15:00,3552,18.984375,20.367188,20.507812,20.523438,20.539062,20.328125,20.460938,20.429688,20.351562,20.984375,21.976562,21.796875,21.554688,21.5,21.578125,21.625,21.59375
11576,2021-09-13 04:30:00,3552,18.601562,18.4375,18.359375,18.421875,18.140625,18.585938,18.679688,18.851562,18.859375,20.953125,21.929688,21.796875,21.570312,21.507812,21.578125,21.617188,21.601562
11577,2021-09-13 04:45:00,3546,17.304688,16.96875,16.71875,16.703125,16.453125,16.726562,16.859375,16.945312,17.023438,20.625,21.890625,21.796875,21.585938,21.515625,21.570312,21.617188,21.59375
11578,2021-09-13 05:00:00,3546,17.226562,17.296875,17.078125,17.039062,16.773438,16.984375,17.140625,17.21875,17.34375,20.523438,21.84375,21.789062,21.59375,21.523438,21.578125,21.609375,21.601562
11579,2021-09-13 05:15:00,3546,16.507812,16.148438,15.90625,15.90625,15.609375,16.007812,16.3125,16.453125,16.507812,20.296875,21.804688,21.789062,21.609375,21.53125,21.578125,21.617188,21.609375
11580,2021-09-13 05:30:00,3540,15.8671875,15.78125,15.53125,15.578125,15.40625,15.65625,15.9921875,16.078125,16.148438,20.109375,21.765625,21.789062,21.617188,21.539062,21.578125,21.617188,21.609375
11581,2021-09-13 05:45:00,3546,16.242188,17.023438,17.007812,17.117188,17.195312,16.867188,17.054688,16.96875,17.023438,20.1875,21.71875,21.78125,21.632812,21.539062,21.578125,21.617188,21.609375
11582,2021-09-13 06:00:00,3546,16.453125,16.820312,16.742188,16.78125,16.59375,16.742188,16.804688,16.898438,17.0,20.179688,21.671875,21.765625,21.632812,21.554688,21.585938,21.625,21.617188
11583,2021-09-13 06:15:00,3546,16.023438,15.9921875,15.78125,15.734375,15.4140625,15.6484375,15.75,15.8671875,15.9296875,19.96875,21.617188,21.765625,21.648438,21.5625,21.585938,21.625,21.617188
11584,2021-09-13 06:30:00,3546,15.828125,15.9765625,15.84375,15.8359375,15.609375,15.828125,15.8984375,15.8984375,15.9765625,19.859375,21.578125,21.765625,21.65625,21.5625,21.59375,21.617188,21.625
11585,2021-09-13 06:45:00,3540,15.1171875,14.875,14.6328125,14.640625,14.46875,14.703125,14.8984375,14.8984375,14.953125,19.625,21.539062,21.75,21.65625,21.578125,21.59375,21.625,21.625
11586,2021-09-13 07:00:00,3546,15.8515625,16.6875,16.75,16.890625,16.820312,16.851562,17.0625,17.09375,17.164062,19.789062,21.492188,21.742188,21.664062,21.578125,21.601562,21.632812,21.632812
11587,2021-09-13 07:15:00,3546,15.890625,16.578125,16.5,16.609375,16.515625,16.53125,16.632812,16.695312,16.859375,19.851562,21.4375,21.734375,21.664062,21.585938,21.601562,21.625,21.640625
11588,2021-09-13 07:30:00,3546,15.4375,15.640625,15.484375,15.5,15.328125,15.59375,15.6328125,15.7265625,15.90625,19.710938,21.390625,21.710938,21.671875,21.585938,21.601562,21.632812,21.640625
11589,2021-09-13 07:45:00,3546,15.3984375,15.7734375,15.7109375,15.78125,15.6171875,15.71875,15.859375,16.070312,16.34375,19.726562,21.351562,21.703125,21.671875,21.601562,21.609375,21.640625,21.648438
11590,2021-09-13 08:00:00,3546,15.5390625,16.25,16.273438,16.320312,16.210938,16.21875,16.296875,16.421875,16.578125,19.710938,21.3125,21.6875,21.679688,21.609375,21.609375,21.640625,21.648438
11591,2021-09-13 08:15:00,3546,15.3984375,15.6875,15.625,15.65625,15.4921875,15.6015625,15.6796875,15.796875,16.015625,19.648438,21.28125,21.679688,21.6875,21.617188,21.609375,21.640625,21.65625
11592,2021-09-13 08:30:00,3540,15.6328125,16.296875,16.242188,16.273438,16.117188,16.234375,16.3125,16.429688,16.546875,19.65625,21.242188,21.664062,21.6875,21.625,21.625,21.648438,21.65625
11593,2021-09-13 08:45:00,3546,15.8046875,16.507812,16.46875,16.476562,16.328125,16.40625,16.492188,16.609375,16.726562,19.648438,21.210938,21.648438,21.695312,21.625,21.625,21.648438,21.664062
11594,2021-09-13 09:00:00,3534,15.5703125,15.8671875,15.734375,15.71875,15.46875,15.71875,15.8359375,16.03125,16.234375,19.609375,21.179688,21.632812,21.6875,21.632812,21.625,21.65625,21.671875
11595,2021-09-13 09:15:00,3540,15.0625,15.2890625,15.125,15.1171875,14.890625,15.125,15.3046875,15.4765625,15.6640625,19.390625,21.148438,21.617188,21.6875,21.640625,21.632812,21.648438,21.671875
11596,2021-09-13 09:30:00,3546,15.609375,16.484375,16.476562,16.484375,16.40625,16.40625,16.53125,16.625,16.6875,19.476562,21.109375,21.609375,21.6875,21.648438,21.640625,21.65625,21.679688
11597,2021-09-13 09:45:00,3534,15.4375,15.6875,15.6015625,15.609375,15.3828125,15.6484375,15.75,15.8125,15.9140625,19.382812,21.078125,21.585938,21.6875,21.648438,21.640625,21.664062,21.679688
11598,2021-09-13 10:00:00,3540,15.71875,16.382812,16.3125,16.289062,16.125,16.320312,16.429688,16.523438,16.640625,19.429688,21.046875,21.570312,21.6875,21.648438,21.648438,21.664062,21.6875
11599,2021-09-13 10:15:00,3546,15.3984375,15.515625,15.390625,15.421875,15.2109375,15.6484375,15.796875,15.875,15.9921875,19.359375,21.015625,21.554688,21.679688,21.65625,21.648438,21.671875,21.695312
11600,2021-09-13 10:30:00,3540,14.5390625,14.609375,14.390625,14.375,14.2109375,14.4453125,14.6640625,14.75,14.8203125,19.039062,20.984375,21.539062,21.6875,21.664062,21.65625,21.679688,21.695312
11601,2021-09-13 10:45:00,3540,14.828125,15.3828125,15.484375,15.65625,15.515625,15.546875,15.6328125,15.734375,15.921875,19.125,20.953125,21.523438,21.679688,21.664062,21.65625,21.671875,21.695312
11602,2021-09-13 11:00:00,3540,14.1171875,14.078125,13.9296875,13.9609375,13.703125,14.0859375,14.21875,14.2734375,14.3984375,18.953125,20.921875,21.5,21.671875,21.671875,21.664062,21.679688,21.710938
11603,2021-09-13 11:15:00,3540,13.640625,14.0546875,13.8984375,13.875,13.75,13.90625,14.0703125,14.078125,14.2265625,18.765625,20.890625,21.492188,21.671875,21.671875,21.671875,21.6875,21.703125
11604,2021-09-13 11:30:00,3540,13.9375,14.765625,14.8359375,14.9921875,14.9609375,14.8125,14.90625,14.9296875,15.1171875,18.835938,20.851562,21.476562,21.671875,21.671875,21.671875,21.6875,21.710938
11605,2021-09-13 11:45:00,3540,13.96875,14.4921875,14.484375,14.5859375,14.421875,14.6015625,14.6484375,14.8671875,15.234375,18.914062,20.820312,21.460938,21.664062,21.679688,21.671875,21.6875,21.710938
11606,2021-09-13 12:00:00,3540,13.875,14.3671875,14.34375,14.4140625,14.25,14.3984375,14.484375,14.6796875,15.0078125,18.890625,20.78125,21.445312,21.65625,21.679688,21.679688,21.703125,21.71875
11607,2021-09-13 12:15:00,3534,13.9296875,14.4765625,14.4921875,14.515625,14.3203125,14.46875,14.5546875,14.7578125,15.0234375,18.851562,20.734375,21.421875,21.65625,21.679688,21.671875,21.703125,21.71875
11608,2021-09-13 12:30:00,3528,13.9765625,14.5625,14.5390625,14.578125,14.4140625,14.5859375,14.671875,14.84375,15.1015625,18.820312,20.710938,21.40625,21.648438,21.679688,21.6875,21.703125,21.71875
11609,2021-09-13 12:45:00,3522,13.75,14.09375,13.9609375,13.9765625,13.671875,14.0625,14.3203125,14.5390625,14.7421875,18.75,20.679688,21.390625,21.640625,21.679688,21.6875,21.710938,21.726562
11610,2021-09-13 13:00:00,3534,13.5234375,14.046875,13.8828125,13.8828125,13.6796875,13.9921875,14.15625,14.3984375,14.71875,18.710938,20.648438,21.367188,21.640625,21.6875,21.695312,21.703125,21.726562
11611,2021-09-13 13:15:00,3528,13.4921875,14.1015625,14.1015625,14.1875,14.0,14.1171875,14.2109375,14.421875,14.765625,18.703125,20.609375,21.34375,21.632812,21.6875,21.695312,21.710938,21.726562
11612,2021-09-13 13:30:00,3540,13.46875,14.15625,14.140625,14.28125,14.1640625,14.203125,14.296875,14.4765625,14.8203125,18.695312,20.585938,21.328125,21.625,21.679688,21.695312,21.710938,21.734375
11613,2021-09-13 13:45:00,3528,13.5078125,14.0625,14.0390625,14.046875,13.8125,14.0703125,14.1640625,14.421875,14.7734375,18.703125,20.554688,21.3125,21.617188,21.6875,21.703125,21.71875,21.734375
11614,2021-09-13 14:00:00,3534,13.5390625,14.09375,14.125,14.25,14.125,14.3125,14.4453125,14.6796875,15.0390625,18.703125,20.53125,21.289062,21.609375,21.6875,21.703125,21.726562,21.734375
11615,2021-09-13 14:15:00,3534,13.34375,13.828125,13.7578125,13.7890625,13.59375,13.90625,14.046875,14.3515625,14.7890625,18.695312,20.5,21.273438,21.59375,21.6875,21.703125,21.726562,21.734375
11616,2021-09-13 14:30:00,3528,13.6796875,14.46875,14.453125,14.5234375,14.3828125,14.5546875,14.640625,14.84375,15.171875,18.703125,20.476562,21.25,21.59375,21.679688,21.703125,21.726562,21.742188
11617,2021-09-13 14:45:00,3528,14.21875,15.734375,15.1328125,15.0546875,14.8046875,14.921875,15.046875,15.203125,15.4609375,18.726562,20.445312,21.226562,21.585938,21.679688,21.710938,21.734375,21.734375
11618,2021-09-13 15:00:00,3528,17.257812,19.945312,18.632812,18.007812,17.226562,17.0,16.796875,16.695312,16.664062,18.914062,20.421875,21.21875,21.570312,21.679688,21.703125,21.734375,21.742188
11619,2021-09-13 15:15:00,3534,19.375,21.109375,20.039062,19.539062,18.851562,18.632812,18.203125,17.835938,17.5,19.039062,20.398438,21.195312,21.5625,21.671875,21.710938,21.734375,21.742188
11620,2021-09-13 15:30:00,3528,20.671875,21.460938,20.890625,20.484375,19.84375,19.851562,19.257812,18.65625,18.09375,19.171875,20.382812,21.179688,21.554688,21.671875,21.710938,21.734375,21.742188
11621,2021-09-13 15:45:00,3528,22.0625,22.539062,22.070312,21.773438,21.054688,21.179688,20.695312,20.140625,19.453125,19.4375,20.359375,21.15625,21.539062,21.671875,21.703125,21.742188,21.742188
11622,2021-09-13 16:00:00,3528,22.890625,23.148438,22.554688,22.273438,21.453125,21.875,21.421875,21.0,20.507812,19.734375,20.351562,21.132812,21.53125,21.671875,21.71875,21.734375,21.742188
11623,2021-09-13 16:15:00,3522,23.9375,23.875,23.507812,23.171875,22.289062,22.789062,22.53125,21.960938,21.335938,20.007812,20.34375,21.117188,21.523438,21.664062,21.710938,21.742188,21.742188
11624,2021-09-13 16:30:00,3528,24.84375,24.0,23.6875,23.265625,22.492188,23.460938,23.375,22.921875,22.296875,20.351562,20.351562,21.101562,21.507812,21.65625,21.710938,21.742188,21.742188
11625,2021-09-13 16:45:00,3528,26.328125,26.335938,25.398438,24.828125,23.953125,24.53125,24.140625,23.773438,23.226562,20.71875,20.351562,21.085938,21.507812,21.664062,21.710938,21.742188,21.742188
11626,2021-09-13 17:00:00,3528,26.296875,24.882812,24.515625,24.453125,23.867188,24.835938,24.265625,24.101562,23.820312,20.96875,20.367188,21.070312,21.492188,21.65625,21.710938,21.75,21.734375
11627,2021-09-13 17:15:00,3528,27.304688,26.695312,26.085938,25.890625,25.296875,26.257812,25.46875,25.328125,24.992188,21.289062,20.390625,21.054688,21.484375,21.648438,21.710938,21.742188,21.742188
11628,2021-09-13 17:30:00,3534,28.835938,27.804688,27.007812,26.6875,26.140625,27.21875,26.304688,26.257812,26.078125,21.664062,20.421875,21.039062,21.46875,21.640625,21.710938,21.742188,21.742188
11629,2021-09-13 17:45:00,3528,29.84375,28.734375,27.773438,27.421875,26.421875,27.398438,26.273438,26.390625,26.421875,21.984375,20.460938,21.03125,21.453125,21.640625,21.71875,21.742188,21.734375
11630,2021-09-13 18:00:00,3534,30.640625,29.101562,27.75,28.171875,26.914062,27.804688,26.898438,27.078125,27.09375,22.289062,20.5,21.015625,21.445312,21.632812,21.710938,21.742188,21.742188
11631,2021-09-13 18:15:00,3528,32.070312,31.65625,29.8125,30.210938,28.476562,29.179688,28.242188,28.609375,28.492188,22.65625,20.546875,21.015625,21.4375,21.632812,21.710938,21.742188,21.742188
11632,2021-09-13 18:30:00,3522,32.796875,32.484375,30.476562,30.742188,28.664062,29.421875,28.890625,29.296875,29.203125,22.992188,20.601562,21.007812,21.421875,21.632812,21.703125,21.742188,21.734375
11633,2021-09-13 18:45:00,3534,34.171875,33.015625,30.992188,30.382812,28.84375,29.71875,29.679688,30.078125,29.984375,23.382812,20.664062,21.007812,21.40625,21.617188,21.703125,21.742188,21.734375
11634,2021-09-13 19:00:00,3534,34.289062,32.0625,29.554688,28.726562,28.265625,28.984375,29.21875,29.84375,30.023438,23.789062,20.734375,21.0,21.398438,21.609375,21.703125,21.734375,21.726562
11635,2021-09-13 19:15:00,3540,34.5,31.796875,28.929688,28.554688,28.375,29.585938,30.945312,32.054688,31.976562,24.148438,20.804688,21.007812,21.390625,21.609375,21.695312,21.742188,21.726562
11636,2021-09-13 19:30:00,3540,33.929688,31.460938,28.984375,29.476562,28.929688,30.3125,32.53125,33.429688,33.03125,24.492188,20.890625,21.015625,21.382812,21.601562,21.695312,21.734375,21.71875
11637,2021-09-13 19:45:00,3540,33.359375,30.40625,28.820312,29.296875,27.945312,29.765625,31.929688,32.601562,32.289062,24.835938,20.96875,21.023438,21.375,21.59375,21.695312,21.734375,21.726562
11638,2021-09-13 20:00:00,3540,34.492188,32.640625,30.851562,31.132812,30.023438,32.914062,34.710938,34.375,33.53125,25.023438,21.054688,21.03125,21.367188,21.59375,21.695312,21.734375,21.71875
11639,2021-09-13 20:15:00,3546,34.429688,32.898438,30.65625,30.351562,30.960938,34.109375,35.46875,35.359375,34.804688,25.585938,21.148438,21.046875,21.359375,21.585938,21.6875,21.734375,21.710938
11640,2021-09-13 19:00:00,3534,34.289062,32.0625,29.554688,28.726562,28.265625,28.984375,29.21875,29.84375,30.023438,23.789062,20.734375,21.0,21.398438,21.609375,21.703125,21.734375,21.726562
11641,2021-09-13 19:15:00,3540,34.5,31.796875,28.929688,28.554688,28.375,29.585938,30.945312,32.054688,31.976562,24.148438,20.804688,21.007812,21.390625,21.609375,21.695312,21.742188,21.726562
11642,2021-09-13 19:30:00,3540,33.929688,31.460938,28.984375,29.476562,28.929688,30.3125,32.53125,33.429688,33.03125,24.492188,20.890625,21.015625,21.382812,21.601562,21.695312,21.734375,21.71875
11643,2021-09-13 19:45:00,3540,33.359375,30.40625,28.820312,29.296875,27.945312,29.765625,31.929688,32.601562,32.289062,24.835938,20.96875,21.023438,21.375,21.59375,21.695312,21.734375,21.726562
11644,2021-09-13 20:00:00,3540,34.492188,32.640625,30.851562,31.132812,30.023438,32.914062,34.710938,34.375,33.53125,25.023438,21.054688,21.03125,21.367188,21.59375,21.695312,21.734375,21.71875
11645,2021-09-13 20:15:00,3546,34.429688,32.898438,30.65625,30.351562,30.960938,34.109375,35.46875,35.359375,34.804688,25.585938,21.148438,21.046875,21.359375,21.585938,21.6875,21.734375,21.710938
11646,2021-09-13 20:30:00,3546,34.765625,33.078125,30.679688,30.625,32.234375,35.226562,36.398438,36.375,35.523438,25.898438,21.242188,21.054688,21.351562,21.578125,21.6875,21.734375,21.710938
11647,2021-09-13 20:45:00,3546,34.5,32.46875,30.601562,31.070312,33.351562,35.671875,36.453125,35.6875,34.804688,26.085938,21.351562,21.078125,21.351562,21.570312,21.679688,21.726562,21.710938
11648,2021-09-13 21:00:00,3552,34.132812,31.617188,29.65625,30.390625,32.296875,35.132812,36.960938,36.53125,35.601562,26.257812,21.460938,21.101562,21.34375,21.570312,21.679688,21.726562,21.710938
11649,2021-09-13 21:15:00,3546,34.109375,31.234375,29.671875,31.429688,33.648438,35.757812,37.90625,37.109375,36.101562,26.546875,21.5625,21.117188,21.335938,21.554688,21.671875,21.726562,21.710938
11650,2021-09-13 21:30:00,3546,34.4375,31.976562,31.054688,33.40625,35.671875,37.40625,38.46875,37.835938,36.757812,26.84375,21.679688,21.140625,21.335938,21.554688,21.671875,21.71875,21.710938
11651,2021-09-13 21:45:00,3546,34.203125,31.34375,30.25,32.914062,35.5,36.117188,36.515625,35.640625,34.820312,26.835938,21.789062,21.171875,21.335938,21.554688,21.671875,21.71875,21.703125
11652,2021-09-13 22:00:00,3552,33.632812,30.15625,30.4375,32.398438,35.351562,36.34375,37.085938,36.304688,35.390625,26.882812,21.890625,21.203125,21.34375,21.546875,21.664062,21.71875,21.703125
11653,2021-09-13 22:15:00,3552,32.960938,29.96875,30.742188,32.726562,35.382812,35.921875,35.914062,35.195312,34.273438,26.898438,22.0,21.234375,21.335938,21.539062,21.664062,21.71875,21.703125
11654,2021-09-13 22:30:00,3552,32.070312,29.046875,30.40625,32.179688,34.070312,35.117188,35.59375,34.804688,33.890625,26.820312,22.117188,21.273438,21.34375,21.53125,21.65625,21.71875,21.695312
11655,2021-09-13 22:45:00,3552,28.632812,25.445312,25.132812,25.5625,25.523438,26.742188,26.757812,27.570312,28.09375,26.007812,22.21875,21.3125,21.351562,21.523438,21.65625,21.710938,21.695312
11656,2021-09-13 23:00:00,3552,25.546875,23.664062,23.445312,23.734375,23.789062,24.414062,24.453125,25.03125,25.492188,25.179688,22.3125,21.351562,21.351562,21.523438,21.65625,21.703125,21.695312
11657,2021-09-13 23:15:00,3546,23.59375,22.4375,22.054688,22.078125,21.914062,22.34375,22.40625,23.023438,23.648438,24.53125,22.390625,21.390625,21.359375,21.53125,21.648438,21.710938,21.695312
11658,2021-09-13 23:30:00,3552,22.414062,21.742188,21.335938,21.335938,21.109375,21.414062,21.46875,22.007812,22.625,24.046875,22.445312,21.4375,21.367188,21.523438,21.648438,21.703125,21.695312
11659,2021-09-13 23:45:00,3558,21.617188,21.265625,20.859375,20.820312,20.578125,20.78125,20.789062,21.304688,21.851562,23.65625,22.484375,21.484375,21.375,21.523438,21.648438,21.710938,21.695312
11660,2021-09-14 00:00:00,3552,20.984375,20.609375,20.117188,20.054688,19.796875,20.117188,20.273438,20.78125,21.195312,23.304688,22.5,21.523438,21.390625,21.515625,21.640625,21.703125,21.6875
11661,2021-09-14 00:15:00,3552,20.453125,20.210938,19.734375,19.726562,19.546875,19.8125,19.960938,20.296875,20.609375,23.03125,22.507812,21.5625,21.398438,21.515625,21.632812,21.695312,21.695312
11662,2021-09-14 00:30:00,3552,20.195312,20.179688,19.6875,19.570312,19.296875,19.351562,19.421875,19.75,19.992188,22.710938,22.5,21.609375,21.414062,21.515625,21.632812,21.695312,21.6875
11663,2021-09-14 00:45:00,3558,19.914062,20.015625,19.742188,19.820312,19.734375,19.679688,19.703125,19.789062,19.945312,22.460938,22.484375,21.632812,21.429688,21.515625,21.632812,21.695312,21.6875
11664,2021-09-14 01:00:00,3552,19.570312,19.539062,19.125,19.109375,18.90625,19.0625,19.140625,19.328125,19.539062,22.3125,22.453125,21.671875,21.445312,21.523438,21.632812,21.695312,21.6875
11665,2021-09-14 01:15:00,3552,19.304688,19.164062,18.726562,18.640625,18.351562,18.429688,18.429688,18.664062,18.882812,22.03125,22.429688,21.695312,21.460938,21.523438,21.632812,21.695312,21.695312
11666,2021-09-14 01:30:00,3546,18.796875,18.679688,18.328125,18.28125,18.070312,18.21875,18.289062,18.492188,18.757812,21.851562,22.390625,21.726562,21.476562,21.523438,21.632812,21.695312,21.695312
11667,2021-09-14 01:45:00,3552,18.148438,17.9375,17.546875,17.570312,17.445312,17.523438,17.601562,17.8125,18.054688,21.609375,22.351562,21.75,21.492188,21.523438,21.617188,21.695312,21.6875
11668,2021-09-14 02:00:00,3552,17.453125,17.242188,16.84375,16.875,16.757812,16.929688,17.054688,17.28125,17.570312,21.398438,22.3125,21.773438,21.507812,21.523438,21.625,21.695312,21.695312
11669,2021-09-14 02:15:00,3546,16.882812,16.773438,16.539062,16.648438,16.585938,16.625,16.664062,16.882812,17.296875,21.234375,22.265625,21.789062,21.53125,21.539062,21.625,21.695312,21.695312
11670,2021-09-14 02:30:00,3552,16.226562,16.015625,15.734375,15.8515625,15.734375,15.859375,15.984375,16.3125,16.820312,21.046875,22.21875,21.804688,21.546875,21.539062,21.625,21.695312,21.695312
11671,2021-09-14 02:45:00,3546,15.625,15.53125,15.265625,15.2578125,15.078125,15.3046875,15.4453125,15.7265625,16.195312,20.835938,22.164062,21.8125,21.554688,21.546875,21.625,21.6875,21.703125
11672,2021-09-14 03:00:00,3546,15.265625,15.4296875,15.296875,15.390625,15.3359375,15.3671875,15.4609375,15.640625,15.96875,20.625,22.117188,21.820312,21.578125,21.546875,21.625,21.6875,21.703125
11673,2021-09-14 03:15:00,3546,15.046875,15.3046875,15.140625,15.28125,15.2421875,15.3046875,15.3828125,15.5625,15.9609375,20.523438,22.054688,21.828125,21.585938,21.546875,21.632812,21.695312,21.703125
11674,2021-09-14 03:30:00,3552,14.8828125,15.1484375,14.9765625,15.0078125,14.8828125,15.0546875,15.15625,15.359375,15.6953125,20.40625,22.007812,21.828125,21.609375,21.5625,21.625,21.6875,21.703125
11675,2021-09-14 03:45:00,3546,14.8515625,15.125,15.0,15.078125,14.9453125,15.1015625,15.203125,15.4296875,15.8828125,20.328125,21.953125,21.835938,21.617188,21.570312,21.632812,21.695312,21.710938
11676,2021-09-14 04:00:00,3552,14.671875,14.984375,14.8125,14.90625,14.859375,14.890625,15.0,15.1875,15.6171875,20.234375,21.898438,21.828125,21.632812,21.578125,21.632812,21.695312,21.71875
11677,2021-09-14 04:15:00,3546,14.5625,14.8984375,14.734375,14.8671875,14.8515625,14.859375,14.953125,15.125,15.5234375,20.125,21.84375,21.835938,21.640625,21.578125,21.632812,21.695312,21.71875
11678,2021-09-14 04:30:00,3540,14.4140625,14.640625,14.4375,14.515625,14.390625,14.640625,14.8515625,15.1015625,15.4609375,20.023438,21.796875,21.828125,21.65625,21.59375,21.640625,21.703125,21.726562
11679,2021-09-14 04:45:00,3546,14.609375,15.1640625,15.140625,15.25,15.2109375,15.2890625,15.3671875,15.5,15.7421875,19.929688,21.742188,21.820312,21.664062,21.59375,21.640625,21.703125,21.726562
11680,2021-09-14 05:00:00,3552,14.796875,15.3203125,15.2578125,15.3359375,15.1953125,15.3984375,15.484375,15.6484375,15.9140625,19.90625,21.695312,21.820312,21.671875,21.601562,21.648438,21.703125,21.726562
11681,2021-09-14 05:15:00,3546,14.9140625,15.40625,15.3515625,15.40625,15.2578125,15.3984375,15.4765625,15.6953125,15.96875,19.859375,21.640625,21.8125,21.6875,21.609375,21.65625,21.703125,21.734375
11682,2021-09-14 05:30:00,3546,14.984375,15.859375,15.765625,15.703125,15.65625,15.6953125,15.8984375,16.015625,16.085938,19.804688,21.59375,21.796875,21.695312,21.617188,21.648438,21.710938,21.742188
11683,2021-09-14 05:45:00,3534,15.3203125,16.195312,16.179688,16.25,16.132812,16.140625,16.234375,16.34375,16.46875,19.789062,21.539062,21.789062,21.703125,21.625,21.65625,21.71875,21.742188
11684,2021-09-14 06:00:00,3546,15.390625,15.890625,15.71875,15.7265625,15.515625,15.6953125,15.8671875,16.09375,16.351562,19.804688,21.5,21.773438,21.710938,21.632812,21.664062,21.71875,21.742188
11685,2021-09-14 06:15:00,3540,15.6328125,16.234375,16.148438,16.179688,16.070312,16.1875,16.273438,16.398438,16.546875,19.757812,21.453125,21.765625,21.71875,21.640625,21.664062,21.71875,21.757812
11686,2021-09-14 06:30:00,3546,15.6328125,16.203125,16.101562,16.15625,16.046875,16.125,16.21875,16.359375,16.523438,19.703125,21.40625,21.757812,21.71875,21.648438,21.671875,21.726562,21.757812
11687,2021-09-14 06:45:00,3546,15.5390625,15.7734375,15.59375,15.625,15.4140625,15.609375,15.6953125,15.953125,16.265625,19.679688,21.367188,21.742188,21.726562,21.65625,21.679688,21.71875,21.765625
11688,2021-09-14 07:00:00,3540,15.65625,16.34375,16.289062,16.367188,16.3125,16.328125,16.429688,16.539062,16.65625,19.617188,21.320312,21.726562,21.734375,21.664062,21.679688,21.734375,21.773438
11689,2021-09-14 07:15:00,3540,15.8984375,16.625,16.578125,16.601562,16.46875,16.507812,16.609375,16.71875,16.8125,19.632812,21.289062,21.71875,21.734375,21.671875,21.679688,21.734375,21.773438
11690,2021-09-14 07:30:00,3540,16.132812,16.75,16.679688,16.820312,16.734375,16.796875,16.914062,17.03125,17.179688,19.65625,21.25,21.695312,21.734375,21.679688,21.695312,21.734375,21.78125
11691,2021-09-14 07:45:00,3540,15.703125,16.117188,15.953125,15.9765625,15.84375,15.90625,15.96875,16.054688,16.1875,19.53125,21.21875,21.679688,21.742188,21.6875,21.695312,21.734375,21.78125
11692,2021-09-14 08:00:00,3546,15.9609375,16.632812,16.53125,16.640625,16.617188,16.648438,16.742188,16.828125,16.929688,19.539062,21.179688,21.671875,21.742188,21.695312,21.703125,21.75,21.789062
11693,2021-09-14 08:15:00,3540,15.6484375,15.9453125,15.7578125,15.8046875,15.625,15.8203125,15.9375,16.117188,16.296875,19.484375,21.148438,21.65625,21.742188,21.695312,21.703125,21.757812,21.789062
11694,2021-09-14 08:30:00,3534,15.71875,16.21875,16.148438,16.234375,16.171875,16.28125,16.4375,16.601562,16.734375,19.46875,21.109375,21.640625,21.742188,21.703125,21.710938,21.757812,21.804688
11695,2021-09-14 08:45:00,3540,15.4765625,15.625,15.4765625,15.5546875,15.3828125,15.7578125,15.828125,16.03125,16.242188,19.46875,21.078125,21.625,21.742188,21.710938,21.710938,21.757812,21.804688
11696,2021-09-14 09:00:00,3534,15.390625,15.9296875,15.796875,15.8359375,15.6796875,15.8828125,16.015625,16.195312,16.34375,19.375,21.046875,21.609375,21.734375,21.710938,21.726562,21.765625,21.8125
11697,2021-09-14 09:15:00,3540,15.65625,16.46875,16.382812,16.46875,16.476562,16.40625,16.546875,16.625,16.757812,19.4375,21.023438,21.585938,21.734375,21.726562,21.726562,21.773438,21.8125
11698,2021-09-14 09:30:00,3522,15.90625,16.648438,16.625,16.765625,16.71875,16.789062,16.84375,16.960938,17.148438,19.515625,20.992188,21.578125,21.734375,21.726562,21.734375,21.773438,21.820312
11699,2021-09-14 09:45:00,3540,15.9921875,16.742188,16.671875,16.804688,16.804688,16.765625,16.859375,16.960938,17.09375,19.523438,20.960938,21.5625,21.726562,21.734375,21.742188,21.773438,21.828125
11700,2021-09-14 10:00:00,3540,15.5390625,15.859375,15.6640625,15.6875,15.5234375,15.7578125,15.8359375,16.0,16.210938,19.398438,20.9375,21.539062,21.726562,21.734375,21.742188,21.78125,21.828125
11701,2021-09-14 10:15:00,3528,15.59375,16.242188,16.210938,16.320312,16.257812,16.335938,16.398438,16.507812,16.671875,19.40625,20.90625,21.523438,21.734375,21.742188,21.75,21.78125,21.828125
11702,2021-09-14 10:30:00,3540,15.328125,15.75,15.6640625,15.796875,15.7109375,15.8359375,15.96875,16.132812,16.382812,19.359375,20.890625,21.507812,21.71875,21.742188,21.75,21.789062,21.835938
11703,2021-09-14 10:45:00,3540,15.4296875,16.164062,16.179688,16.335938,16.296875,16.328125,16.367188,16.445312,16.648438,19.382812,20.867188,21.492188,21.71875,21.742188,21.757812,21.796875,21.835938
11704,2021-09-14 11:00:00,3540,14.96875,15.3671875,15.1953125,15.265625,15.1484375,15.328125,15.484375,15.5859375,15.71875,19.210938,20.84375,21.476562,21.710938,21.742188,21.757812,21.804688,21.835938
11705,2021-09-14 11:15:00,3540,14.953125,15.4140625,15.328125,15.421875,15.2578125,15.3984375,15.46875,15.703125,16.023438,19.273438,20.820312,21.460938,21.710938,21.75,21.765625,21.8125,21.84375
11706,2021-09-14 11:30:00,3528,15.2890625,16.414062,16.445312,16.59375,16.710938,16.460938,16.648438,16.640625,16.734375,19.28125,20.796875,21.445312,21.703125,21.75,21.773438,21.804688,21.84375
11707,2021-09-14 11:45:00,3528,15.78125,16.679688,16.773438,16.914062,16.890625,16.796875,16.859375,16.890625,16.921875,19.328125,20.773438,21.429688,21.695312,21.75,21.773438,21.8125,21.851562
11708,2021-09-14 12:00:00,3540,15.9609375,16.429688,16.414062,16.484375,16.304688,16.523438,16.601562,16.75,16.882812,19.34375,20.75,21.414062,21.6875,21.757812,21.773438,21.820312,21.84375
11709,2021-09-14 12:15:00,3534,15.578125,16.132812,16.03125,16.101562,16.0,16.0625,16.164062,16.242188,16.328125,19.179688,20.726562,21.398438,21.679688,21.75,21.78125,21.820312,21.851562
11710,2021-09-14 12:30:00,3528,15.2890625,15.5546875,15.3125,15.265625,15.0390625,15.296875,15.40625,15.5625,15.6875,19.09375,20.703125,21.382812,21.679688,21.75,21.78125,21.828125,21.851562
11711,2021-09-14 12:45:00,3528,14.7421875,14.546875,14.2265625,14.1484375,13.9140625,14.28125,14.375,14.4453125,14.4609375,18.859375,20.679688,21.367188,21.671875,21.757812,21.78125,21.820312,21.859375
11712,2021-09-14 13:00:00,3522,14.296875,14.8203125,14.5078125,14.4375,14.28125,14.421875,14.625,14.703125,14.765625,18.703125,20.664062,21.351562,21.664062,21.757812,21.789062,21.828125,21.859375
11713,2021-09-14 13:15:00,3534,15.265625,16.210938,16.1875,16.25,16.132812,16.265625,16.398438,16.507812,16.585938,18.953125,20.632812,21.335938,21.65625,21.757812,21.789062,21.828125,21.859375
11714,2021-09-14 13:30:00,3522,15.5703125,16.453125,16.390625,16.429688,16.3125,16.40625,16.484375,16.5625,16.609375,19.015625,20.609375,21.320312,21.640625,21.757812,21.789062,21.835938,21.851562
11715,2021-09-14 13:45:00,3528,15.8359375,16.546875,16.539062,16.601562,16.484375,16.601562,16.648438,16.734375,16.789062,19.054688,20.578125,21.304688,21.640625,21.75,21.796875,21.835938,21.859375
11716,2021-09-14 14:00:00,3534,15.890625,16.53125,16.476562,16.539062,16.453125,16.539062,16.585938,16.679688,16.757812,19.085938,20.554688,21.289062,21.632812,21.75,21.796875,21.835938,21.859375
11717,2021-09-14 14:15:00,3528,15.9609375,16.492188,16.390625,16.351562,16.234375,16.40625,16.460938,16.609375,16.734375,19.085938,20.53125,21.273438,21.617188,21.75,21.796875,21.84375,21.859375
11718,2021-09-14 14:30:00,3522,16.0,16.609375,16.460938,16.445312,16.289062,16.453125,16.515625,16.625,16.726562,19.085938,20.515625,21.257812,21.617188,21.75,21.804688,21.84375,21.859375
11719,2021-09-14 14:45:00,3522,16.773438,18.359375,17.953125,17.820312,17.648438,17.476562,17.5,17.476562,17.421875,19.140625,20.492188,21.242188,21.609375,21.742188,21.804688,21.84375,21.859375
11720,2021-09-14 15:00:00,3528,19.53125,21.945312,20.796875,20.328125,19.609375,19.421875,18.96875,18.6875,18.375,19.296875,20.476562,21.21875,21.59375,21.742188,21.796875,21.84375,21.859375
11721,2021-09-14 15:15:00,3522,21.929688,24.132812,22.976562,22.390625,21.640625,21.382812,20.75,20.195312,19.546875,19.523438,20.46875,21.210938,21.59375,21.75,21.796875,21.84375,21.851562
11722,2021-09-14 15:30:00,3528,23.617188,25.179688,24.398438,23.820312,22.976562,22.726562,21.90625,21.195312,20.28125,19.71875,20.445312,21.1875,21.585938,21.734375,21.804688,21.835938,21.859375
11723,2021-09-14 15:45:00,3522,24.984375,25.890625,25.234375,24.757812,23.820312,23.851562,23.101562,22.367188,21.46875,19.976562,20.4375,21.171875,21.578125,21.734375,21.8125,21.84375,21.859375
11724,2021-09-14 16:00:00,3534,25.828125,26.59375,26.132812,25.710938,24.789062,25.101562,24.5625,23.664062,22.742188,20.320312,20.4375,21.15625,21.5625,21.726562,21.804688,21.84375,21.851562
11725,2021-09-14 16:15:00,3528,26.773438,26.476562,26.132812,25.695312,24.664062,25.453125,24.914062,24.28125,23.578125,20.703125,20.445312,21.140625,21.554688,21.726562,21.804688,21.84375,21.851562
11726,2021-09-14 16:30:00,3528,27.15625,26.445312,25.835938,25.203125,24.367188,25.140625,24.453125,24.0,23.570312,21.007812,20.453125,21.132812,21.539062,21.71875,21.804688,21.851562,21.851562
11727,2021-09-14 16:45:00,3528,27.78125,26.890625,25.820312,25.320312,24.492188,25.242188,24.867188,24.570312,24.195312,21.289062,20.46875,21.117188,21.53125,21.710938,21.804688,21.84375,21.851562
11728,2021-09-14 17:00:00,3528,27.875,26.242188,25.921875,25.945312,25.273438,26.40625,25.851562,25.617188,25.1875,21.546875,20.484375,21.109375,21.523438,21.710938,21.804688,21.851562,21.851562
11729,2021-09-14 17:15:00,3528,28.40625,27.960938,27.585938,27.125,26.578125,27.734375,26.875,26.75,26.375,21.890625,20.53125,21.09375,21.507812,21.710938,21.796875,21.851562,21.851562
11730,2021-09-14 17:30:00,3528,29.5,28.054688,27.054688,26.828125,26.0625,27.460938,26.921875,27.265625,27.0625,22.21875,20.554688,21.085938,21.5,21.710938,21.796875,21.84375,21.84375
11731,2021-09-14 17:45:00,3534,29.507812,27.71875,26.40625,25.984375,25.273438,26.601562,26.03125,26.742188,26.835938,22.4375,20.601562,21.078125,21.492188,21.703125,21.796875,21.84375,21.835938
11732,2021-09-14 18:00:00,3540,30.398438,29.15625,27.65625,27.695312,26.625,27.820312,27.523438,28.328125,28.265625,22.71875,20.65625,21.070312,21.484375,21.695312,21.789062,21.851562,21.84375
11733,2021-09-14 18:15:00,3528,30.929688,29.84375,27.875,28.367188,26.898438,27.96875,27.90625,28.914062,28.882812,23.046875,20.710938,21.0625,21.484375,21.695312,21.796875,21.84375,21.835938
11734,2021-09-14 18:30:00,3522,31.492188,30.84375,28.75,28.75,27.484375,28.523438,29.054688,30.171875,30.023438,23.390625,20.773438,21.0625,21.46875,21.6875,21.789062,21.84375,21.835938
11735,2021-09-14 18:45:00,3540,31.984375,30.921875,28.734375,28.398438,27.085938,28.195312,29.398438,30.914062,30.734375,23.765625,20.84375,21.070312,21.453125,21.679688,21.78125,21.84375,21.828125
11736,2021-09-14 17:30:00,3528,29.5,28.054688,27.054688,26.828125,26.0625,27.460938,26.921875,27.265625,27.0625,22.21875,20.554688,21.085938,21.5,21.710938,21.796875,21.84375,21.84375
11737,2021-09-14 17:45:00,3534,29.507812,27.71875,26.40625,25.984375,25.273438,26.601562,26.03125,26.742188,26.835938,22.4375,20.601562,21.078125,21.492188,21.703125,21.796875,21.84375,21.835938
11738,2021-09-14 18:00:00,3540,30.398438,29.15625,27.65625,27.695312,26.625,27.820312,27.523438,28.328125,28.265625,22.71875,20.65625,21.070312,21.484375,21.695312,21.789062,21.851562,21.84375
11739,2021-09-14 18:15:00,3528,30.929688,29.84375,27.875,28.367188,26.898438,27.96875,27.90625,28.914062,28.882812,23.046875,20.710938,21.0625,21.484375,21.695312,21.796875,21.84375,21.835938
11740,2021-09-14 18:30:00,3522,31.492188,30.84375,28.75,28.75,27.484375,28.523438,29.054688,30.171875,30.023438,23.390625,20.773438,21.0625,21.46875,21.6875,21.789062,21.84375,21.835938
11741,2021-09-14 18:45:00,3540,31.984375,30.921875,28.734375,28.398438,27.085938,28.195312,29.398438,30.914062,30.734375,23.765625,20.84375,21.070312,21.453125,21.679688,21.78125,21.84375,21.828125
11742,2021-09-14 19:00:00,3534,32.726562,31.640625,29.414062,28.59375,28.414062,29.46875,30.882812,32.054688,31.796875,24.15625,20.90625,21.070312,21.445312,21.671875,21.78125,21.835938,21.828125
11743,2021-09-14 19:15:00,3540,33.375,32.148438,29.15625,28.835938,28.726562,29.703125,31.335938,32.492188,32.046875,24.492188,20.984375,21.078125,21.445312,21.671875,21.789062,21.835938,21.828125
11744,2021-09-14 19:30:00,3546,33.21875,31.335938,28.539062,29.09375,28.375,29.476562,31.78125,32.960938,32.625,24.75,21.070312,21.078125,21.4375,21.664062,21.78125,21.835938,21.828125
11745,2021-09-14 19:45:00,3540,33.429688,30.671875,29.039062,29.773438,28.132812,29.96875,32.195312,32.84375,32.46875,24.945312,21.148438,21.09375,21.414062,21.65625,21.78125,21.835938,21.820312
11746,2021-09-14 20:00:00,3546,33.320312,30.820312,29.21875,29.804688,28.9375,32.140625,34.226562,34.265625,33.726562,25.351562,21.234375,21.109375,21.414062,21.648438,21.773438,21.828125,21.820312
11747,2021-09-14 20:15:00,3546,32.875,30.960938,28.921875,28.835938,29.523438,33.085938,34.882812,35.125,34.710938,25.828125,21.328125,21.117188,21.40625,21.648438,21.765625,21.828125,21.820312
11748,2021-09-14 20:30:00,3546,32.648438,30.65625,28.296875,28.1875,29.53125,32.679688,34.210938,34.359375,33.84375,25.914062,21.429688,21.140625,21.414062,21.640625,21.765625,21.828125,21.8125
11749,2021-09-14 20:45:00,3546,32.335938,30.398438,28.398438,28.757812,31.039062,34.335938,35.828125,35.367188,34.585938,26.085938,21.523438,21.164062,21.414062,21.632812,21.765625,21.828125,21.8125
11750,2021-09-14 21:00:00,3540,32.140625,30.289062,28.710938,29.960938,32.421875,35.257812,36.546875,35.578125,34.84375,26.375,21.625,21.179688,21.398438,21.625,21.757812,21.820312,21.804688
11751,2021-09-14 21:15:00,3546,31.929688,28.835938,27.429688,29.6875,31.367188,33.734375,35.515625,34.5625,33.828125,26.34375,21.71875,21.203125,21.398438,21.617188,21.757812,21.820312,21.804688
11752,2021-09-14 21:30:00,3546,31.3125,27.726562,26.453125,29.4375,30.476562,32.273438,33.625,32.835938,32.046875,26.132812,21.828125,21.242188,21.398438,21.617188,21.757812,21.8125,21.804688
11753,2021-09-14 21:45:00,3546,30.757812,27.648438,26.867188,29.890625,31.773438,33.359375,34.539062,33.945312,33.484375,26.382812,21.921875,21.265625,21.398438,21.617188,21.75,21.8125,21.796875
11754,2021-09-14 22:00:00,3546,30.835938,27.484375,27.757812,29.859375,32.421875,33.3125,33.976562,33.335938,32.632812,26.289062,22.015625,21.296875,21.398438,21.609375,21.742188,21.804688,21.796875
11755,2021-09-14 22:15:00,3552,30.03125,26.757812,27.539062,29.304688,31.851562,33.40625,34.25,33.828125,32.960938,26.398438,22.109375,21.335938,21.40625,21.609375,21.742188,21.8125,21.796875
11756,2021-09-14 22:30:00,3546,29.84375,27.242188,28.257812,30.234375,31.992188,32.984375,33.046875,32.484375,31.875,26.34375,22.195312,21.367188,21.414062,21.601562,21.734375,21.804688,21.796875
11757,2021-09-14 22:45:00,3546,26.578125,23.195312,22.90625,23.40625,23.507812,25.03125,25.132812,25.945312,26.4375,25.476562,22.289062,21.414062,21.414062,21.601562,21.734375,21.796875,21.796875
11758,2021-09-14 23:00:00,3558,23.59375,21.664062,21.382812,21.664062,21.710938,22.460938,22.671875,23.476562,24.109375,24.71875,22.367188,21.453125,21.421875,21.59375,21.734375,21.804688,21.796875
11759,2021-09-14 23:15:00,3546,21.632812,20.351562,19.96875,20.023438,19.921875,20.515625,20.757812,21.570312,22.328125,24.085938,22.421875,21.484375,21.4375,21.59375,21.734375,21.796875,21.789062
11760,2021-09-14 23:30:00,3552,20.21875,19.367188,19.0,19.023438,18.898438,19.421875,19.648438,20.414062,21.195312,23.617188,22.46875,21.53125,21.453125,21.59375,21.726562,21.796875,21.789062
11761,2021-09-14 23:45:00,3552,19.226562,18.664062,18.3125,18.304688,18.179688,18.648438,18.914062,19.6875,20.445312,23.21875,22.484375,21.570312,21.453125,21.585938,21.726562,21.796875,21.789062
11762,2021-09-15 00:00:00,3552,18.414062,17.914062,17.59375,17.585938,17.445312,17.953125,18.257812,19.054688,19.8125,22.882812,22.5,21.601562,21.46875,21.59375,21.710938,21.796875,21.789062
11763,2021-09-15 00:15:00,3540,17.671875,17.25,16.960938,16.945312,16.820312,17.3125,17.648438,18.539062,19.304688,22.585938,22.5,21.640625,21.484375,21.585938,21.71875,21.789062,21.789062
11764,2021-09-15 00:30:00,3552,16.960938,16.585938,16.289062,16.265625,16.140625,16.679688,16.992188,17.789062,18.523438,22.289062,22.46875,21.679688,21.492188,21.585938,21.710938,21.789062,21.789062
11765,2021-09-15 00:45:00,3546,16.257812,15.8828125,15.6484375,15.625,15.5078125,16.125,16.539062,17.484375,18.320312,22.039062,22.445312,21.710938,21.507812,21.585938,21.710938,21.789062,21.789062
11766,2021-09-15 01:00:00,3546,15.453125,14.953125,14.75,14.8203125,14.703125,15.2890625,15.5703125,16.226562,16.976562,21.765625,22.414062,21.734375,21.53125,21.59375,21.71875,21.789062,21.789062
11767,2021-09-15 01:15:00,3552,15.3828125,15.2109375,15.125,15.1796875,15.25,15.8203125,16.328125,17.070312,17.773438,21.609375,22.375,21.757812,21.539062,21.59375,21.710938,21.789062,21.789062
11768,2021-09-15 01:30:00,3552,15.234375,14.765625,14.6953125,14.75,14.84375,15.59375,16.195312,17.023438,17.71875,21.507812,22.328125,21.773438,21.554688,21.601562,21.710938,21.789062,21.796875
11769,2021-09-15 01:45:00,3546,15.0,14.5390625,14.4609375,14.484375,14.53125,15.28125,15.9296875,16.84375,17.546875,21.367188,22.28125,21.804688,21.570312,21.601562,21.703125,21.789062,21.789062
11770,2021-09-15 02:00:00,3552,14.609375,14.140625,14.09375,14.09375,14.109375,14.765625,15.1953125,15.875,16.585938,21.148438,22.242188,21.8125,21.585938,21.601562,21.710938,21.78125,21.796875
11771,2021-09-15 02:15:00,3546,14.3125,13.7734375,13.734375,13.734375,13.734375,14.484375,15.0,15.875,16.679688,21.015625,22.195312,21.828125,21.601562,21.609375,21.703125,21.78125,21.796875
11772,2021-09-15 02:30:00,3546,14.0,13.5625,13.546875,13.546875,13.5625,14.296875,14.90625,15.8046875,16.648438,20.90625,22.148438,21.835938,21.609375,21.617188,21.703125,21.78125,21.796875
11773,2021-09-15 02:45:00,3540,13.828125,13.4765625,13.4609375,13.4609375,13.46875,14.1640625,14.8125,15.7421875,16.5,20.75,22.09375,21.84375,21.632812,21.617188,21.710938,21.78125,21.796875
11774,2021-09-15 03:00:00,3552,13.6875,13.3515625,13.34375,13.3359375,13.328125,14.015625,14.53125,15.4140625,16.28125,20.609375,22.046875,21.851562,21.640625,21.625,21.710938,21.789062,21.796875
11775,2021-09-15 03:15:00,3546,13.5546875,13.296875,13.296875,13.2890625,13.2734375,13.8984375,14.3515625,15.1796875,15.96875,20.507812,21.992188,21.859375,21.65625,21.632812,21.710938,21.789062,21.804688
11776,2021-09-15 03:30:00,3540,13.4453125,13.125,13.1328125,13.109375,13.078125,13.734375,14.21875,15.1875,16.023438,20.421875,21.9375,21.851562,21.671875,21.640625,21.710938,21.796875,21.804688
11777,2021-09-15 03:45:00,3540,13.3984375,13.1953125,13.1875,13.171875,13.171875,13.796875,14.3828125,15.203125,15.890625,20.320312,21.890625,21.851562,21.679688,21.648438,21.71875,21.789062,21.804688
11778,2021-09-15 04:00:00,3540,13.359375,13.09375,13.109375,13.1171875,13.125,13.765625,14.296875,14.953125,15.65625,20.234375,21.84375,21.851562,21.695312,21.648438,21.71875,21.789062,21.820312
11779,2021-09-15 04:15:00,3540,13.2109375,12.9609375,12.953125,12.9453125,12.9453125,13.5703125,14.1484375,14.9140625,15.5546875,20.132812,21.796875,21.84375,21.703125,21.664062,21.71875,21.789062,21.820312
11780,2021-09-15 04:30:00,3540,13.125,12.8828125,12.890625,12.8828125,12.875,13.484375,14.0234375,14.7734375,15.40625,20.03125,21.75,21.84375,21.71875,21.671875,21.71875,21.796875,21.820312
11781,2021-09-15 04:45:00,3546,13.0,12.8046875,12.8125,12.8046875,12.8046875,13.40625,13.9609375,14.7578125,15.3984375,19.945312,21.695312,21.835938,21.726562,21.671875,21.734375,21.796875,21.820312
11782,2021-09-15 05:00:00,3540,12.96875,12.7421875,12.765625,12.75,12.71875,13.34375,13.828125,14.5546875,15.203125,19.859375,21.65625,21.828125,21.734375,21.679688,21.734375,21.796875,21.828125
11783,2021-09-15 05:15:00,3534,12.8515625,12.640625,12.6328125,12.6171875,12.5703125,13.1171875,13.46875,14.1484375,14.7734375,19.75,21.609375,21.820312,21.742188,21.695312,21.734375,21.804688,21.828125
11784,2021-09-15 05:30:00,3534,12.2421875,11.8671875,11.7890625,11.7578125,11.6015625,12.328125,12.6875,13.3984375,14.0390625,19.546875,21.5625,21.8125,21.75,21.695312,21.742188,21.804688,21.835938
11785,2021-09-15 05:45:00,3540,11.6328125,11.3515625,11.234375,11.25,11.1484375,11.7421875,12.1015625,12.890625,13.640625,19.3125,21.515625,21.804688,21.757812,21.703125,21.742188,21.804688,21.835938
11786,2021-09-15 06:00:00,3540,11.046875,10.890625,10.8125,10.84375,10.703125,11.1875,11.4765625,12.1953125,12.8828125,19.085938,21.46875,21.789062,21.757812,21.710938,21.742188,21.8125,21.84375
11787,2021-09-15 06:15:00,3534,10.6953125,10.7265625,10.6953125,10.78125,10.671875,11.0390625,11.2578125,11.8984375,12.6171875,18.90625,21.421875,21.78125,21.765625,21.71875,21.75,21.820312,21.851562
11788,2021-09-15 06:30:00,3540,10.75,11.2109375,11.2265625,11.3359375,11.2890625,11.5234375,11.6484375,12.0,12.5546875,18.757812,21.367188,21.765625,21.773438,21.726562,21.757812,21.8125,21.851562
11789,2021-09-15 06:45:00,3534,11.4921875,12.2109375,12.21875,12.3125,12.1796875,12.5,12.6171875,12.984375,13.4453125,18.835938,21.3125,21.75,21.773438,21.734375,21.765625,21.820312,21.851562
11790,2021-09-15 07:00:00,3534,11.3984375,11.515625,11.4765625,11.5234375,11.4140625,12.0,12.3515625,12.8203125,13.265625,18.820312,21.265625,21.734375,21.78125,21.742188,21.757812,21.820312,21.859375
11791,2021-09-15 07:15:00,3540,11.3046875,11.5859375,11.5,11.59375,11.5078125,11.8828125,12.203125,12.609375,13.1171875,18.71875,21.203125,21.71875,21.78125,21.742188,21.765625,21.828125,21.859375
11792,2021-09-15 07:30:00,3540,11.2578125,11.3984375,11.328125,11.3828125,11.1484375,11.6796875,12.1796875,12.84375,13.3828125,18.710938,21.15625,21.710938,21.78125,21.75,21.773438,21.828125,21.867188
11793,2021-09-15 07:45:00,3540,11.0546875,11.0625,10.9765625,11.0703125,10.9296875,11.4453125,11.9296875,12.609375,13.28125,18.625,21.109375,21.6875,21.78125,21.757812,21.78125,21.835938,21.867188
11794,2021-09-15 08:00:00,3534,10.5625,10.3671875,10.1953125,10.2265625,10.1640625,11.1015625,11.8359375,12.1328125,12.3984375,18.414062,21.0625,21.671875,21.789062,21.757812,21.78125,21.835938,21.867188
11795,2021-09-15 08:15:00,3528,10.1796875,10.0625,9.875,9.90625,9.9140625,10.953125,11.8359375,12.078125,12.15625,18.1875,21.007812,21.65625,21.78125,21.773438,21.789062,21.835938,21.875
11796,2021-09-15 08:30:00,3540,10.0546875,10.28125,10.2109375,10.34375,10.359375,10.8671875,11.4921875,11.9375,12.2890625,18.09375,20.960938,21.632812,21.78125,21.773438,21.796875,21.84375,21.875
11797,2021-09-15 08:45:00,3528,10.5390625,10.9765625,10.9921875,11.0078125,10.9140625,11.5,12.3125,12.9765625,13.40625,18.265625,20.90625,21.617188,21.78125,21.78125,21.796875,21.84375,21.875
11798,2021-09-15 09:00:00,3528,11.1953125,11.7734375,11.8671875,11.9296875,11.875,12.46875,13.1875,13.78125,14.2734375,18.421875,20.84375,21.59375,21.773438,21.78125,21.804688,21.84375,21.875
11799,2021-09-15 09:15:00,3534,11.8125,12.2578125,12.3828125,12.421875,12.4296875,13.0546875,13.7109375,14.3203125,14.84375,18.554688,20.796875,21.570312,21.773438,21.78125,21.804688,21.851562,21.875
11800,2021-09-15 09:30:00,3528,12.1875,12.5,12.5859375,12.625,12.640625,13.203125,13.8125,14.4453125,14.984375,18.617188,20.75,21.546875,21.773438,21.789062,21.8125,21.851562,21.882812
11801,2021-09-15 09:45:00,3522,12.40625,12.625,12.703125,12.7265625,12.7421875,13.265625,13.7890625,14.453125,15.0390625,18.65625,20.703125,21.53125,21.765625,21.789062,21.8125,21.859375,21.875
11802,2021-09-15 10:00:00,3528,12.515625,12.625,12.703125,12.7265625,12.71875,13.2734375,13.765625,14.4765625,15.1328125,18.695312,20.664062,21.5,21.765625,21.796875,21.820312,21.859375,21.882812
11803,2021-09-15 10:15:00,3528,12.5,12.546875,12.609375,12.6171875,12.6015625,13.1171875,13.5390625,14.2890625,15.0,18.6875,20.640625,21.484375,21.75,21.796875,21.820312,21.867188,21.882812
11804,2021-09-15 10:30:00,3528,12.453125,12.46875,12.5390625,12.546875,12.53125,13.0546875,13.5078125,14.2421875,14.9296875,18.6875,20.601562,21.460938,21.742188,21.796875,21.820312,21.875,21.882812
11805,2021-09-15 10:45:00,3528,12.4375,12.4609375,12.5234375,12.5390625,12.5234375,13.0703125,13.5703125,14.3203125,14.984375,18.671875,20.578125,21.4375,21.734375,21.796875,21.828125,21.867188,21.890625
11806,2021-09-15 11:00:00,3528,12.3515625,12.3671875,12.4296875,12.453125,12.46875,12.9921875,13.515625,14.234375,14.875,18.632812,20.554688,21.40625,21.734375,21.804688,21.835938,21.867188,21.882812
11807,2021-09-15 11:15:00,3528,12.3359375,12.2734375,12.328125,12.3203125,12.296875,12.8359375,13.2109375,13.859375,14.4375,18.59375,20.53125,21.382812,21.71875,21.804688,21.828125,21.875,21.890625
11808,2021-09-15 11:30:00,3522,12.1953125,12.09375,12.140625,12.1484375,12.171875,12.7109375,13.234375,13.9921875,14.6328125,18.546875,20.507812,21.359375,21.710938,21.804688,21.828125,21.875,21.882812
11809,2021-09-15 11:45:00,3528,12.140625,12.0859375,12.1328125,12.15625,12.1796875,12.765625,13.3359375,14.03125,14.59375,18.546875,20.484375,21.34375,21.703125,21.804688,21.835938,21.867188,21.882812
11810,2021-09-15 12:00:00,3522,12.0078125,11.9140625,11.9609375,11.96875,11.984375,12.5234375,13.0625,13.859375,14.578125,18.515625,20.460938,21.320312,21.695312,21.804688,21.835938,21.875,21.882812
11811,2021-09-15 12:15:00,3528,11.9765625,11.9453125,11.984375,12.015625,12.078125,12.6328125,13.21875,13.90625,14.5234375,18.46875,20.4375,21.304688,21.679688,21.796875,21.84375,21.875,21.882812
11812,2021-09-15 12:30:00,3522,11.90625,11.796875,11.84375,11.859375,11.890625,12.4765625,13.1171875,13.8359375,14.4609375,18.4375,20.414062,21.28125,21.679688,21.796875,21.835938,21.882812,21.882812
11813,2021-09-15 12:45:00,3528,11.8828125,11.828125,11.859375,11.8828125,11.8984375,12.4140625,12.9453125,13.625,14.2265625,18.398438,20.382812,21.257812,21.671875,21.796875,21.84375,21.875,21.875
11814,2021-09-15 13:00:00,3522,11.9375,11.8515625,11.8984375,11.9140625,11.9140625,12.453125,12.9765625,13.7109375,14.34375,18.382812,20.359375,21.242188,21.65625,21.796875,21.851562,21.882812,21.875
11815,2021-09-15 13:15:00,3528,11.9140625,11.8203125,11.875,11.921875,11.9609375,12.5625,13.1640625,13.8359375,14.453125,18.367188,20.34375,21.21875,21.648438,21.789062,21.84375,21.882812,21.875
11816,2021-09-15 13:30:00,3522,11.8515625,11.703125,11.734375,11.75,11.75,12.3125,12.8671875,13.640625,14.2890625,18.335938,20.320312,21.203125,21.632812,21.78125,21.84375,21.882812,21.867188
11817,2021-09-15 13:45:00,3522,11.8046875,11.6953125,11.7265625,11.7421875,11.7265625,12.21875,12.6953125,13.4453125,14.140625,18.28125,20.296875,21.1875,21.625,21.78125,21.84375,21.882812,21.867188
11818,2021-09-15 14:00:00,3522,11.8515625,11.796875,11.828125,11.84375,11.84375,12.3203125,12.75,13.390625,13.984375,18.210938,20.265625,21.164062,21.609375,21.78125,21.84375,21.882812,21.867188
11819,2021-09-15 14:15:00,3522,11.859375,11.7109375,11.75,11.765625,11.765625,12.3046875,12.828125,13.6171875,14.2890625,18.226562,20.242188,21.132812,21.601562,21.773438,21.84375,21.882812,21.859375
11820,2021-09-15 14:30:00,3522,11.8828125,11.8671875,11.9140625,11.9453125,12.0,12.5,13.015625,13.7109375,14.375,18.21875,20.226562,21.125,21.585938,21.773438,21.835938,21.875,21.851562
11821,2021-09-15 14:45:00,3522,11.984375,11.9296875,11.9921875,12.015625,12.046875,12.5703125,13.03125,13.6171875,14.171875,18.171875,20.195312,21.101562,21.578125,21.765625,21.835938,21.875,21.851562
11822,2021-09-15 15:00:00,3522,12.4140625,12.328125,12.3984375,12.4375,12.4921875,13.1484375,13.6953125,14.3046875,14.78125,18.273438,20.171875,21.085938,21.5625,21.757812,21.84375,21.875,21.851562
11823,2021-09-15 15:15:00,3522,12.6171875,12.4765625,12.5,12.5390625,12.6328125,13.1640625,13.671875,14.2421875,14.7265625,18.289062,20.148438,21.0625,21.546875,21.757812,21.84375,21.867188,21.84375
11824,2021-09-15 15:30:00,3522,12.9140625,12.7421875,12.7734375,12.84375,12.9609375,13.484375,13.9765625,14.484375,14.8984375,18.335938,20.125,21.046875,21.53125,21.75,21.828125,21.867188,21.84375
11825,2021-09-15 15:45:00,3522,13.3671875,13.34375,13.4296875,13.46875,13.59375,14.09375,14.6015625,15.0546875,15.40625,18.398438,20.109375,21.03125,21.53125,21.742188,21.835938,21.867188,21.828125
11826,2021-09-15 16:00:00,3510,13.78125,13.3671875,13.359375,13.5390625,13.6875,14.3125,14.84375,15.3515625,15.796875,18.515625,20.085938,21.007812,21.507812,21.742188,21.828125,21.867188,21.828125
11827,2021-09-15 16:15:00,3516,14.03125,13.609375,13.5390625,13.671875,13.8515625,14.4375,15.0859375,15.65625,16.078125,18.585938,20.070312,20.992188,21.5,21.726562,21.828125,21.859375,21.820312
11828,2021-09-15 16:30:00,3516,14.2421875,13.6875,13.5859375,13.78125,13.9453125,14.546875,15.15625,15.6875,16.078125,18.632812,20.054688,20.96875,21.492188,21.726562,21.820312,21.859375,21.8125
11829,2021-09-15 16:45:00,3522,14.6640625,14.5390625,14.359375,14.5703125,14.7890625,15.171875,15.78125,16.210938,16.609375,18.71875,20.039062,20.945312,21.476562,21.71875,21.820312,21.859375,21.8125
11830,2021-09-15 17:00:00,3522,15.609375,15.25,15.0703125,15.3203125,15.5703125,16.179688,16.875,17.25,17.429688,18.914062,20.03125,20.929688,21.460938,21.703125,21.8125,21.84375,21.8125
11831,2021-09-15 17:15:00,3510,16.820312,16.570312,16.234375,16.40625,16.460938,16.90625,17.304688,17.601562,17.789062,19.03125,20.023438,20.914062,21.445312,21.695312,21.8125,21.84375,21.796875
11832,2021-09-15 17:30:00,3528,19.265625,20.0,19.296875,19.34375,19.140625,19.734375,20.054688,20.3125,20.25,19.453125,20.015625,20.898438,21.429688,21.695312,21.804688,21.84375,21.789062
11833,2021-09-15 17:45:00,3522,22.007812,22.789062,21.820312,21.6875,21.210938,21.867188,21.75,22.054688,22.03125,19.9375,20.015625,20.882812,21.414062,21.6875,21.796875,21.835938,21.789062
11834,2021-09-15 18:00:00,3516,24.015625,22.796875,21.640625,21.492188,20.796875,21.734375,21.421875,22.257812,22.640625,20.335938,20.023438,20.859375,21.398438,21.671875,21.796875,21.835938,21.773438
11835,2021-09-15 18:15:00,3510,25.015625,23.820312,22.34375,22.34375,21.40625,22.164062,22.265625,23.234375,23.632812,20.640625,20.039062,20.84375,21.382812,21.671875,21.789062,21.835938,21.765625
11836,2021-09-15 18:30:00,3522,25.578125,24.445312,22.539062,22.648438,21.226562,21.757812,21.8125,22.523438,22.929688,20.765625,20.0625,20.835938,21.375,21.65625,21.789062,21.828125,21.765625
11837,2021-09-15 18:45:00,3516,25.523438,23.640625,22.023438,21.875,20.578125,21.140625,21.789062,23.070312,23.632812,20.96875,20.101562,20.820312,21.359375,21.648438,21.789062,21.820312,21.75
11838,2021-09-15 19:00:00,3522,26.429688,25.210938,23.398438,22.15625,21.945312,22.445312,23.296875,24.429688,24.789062,21.296875,20.132812,20.804688,21.351562,21.640625,21.773438,21.8125,21.75
11839,2021-09-15 19:15:00,3516,26.789062,25.210938,23.21875,22.140625,22.148438,22.695312,23.875,25.492188,25.6875,21.640625,20.179688,20.796875,21.335938,21.632812,21.773438,21.804688,21.734375
11840,2021-09-15 19:30:00,3522,26.742188,24.578125,22.617188,22.476562,22.210938,22.804688,24.5625,26.429688,26.695312,22.023438,20.226562,20.789062,21.3125,21.625,21.765625,21.804688,21.726562
11841,2021-09-15 19:45:00,3528,27.007812,24.585938,23.023438,23.28125,22.132812,23.179688,24.828125,25.601562,25.835938,22.148438,20.273438,20.789062,21.3125,21.609375,21.757812,21.796875,21.726562
11842,2021-09-15 20:00:00,3522,26.40625,23.21875,22.03125,22.078125,21.054688,22.710938,24.507812,25.625,26.148438,22.414062,20.335938,20.78125,21.289062,21.601562,21.75,21.789062,21.71875
11843,2021-09-15 20:15:00,3528,25.859375,22.9375,21.492188,21.492188,20.757812,23.257812,25.15625,26.523438,26.625,22.640625,20.390625,20.78125,21.28125,21.59375,21.742188,21.78125,21.703125
11844,2021-09-15 20:30:00,3528,25.09375,23.101562,21.078125,21.046875,21.015625,23.804688,26.203125,27.476562,27.40625,22.726562,20.453125,20.78125,21.273438,21.585938,21.734375,21.773438,21.6875
11845,2021-09-15 20:45:00,3528,24.710938,22.460938,20.65625,20.515625,20.796875,23.5,25.3125,26.445312,26.78125,22.914062,20.523438,20.789062,21.257812,21.578125,21.726562,21.773438,21.6875
11846,2021-09-15 21:00:00,3522,24.34375,22.117188,20.875,20.945312,21.5,24.226562,25.679688,26.765625,27.109375,23.023438,20.585938,20.789062,21.242188,21.5625,21.71875,21.765625,21.679688
11847,2021-09-15 21:15:00,3528,24.460938,22.703125,21.640625,22.28125,23.492188,25.507812,27.171875,27.304688,27.085938,23.070312,20.65625,20.796875,21.234375,21.554688,21.710938,21.75,21.664062
11848,2021-09-15 21:30:00,3528,22.625,19.515625,18.90625,19.382812,19.78125,21.570312,22.8125,23.960938,24.671875,22.90625,20.726562,20.804688,21.21875,21.546875,21.703125,21.75,21.648438
11849,2021-09-15 21:45:00,3522,21.898438,19.648438,19.0,19.882812,20.453125,21.648438,23.03125,23.90625,24.460938,22.71875,20.796875,20.820312,21.21875,21.53125,21.695312,21.742188,21.640625
11850,2021-09-15 22:00:00,3528,21.390625,19.226562,18.867188,19.554688,19.9375,21.40625,22.414062,23.460938,24.054688,22.664062,20.859375,20.828125,21.210938,21.523438,21.6875,21.726562,21.640625
11851,2021-09-15 22:15:00,3528,20.617188,18.6875,18.515625,18.867188,18.96875,20.117188,20.789062,22.023438,22.8125,22.484375,20.914062,20.84375,21.203125,21.515625,21.679688,21.726562,21.632812
11852,2021-09-15 22:30:00,3528,19.84375,18.085938,17.898438,18.15625,18.164062,19.109375,19.835938,21.078125,22.070312,22.296875,20.960938,20.859375,21.195312,21.507812,21.671875,21.710938,21.617188
11853,2021-09-15 22:45:00,3528,19.226562,17.773438,17.632812,17.835938,17.859375,18.6875,19.421875,20.648438,21.601562,22.117188,21.007812,20.882812,21.1875,21.492188,21.65625,21.710938,21.601562
11854,2021-09-15 23:00:00,3528,18.726562,17.492188,17.359375,17.546875,17.632812,18.515625,19.320312,20.53125,21.34375,21.976562,21.039062,20.898438,21.1875,21.492188,21.65625,21.695312,21.59375
11855,2021-09-15 23:15:00,3528,18.421875,17.617188,17.554688,17.8125,17.929688,18.632812,19.203125,20.023438,20.65625,21.789062,21.070312,20.914062,21.1875,21.476562,21.648438,21.6875,21.585938
11856,2021-09-15 23:30:00,3522,17.953125,16.890625,16.789062,16.992188,17.078125,17.875,18.625,19.789062,20.617188,21.648438,21.09375,20.929688,21.171875,21.460938,21.640625,21.679688,21.578125
11857,2021-09-15 23:45:00,3522,17.578125,16.96875,16.882812,17.078125,17.242188,17.960938,18.75,19.570312,20.210938,21.484375,21.09375,20.953125,21.179688,21.453125,21.632812,21.671875,21.570312
11858,2021-09-16 00:00:00,3528,17.085938,15.9609375,15.890625,16.007812,16.015625,16.8125,17.335938,18.398438,19.28125,21.304688,21.109375,20.960938,21.179688,21.445312,21.617188,21.664062,21.554688
11859,2021-09-16 00:15:00,3528,16.5,15.5859375,15.515625,15.6015625,15.6171875,16.296875,16.898438,17.914062,18.765625,21.09375,21.109375,20.976562,21.179688,21.445312,21.609375,21.65625,21.546875
11860,2021-09-16 00:30:00,3522,16.179688,15.40625,15.3359375,15.4375,15.4609375,16.132812,16.632812,17.554688,18.382812,20.898438,21.109375,20.992188,21.179688,21.429688,21.601562,21.640625,21.53125
11861,2021-09-16 00:45:00,3522,15.5546875,14.6640625,14.609375,14.6875,14.6796875,15.359375,15.859375,16.835938,17.742188,20.710938,21.101562,21.007812,21.179688,21.421875,21.59375,21.640625,21.523438
11862,2021-09-16 01:00:00,3522,15.015625,14.2578125,14.1875,14.2265625,14.21875,14.78125,15.28125,16.28125,17.242188,20.523438,21.085938,21.023438,21.179688,21.414062,21.585938,21.625,21.515625
11863,2021-09-16 01:15:00,3522,14.578125,13.9921875,13.9453125,13.96875,13.9453125,14.4609375,14.9453125,15.8359375,16.703125,20.304688,21.070312,21.03125,21.179688,21.40625,21.578125,21.617188,21.507812
11864,2021-09-16 01:30:00,3522,14.1953125,13.703125,13.671875,13.6953125,13.6953125,14.2109375,14.75,15.6328125,16.460938,20.117188,21.046875,21.039062,21.1875,21.398438,21.570312,21.609375,21.5
11865,2021-09-16 01:45:00,3522,13.8828125,13.453125,13.4453125,13.453125,13.4375,13.9296875,14.40625,15.234375,16.09375,19.945312,21.023438,21.046875,21.1875,21.398438,21.5625,21.601562,21.484375
11866,2021-09-16 02:00:00,3528,13.515625,13.0703125,13.0703125,13.0703125,13.0390625,13.4921875,13.8984375,14.71875,15.609375,19.773438,20.992188,21.054688,21.1875,21.390625,21.554688,21.585938,21.484375
11867,2021-09-16 02:15:00,3522,13.265625,12.96875,12.9765625,12.96875,12.9453125,13.359375,13.7578125,14.53125,15.375,19.609375,20.953125,21.054688,21.1875,21.375,21.546875,21.585938,21.46875
11868,2021-09-16 02:30:00,3528,13.1171875,12.859375,12.8828125,12.8671875,12.84375,13.234375,13.609375,14.390625,15.21875,19.484375,20.921875,21.054688,21.195312,21.375,21.53125,21.570312,21.460938
11869,2021-09-16 02:45:00,3516,12.9375,12.6640625,12.671875,12.65625,12.6328125,13.015625,13.421875,14.2265625,15.09375,19.367188,20.882812,21.0625,21.195312,21.375,21.523438,21.570312,21.453125
11870,2021-09-16 03:00:00,3522,12.78125,12.4765625,12.484375,12.46875,12.4296875,12.7890625,13.1328125,13.890625,14.765625,19.242188,20.84375,21.054688,21.1875,21.367188,21.515625,21.5625,21.4375
11871,2021-09-16 03:15:00,3516,12.6796875,12.4609375,12.4609375,12.453125,12.4296875,12.75,13.109375,13.8515625,14.6953125,19.125,20.804688,21.054688,21.195312,21.367188,21.515625,21.546875,21.4375
11872,2021-09-16 03:30:00,3528,12.671875,12.5,12.515625,12.5,12.4921875,12.8046875,13.15625,13.859375,14.6796875,19.054688,20.765625,21.046875,21.195312,21.359375,21.507812,21.539062,21.421875
11873,2021-09-16 03:45:00,3522,12.5625,12.328125,12.3515625,12.34375,12.3203125,12.625,12.9609375,13.6953125,14.5546875,18.960938,20.71875,21.039062,21.195312,21.359375,21.5,21.53125,21.414062
11874,2021-09-16 04:00:00,3516,12.4765625,12.3125,12.3359375,12.3203125,12.3046875,12.6171875,13.0,13.75,14.5546875,18.867188,20.679688,21.039062,21.195312,21.351562,21.492188,21.523438,21.398438
11875,2021-09-16 04:15:00,3516,12.46875,12.2734375,12.2890625,12.2734375,12.2734375,12.59375,12.9921875,13.734375,14.5078125,18.804688,20.632812,21.03125,21.1875,21.351562,21.484375,21.515625,21.398438
11876,2021-09-16 04:30:00,3516,12.3359375,12.125,12.140625,12.140625,12.1171875,12.40625,12.75,13.5078125,14.3203125,18.703125,20.59375,21.023438,21.195312,21.34375,21.476562,21.507812,21.382812
11877,2021-09-16 04:45:00,3522,12.296875,12.1328125,12.1484375,12.1484375,12.140625,12.4375,12.7890625,13.4765625,14.2421875,18.632812,20.546875,21.007812,21.203125,21.34375,21.46875,21.5,21.382812
11878,2021-09-16 05:00:00,3516,12.203125,12.0390625,12.0703125,12.0625,12.046875,12.3515625,12.671875,13.34375,14.1484375,18.570312,20.5,20.992188,21.1875,21.34375,21.460938,21.5,21.367188
11879,2021-09-16 05:15:00,3522,12.2109375,12.1015625,12.125,12.1171875,12.1015625,12.3984375,12.75,13.421875,14.21875,18.523438,20.46875,20.984375,21.1875,21.335938,21.460938,21.484375,21.359375
11880,2021-09-16 05:30:00,3516,12.1953125,12.0703125,12.0859375,12.0859375,12.0703125,12.375,12.7421875,13.4453125,14.2265625,18.46875,20.421875,20.96875,21.1875,21.335938,21.453125,21.484375,21.351562
11881,2021-09-16 05:45:00,3516,12.2109375,12.109375,12.125,12.1328125,12.109375,12.3984375,12.7421875,13.4375,14.2109375,18.445312,20.390625,20.953125,21.179688,21.328125,21.453125,21.46875,21.34375
11882,2021-09-16 06:00:00,3510,12.1484375,12.0,12.015625,12.015625,12.0,12.296875,12.625,13.34375,14.1484375,18.382812,20.351562,20.9375,21.179688,21.328125,21.445312,21.460938,21.335938
11883,2021-09-16 06:15:00,3516,12.109375,11.9375,11.9765625,11.9765625,11.9765625,12.2890625,12.640625,13.3046875,14.0390625,18.296875,20.3125,20.921875,21.179688,21.328125,21.4375,21.460938,21.335938
11884,2021-09-16 06:30:00,3522,12.078125,11.96875,12.0,11.9921875,11.9765625,12.3046875,12.671875,13.359375,14.0859375,18.265625,20.273438,20.90625,21.171875,21.320312,21.429688,21.453125,21.320312
11885,2021-09-16 06:45:00,3516,12.03125,11.90625,11.9453125,11.953125,11.9453125,12.265625,12.6484375,13.3203125,14.09375,18.234375,20.234375,20.890625,21.164062,21.320312,21.421875,21.4375,21.3125
11886,2021-09-16 07:00:00,3516,12.015625,11.8828125,11.9453125,11.9453125,11.9453125,12.265625,12.6640625,13.3671875,14.1171875,18.195312,20.195312,20.875,21.15625,21.3125,21.414062,21.4375,21.304688
11887,2021-09-16 07:15:00,3522,12.015625,11.859375,11.9140625,11.9140625,11.9140625,12.2421875,12.6328125,13.3828125,14.140625,18.171875,20.164062,20.851562,21.15625,21.3125,21.414062,21.421875,21.296875
11888,2021-09-16 07:30:00,3522,12.03125,11.9375,11.96875,11.9765625,11.96875,12.2734375,12.6640625,13.3828125,14.140625,18.140625,20.117188,20.84375,21.148438,21.304688,21.40625,21.414062,21.289062
11889,2021-09-16 07:45:00,3516,12.046875,11.953125,11.96875,11.9765625,11.96875,12.25,12.609375,13.28125,14.0390625,18.101562,20.09375,20.820312,21.140625,21.304688,21.40625,21.414062,21.28125
11890,2021-09-16 08:00:00,3510,12.078125,11.9921875,12.0234375,12.03125,12.0234375,12.296875,12.6484375,13.3203125,14.0703125,18.0625,20.054688,20.796875,21.132812,21.296875,21.398438,21.398438,21.273438
11891,2021-09-16 08:15:00,3510,12.0625,11.9453125,11.9921875,12.0,12.0,12.28125,12.640625,13.3203125,14.078125,18.039062,20.023438,20.789062,21.125,21.296875,21.390625,21.398438,21.265625
11892,2021-09-16 08:30:00,3522,12.0078125,11.890625,11.9296875,11.9375,11.9296875,12.21875,12.578125,13.25,13.9921875,17.992188,19.992188,20.765625,21.117188,21.289062,21.382812,21.382812,21.257812
11893,2021-09-16 08:45:00,3516,11.9609375,11.796875,11.84375,11.859375,11.8515625,12.1484375,12.5078125,13.203125,13.953125,17.96875,19.960938,20.742188,21.109375,21.28125,21.382812,21.382812,21.242188
11894,2021-09-16 09:00:00,3510,11.921875,11.796875,11.828125,11.8359375,11.8359375,12.1171875,12.4609375,13.125,13.8828125,17.929688,19.929688,20.726562,21.101562,21.28125,21.375,21.375,21.234375
11895,2021-09-16 09:15:00,3510,11.9453125,11.8515625,11.8828125,11.890625,11.8828125,12.171875,12.5390625,13.203125,13.9296875,17.890625,19.890625,20.703125,21.085938,21.265625,21.375,21.367188,21.226562
11896,2021-09-16 09:30:00,3510,11.890625,11.71875,11.765625,11.7734375,11.7578125,12.0390625,12.3671875,13.0546875,13.828125,17.875,19.867188,20.6875,21.085938,21.265625,21.367188,21.359375,21.21875
11897,2021-09-16 09:45:00,3510,11.8984375,11.78125,11.8125,11.8203125,11.8125,12.1015625,12.484375,13.1484375,13.8671875,17.828125,19.835938,20.664062,21.070312,21.265625,21.351562,21.351562,21.210938
11898,2021-09-16 10:00:00,3516,11.8671875,11.7421875,11.7890625,11.796875,11.7890625,12.0703125,12.4140625,13.0625,13.7890625,17.789062,19.804688,20.648438,21.0625,21.257812,21.351562,21.34375,21.203125
11899,2021-09-16 10:15:00,3510,11.859375,11.7734375,11.8046875,11.8125,11.8203125,12.1015625,12.4921875,13.1796875,13.8984375,17.78125,19.773438,20.625,21.054688,21.25,21.34375,21.335938,21.195312
11900,2021-09-16 10:30:00,3510,11.859375,11.75,11.8046875,11.8203125,11.8125,12.1171875,12.484375,13.15625,13.8828125,17.757812,19.75,20.609375,21.039062,21.25,21.335938,21.328125,21.1875
11901,2021-09-16 10:45:00,3510,11.8203125,11.71875,11.765625,11.7734375,11.78125,12.078125,12.453125,13.09375,13.8125,17.726562,19.726562,20.59375,21.03125,21.234375,21.335938,21.320312,21.179688
11902,2021-09-16 11:00:00,3510,11.8203125,11.7109375,11.7578125,11.765625,11.78125,12.078125,12.4375,13.0546875,13.765625,17.695312,19.695312,20.570312,21.023438,21.226562,21.328125,21.3125,21.171875
11903,2021-09-16 11:15:00,3498,11.8515625,11.734375,11.78125,11.796875,11.796875,12.1015625,12.4765625,13.1328125,13.859375,17.703125,19.671875,20.546875,21.007812,21.226562,21.320312,21.304688,21.15625
11904,2021-09-16 11:30:00,3510,11.796875,11.640625,11.6796875,11.6875,11.6875,12.0,12.359375,13.015625,13.7265625,17.664062,19.648438,20.523438,21.0,21.210938,21.3125,21.304688,21.148438
11905,2021-09-16 11:45:00,3504,11.78125,11.640625,11.6796875,11.6796875,11.6796875,11.9765625,12.3671875,13.0390625,13.75,17.617188,19.617188,20.507812,20.984375,21.210938,21.304688,21.289062,21.140625
11906,2021-09-16 12:00:00,3504,11.8046875,11.703125,11.7421875,11.7578125,11.7578125,12.015625,12.34375,12.9609375,13.671875,17.59375,19.59375,20.484375,20.96875,21.195312,21.296875,21.28125,21.125
11907,2021-09-16 12:15:00,3510,11.8359375,11.6953125,11.75,11.765625,11.7578125,12.0546875,12.4296875,13.1015625,13.8125,17.585938,19.5625,20.46875,20.953125,21.1875,21.289062,21.273438,21.117188
11908,2021-09-16 12:30:00,3510,11.7890625,11.625,11.671875,11.6875,11.6796875,11.9765625,12.34375,13.0,13.734375,17.554688,19.539062,20.460938,20.945312,21.179688,21.289062,21.273438,21.109375
11909,2021-09-16 12:45:00,3504,11.78125,11.6875,11.734375,11.75,11.765625,12.046875,12.4375,13.09375,13.765625,17.53125,19.515625,20.4375,20.929688,21.171875,21.28125,21.257812,21.101562
11910,2021-09-16 13:00:00,3504,11.8125,11.7109375,11.765625,11.7734375,11.78125,12.0703125,12.421875,13.0546875,13.75,17.507812,19.492188,20.40625,20.914062,21.15625,21.265625,21.25,21.085938
11911,2021-09-16 13:15:00,3504,11.796875,11.65625,11.703125,11.71875,11.7109375,12.0,12.3125,12.921875,13.6171875,17.492188,19.460938,20.398438,20.898438,21.15625,21.265625,21.234375,21.078125
11912,2021-09-16 13:30:00,3498,11.796875,11.6875,11.7421875,11.7578125,11.7578125,12.0234375,12.3515625,12.9609375,13.6640625,17.460938,19.445312,20.367188,20.890625,21.148438,21.25,21.234375,21.070312
11913,2021-09-16 13:45:00,3504,11.796875,11.703125,11.7734375,11.7734375,11.7734375,12.0390625,12.3359375,12.953125,13.65625,17.445312,19.414062,20.351562,20.875,21.132812,21.242188,21.226562,21.054688
11914,2021-09-16 14:00:00,3504,11.828125,11.7578125,11.8203125,11.8359375,11.84375,12.1484375,12.5,13.1171875,13.7890625,17.4375,19.390625,20.335938,20.859375,21.132812,21.234375,21.21875,21.046875
11915,2021-09-16 14:15:00,3498,11.8671875,11.8046875,11.8671875,11.8828125,11.8828125,12.1796875,12.546875,13.171875,13.84375,17.429688,19.359375,20.3125,20.851562,21.109375,21.226562,21.203125,21.03125
11916,2021-09-16 14:30:00,3504,11.9140625,11.84375,11.9140625,11.9296875,11.9453125,12.2421875,12.59375,13.21875,13.875,17.429688,19.34375,20.296875,20.835938,21.109375,21.226562,21.195312,21.03125
11917,2021-09-16 14:45:00,3504,11.96875,11.9296875,11.9921875,12.0078125,12.03125,12.3359375,12.703125,13.3359375,13.984375,17.429688,19.3125,20.273438,20.8125,21.09375,21.210938,21.1875,21.015625
11918,2021-09-16 15:00:00,3504,12.0703125,12.03125,12.0859375,12.1015625,12.125,12.4140625,12.75,13.34375,13.984375,17.445312,19.296875,20.25,20.804688,21.085938,21.203125,21.171875,21.007812
11919,2021-09-16 15:15:00,3504,12.234375,12.109375,12.1640625,12.1953125,12.2265625,12.5625,12.9765625,13.578125,14.1796875,17.453125,19.265625,20.234375,20.78125,21.078125,21.195312,21.171875,20.992188
11920,2021-09-16 15:30:00,3504,12.3828125,12.203125,12.234375,12.265625,12.3046875,12.6015625,13.0078125,13.640625,14.265625,17.484375,19.257812,20.210938,20.773438,21.054688,21.179688,21.15625,20.976562
11921,2021-09-16 15:45:00,3504,12.609375,12.46875,12.4609375,12.5078125,12.53125,12.8046875,13.2265625,13.8359375,14.4375,17.507812,19.234375,20.195312,20.75,21.054688,21.179688,21.140625,20.960938
11922,2021-09-16 16:00:00,3504,12.953125,12.890625,12.9140625,12.984375,13.0625,13.3515625,13.828125,14.359375,14.8515625,17.570312,19.21875,20.171875,20.742188,21.046875,21.164062,21.140625,20.960938
11923,2021-09-16 16:15:00,3498,13.3671875,13.0859375,13.0703125,13.1328125,13.1875,13.4765625,13.96875,14.5859375,15.109375,17.664062,19.195312,20.15625,20.726562,21.03125,21.15625,21.132812,20.945312
11924,2021-09-16 16:30:00,3504,13.7265625,13.5625,13.5390625,13.640625,13.765625,14.03125,14.6328125,15.1484375,15.5390625,17.75,19.179688,20.132812,20.703125,21.015625,21.148438,21.117188,20.929688
11925,2021-09-16 16:45:00,3498,14.2109375,13.9765625,13.96875,14.1015625,14.2421875,14.5078125,15.0703125,15.578125,15.9609375,17.867188,19.171875,20.117188,20.6875,21.007812,21.132812,21.109375,20.921875
11926,2021-09-16 17:00:00,3504,14.09375,13.6015625,13.6875,13.8125,13.984375,14.3515625,14.9453125,15.5234375,15.9296875,17.890625,19.15625,20.09375,20.671875,20.992188,21.125,21.09375,20.90625
11927,2021-09-16 17:15:00,3498,14.2578125,13.9609375,14.0390625,14.1484375,14.328125,14.6796875,15.28125,15.796875,16.179688,17.953125,19.140625,20.070312,20.648438,20.984375,21.117188,21.085938,20.890625
11928,2021-09-16 17:30:00,3492,14.4609375,14.046875,14.1484375,14.2421875,14.4296875,14.8046875,15.40625,16.007812,16.382812,18.023438,19.140625,20.0625,20.640625,20.96875,21.101562,21.078125,20.882812
11929,2021-09-16 17:45:00,3504,14.703125,14.34375,14.515625,14.609375,14.8671875,15.34375,16.015625,16.554688,16.84375,18.109375,19.132812,20.039062,20.625,20.960938,21.09375,21.070312,20.875
11930,2021-09-16 18:00:00,3504,14.8046875,14.46875,14.6015625,14.6953125,14.9140625,15.3671875,15.9453125,16.5,16.835938,18.171875,19.132812,20.023438,20.609375,20.945312,21.078125,21.054688,20.851562
11931,2021-09-16 18:15:00,3498,14.8828125,14.4609375,14.65625,14.7265625,14.953125,15.4296875,16.015625,16.546875,16.90625,18.210938,19.132812,20.007812,20.59375,20.9375,21.078125,21.039062,20.84375
11932,2021-09-16 18:30:00,3498,15.0625,14.7734375,14.90625,14.984375,15.21875,15.6328125,16.203125,16.726562,17.070312,18.289062,19.125,19.984375,20.578125,20.921875,21.0625,21.03125,20.835938
11933,2021-09-16 18:45:00,3498,15.3671875,15.0078125,15.2109375,15.3125,15.6171875,16.109375,16.796875,17.34375,17.609375,18.398438,19.125,19.96875,20.5625,20.90625,21.054688,21.023438,20.820312
11934,2021-09-16 19:00:00,3504,15.6953125,15.203125,15.484375,15.5625,15.875,16.429688,16.992188,17.539062,17.804688,18.5,19.125,19.953125,20.546875,20.890625,21.039062,21.015625,20.804688
11935,2021-09-16 19:15:00,3498,16.070312,15.640625,15.9140625,16.015625,16.390625,16.984375,17.625,18.109375,18.328125,18.609375,19.132812,19.9375,20.53125,20.875,21.023438,20.992188,20.789062
11936,2021-09-16 19:30:00,3504,16.460938,15.984375,16.3125,16.453125,16.9375,17.632812,18.382812,18.929688,19.03125,18.773438,19.140625,19.929688,20.515625,20.859375,21.015625,20.984375,20.78125
11937,2021-09-16 19:45:00,3504,17.046875,16.695312,17.015625,17.148438,17.625,18.195312,18.71875,19.070312,19.171875,18.929688,19.140625,19.914062,20.5,20.84375,21.0,20.976562,20.757812
11938,2021-09-16 20:00:00,3498,17.234375,16.515625,16.804688,16.929688,17.375,18.085938,18.890625,19.5,19.648438,19.039062,19.15625,19.898438,20.484375,20.835938,20.992188,20.960938,20.75
11939,2021-09-16 20:15:00,3498,16.695312,15.6171875,15.875,15.9921875,16.328125,16.960938,17.554688,18.273438,18.6875,19.0,19.164062,19.898438,20.46875,20.828125,20.976562,20.945312,20.734375
11940,2021-09-16 20:30:00,3504,16.484375,15.6796875,15.90625,15.9375,16.195312,16.765625,17.351562,18.085938,18.523438,18.984375,19.179688,19.875,20.453125,20.804688,20.96875,20.9375,20.71875
11941,2021-09-16 20:45:00,3498,16.945312,16.28125,16.539062,16.59375,16.9375,17.515625,18.25,18.945312,19.226562,19.070312,19.1875,19.875,20.429688,20.796875,20.960938,20.929688,20.710938
11942,2021-09-16 21:00:00,3504,17.320312,16.632812,16.898438,16.9375,17.289062,17.953125,18.679688,19.390625,19.664062,19.210938,19.203125,19.859375,20.429688,20.789062,20.945312,20.914062,20.6875
11943,2021-09-16 21:15:00,3498,17.265625,16.53125,16.796875,16.851562,17.1875,17.726562,18.335938,18.960938,19.21875,19.21875,19.21875,19.851562,20.40625,20.773438,20.929688,20.90625,20.679688
11944,2021-09-16 21:30:00,3498,16.625,15.3984375,15.59375,15.6171875,15.859375,16.453125,16.960938,17.851562,18.445312,19.164062,19.234375,19.84375,20.398438,20.75,20.921875,20.890625,20.664062
11945,2021-09-16 21:45:00,3504,16.515625,15.7734375,16.007812,16.09375,16.40625,16.96875,17.554688,18.140625,18.476562,19.09375,19.25,19.835938,20.382812,20.734375,20.898438,20.875,20.648438
11946,2021-09-16 22:00:00,3498,16.9375,16.367188,16.648438,16.726562,17.109375,17.726562,18.414062,19.101562,19.351562,19.21875,19.265625,19.835938,20.359375,20.71875,20.898438,20.867188,20.640625
11947,2021-09-16 22:15:00,3504,16.820312,16.023438,16.265625,16.320312,16.648438,17.273438,17.921875,18.710938,19.140625,19.265625,19.28125,19.820312,20.351562,20.710938,20.882812,20.851562,20.625
11948,2021-09-16 22:30:00,3504,16.96875,16.726562,17.0,17.210938,17.609375,18.046875,18.4375,18.882812,19.1875,19.265625,19.289062,19.820312,20.34375,20.695312,20.867188,20.835938,20.609375
11949,2021-09-16 22:45:00,3504,17.398438,16.664062,17.046875,17.148438,17.59375,18.40625,19.015625,19.625,19.8125,19.390625,19.304688,19.8125,20.328125,20.671875,20.851562,20.828125,20.601562
11950,2021-09-16 23:00:00,3498,17.65625,16.984375,17.242188,17.328125,17.695312,18.453125,19.125,19.726562,19.9375,19.476562,19.3125,19.804688,20.3125,20.664062,20.84375,20.8125,20.585938
11951,2021-09-16 23:15:00,3504,17.695312,17.140625,17.414062,17.515625,17.96875,18.6875,19.289062,19.84375,20.054688,19.515625,19.320312,19.8125,20.296875,20.648438,20.835938,20.796875,20.5625
11952,2021-09-16 23:30:00,3504,17.34375,16.59375,16.773438,16.914062,17.257812,17.960938,18.632812,19.242188,19.5625,19.492188,19.335938,19.804688,20.296875,20.640625,20.8125,20.789062,20.554688
11953,2021-09-16 23:45:00,3498,17.421875,16.8125,17.078125,17.320312,17.625,18.3125,18.507812,18.820312,19.046875,19.460938,19.351562,19.796875,20.28125,20.625,20.804688,20.773438,20.539062
11954,2021-09-17 00:00:00,3504,17.109375,16.421875,16.648438,16.828125,17.171875,17.898438,18.34375,18.890625,19.1875,19.429688,19.367188,19.796875,20.265625,20.617188,20.789062,20.757812,20.523438
11955,2021-09-17 00:15:00,3504,16.59375,15.8046875,15.8125,15.9375,16.242188,16.890625,17.375,17.96875,18.40625,19.335938,19.375,19.796875,20.257812,20.601562,20.765625,20.742188,20.507812
11956,2021-09-17 00:30:00,3504,16.140625,15.421875,15.3984375,15.5234375,15.7109375,16.273438,16.75,17.257812,17.671875,19.15625,19.390625,19.796875,20.242188,20.585938,20.757812,20.726562,20.507812
11957,2021-09-17 00:45:00,3504,15.4453125,14.6484375,14.609375,14.734375,14.8984375,15.5390625,16.101562,16.859375,17.382812,19.03125,19.390625,19.789062,20.242188,20.578125,20.742188,20.710938,20.492188
11958,2021-09-17 01:00:00,3504,14.859375,14.21875,14.171875,14.25,14.34375,14.8671875,15.3046875,16.054688,16.679688,18.890625,19.398438,19.789062,20.226562,20.5625,20.726562,20.703125,20.476562
11959,2021-09-17 01:15:00,3504,14.2578125,13.6796875,13.625,13.6875,13.75,14.25,14.671875,15.4375,16.132812,18.726562,19.40625,19.789062,20.210938,20.546875,20.71875,20.679688,20.460938
11960,2021-09-17 01:30:00,3504,13.9296875,13.5390625,13.5078125,13.5625,13.6171875,14.109375,14.5625,15.2890625,15.9375,18.59375,19.398438,19.789062,20.210938,20.53125,20.695312,20.671875,20.445312
11961,2021-09-17 01:45:00,3498,13.515625,13.1328125,13.0703125,13.1171875,13.1484375,13.578125,13.9296875,14.6015625,15.296875,18.445312,19.390625,19.78125,20.203125,20.523438,20.6875,20.664062,20.429688
11962,2021-09-17 02:00:00,3504,13.2109375,12.8359375,12.7890625,12.8359375,12.859375,13.2890625,13.65625,14.4375,15.1953125,18.335938,19.382812,19.773438,20.1875,20.507812,20.671875,20.648438,20.421875
11963,2021-09-17 02:15:00,3504,12.9140625,12.578125,12.5390625,12.59375,12.609375,13.0,13.3125,13.96875,14.6953125,18.203125,19.359375,19.78125,20.179688,20.492188,20.664062,20.632812,20.40625
11964,2021-09-17 02:30:00,3498,12.7109375,12.4453125,12.4140625,12.4375,12.4453125,12.859375,13.2265625,13.953125,14.6875,18.09375,19.351562,19.773438,20.171875,20.484375,20.648438,20.617188,20.398438
11965,2021-09-17 02:45:00,3504,12.4453125,12.1796875,12.1640625,12.1953125,12.203125,12.5859375,12.921875,13.59375,14.3046875,17.976562,19.328125,19.773438,20.164062,20.46875,20.640625,20.609375,20.375
11966,2021-09-17 03:00:00,3498,12.3515625,12.140625,12.1171875,12.140625,12.1484375,12.5390625,12.921875,13.625,14.34375,17.882812,19.304688,19.765625,20.15625,20.460938,20.625,20.59375,20.367188
11967,2021-09-17 03:15:00,3498,12.1875,11.96875,11.9375,11.9765625,11.984375,12.40625,12.8125,13.5078125,14.2109375,17.8125,19.28125,19.757812,20.140625,20.445312,20.609375,20.585938,20.359375
11968,2021-09-17 03:30:00,3504,12.03125,11.8671875,11.84375,11.875,11.890625,12.2890625,12.7109375,13.46875,14.1796875,17.742188,19.25,19.75,20.140625,20.4375,20.601562,20.570312,20.335938
11969,2021-09-17 03:45:00,3498,11.9453125,11.8125,11.8046875,11.828125,11.8359375,12.2109375,12.59375,13.328125,14.0703125,17.679688,19.226562,19.742188,20.132812,20.421875,20.585938,20.554688,20.328125
11970,2021-09-17 04:00:00,3498,11.8984375,11.765625,11.75,11.7890625,11.8046875,12.21875,12.671875,13.390625,14.0859375,17.609375,19.1875,19.734375,20.117188,20.414062,20.570312,20.546875,20.3125
11971,2021-09-17 04:15:00,3504,11.8515625,11.703125,11.6875,11.734375,11.765625,12.1953125,12.671875,13.4140625,14.0859375,17.5625,19.164062,19.726562,20.109375,20.398438,20.5625,20.53125,20.296875
11972,2021-09-17 04:30:00,3504,11.7265625,11.5390625,11.515625,11.5703125,11.5859375,12.0,12.453125,13.2109375,13.9375,17.507812,19.132812,19.71875,20.101562,20.382812,20.546875,20.523438,20.289062
11973,2021-09-17 04:45:00,3504,11.578125,11.421875,11.40625,11.4453125,11.4609375,11.8359375,12.2109375,12.9296875,13.65625,17.421875,19.101562,19.703125,20.09375,20.375,20.53125,20.5,20.273438
11974,2021-09-17 05:00:00,3504,11.546875,11.4453125,11.4296875,11.4765625,11.5078125,11.921875,12.3828125,13.0859375,13.7578125,17.367188,19.078125,19.695312,20.085938,20.367188,20.515625,20.484375,20.265625
11975,2021-09-17 05:15:00,3498,11.53125,11.4453125,11.4375,11.4765625,11.484375,11.875,12.2890625,13.0234375,13.7265625,17.335938,19.046875,19.679688,20.078125,20.351562,20.515625,20.46875,20.25
11976,2021-09-17 05:30:00,3498,11.5625,11.4765625,11.4765625,11.515625,11.546875,11.9609375,12.4375,13.1484375,13.8125,17.304688,19.015625,19.664062,20.0625,20.34375,20.5,20.460938,20.234375
11977,2021-09-17 05:45:00,3492,11.53125,11.421875,11.421875,11.46875,11.484375,11.90625,12.359375,13.09375,13.78125,17.273438,18.984375,19.648438,20.054688,20.328125,20.484375,20.445312,20.226562
11978,2021-09-17 06:00:00,3498,11.5078125,11.3984375,11.3984375,11.453125,11.46875,11.90625,12.40625,13.125,13.78125,17.234375,18.953125,19.632812,20.046875,20.320312,20.476562,20.4375,20.210938
11979,2021-09-17 06:15:00,3492,11.4921875,11.390625,11.3828125,11.4296875,11.453125,11.8671875,12.359375,13.0703125,13.71875,17.203125,18.929688,19.617188,20.03125,20.3125,20.460938,20.429688,20.203125
11980,2021-09-17 06:30:00,3498,11.46875,11.3828125,11.375,11.4296875,11.4609375,11.8984375,12.4375,13.15625,13.78125,17.179688,18.890625,19.601562,20.023438,20.304688,20.445312,20.414062,20.1875
11981,2021-09-17 06:45:00,3498,11.5,11.4296875,11.4296875,11.46875,11.4921875,11.8828125,12.359375,13.0390625,13.671875,17.148438,18.867188,19.585938,20.007812,20.289062,20.4375,20.398438,20.171875
11982,2021-09-17 07:00:00,3498,11.5546875,11.484375,11.4921875,11.5234375,11.53125,11.921875,12.359375,13.0234375,13.6796875,17.117188,18.84375,19.578125,20.007812,20.28125,20.421875,20.390625,20.164062
11983,2021-09-17 07:15:00,3492,11.578125,11.4765625,11.4609375,11.5,11.5,11.84375,12.2265625,12.90625,13.5703125,17.078125,18.8125,19.554688,19.992188,20.265625,20.414062,20.375,20.15625
11984,2021-09-17 07:30:00,3498,11.578125,11.46875,11.46875,11.5,11.5,11.8203125,12.171875,12.8125,13.484375,17.03125,18.789062,19.546875,19.976562,20.257812,20.40625,20.359375,20.140625
11985,2021-09-17 07:45:00,3498,11.5546875,11.4609375,11.453125,11.4921875,11.4921875,11.8203125,12.171875,12.7890625,13.4296875,16.992188,18.765625,19.523438,19.96875,20.25,20.382812,20.351562,20.125
11986,2021-09-17 08:00:00,3504,11.5234375,11.4765625,11.46875,11.515625,11.53125,11.8671875,12.21875,12.8203125,13.4609375,16.953125,18.726562,19.5,19.960938,20.234375,20.382812,20.34375,20.117188
11987,2021-09-17 08:15:00,3498,11.46875,11.5,11.5,11.5625,11.578125,11.90625,12.1875,12.796875,13.4765625,16.945312,18.710938,19.492188,19.945312,20.21875,20.367188,20.328125,20.101562
11988,2021-09-17 08:30:00,3486,11.4375,11.5,11.515625,11.5859375,11.609375,11.96875,12.3125,12.9296875,13.5859375,16.929688,18.679688,19.46875,19.9375,20.21875,20.359375,20.3125,20.09375
11989,2021-09-17 08:45:00,3498,11.421875,11.46875,11.4765625,11.5390625,11.5703125,11.9375,12.2265625,12.859375,13.53125,16.90625,18.664062,19.453125,19.921875,20.210938,20.34375,20.296875,20.070312
11990,2021-09-17 09:00:00,3498,11.390625,11.4375,11.453125,11.5234375,11.5390625,11.90625,12.1640625,12.796875,13.4609375,16.882812,18.632812,19.4375,19.90625,20.1875,20.328125,20.289062,20.0625
11991,2021-09-17 09:15:00,3492,11.328125,11.3203125,11.328125,11.3984375,11.4140625,11.796875,12.09375,12.75,13.4296875,16.867188,18.601562,19.421875,19.898438,20.179688,20.320312,20.28125,20.046875
11992,2021-09-17 09:30:00,3498,11.2265625,11.234375,11.234375,11.3046875,11.3203125,11.671875,11.9765625,12.6328125,13.3046875,16.820312,18.585938,19.398438,19.882812,20.171875,20.304688,20.265625,20.039062
11993,2021-09-17 09:45:00,3498,11.078125,11.046875,11.046875,11.109375,11.1328125,11.4921875,11.8046875,12.453125,13.1328125,16.765625,18.554688,19.382812,19.867188,20.164062,20.296875,20.257812,20.03125
11994,2021-09-17 10:00:00,3498,10.9765625,10.96875,10.984375,11.015625,11.0234375,11.375,11.6953125,12.359375,13.0625,16.734375,18.53125,19.359375,19.867188,20.148438,20.289062,20.242188,20.015625
11995,2021-09-17 10:15:00,3498,10.984375,11.0,11.0234375,11.0546875,11.0703125,11.4296875,11.8125,12.46875,13.125,16.703125,18.515625,19.34375,19.84375,20.140625,20.273438,20.226562,20.007812
11996,2021-09-17 10:30:00,3498,11.0078125,11.03125,11.046875,11.09375,11.109375,11.4921875,11.90625,12.546875,13.1953125,16.695312,18.492188,19.320312,19.828125,20.125,20.257812,20.21875,19.992188
11997,2021-09-17 10:45:00,3492,11.03125,11.0390625,11.0390625,11.0859375,11.1015625,11.5078125,11.9453125,12.6015625,13.25,16.6875,18.46875,19.304688,19.8125,20.109375,20.25,20.203125,19.984375
11998,2021-09-17 11:00:00,3492,11.0703125,11.046875,11.046875,11.0859375,11.1015625,11.5,11.90625,12.5859375,13.2578125,16.671875,18.445312,19.289062,19.804688,20.101562,20.234375,20.195312,19.960938
11999,2021-09-17 11:15:00,3498,11.0859375,11.0390625,11.0390625,11.0859375,11.1015625,11.5078125,11.984375,12.640625,13.265625,16.640625,18.414062,19.273438,19.789062,20.078125,20.226562,20.171875,19.953125
12000,2021-09-17 11:30:00,3498,11.1171875,11.046875,11.046875,11.078125,11.078125,11.453125,11.8984375,12.5546875,13.1953125,16.617188,18.390625,19.25,19.773438,20.078125,20.210938,20.164062,19.945312
12001,2021-09-17 11:45:00,3492,11.140625,11.0703125,11.078125,11.1015625,11.109375,11.46875,11.875,12.5390625,13.1875,16.59375,18.367188,19.234375,19.765625,20.0625,20.203125,20.15625,19.929688
12002,2021-09-17 12:00:00,3486,11.234375,11.15625,11.15625,11.1796875,11.1796875,11.5078125,11.921875,12.5703125,13.2109375,16.578125,18.34375,19.210938,19.742188,20.046875,20.1875,20.140625,19.921875
12003,2021-09-17 12:15:00,3498,11.3203125,11.234375,11.234375,11.265625,11.2734375,11.59375,12.0078125,12.6328125,13.265625,16.570312,18.320312,19.195312,19.726562,20.03125,20.171875,20.132812,19.90625
12004,2021-09-17 12:30:00,3492,11.3046875,11.2421875,11.2421875,11.28125,11.265625,11.5703125,11.9375,12.5703125,13.203125,16.554688,18.304688,19.179688,19.710938,20.023438,20.164062,20.125,19.890625
12005,2021-09-17 12:45:00,3486,11.3515625,11.28125,11.28125,11.3125,11.3046875,11.6171875,11.96875,12.578125,13.21875,16.539062,18.289062,19.15625,19.695312,20.007812,20.148438,20.109375,19.882812
12006,2021-09-17 13:00:00,3486,11.3671875,11.2734375,11.2734375,11.3046875,11.3125,11.6328125,12.015625,12.6171875,13.2421875,16.53125,18.257812,19.140625,19.6875,20.0,20.140625,20.09375,19.867188
12007,2021-09-17 13:15:00,3492,11.375,11.296875,11.296875,11.328125,11.328125,11.65625,12.078125,12.6875,13.3046875,16.515625,18.234375,19.125,19.671875,19.984375,20.125,20.078125,19.851562
12008,2021-09-17 13:30:00,3480,11.40625,11.28125,11.2734375,11.3203125,11.3203125,11.6484375,12.0390625,12.6796875,13.2890625,16.507812,18.21875,19.101562,19.65625,19.96875,20.117188,20.0625,19.835938
12009,2021-09-17 13:45:00,3486,11.390625,11.2734375,11.2734375,11.3203125,11.328125,11.671875,12.078125,12.6640625,13.25,16.5,18.203125,19.085938,19.640625,19.960938,20.101562,20.054688,19.835938
12010,2021-09-17 14:00:00,3492,11.390625,11.3359375,11.34375,11.390625,11.4140625,11.7578125,12.1640625,12.75,13.328125,16.484375,18.171875,19.070312,19.617188,19.945312,20.09375,20.046875,19.820312
12011,2021-09-17 14:15:00,3498,11.4453125,11.4453125,11.4609375,11.515625,11.5390625,11.875,12.2578125,12.8125,13.3828125,16.476562,18.15625,19.046875,19.601562,19.929688,20.078125,20.03125,19.804688
12012,2021-09-17 14:30:00,3492,11.5546875,11.515625,11.5390625,11.5859375,11.6328125,12.0078125,12.453125,13.03125,13.5625,16.5,18.132812,19.023438,19.59375,19.921875,20.0625,20.015625,19.789062
12013,2021-09-17 14:45:00,3492,11.7265625,11.6875,11.7109375,11.78125,11.8515625,12.2265625,12.65625,13.203125,13.703125,16.507812,18.117188,19.007812,19.578125,19.90625,20.046875,20.007812,19.78125
12014,2021-09-17 15:00:00,3492,11.9140625,11.796875,11.8203125,11.8671875,11.9296875,12.3125,12.7578125,13.3203125,13.8125,16.546875,18.101562,18.992188,19.5625,19.890625,20.03125,19.992188,19.765625
12015,2021-09-17 15:15:00,3486,12.15625,12.1328125,12.171875,12.234375,12.3359375,12.6640625,13.125,13.59375,14.03125,16.585938,18.078125,18.976562,19.539062,19.875,20.023438,19.984375,19.75
12016,2021-09-17 15:30:00,3480,12.5234375,12.4609375,12.484375,12.5625,12.6875,13.046875,13.53125,13.9921875,14.375,16.648438,18.0625,18.953125,19.523438,19.867188,20.007812,19.96875,19.742188
12017,2021-09-17 15:45:00,3486,12.8359375,12.734375,12.75,12.8359375,12.9453125,13.25,13.6328125,14.0625,14.4453125,16.703125,18.054688,18.9375,19.507812,19.851562,20.0,19.960938,19.726562
12018,2021-09-17 16:00:00,3486,13.1875,13.1015625,13.1171875,13.1796875,13.3046875,13.609375,14.0234375,14.4375,14.796875,16.78125,18.039062,18.914062,19.492188,19.835938,19.984375,19.945312,19.710938
12019,2021-09-17 16:15:00,3492,13.6328125,13.53125,13.5625,13.671875,13.828125,14.1640625,14.6015625,14.953125,15.234375,16.875,18.03125,18.898438,19.476562,19.820312,19.976562,19.929688,19.703125
12020,2021-09-17 16:30:00,3486,14.0625,13.984375,14.03125,14.1484375,14.359375,14.703125,15.203125,15.5234375,15.734375,16.984375,18.015625,18.890625,19.460938,19.804688,19.960938,19.914062,19.6875
12021,2021-09-17 16:45:00,3498,14.5859375,14.5625,14.6015625,14.7421875,15.0234375,15.3125,15.875,16.164062,16.289062,17.132812,18.007812,18.867188,19.445312,19.796875,19.945312,19.90625,19.671875
12022,2021-09-17 17:00:00,3486,15.390625,15.3203125,15.375,15.5390625,15.8828125,16.125,16.59375,16.835938,16.921875,17.320312,18.0,18.851562,19.429688,19.773438,19.929688,19.890625,19.65625
12023,2021-09-17 17:15:00,3486,16.023438,15.84375,15.8828125,16.0625,16.484375,16.835938,17.382812,17.570312,17.507812,17.476562,18.0,18.828125,19.414062,19.765625,19.914062,19.882812,19.648438
12024,2021-09-17 17:30:00,3498,17.117188,17.148438,17.226562,17.375,17.890625,18.25,18.773438,18.90625,18.703125,17.742188,18.0,18.820312,19.390625,19.75,19.90625,19.859375,19.632812
12025,2021-09-17 17:45:00,3492,18.054688,17.703125,17.632812,17.765625,18.226562,18.796875,19.203125,19.554688,19.390625,18.007812,18.007812,18.796875,19.375,19.742188,19.898438,19.851562,19.617188
12026,2021-09-17 18:00:00,3486,19.234375,19.226562,18.984375,19.085938,19.429688,19.804688,20.046875,20.195312,20.007812,18.234375,18.023438,18.78125,19.359375,19.71875,19.882812,19.828125,19.601562
12027,2021-09-17 18:15:00,3498,21.664062,21.84375,21.078125,21.304688,21.179688,21.570312,21.835938,22.242188,22.085938,18.671875,18.039062,18.773438,19.351562,19.703125,19.867188,19.820312,19.59375
12028,2021-09-17 18:30:00,3498,21.929688,20.992188,20.359375,20.554688,20.617188,20.867188,21.171875,21.40625,21.226562,18.757812,18.0625,18.765625,19.328125,19.6875,19.851562,19.8125,19.578125
12029,2021-09-17 18:45:00,3492,22.117188,20.6875,20.070312,20.289062,20.304688,20.953125,21.460938,22.164062,22.070312,19.015625,18.085938,18.75,19.3125,19.679688,19.835938,19.789062,19.570312
12030,2021-09-17 19:00:00,3498,23.921875,23.734375,22.445312,21.914062,22.289062,22.140625,23.054688,23.828125,23.59375,19.335938,18.125,18.742188,19.296875,19.664062,19.828125,19.78125,19.554688
12031,2021-09-17 19:15:00,3492,22.453125,20.078125,19.515625,19.375,19.742188,19.976562,20.9375,22.21875,22.554688,19.445312,18.164062,18.726562,19.28125,19.648438,19.804688,19.773438,19.539062
12032,2021-09-17 19:30:00,3504,21.609375,20.195312,19.382812,19.453125,19.695312,19.8125,20.8125,21.5625,21.640625,19.382812,18.210938,18.71875,19.273438,19.625,19.796875,19.757812,19.523438
12033,2021-09-17 19:45:00,3498,23.15625,22.046875,21.625,21.242188,21.320312,21.828125,23.796875,24.890625,24.84375,19.929688,18.25,18.710938,19.25,19.617188,19.78125,19.742188,19.507812
12034,2021-09-17 20:00:00,3498,22.835938,20.523438,20.164062,20.398438,20.523438,21.640625,23.445312,24.632812,24.8125,20.1875,18.296875,18.71875,19.234375,19.601562,19.765625,19.734375,19.492188
12035,2021-09-17 20:15:00,3504,22.664062,21.882812,21.40625,21.40625,21.664062,22.820312,24.492188,25.117188,24.9375,20.257812,18.34375,18.703125,19.21875,19.585938,19.757812,19.710938,19.484375
12036,2021-09-17 19:00:00,3498,23.921875,23.734375,22.445312,21.914062,22.289062,22.140625,23.054688,23.828125,23.59375,19.335938,18.125,18.742188,19.296875,19.664062,19.828125,19.78125,19.554688
12037,2021-09-17 19:15:00,3492,22.453125,20.078125,19.515625,19.375,19.742188,19.976562,20.9375,22.21875,22.554688,19.445312,18.164062,18.726562,19.28125,19.648438,19.804688,19.773438,19.539062
12038,2021-09-17 19:30:00,3504,21.609375,20.195312,19.382812,19.453125,19.695312,19.8125,20.8125,21.5625,21.640625,19.382812,18.210938,18.71875,19.273438,19.625,19.796875,19.757812,19.523438
12039,2021-09-17 19:45:00,3498,23.15625,22.046875,21.625,21.242188,21.320312,21.828125,23.796875,24.890625,24.84375,19.929688,18.25,18.710938,19.25,19.617188,19.78125,19.742188,19.507812
12040,2021-09-17 20:00:00,3498,22.835938,20.523438,20.164062,20.398438,20.523438,21.640625,23.445312,24.632812,24.8125,20.1875,18.296875,18.71875,19.234375,19.601562,19.765625,19.734375,19.492188
12041,2021-09-17 20:15:00,3504,22.664062,21.882812,21.40625,21.40625,21.664062,22.820312,24.492188,25.117188,24.9375,20.257812,18.34375,18.703125,19.21875,19.585938,19.757812,19.710938,19.484375
12042,2021-09-17 20:30:00,3504,22.679688,21.445312,20.710938,20.882812,21.398438,22.648438,23.992188,24.585938,24.453125,20.367188,18.398438,18.703125,19.210938,19.578125,19.742188,19.695312,19.46875
12043,2021-09-17 20:45:00,3504,23.0625,21.835938,20.796875,21.023438,21.835938,23.9375,25.8125,26.351562,26.03125,20.609375,18.453125,18.710938,19.195312,19.554688,19.726562,19.6875,19.453125
12044,2021-09-17 21:00:00,3504,22.5625,20.289062,19.398438,19.585938,20.148438,21.8125,23.6875,24.59375,24.585938,20.695312,18.507812,18.710938,19.179688,19.539062,19.710938,19.671875,19.4375
12045,2021-09-17 21:15:00,3504,22.96875,21.703125,20.929688,21.5,22.46875,23.960938,26.328125,26.273438,26.023438,20.867188,18.5625,18.71875,19.171875,19.523438,19.695312,19.65625,19.429688
12046,2021-09-17 21:30:00,3504,23.117188,20.820312,20.039062,20.765625,21.71875,23.460938,25.773438,26.304688,26.351562,21.203125,18.625,18.726562,19.15625,19.515625,19.679688,19.640625,19.40625
12047,2021-09-17 21:45:00,3504,22.578125,19.648438,19.039062,19.890625,20.773438,22.101562,23.890625,24.75,24.992188,21.257812,18.6875,18.734375,19.148438,19.5,19.664062,19.625,19.398438
12048,2021-09-17 22:00:00,3504,21.835938,18.929688,18.601562,19.289062,20.046875,21.382812,22.734375,23.960938,24.460938,21.234375,18.75,18.742188,19.140625,19.484375,19.648438,19.617188,19.382812
12049,2021-09-17 22:15:00,3504,20.390625,18.007812,17.828125,18.148438,18.507812,19.234375,20.023438,21.109375,21.890625,20.890625,18.8125,18.757812,19.125,19.46875,19.640625,19.601562,19.367188
12050,2021-09-17 22:30:00,3510,21.101562,19.867188,19.773438,20.921875,22.070312,22.75,23.796875,24.304688,24.351562,20.882812,18.875,18.765625,19.125,19.453125,19.632812,19.585938,19.351562
12051,2021-09-17 22:45:00,3510,19.765625,18.070312,17.914062,18.164062,18.515625,19.148438,19.828125,20.789062,21.453125,20.65625,18.929688,18.78125,19.117188,19.4375,19.609375,19.570312,19.34375
12052,2021-09-17 23:00:00,3510,18.765625,17.46875,17.382812,17.53125,17.828125,18.398438,19.078125,19.992188,20.640625,20.390625,18.976562,18.804688,19.109375,19.421875,19.59375,19.554688,19.320312
12053,2021-09-17 23:15:00,3510,18.234375,17.40625,17.351562,17.5,17.789062,18.265625,18.96875,19.765625,20.304688,20.21875,19.015625,18.820312,19.101562,19.414062,19.585938,19.546875,19.320312
12054,2021-09-17 23:30:00,3504,18.273438,17.710938,17.640625,17.875,18.148438,18.617188,19.132812,19.84375,20.28125,20.125,19.054688,18.828125,19.09375,19.398438,19.570312,19.53125,19.304688
12055,2021-09-17 23:45:00,3510,17.851562,17.039062,16.953125,17.109375,17.320312,17.859375,18.328125,19.125,19.679688,19.992188,19.070312,18.851562,19.09375,19.382812,19.554688,19.515625,19.289062
12056,2021-09-18 00:00:00,3510,17.179688,16.09375,16.0,16.140625,16.296875,16.78125,17.195312,17.96875,18.585938,19.734375,19.09375,18.859375,19.09375,19.375,19.539062,19.507812,19.273438
12057,2021-09-18 00:15:00,3504,16.734375,16.046875,15.9375,16.070312,16.21875,16.648438,17.078125,17.867188,18.523438,19.601562,19.101562,18.882812,19.085938,19.359375,19.523438,19.492188,19.265625
12058,2021-09-18 00:30:00,3504,16.335938,15.734375,15.6796875,15.765625,15.875,16.234375,16.632812,17.390625,18.054688,19.453125,19.109375,18.890625,19.078125,19.351562,19.515625,19.476562,19.25
12059,2021-09-18 00:45:00,3510,15.9765625,15.4140625,15.359375,15.4921875,15.6171875,16.023438,16.34375,16.960938,17.515625,19.265625,19.109375,18.914062,19.078125,19.335938,19.492188,19.460938,19.234375
12060,2021-09-18 01:00:00,3510,15.5625,15.1328125,15.0703125,15.15625,15.234375,15.578125,15.9375,16.601562,17.21875,19.101562,19.109375,18.921875,19.070312,19.328125,19.484375,19.445312,19.21875
12061,2021-09-18 01:15:00,3510,15.1015625,14.546875,14.4765625,14.5546875,14.6015625,14.9765625,15.2578125,15.953125,16.625,18.929688,19.101562,18.9375,19.078125,19.3125,19.476562,19.4375,19.210938
12062,2021-09-18 01:30:00,3510,14.5625,14.0625,13.9765625,14.0625,14.0703125,14.40625,14.6171875,15.25,15.953125,18.734375,19.09375,18.945312,19.078125,19.304688,19.460938,19.421875,19.203125
12063,2021-09-18 01:45:00,3504,14.203125,13.875,13.8046875,13.859375,13.859375,14.1796875,14.4296875,15.046875,15.734375,18.570312,19.078125,18.960938,19.078125,19.296875,19.445312,19.40625,19.1875
12064,2021-09-18 02:00:00,3510,13.90625,13.53125,13.46875,13.5234375,13.5078125,13.8359375,14.078125,14.703125,15.3984375,18.414062,19.054688,18.960938,19.078125,19.289062,19.4375,19.390625,19.171875
12065,2021-09-18 02:15:00,3510,13.53125,13.265625,13.2109375,13.2578125,13.2109375,13.515625,13.71875,14.34375,15.078125,18.257812,19.039062,18.976562,19.078125,19.28125,19.421875,19.382812,19.164062
12066,2021-09-18 02:30:00,3516,13.21875,13.0078125,12.9375,13.0,12.9453125,13.2421875,13.4375,14.0390625,14.7109375,18.09375,19.015625,18.976562,19.078125,19.273438,19.40625,19.367188,19.148438
12067,2021-09-18 02:45:00,3504,12.9921875,12.8046875,12.75,12.8125,12.765625,13.078125,13.28125,13.9140625,14.625,17.976562,18.976562,18.984375,19.078125,19.265625,19.390625,19.351562,19.140625
12068,2021-09-18 03:00:00,3504,12.953125,12.8515625,12.8203125,12.8515625,12.8125,13.0703125,13.3046875,13.875,14.5703125,17.890625,18.945312,18.984375,19.078125,19.257812,19.382812,19.34375,19.125
12069,2021-09-18 03:15:00,3504,12.9765625,12.921875,12.8984375,12.921875,12.8828125,13.1328125,13.3984375,13.984375,14.6328125,17.828125,18.921875,18.984375,19.078125,19.25,19.367188,19.328125,19.117188
12070,2021-09-18 03:30:00,3504,12.9609375,12.8359375,12.8046875,12.828125,12.7890625,13.0234375,13.2421875,13.8203125,14.515625,17.742188,18.890625,18.984375,19.078125,19.242188,19.359375,19.320312,19.109375
12071,2021-09-18 03:45:00,3504,12.8359375,12.703125,12.6640625,12.6953125,12.65625,12.9140625,13.1484375,13.75,14.4140625,17.671875,18.84375,18.984375,19.085938,19.234375,19.351562,19.304688,19.101562
12072,2021-09-18 04:00:00,3504,12.78125,12.6640625,12.6328125,12.6640625,12.6484375,12.9140625,13.1640625,13.765625,14.4140625,17.59375,18.8125,18.976562,19.078125,19.226562,19.335938,19.296875,19.085938
12073,2021-09-18 04:15:00,3510,12.7265625,12.609375,12.5859375,12.625,12.5859375,12.84375,13.046875,13.609375,14.2578125,17.53125,18.78125,18.976562,19.078125,19.21875,19.328125,19.289062,19.078125
12074,2021-09-18 04:30:00,3504,12.7265625,12.625,12.6171875,12.640625,12.6171875,12.8671875,13.125,13.6875,14.3046875,17.460938,18.742188,18.976562,19.078125,19.21875,19.3125,19.273438,19.070312
12075,2021-09-18 04:45:00,3498,12.7265625,12.6171875,12.609375,12.6328125,12.609375,12.8515625,13.09375,13.6171875,14.2109375,17.414062,18.703125,18.960938,19.078125,19.210938,19.3125,19.257812,19.0625
12076,2021-09-18 05:00:00,3504,12.6875,12.5625,12.546875,12.5703125,12.546875,12.7734375,13.0234375,13.546875,14.1640625,17.375,18.679688,18.953125,19.078125,19.203125,19.296875,19.25,19.054688
12077,2021-09-18 05:15:00,3498,12.609375,12.46875,12.453125,12.46875,12.4375,12.6484375,12.8515625,13.375,14.0234375,17.304688,18.648438,18.945312,19.070312,19.195312,19.28125,19.242188,19.046875
12078,2021-09-18 05:30:00,3504,12.53125,12.359375,12.3515625,12.3671875,12.34375,12.546875,12.75,13.2734375,13.9140625,17.242188,18.609375,18.9375,19.070312,19.1875,19.28125,19.234375,19.03125
12079,2021-09-18 05:45:00,3504,12.4375,12.3125,12.296875,12.3203125,12.3046875,12.5234375,12.78125,13.296875,13.9140625,17.179688,18.585938,18.929688,19.070312,19.1875,19.273438,19.21875,19.023438
12080,2021-09-18 06:00:00,3504,12.3828125,12.2421875,12.2421875,12.28125,12.25,12.4765625,12.6640625,13.1640625,13.7890625,17.132812,18.546875,18.914062,19.0625,19.171875,19.265625,19.210938,19.015625
12081,2021-09-18 06:15:00,3498,12.328125,12.2421875,12.234375,12.2578125,12.234375,12.4609375,12.6953125,13.1953125,13.765625,17.0625,18.515625,18.90625,19.0625,19.171875,19.25,19.203125,19.007812
12082,2021-09-18 06:30:00,3504,12.3359375,12.2578125,12.25,12.28125,12.25,12.4609375,12.65625,13.125,13.7109375,17.03125,18.484375,18.898438,19.054688,19.164062,19.242188,19.1875,19.0
12083,2021-09-18 06:45:00,3504,12.3671875,12.3046875,12.296875,12.3125,12.2890625,12.4921875,12.71875,13.2109375,13.8046875,17.0,18.460938,18.882812,19.054688,19.164062,19.234375,19.1875,18.992188
12084,2021-09-18 07:00:00,3498,12.3828125,12.3046875,12.3046875,12.328125,12.3125,12.5078125,12.7265625,13.1953125,13.765625,16.960938,18.429688,18.867188,19.046875,19.15625,19.226562,19.171875,18.984375
12085,2021-09-18 07:15:00,3498,12.3828125,12.2890625,12.28125,12.3203125,12.296875,12.515625,12.734375,13.21875,13.7890625,16.929688,18.390625,18.851562,19.046875,19.148438,19.21875,19.164062,18.976562
12086,2021-09-18 07:30:00,3504,12.34375,12.25,12.2421875,12.265625,12.25,12.4765625,12.71875,13.203125,13.78125,16.898438,18.367188,18.84375,19.039062,19.148438,19.210938,19.15625,18.960938
12087,2021-09-18 07:45:00,3504,12.2890625,12.171875,12.1640625,12.1953125,12.1796875,12.40625,12.6484375,13.1484375,13.7109375,16.867188,18.335938,18.828125,19.039062,19.140625,19.203125,19.148438,18.960938
12088,2021-09-18 08:00:00,3498,12.234375,12.109375,12.109375,12.1328125,12.109375,12.3359375,12.546875,13.03125,13.6015625,16.820312,18.304688,18.820312,19.03125,19.140625,19.195312,19.132812,18.953125
12089,2021-09-18 08:15:00,3492,12.15625,12.03125,12.0234375,12.046875,12.0234375,12.2421875,12.46875,12.96875,13.546875,16.773438,18.28125,18.804688,19.023438,19.132812,19.195312,19.132812,18.945312
12090,2021-09-18 08:30:00,3498,12.1015625,12.0,12.0,12.015625,11.9921875,12.1640625,12.375,12.859375,13.4453125,16.726562,18.257812,18.789062,19.015625,19.125,19.1875,19.125,18.9375
12091,2021-09-18 08:45:00,3498,12.078125,11.96875,11.9609375,11.9765625,11.9453125,12.140625,12.34375,12.8203125,13.4140625,16.6875,18.226562,18.773438,19.007812,19.117188,19.171875,19.109375,18.921875
12092,2021-09-18 09:00:00,3498,12.0,11.90625,11.8984375,11.90625,11.875,12.0546875,12.25,12.75,13.3359375,16.648438,18.195312,18.757812,19.0,19.117188,19.164062,19.101562,18.914062
12093,2021-09-18 09:15:00,3498,11.90625,11.8359375,11.8203125,11.8515625,11.8203125,12.0078125,12.234375,12.734375,13.3125,16.609375,18.171875,18.734375,19.0,19.101562,19.164062,19.09375,18.914062
12094,2021-09-18 09:30:00,3504,11.9140625,11.8671875,11.8515625,11.8828125,11.84375,12.03125,12.2421875,12.7421875,13.34375,16.578125,18.132812,18.71875,18.992188,19.109375,19.15625,19.09375,18.90625
12095,2021-09-18 09:45:00,3492,11.5859375,11.46875,11.40625,11.484375,11.3984375,11.640625,11.7734375,12.3359375,13.0,16.507812,18.117188,18.703125,18.976562,19.101562,19.148438,19.078125,18.898438
12096,2021-09-18 10:00:00,3498,10.859375,10.8046875,10.6796875,10.7890625,10.625,10.828125,10.7578125,11.3359375,12.125,16.328125,18.085938,18.695312,18.96875,19.09375,19.140625,19.078125,18.890625
12097,2021-09-18 10:15:00,3498,10.5703125,10.8046875,10.765625,10.78125,10.6953125,10.90625,11.2265625,11.78125,12.359375,16.226562,18.0625,18.679688,18.960938,19.085938,19.132812,19.0625,18.882812
12098,2021-09-18 10:30:00,3498,11.046875,11.40625,11.453125,11.46875,11.421875,11.640625,11.875,12.4140625,13.015625,16.296875,18.03125,18.65625,18.953125,19.078125,19.125,19.054688,18.875
12099,2021-09-18 10:45:00,3498,11.4375,11.609375,11.6328125,11.65625,11.625,11.8828125,12.125,12.671875,13.2421875,16.335938,18.007812,18.640625,18.945312,19.078125,19.117188,19.054688,18.867188
12100,2021-09-18 11:00:00,3498,11.6875,11.75,11.765625,11.7890625,11.7734375,12.03125,12.3125,12.859375,13.3984375,16.359375,17.96875,18.625,18.929688,19.0625,19.109375,19.039062,18.859375
12101,2021-09-18 11:15:00,3498,11.828125,11.8515625,11.859375,11.8828125,11.859375,12.1015625,12.390625,12.9453125,13.515625,16.390625,17.945312,18.609375,18.921875,19.054688,19.101562,19.03125,18.851562
12102,2021-09-18 11:30:00,3492,11.953125,11.9453125,11.953125,11.96875,11.953125,12.1875,12.484375,13.0390625,13.6171875,16.414062,17.921875,18.585938,18.914062,19.046875,19.101562,19.023438,18.835938
12103,2021-09-18 11:45:00,3498,12.0234375,11.9921875,12.0,12.03125,12.0078125,12.265625,12.5859375,13.140625,13.6796875,16.414062,17.898438,18.570312,18.90625,19.046875,19.085938,19.015625,18.835938
12104,2021-09-18 12:00:00,3498,12.0859375,12.0625,12.0625,12.09375,12.078125,12.3359375,12.6640625,13.2109375,13.7421875,16.414062,17.867188,18.554688,18.898438,19.039062,19.078125,19.015625,18.828125
12105,2021-09-18 12:15:00,3498,12.171875,12.1484375,12.15625,12.1875,12.171875,12.421875,12.7109375,13.25,13.78125,16.429688,17.84375,18.539062,18.882812,19.023438,19.070312,19.0,18.820312
12106,2021-09-18 12:30:00,3498,12.171875,12.171875,12.1953125,12.2265625,12.21875,12.484375,12.7421875,13.25,13.78125,16.429688,17.828125,18.523438,18.875,19.023438,19.0625,18.992188,18.8125
12107,2021-09-18 12:45:00,3492,12.2734375,12.296875,12.328125,12.359375,12.3515625,12.609375,12.90625,13.3984375,13.8984375,16.429688,17.8125,18.5,18.859375,19.015625,19.054688,18.984375,18.804688
12108,2021-09-18 13:00:00,3498,12.2265625,12.3046875,12.3203125,12.390625,12.375,12.6875,12.9375,13.4609375,13.9921875,16.460938,17.789062,18.492188,18.859375,19.0,19.046875,18.984375,18.789062
12109,2021-09-18 13:15:00,3498,12.1640625,12.28125,12.296875,12.390625,12.3828125,12.7421875,12.953125,13.46875,14.0078125,16.460938,17.773438,18.46875,18.835938,18.992188,19.039062,18.96875,18.789062
12110,2021-09-18 13:30:00,3498,12.1328125,12.296875,12.328125,12.4296875,12.4296875,12.8125,13.03125,13.578125,14.1015625,16.476562,17.757812,18.453125,18.828125,18.992188,19.039062,18.960938,18.78125
12111,2021-09-18 13:45:00,3498,12.203125,12.40625,12.4453125,12.5390625,12.5234375,12.9140625,13.0625,13.578125,14.1171875,16.492188,17.734375,18.4375,18.8125,18.984375,19.03125,18.953125,18.773438
12112,2021-09-18 14:00:00,3492,12.2734375,12.5,12.5234375,12.59375,12.578125,12.9296875,12.984375,13.40625,13.9296875,16.460938,17.726562,18.421875,18.804688,18.96875,19.023438,18.953125,18.757812
12113,2021-09-18 14:15:00,3498,12.2890625,12.421875,12.4375,12.5234375,12.515625,12.9375,13.0859375,13.5859375,14.109375,16.484375,17.710938,18.40625,18.789062,18.960938,19.015625,18.9375,18.757812
12114,2021-09-18 14:30:00,3492,12.25,12.4140625,12.4453125,12.53125,12.546875,12.953125,13.125,13.609375,14.1171875,16.484375,17.703125,18.382812,18.78125,18.953125,19.007812,18.929688,18.742188
12115,2021-09-18 14:45:00,3492,12.3359375,12.515625,12.5625,12.671875,12.7109375,13.1640625,13.3828125,13.890625,14.359375,16.515625,17.6875,18.375,18.765625,18.945312,19.0,18.914062,18.734375
12116,2021-09-18 15:00:00,3492,12.4296875,12.5859375,12.640625,12.734375,12.7734375,13.25,13.484375,13.984375,14.4453125,16.554688,17.671875,18.351562,18.75,18.9375,18.992188,18.914062,18.726562
12117,2021-09-18 15:15:00,3486,12.421875,12.546875,12.6171875,12.6640625,12.7109375,13.1015625,13.359375,13.875,14.3671875,16.5625,17.671875,18.34375,18.734375,18.929688,18.984375,18.90625,18.710938
12118,2021-09-18 15:30:00,3498,12.5859375,12.796875,12.875,12.9375,13.015625,13.3828125,13.609375,14.046875,14.4765625,16.585938,17.648438,18.328125,18.71875,18.914062,18.976562,18.898438,18.710938
12119,2021-09-18 15:45:00,3498,12.859375,13.0390625,13.125,13.15625,13.2421875,13.609375,13.84375,14.3203125,14.734375,16.625,17.648438,18.304688,18.71875,18.90625,18.96875,18.890625,18.695312
12120,2021-09-18 16:00:00,3492,13.1796875,13.3046875,13.375,13.3828125,13.484375,13.765625,14.0625,14.5,14.8671875,16.65625,17.632812,18.296875,18.695312,18.898438,18.953125,18.875,18.695312
12121,2021-09-18 16:15:00,3492,13.75,13.859375,13.921875,13.921875,14.03125,14.2890625,14.578125,15.0,15.3125,16.75,17.625,18.28125,18.6875,18.890625,18.953125,18.867188,18.6875
12122,2021-09-18 16:30:00,3492,14.0625,14.0703125,14.0625,14.0625,14.1640625,14.296875,14.640625,15.078125,15.3828125,16.804688,17.617188,18.265625,18.671875,18.882812,18.9375,18.859375,18.671875
12123,2021-09-18 16:45:00,3492,14.453125,14.5078125,14.484375,14.5,14.6640625,14.6953125,15.03125,15.3515625,15.6171875,16.875,17.617188,18.25,18.65625,18.859375,18.929688,18.851562,18.65625
12124,2021-09-18 17:00:00,3498,14.984375,15.015625,14.9921875,15.0625,15.25,15.3203125,15.640625,15.9140625,16.109375,16.992188,17.609375,18.242188,18.640625,18.867188,18.921875,18.84375,18.648438
12125,2021-09-18 17:15:00,3492,15.4609375,15.625,15.6328125,15.7265625,15.96875,16.015625,16.421875,16.585938,16.625,17.085938,17.601562,18.226562,18.632812,18.851562,18.914062,18.835938,18.648438
12126,2021-09-18 17:30:00,3492,16.171875,16.304688,16.273438,16.4375,16.710938,16.867188,17.257812,17.414062,17.367188,17.289062,17.601562,18.210938,18.625,18.84375,18.898438,18.828125,18.640625
12127,2021-09-18 17:45:00,3498,16.4375,16.539062,16.546875,16.71875,17.015625,17.25,17.65625,17.820312,17.742188,17.398438,17.609375,18.210938,18.601562,18.828125,18.898438,18.820312,18.632812
12128,2021-09-18 18:00:00,3498,16.648438,16.53125,16.523438,16.679688,16.953125,17.304688,17.765625,18.085938,18.054688,17.515625,17.617188,18.195312,18.601562,18.8125,18.890625,18.8125,18.617188
12129,2021-09-18 18:15:00,3492,16.914062,16.726562,16.695312,16.875,17.164062,17.640625,18.21875,18.617188,18.59375,17.679688,17.625,18.171875,18.585938,18.8125,18.875,18.804688,18.609375
12130,2021-09-18 18:30:00,3498,17.179688,17.054688,17.03125,17.265625,17.546875,18.0,18.421875,18.734375,18.71875,17.789062,17.640625,18.164062,18.570312,18.796875,18.875,18.796875,18.601562
12131,2021-09-18 18:45:00,3492,17.554688,17.546875,17.617188,17.84375,18.21875,18.671875,19.140625,19.382812,19.25,17.914062,17.648438,18.15625,18.5625,18.789062,18.859375,18.78125,18.585938
12132,2021-09-18 17:30:00,3492,16.171875,16.304688,16.273438,16.4375,16.710938,16.867188,17.257812,17.414062,17.367188,17.289062,17.601562,18.210938,18.625,18.84375,18.898438,18.828125,18.640625
12133,2021-09-18 17:45:00,3498,16.4375,16.539062,16.546875,16.71875,17.015625,17.25,17.65625,17.820312,17.742188,17.398438,17.609375,18.210938,18.601562,18.828125,18.898438,18.820312,18.632812
12134,2021-09-18 18:00:00,3498,16.648438,16.53125,16.523438,16.679688,16.953125,17.304688,17.765625,18.085938,18.054688,17.515625,17.617188,18.195312,18.601562,18.8125,18.890625,18.8125,18.617188
12135,2021-09-18 18:15:00,3492,16.914062,16.726562,16.695312,16.875,17.164062,17.640625,18.21875,18.617188,18.59375,17.679688,17.625,18.171875,18.585938,18.8125,18.875,18.804688,18.609375
12136,2021-09-18 18:30:00,3498,17.179688,17.054688,17.03125,17.265625,17.546875,18.0,18.421875,18.734375,18.71875,17.789062,17.640625,18.164062,18.570312,18.796875,18.875,18.796875,18.601562
12137,2021-09-18 18:45:00,3492,17.554688,17.546875,17.617188,17.84375,18.21875,18.671875,19.140625,19.382812,19.25,17.914062,17.648438,18.15625,18.5625,18.789062,18.859375,18.78125,18.585938
12138,2021-09-18 19:00:00,3498,18.492188,18.523438,18.546875,18.789062,19.226562,19.695312,20.3125,20.546875,20.296875,18.164062,17.664062,18.148438,18.554688,18.773438,18.851562,18.773438,18.578125
12139,2021-09-18 19:15:00,3498,18.929688,18.492188,18.539062,18.820312,19.273438,19.859375,20.390625,20.757812,20.640625,18.367188,17.679688,18.132812,18.539062,18.765625,18.835938,18.773438,18.570312
12140,2021-09-18 19:30:00,3486,18.828125,18.140625,18.164062,18.421875,18.757812,19.40625,19.976562,20.570312,20.59375,18.476562,17.710938,18.132812,18.523438,18.757812,18.828125,18.757812,18.5625
12141,2021-09-18 19:45:00,3498,18.46875,18.164062,18.179688,18.40625,18.765625,19.1875,19.625,19.984375,20.023438,18.453125,17.734375,18.125,18.507812,18.734375,18.820312,18.75,18.546875
12142,2021-09-18 20:00:00,3492,19.210938,18.984375,19.046875,19.210938,19.65625,20.148438,20.796875,21.203125,21.085938,18.640625,17.757812,18.117188,18.5,18.726562,18.8125,18.734375,18.539062
12143,2021-09-18 20:15:00,3498,20.21875,20.484375,20.5,20.78125,21.289062,21.539062,22.070312,22.234375,22.007812,18.867188,17.789062,18.109375,18.492188,18.71875,18.804688,18.726562,18.53125
12144,2021-09-18 20:30:00,3498,20.359375,19.359375,19.296875,19.59375,19.976562,20.734375,21.296875,21.859375,21.890625,19.078125,17.820312,18.117188,18.476562,18.703125,18.789062,18.71875,18.53125
12145,2021-09-18 20:45:00,3504,19.351562,18.351562,18.242188,18.460938,18.773438,19.445312,19.976562,20.539062,20.71875,18.96875,17.84375,18.109375,18.46875,18.695312,18.78125,18.710938,18.515625
12146,2021-09-18 21:00:00,3498,18.78125,18.015625,17.9375,18.132812,18.390625,18.96875,19.421875,19.953125,20.140625,18.875,17.882812,18.109375,18.453125,18.6875,18.773438,18.695312,18.5
12147,2021-09-18 21:15:00,3504,18.351562,17.796875,17.75,17.914062,18.148438,18.609375,19.09375,19.609375,19.796875,18.804688,17.914062,18.109375,18.445312,18.671875,18.765625,18.6875,18.5
12148,2021-09-18 21:30:00,3498,18.148438,17.640625,17.601562,17.773438,17.9375,18.429688,18.84375,19.375,19.609375,18.757812,17.953125,18.109375,18.4375,18.65625,18.75,18.679688,18.492188
12149,2021-09-18 21:45:00,3498,17.882812,17.429688,17.382812,17.53125,17.6875,18.140625,18.492188,18.960938,19.1875,18.671875,17.984375,18.109375,18.429688,18.65625,18.742188,18.671875,18.476562
12150,2021-09-18 22:00:00,3504,17.773438,17.53125,17.492188,17.625,17.765625,18.132812,18.460938,18.859375,19.054688,18.617188,18.007812,18.117188,18.421875,18.640625,18.726562,18.65625,18.46875
12151,2021-09-18 22:15:00,3504,17.796875,17.609375,17.601562,17.75,17.914062,18.257812,18.601562,18.984375,19.125,18.601562,18.023438,18.117188,18.414062,18.632812,18.710938,18.65625,18.453125
12152,2021-09-18 22:30:00,3504,17.8125,17.445312,17.414062,17.554688,17.710938,18.085938,18.375,18.789062,19.0,18.59375,18.039062,18.125,18.40625,18.625,18.703125,18.640625,18.453125
12153,2021-09-18 22:45:00,3504,17.804688,17.367188,17.328125,17.476562,17.625,18.0,18.273438,18.679688,18.90625,18.585938,18.054688,18.132812,18.398438,18.609375,18.695312,18.632812,18.4375
12154,2021-09-18 23:00:00,3504,17.710938,17.4375,17.398438,17.523438,17.671875,18.0,18.335938,18.734375,18.929688,18.570312,18.070312,18.132812,18.390625,18.601562,18.6875,18.617188,18.429688
12155,2021-09-18 23:15:00,3498,17.546875,17.203125,17.15625,17.296875,17.414062,17.765625,18.03125,18.429688,18.664062,18.539062,18.085938,18.132812,18.382812,18.59375,18.671875,18.617188,18.414062
12156,2021-09-18 23:30:00,3498,17.257812,16.828125,16.789062,16.921875,17.015625,17.382812,17.625,18.023438,18.304688,18.476562,18.09375,18.140625,18.382812,18.578125,18.664062,18.601562,18.414062
12157,2021-09-18 23:45:00,3504,16.96875,16.546875,16.5,16.65625,16.75,17.132812,17.351562,17.789062,18.085938,18.414062,18.101562,18.140625,18.375,18.570312,18.65625,18.59375,18.398438
12158,2021-09-19 00:00:00,3498,16.625,16.234375,16.203125,16.359375,16.4375,16.84375,17.070312,17.53125,17.859375,18.351562,18.109375,18.148438,18.367188,18.5625,18.640625,18.585938,18.390625
12159,2021-09-19 00:15:00,3498,16.265625,15.921875,15.890625,16.023438,16.101562,16.515625,16.757812,17.25,17.601562,18.273438,18.117188,18.15625,18.367188,18.554688,18.640625,18.570312,18.382812
12160,2021-09-19 00:30:00,3498,15.9453125,15.671875,15.6484375,15.7890625,15.84375,16.257812,16.484375,16.96875,17.34375,18.1875,18.125,18.15625,18.359375,18.539062,18.632812,18.570312,18.375
12161,2021-09-19 00:45:00,3504,15.7265625,15.484375,15.4609375,15.609375,15.6484375,16.039062,16.25,16.726562,17.101562,18.109375,18.125,18.15625,18.351562,18.53125,18.617188,18.554688,18.375
12162,2021-09-19 01:00:00,3498,15.5546875,15.3046875,15.28125,15.421875,15.453125,15.8671875,16.078125,16.546875,16.945312,18.046875,18.125,18.171875,18.34375,18.523438,18.609375,18.546875,18.351562
12163,2021-09-19 01:15:00,3498,15.3984375,15.1796875,15.1640625,15.28125,15.328125,15.7109375,15.9140625,16.367188,16.773438,17.984375,18.117188,18.171875,18.34375,18.523438,18.601562,18.539062,18.34375
12164,2021-09-19 01:30:00,3498,15.296875,15.1171875,15.109375,15.21875,15.2578125,15.640625,15.859375,16.296875,16.6875,17.945312,18.117188,18.171875,18.34375,18.507812,18.585938,18.523438,18.335938
12165,2021-09-19 01:45:00,3498,15.21875,15.0625,15.0625,15.15625,15.1875,15.5546875,15.765625,16.195312,16.585938,17.890625,18.109375,18.171875,18.335938,18.5,18.578125,18.515625,18.328125
12166,2021-09-19 02:00:00,3498,15.1171875,14.9375,14.9296875,15.015625,15.0390625,15.390625,15.609375,16.039062,16.429688,17.828125,18.109375,18.171875,18.335938,18.492188,18.570312,18.507812,18.328125
12167,2021-09-19 02:15:00,3504,14.953125,14.7734375,14.765625,14.8515625,14.859375,15.1953125,15.3828125,15.796875,16.203125,17.757812,18.101562,18.179688,18.335938,18.484375,18.5625,18.5,18.3125
12168,2021-09-19 02:30:00,3504,14.8828125,14.7734375,14.765625,14.8359375,14.84375,15.15625,15.3203125,15.734375,16.140625,17.703125,18.085938,18.171875,18.328125,18.476562,18.554688,18.492188,18.304688
12169,2021-09-19 02:45:00,3504,14.859375,14.7890625,14.78125,14.8515625,14.8515625,15.1484375,15.3125,15.7265625,16.117188,17.664062,18.078125,18.171875,18.320312,18.46875,18.546875,18.484375,18.296875
12170,2021-09-19 03:00:00,3504,14.890625,14.828125,14.828125,14.890625,14.890625,15.1953125,15.390625,15.796875,16.164062,17.632812,18.0625,18.171875,18.328125,18.460938,18.53125,18.46875,18.289062
12171,2021-09-19 03:15:00,3498,14.90625,14.84375,14.84375,14.890625,14.890625,15.1875,15.3671875,15.75,16.117188,17.59375,18.0625,18.171875,18.320312,18.453125,18.53125,18.46875,18.28125
12172,2021-09-19 03:30:00,3498,14.90625,14.8515625,14.8515625,14.9140625,14.9140625,15.203125,15.34375,15.71875,16.078125,17.570312,18.039062,18.171875,18.320312,18.445312,18.515625,18.453125,18.28125
12173,2021-09-19 03:45:00,3504,14.90625,14.84375,14.8515625,14.890625,14.890625,15.15625,15.3125,15.6875,16.03125,17.539062,18.03125,18.171875,18.3125,18.4375,18.507812,18.453125,18.273438
12174,2021-09-19 04:00:00,3498,14.8828125,14.7890625,14.7890625,14.828125,14.8125,15.0625,15.1875,15.5625,15.9453125,17.515625,18.015625,18.164062,18.304688,18.429688,18.5,18.4375,18.257812
12175,2021-09-19 04:15:00,3498,14.921875,14.8359375,14.84375,14.859375,14.828125,15.046875,15.1875,15.5390625,15.8984375,17.476562,18.007812,18.164062,18.304688,18.429688,18.492188,18.429688,18.25
12176,2021-09-19 04:30:00,3504,14.9609375,14.8828125,14.8828125,14.8828125,14.859375,15.0703125,15.203125,15.546875,15.890625,17.460938,17.992188,18.164062,18.304688,18.421875,18.484375,18.421875,18.25
12177,2021-09-19 04:45:00,3504,15.0078125,14.9296875,14.921875,14.9296875,14.9140625,15.109375,15.2578125,15.59375,15.9296875,17.4375,17.976562,18.15625,18.296875,18.414062,18.46875,18.414062,18.242188
12178,2021-09-19 05:00:00,3498,15.0546875,14.984375,14.9765625,14.984375,14.9609375,15.140625,15.296875,15.609375,15.9375,17.421875,17.96875,18.15625,18.296875,18.40625,18.46875,18.40625,18.234375
12179,2021-09-19 05:15:00,3498,15.1171875,15.0625,15.0625,15.0625,15.03125,15.1875,15.328125,15.6484375,15.9609375,17.414062,17.960938,18.148438,18.296875,18.398438,18.453125,18.398438,18.226562
12180,2021-09-19 05:30:00,3498,15.1796875,15.1171875,15.1171875,15.125,15.0859375,15.234375,15.3671875,15.671875,15.96875,17.398438,17.945312,18.148438,18.296875,18.390625,18.453125,18.390625,18.21875
12181,2021-09-19 05:45:00,3498,15.0078125,15.0078125,14.96875,15.1015625,15.09375,15.3125,15.3671875,15.6953125,16.0,17.390625,17.929688,18.140625,18.289062,18.390625,18.453125,18.382812,18.210938
12182,2021-09-19 06:00:00,3498,14.859375,14.921875,14.890625,15.046875,15.03125,15.3203125,15.3515625,15.6640625,16.015625,17.390625,17.914062,18.132812,18.28125,18.382812,18.4375,18.375,18.203125
12183,2021-09-19 06:15:00,3498,14.8203125,14.890625,14.8671875,15.015625,15.0078125,15.3125,15.3046875,15.6484375,16.015625,17.390625,17.914062,18.125,18.273438,18.375,18.429688,18.367188,18.195312
12184,2021-09-19 06:30:00,3504,14.828125,14.9453125,14.9375,15.0703125,15.0390625,15.3359375,15.3125,15.609375,15.984375,17.390625,17.898438,18.125,18.273438,18.375,18.421875,18.359375,18.1875
12185,2021-09-19 06:45:00,3498,14.8671875,14.9375,14.9375,15.0546875,15.0234375,15.34375,15.3046875,15.59375,15.96875,17.398438,17.890625,18.117188,18.273438,18.367188,18.414062,18.359375,18.179688
12186,2021-09-19 07:00:00,3498,14.8203125,14.8359375,14.8125,14.9375,14.8984375,15.2265625,15.1953125,15.484375,15.875,17.398438,17.875,18.109375,18.265625,18.359375,18.40625,18.351562,18.179688
12187,2021-09-19 07:15:00,3498,14.7890625,14.8203125,14.7890625,14.8984375,14.84375,15.1875,15.15625,15.4765625,15.859375,17.382812,17.867188,18.101562,18.257812,18.359375,18.40625,18.335938,18.171875
12188,2021-09-19 07:30:00,3498,14.7890625,14.8203125,14.8203125,14.921875,14.8515625,15.1875,15.1171875,15.4296875,15.7890625,17.375,17.859375,18.101562,18.257812,18.34375,18.398438,18.335938,18.164062
12189,2021-09-19 07:45:00,3498,14.90625,15.03125,15.046875,15.125,15.0703125,15.34375,15.265625,15.515625,15.828125,17.375,17.859375,18.085938,18.25,18.351562,18.390625,18.320312,18.15625
12190,2021-09-19 08:00:00,3498,15.03125,15.078125,15.078125,15.171875,15.109375,15.421875,15.3203125,15.6015625,15.90625,17.382812,17.84375,18.09375,18.242188,18.335938,18.382812,18.3125,18.15625
12191,2021-09-19 08:15:00,3504,15.0625,15.109375,15.1171875,15.203125,15.1484375,15.4453125,15.3515625,15.640625,15.921875,17.382812,17.835938,18.078125,18.242188,18.335938,18.375,18.3125,18.148438
12192,2021-09-19 08:30:00,3498,15.1328125,15.1796875,15.1875,15.265625,15.21875,15.5,15.4140625,15.6796875,15.9609375,17.382812,17.828125,18.070312,18.234375,18.335938,18.367188,18.304688,18.140625
12193,2021-09-19 08:45:00,3492,15.1640625,15.203125,15.2109375,15.2890625,15.234375,15.515625,15.4296875,15.6875,15.9765625,17.375,17.820312,18.0625,18.234375,18.328125,18.359375,18.296875,18.132812
12194,2021-09-19 09:00:00,3498,15.2109375,15.2578125,15.265625,15.3359375,15.2890625,15.5546875,15.4921875,15.734375,16.015625,17.382812,17.820312,18.0625,18.226562,18.320312,18.359375,18.289062,18.125
12195,2021-09-19 09:15:00,3504,15.25,15.265625,15.265625,15.34375,15.296875,15.578125,15.5390625,15.78125,16.070312,17.382812,17.8125,18.054688,18.21875,18.3125,18.351562,18.28125,18.117188
12196,2021-09-19 09:30:00,3504,15.2578125,15.2578125,15.2578125,15.3515625,15.3046875,15.578125,15.5546875,15.765625,15.9921875,17.390625,17.804688,18.046875,18.21875,18.304688,18.34375,18.273438,18.117188
12197,2021-09-19 09:45:00,3504,15.234375,15.2109375,15.2109375,15.2890625,15.2421875,15.4921875,15.5234375,15.765625,15.984375,17.390625,17.804688,18.039062,18.210938,18.304688,18.34375,18.273438,18.109375
12198,2021-09-19 10:00:00,3486,15.1484375,15.0625,15.046875,15.140625,15.0859375,15.3125,15.3359375,15.59375,15.8359375,17.382812,17.789062,18.039062,18.203125,18.296875,18.328125,18.265625,18.109375
12199,2021-09-19 10:15:00,3498,15.0625,15.0078125,15.0,15.0703125,15.0234375,15.2109375,15.265625,15.515625,15.828125,17.351562,17.789062,18.03125,18.203125,18.289062,18.320312,18.257812,18.101562
12200,2021-09-19 10:30:00,3492,14.9609375,14.8828125,14.875,14.9609375,14.9140625,15.1328125,15.203125,15.4921875,15.8046875,17.335938,17.78125,18.023438,18.195312,18.289062,18.328125,18.257812,18.09375
12201,2021-09-19 10:45:00,3504,14.8359375,14.734375,14.7265625,14.8046875,14.7578125,14.9453125,15.0546875,15.3671875,15.7109375,17.296875,17.78125,18.015625,18.1875,18.273438,18.3125,18.25,18.085938
12202,2021-09-19 11:00:00,3504,14.78125,14.7265625,14.71875,14.796875,14.75,14.9375,15.03125,15.328125,15.65625,17.273438,17.773438,18.007812,18.179688,18.273438,18.304688,18.242188,18.085938
12203,2021-09-19 11:15:00,3498,14.65625,14.578125,14.5625,14.640625,14.625,14.8515625,15.0625,15.4140625,15.6796875,17.203125,17.765625,18.007812,18.179688,18.273438,18.296875,18.234375,18.078125
12204,2021-09-19 11:30:00,3498,14.6015625,14.546875,14.546875,14.625,14.5859375,14.796875,14.96875,15.3515625,15.6484375,17.148438,17.757812,18.0,18.171875,18.257812,18.289062,18.226562,18.070312
12205,2021-09-19 11:45:00,3498,14.5234375,14.46875,14.4609375,14.5234375,14.4765625,14.6640625,14.8125,15.1484375,15.4296875,17.09375,17.75,17.992188,18.164062,18.257812,18.289062,18.226562,18.070312
12206,2021-09-19 12:00:00,3498,14.4453125,14.3671875,14.359375,14.4453125,14.40625,14.65625,14.84375,15.2109375,15.5234375,17.078125,17.742188,17.992188,18.15625,18.257812,18.28125,18.21875,18.0625
12207,2021-09-19 12:15:00,3504,14.296875,14.171875,14.140625,14.234375,14.1796875,14.4296875,14.515625,14.8828125,15.1328125,17.039062,17.726562,17.984375,18.148438,18.25,18.28125,18.210938,18.054688
12208,2021-09-19 12:30:00,3498,14.140625,14.0234375,14.0,14.0859375,14.0546875,14.328125,14.5234375,14.8671875,15.1953125,16.984375,17.726562,17.976562,18.148438,18.242188,18.28125,18.210938,18.054688
12209,2021-09-19 12:45:00,3498,13.7265625,13.5234375,13.421875,13.5234375,13.359375,13.75,13.9765625,14.6171875,15.0078125,16.953125,17.71875,17.96875,18.148438,18.242188,18.265625,18.203125,18.046875
12210,2021-09-19 13:00:00,3498,13.6015625,13.5859375,13.5625,13.5859375,13.546875,13.7578125,14.0234375,14.453125,14.7734375,16.859375,17.703125,17.960938,18.140625,18.234375,18.257812,18.195312,18.039062
12211,2021-09-19 13:15:00,3498,13.71875,13.7265625,13.7265625,13.7890625,13.7578125,13.9765625,14.1484375,14.5703125,14.9453125,16.851562,17.6875,17.953125,18.132812,18.226562,18.257812,18.195312,18.039062
12212,2021-09-19 13:30:00,3498,13.765625,13.7109375,13.7109375,13.7890625,13.7734375,14.0390625,14.171875,14.5234375,14.8671875,16.835938,17.679688,17.960938,18.125,18.226562,18.25,18.179688,18.03125
12213,2021-09-19 13:45:00,3498,13.6015625,13.4921875,13.4609375,13.5546875,13.5,13.78125,14.0078125,14.4765625,14.8515625,16.804688,17.664062,17.945312,18.125,18.210938,18.25,18.171875,18.023438
12214,2021-09-19 14:00:00,3498,12.96875,12.7109375,12.546875,12.7109375,12.5703125,13.0859375,13.3984375,13.984375,14.375,16.703125,17.648438,17.9375,18.117188,18.210938,18.242188,18.164062,18.023438
12215,2021-09-19 14:15:00,3492,12.265625,12.1796875,12.0546875,12.203125,12.125,12.3984375,12.4140625,12.875,13.3515625,16.476562,17.632812,17.929688,18.109375,18.203125,18.234375,18.164062,18.023438
12216,2021-09-19 14:30:00,3498,12.0703125,12.28125,12.2265625,12.3203125,12.2734375,12.4609375,12.53125,12.796875,13.1171875,16.359375,17.617188,17.921875,18.101562,18.203125,18.226562,18.15625,18.015625
12217,2021-09-19 14:45:00,3498,12.3203125,12.7890625,12.6953125,12.7421875,12.53125,12.7109375,12.640625,13.0546875,13.484375,16.34375,17.601562,17.914062,18.09375,18.195312,18.21875,18.148438,18.0
12218,2021-09-19 15:00:00,3498,13.6015625,14.828125,14.421875,14.5234375,14.15625,14.1875,14.0546875,14.1328125,14.2734375,16.390625,17.578125,17.90625,18.09375,18.179688,18.21875,18.148438,18.0
12219,2021-09-19 15:15:00,3498,14.9609375,15.96875,15.3828125,15.515625,14.953125,15.0859375,14.6640625,14.6875,14.7421875,16.476562,17.554688,17.898438,18.085938,18.179688,18.210938,18.140625,18.0
12220,2021-09-19 15:30:00,3492,15.5546875,16.0,15.5390625,15.8515625,15.1171875,15.265625,14.890625,14.8828125,14.859375,16.507812,17.53125,17.890625,18.078125,18.179688,18.203125,18.132812,17.992188
12221,2021-09-19 15:45:00,3498,16.132812,16.28125,15.8359375,16.242188,15.6953125,15.953125,15.609375,15.5703125,15.421875,16.59375,17.507812,17.882812,18.078125,18.171875,18.203125,18.132812,17.976562
12222,2021-09-19 16:00:00,3492,16.984375,16.890625,16.414062,16.734375,16.273438,16.648438,16.460938,16.414062,16.1875,16.726562,17.492188,17.867188,18.070312,18.15625,18.195312,18.125,17.976562
12223,2021-09-19 16:15:00,3498,18.585938,17.953125,17.335938,17.492188,16.992188,17.367188,16.898438,16.882812,16.757812,16.929688,17.476562,17.859375,18.0625,18.164062,18.1875,18.117188,17.976562
12224,2021-09-19 16:30:00,3492,20.007812,18.984375,18.578125,18.5625,18.171875,18.492188,18.109375,17.945312,17.617188,17.125,17.460938,17.84375,18.054688,18.15625,18.179688,18.117188,17.96875
12225,2021-09-19 16:45:00,3498,20.789062,19.101562,18.359375,18.414062,17.765625,18.085938,17.648438,17.8125,17.742188,17.3125,17.453125,17.835938,18.046875,18.148438,18.171875,18.109375,17.96875
12226,2021-09-19 17:00:00,3504,21.351562,18.617188,18.375,18.765625,17.882812,18.484375,17.671875,17.914062,17.914062,17.460938,17.453125,17.820312,18.039062,18.140625,18.164062,18.101562,17.960938
12227,2021-09-19 17:15:00,3498,20.96875,18.195312,17.679688,18.15625,17.242188,18.148438,17.617188,18.132812,18.328125,17.648438,17.460938,17.8125,18.03125,18.132812,18.15625,18.101562,17.953125
12228,2021-09-19 17:30:00,3498,21.890625,19.835938,19.15625,19.828125,18.507812,18.953125,18.078125,18.414062,18.476562,17.671875,17.46875,17.804688,18.03125,18.125,18.15625,18.09375,17.953125
12229,2021-09-19 17:45:00,3498,23.546875,21.132812,19.726562,20.695312,18.640625,18.90625,17.726562,18.117188,18.148438,17.828125,17.476562,17.796875,18.015625,18.125,18.148438,18.085938,17.945312
12230,2021-09-19 18:00:00,3498,24.578125,23.203125,21.703125,22.539062,20.242188,19.671875,18.734375,19.125,19.148438,18.007812,17.492188,17.789062,18.015625,18.117188,18.148438,18.078125,17.945312
12231,2021-09-19 18:15:00,3504,25.257812,25.109375,23.039062,23.109375,20.492188,19.757812,18.367188,19.023438,19.09375,18.148438,17.507812,17.773438,18.0,18.109375,18.140625,18.070312,17.9375
12232,2021-09-19 18:30:00,3504,25.640625,25.46875,23.351562,23.148438,20.90625,19.828125,18.570312,19.234375,19.296875,18.359375,17.53125,17.773438,17.992188,18.101562,18.132812,18.070312,17.929688
12233,2021-09-19 18:45:00,3504,27.078125,27.9375,25.992188,25.140625,22.4375,21.492188,20.726562,21.507812,21.421875,18.695312,17.554688,17.773438,17.984375,18.101562,18.125,18.070312,17.921875
12234,2021-09-19 19:00:00,3498,28.09375,27.914062,25.757812,24.4375,24.289062,22.34375,21.328125,21.601562,21.335938,18.953125,17.585938,17.765625,17.984375,18.085938,18.125,18.0625,17.921875
12235,2021-09-19 19:15:00,3510,28.34375,27.34375,25.226562,24.664062,25.367188,23.234375,22.140625,22.226562,21.703125,19.203125,17.625,17.757812,17.96875,18.085938,18.117188,18.054688,17.914062
12236,2021-09-19 19:30:00,3510,28.796875,27.914062,25.929688,25.460938,25.851562,23.710938,23.109375,22.953125,22.085938,19.382812,17.664062,17.757812,17.96875,18.078125,18.109375,18.046875,17.90625
12237,2021-09-19 19:45:00,3510,29.734375,29.609375,28.15625,27.757812,26.515625,25.28125,25.960938,25.03125,23.3125,19.617188,17.703125,17.757812,17.953125,18.070312,18.109375,18.039062,17.90625
12238,2021-09-19 20:00:00,3516,28.8125,26.804688,25.375,25.65625,24.601562,24.773438,25.242188,24.382812,22.617188,19.8125,17.757812,17.757812,17.945312,18.0625,18.101562,18.039062,17.898438
12239,2021-09-19 20:15:00,3516,28.78125,27.21875,25.96875,25.882812,25.242188,26.039062,26.664062,26.179688,24.078125,20.039062,17.804688,17.765625,17.953125,18.0625,18.09375,18.039062,17.898438
12240,2021-09-19 20:30:00,3522,26.3125,24.289062,23.296875,23.4375,23.492188,23.914062,24.3125,23.859375,22.460938,19.898438,17.867188,17.765625,17.945312,18.046875,18.085938,18.023438,17.898438
12241,2021-09-19 20:45:00,3528,25.8125,24.898438,23.125,23.414062,24.085938,24.90625,25.21875,24.351562,22.679688,19.867188,17.929688,17.78125,17.929688,18.046875,18.078125,18.023438,17.890625
12242,2021-09-19 21:00:00,3522,25.820312,26.046875,23.84375,23.53125,24.875,26.132812,27.453125,26.421875,23.953125,19.875,17.984375,17.789062,17.929688,18.039062,18.078125,18.015625,17.890625
12243,2021-09-19 21:15:00,3522,27.640625,27.320312,25.640625,26.6875,28.617188,29.421875,30.5,29.0625,26.289062,20.28125,18.039062,17.796875,17.921875,18.03125,18.070312,18.015625,17.882812
12244,2021-09-19 21:30:00,3516,28.898438,27.460938,25.953125,28.484375,30.289062,30.804688,32.03125,29.992188,27.546875,20.632812,18.09375,17.8125,17.921875,18.023438,18.0625,18.007812,17.875
12245,2021-09-19 21:45:00,3522,27.953125,24.890625,23.703125,25.5,26.914062,27.882812,30.265625,28.882812,26.789062,20.75,18.148438,17.8125,17.921875,18.023438,18.0625,18.0,17.875
12246,2021-09-19 22:00:00,3522,27.921875,25.078125,24.234375,26.507812,28.476562,29.117188,31.164062,29.421875,27.210938,20.945312,18.21875,17.835938,17.914062,18.015625,18.054688,18.0,17.875
12247,2021-09-19 22:15:00,3528,28.28125,25.664062,25.546875,28.0625,30.203125,30.101562,31.382812,29.273438,27.40625,21.007812,18.273438,17.851562,17.914062,18.007812,18.046875,17.992188,17.875
12248,2021-09-19 22:30:00,3534,27.640625,24.460938,24.421875,26.6875,28.046875,29.148438,29.53125,27.851562,26.273438,21.007812,18.34375,17.867188,17.921875,18.007812,18.046875,17.992188,17.867188
12249,2021-09-19 22:45:00,3522,23.71875,20.9375,20.570312,21.101562,21.09375,21.898438,21.695312,21.882812,21.84375,20.421875,18.40625,17.890625,17.914062,18.007812,18.039062,17.984375,17.859375
12250,2021-09-19 23:00:00,3522,21.132812,19.648438,19.273438,19.484375,19.390625,19.78125,19.648438,19.875,20.039062,19.90625,18.46875,17.90625,17.914062,18.0,18.03125,17.976562,17.867188
12251,2021-09-19 23:15:00,3522,19.789062,19.09375,18.8125,18.96875,18.851562,19.101562,18.9375,19.09375,19.242188,19.59375,18.523438,17.929688,17.914062,17.992188,18.03125,17.976562,17.859375
12252,2021-09-19 23:30:00,3528,19.046875,18.796875,18.492188,18.640625,18.5,18.710938,18.546875,18.640625,18.734375,19.34375,18.554688,17.953125,17.914062,17.992188,18.023438,17.96875,17.859375
12253,2021-09-19 23:45:00,3528,18.609375,18.578125,18.304688,18.4375,18.28125,18.429688,18.21875,18.3125,18.4375,19.148438,18.570312,17.976562,17.921875,17.984375,18.015625,17.96875,17.859375
12254,2021-09-20 00:00:00,3510,18.21875,18.25,17.984375,18.109375,17.953125,18.101562,17.890625,17.984375,18.125,18.976562,18.585938,18.0,17.929688,17.984375,18.007812,17.96875,17.851562
12255,2021-09-20 00:15:00,3528,17.773438,17.78125,17.492188,17.640625,17.46875,17.640625,17.429688,17.5625,17.742188,18.804688,18.578125,18.023438,17.929688,17.976562,18.007812,17.960938,17.851562
12256,2021-09-20 00:30:00,3534,17.296875,17.265625,16.898438,17.085938,16.914062,17.085938,16.953125,17.132812,17.328125,18.65625,18.578125,18.039062,17.9375,17.976562,18.007812,17.953125,17.851562
12257,2021-09-20 00:45:00,3528,16.90625,17.039062,16.734375,16.9375,16.789062,16.945312,16.820312,16.898438,17.0,18.492188,18.5625,18.0625,17.945312,17.976562,18.0,17.953125,17.851562
12258,2021-09-20 01:00:00,3522,16.578125,16.757812,16.46875,16.671875,16.523438,16.726562,16.625,16.71875,16.789062,18.328125,18.546875,18.078125,17.953125,17.96875,18.0,17.953125,17.851562
12259,2021-09-20 01:15:00,3528,16.359375,16.585938,16.351562,16.5625,16.414062,16.601562,16.492188,16.578125,16.679688,18.179688,18.53125,18.101562,17.960938,17.96875,18.0,17.945312,17.851562
12260,2021-09-20 01:30:00,3528,16.015625,16.15625,15.90625,16.085938,15.8984375,16.078125,16.0,16.117188,16.242188,18.046875,18.507812,18.117188,17.96875,17.96875,17.992188,17.945312,17.851562
12261,2021-09-20 01:45:00,3528,15.7734375,15.9453125,15.7578125,15.8515625,15.65625,15.7578125,15.671875,15.78125,15.9296875,17.914062,18.476562,18.125,17.96875,17.96875,17.984375,17.9375,17.84375
12262,2021-09-20 02:00:00,3522,15.34375,15.46875,15.2578125,15.390625,15.1484375,15.3046875,15.28125,15.3828125,15.5234375,17.765625,18.453125,18.140625,17.984375,17.96875,17.984375,17.9375,17.851562
12263,2021-09-20 02:15:00,3528,14.984375,15.1953125,15.015625,15.2265625,15.0546875,15.1796875,15.1484375,15.2265625,15.3359375,17.617188,18.429688,18.140625,17.984375,17.96875,17.984375,17.9375,17.859375
12264,2021-09-20 02:30:00,3528,14.6015625,14.65625,14.4765625,14.578125,14.296875,14.5390625,14.5234375,14.7265625,14.9609375,17.492188,18.398438,18.148438,18.0,17.96875,17.976562,17.9375,17.851562
12265,2021-09-20 02:45:00,3522,14.1796875,14.3125,14.0546875,14.140625,13.8828125,14.140625,14.1328125,14.296875,14.4765625,17.320312,18.359375,18.15625,18.007812,17.976562,17.976562,17.9375,17.851562
12266,2021-09-20 03:00:00,3522,13.8359375,14.0703125,13.984375,13.984375,13.703125,13.8984375,13.8828125,14.0859375,14.2734375,17.210938,18.328125,18.15625,18.015625,17.976562,17.976562,17.9375,17.851562
12267,2021-09-20 03:15:00,3528,13.96875,14.5,14.421875,14.5078125,14.2890625,14.390625,14.3828125,14.5078125,14.546875,17.101562,18.289062,18.164062,18.023438,17.96875,17.976562,17.9375,17.859375
12268,2021-09-20 03:30:00,3522,14.21875,14.8125,14.7578125,14.6875,14.484375,14.5234375,14.5234375,14.625,14.609375,16.953125,18.257812,18.164062,18.03125,17.976562,17.976562,17.929688,17.859375
12269,2021-09-20 03:45:00,3522,14.2109375,14.65625,14.5546875,14.6015625,14.359375,14.484375,14.5078125,14.6015625,14.5078125,16.9375,18.210938,18.171875,18.03125,17.976562,17.976562,17.929688,17.859375
12270,2021-09-20 04:00:00,3516,14.03125,14.421875,14.3203125,14.375,14.1328125,14.2734375,14.3046875,14.390625,14.34375,16.851562,18.171875,18.164062,18.039062,17.984375,17.976562,17.929688,17.867188
12271,2021-09-20 04:15:00,3522,13.921875,14.21875,14.109375,14.1875,13.9453125,14.109375,14.1328125,14.25,14.3125,16.78125,18.132812,18.164062,18.054688,17.992188,17.976562,17.9375,17.867188
12272,2021-09-20 04:30:00,3528,13.765625,14.171875,14.0625,14.1953125,14.0,14.109375,14.15625,14.234375,14.296875,16.710938,18.09375,18.164062,18.054688,17.992188,17.976562,17.929688,17.867188
12273,2021-09-20 04:45:00,3522,13.65625,14.09375,14.03125,14.09375,13.8515625,14.0234375,14.046875,14.15625,14.234375,16.679688,18.054688,18.15625,18.0625,17.984375,17.976562,17.929688,17.867188
12274,2021-09-20 05:00:00,3522,13.6484375,14.2265625,14.21875,14.2421875,14.0078125,14.1328125,14.1484375,14.296875,14.3203125,16.648438,18.015625,18.148438,18.0625,17.992188,17.976562,17.929688,17.875
12275,2021-09-20 05:15:00,3516,13.5546875,14.0859375,14.015625,14.0703125,13.796875,13.9921875,14.015625,14.15625,14.21875,16.625,17.976562,18.140625,18.070312,18.0,17.976562,17.929688,17.882812
12276,2021-09-20 05:30:00,3522,13.5703125,14.078125,14.03125,14.1015625,13.9375,14.0390625,14.0390625,14.1484375,14.28125,16.59375,17.945312,18.132812,18.070312,18.0,17.976562,17.9375,17.882812
12277,2021-09-20 05:45:00,3522,13.421875,13.90625,13.828125,13.8828125,13.65625,13.8125,13.796875,13.9296875,14.0546875,16.539062,17.914062,18.125,18.078125,18.007812,17.976562,17.9375,17.890625
12278,2021-09-20 06:00:00,3522,13.28125,13.8046875,13.703125,13.78125,13.6015625,13.6875,13.6640625,13.8046875,14.0078125,16.507812,17.875,18.109375,18.078125,18.007812,17.984375,17.9375,17.890625
12279,2021-09-20 06:15:00,3522,13.1484375,13.5546875,13.5,13.546875,13.2734375,13.4609375,13.4140625,13.6328125,13.90625,16.5,17.84375,18.109375,18.085938,18.007812,17.984375,17.945312,17.898438
12280,2021-09-20 06:30:00,3522,13.1171875,13.71875,13.671875,13.6875,13.4296875,13.625,13.6171875,13.796875,13.9375,16.445312,17.8125,18.085938,18.085938,18.015625,17.984375,17.945312,17.898438
12281,2021-09-20 06:45:00,3522,13.09375,13.6953125,13.6328125,13.6640625,13.421875,13.625,13.609375,13.78125,13.921875,16.398438,17.78125,18.078125,18.085938,18.023438,17.984375,17.945312,17.90625
12282,2021-09-20 07:00:00,3510,13.1171875,13.71875,13.640625,13.6953125,13.421875,13.6171875,13.5546875,13.75,13.9296875,16.367188,17.75,18.078125,18.085938,18.023438,17.992188,17.945312,17.90625
12283,2021-09-20 07:15:00,3522,13.0078125,13.515625,13.375,13.4140625,13.140625,13.296875,13.28125,13.46875,13.6484375,16.335938,17.71875,18.054688,18.085938,18.023438,17.992188,17.953125,17.914062
12284,2021-09-20 07:30:00,3522,12.71875,13.2734375,13.1875,13.1640625,12.96875,13.046875,13.046875,13.2109375,13.4921875,16.28125,17.6875,18.046875,18.085938,18.03125,17.992188,17.953125,17.914062
12285,2021-09-20 07:45:00,3522,12.5390625,12.9296875,12.796875,12.875,12.625,12.7890625,12.75,12.96875,13.265625,16.21875,17.664062,18.03125,18.085938,18.03125,17.992188,17.953125,17.921875
12286,2021-09-20 08:00:00,3504,12.625,13.1328125,13.0546875,13.15625,12.9453125,13.0625,13.0078125,13.15625,13.3828125,16.15625,17.632812,18.023438,18.085938,18.03125,18.0,17.960938,17.929688
12287,2021-09-20 08:15:00,3510,12.3984375,12.7890625,12.7109375,12.7421875,12.484375,12.609375,12.5703125,12.8046875,13.15625,16.109375,17.609375,18.007812,18.085938,18.039062,18.0,17.960938,17.929688
12288,2021-09-20 08:30:00,3510,12.15625,12.671875,12.6328125,12.6015625,12.328125,12.4765625,12.4921875,12.6875,12.9140625,16.046875,17.570312,18.0,18.078125,18.039062,18.007812,17.960938,17.929688
12289,2021-09-20 08:45:00,3516,11.96875,12.4453125,12.4140625,12.34375,12.125,12.2578125,12.265625,12.4609375,12.7421875,15.9765625,17.554688,17.984375,18.078125,18.046875,18.007812,17.96875,17.9375
12290,2021-09-20 09:00:00,3522,11.90625,12.234375,12.1484375,12.1875,11.90625,12.0625,12.0390625,12.359375,12.6953125,15.9296875,17.523438,17.96875,18.078125,18.046875,18.007812,17.96875,17.929688
12291,2021-09-20 09:15:00,3516,11.71875,12.203125,12.15625,12.09375,11.8125,11.9765625,12.0,12.2578125,12.5546875,15.859375,17.492188,17.960938,18.078125,18.046875,18.015625,17.96875,17.9375
12292,2021-09-20 09:30:00,3522,11.4609375,11.84375,11.71875,11.7265625,11.4296875,11.65625,11.6875,11.984375,12.3203125,15.7890625,17.46875,17.945312,18.078125,18.046875,18.007812,17.976562,17.953125
12293,2021-09-20 09:45:00,3510,11.3515625,11.8125,11.703125,11.6796875,11.3828125,11.578125,11.578125,11.8125,12.1875,15.71875,17.4375,17.929688,18.070312,18.046875,18.015625,17.96875,17.945312
12294,2021-09-20 10:00:00,3510,11.3515625,11.8828125,11.75,11.7578125,11.4453125,11.6640625,11.703125,11.953125,12.2578125,15.671875,17.40625,17.914062,18.0625,18.046875,18.015625,17.984375,17.953125
12295,2021-09-20 10:15:00,3522,11.359375,11.9296875,11.7890625,11.7578125,11.4375,11.6484375,11.7109375,11.96875,12.3046875,15.65625,17.375,17.898438,18.0625,18.046875,18.023438,17.984375,17.960938
12296,2021-09-20 10:30:00,3510,11.3359375,11.8203125,11.703125,11.7109375,11.4609375,11.578125,11.578125,11.796875,12.15625,15.6015625,17.34375,17.890625,18.054688,18.0625,18.023438,17.984375,17.960938
12297,2021-09-20 10:45:00,3516,11.3359375,11.765625,11.65625,11.625,11.328125,11.4609375,11.5078125,11.78125,12.203125,15.5625,17.3125,17.867188,18.054688,18.054688,18.023438,17.984375,17.96875
12298,2021-09-20 11:00:00,3516,11.21875,11.546875,11.3984375,11.3671875,11.0546875,11.234375,11.359375,11.6796875,12.09375,15.5234375,17.289062,17.851562,18.046875,18.054688,18.03125,17.984375,17.96875
12299,2021-09-20 11:15:00,3510,11.421875,11.9921875,11.9453125,11.828125,11.578125,11.5390625,11.5859375,11.734375,11.984375,15.4609375,17.257812,17.835938,18.039062,18.054688,18.03125,17.992188,17.96875
12300,2021-09-20 11:30:00,3510,11.4453125,11.890625,11.765625,11.671875,11.34375,11.453125,11.4921875,11.7734375,12.109375,15.421875,17.226562,17.828125,18.03125,18.054688,18.03125,17.992188,17.96875
12301,2021-09-20 11:45:00,3510,11.5,11.9453125,11.8359375,11.7578125,11.453125,11.46875,11.53125,11.671875,11.9140625,15.3828125,17.195312,17.8125,18.03125,18.054688,18.03125,18.0,17.976562
12302,2021-09-20 12:00:00,3510,11.6015625,12.1953125,12.1015625,12.1171875,11.90625,11.796875,11.8828125,11.9296875,11.96875,15.296875,17.15625,17.796875,18.015625,18.054688,18.03125,18.0,17.976562
12303,2021-09-20 12:15:00,3510,11.828125,12.4609375,12.3984375,12.484375,12.3203125,12.1015625,12.21875,12.1953125,12.140625,15.2421875,17.132812,17.773438,18.015625,18.054688,18.03125,18.0,17.976562
12304,2021-09-20 12:30:00,3504,12.015625,12.609375,12.5390625,12.46875,12.234375,11.984375,12.0546875,12.0703125,12.0859375,15.2265625,17.09375,17.765625,18.015625,18.054688,18.039062,18.007812,17.984375
12305,2021-09-20 12:45:00,3510,12.484375,12.9921875,12.9140625,13.015625,12.7890625,12.640625,12.6640625,12.5859375,12.5,15.2109375,17.0625,17.75,18.0,18.054688,18.039062,18.007812,17.984375
12306,2021-09-20 13:00:00,3510,12.296875,12.71875,12.546875,12.6875,12.5625,12.3359375,12.40625,12.3125,12.25,15.1796875,17.039062,17.726562,17.992188,18.0625,18.039062,18.007812,17.984375
12307,2021-09-20 13:15:00,3504,11.90625,12.0546875,11.859375,12.015625,11.796875,11.9140625,11.9296875,11.9765625,12.0,15.0546875,17.007812,17.710938,17.992188,18.054688,18.039062,18.007812,17.992188
12308,2021-09-20 13:30:00,3510,11.5859375,12.0390625,11.859375,12.015625,11.8203125,11.8125,11.84375,11.8671875,11.921875,15.03125,16.976562,17.6875,17.984375,18.046875,18.046875,18.015625,17.992188
12309,2021-09-20 13:45:00,3510,11.4140625,11.7265625,11.609375,11.78125,11.59375,11.625,11.6328125,11.734375,11.875,15.0078125,16.945312,17.664062,17.96875,18.046875,18.039062,18.015625,17.992188
12310,2021-09-20 14:00:00,3510,11.1875,11.5625,11.4140625,11.4765625,11.265625,11.28125,11.3515625,11.4375,11.5546875,14.953125,16.914062,17.648438,17.96875,18.046875,18.046875,18.023438,17.992188
12311,2021-09-20 14:15:00,3510,11.4453125,12.0234375,11.90625,11.96875,11.7734375,11.7890625,11.8125,11.90625,11.9453125,14.9296875,16.882812,17.632812,17.953125,18.039062,18.046875,18.015625,17.992188
12312,2021-09-20 14:30:00,3504,11.703125,12.6328125,12.5859375,12.625,12.5078125,12.2578125,12.34375,12.2109375,12.09375,14.9140625,16.851562,17.617188,17.9375,18.039062,18.046875,18.023438,17.992188
12313,2021-09-20 14:45:00,3510,12.1171875,13.203125,13.0,13.015625,12.8203125,12.6015625,12.546875,12.4453125,12.359375,14.9375,16.828125,17.59375,17.9375,18.039062,18.046875,18.023438,18.0
12314,2021-09-20 15:00:00,3504,14.90625,17.507812,16.5,16.5,15.78125,14.9765625,14.640625,14.1875,13.71875,15.1328125,16.796875,17.578125,17.929688,18.039062,18.039062,18.023438,18.0
12315,2021-09-20 15:15:00,3510,17.164062,19.054688,18.078125,18.195312,17.289062,16.765625,16.195312,15.4765625,14.6796875,15.28125,16.765625,17.554688,17.921875,18.039062,18.039062,18.03125,18.0
12316,2021-09-20 15:30:00,3498,18.4375,19.710938,18.953125,19.28125,18.28125,17.867188,17.242188,16.507812,15.5546875,15.4921875,16.742188,17.539062,17.90625,18.03125,18.039062,18.03125,18.0
12317,2021-09-20 15:45:00,3510,19.578125,21.1875,20.492188,21.007812,20.023438,19.65625,18.890625,18.03125,16.84375,15.7265625,16.71875,17.515625,17.890625,18.023438,18.039062,18.023438,18.0
12318,2021-09-20 16:00:00,3510,21.234375,22.859375,22.242188,22.40625,21.539062,21.25,20.4375,19.46875,18.054688,16.039062,16.710938,17.492188,17.882812,18.015625,18.046875,18.023438,18.0
12319,2021-09-20 16:15:00,3510,23.390625,24.460938,24.085938,24.023438,23.1875,23.046875,22.40625,21.210938,19.507812,16.375,16.703125,17.476562,17.875,18.007812,18.039062,18.023438,18.0
12320,2021-09-20 16:30:00,3510,24.960938,25.242188,24.515625,24.390625,23.546875,24.101562,23.453125,22.46875,20.890625,16.820312,16.695312,17.460938,17.867188,18.007812,18.039062,18.03125,18.0
12321,2021-09-20 16:45:00,3504,26.375,27.023438,25.96875,26.078125,25.015625,25.226562,24.375,23.453125,21.984375,17.148438,16.703125,17.445312,17.851562,18.007812,18.039062,18.023438,18.0
12322,2021-09-20 17:00:00,3510,27.578125,26.875,26.039062,26.59375,25.710938,26.59375,25.15625,24.328125,23.015625,17.445312,16.71875,17.429688,17.835938,18.0,18.039062,18.023438,18.0
12323,2021-09-20 17:15:00,3510,28.710938,29.867188,28.460938,28.804688,27.78125,28.640625,26.554688,25.835938,24.609375,17.789062,16.742188,17.40625,17.820312,17.992188,18.039062,18.03125,18.0
12324,2021-09-20 17:30:00,3510,29.898438,29.6875,27.96875,28.289062,28.0,28.945312,26.851562,26.359375,25.429688,18.210938,16.773438,17.390625,17.8125,17.992188,18.039062,18.03125,18.0
12325,2021-09-20 17:45:00,3516,31.546875,32.132812,30.070312,30.5,29.765625,30.164062,27.679688,27.398438,26.585938,18.65625,16.820312,17.382812,17.804688,17.984375,18.039062,18.023438,17.992188
12326,2021-09-20 18:00:00,3516,32.757812,33.773438,31.117188,32.085938,31.34375,31.070312,29.40625,29.046875,28.195312,19.0625,16.859375,17.375,17.789062,17.976562,18.03125,18.023438,17.992188
12327,2021-09-20 18:15:00,3516,32.78125,33.429688,30.65625,31.226562,29.578125,29.539062,28.726562,29.03125,28.492188,19.335938,16.914062,17.359375,17.78125,17.976562,18.03125,18.023438,17.992188
12328,2021-09-20 18:30:00,3522,33.929688,34.851562,32.296875,32.828125,30.421875,30.398438,29.9375,30.09375,29.6875,19.742188,16.976562,17.351562,17.765625,17.960938,18.03125,18.023438,17.992188
12329,2021-09-20 18:45:00,3522,34.453125,35.492188,33.007812,32.640625,31.671875,31.546875,31.53125,32.148438,31.53125,20.34375,17.039062,17.351562,17.765625,17.960938,18.023438,18.023438,17.992188
12330,2021-09-20 19:00:00,3528,35.539062,35.71875,32.429688,31.945312,31.773438,31.523438,31.757812,32.351562,31.585938,20.625,17.109375,17.34375,17.75,17.945312,18.023438,18.023438,17.992188
12331,2021-09-20 19:15:00,3540,36.007812,36.039062,32.835938,32.84375,33.023438,32.328125,33.539062,34.648438,33.648438,21.273438,17.195312,17.351562,17.734375,17.945312,18.023438,18.015625,17.992188
12332,2021-09-20 19:30:00,3540,35.867188,34.757812,32.304688,32.34375,31.867188,31.5625,32.789062,33.789062,33.046875,21.507812,17.28125,17.359375,17.726562,17.945312,18.015625,18.015625,17.984375
12333,2021-09-20 19:45:00,3540,36.492188,36.28125,33.695312,33.773438,32.28125,33.3125,35.09375,35.679688,34.554688,21.898438,17.375,17.367188,17.71875,17.929688,18.007812,18.015625,17.984375
12334,2021-09-20 20:00:00,3540,35.796875,34.429688,31.765625,31.578125,31.375,33.8125,34.078125,34.367188,33.609375,22.21875,17.476562,17.367188,17.710938,17.914062,18.007812,18.015625,17.984375
12335,2021-09-20 20:15:00,3540,35.554688,34.578125,31.9375,31.929688,32.46875,35.03125,35.570312,35.890625,34.828125,22.53125,17.570312,17.382812,17.710938,17.914062,18.007812,18.015625,17.976562
12336,2021-09-20 20:30:00,3546,35.929688,35.34375,32.726562,33.40625,35.609375,37.484375,37.351562,36.8125,35.320312,22.734375,17.695312,17.398438,17.695312,17.90625,18.0,18.015625,17.976562
12337,2021-09-20 20:45:00,3546,36.53125,35.992188,33.234375,33.898438,36.40625,38.53125,39.070312,38.429688,36.929688,23.25,17.789062,17.421875,17.6875,17.90625,18.0,18.007812,17.976562
12338,2021-09-20 21:00:00,3552,35.726562,34.132812,31.554688,33.601562,35.039062,36.820312,37.585938,37.679688,36.101562,23.460938,17.90625,17.445312,17.679688,17.898438,17.984375,18.007812,17.976562
12339,2021-09-20 21:15:00,3552,36.703125,34.796875,32.859375,35.867188,37.476562,38.1875,38.242188,37.6875,36.1875,23.515625,18.015625,17.46875,17.679688,17.890625,17.984375,18.0,17.976562
12340,2021-09-20 21:30:00,3546,35.914062,33.265625,32.164062,33.882812,35.921875,35.789062,36.171875,35.335938,34.390625,23.46875,18.140625,17.492188,17.671875,17.882812,17.976562,18.0,17.976562
12341,2021-09-20 21:45:00,3558,36.5625,34.15625,32.921875,35.9375,37.992188,38.695312,39.273438,37.984375,36.304688,23.804688,18.25,17.523438,17.679688,17.875,17.976562,18.0,17.96875
12342,2021-09-20 22:00:00,3546,36.53125,34.703125,33.789062,36.867188,39.007812,39.664062,39.804688,38.007812,35.96875,23.976562,18.367188,17.554688,17.679688,17.875,17.96875,18.0,17.96875
12343,2021-09-20 22:15:00,3552,35.359375,33.0625,33.289062,35.210938,36.195312,37.164062,37.0625,35.898438,34.742188,23.992188,18.476562,17.601562,17.679688,17.867188,17.976562,17.992188,17.96875
12344,2021-09-20 22:30:00,3558,33.484375,30.914062,31.210938,32.507812,32.84375,33.875,32.65625,32.21875,31.6875,23.648438,18.578125,17.632812,17.679688,17.859375,17.96875,17.992188,17.960938
12345,2021-09-20 22:45:00,3552,29.210938,26.960938,26.398438,26.867188,26.703125,27.125,26.59375,26.617188,26.75,22.867188,18.6875,17.671875,17.679688,17.859375,17.960938,17.992188,17.96875
12346,2021-09-20 23:00:00,3552,27.085938,26.109375,25.5625,25.796875,25.507812,25.5,25.007812,24.851562,24.851562,22.171875,18.789062,17.710938,17.695312,17.851562,17.960938,17.992188,17.96875
12347,2021-09-20 23:15:00,3552,25.851562,25.1875,24.476562,24.757812,24.414062,24.40625,23.984375,23.8125,23.71875,21.664062,18.867188,17.765625,17.695312,17.851562,17.953125,17.992188,17.96875
12348,2021-09-20 23:30:00,3552,25.140625,24.929688,24.382812,24.679688,24.398438,24.421875,24.070312,23.867188,23.625,21.335938,18.921875,17.804688,17.703125,17.84375,17.953125,17.984375,17.976562
12349,2021-09-20 23:45:00,3552,24.226562,23.882812,23.257812,23.546875,23.28125,23.1875,22.867188,22.601562,22.367188,20.992188,18.976562,17.851562,17.71875,17.84375,17.953125,17.976562,17.96875
12350,2021-09-21 00:00:00,3552,23.890625,24.054688,23.664062,24.015625,23.851562,23.6875,23.507812,23.257812,22.992188,20.796875,19.0,17.890625,17.726562,17.835938,17.945312,17.984375,17.96875
12351,2021-09-21 00:15:00,3552,23.648438,23.945312,23.523438,24.039062,23.90625,23.742188,23.585938,23.242188,22.921875,20.65625,19.015625,17.929688,17.742188,17.84375,17.945312,17.984375,17.976562
12352,2021-09-21 00:30:00,3552,24.078125,24.851562,24.601562,24.914062,24.640625,24.523438,24.328125,24.09375,23.8125,20.640625,19.023438,17.976562,17.757812,17.835938,17.953125,17.976562,17.976562
12353,2021-09-21 00:45:00,3546,22.773438,22.179688,21.40625,21.742188,21.382812,21.546875,21.226562,21.257812,21.226562,20.382812,19.023438,18.007812,17.765625,17.835938,17.9375,17.984375,17.984375
12354,2021-09-21 01:00:00,3552,21.578125,21.078125,20.390625,20.617188,20.304688,20.382812,20.203125,20.242188,20.234375,20.046875,19.015625,18.046875,17.78125,17.84375,17.9375,17.976562,17.984375
12355,2021-09-21 01:15:00,3558,21.117188,21.171875,20.75,20.976562,20.65625,20.648438,20.539062,20.539062,20.507812,19.914062,19.015625,18.078125,17.796875,17.84375,17.9375,17.976562,17.984375
12356,2021-09-21 01:30:00,3546,21.117188,21.625,21.359375,21.773438,21.625,21.4375,21.359375,21.140625,20.882812,19.796875,19.0,18.109375,17.820312,17.851562,17.9375,17.984375,17.992188
12357,2021-09-21 01:45:00,3552,20.734375,20.929688,20.523438,20.953125,20.695312,20.515625,20.289062,20.078125,19.898438,19.617188,18.984375,18.140625,17.835938,17.851562,17.929688,17.976562,18.0
12358,2021-09-21 02:00:00,3558,21.210938,22.125,21.984375,22.390625,22.273438,22.109375,22.070312,21.890625,21.546875,19.59375,18.960938,18.171875,17.84375,17.851562,17.929688,17.984375,18.0
12359,2021-09-21 02:15:00,3546,21.46875,22.296875,22.25,22.453125,22.242188,22.148438,22.078125,21.960938,21.601562,19.578125,18.9375,18.195312,17.867188,17.859375,17.929688,17.984375,18.007812
12360,2021-09-21 02:30:00,3552,21.59375,22.078125,21.914062,22.195312,21.945312,21.992188,21.9375,21.898438,21.695312,19.59375,18.921875,18.21875,17.890625,17.859375,17.9375,17.984375,18.007812
12361,2021-09-21 02:45:00,3546,21.546875,21.96875,21.75,21.96875,21.695312,21.859375,21.8125,21.84375,21.617188,19.59375,18.898438,18.242188,17.90625,17.867188,17.9375,17.984375,18.023438
12362,2021-09-21 03:00:00,3552,21.125,21.46875,21.265625,21.382812,21.117188,21.164062,21.117188,21.1875,21.054688,19.5,18.882812,18.257812,17.921875,17.875,17.9375,17.992188,18.023438
12363,2021-09-21 03:15:00,3552,20.835938,21.296875,21.109375,21.304688,21.046875,21.117188,21.109375,21.179688,21.039062,19.453125,18.859375,18.273438,17.945312,17.882812,17.9375,17.992188,18.03125
12364,2021-09-21 03:30:00,3552,20.648438,21.078125,20.882812,21.101562,20.875,20.984375,20.921875,20.929688,20.78125,19.390625,18.84375,18.289062,17.960938,17.890625,17.945312,17.992188,18.046875
12365,2021-09-21 03:45:00,3546,20.421875,20.882812,20.71875,20.804688,20.601562,20.65625,20.632812,20.71875,20.578125,19.304688,18.828125,18.296875,17.96875,17.898438,17.945312,17.992188,18.046875
12366,2021-09-21 04:00:00,3552,20.015625,20.273438,20.03125,20.15625,19.9375,19.90625,19.882812,19.960938,19.84375,19.203125,18.804688,18.3125,17.992188,17.90625,17.945312,18.0,18.054688
12367,2021-09-21 04:15:00,3546,19.945312,20.59375,20.476562,20.5625,20.351562,20.257812,20.21875,20.171875,19.9375,19.078125,18.789062,18.320312,18.007812,17.914062,17.945312,18.007812,18.0625
12368,2021-09-21 04:30:00,3546,19.820312,20.335938,20.125,20.351562,20.15625,20.09375,20.054688,20.046875,19.882812,19.023438,18.773438,18.328125,18.023438,17.914062,17.953125,18.007812,18.078125
12369,2021-09-21 04:45:00,3546,20.429688,21.4375,21.34375,21.523438,21.265625,21.132812,21.101562,21.03125,20.75,19.046875,18.757812,18.34375,18.039062,17.929688,17.960938,18.015625,18.085938
12370,2021-09-21 05:00:00,3546,20.757812,21.601562,21.375,21.5625,21.257812,21.15625,21.046875,20.960938,20.703125,19.070312,18.734375,18.351562,18.054688,17.945312,17.960938,18.015625,18.09375
12371,2021-09-21 05:15:00,3546,20.265625,20.476562,20.15625,20.351562,20.0,19.796875,19.484375,19.328125,19.148438,18.914062,18.71875,18.359375,18.070312,17.953125,17.96875,18.03125,18.101562
12372,2021-09-21 05:30:00,3546,20.71875,21.976562,21.984375,22.03125,21.71875,21.359375,21.210938,20.890625,20.34375,18.84375,18.695312,18.367188,18.085938,17.960938,17.976562,18.03125,18.117188
12373,2021-09-21 05:45:00,3546,21.226562,21.773438,21.414062,21.859375,21.523438,21.59375,21.328125,21.046875,20.53125,18.953125,18.6875,18.375,18.09375,17.976562,17.976562,18.039062,18.125
12374,2021-09-21 06:00:00,3546,20.726562,21.015625,20.75,21.125,20.914062,21.007812,20.945312,20.875,20.703125,18.929688,18.671875,18.382812,18.117188,17.984375,17.984375,18.039062,18.140625
12375,2021-09-21 06:15:00,3552,20.445312,20.65625,20.421875,20.789062,20.5625,20.679688,20.617188,20.609375,20.554688,18.984375,18.648438,18.390625,18.125,17.992188,17.992188,18.046875,18.148438
12376,2021-09-21 06:30:00,3552,19.984375,20.1875,19.882812,20.140625,19.90625,20.140625,20.117188,20.179688,20.101562,18.921875,18.632812,18.382812,18.148438,18.0,18.0,18.054688,18.15625
12377,2021-09-21 06:45:00,3546,19.851562,20.34375,20.117188,20.34375,20.109375,20.335938,20.351562,20.414062,20.289062,18.867188,18.625,18.390625,18.148438,18.015625,18.007812,18.0625,18.164062
12378,2021-09-21 07:00:00,3546,19.804688,20.1875,20.0,20.351562,20.140625,20.273438,20.25,20.257812,20.210938,18.859375,18.609375,18.398438,18.164062,18.023438,18.015625,18.070312,18.179688
12379,2021-09-21 07:15:00,3546,19.578125,19.984375,19.789062,20.109375,19.890625,20.015625,20.015625,20.039062,19.9375,18.8125,18.601562,18.398438,18.179688,18.039062,18.023438,18.078125,18.195312
12380,2021-09-21 07:30:00,3546,19.4375,19.898438,19.6875,19.9375,19.71875,19.851562,19.851562,19.882812,19.78125,18.757812,18.585938,18.398438,18.195312,18.046875,18.03125,18.085938,18.203125
12381,2021-09-21 07:45:00,3552,19.5,20.015625,19.789062,20.070312,19.851562,20.078125,20.054688,20.117188,20.023438,18.75,18.578125,18.40625,18.203125,18.0625,18.046875,18.09375,18.21875
12382,2021-09-21 08:00:00,3540,19.367188,19.914062,19.703125,19.921875,19.6875,19.882812,19.882812,19.929688,19.796875,18.71875,18.5625,18.40625,18.210938,18.070312,18.054688,18.109375,18.226562
12383,2021-09-21 08:15:00,3546,19.242188,19.632812,19.375,19.59375,19.34375,19.585938,19.585938,19.65625,19.578125,18.664062,18.554688,18.40625,18.21875,18.078125,18.054688,18.109375,18.242188
12384,2021-09-21 08:30:00,3546,19.125,19.625,19.4375,19.625,19.375,19.609375,19.617188,19.65625,19.484375,18.625,18.546875,18.40625,18.226562,18.09375,18.0625,18.125,18.25
12385,2021-09-21 08:45:00,3546,19.023438,19.554688,19.40625,19.578125,19.34375,19.554688,19.570312,19.640625,19.484375,18.570312,18.53125,18.414062,18.242188,18.101562,18.078125,18.132812,18.265625
12386,2021-09-21 09:00:00,3540,19.148438,19.820312,19.6875,19.851562,19.664062,19.796875,19.804688,19.867188,19.765625,18.578125,18.515625,18.40625,18.25,18.109375,18.085938,18.140625,18.273438
12387,2021-09-21 09:15:00,3540,19.304688,19.773438,19.59375,19.8125,19.570312,19.796875,19.773438,19.851562,19.75,18.625,18.507812,18.421875,18.265625,18.125,18.09375,18.148438,18.289062
12388,2021-09-21 09:30:00,3546,19.34375,19.828125,19.625,19.914062,19.695312,19.851562,19.84375,19.867188,19.773438,18.632812,18.492188,18.414062,18.273438,18.132812,18.109375,18.15625,18.296875
12389,2021-09-21 09:45:00,3540,19.429688,20.0625,19.914062,20.15625,19.976562,20.101562,20.085938,20.132812,20.0,18.617188,18.484375,18.414062,18.28125,18.140625,18.109375,18.164062,18.3125
12390,2021-09-21 10:00:00,3540,20.046875,20.90625,20.84375,21.148438,20.929688,20.984375,20.960938,20.96875,20.882812,18.75,18.476562,18.414062,18.28125,18.148438,18.117188,18.179688,18.320312
12391,2021-09-21 10:15:00,3540,20.1875,20.8125,20.625,20.890625,20.65625,20.78125,20.726562,20.742188,20.625,18.804688,18.46875,18.421875,18.289062,18.164062,18.132812,18.195312,18.335938
12392,2021-09-21 10:30:00,3546,20.054688,20.398438,20.15625,20.4375,20.195312,20.40625,20.328125,20.34375,20.234375,18.789062,18.460938,18.421875,18.304688,18.179688,18.140625,18.203125,18.34375
12393,2021-09-21 10:45:00,3540,19.6875,19.851562,19.5,19.765625,19.460938,19.710938,19.625,19.6875,19.609375,18.734375,18.453125,18.414062,18.3125,18.179688,18.148438,18.210938,18.351562
12394,2021-09-21 11:00:00,3540,19.820312,20.460938,20.359375,20.664062,20.453125,20.46875,20.453125,20.421875,20.3125,18.710938,18.445312,18.414062,18.3125,18.195312,18.15625,18.226562,18.375
12395,2021-09-21 11:15:00,3540,19.5,19.625,19.289062,19.625,19.335938,19.46875,19.359375,19.367188,19.273438,18.65625,18.445312,18.421875,18.320312,18.210938,18.171875,18.226562,18.375
12396,2021-09-21 11:30:00,3540,19.101562,19.6875,19.429688,19.820312,19.632812,19.484375,19.507812,19.445312,19.304688,18.5,18.4375,18.414062,18.328125,18.21875,18.179688,18.25,18.382812
12397,2021-09-21 11:45:00,3534,20.890625,22.773438,22.65625,23.195312,23.054688,22.9375,22.90625,22.664062,22.351562,18.820312,18.4375,18.421875,18.328125,18.226562,18.195312,18.257812,18.398438
12398,2021-09-21 12:00:00,3546,21.109375,21.625,21.1875,21.789062,21.59375,21.789062,21.570312,21.382812,21.171875,18.945312,18.429688,18.414062,18.335938,18.234375,18.203125,18.265625,18.414062
12399,2021-09-21 12:15:00,3540,20.234375,20.28125,19.875,20.320312,20.078125,20.242188,20.148438,20.125,20.070312,18.789062,18.429688,18.414062,18.34375,18.242188,18.210938,18.273438,18.421875
12400,2021-09-21 12:30:00,3540,19.617188,20.039062,19.84375,20.09375,19.882812,19.78125,19.78125,19.734375,19.59375,18.625,18.421875,18.414062,18.351562,18.25,18.21875,18.28125,18.4375
12401,2021-09-21 12:45:00,3540,19.828125,20.570312,20.375,20.796875,20.601562,20.570312,20.539062,20.460938,20.367188,18.664062,18.421875,18.421875,18.351562,18.257812,18.234375,18.296875,18.445312
12402,2021-09-21 13:00:00,3540,20.203125,21.28125,21.046875,21.585938,21.445312,21.203125,21.164062,20.851562,20.53125,18.695312,18.421875,18.414062,18.351562,18.265625,18.242188,18.304688,18.453125
12403,2021-09-21 13:15:00,3534,19.929688,20.390625,20.03125,20.398438,20.1875,20.0625,19.914062,19.71875,19.445312,18.609375,18.421875,18.414062,18.359375,18.28125,18.25,18.304688,18.460938
12404,2021-09-21 13:30:00,3534,19.71875,20.085938,19.78125,20.117188,19.875,19.960938,19.867188,19.789062,19.578125,18.585938,18.421875,18.414062,18.367188,18.28125,18.257812,18.320312,18.46875
12405,2021-09-21 13:45:00,3540,19.492188,19.796875,19.46875,19.773438,19.5,19.65625,19.539062,19.5625,19.40625,18.539062,18.40625,18.414062,18.367188,18.296875,18.273438,18.328125,18.484375
12406,2021-09-21 14:00:00,3540,19.007812,19.296875,19.007812,19.304688,19.117188,19.070312,18.96875,18.875,18.734375,18.445312,18.40625,18.421875,18.375,18.296875,18.28125,18.34375,18.492188
12407,2021-09-21 14:15:00,3540,19.320312,20.0,19.78125,20.148438,19.96875,19.992188,19.929688,19.875,19.742188,18.53125,18.398438,18.414062,18.382812,18.304688,18.289062,18.351562,18.5
12408,2021-09-21 14:30:00,3540,19.1875,19.632812,19.3125,19.523438,19.210938,19.289062,19.15625,19.203125,19.085938,18.507812,18.398438,18.421875,18.382812,18.320312,18.296875,18.367188,18.515625
12409,2021-09-21 14:45:00,3540,19.210938,20.054688,19.695312,19.84375,19.601562,19.507812,19.34375,19.234375,19.03125,18.46875,18.390625,18.414062,18.382812,18.320312,18.304688,18.367188,18.523438
12410,2021-09-21 15:00:00,3528,20.640625,22.507812,21.703125,21.882812,21.34375,21.039062,20.6875,20.289062,19.773438,18.539062,18.382812,18.414062,18.390625,18.328125,18.304688,18.382812,18.53125
12411,2021-09-21 15:15:00,3534,22.632812,24.554688,23.867188,24.039062,23.570312,23.351562,23.0625,22.6875,22.007812,18.8125,18.382812,18.414062,18.398438,18.335938,18.320312,18.390625,18.539062
12412,2021-09-21 15:30:00,3540,24.164062,26.125,25.257812,25.421875,24.859375,24.679688,24.171875,23.601562,22.679688,19.046875,18.382812,18.414062,18.398438,18.34375,18.328125,18.390625,18.554688
12413,2021-09-21 15:45:00,3534,25.34375,27.257812,26.25,26.671875,25.945312,25.953125,25.40625,24.882812,23.890625,19.320312,18.375,18.414062,18.398438,18.34375,18.34375,18.40625,18.5625
12414,2021-09-21 16:00:00,3534,27.140625,29.492188,28.453125,28.734375,27.921875,27.78125,27.15625,26.46875,25.234375,19.648438,18.382812,18.414062,18.40625,18.351562,18.34375,18.414062,18.570312
12415,2021-09-21 16:15:00,3534,29.242188,31.367188,29.890625,30.125,29.28125,29.257812,28.539062,27.921875,26.875,20.054688,18.390625,18.40625,18.40625,18.359375,18.351562,18.429688,18.578125
12416,2021-09-21 16:30:00,3540,30.921875,32.765625,31.195312,31.445312,30.351562,30.5,29.46875,28.789062,27.671875,20.507812,18.40625,18.414062,18.414062,18.367188,18.359375,18.445312,18.585938
12417,2021-09-21 16:45:00,3540,31.75,33.117188,31.25,31.601562,30.546875,31.039062,30.148438,29.460938,28.359375,20.867188,18.429688,18.414062,18.414062,18.375,18.375,18.445312,18.59375
12418,2021-09-21 17:00:00,3540,32.757812,32.851562,31.3125,31.890625,31.351562,32.046875,30.890625,30.289062,29.234375,21.1875,18.460938,18.414062,18.414062,18.375,18.382812,18.453125,18.601562
12419,2021-09-21 17:15:00,3546,32.90625,33.695312,31.898438,32.28125,31.679688,32.867188,31.328125,30.96875,30.109375,21.546875,18.507812,18.414062,18.421875,18.382812,18.382812,18.460938,18.609375
12420,2021-09-21 17:30:00,3540,33.867188,35.023438,32.539062,32.84375,32.890625,33.617188,31.90625,31.679688,30.9375,21.914062,18.554688,18.414062,18.421875,18.390625,18.390625,18.46875,18.617188
12421,2021-09-21 17:45:00,3540,35.179688,36.148438,33.546875,34.585938,34.421875,34.515625,32.96875,32.710938,31.867188,22.25,18.617188,18.421875,18.429688,18.398438,18.398438,18.476562,18.625
12422,2021-09-21 18:00:00,3540,36.28125,36.539062,33.898438,35.453125,34.429688,34.414062,33.242188,33.273438,32.695312,22.632812,18.6875,18.429688,18.421875,18.40625,18.398438,18.484375,18.632812
12423,2021-09-21 18:15:00,3546,37.304688,37.625,35.648438,36.78125,35.234375,35.632812,34.53125,34.742188,34.054688,23.078125,18.757812,18.4375,18.429688,18.40625,18.414062,18.492188,18.640625
12424,2021-09-21 18:30:00,3546,37.898438,37.53125,35.953125,36.226562,35.148438,35.171875,34.867188,35.4375,34.773438,23.484375,18.828125,18.453125,18.429688,18.414062,18.414062,18.507812,18.648438
12425,2021-09-21 18:45:00,3552,38.257812,38.320312,36.898438,35.875,36.140625,35.632812,35.710938,35.976562,35.070312,23.796875,18.921875,18.460938,18.4375,18.414062,18.429688,18.507812,18.65625
12426,2021-09-21 19:00:00,3546,38.734375,38.09375,36.375,35.625,36.0,35.484375,36.578125,37.507812,36.375,24.234375,19.007812,18.484375,18.4375,18.421875,18.429688,18.515625,18.664062
12427,2021-09-21 19:15:00,3552,39.203125,38.34375,35.851562,36.273438,35.179688,35.726562,36.96875,37.25,36.328125,24.640625,19.109375,18.5,18.445312,18.421875,18.445312,18.523438,18.671875
12428,2021-09-21 19:30:00,3552,38.914062,37.414062,35.84375,35.96875,34.9375,36.367188,38.34375,39.234375,38.101562,25.09375,19.210938,18.515625,18.445312,18.429688,18.445312,18.53125,18.679688
12429,2021-09-21 19:45:00,3546,38.609375,36.601562,35.179688,35.078125,34.320312,36.898438,38.898438,39.742188,38.703125,25.5625,19.328125,18.546875,18.453125,18.4375,18.460938,18.546875,18.6875
12430,2021-09-21 20:00:00,3552,37.882812,37.25,35.046875,34.601562,34.617188,37.796875,38.9375,39.476562,38.335938,25.828125,19.445312,18.570312,18.460938,18.445312,18.460938,18.546875,18.6875
12431,2021-09-21 20:15:00,3552,37.710938,37.703125,34.664062,34.648438,35.648438,38.773438,40.34375,40.539062,39.15625,26.148438,19.5625,18.601562,18.46875,18.445312,18.476562,18.554688,18.703125
12432,2021-09-21 19:00:00,3546,38.734375,38.09375,36.375,35.625,36.0,35.484375,36.578125,37.507812,36.375,24.234375,19.007812,18.484375,18.4375,18.421875,18.429688,18.515625,18.664062
12433,2021-09-21 19:15:00,3552,39.203125,38.34375,35.851562,36.273438,35.179688,35.726562,36.96875,37.25,36.328125,24.640625,19.109375,18.5,18.445312,18.421875,18.445312,18.523438,18.671875
12434,2021-09-21 19:30:00,3552,38.914062,37.414062,35.84375,35.96875,34.9375,36.367188,38.34375,39.234375,38.101562,25.09375,19.210938,18.515625,18.445312,18.429688,18.445312,18.53125,18.679688
12435,2021-09-21 19:45:00,3546,38.609375,36.601562,35.179688,35.078125,34.320312,36.898438,38.898438,39.742188,38.703125,25.5625,19.328125,18.546875,18.453125,18.4375,18.460938,18.546875,18.6875
12436,2021-09-21 20:00:00,3552,37.882812,37.25,35.046875,34.601562,34.617188,37.796875,38.9375,39.476562,38.335938,25.828125,19.445312,18.570312,18.460938,18.445312,18.460938,18.546875,18.6875
12437,2021-09-21 20:15:00,3552,37.710938,37.703125,34.664062,34.648438,35.648438,38.773438,40.34375,40.539062,39.15625,26.148438,19.5625,18.601562,18.46875,18.445312,18.476562,18.554688,18.703125
12438,2021-09-21 20:30:00,3552,37.476562,36.304688,33.945312,33.9375,35.1875,38.109375,40.234375,40.359375,38.828125,26.34375,19.679688,18.632812,18.476562,18.453125,18.476562,18.5625,18.703125
12439,2021-09-21 20:45:00,3564,37.226562,36.25,33.640625,33.898438,35.539062,38.210938,40.273438,40.773438,39.460938,26.632812,19.8125,18.671875,18.492188,18.460938,18.476562,18.570312,18.71875
12440,2021-09-21 21:00:00,3564,36.570312,35.484375,33.375,34.429688,36.703125,38.757812,41.101562,41.273438,39.367188,26.796875,19.945312,18.710938,18.492188,18.46875,18.492188,18.570312,18.726562
12441,2021-09-21 21:15:00,3558,36.625,35.140625,33.40625,35.015625,36.695312,38.234375,39.960938,40.007812,38.8125,26.921875,20.078125,18.757812,18.507812,18.46875,18.492188,18.578125,18.734375
12442,2021-09-21 21:30:00,3558,36.453125,34.0625,32.976562,35.273438,36.90625,38.429688,40.421875,39.765625,38.578125,26.960938,20.203125,18.804688,18.523438,18.476562,18.5,18.59375,18.742188
12443,2021-09-21 21:45:00,3558,36.960938,34.703125,33.9375,36.054688,37.992188,39.328125,41.351562,40.390625,38.765625,27.007812,20.335938,18.851562,18.53125,18.484375,18.507812,18.601562,18.757812
12444,2021-09-21 22:00:00,3570,36.585938,34.320312,33.375,35.226562,37.078125,38.132812,40.382812,39.484375,37.992188,27.039062,20.460938,18.898438,18.546875,18.484375,18.515625,18.609375,18.757812
12445,2021-09-21 22:15:00,3564,36.78125,34.6875,34.234375,36.570312,37.765625,39.296875,40.351562,39.164062,37.773438,27.054688,20.578125,18.953125,18.5625,18.492188,18.523438,18.617188,18.765625
12446,2021-09-21 22:30:00,3564,34.640625,32.039062,31.554688,32.890625,33.085938,34.492188,34.007812,33.726562,33.367188,26.585938,20.6875,19.007812,18.585938,18.5,18.53125,18.625,18.78125
12447,2021-09-21 22:45:00,3564,31.148438,29.148438,28.625,29.046875,28.914062,29.375,29.132812,29.28125,29.4375,25.71875,20.796875,19.054688,18.601562,18.515625,18.539062,18.632812,18.789062
12448,2021-09-21 23:00:00,3564,28.773438,27.445312,26.945312,27.242188,27.09375,27.351562,27.15625,27.289062,27.476562,25.046875,20.898438,19.117188,18.617188,18.515625,18.539062,18.640625,18.796875
12449,2021-09-21 23:15:00,3564,27.492188,26.898438,26.429688,26.671875,26.476562,26.585938,26.335938,26.34375,26.40625,24.523438,20.984375,19.171875,18.640625,18.53125,18.546875,18.648438,18.804688
12450,2021-09-21 23:30:00,3570,26.53125,26.023438,25.492188,25.765625,25.53125,25.664062,25.375,25.40625,25.507812,24.125,21.039062,19.226562,18.671875,18.539062,18.5625,18.65625,18.820312
12451,2021-09-21 23:45:00,3564,25.671875,25.3125,24.804688,25.070312,24.851562,24.929688,24.65625,24.671875,24.765625,23.773438,21.078125,19.289062,18.695312,18.546875,18.570312,18.664062,18.828125
12452,2021-09-22 00:00:00,3564,25.078125,24.898438,24.414062,24.648438,24.40625,24.40625,24.09375,24.078125,24.179688,23.46875,21.101562,19.34375,18.71875,18.5625,18.578125,18.671875,18.835938
12453,2021-09-22 00:15:00,3564,24.523438,24.34375,23.84375,24.078125,23.820312,23.796875,23.484375,23.492188,23.609375,23.1875,21.109375,19.398438,18.75,18.570312,18.578125,18.6875,18.851562
12454,2021-09-22 00:30:00,3564,23.914062,23.78125,23.234375,23.414062,23.140625,23.070312,22.804688,22.820312,22.945312,22.890625,21.109375,19.453125,18.78125,18.59375,18.59375,18.6875,18.867188
12455,2021-09-22 00:45:00,3558,23.53125,23.554688,23.101562,23.273438,22.984375,22.835938,22.4375,22.328125,22.4375,22.640625,21.109375,19.5,18.804688,18.59375,18.601562,18.695312,18.875
12456,2021-09-22 01:00:00,3564,22.984375,22.742188,22.148438,22.351562,22.015625,21.976562,21.65625,21.695312,21.867188,22.398438,21.09375,19.546875,18.835938,18.609375,18.609375,18.710938,18.890625
12457,2021-09-22 01:15:00,3570,22.234375,21.992188,21.453125,21.765625,21.554688,21.554688,21.445312,21.460938,21.515625,22.148438,21.078125,19.59375,18.859375,18.632812,18.625,18.71875,18.898438
12458,2021-09-22 01:30:00,3564,21.742188,21.648438,21.203125,21.515625,21.304688,21.351562,21.242188,21.289062,21.351562,21.992188,21.054688,19.632812,18.898438,18.640625,18.632812,18.726562,18.914062
12459,2021-09-22 01:45:00,3570,21.234375,21.09375,20.71875,21.0,20.804688,20.867188,20.796875,20.851562,20.898438,21.8125,21.03125,19.671875,18.929688,18.65625,18.640625,18.742188,18.921875
12460,2021-09-22 02:00:00,3564,20.671875,20.484375,20.039062,20.398438,20.25,20.242188,20.210938,20.171875,20.257812,21.570312,21.0,19.695312,18.953125,18.671875,18.648438,18.75,18.945312
12461,2021-09-22 02:15:00,3558,20.132812,19.929688,19.664062,19.804688,19.5625,19.65625,19.632812,19.71875,19.78125,21.34375,20.960938,19.734375,18.984375,18.695312,18.65625,18.773438,18.953125
12462,2021-09-22 02:30:00,3564,19.59375,19.328125,19.0625,19.25,19.0,19.085938,19.039062,19.148438,19.289062,21.132812,20.929688,19.765625,19.015625,18.710938,18.671875,18.773438,18.96875
12463,2021-09-22 02:45:00,3564,19.226562,19.203125,18.984375,19.226562,19.007812,19.085938,19.101562,19.171875,19.25,20.9375,20.890625,19.789062,19.046875,18.726562,18.679688,18.789062,18.976562
12464,2021-09-22 03:00:00,3552,19.101562,19.28125,19.148438,19.328125,19.117188,19.265625,19.28125,19.367188,19.421875,20.835938,20.851562,19.8125,19.078125,18.75,18.703125,18.804688,19.0
12465,2021-09-22 03:15:00,3558,19.0625,19.375,19.320312,19.523438,19.335938,19.382812,19.421875,19.46875,19.476562,20.726562,20.8125,19.828125,19.101562,18.765625,18.710938,18.8125,19.015625
12466,2021-09-22 03:30:00,3564,19.15625,19.515625,19.382812,19.6875,19.507812,19.578125,19.578125,19.632812,19.65625,20.65625,20.765625,19.851562,19.140625,18.789062,18.726562,18.828125,19.03125
12467,2021-09-22 03:45:00,3564,18.960938,19.15625,18.976562,19.28125,19.078125,19.179688,19.164062,19.234375,19.304688,20.578125,20.71875,19.867188,19.15625,18.8125,18.742188,18.835938,19.046875
12468,2021-09-22 04:00:00,3558,19.015625,19.398438,19.335938,19.5625,19.382812,19.507812,19.5,19.539062,19.5625,20.5,20.679688,19.882812,19.1875,18.828125,18.757812,18.851562,19.0625
12469,2021-09-22 04:15:00,3564,18.96875,19.304688,19.203125,19.476562,19.320312,19.421875,19.414062,19.46875,19.5,20.445312,20.640625,19.890625,19.21875,18.851562,18.773438,18.875,19.078125
12470,2021-09-22 04:30:00,3552,18.835938,19.046875,18.875,19.203125,19.039062,19.179688,19.171875,19.234375,19.28125,20.382812,20.59375,19.90625,19.242188,18.867188,18.789062,18.882812,19.09375
12471,2021-09-22 04:45:00,3564,18.4375,18.53125,18.3125,18.625,18.453125,18.5625,18.585938,18.679688,18.75,20.265625,20.5625,19.914062,19.265625,18.890625,18.804688,18.898438,19.117188
12472,2021-09-22 05:00:00,3564,18.015625,17.929688,17.640625,17.9375,17.71875,17.882812,17.867188,17.984375,18.148438,20.125,20.515625,19.921875,19.289062,18.90625,18.820312,18.914062,19.132812
12473,2021-09-22 05:15:00,3564,17.195312,16.835938,16.429688,16.632812,16.335938,16.523438,16.570312,16.796875,17.078125,19.84375,20.484375,19.921875,19.3125,18.9375,18.835938,18.921875,19.15625
12474,2021-09-22 05:30:00,3552,16.4375,16.054688,15.5390625,15.796875,15.4921875,15.75,15.828125,15.9921875,16.15625,19.570312,20.445312,19.929688,19.34375,18.953125,18.851562,18.945312,19.171875
12475,2021-09-22 05:45:00,3564,15.7109375,15.484375,15.109375,15.2421875,14.8984375,15.2421875,15.484375,15.625,15.6953125,19.289062,20.40625,19.9375,19.359375,18.96875,18.859375,18.960938,19.1875
12476,2021-09-22 06:00:00,3552,15.65625,15.96875,15.796875,16.085938,15.8515625,16.148438,16.1875,16.429688,16.78125,19.429688,20.359375,19.9375,19.375,18.992188,18.882812,18.976562,19.203125
12477,2021-09-22 06:15:00,3552,15.640625,16.09375,15.953125,16.273438,16.125,16.1875,16.25,16.421875,16.734375,19.453125,20.320312,19.9375,19.398438,19.015625,18.898438,18.984375,19.226562
12478,2021-09-22 06:30:00,3552,15.96875,16.65625,16.773438,16.867188,16.742188,16.648438,16.726562,16.8125,16.984375,19.429688,20.273438,19.9375,19.421875,19.039062,18.914062,19.007812,19.242188
12479,2021-09-22 06:45:00,3552,17.03125,18.03125,18.0625,18.34375,18.210938,18.140625,18.179688,18.15625,18.179688,19.5,20.234375,19.945312,19.445312,19.054688,18.9375,19.023438,19.257812
12480,2021-09-22 07:00:00,3558,17.539062,18.25,18.195312,18.453125,18.28125,18.367188,18.382812,18.421875,18.453125,19.585938,20.195312,19.9375,19.460938,19.078125,18.953125,19.046875,19.28125
12481,2021-09-22 07:15:00,3546,17.914062,18.617188,18.523438,18.84375,18.695312,18.71875,18.734375,18.75,18.75,19.617188,20.15625,19.9375,19.476562,19.09375,18.96875,19.054688,19.296875
12482,2021-09-22 07:30:00,3552,18.242188,18.8125,18.734375,19.039062,18.898438,18.945312,18.945312,18.960938,18.945312,19.640625,20.125,19.9375,19.492188,19.117188,18.992188,19.078125,19.320312
12483,2021-09-22 07:45:00,3552,18.3125,18.789062,18.695312,18.992188,18.851562,18.898438,18.914062,18.914062,18.90625,19.632812,20.09375,19.921875,19.507812,19.140625,19.007812,19.085938,19.335938
12484,2021-09-22 08:00:00,3546,18.375,18.8125,18.710938,18.96875,18.828125,18.921875,18.929688,18.960938,18.960938,19.625,20.070312,19.929688,19.523438,19.15625,19.023438,19.109375,19.359375
12485,2021-09-22 08:15:00,3546,18.382812,18.804688,18.703125,18.984375,18.835938,18.90625,18.921875,18.953125,18.9375,19.578125,20.039062,19.921875,19.539062,19.179688,19.046875,19.125,19.375
12486,2021-09-22 08:30:00,3546,18.257812,18.53125,18.421875,18.679688,18.539062,18.617188,18.625,18.648438,18.625,19.515625,20.023438,19.914062,19.554688,19.195312,19.0625,19.140625,19.390625
12487,2021-09-22 08:45:00,3552,18.226562,18.640625,18.507812,18.820312,18.671875,18.734375,18.734375,18.765625,18.765625,19.484375,20.007812,19.914062,19.570312,19.21875,19.085938,19.15625,19.40625
12488,2021-09-22 09:00:00,3552,18.234375,18.757812,18.648438,18.859375,18.703125,18.835938,18.851562,18.90625,18.890625,19.460938,19.976562,19.90625,19.585938,19.234375,19.101562,19.179688,19.429688
12489,2021-09-22 09:15:00,3546,18.359375,18.914062,18.773438,19.0625,18.914062,19.039062,19.03125,19.085938,19.085938,19.507812,19.960938,19.90625,19.585938,19.257812,19.117188,19.195312,19.445312
12490,2021-09-22 09:30:00,3546,18.367188,18.875,18.726562,19.023438,18.875,18.953125,18.953125,19.023438,19.03125,19.53125,19.9375,19.898438,19.609375,19.273438,19.140625,19.21875,19.460938
12491,2021-09-22 09:45:00,3552,18.4375,18.914062,18.789062,19.070312,18.9375,19.0,19.007812,19.070312,19.0625,19.53125,19.914062,19.898438,19.609375,19.289062,19.15625,19.234375,19.484375
12492,2021-09-22 10:00:00,3546,18.179688,18.132812,17.78125,18.101562,17.8125,18.125,18.125,18.351562,18.523438,19.523438,19.898438,19.890625,19.617188,19.3125,19.171875,19.25,19.5
12493,2021-09-22 10:15:00,3540,18.007812,18.296875,18.117188,18.4375,18.273438,18.351562,18.367188,18.429688,18.484375,19.445312,19.882812,19.882812,19.632812,19.328125,19.195312,19.265625,19.515625
12494,2021-09-22 10:30:00,3552,17.90625,18.3125,18.15625,18.46875,18.328125,18.398438,18.398438,18.460938,18.5,19.398438,19.875,19.875,19.632812,19.34375,19.210938,19.289062,19.53125
12495,2021-09-22 10:45:00,3540,17.695312,18.007812,17.859375,18.09375,17.921875,18.0625,18.054688,18.140625,18.164062,19.351562,19.851562,19.875,19.648438,19.367188,19.234375,19.304688,19.546875
12496,2021-09-22 11:00:00,3546,17.632812,18.015625,17.84375,18.15625,18.0,18.132812,18.140625,18.203125,18.242188,19.3125,19.84375,19.867188,19.65625,19.375,19.242188,19.320312,19.5625
12497,2021-09-22 11:15:00,3546,17.460938,17.898438,17.765625,17.929688,17.757812,17.929688,17.976562,18.054688,18.054688,19.265625,19.828125,19.859375,19.664062,19.390625,19.257812,19.335938,19.578125
12498,2021-09-22 11:30:00,3552,17.484375,17.835938,17.671875,17.9375,17.773438,17.921875,17.929688,17.992188,18.023438,19.1875,19.804688,19.867188,19.664062,19.40625,19.28125,19.359375,19.59375
12499,2021-09-22 11:45:00,3546,17.328125,17.695312,17.515625,17.828125,17.671875,17.796875,17.78125,17.820312,17.867188,19.125,19.796875,19.851562,19.679688,19.421875,19.289062,19.367188,19.617188
12500,2021-09-22 12:00:00,3546,17.1875,17.484375,17.3125,17.671875,17.523438,17.59375,17.585938,17.632812,17.703125,19.09375,19.78125,19.851562,19.679688,19.4375,19.3125,19.390625,19.625
12501,2021-09-22 12:15:00,3540,17.046875,17.335938,17.148438,17.421875,17.234375,17.390625,17.382812,17.46875,17.53125,19.046875,19.757812,19.84375,19.695312,19.445312,19.328125,19.398438,19.640625
12502,2021-09-22 12:30:00,3540,16.914062,17.273438,17.109375,17.328125,17.140625,17.3125,17.351562,17.4375,17.46875,19.007812,19.742188,19.84375,19.695312,19.46875,19.34375,19.421875,19.65625
12503,2021-09-22 12:45:00,3546,16.945312,17.429688,17.289062,17.585938,17.421875,17.523438,17.523438,17.5625,17.601562,18.992188,19.71875,19.835938,19.695312,19.484375,19.359375,19.4375,19.664062
12504,2021-09-22 13:00:00,3546,16.945312,17.4375,17.3125,17.570312,17.40625,17.546875,17.546875,17.609375,17.632812,18.984375,19.703125,19.828125,19.710938,19.492188,19.382812,19.453125,19.6875
12505,2021-09-22 13:15:00,3540,16.914062,17.296875,17.164062,17.367188,17.195312,17.382812,17.390625,17.46875,17.492188,18.960938,19.6875,19.820312,19.710938,19.5,19.398438,19.46875,19.695312
12506,2021-09-22 13:30:00,3546,16.835938,17.015625,16.78125,17.09375,16.882812,17.09375,17.085938,17.265625,17.398438,18.945312,19.664062,19.820312,19.71875,19.515625,19.414062,19.484375,19.710938
12507,2021-09-22 13:45:00,3546,15.390625,15.078125,14.734375,15.09375,14.921875,15.34375,15.3359375,15.6796875,16.039062,18.757812,19.648438,19.804688,19.726562,19.523438,19.421875,19.507812,19.71875
12508,2021-09-22 14:00:00,3540,15.8671875,16.398438,16.390625,16.601562,16.476562,16.507812,16.554688,16.640625,16.71875,18.695312,19.632812,19.804688,19.726562,19.539062,19.4375,19.523438,19.734375
12509,2021-09-22 14:15:00,3546,15.9921875,16.203125,15.90625,16.226562,15.921875,16.195312,16.179688,16.421875,16.59375,18.679688,19.609375,19.796875,19.734375,19.554688,19.453125,19.53125,19.75
12510,2021-09-22 14:30:00,3546,14.9609375,14.9140625,14.46875,14.90625,14.75,15.140625,15.2421875,15.5,15.7890625,18.5,19.59375,19.789062,19.734375,19.5625,19.46875,19.546875,19.765625
12511,2021-09-22 14:45:00,3546,15.0078125,15.6875,15.6328125,15.5234375,15.34375,15.3359375,15.453125,15.671875,15.9453125,18.5,19.570312,19.789062,19.734375,19.570312,19.484375,19.5625,19.773438
12512,2021-09-22 15:00:00,3546,17.664062,20.289062,19.390625,19.492188,18.734375,18.140625,17.914062,17.632812,17.398438,18.640625,19.554688,19.78125,19.734375,19.578125,19.5,19.570312,19.789062
12513,2021-09-22 15:15:00,3540,20.070312,22.71875,21.4375,21.898438,20.742188,20.289062,19.796875,19.25,18.632812,18.796875,19.53125,19.773438,19.742188,19.59375,19.515625,19.59375,19.796875
12514,2021-09-22 15:30:00,3546,21.71875,23.59375,22.523438,23.15625,22.125,21.757812,21.210938,20.632812,19.898438,19.039062,19.507812,19.765625,19.742188,19.601562,19.523438,19.609375,19.804688
12515,2021-09-22 15:45:00,3540,23.117188,24.625,24.164062,24.429688,23.84375,23.507812,22.867188,22.101562,21.070312,19.289062,19.492188,19.757812,19.75,19.609375,19.539062,19.617188,19.820312
12516,2021-09-22 16:00:00,3540,24.453125,25.875,25.445312,25.25,24.617188,24.632812,24.070312,23.28125,22.210938,19.578125,19.476562,19.75,19.742188,19.625,19.554688,19.625,19.835938
12517,2021-09-22 16:15:00,3546,26.148438,27.5,26.65625,26.640625,25.632812,25.84375,25.210938,24.453125,23.507812,19.9375,19.476562,19.742188,19.75,19.632812,19.5625,19.640625,19.835938
12518,2021-09-22 16:30:00,3540,27.273438,28.507812,27.070312,27.421875,26.390625,26.820312,26.132812,25.570312,24.757812,20.414062,19.46875,19.726562,19.75,19.632812,19.578125,19.65625,19.84375
12519,2021-09-22 16:45:00,3540,28.40625,29.59375,27.71875,28.078125,26.90625,27.765625,26.820312,26.265625,25.492188,20.78125,19.476562,19.71875,19.75,19.648438,19.585938,19.671875,19.859375
12520,2021-09-22 17:00:00,3540,29.171875,28.585938,26.953125,27.84375,27.15625,28.414062,27.609375,27.28125,26.65625,21.179688,19.5,19.71875,19.75,19.648438,19.601562,19.6875,19.867188
12521,2021-09-22 17:15:00,3540,28.992188,29.507812,27.664062,28.40625,27.632812,28.9375,27.25,27.007812,26.5625,21.421875,19.523438,19.703125,19.75,19.664062,19.617188,19.695312,19.875
12522,2021-09-22 17:30:00,3534,29.15625,29.023438,26.992188,27.351562,27.28125,28.601562,27.101562,27.320312,27.226562,21.742188,19.5625,19.703125,19.757812,19.671875,19.632812,19.703125,19.890625
12523,2021-09-22 17:45:00,3540,30.59375,31.390625,29.117188,29.539062,29.375,29.796875,28.351562,28.585938,28.367188,22.03125,19.609375,19.695312,19.75,19.679688,19.632812,19.71875,19.898438
12524,2021-09-22 18:00:00,3546,31.992188,31.851562,29.695312,30.578125,30.179688,30.375,29.445312,30.039062,29.914062,22.484375,19.65625,19.695312,19.75,19.6875,19.648438,19.726562,19.90625
12525,2021-09-22 18:15:00,3540,33.46875,34.453125,31.84375,32.960938,31.710938,31.773438,30.945312,31.46875,31.257812,22.84375,19.710938,19.703125,19.75,19.695312,19.648438,19.742188,19.914062
12526,2021-09-22 18:30:00,3540,34.523438,34.96875,32.554688,33.398438,31.90625,31.875,31.75,32.554688,32.398438,23.320312,19.78125,19.703125,19.75,19.6875,19.671875,19.75,19.921875
12527,2021-09-22 18:45:00,3540,35.234375,35.335938,33.195312,32.914062,31.765625,31.90625,32.351562,33.414062,33.085938,23.75,19.851562,19.703125,19.75,19.703125,19.671875,19.757812,19.929688
12528,2021-09-22 17:30:00,3534,29.15625,29.023438,26.992188,27.351562,27.28125,28.601562,27.101562,27.320312,27.226562,21.742188,19.5625,19.703125,19.757812,19.671875,19.632812,19.703125,19.890625
12529,2021-09-22 17:45:00,3540,30.59375,31.390625,29.117188,29.539062,29.375,29.796875,28.351562,28.585938,28.367188,22.03125,19.609375,19.695312,19.75,19.679688,19.632812,19.71875,19.898438
12530,2021-09-22 18:00:00,3546,31.992188,31.851562,29.695312,30.578125,30.179688,30.375,29.445312,30.039062,29.914062,22.484375,19.65625,19.695312,19.75,19.6875,19.648438,19.726562,19.90625
12531,2021-09-22 18:15:00,3540,33.46875,34.453125,31.84375,32.960938,31.710938,31.773438,30.945312,31.46875,31.257812,22.84375,19.710938,19.703125,19.75,19.695312,19.648438,19.742188,19.914062
12532,2021-09-22 18:30:00,3540,34.523438,34.96875,32.554688,33.398438,31.90625,31.875,31.75,32.554688,32.398438,23.320312,19.78125,19.703125,19.75,19.6875,19.671875,19.75,19.921875
12533,2021-09-22 18:45:00,3540,35.234375,35.335938,33.195312,32.914062,31.765625,31.90625,32.351562,33.414062,33.085938,23.75,19.851562,19.703125,19.75,19.703125,19.671875,19.757812,19.929688
12534,2021-09-22 19:00:00,3546,35.726562,35.242188,33.429688,32.765625,33.226562,32.773438,34.023438,35.320312,34.757812,24.234375,19.921875,19.71875,19.75,19.710938,19.6875,19.773438,19.9375
12535,2021-09-22 19:15:00,3540,34.75,33.117188,31.054688,30.820312,31.289062,31.382812,33.664062,35.382812,34.984375,24.765625,20.007812,19.726562,19.757812,19.710938,19.695312,19.78125,19.9375
12536,2021-09-22 19:30:00,3546,34.289062,32.5625,30.71875,30.648438,30.226562,31.46875,33.890625,35.101562,34.632812,25.007812,20.101562,19.734375,19.757812,19.726562,19.710938,19.789062,19.953125
12537,2021-09-22 19:45:00,3546,33.78125,31.5,30.445312,30.070312,29.554688,31.875,35.109375,36.289062,35.53125,25.296875,20.203125,19.75,19.757812,19.726562,19.71875,19.796875,19.960938
12538,2021-09-22 20:00:00,3552,33.796875,31.953125,30.171875,29.882812,29.859375,33.765625,35.820312,36.609375,35.75,25.5625,20.304688,19.773438,19.765625,19.734375,19.726562,19.804688,19.96875
12539,2021-09-22 20:15:00,3546,33.0625,31.742188,28.523438,28.359375,29.203125,33.046875,35.179688,35.109375,34.007812,25.523438,20.421875,19.796875,19.765625,19.734375,19.726562,19.820312,19.976562
12540,2021-09-22 20:30:00,3552,32.640625,32.140625,27.828125,28.421875,30.46875,33.859375,34.757812,34.390625,33.117188,25.492188,20.523438,19.820312,19.765625,19.742188,19.734375,19.828125,19.984375
12541,2021-09-22 20:45:00,3552,32.5625,32.054688,28.625,29.609375,32.523438,35.773438,36.6875,36.132812,35.0625,25.710938,20.632812,19.84375,19.773438,19.75,19.75,19.835938,19.992188
12542,2021-09-22 21:00:00,3558,32.367188,30.3125,27.882812,29.6875,32.84375,35.6875,36.265625,36.09375,34.46875,25.835938,20.742188,19.875,19.78125,19.75,19.757812,19.84375,19.992188
12543,2021-09-22 21:15:00,3552,32.28125,29.554688,27.703125,30.453125,33.359375,35.28125,36.0,35.0625,34.0,25.84375,20.84375,19.90625,19.789062,19.757812,19.765625,19.859375,20.007812
12544,2021-09-22 21:30:00,3546,32.390625,29.179688,27.960938,31.007812,33.875,35.90625,37.289062,35.6875,34.46875,25.921875,20.953125,19.945312,19.796875,19.765625,19.773438,19.859375,20.007812
12545,2021-09-22 21:45:00,3552,32.289062,28.601562,27.414062,30.25,32.960938,35.296875,37.171875,34.945312,33.601562,25.9375,21.039062,19.976562,19.804688,19.773438,19.78125,19.875,20.015625
12546,2021-09-22 22:00:00,3546,31.546875,28.0625,27.21875,30.03125,32.859375,34.875,36.796875,34.648438,33.429688,25.921875,21.132812,20.015625,19.820312,19.773438,19.789062,19.875,20.023438
12547,2021-09-22 22:15:00,3552,31.320312,27.984375,28.203125,30.851562,33.039062,35.007812,35.429688,33.695312,32.53125,25.914062,21.21875,20.054688,19.828125,19.78125,19.796875,19.890625,20.03125
12548,2021-09-22 22:30:00,3552,27.523438,23.90625,23.195312,24.046875,24.171875,25.601562,25.28125,25.859375,26.4375,25.046875,21.320312,20.109375,19.835938,19.789062,19.804688,19.898438,20.039062
12549,2021-09-22 22:45:00,3558,23.976562,21.710938,21.03125,21.367188,21.21875,21.882812,21.945312,22.765625,23.585938,24.148438,21.390625,20.148438,19.851562,19.796875,19.804688,19.898438,20.046875
12550,2021-09-22 23:00:00,3558,22.03125,20.796875,20.257812,20.476562,20.289062,20.632812,20.648438,21.414062,22.242188,23.554688,21.460938,20.1875,19.867188,19.796875,19.820312,19.914062,20.054688
12551,2021-09-22 23:15:00,3552,20.953125,20.21875,19.65625,19.859375,19.617188,19.882812,19.90625,20.648438,21.390625,23.09375,21.507812,20.234375,19.882812,19.804688,19.828125,19.921875,20.070312
12552,2021-09-22 23:30:00,3552,20.523438,20.132812,19.59375,19.78125,19.5,19.65625,19.601562,20.21875,20.875,22.742188,21.53125,20.28125,19.90625,19.8125,19.835938,19.929688,20.070312
12553,2021-09-22 23:45:00,3552,20.164062,19.882812,19.28125,19.5,19.234375,19.382812,19.34375,19.820312,20.382812,22.429688,21.539062,20.320312,19.921875,19.820312,19.84375,19.9375,20.078125
12554,2021-09-23 00:00:00,3546,19.835938,19.601562,18.976562,19.140625,18.75,18.851562,18.828125,19.359375,19.789062,22.085938,21.539062,20.359375,19.9375,19.835938,19.84375,19.953125,20.09375
12555,2021-09-23 00:15:00,3552,19.390625,19.085938,18.515625,18.695312,18.320312,18.414062,18.335938,18.921875,19.492188,21.84375,21.523438,20.40625,19.960938,19.84375,19.851562,19.953125,20.101562
12556,2021-09-23 00:30:00,3552,18.695312,18.21875,17.5625,17.773438,17.375,17.664062,17.84375,18.429688,18.851562,21.59375,21.5,20.429688,19.976562,19.851562,19.867188,19.960938,20.109375
12557,2021-09-23 00:45:00,3552,18.039062,17.601562,17.023438,17.25,16.882812,17.070312,17.054688,17.867188,18.5625,21.351562,21.46875,20.46875,20.0,19.859375,19.867188,19.96875,20.117188
12558,2021-09-23 01:00:00,3552,17.359375,17.0,16.375,16.609375,16.164062,16.390625,16.460938,17.421875,17.953125,21.046875,21.429688,20.5,20.023438,19.875,19.882812,19.984375,20.125
12559,2021-09-23 01:15:00,3552,16.585938,16.171875,15.546875,15.828125,15.4609375,15.8671875,16.085938,17.078125,17.585938,20.867188,21.390625,20.53125,20.039062,19.882812,19.898438,19.992188,20.140625
12560,2021-09-23 01:30:00,3552,15.875,15.4765625,14.890625,15.171875,14.8359375,15.3125,15.546875,16.296875,16.640625,20.539062,21.351562,20.554688,20.070312,19.898438,19.898438,20.0,20.148438
12561,2021-09-23 01:45:00,3546,15.1796875,14.8203125,14.234375,14.5234375,14.1875,14.765625,15.09375,15.7421875,16.125,20.28125,21.304688,20.570312,20.09375,19.90625,19.914062,20.007812,20.15625
12562,2021-09-23 02:00:00,3558,14.2421875,13.859375,13.25,13.5546875,13.2265625,14.03125,14.5546875,15.0625,15.2578125,20.015625,21.25,20.59375,20.117188,19.921875,19.921875,20.015625,20.164062
12563,2021-09-23 02:15:00,3552,13.5625,13.234375,12.6796875,12.96875,12.6015625,13.3359375,13.9453125,14.3046875,14.3359375,19.65625,21.195312,20.601562,20.140625,19.9375,19.929688,20.023438,20.179688
12564,2021-09-23 02:30:00,3546,13.0390625,12.8671875,12.421875,12.7265625,12.4609375,13.234375,13.8125,14.1875,14.2421875,19.445312,21.140625,20.617188,20.15625,19.953125,19.9375,20.039062,20.1875
12565,2021-09-23 02:45:00,3552,12.6640625,12.546875,12.125,12.46875,12.2265625,13.09375,13.7578125,14.0546875,14.09375,19.257812,21.078125,20.625,20.179688,19.953125,19.953125,20.046875,20.195312
12566,2021-09-23 03:00:00,3546,12.3203125,12.2890625,11.890625,12.203125,12.0625,12.796875,13.359375,13.734375,13.90625,19.078125,21.023438,20.632812,20.203125,19.976562,19.960938,20.054688,20.210938
12567,2021-09-23 03:15:00,3552,11.9765625,11.90625,11.46875,11.78125,11.625,12.3828125,13.109375,13.3203125,13.296875,18.882812,20.953125,20.640625,20.21875,19.992188,19.976562,20.070312,20.21875
12568,2021-09-23 03:30:00,3546,11.625,11.546875,11.25,11.5,11.3828125,12.1015625,12.703125,12.953125,12.9921875,18.710938,20.890625,20.640625,20.234375,20.007812,19.984375,20.078125,20.234375
12569,2021-09-23 03:45:00,3552,11.859375,12.1875,12.2421875,12.4453125,12.28125,12.7265625,13.0,13.21875,13.5546875,18.796875,20.820312,20.640625,20.257812,20.023438,19.992188,20.085938,20.242188
12570,2021-09-23 04:00:00,3546,12.46875,12.4765625,12.4921875,12.5,12.328125,12.6015625,12.8984375,13.2578125,13.6796875,18.71875,20.75,20.640625,20.28125,20.039062,20.0,20.101562,20.257812
12571,2021-09-23 04:15:00,3552,12.7421875,12.59375,12.375,12.59375,12.3984375,12.59375,12.859375,13.1953125,13.65625,18.640625,20.6875,20.632812,20.289062,20.046875,20.015625,20.117188,20.265625
12572,2021-09-23 04:30:00,3546,12.3203125,11.9609375,11.65625,11.84375,11.578125,12.0703125,12.625,12.828125,13.0078125,18.414062,20.617188,20.625,20.304688,20.070312,20.03125,20.117188,20.273438
12573,2021-09-23 04:45:00,3546,12.1171875,12.171875,12.0546875,12.6484375,12.75,12.421875,12.9921875,12.890625,12.9921875,18.242188,20.5625,20.617188,20.320312,20.078125,20.046875,20.132812,20.289062
12574,2021-09-23 05:00:00,3552,12.1015625,11.984375,11.7421875,12.046875,11.8671875,12.2265625,12.59375,12.7265625,12.828125,18.140625,20.5,20.617188,20.335938,20.101562,20.054688,20.140625,20.296875
12575,2021-09-23 05:15:00,3546,12.0703125,12.359375,12.140625,12.40625,12.109375,12.203125,12.3515625,12.75,13.1171875,18.046875,20.445312,20.609375,20.34375,20.109375,20.070312,20.15625,20.304688
12576,2021-09-23 05:30:00,3540,11.5703125,11.5390625,11.265625,11.5390625,11.2578125,11.6640625,12.21875,12.5,12.59375,17.851562,20.390625,20.585938,20.359375,20.132812,20.078125,20.164062,20.320312
12577,2021-09-23 05:45:00,3546,11.640625,12.1171875,11.984375,12.2890625,12.0859375,12.34375,12.6171875,12.84375,13.1875,17.9375,20.328125,20.578125,20.367188,20.148438,20.101562,20.179688,20.335938
12578,2021-09-23 06:00:00,3528,11.8828125,12.3984375,12.2265625,12.6875,12.5078125,12.7421875,13.0,13.1640625,13.515625,17.984375,20.265625,20.570312,20.375,20.164062,20.109375,20.1875,20.34375
12579,2021-09-23 06:15:00,3546,11.5625,11.890625,11.640625,12.03125,11.890625,12.171875,12.53125,12.84375,13.2421875,17.890625,20.210938,20.546875,20.390625,20.171875,20.125,20.195312,20.351562
12580,2021-09-23 06:30:00,3546,12.0703125,12.7109375,12.6640625,13.0078125,12.796875,12.9609375,13.109375,13.359375,13.703125,17.976562,20.148438,20.53125,20.390625,20.1875,20.132812,20.210938,20.367188
12581,2021-09-23 06:45:00,3546,12.1484375,12.3046875,12.203125,12.390625,12.1328125,12.3125,12.4765625,12.9140625,13.4609375,17.96875,20.101562,20.523438,20.40625,20.210938,20.148438,20.226562,20.375
12582,2021-09-23 07:00:00,3528,12.171875,12.125,11.9609375,12.2734375,12.03125,12.296875,12.4765625,12.8359375,13.2578125,17.882812,20.054688,20.5,20.414062,20.21875,20.15625,20.234375,20.390625
12583,2021-09-23 07:15:00,3546,12.3671875,12.796875,12.8046875,13.1171875,13.0390625,12.8828125,13.078125,13.1015625,13.328125,17.8125,20.0,20.484375,20.414062,20.234375,20.171875,20.25,20.398438
12584,2021-09-23 07:30:00,3540,12.3359375,12.421875,12.2734375,12.5078125,12.21875,12.3515625,12.5390625,12.765625,13.0625,17.703125,19.960938,20.46875,20.414062,20.25,20.1875,20.257812,20.414062
12585,2021-09-23 07:45:00,3546,12.4453125,12.625,12.5703125,12.7109375,12.3828125,12.359375,12.453125,12.6875,13.09375,17.648438,19.921875,20.453125,20.421875,20.257812,20.195312,20.273438,20.421875
12586,2021-09-23 08:00:00,3540,12.890625,13.4296875,13.3515625,13.6015625,13.4140625,13.3203125,13.4765625,13.5546875,13.7578125,17.726562,19.875,20.429688,20.421875,20.265625,20.210938,20.28125,20.429688
12587,2021-09-23 08:15:00,3540,13.0859375,13.609375,13.5859375,13.7734375,13.5625,13.4296875,13.546875,13.6171875,13.7890625,17.75,19.835938,20.40625,20.421875,20.28125,20.226562,20.289062,20.445312
12588,2021-09-23 08:30:00,3540,13.6484375,14.3359375,14.328125,14.5546875,14.3359375,14.2421875,14.359375,14.40625,14.4765625,17.804688,19.796875,20.398438,20.429688,20.289062,20.234375,20.304688,20.445312
12589,2021-09-23 08:45:00,3528,13.4453125,13.859375,13.671875,14.0546875,13.84375,13.6796875,13.8125,13.8203125,13.953125,17.695312,19.757812,20.375,20.429688,20.304688,20.242188,20.3125,20.460938
12590,2021-09-23 09:00:00,3534,14.0546875,14.8515625,14.890625,15.140625,14.8671875,14.8359375,14.8671875,14.8828125,14.9296875,17.835938,19.726562,20.351562,20.429688,20.3125,20.265625,20.320312,20.46875
12591,2021-09-23 09:15:00,3540,13.3515625,13.5625,13.328125,13.5859375,13.2578125,13.484375,13.59375,13.7578125,13.9375,17.648438,19.6875,20.34375,20.429688,20.320312,20.265625,20.34375,20.476562
12592,2021-09-23 09:30:00,3534,13.9921875,14.578125,14.4765625,14.8671875,14.609375,14.71875,14.8046875,14.953125,15.125,17.820312,19.648438,20.320312,20.429688,20.328125,20.28125,20.351562,20.492188
12593,2021-09-23 09:45:00,3540,14.1640625,15.0,15.078125,15.0078125,14.7734375,14.5625,14.625,14.6171875,14.6484375,17.789062,19.625,20.289062,20.429688,20.34375,20.296875,20.359375,20.5
12594,2021-09-23 10:00:00,3528,14.203125,14.59375,14.453125,14.703125,14.4140625,14.421875,14.453125,14.5234375,14.6953125,17.804688,19.59375,20.273438,20.421875,20.34375,20.304688,20.375,20.507812
12595,2021-09-23 10:15:00,3528,14.421875,14.953125,14.859375,15.0390625,14.7109375,14.7109375,14.71875,14.8203125,14.953125,17.8125,19.5625,20.25,20.421875,20.351562,20.3125,20.375,20.507812
12596,2021-09-23 10:30:00,3534,14.4921875,14.796875,14.578125,14.8515625,14.5703125,14.7421875,14.765625,14.9609375,15.109375,17.851562,19.539062,20.234375,20.414062,20.367188,20.328125,20.390625,20.515625
12597,2021-09-23 10:45:00,3540,14.390625,14.8125,14.6484375,14.984375,14.7578125,14.8125,14.875,14.9609375,15.0703125,17.835938,19.515625,20.21875,20.414062,20.375,20.328125,20.398438,20.53125
12598,2021-09-23 11:00:00,3528,14.5546875,14.9765625,14.8125,15.203125,14.9765625,15.171875,15.203125,15.2890625,15.3828125,17.890625,19.484375,20.203125,20.414062,20.375,20.351562,20.40625,20.53125
12599,2021-09-23 11:15:00,3540,14.1796875,14.4453125,14.1796875,14.4609375,14.125,14.3671875,14.4375,14.625,14.8515625,17.828125,19.460938,20.179688,20.40625,20.382812,20.351562,20.414062,20.539062
12600,2021-09-23 11:30:00,3528,14.09375,14.4921875,14.34375,14.609375,14.3203125,14.453125,14.4921875,14.609375,14.765625,17.78125,19.445312,20.164062,20.398438,20.382812,20.367188,20.429688,20.546875
12601,2021-09-23 11:45:00,3528,14.203125,14.6328125,14.484375,14.78125,14.515625,14.640625,14.703125,14.8125,14.9375,17.75,19.429688,20.148438,20.390625,20.390625,20.375,20.4375,20.554688
12602,2021-09-23 12:00:00,3528,14.40625,15.0390625,14.9375,15.1640625,14.921875,15.078125,15.125,15.2265625,15.2578125,17.75,19.398438,20.132812,20.390625,20.398438,20.382812,20.4375,20.5625
12603,2021-09-23 12:15:00,3528,14.578125,14.8125,14.6015625,14.953125,14.6875,15.015625,15.0625,15.2265625,15.3125,17.765625,19.375,20.109375,20.382812,20.398438,20.390625,20.453125,20.5625
12604,2021-09-23 12:30:00,3528,13.5703125,13.296875,12.8359375,13.1875,12.875,13.2421875,13.3359375,13.5703125,13.796875,17.5625,19.359375,20.09375,20.375,20.398438,20.398438,20.460938,20.570312
12605,2021-09-23 12:45:00,3528,13.4609375,13.9296875,13.796875,14.0703125,13.8203125,13.859375,13.953125,14.0546875,14.1796875,17.476562,19.335938,20.070312,20.367188,20.40625,20.40625,20.46875,20.5625
12606,2021-09-23 13:00:00,3528,13.7890625,14.2421875,14.0859375,14.4140625,14.140625,14.2734375,14.3984375,14.5,14.6171875,17.539062,19.3125,20.0625,20.367188,20.40625,20.414062,20.46875,20.578125
12607,2021-09-23 13:15:00,3528,14.3359375,14.703125,14.5390625,14.953125,14.7265625,15.046875,15.1171875,15.234375,15.2734375,17.585938,19.289062,20.039062,20.359375,20.414062,20.414062,20.484375,20.578125
12608,2021-09-23 13:30:00,3528,13.640625,13.5625,13.28125,13.515625,13.203125,13.4453125,13.4609375,13.6640625,13.921875,17.4375,19.265625,20.023438,20.34375,20.414062,20.429688,20.492188,20.585938
12609,2021-09-23 13:45:00,3528,13.234375,13.1484375,12.8828125,13.1875,12.9375,13.21875,13.4140625,13.6328125,13.8203125,17.382812,19.234375,20.007812,20.34375,20.414062,20.429688,20.492188,20.585938
12610,2021-09-23 14:00:00,3528,12.7734375,12.9375,12.640625,12.8671875,12.6796875,12.828125,12.984375,13.140625,13.3828125,17.195312,19.210938,19.992188,20.335938,20.421875,20.4375,20.5,20.59375
12611,2021-09-23 14:15:00,3534,12.421875,12.6015625,12.3671875,12.609375,12.34375,12.546875,12.6640625,12.9609375,13.28125,17.164062,19.1875,19.96875,20.320312,20.421875,20.445312,20.5,20.59375
12612,2021-09-23 14:30:00,3522,12.5,12.9453125,12.84375,12.9921875,12.7578125,12.8984375,12.9921875,13.25,13.578125,17.171875,19.164062,19.960938,20.320312,20.414062,20.445312,20.515625,20.59375
12613,2021-09-23 14:45:00,3522,12.9375,13.984375,13.8984375,14.078125,13.8828125,13.7890625,13.8671875,13.984375,14.203125,17.234375,19.132812,19.9375,20.3125,20.414062,20.445312,20.515625,20.601562
12614,2021-09-23 15:00:00,3528,15.609375,18.054688,17.664062,17.71875,17.109375,16.625,16.46875,16.132812,15.859375,17.445312,19.101562,19.921875,20.296875,20.414062,20.453125,20.515625,20.601562
12615,2021-09-23 15:15:00,3522,18.546875,20.882812,20.257812,20.4375,19.585938,19.203125,18.703125,18.117188,17.5,17.734375,19.078125,19.90625,20.289062,20.414062,20.460938,20.523438,20.609375
12616,2021-09-23 15:30:00,3522,20.929688,23.109375,22.90625,22.976562,22.3125,21.726562,21.25,20.375,19.34375,18.0625,19.054688,19.890625,20.289062,20.414062,20.460938,20.53125,20.601562
12617,2021-09-23 15:45:00,3522,22.515625,23.390625,23.101562,23.351562,22.976562,22.90625,22.382812,21.78125,20.8125,18.476562,19.039062,19.867188,20.273438,20.414062,20.460938,20.53125,20.601562
12618,2021-09-23 16:00:00,3528,22.828125,23.632812,22.84375,22.914062,22.265625,22.460938,21.921875,21.65625,21.125,18.804688,19.03125,19.851562,20.265625,20.414062,20.46875,20.539062,20.601562
12619,2021-09-23 16:15:00,3522,23.515625,24.492188,23.6875,23.289062,22.632812,22.734375,22.242188,21.859375,21.3125,19.03125,19.03125,19.828125,20.25,20.414062,20.476562,20.539062,20.609375
12620,2021-09-23 16:30:00,3522,23.789062,23.859375,22.5625,22.578125,21.96875,22.679688,22.304688,22.03125,21.601562,19.335938,19.039062,19.820312,20.242188,20.40625,20.476562,20.539062,20.601562
12621,2021-09-23 16:45:00,3522,24.632812,25.875,23.960938,23.929688,22.960938,23.65625,22.84375,22.585938,22.15625,19.5625,19.054688,19.804688,20.234375,20.40625,20.476562,20.546875,20.609375
12622,2021-09-23 17:00:00,3528,25.867188,26.164062,23.765625,24.796875,23.96875,24.75,23.820312,23.484375,23.054688,19.835938,19.078125,19.789062,20.21875,20.398438,20.476562,20.546875,20.609375
12623,2021-09-23 17:15:00,3522,26.421875,27.890625,25.476562,26.273438,25.328125,26.6875,24.992188,24.671875,24.179688,20.148438,19.109375,19.773438,20.21875,20.40625,20.476562,20.554688,20.609375
12624,2021-09-23 17:30:00,3522,27.484375,27.992188,25.695312,25.695312,25.726562,27.039062,25.265625,25.4375,25.21875,20.507812,19.140625,19.757812,20.203125,20.398438,20.476562,20.554688,20.609375
12625,2021-09-23 17:45:00,3528,28.984375,29.703125,27.476562,28.359375,28.414062,28.53125,26.984375,27.140625,26.726562,20.898438,19.179688,19.757812,20.195312,20.390625,20.476562,20.554688,20.609375
12626,2021-09-23 18:00:00,3528,29.984375,29.6875,27.421875,28.8125,28.3125,28.53125,27.679688,28.179688,27.9375,21.359375,19.226562,19.742188,20.1875,20.390625,20.484375,20.554688,20.609375
12627,2021-09-23 18:15:00,3534,30.84375,31.859375,28.664062,30.445312,29.21875,29.265625,28.523438,29.304688,29.054688,21.78125,19.28125,19.742188,20.171875,20.382812,20.484375,20.554688,20.601562
12628,2021-09-23 18:30:00,3522,31.523438,31.992188,29.101562,30.101562,28.875,29.257812,29.359375,30.28125,30.132812,22.25,19.34375,19.734375,20.171875,20.382812,20.484375,20.5625,20.601562
12629,2021-09-23 18:45:00,3528,32.273438,33.289062,30.710938,30.890625,30.226562,30.1875,30.71875,31.8125,31.320312,22.671875,19.421875,19.734375,20.15625,20.382812,20.492188,20.5625,20.601562
12630,2021-09-23 19:00:00,3534,32.570312,32.117188,29.632812,29.539062,30.21875,30.015625,31.140625,32.210938,31.601562,23.039062,19.492188,19.734375,20.140625,20.375,20.484375,20.5625,20.601562
12631,2021-09-23 19:15:00,3534,33.328125,33.710938,30.804688,31.179688,31.132812,31.265625,33.0,33.476562,32.625,23.445312,19.578125,19.742188,20.132812,20.367188,20.476562,20.5625,20.601562
12632,2021-09-23 19:30:00,3534,34.085938,33.109375,31.664062,31.53125,31.039062,32.453125,34.3125,34.757812,33.867188,23.890625,19.671875,19.742188,20.125,20.359375,20.476562,20.5625,20.601562
12633,2021-09-23 19:45:00,3534,34.914062,33.984375,32.382812,32.085938,31.695312,34.070312,35.96875,36.039062,34.882812,24.34375,19.765625,19.757812,20.125,20.359375,20.484375,20.5625,20.59375
12634,2021-09-23 20:00:00,3540,34.898438,35.203125,32.476562,32.25,32.359375,35.226562,35.914062,36.164062,35.210938,24.671875,19.875,19.765625,20.117188,20.359375,20.476562,20.5625,20.59375
12635,2021-09-23 20:15:00,3546,35.492188,34.945312,32.210938,32.40625,33.695312,37.046875,38.054688,38.210938,36.804688,25.109375,19.976562,19.78125,20.109375,20.34375,20.476562,20.5625,20.585938
12636,2021-09-23 20:30:00,3540,35.976562,36.164062,32.664062,33.015625,35.046875,38.523438,38.84375,38.304688,36.476562,25.40625,20.09375,19.804688,20.109375,20.34375,20.476562,20.5625,20.585938
12637,2021-09-23 20:45:00,3534,35.882812,35.914062,32.320312,32.921875,35.351562,37.851562,37.976562,38.351562,37.0625,25.734375,20.210938,19.820312,20.101562,20.335938,20.476562,20.5625,20.585938
12638,2021-09-23 21:00:00,3546,35.5625,34.742188,31.53125,33.125,36.34375,38.695312,39.132812,38.757812,36.875,25.921875,20.328125,19.851562,20.09375,20.335938,20.476562,20.5625,20.585938
12639,2021-09-23 21:15:00,3540,35.960938,34.039062,32.367188,34.25,36.890625,38.148438,38.210938,37.875,36.578125,26.039062,20.453125,19.867188,20.09375,20.328125,20.476562,20.5625,20.585938
12640,2021-09-23 21:30:00,3552,35.65625,33.023438,31.6875,34.085938,37.023438,38.03125,39.132812,37.601562,36.40625,26.195312,20.570312,19.90625,20.09375,20.320312,20.46875,20.554688,20.578125
12641,2021-09-23 21:45:00,3552,35.554688,33.164062,31.726562,33.976562,36.3125,37.4375,38.484375,37.171875,36.09375,26.234375,20.6875,19.9375,20.101562,20.320312,20.460938,20.554688,20.578125
12642,2021-09-23 22:00:00,3552,35.539062,33.132812,32.21875,34.65625,36.953125,37.78125,38.421875,36.804688,35.53125,26.28125,20.8125,19.976562,20.09375,20.320312,20.460938,20.554688,20.578125
12643,2021-09-23 22:15:00,3552,35.046875,31.578125,31.046875,33.0,34.328125,35.734375,35.617188,35.046875,34.140625,26.226562,20.9375,20.007812,20.101562,20.3125,20.460938,20.554688,20.585938
12644,2021-09-23 22:30:00,3552,30.84375,27.953125,27.171875,27.859375,27.953125,28.75,28.40625,28.625,28.773438,25.359375,21.046875,20.054688,20.109375,20.3125,20.460938,20.554688,20.570312
12645,2021-09-23 22:45:00,3552,28.117188,26.445312,25.796875,26.125,26.054688,26.4375,26.296875,26.554688,26.8125,24.695312,21.148438,20.101562,20.109375,20.304688,20.453125,20.546875,20.578125
12646,2021-09-23 23:00:00,3552,26.6875,25.734375,25.179688,25.484375,25.351562,25.625,25.476562,25.65625,25.828125,24.234375,21.234375,20.148438,20.117188,20.304688,20.453125,20.554688,20.578125
12647,2021-09-23 23:15:00,3546,25.742188,25.257812,24.75,24.976562,24.851562,25.015625,24.859375,24.984375,25.140625,23.890625,21.3125,20.195312,20.132812,20.296875,20.445312,20.554688,20.578125
12648,2021-09-23 23:30:00,3552,25.125,24.734375,24.21875,24.476562,24.320312,24.476562,24.234375,24.382812,24.570312,23.632812,21.359375,20.234375,20.140625,20.296875,20.453125,20.546875,20.570312
12649,2021-09-23 23:45:00,3552,24.570312,24.25,23.773438,24.0,23.828125,23.9375,23.679688,23.789062,23.976562,23.382812,21.40625,20.289062,20.148438,20.296875,20.453125,20.539062,20.570312
12650,2021-09-24 00:00:00,3552,23.875,23.476562,22.953125,23.1875,23.007812,23.148438,22.929688,23.132812,23.375,23.140625,21.421875,20.328125,20.164062,20.304688,20.445312,20.546875,20.570312
12651,2021-09-24 00:15:00,3552,23.054688,22.53125,21.984375,22.234375,22.0625,22.273438,22.132812,22.429688,22.75,22.914062,21.445312,20.367188,20.171875,20.296875,20.445312,20.546875,20.578125
12652,2021-09-24 00:30:00,3552,22.257812,21.804688,21.242188,21.492188,21.304688,21.546875,21.460938,21.859375,22.21875,22.679688,21.453125,20.414062,20.195312,20.304688,20.445312,20.546875,20.578125
12653,2021-09-24 00:45:00,3552,21.726562,21.53125,20.96875,21.195312,21.015625,21.179688,21.09375,21.320312,21.59375,22.4375,21.453125,20.453125,20.210938,20.304688,20.445312,20.546875,20.578125
12654,2021-09-24 01:00:00,3552,21.546875,21.601562,21.203125,21.421875,21.265625,21.320312,21.234375,21.273438,21.390625,22.25,21.453125,20.492188,20.226562,20.304688,20.445312,20.546875,20.578125
12655,2021-09-24 01:15:00,3552,21.242188,21.09375,20.617188,20.898438,20.6875,20.804688,20.640625,20.765625,20.984375,22.078125,21.4375,20.523438,20.242188,20.304688,20.4375,20.539062,20.578125
12656,2021-09-24 01:30:00,3558,20.921875,20.804688,20.539062,20.625,20.375,20.273438,20.171875,20.242188,20.390625,21.859375,21.421875,20.546875,20.265625,20.304688,20.445312,20.539062,20.578125
12657,2021-09-24 01:45:00,3546,21.210938,21.640625,21.664062,21.65625,21.335938,21.109375,20.890625,20.773438,20.664062,21.703125,21.40625,20.585938,20.289062,20.3125,20.445312,20.546875,20.578125
12658,2021-09-24 02:00:00,3546,21.71875,22.265625,22.414062,22.351562,22.054688,21.9375,21.742188,21.679688,21.53125,21.710938,21.382812,20.617188,20.304688,20.320312,20.4375,20.546875,20.585938
12659,2021-09-24 02:15:00,3546,21.570312,21.765625,21.796875,21.710938,21.40625,21.46875,21.3125,21.328125,21.25,21.648438,21.359375,20.640625,20.328125,20.328125,20.445312,20.539062,20.585938
12660,2021-09-24 02:30:00,3546,21.320312,21.46875,21.523438,21.429688,21.140625,21.242188,21.140625,21.171875,21.140625,21.570312,21.335938,20.664062,20.34375,20.335938,20.4375,20.546875,20.585938
12661,2021-09-24 02:45:00,3552,20.945312,21.132812,21.242188,21.09375,20.835938,20.820312,20.664062,20.6875,20.648438,21.460938,21.3125,20.679688,20.359375,20.335938,20.445312,20.546875,20.585938
12662,2021-09-24 03:00:00,3546,20.65625,20.9375,21.070312,20.984375,20.734375,20.554688,20.351562,20.335938,20.296875,21.335938,21.289062,20.695312,20.382812,20.34375,20.445312,20.546875,20.601562
12663,2021-09-24 03:15:00,3540,20.476562,20.828125,21.015625,20.898438,20.640625,20.507812,20.3125,20.3125,20.21875,21.210938,21.265625,20.703125,20.390625,20.359375,20.453125,20.546875,20.601562
12664,2021-09-24 03:30:00,3546,20.484375,20.96875,21.109375,21.03125,20.796875,20.726562,20.59375,20.59375,20.507812,21.125,21.242188,20.726562,20.414062,20.359375,20.453125,20.554688,20.601562
12665,2021-09-24 03:45:00,3552,20.421875,20.804688,20.953125,20.890625,20.59375,20.523438,20.328125,20.34375,20.257812,21.039062,21.210938,20.742188,20.429688,20.367188,20.453125,20.554688,20.609375
12666,2021-09-24 04:00:00,3546,20.515625,21.070312,21.171875,21.101562,20.8125,20.828125,20.710938,20.71875,20.632812,20.960938,21.1875,20.75,20.453125,20.382812,20.460938,20.554688,20.617188
12667,2021-09-24 04:15:00,3546,20.578125,21.21875,21.359375,21.265625,21.03125,21.085938,21.015625,21.046875,20.84375,20.96875,21.15625,20.757812,20.460938,20.390625,20.460938,20.5625,20.625
12668,2021-09-24 04:30:00,3546,20.585938,21.234375,21.382812,21.304688,21.078125,21.109375,21.023438,21.070312,20.960938,20.945312,21.132812,20.773438,20.484375,20.40625,20.460938,20.5625,20.625
12669,2021-09-24 04:45:00,3546,20.421875,20.9375,21.085938,20.992188,20.773438,20.835938,20.78125,20.828125,20.6875,20.914062,21.101562,20.773438,20.492188,20.414062,20.46875,20.570312,20.632812
12670,2021-09-24 05:00:00,3546,20.523438,21.210938,21.351562,21.289062,21.078125,21.148438,21.046875,21.09375,20.960938,20.890625,21.078125,20.78125,20.507812,20.421875,20.476562,20.570312,20.640625
12671,2021-09-24 05:15:00,3546,20.625,21.3125,21.453125,21.367188,21.164062,21.304688,21.234375,21.257812,21.148438,20.875,21.054688,20.789062,20.53125,20.4375,20.484375,20.570312,20.648438
12672,2021-09-24 05:30:00,3546,20.632812,21.125,21.203125,21.15625,20.921875,21.09375,21.015625,21.023438,20.960938,20.867188,21.03125,20.796875,20.546875,20.4375,20.492188,20.578125,20.65625
12673,2021-09-24 05:45:00,3540,20.28125,20.539062,20.585938,20.585938,20.3125,20.390625,20.3125,20.34375,20.3125,20.78125,21.0,20.796875,20.554688,20.453125,20.492188,20.585938,20.664062
12674,2021-09-24 06:00:00,3540,20.21875,20.71875,20.859375,20.914062,20.6875,20.765625,20.703125,20.710938,20.640625,20.726562,20.984375,20.796875,20.570312,20.460938,20.5,20.585938,20.664062
12675,2021-09-24 06:15:00,3546,20.171875,20.570312,20.671875,20.679688,20.460938,20.5625,20.492188,20.492188,20.4375,20.695312,20.96875,20.804688,20.585938,20.476562,20.5,20.59375,20.671875
12676,2021-09-24 06:30:00,3546,19.96875,20.304688,20.414062,20.4375,20.21875,20.296875,20.242188,20.265625,20.210938,20.640625,20.9375,20.804688,20.59375,20.484375,20.507812,20.59375,20.6875
12677,2021-09-24 06:45:00,3546,19.640625,19.617188,19.570312,19.492188,19.1875,19.335938,19.28125,19.34375,19.390625,20.554688,20.921875,20.8125,20.609375,20.492188,20.523438,20.601562,20.6875
12678,2021-09-24 07:00:00,3546,19.65625,20.046875,20.148438,20.125,19.882812,20.007812,19.9375,19.960938,19.953125,20.515625,20.898438,20.804688,20.617188,20.5,20.53125,20.609375,20.695312
12679,2021-09-24 07:15:00,3546,19.617188,19.90625,19.9375,19.921875,19.640625,19.796875,19.726562,19.757812,19.796875,20.5,20.882812,20.804688,20.632812,20.515625,20.539062,20.617188,20.703125
12680,2021-09-24 07:30:00,3546,19.226562,19.46875,19.484375,19.445312,19.1875,19.273438,19.210938,19.257812,19.273438,20.398438,20.867188,20.804688,20.640625,20.523438,20.53125,20.617188,20.703125
12681,2021-09-24 07:45:00,3546,19.1875,19.492188,19.625,19.679688,19.445312,19.5,19.46875,19.507812,19.554688,20.375,20.84375,20.804688,20.65625,20.539062,20.539062,20.632812,20.71875
12682,2021-09-24 08:00:00,3546,19.351562,19.929688,20.09375,20.140625,19.929688,20.039062,19.976562,20.0,19.96875,20.375,20.828125,20.796875,20.65625,20.546875,20.554688,20.640625,20.726562
12683,2021-09-24 08:15:00,3540,19.03125,19.40625,19.484375,19.460938,19.1875,19.21875,19.148438,19.164062,19.148438,20.28125,20.796875,20.804688,20.671875,20.554688,20.5625,20.632812,20.734375
12684,2021-09-24 08:30:00,3540,19.023438,19.1875,19.171875,19.101562,18.765625,18.953125,18.976562,19.078125,19.195312,20.28125,20.78125,20.804688,20.679688,20.5625,20.570312,20.648438,20.742188
12685,2021-09-24 08:45:00,3540,18.585938,18.75,18.734375,18.703125,18.421875,18.445312,18.414062,18.453125,18.539062,20.148438,20.765625,20.796875,20.6875,20.578125,20.578125,20.65625,20.75
12686,2021-09-24 09:00:00,3546,18.40625,18.734375,18.789062,18.773438,18.53125,18.625,18.539062,18.585938,18.609375,20.046875,20.742188,20.796875,20.695312,20.585938,20.585938,20.664062,20.757812
12687,2021-09-24 09:15:00,3540,18.484375,18.765625,18.867188,18.90625,18.640625,18.804688,18.773438,18.859375,18.945312,20.078125,20.71875,20.796875,20.695312,20.59375,20.59375,20.671875,20.765625
12688,2021-09-24 09:30:00,3546,18.414062,18.710938,18.820312,18.835938,18.59375,18.703125,18.640625,18.679688,18.765625,20.054688,20.695312,20.789062,20.703125,20.601562,20.601562,20.671875,20.773438
12689,2021-09-24 09:45:00,3528,18.40625,18.78125,18.96875,19.0625,18.8125,18.84375,18.804688,18.851562,18.90625,20.023438,20.671875,20.789062,20.710938,20.617188,20.609375,20.679688,20.78125
12690,2021-09-24 10:00:00,3540,18.382812,18.789062,18.875,18.835938,18.632812,18.765625,18.71875,18.765625,18.78125,19.992188,20.664062,20.78125,20.71875,20.625,20.625,20.6875,20.789062
12691,2021-09-24 10:15:00,3540,18.671875,19.359375,19.648438,19.765625,19.515625,19.515625,19.476562,19.492188,19.484375,20.015625,20.640625,20.773438,20.71875,20.632812,20.625,20.695312,20.796875
12692,2021-09-24 10:30:00,3534,18.710938,19.0625,19.210938,19.234375,19.0,19.070312,19.023438,19.09375,19.164062,20.03125,20.617188,20.78125,20.726562,20.640625,20.632812,20.703125,20.804688
12693,2021-09-24 10:45:00,3540,18.671875,19.101562,19.234375,19.3125,19.085938,19.15625,19.101562,19.09375,19.085938,20.0,20.59375,20.765625,20.726562,20.648438,20.640625,20.710938,20.8125
12694,2021-09-24 11:00:00,3540,18.34375,18.570312,18.65625,18.632812,18.375,18.460938,18.398438,18.484375,18.578125,19.9375,20.585938,20.765625,20.734375,20.65625,20.648438,20.71875,20.820312
12695,2021-09-24 11:15:00,3540,18.398438,18.890625,19.03125,19.078125,18.835938,18.90625,18.84375,18.882812,18.882812,19.898438,20.570312,20.75,20.734375,20.671875,20.664062,20.71875,20.828125
12696,2021-09-24 11:30:00,3528,18.375,18.804688,18.9375,18.945312,18.71875,18.828125,18.765625,18.796875,18.8125,19.859375,20.554688,20.75,20.734375,20.671875,20.671875,20.726562,20.828125
12697,2021-09-24 11:45:00,3534,18.554688,19.0625,19.242188,19.3125,19.09375,19.195312,19.140625,19.171875,19.164062,19.875,20.53125,20.742188,20.75,20.679688,20.671875,20.734375,20.835938
12698,2021-09-24 12:00:00,3540,18.617188,19.078125,19.234375,19.289062,19.0625,19.1875,19.125,19.148438,19.148438,19.867188,20.515625,20.734375,20.742188,20.6875,20.679688,20.742188,20.84375
12699,2021-09-24 12:15:00,3540,18.390625,18.65625,18.765625,18.789062,18.507812,18.570312,18.507812,18.546875,18.59375,19.828125,20.5,20.726562,20.757812,20.695312,20.6875,20.757812,20.851562
12700,2021-09-24 12:30:00,3534,18.460938,19.023438,19.164062,19.195312,18.96875,19.039062,18.96875,19.0,18.976562,19.789062,20.484375,20.71875,20.757812,20.703125,20.695312,20.765625,20.859375
12701,2021-09-24 12:45:00,3540,18.375,18.882812,18.984375,18.976562,18.71875,18.75,18.664062,18.6875,18.648438,19.75,20.46875,20.71875,20.757812,20.703125,20.703125,20.765625,20.859375
12702,2021-09-24 13:00:00,3534,17.5,17.460938,17.46875,17.335938,17.015625,17.078125,17.046875,17.070312,17.0625,19.476562,20.453125,20.710938,20.757812,20.710938,20.710938,20.78125,20.867188
12703,2021-09-24 13:15:00,3540,17.0625,17.070312,17.179688,17.039062,16.65625,16.585938,16.523438,16.515625,16.539062,19.328125,20.4375,20.703125,20.765625,20.71875,20.71875,20.78125,20.875
12704,2021-09-24 13:30:00,3534,17.070312,17.257812,17.359375,17.273438,16.90625,16.765625,16.703125,16.78125,16.898438,19.3125,20.414062,20.695312,20.765625,20.726562,20.726562,20.789062,20.882812
12705,2021-09-24 13:45:00,3534,18.046875,19.09375,19.382812,19.453125,19.164062,19.242188,19.21875,19.210938,19.148438,19.492188,20.398438,20.6875,20.765625,20.734375,20.734375,20.796875,20.890625
12706,2021-09-24 14:00:00,3540,17.960938,18.71875,18.828125,18.804688,18.53125,18.59375,18.5,18.507812,18.453125,19.453125,20.375,20.679688,20.765625,20.734375,20.742188,20.804688,20.898438
12707,2021-09-24 14:15:00,3540,18.15625,18.726562,18.765625,18.710938,18.421875,18.492188,18.367188,18.351562,18.328125,19.515625,20.351562,20.671875,20.757812,20.734375,20.742188,20.8125,20.898438
12708,2021-09-24 14:30:00,3528,18.476562,19.421875,19.609375,19.679688,19.46875,19.484375,19.421875,19.40625,19.304688,19.539062,20.328125,20.664062,20.765625,20.742188,20.75,20.820312,20.90625
12709,2021-09-24 14:45:00,3534,18.882812,19.695312,19.828125,19.71875,19.484375,19.492188,19.351562,19.320312,19.296875,19.679688,20.304688,20.65625,20.765625,20.75,20.757812,20.820312,20.90625
12710,2021-09-24 15:00:00,3528,19.289062,20.789062,20.695312,20.453125,20.03125,19.820312,19.453125,19.234375,19.085938,19.664062,20.289062,20.648438,20.757812,20.75,20.765625,20.828125,20.914062
12711,2021-09-24 15:15:00,3540,20.484375,22.773438,22.640625,22.320312,21.828125,21.664062,21.25,20.796875,20.265625,19.804688,20.28125,20.640625,20.757812,20.757812,20.773438,20.835938,20.921875
12712,2021-09-24 15:30:00,3528,21.765625,24.351562,24.078125,23.710938,23.28125,23.226562,22.96875,22.484375,21.742188,20.046875,20.265625,20.625,20.75,20.757812,20.78125,20.835938,20.921875
12713,2021-09-24 15:45:00,3534,22.820312,25.390625,24.234375,23.8125,23.34375,23.570312,23.289062,22.789062,22.03125,20.25,20.257812,20.617188,20.757812,20.773438,20.78125,20.84375,20.921875
12714,2021-09-24 16:00:00,3522,23.851562,27.0,26.0625,25.601562,24.960938,24.953125,24.40625,23.765625,22.984375,20.484375,20.25,20.617188,20.765625,20.773438,20.789062,20.851562,20.9375
12715,2021-09-24 16:15:00,3534,25.304688,28.023438,27.007812,26.289062,25.78125,26.125,25.664062,24.9375,24.03125,20.8125,20.25,20.601562,20.757812,20.78125,20.796875,20.859375,20.9375
12716,2021-09-24 16:30:00,3528,26.367188,29.101562,27.429688,26.710938,26.257812,26.6875,25.953125,25.421875,24.78125,21.164062,20.257812,20.59375,20.75,20.773438,20.804688,20.859375,20.945312
12717,2021-09-24 16:45:00,3534,27.765625,30.40625,28.523438,27.71875,27.335938,27.671875,26.828125,26.328125,25.703125,21.515625,20.273438,20.59375,20.75,20.78125,20.804688,20.867188,20.945312
12718,2021-09-24 17:00:00,3528,28.375,29.328125,27.210938,26.664062,26.726562,27.460938,26.84375,26.671875,26.296875,21.828125,20.289062,20.578125,20.742188,20.78125,20.804688,20.875,20.945312
12719,2021-09-24 17:15:00,3522,28.320312,29.601562,28.023438,27.484375,27.679688,28.5625,27.632812,27.445312,27.007812,22.085938,20.320312,20.570312,20.742188,20.78125,20.8125,20.882812,20.953125
12720,2021-09-24 17:30:00,3528,28.71875,29.445312,27.40625,26.8125,26.820312,27.609375,27.109375,27.335938,27.109375,22.296875,20.359375,20.570312,20.734375,20.78125,20.820312,20.882812,20.953125
12721,2021-09-24 17:45:00,3534,29.867188,30.679688,28.765625,28.375,28.515625,29.046875,28.296875,28.484375,28.210938,22.554688,20.398438,20.5625,20.734375,20.789062,20.8125,20.890625,20.960938
12722,2021-09-24 18:00:00,3534,30.484375,29.53125,27.796875,27.359375,27.265625,27.914062,28.078125,29.0,28.953125,22.90625,20.445312,20.5625,20.734375,20.789062,20.828125,20.890625,20.960938
12723,2021-09-24 18:15:00,3528,30.539062,29.742188,27.851562,27.726562,27.164062,28.039062,28.578125,29.546875,29.398438,23.179688,20.492188,20.5625,20.726562,20.796875,20.828125,20.898438,20.96875
12724,2021-09-24 18:30:00,3528,30.992188,30.820312,28.984375,28.859375,28.609375,29.195312,29.976562,30.75,30.507812,23.492188,20.5625,20.570312,20.734375,20.796875,20.835938,20.898438,20.96875
12725,2021-09-24 18:45:00,3540,31.171875,30.585938,28.8125,28.210938,28.148438,29.03125,30.882812,31.867188,31.382812,23.84375,20.617188,20.570312,20.726562,20.796875,20.835938,20.90625,20.96875
12726,2021-09-24 19:00:00,3528,31.976562,31.140625,29.351562,28.679688,28.75,29.53125,31.90625,32.804688,32.242188,24.203125,20.6875,20.578125,20.726562,20.796875,20.84375,20.90625,20.96875
12727,2021-09-24 19:15:00,3540,32.617188,31.054688,29.28125,29.132812,29.09375,30.632812,33.875,34.476562,33.703125,24.640625,20.757812,20.585938,20.71875,20.796875,20.851562,20.914062,20.976562
12728,2021-09-24 19:30:00,3540,33.875,31.4375,30.789062,29.914062,29.421875,31.09375,34.046875,34.53125,33.695312,24.9375,20.84375,20.59375,20.71875,20.796875,20.851562,20.914062,20.976562
12729,2021-09-24 19:45:00,3540,34.007812,30.9375,30.179688,29.421875,29.34375,32.320312,35.171875,35.234375,34.445312,25.296875,20.921875,20.609375,20.726562,20.796875,20.851562,20.921875,20.976562
12730,2021-09-24 20:00:00,3540,34.171875,30.945312,29.890625,29.929688,30.15625,33.90625,36.351562,36.25,35.375,25.617188,21.007812,20.625,20.71875,20.796875,20.859375,20.914062,20.984375
12731,2021-09-24 20:15:00,3540,33.914062,30.617188,29.21875,29.015625,29.640625,33.179688,35.664062,35.664062,34.578125,25.78125,21.101562,20.648438,20.71875,20.796875,20.851562,20.929688,20.992188
12732,2021-09-24 19:00:00,3528,31.976562,31.140625,29.351562,28.679688,28.75,29.53125,31.90625,32.804688,32.242188,24.203125,20.6875,20.578125,20.726562,20.796875,20.84375,20.90625,20.96875
12733,2021-09-24 19:15:00,3540,32.617188,31.054688,29.28125,29.132812,29.09375,30.632812,33.875,34.476562,33.703125,24.640625,20.757812,20.585938,20.71875,20.796875,20.851562,20.914062,20.976562
12734,2021-09-24 19:30:00,3540,33.875,31.4375,30.789062,29.914062,29.421875,31.09375,34.046875,34.53125,33.695312,24.9375,20.84375,20.59375,20.71875,20.796875,20.851562,20.914062,20.976562
12735,2021-09-24 19:45:00,3540,34.007812,30.9375,30.179688,29.421875,29.34375,32.320312,35.171875,35.234375,34.445312,25.296875,20.921875,20.609375,20.726562,20.796875,20.851562,20.921875,20.976562
12736,2021-09-24 20:00:00,3540,34.171875,30.945312,29.890625,29.929688,30.15625,33.90625,36.351562,36.25,35.375,25.617188,21.007812,20.625,20.71875,20.796875,20.859375,20.914062,20.984375
12737,2021-09-24 20:15:00,3540,33.914062,30.617188,29.21875,29.015625,29.640625,33.179688,35.664062,35.664062,34.578125,25.78125,21.101562,20.648438,20.71875,20.796875,20.851562,20.929688,20.992188
12738,2021-09-24 20:30:00,3540,32.8125,29.945312,28.015625,28.09375,29.390625,32.664062,35.117188,35.25,34.179688,25.960938,21.203125,20.671875,20.726562,20.804688,20.859375,20.929688,20.992188
12739,2021-09-24 20:45:00,3546,32.367188,30.1875,28.53125,28.898438,30.929688,34.117188,35.664062,35.734375,34.445312,25.992188,21.296875,20.6875,20.726562,20.804688,20.867188,20.9375,20.992188
12740,2021-09-24 21:00:00,3546,31.9375,29.609375,28.367188,28.976562,31.289062,34.109375,35.585938,35.664062,34.3125,26.15625,21.398438,20.710938,20.726562,20.804688,20.867188,20.9375,20.992188
12741,2021-09-24 21:15:00,3540,31.804688,28.648438,27.640625,28.28125,30.867188,33.328125,35.328125,35.335938,34.03125,26.203125,21.5,20.742188,20.734375,20.804688,20.867188,20.9375,21.0
12742,2021-09-24 21:30:00,3546,31.296875,28.070312,27.648438,28.59375,30.921875,33.421875,35.09375,34.945312,33.867188,26.320312,21.59375,20.773438,20.742188,20.804688,20.867188,20.945312,21.0
12743,2021-09-24 21:45:00,3546,31.070312,27.695312,27.453125,29.0,31.210938,33.59375,34.46875,34.25,33.570312,26.429688,21.695312,20.804688,20.742188,20.804688,20.867188,20.945312,21.007812
12744,2021-09-24 22:00:00,3552,30.875,27.039062,26.96875,28.46875,30.6875,33.132812,33.6875,33.539062,32.859375,26.375,21.78125,20.84375,20.75,20.804688,20.875,20.945312,21.007812
12745,2021-09-24 22:15:00,3552,29.335938,25.265625,24.953125,25.625,26.476562,27.929688,28.15625,28.617188,28.796875,25.914062,21.875,20.882812,20.765625,20.804688,20.875,20.953125,21.007812
12746,2021-09-24 22:30:00,3540,25.703125,22.960938,22.617188,22.71875,22.71875,23.367188,23.695312,24.382812,25.09375,24.914062,21.953125,20.914062,20.765625,20.8125,20.875,20.953125,21.015625
12747,2021-09-24 22:45:00,3546,23.640625,21.890625,21.59375,21.632812,21.53125,21.976562,22.257812,22.929688,23.648438,24.289062,22.023438,20.960938,20.773438,20.8125,20.882812,20.960938,21.023438
12748,2021-09-24 23:00:00,3546,22.359375,21.164062,20.921875,20.953125,20.835938,21.242188,21.539062,22.148438,22.75,23.828125,22.085938,20.992188,20.789062,20.8125,20.882812,20.960938,21.023438
12749,2021-09-24 23:15:00,3552,21.765625,21.039062,20.851562,20.875,20.726562,21.03125,21.203125,21.671875,22.210938,23.515625,22.125,21.03125,20.804688,20.8125,20.890625,20.96875,21.023438
12750,2021-09-24 23:30:00,3546,21.28125,20.734375,20.5,20.5,20.304688,20.5625,20.679688,21.085938,21.640625,23.21875,22.140625,21.070312,20.820312,20.820312,20.890625,20.96875,21.03125
12751,2021-09-24 23:45:00,3546,21.117188,20.734375,20.570312,20.5625,20.359375,20.5625,20.6875,21.140625,21.640625,23.03125,22.148438,21.109375,20.835938,20.828125,20.890625,20.96875,21.039062
12752,2021-09-25 00:00:00,3546,20.664062,20.203125,20.0,19.960938,19.710938,19.898438,20.007812,20.460938,20.984375,22.78125,22.140625,21.148438,20.851562,20.828125,20.890625,20.976562,21.039062
12753,2021-09-25 00:15:00,3546,20.109375,19.585938,19.40625,19.375,19.148438,19.390625,19.5625,20.054688,20.59375,22.5625,22.132812,21.1875,20.867188,20.835938,20.898438,20.976562,21.046875
12754,2021-09-25 00:30:00,3552,19.546875,18.992188,18.804688,18.765625,18.539062,18.867188,19.085938,19.65625,20.234375,22.367188,22.109375,21.21875,20.882812,20.835938,20.90625,20.984375,21.046875
12755,2021-09-25 00:45:00,3546,18.921875,18.34375,18.15625,18.125,17.882812,18.296875,18.609375,19.3125,19.914062,22.179688,22.078125,21.25,20.898438,20.851562,20.898438,20.984375,21.054688
12756,2021-09-25 01:00:00,3552,18.242188,17.625,17.445312,17.398438,17.195312,17.609375,17.921875,18.617188,19.296875,21.976562,22.054688,21.273438,20.921875,20.851562,20.90625,20.992188,21.0625
12757,2021-09-25 01:15:00,3546,17.414062,16.625,16.429688,16.390625,16.179688,16.640625,16.984375,17.84375,18.65625,21.75,22.023438,21.296875,20.9375,20.867188,20.914062,20.992188,21.0625
12758,2021-09-25 01:30:00,3540,16.3125,15.34375,15.1640625,15.1328125,14.9140625,15.4609375,15.8828125,16.890625,17.8125,21.476562,21.992188,21.3125,20.953125,20.867188,20.921875,20.992188,21.070312
12759,2021-09-25 01:45:00,3546,15.25,14.390625,14.203125,14.1328125,13.90625,14.6328125,15.4453125,16.265625,16.898438,21.132812,21.953125,21.328125,20.976562,20.875,20.921875,21.0,21.078125
12760,2021-09-25 02:00:00,3546,14.40625,13.671875,13.53125,13.4296875,13.203125,14.046875,15.0625,15.8515625,16.359375,20.8125,21.914062,21.351562,20.992188,20.890625,20.921875,21.0,21.078125
12761,2021-09-25 02:15:00,3546,13.71875,13.0703125,12.984375,12.9140625,12.6484375,13.34375,14.34375,15.0859375,15.6796875,20.53125,21.875,21.359375,21.007812,20.890625,20.929688,21.007812,21.085938
12762,2021-09-25 02:30:00,3546,13.7890625,13.4921875,13.484375,13.46875,13.3515625,14.1171875,15.0546875,15.859375,16.515625,20.53125,21.820312,21.375,21.023438,20.898438,20.9375,21.015625,21.09375
12763,2021-09-25 02:45:00,3540,14.046875,13.703125,13.6796875,13.6484375,13.59375,14.265625,15.0,15.8984375,16.726562,20.539062,21.773438,21.390625,21.046875,20.914062,20.945312,21.023438,21.101562
12764,2021-09-25 03:00:00,3546,13.9609375,13.5,13.4375,13.4375,13.3828125,14.1171875,14.8359375,15.6328125,16.351562,20.429688,21.71875,21.390625,21.0625,20.929688,20.945312,21.03125,21.109375
12765,2021-09-25 03:15:00,3540,13.9453125,13.5234375,13.46875,13.46875,13.4765625,14.1875,14.8046875,15.4453125,16.171875,20.335938,21.664062,21.398438,21.078125,20.9375,20.953125,21.039062,21.117188
12766,2021-09-25 03:30:00,3546,13.8671875,13.3515625,13.3046875,13.3046875,13.265625,13.9375,14.7265625,15.5859375,16.382812,20.28125,21.609375,21.398438,21.09375,20.945312,20.960938,21.03125,21.125
12767,2021-09-25 03:45:00,3540,13.65625,13.0859375,13.03125,13.0390625,12.9453125,13.6171875,14.28125,14.9921875,15.8515625,20.1875,21.570312,21.398438,21.109375,20.953125,20.96875,21.039062,21.132812
12768,2021-09-25 04:00:00,3528,12.859375,12.1328125,12.109375,12.0859375,11.890625,12.6015625,13.484375,14.2265625,14.984375,19.945312,21.515625,21.398438,21.117188,20.96875,20.976562,21.046875,21.132812
12769,2021-09-25 04:15:00,3546,12.2578125,11.890625,11.9296875,11.90625,11.7265625,12.1796875,12.7109375,13.265625,14.03125,19.65625,21.46875,21.398438,21.132812,20.984375,20.984375,21.054688,21.140625
12770,2021-09-25 04:30:00,3540,11.8828125,11.4921875,11.53125,11.4296875,11.2890625,11.953125,12.859375,13.390625,13.96875,19.445312,21.414062,21.398438,21.148438,20.992188,20.992188,21.0625,21.148438
12771,2021-09-25 04:45:00,3534,11.5859375,11.2421875,11.21875,11.1328125,10.8984375,11.421875,12.296875,12.9140625,13.515625,19.273438,21.359375,21.382812,21.164062,21.0,21.0,21.070312,21.15625
12772,2021-09-25 05:00:00,3540,11.46875,11.3203125,11.3828125,11.2734375,11.0546875,11.5703125,12.578125,13.171875,13.7109375,19.132812,21.3125,21.382812,21.171875,21.015625,21.007812,21.078125,21.164062
12773,2021-09-25 05:15:00,3546,11.3359375,11.171875,11.2578125,11.125,10.90625,11.5234375,12.3984375,13.03125,13.734375,19.070312,21.25,21.375,21.179688,21.023438,21.015625,21.085938,21.171875
12774,2021-09-25 05:30:00,3546,11.140625,11.1171875,11.234375,11.1875,10.984375,11.3984375,11.953125,12.453125,13.1796875,18.914062,21.195312,21.367188,21.1875,21.039062,21.023438,21.085938,21.171875
12775,2021-09-25 05:45:00,3540,10.890625,10.6015625,10.65625,10.46875,10.1484375,10.9765625,11.921875,12.3984375,12.8984375,18.710938,21.132812,21.359375,21.195312,21.046875,21.03125,21.101562,21.1875
12776,2021-09-25 06:00:00,3540,10.7421875,10.6796875,10.828125,10.6953125,10.4921875,11.0546875,11.78125,12.2578125,12.84375,18.625,21.070312,21.34375,21.210938,21.054688,21.046875,21.109375,21.1875
12777,2021-09-25 06:15:00,3540,10.5859375,10.546875,10.703125,10.6171875,10.40625,10.9140625,11.5859375,12.15625,12.8984375,18.5625,21.015625,21.328125,21.21875,21.0625,21.046875,21.109375,21.203125
12778,2021-09-25 06:30:00,3540,10.546875,10.5078125,10.65625,10.6171875,10.328125,10.84375,11.4609375,12.0546875,12.7421875,18.492188,20.953125,21.3125,21.226562,21.078125,21.054688,21.117188,21.210938
12779,2021-09-25 06:45:00,3540,10.703125,11.0,11.1640625,11.1171875,10.984375,11.328125,11.9140625,12.40625,13.046875,18.421875,20.890625,21.296875,21.226562,21.09375,21.070312,21.125,21.21875
12780,2021-09-25 07:00:00,3534,11.625,12.0859375,12.2109375,12.2109375,12.125,12.6171875,13.3515625,14.0546875,14.7109375,18.648438,20.835938,21.28125,21.234375,21.101562,21.078125,21.132812,21.226562
12781,2021-09-25 07:15:00,3534,12.0390625,12.1640625,12.265625,12.2890625,12.140625,12.796875,13.625,14.390625,15.1015625,18.757812,20.78125,21.265625,21.234375,21.117188,21.078125,21.140625,21.226562
12782,2021-09-25 07:30:00,3540,11.9921875,11.6640625,11.78125,11.75,11.4921875,12.3515625,13.3125,14.0859375,14.7265625,18.757812,20.726562,21.242188,21.234375,21.117188,21.085938,21.148438,21.226562
12783,2021-09-25 07:45:00,3528,11.578125,11.3125,11.5,11.328125,11.03125,11.7578125,12.7421875,13.328125,13.953125,18.5625,20.671875,21.226562,21.242188,21.125,21.101562,21.15625,21.242188
12784,2021-09-25 08:00:00,3528,11.265625,11.09375,11.1640625,11.0859375,10.8671875,11.375,12.0234375,12.546875,13.1875,18.445312,20.632812,21.203125,21.242188,21.140625,21.109375,21.164062,21.242188
12785,2021-09-25 08:15:00,3534,11.3046875,11.40625,11.53125,11.4921875,11.3671875,11.7265625,12.390625,12.8828125,13.4140625,18.367188,20.59375,21.195312,21.25,21.148438,21.109375,21.164062,21.257812
12786,2021-09-25 08:30:00,3534,11.9609375,12.3671875,12.5390625,12.4921875,12.4140625,12.84375,13.5546875,14.203125,14.765625,18.507812,20.554688,21.171875,21.25,21.15625,21.125,21.179688,21.257812
12787,2021-09-25 08:45:00,3528,12.46875,12.734375,12.84375,12.84375,12.78125,13.3203125,14.015625,14.7109375,15.359375,18.640625,20.515625,21.148438,21.242188,21.164062,21.140625,21.179688,21.265625
12788,2021-09-25 09:00:00,3528,12.78125,12.9296875,13.0390625,13.0546875,12.984375,13.5546875,14.2265625,14.90625,15.5703125,18.710938,20.476562,21.125,21.234375,21.164062,21.132812,21.195312,21.273438
12789,2021-09-25 09:15:00,3534,12.9375,12.9375,13.015625,13.03125,12.9921875,13.5859375,14.2421875,14.9140625,15.5703125,18.742188,20.4375,21.109375,21.234375,21.171875,21.148438,21.203125,21.273438
12790,2021-09-25 09:30:00,3534,13.046875,13.0703125,13.1484375,13.1640625,13.1796875,13.78125,14.5,15.1484375,15.7421875,18.765625,20.414062,21.085938,21.234375,21.179688,21.15625,21.203125,21.289062
12791,2021-09-25 09:45:00,3528,13.0625,12.9375,13.0078125,13.0078125,12.9921875,13.5703125,14.2578125,15.0234375,15.71875,18.789062,20.382812,21.0625,21.234375,21.1875,21.164062,21.210938,21.28125
12792,2021-09-25 10:00:00,3528,13.046875,12.96875,13.015625,13.015625,13.015625,13.5703125,14.2578125,14.9765625,15.640625,18.773438,20.351562,21.046875,21.226562,21.195312,21.171875,21.21875,21.296875
12793,2021-09-25 10:15:00,3528,13.0546875,12.96875,13.015625,13.03125,13.015625,13.5546875,14.2421875,15.0078125,15.6875,18.78125,20.335938,21.023438,21.226562,21.195312,21.179688,21.226562,21.296875
12794,2021-09-25 10:30:00,3528,13.09375,13.0390625,13.1015625,13.125,13.140625,13.7265625,14.40625,15.109375,15.6875,18.757812,20.3125,21.0,21.21875,21.203125,21.1875,21.234375,21.304688
12795,2021-09-25 10:45:00,3528,13.0703125,12.9609375,13.03125,13.0546875,13.0703125,13.625,14.3125,15.0390625,15.6875,18.765625,20.296875,20.992188,21.210938,21.203125,21.1875,21.234375,21.296875
12796,2021-09-25 11:00:00,3528,13.0234375,12.9375,13.0,13.015625,13.015625,13.5546875,14.2109375,14.8828125,15.546875,18.757812,20.273438,20.96875,21.203125,21.203125,21.195312,21.242188,21.304688
12797,2021-09-25 11:15:00,3528,13.0078125,12.875,12.9453125,12.96875,12.9453125,13.46875,14.0703125,14.65625,15.375,18.757812,20.257812,20.953125,21.195312,21.210938,21.203125,21.25,21.3125
12798,2021-09-25 11:30:00,3522,12.984375,12.90625,12.9765625,12.9921875,12.9765625,13.46875,14.0625,14.71875,15.40625,18.710938,20.242188,20.929688,21.195312,21.210938,21.210938,21.25,21.304688
12799,2021-09-25 11:45:00,3516,12.9765625,12.875,12.9296875,12.9453125,12.9296875,13.4296875,14.0390625,14.7734375,15.484375,18.695312,20.21875,20.914062,21.1875,21.21875,21.21875,21.265625,21.3125
12800,2021-09-25 12:00:00,3528,12.96875,12.8203125,12.875,12.8984375,12.875,13.3828125,14.0,14.6875,15.375,18.6875,20.203125,20.898438,21.179688,21.21875,21.21875,21.265625,21.320312
12801,2021-09-25 12:15:00,3522,12.8984375,12.6796875,12.734375,12.75,12.7265625,13.2890625,13.9140625,14.546875,15.2265625,18.65625,20.1875,20.890625,21.171875,21.21875,21.226562,21.273438,21.320312
12802,2021-09-25 12:30:00,3522,12.4921875,12.1328125,12.1875,12.140625,11.984375,12.5390625,13.3046875,14.1328125,14.8828125,18.570312,20.171875,20.867188,21.164062,21.21875,21.226562,21.273438,21.320312
12803,2021-09-25 12:45:00,3522,12.125,11.71875,11.78125,11.7109375,11.5859375,12.234375,13.09375,13.7578125,14.328125,18.398438,20.148438,20.84375,21.15625,21.21875,21.234375,21.273438,21.320312
12804,2021-09-25 13:00:00,3522,11.6171875,11.2734375,11.359375,11.296875,11.1796875,11.5390625,12.3125,12.9375,13.59375,18.234375,20.132812,20.835938,21.148438,21.226562,21.242188,21.273438,21.320312
12805,2021-09-25 13:15:00,3522,11.84375,11.8828125,11.984375,11.9609375,11.9375,12.4453125,13.25,13.859375,14.4453125,18.210938,20.101562,20.820312,21.140625,21.21875,21.242188,21.28125,21.3125
12806,2021-09-25 13:30:00,3522,12.0625,12.1171875,12.2109375,12.203125,12.1640625,12.734375,13.546875,14.21875,14.8359375,18.273438,20.078125,20.804688,21.132812,21.21875,21.242188,21.28125,21.320312
12807,2021-09-25 13:45:00,3516,12.1953125,12.109375,12.203125,12.2109375,12.1796875,12.7734375,13.484375,14.1171875,14.78125,18.320312,20.054688,20.789062,21.125,21.21875,21.25,21.289062,21.320312
12808,2021-09-25 14:00:00,3522,12.34375,12.2734375,12.3359375,12.3359375,12.3359375,12.96875,13.6796875,14.359375,14.9609375,18.34375,20.03125,20.765625,21.117188,21.21875,21.25,21.289062,21.320312
12809,2021-09-25 14:15:00,3510,12.5625,12.515625,12.5390625,12.515625,12.5234375,13.03125,13.6171875,14.2421875,14.8359375,18.3125,20.0,20.75,21.109375,21.21875,21.25,21.289062,21.320312
12810,2021-09-25 14:30:00,3516,12.8125,12.875,12.953125,12.9609375,12.9765625,13.5234375,14.1640625,14.78125,15.3828125,18.382812,19.976562,20.734375,21.101562,21.21875,21.257812,21.296875,21.320312
12811,2021-09-25 14:45:00,3522,13.046875,13.125,13.2265625,13.2734375,13.2890625,13.890625,14.515625,15.0703125,15.6484375,18.453125,19.953125,20.71875,21.085938,21.210938,21.257812,21.296875,21.320312
12812,2021-09-25 15:00:00,3522,13.2109375,13.2890625,13.375,13.4296875,13.4921875,14.03125,14.609375,15.171875,15.734375,18.484375,19.9375,20.703125,21.078125,21.210938,21.257812,21.296875,21.3125
12813,2021-09-25 15:15:00,3516,13.5390625,13.625,13.7421875,13.8515625,13.890625,14.578125,15.2109375,15.7421875,16.203125,18.5625,19.914062,20.679688,21.0625,21.203125,21.265625,21.296875,21.3125
12814,2021-09-25 15:30:00,3516,13.7421875,13.734375,13.796875,13.8828125,14.0,14.703125,15.390625,15.90625,16.335938,18.617188,19.898438,20.664062,21.0625,21.203125,21.257812,21.296875,21.3125
12815,2021-09-25 15:45:00,3522,14.46875,14.578125,14.5078125,14.578125,14.7109375,15.4453125,16.03125,16.539062,16.929688,18.765625,19.882812,20.65625,21.046875,21.203125,21.265625,21.296875,21.3125
12816,2021-09-25 16:00:00,3516,15.03125,14.9609375,14.90625,14.984375,15.3203125,16.046875,16.664062,17.078125,17.375,18.875,19.875,20.632812,21.039062,21.195312,21.257812,21.304688,21.304688
12817,2021-09-25 16:15:00,3522,15.3515625,14.890625,14.828125,14.9375,15.2734375,16.023438,16.679688,17.132812,17.421875,18.945312,19.867188,20.617188,21.023438,21.195312,21.265625,21.304688,21.304688
12818,2021-09-25 16:30:00,3510,15.3359375,14.578125,14.5546875,14.671875,14.9296875,15.6875,16.53125,17.023438,17.359375,18.96875,19.851562,20.601562,21.015625,21.1875,21.257812,21.296875,21.296875
12819,2021-09-25 16:45:00,3510,15.515625,14.8125,14.8125,14.9765625,15.3203125,16.109375,16.890625,17.335938,17.625,19.039062,19.851562,20.585938,21.0,21.1875,21.25,21.296875,21.296875
12820,2021-09-25 17:00:00,3510,15.5546875,14.953125,14.9453125,15.0859375,15.4140625,16.09375,16.820312,17.265625,17.570312,19.046875,19.851562,20.5625,21.0,21.179688,21.257812,21.296875,21.296875
12821,2021-09-25 17:15:00,3516,15.8984375,15.2890625,15.328125,15.5234375,15.9140625,16.578125,17.359375,17.796875,18.015625,19.148438,19.851562,20.554688,20.992188,21.171875,21.265625,21.296875,21.289062
12822,2021-09-25 17:30:00,3516,16.09375,15.421875,15.390625,15.5859375,15.9453125,16.632812,17.273438,17.601562,17.882812,19.179688,19.851562,20.539062,20.96875,21.171875,21.25,21.296875,21.28125
12823,2021-09-25 17:45:00,3516,16.640625,16.289062,16.328125,16.617188,17.195312,17.96875,18.554688,18.789062,18.859375,19.328125,19.851562,20.53125,20.960938,21.164062,21.25,21.296875,21.28125
12824,2021-09-25 18:00:00,3522,17.140625,16.484375,16.414062,16.695312,17.226562,18.039062,18.742188,18.992188,19.046875,19.46875,19.859375,20.515625,20.953125,21.164062,21.25,21.296875,21.28125
12825,2021-09-25 18:15:00,3522,18.140625,17.851562,17.546875,17.820312,18.273438,19.132812,19.898438,20.226562,20.1875,19.710938,19.867188,20.507812,20.945312,21.15625,21.25,21.296875,21.273438
12826,2021-09-25 18:30:00,3516,18.820312,18.5,18.117188,18.320312,18.796875,19.710938,20.328125,20.679688,20.671875,19.914062,19.867188,20.5,20.929688,21.148438,21.25,21.289062,21.265625
12827,2021-09-25 18:45:00,3516,19.664062,19.578125,18.929688,19.070312,19.359375,20.09375,20.367188,20.742188,20.90625,20.0625,19.882812,20.484375,20.921875,21.148438,21.242188,21.289062,21.257812
12828,2021-09-25 19:00:00,3510,20.234375,19.71875,19.164062,19.28125,19.648438,20.75,21.414062,21.726562,21.75,20.273438,19.898438,20.476562,20.90625,21.132812,21.242188,21.28125,21.265625
12829,2021-09-25 19:15:00,3510,20.242188,19.398438,19.03125,19.171875,19.609375,20.6875,21.257812,21.640625,21.765625,20.398438,19.914062,20.460938,20.898438,21.132812,21.234375,21.289062,21.25
12830,2021-09-25 19:30:00,3522,20.4375,19.6875,19.085938,19.375,19.679688,20.71875,20.890625,21.078125,21.28125,20.460938,19.9375,20.460938,20.890625,21.125,21.234375,21.28125,21.25
12831,2021-09-25 19:45:00,3516,21.289062,20.867188,20.171875,20.335938,20.507812,21.90625,22.601562,22.835938,22.742188,20.648438,19.960938,20.445312,20.882812,21.117188,21.226562,21.265625,21.242188
12832,2021-09-25 20:00:00,3516,22.242188,21.632812,20.523438,20.9375,21.0,22.796875,23.460938,23.523438,23.335938,20.914062,19.992188,20.453125,20.867188,21.109375,21.21875,21.273438,21.234375
12833,2021-09-25 20:15:00,3510,24.140625,23.78125,22.234375,22.570312,23.0625,25.398438,26.179688,25.9375,25.40625,21.304688,20.015625,20.4375,20.859375,21.101562,21.21875,21.265625,21.226562
12834,2021-09-25 20:30:00,3510,24.84375,24.148438,22.554688,23.054688,24.023438,26.898438,27.867188,27.875,27.078125,21.78125,20.046875,20.4375,20.84375,21.09375,21.21875,21.265625,21.226562
12835,2021-09-25 20:45:00,3510,24.90625,23.539062,22.273438,22.773438,23.890625,26.75,27.679688,27.984375,27.226562,22.109375,20.09375,20.4375,20.84375,21.085938,21.210938,21.257812,21.210938
12836,2021-09-25 21:00:00,3522,24.554688,22.445312,21.375,21.796875,23.101562,25.351562,26.546875,27.117188,26.734375,22.296875,20.132812,20.4375,20.835938,21.078125,21.203125,21.257812,21.203125
12837,2021-09-25 21:15:00,3516,24.257812,21.75,20.945312,21.625,23.0625,25.382812,26.75,27.28125,26.695312,22.398438,20.1875,20.445312,20.820312,21.070312,21.203125,21.25,21.203125
12838,2021-09-25 21:30:00,3516,23.632812,21.546875,21.046875,22.179688,23.726562,25.953125,26.929688,27.242188,26.867188,22.5,20.242188,20.445312,20.8125,21.0625,21.203125,21.242188,21.195312
12839,2021-09-25 21:45:00,3522,23.421875,21.085938,20.664062,21.75,23.023438,24.90625,26.179688,26.421875,26.289062,22.515625,20.304688,20.445312,20.804688,21.054688,21.195312,21.242188,21.1875
12840,2021-09-25 22:00:00,3522,22.054688,19.90625,19.53125,20.289062,20.984375,22.398438,23.242188,23.671875,23.96875,22.289062,20.359375,20.453125,20.796875,21.046875,21.1875,21.234375,21.1875
12841,2021-09-25 22:15:00,3522,20.796875,18.5,18.171875,18.617188,18.929688,20.203125,21.15625,22.046875,22.601562,21.992188,20.421875,20.453125,20.789062,21.039062,21.179688,21.226562,21.171875
12842,2021-09-25 22:30:00,3522,19.367188,17.703125,17.46875,17.867188,18.179688,19.375,20.171875,20.828125,21.328125,21.648438,20.46875,20.460938,20.789062,21.03125,21.171875,21.21875,21.164062
12843,2021-09-25 22:45:00,3522,18.234375,17.03125,16.796875,17.078125,17.195312,18.085938,18.632812,19.25,19.90625,21.265625,20.515625,20.476562,20.78125,21.03125,21.171875,21.21875,21.15625
12844,2021-09-25 23:00:00,3516,17.539062,16.507812,16.351562,16.601562,16.671875,17.46875,18.21875,18.960938,19.625,21.039062,20.554688,20.492188,20.78125,21.015625,21.164062,21.210938,21.148438
12845,2021-09-25 23:15:00,3516,17.25,16.507812,16.414062,16.695312,16.914062,17.789062,18.5625,19.234375,19.734375,20.914062,20.570312,20.5,20.765625,21.015625,21.15625,21.203125,21.140625
12846,2021-09-25 23:30:00,3516,17.304688,16.5625,16.429688,16.695312,16.984375,17.976562,18.734375,19.421875,19.804688,20.835938,20.59375,20.507812,20.765625,21.0,21.148438,21.203125,21.132812
12847,2021-09-25 23:45:00,3522,17.179688,16.265625,16.148438,16.359375,16.609375,17.570312,18.414062,19.125,19.59375,20.765625,20.59375,20.523438,20.765625,21.0,21.140625,21.195312,21.125
12848,2021-09-26 00:00:00,3522,16.921875,16.132812,15.96875,16.15625,16.359375,17.242188,17.960938,18.671875,19.203125,20.648438,20.59375,20.539062,20.757812,21.0,21.132812,21.195312,21.125
12849,2021-09-26 00:15:00,3516,16.710938,15.875,15.734375,15.890625,16.085938,16.96875,17.757812,18.476562,18.96875,20.53125,20.601562,20.546875,20.765625,20.984375,21.132812,21.1875,21.109375
12850,2021-09-26 00:30:00,3522,16.3125,15.5234375,15.4375,15.59375,15.7890625,16.59375,17.226562,17.921875,18.453125,20.382812,20.59375,20.554688,20.75,20.976562,21.125,21.179688,21.101562
12851,2021-09-26 00:45:00,3522,15.921875,15.2109375,15.1171875,15.2421875,15.34375,16.09375,16.664062,17.390625,18.023438,20.257812,20.585938,20.570312,20.75,20.976562,21.117188,21.171875,21.09375
12852,2021-09-26 01:00:00,3510,15.0703125,14.421875,14.328125,14.3984375,14.34375,15.1015625,15.65625,16.367188,17.039062,19.960938,20.570312,20.578125,20.75,20.960938,21.109375,21.164062,21.09375
12853,2021-09-26 01:15:00,3516,14.4375,14.0,13.9453125,13.984375,13.8671875,14.3984375,14.8828125,15.6796875,16.484375,19.765625,20.5625,20.585938,20.75,20.960938,21.109375,21.15625,21.078125
12854,2021-09-26 01:30:00,3522,14.046875,13.8203125,13.796875,13.8125,13.65625,14.09375,14.484375,15.25,16.085938,19.59375,20.546875,20.585938,20.75,20.953125,21.09375,21.148438,21.070312
12855,2021-09-26 01:45:00,3516,13.84375,13.7421875,13.75,13.7265625,13.6015625,13.9453125,14.3046875,15.0078125,15.7734375,19.4375,20.523438,20.59375,20.75,20.945312,21.09375,21.140625,21.0625
12856,2021-09-26 02:00:00,3516,13.8203125,13.53125,13.5234375,13.5234375,13.453125,13.8984375,14.390625,15.1328125,15.828125,19.320312,20.492188,20.601562,20.75,20.945312,21.085938,21.132812,21.054688
12857,2021-09-26 02:15:00,3510,13.8125,13.5390625,13.53125,13.5390625,13.484375,13.875,14.3671875,15.1171875,15.8359375,19.234375,20.46875,20.59375,20.75,20.945312,21.078125,21.125,21.046875
12858,2021-09-26 02:30:00,3516,13.71875,13.3671875,13.3671875,13.3671875,13.3125,13.7109375,14.1796875,14.9453125,15.71875,19.171875,20.4375,20.601562,20.75,20.9375,21.078125,21.117188,21.039062
12859,2021-09-26 02:45:00,3516,13.6328125,13.296875,13.28125,13.296875,13.2578125,13.640625,14.140625,14.875,15.6171875,19.09375,20.40625,20.59375,20.75,20.929688,21.070312,21.117188,21.03125
12860,2021-09-26 03:00:00,3510,13.546875,13.2734375,13.2578125,13.265625,13.2421875,13.609375,14.078125,14.7890625,15.53125,19.015625,20.367188,20.59375,20.757812,20.929688,21.0625,21.109375,21.023438
12861,2021-09-26 03:15:00,3510,13.5234375,13.1171875,13.109375,13.125,13.078125,13.46875,13.96875,14.734375,15.484375,18.953125,20.335938,20.59375,20.757812,20.921875,21.054688,21.101562,21.023438
12862,2021-09-26 03:30:00,3510,13.34375,13.0390625,13.0234375,13.03125,13.0078125,13.3671875,13.8671875,14.59375,15.3359375,18.875,20.304688,20.585938,20.757812,20.914062,21.046875,21.09375,21.007812
12863,2021-09-26 03:45:00,3516,13.296875,13.0234375,13.015625,13.0234375,12.9921875,13.3125,13.75,14.5,15.2421875,18.796875,20.265625,20.578125,20.75,20.914062,21.046875,21.085938,21.007812
12864,2021-09-26 04:00:00,3510,13.234375,12.9453125,12.9296875,12.9453125,12.921875,13.2421875,13.6875,14.3671875,15.1171875,18.726562,20.234375,20.578125,20.75,20.90625,21.039062,21.085938,20.992188
12865,2021-09-26 04:15:00,3516,13.125,12.828125,12.828125,12.8359375,12.8203125,13.1328125,13.5546875,14.2109375,14.953125,18.648438,20.203125,20.570312,20.75,20.90625,21.03125,21.078125,20.992188
12866,2021-09-26 04:30:00,3510,13.0390625,12.7265625,12.71875,12.734375,12.703125,12.9921875,13.375,14.03125,14.796875,18.570312,20.164062,20.5625,20.75,20.90625,21.023438,21.0625,20.984375
12867,2021-09-26 04:45:00,3510,12.96875,12.671875,12.6796875,12.6875,12.6640625,12.9453125,13.328125,13.9765625,14.6875,18.492188,20.132812,20.546875,20.75,20.898438,21.015625,21.0625,20.976562
12868,2021-09-26 05:00:00,3504,12.9296875,12.6875,12.6875,12.703125,12.6875,12.9609375,13.328125,13.9453125,14.65625,18.4375,20.101562,20.539062,20.742188,20.898438,21.015625,21.054688,20.960938
12869,2021-09-26 05:15:00,3516,12.9140625,12.6640625,12.671875,12.6875,12.671875,12.953125,13.359375,13.9921875,14.703125,18.390625,20.0625,20.523438,20.742188,20.890625,21.007812,21.054688,20.960938
12870,2021-09-26 05:30:00,3510,12.8984375,12.6640625,12.6796875,12.6875,12.6796875,12.9609375,13.34375,13.96875,14.6484375,18.335938,20.023438,20.515625,20.734375,20.890625,21.007812,21.046875,20.953125
12871,2021-09-26 05:45:00,3510,12.8671875,12.640625,12.6484375,12.65625,12.640625,12.9140625,13.2890625,13.921875,14.6640625,18.304688,19.992188,20.5,20.734375,20.890625,21.0,21.039062,20.945312
12872,2021-09-26 06:00:00,3510,12.8515625,12.625,12.6328125,12.640625,12.625,12.890625,13.2421875,13.8515625,14.5234375,18.242188,19.960938,20.492188,20.726562,20.882812,20.992188,21.03125,20.9375
12873,2021-09-26 06:15:00,3516,12.890625,12.71875,12.7421875,12.75,12.7265625,13.0,13.375,13.9921875,14.6640625,18.234375,19.929688,20.476562,20.726562,20.882812,20.992188,21.023438,20.929688
12874,2021-09-26 06:30:00,3510,12.8984375,12.703125,12.71875,12.7265625,12.703125,12.9765625,13.34375,13.96875,14.6328125,18.171875,19.898438,20.460938,20.71875,20.882812,20.984375,21.015625,20.921875
12875,2021-09-26 06:45:00,3510,12.875,12.609375,12.625,12.6328125,12.609375,12.8671875,13.21875,13.828125,14.5234375,18.148438,19.859375,20.453125,20.71875,20.867188,20.984375,21.015625,20.914062
12876,2021-09-26 07:00:00,3504,12.7890625,12.546875,12.5625,12.578125,12.5625,12.8515625,13.25,13.8828125,14.5625,18.101562,19.835938,20.4375,20.710938,20.867188,20.96875,21.007812,20.90625
12877,2021-09-26 07:15:00,3510,12.71875,12.4609375,12.46875,12.4765625,12.46875,12.734375,13.1171875,13.7734375,14.484375,18.0625,19.796875,20.421875,20.703125,20.859375,20.96875,20.992188,20.90625
12878,2021-09-26 07:30:00,3510,12.6640625,12.4375,12.4375,12.4375,12.4296875,12.640625,12.984375,13.59375,14.3203125,18.015625,19.773438,20.40625,20.703125,20.859375,20.96875,20.992188,20.898438
12879,2021-09-26 07:45:00,3504,12.7109375,12.5234375,12.5390625,12.546875,12.53125,12.7421875,13.078125,13.640625,14.3125,17.984375,19.75,20.390625,20.695312,20.851562,20.960938,20.984375,20.890625
12880,2021-09-26 08:00:00,3510,12.7265625,12.5625,12.5703125,12.5859375,12.5703125,12.765625,13.109375,13.7109375,14.390625,17.960938,19.71875,20.375,20.679688,20.851562,20.953125,20.976562,20.875
12881,2021-09-26 08:15:00,3510,12.7421875,12.5703125,12.5859375,12.59375,12.5859375,12.78125,13.1171875,13.703125,14.359375,17.914062,19.679688,20.359375,20.679688,20.84375,20.953125,20.96875,20.875
12882,2021-09-26 08:30:00,3510,12.796875,12.6484375,12.6640625,12.6796875,12.6640625,12.90625,13.2578125,13.84375,14.484375,17.898438,19.65625,20.34375,20.671875,20.84375,20.953125,20.96875,20.859375
12883,2021-09-26 08:45:00,3510,12.828125,12.671875,12.6953125,12.7109375,12.703125,12.9375,13.3046875,13.8359375,14.4609375,17.882812,19.632812,20.328125,20.664062,20.835938,20.9375,20.960938,20.859375
12884,2021-09-26 09:00:00,3504,12.8515625,12.7109375,12.734375,12.7421875,12.734375,12.9609375,13.3046875,13.8671875,14.5,17.851562,19.601562,20.3125,20.65625,20.835938,20.9375,20.953125,20.851562
12885,2021-09-26 09:15:00,3510,12.859375,12.71875,12.7421875,12.75,12.734375,12.9609375,13.28125,13.8203125,14.4609375,17.835938,19.570312,20.289062,20.640625,20.820312,20.929688,20.945312,20.84375
12886,2021-09-26 09:30:00,3510,12.8359375,12.65625,12.6796875,12.6875,12.671875,12.9140625,13.25,13.828125,14.4765625,17.828125,19.546875,20.273438,20.632812,20.828125,20.929688,20.945312,20.835938
12887,2021-09-26 09:45:00,3510,12.765625,12.515625,12.53125,12.546875,12.5234375,12.7734375,13.140625,13.734375,14.3671875,17.78125,19.523438,20.257812,20.625,20.8125,20.921875,20.9375,20.828125
12888,2021-09-26 10:00:00,3510,12.71875,12.5078125,12.53125,12.546875,12.5234375,12.765625,13.140625,13.7578125,14.40625,17.757812,19.5,20.234375,20.617188,20.8125,20.914062,20.929688,20.8125
12889,2021-09-26 10:15:00,3510,12.6953125,12.5,12.515625,12.5234375,12.515625,12.75,13.1640625,13.7890625,14.40625,17.734375,19.46875,20.226562,20.609375,20.796875,20.90625,20.921875,20.8125
12890,2021-09-26 10:30:00,3504,12.6640625,12.46875,12.4765625,12.4921875,12.46875,12.671875,13.0390625,13.65625,14.3359375,17.710938,19.453125,20.203125,20.601562,20.796875,20.90625,20.914062,20.804688
12891,2021-09-26 10:45:00,3510,12.6796875,12.5078125,12.5234375,12.53125,12.5234375,12.734375,13.1015625,13.6875,14.328125,17.695312,19.421875,20.1875,20.585938,20.789062,20.898438,20.90625,20.796875
12892,2021-09-26 11:00:00,3492,12.7109375,12.578125,12.6015625,12.6015625,12.59375,12.7734375,13.1015625,13.6640625,14.3125,17.671875,19.398438,20.171875,20.570312,20.789062,20.898438,20.898438,20.789062
12893,2021-09-26 11:15:00,3498,12.7890625,12.703125,12.734375,12.7421875,12.7265625,12.90625,13.1796875,13.6484375,14.2578125,17.632812,19.375,20.15625,20.570312,20.773438,20.882812,20.898438,20.78125
12894,2021-09-26 11:30:00,3504,12.8671875,12.7890625,12.8125,12.828125,12.8125,13.0234375,13.3359375,13.8203125,14.421875,17.664062,19.351562,20.140625,20.554688,20.773438,20.875,20.890625,20.765625
12895,2021-09-26 11:45:00,3504,12.890625,12.78125,12.8125,12.828125,12.796875,13.0234375,13.328125,13.84375,14.4765625,17.648438,19.328125,20.117188,20.539062,20.765625,20.875,20.882812,20.765625
12896,2021-09-26 12:00:00,3504,12.8671875,12.7421875,12.765625,12.78125,12.75,13.0078125,13.328125,13.8515625,14.4609375,17.632812,19.304688,20.101562,20.53125,20.75,20.859375,20.875,20.75
12897,2021-09-26 12:15:00,3504,12.8828125,12.765625,12.796875,12.8125,12.78125,13.0546875,13.421875,13.984375,14.6171875,17.640625,19.28125,20.078125,20.523438,20.742188,20.859375,20.867188,20.742188
12898,2021-09-26 12:30:00,3504,12.9140625,12.828125,12.8671875,12.875,12.859375,13.109375,13.46875,14.0234375,14.625,17.632812,19.265625,20.0625,20.515625,20.734375,20.851562,20.859375,20.734375
12899,2021-09-26 12:45:00,3498,12.9140625,12.796875,12.8359375,12.84375,12.8125,13.09375,13.421875,13.96875,14.59375,17.632812,19.242188,20.046875,20.5,20.734375,20.851562,20.851562,20.726562
12900,2021-09-26 13:00:00,3504,12.8984375,12.71875,12.7421875,12.7578125,12.7265625,12.9921875,13.359375,13.9453125,14.6171875,17.632812,19.226562,20.023438,20.484375,20.71875,20.835938,20.84375,20.710938
12901,2021-09-26 13:15:00,3504,12.8671875,12.703125,12.7265625,12.7421875,12.7265625,12.9921875,13.3671875,13.9375,14.546875,17.59375,19.203125,20.0,20.46875,20.71875,20.835938,20.835938,20.703125
12902,2021-09-26 13:30:00,3498,12.8359375,12.6328125,12.6640625,12.671875,12.640625,12.8828125,13.2109375,13.765625,14.40625,17.570312,19.179688,19.992188,20.460938,20.703125,20.828125,20.828125,20.695312
12903,2021-09-26 13:45:00,3504,12.7890625,12.6015625,12.625,12.6328125,12.609375,12.84375,13.1875,13.7734375,14.421875,17.546875,19.164062,19.976562,20.453125,20.695312,20.820312,20.820312,20.6875
12904,2021-09-26 14:00:00,3504,12.7890625,12.640625,12.6640625,12.671875,12.6640625,12.875,13.1953125,13.734375,14.3359375,17.5,19.148438,19.953125,20.429688,20.6875,20.8125,20.8125,20.671875
12905,2021-09-26 14:15:00,3498,12.84375,12.6953125,12.7265625,12.7421875,12.734375,12.96875,13.3359375,13.8671875,14.4453125,17.507812,19.125,19.9375,20.421875,20.679688,20.796875,20.804688,20.664062
12906,2021-09-26 14:30:00,3498,12.84375,12.65625,12.671875,12.6875,12.6796875,12.8984375,13.2265625,13.78125,14.390625,17.484375,19.109375,19.921875,20.40625,20.671875,20.789062,20.789062,20.65625
12907,2021-09-26 14:45:00,3498,12.890625,12.7421875,12.7578125,12.78125,12.7890625,12.984375,13.3046875,13.8359375,14.421875,17.46875,19.09375,19.90625,20.390625,20.65625,20.78125,20.789062,20.648438
12908,2021-09-26 15:00:00,3498,12.984375,12.875,12.875,12.90625,12.9375,13.109375,13.4765625,14.0,14.5703125,17.484375,19.070312,19.890625,20.382812,20.648438,20.78125,20.78125,20.632812
12909,2021-09-26 15:15:00,3492,13.1953125,13.1171875,13.109375,13.15625,13.2109375,13.3828125,13.734375,14.2421875,14.75,17.507812,19.046875,19.875,20.367188,20.632812,20.773438,20.765625,20.625
12910,2021-09-26 15:30:00,3504,13.4453125,13.3359375,13.3359375,13.390625,13.4609375,13.65625,14.078125,14.6015625,15.0546875,17.546875,19.03125,19.859375,20.351562,20.625,20.757812,20.765625,20.609375
12911,2021-09-26 15:45:00,3498,13.7734375,13.6953125,13.6796875,13.7578125,13.8671875,14.078125,14.5078125,14.9921875,15.375,17.601562,19.015625,19.84375,20.34375,20.617188,20.75,20.742188,20.601562
12912,2021-09-26 16:00:00,3498,14.0859375,14.03125,14.03125,14.1171875,14.28125,14.4921875,14.8515625,15.2578125,15.6171875,17.6875,19.0,19.820312,20.328125,20.609375,20.742188,20.742188,20.59375
12913,2021-09-26 16:15:00,3498,14.390625,14.265625,14.2578125,14.359375,14.5546875,14.875,15.3671875,15.7734375,16.046875,17.765625,18.984375,19.796875,20.320312,20.601562,20.734375,20.726562,20.585938
12914,2021-09-26 16:30:00,3498,14.7421875,14.5625,14.5390625,14.6640625,14.8828125,15.2578125,15.78125,16.21875,16.5,17.890625,18.976562,19.789062,20.304688,20.59375,20.726562,20.71875,20.570312
12915,2021-09-26 16:45:00,3504,14.9921875,14.8125,14.7734375,14.90625,15.1484375,15.6328125,16.195312,16.617188,16.820312,17.976562,18.960938,19.773438,20.289062,20.578125,20.71875,20.710938,20.5625
12916,2021-09-26 17:00:00,3498,15.390625,15.1875,15.1640625,15.3125,15.5625,16.078125,16.71875,17.195312,17.359375,18.085938,18.960938,19.757812,20.273438,20.570312,20.710938,20.703125,20.554688
12917,2021-09-26 17:15:00,3498,15.7578125,15.4296875,15.34375,15.4609375,15.6875,16.203125,16.867188,17.445312,17.6875,18.210938,18.945312,19.742188,20.257812,20.554688,20.695312,20.6875,20.539062
12918,2021-09-26 17:30:00,3498,16.359375,16.101562,16.015625,16.171875,16.484375,17.1875,17.84375,18.359375,18.453125,18.398438,18.953125,19.726562,20.25,20.546875,20.695312,20.6875,20.523438
12919,2021-09-26 17:45:00,3486,16.242188,15.5078125,15.4375,15.5546875,15.75,16.445312,17.1875,17.875,18.1875,18.453125,18.945312,19.710938,20.234375,20.539062,20.671875,20.671875,20.515625
12920,2021-09-26 18:00:00,3498,16.460938,16.203125,16.15625,16.3125,16.671875,17.28125,17.984375,18.546875,18.679688,18.539062,18.945312,19.695312,20.21875,20.53125,20.664062,20.664062,20.507812
12921,2021-09-26 18:15:00,3498,17.265625,17.164062,17.125,17.320312,17.710938,18.59375,19.304688,19.695312,19.664062,18.765625,18.960938,19.679688,20.210938,20.515625,20.664062,20.65625,20.492188
12922,2021-09-26 18:30:00,3498,17.742188,17.367188,17.296875,17.46875,17.882812,18.828125,19.601562,20.1875,20.21875,18.960938,18.96875,19.671875,20.195312,20.5,20.640625,20.640625,20.476562
12923,2021-09-26 18:45:00,3498,17.882812,17.359375,17.257812,17.40625,17.765625,18.75,19.585938,20.210938,20.296875,19.0625,18.976562,19.65625,20.179688,20.492188,20.640625,20.640625,20.476562
12924,2021-09-26 19:00:00,3498,18.5,18.109375,17.976562,18.148438,18.570312,19.679688,20.539062,21.0625,21.046875,19.273438,18.992188,19.648438,20.164062,20.484375,20.625,20.625,20.460938
12925,2021-09-26 19:15:00,3498,19.507812,19.671875,19.375,19.492188,19.976562,21.179688,22.164062,22.617188,22.359375,19.539062,19.007812,19.632812,20.15625,20.46875,20.617188,20.609375,20.445312
12926,2021-09-26 19:30:00,3504,21.414062,21.523438,20.757812,20.421875,20.742188,22.101562,24.046875,24.914062,24.59375,20.03125,19.023438,19.625,20.140625,20.453125,20.609375,20.601562,20.4375
12927,2021-09-26 19:45:00,3498,22.304688,21.539062,21.203125,20.578125,20.59375,22.070312,24.234375,24.835938,24.609375,20.335938,19.054688,19.617188,20.125,20.445312,20.601562,20.59375,20.429688
12928,2021-09-26 20:00:00,3498,23.304688,22.140625,21.0625,21.046875,20.914062,23.085938,24.59375,25.328125,25.289062,20.734375,19.078125,19.609375,20.109375,20.429688,20.585938,20.578125,20.414062
12929,2021-09-26 20:15:00,3504,24.734375,23.125,22.460938,22.492188,22.398438,25.851562,28.140625,28.679688,27.898438,21.195312,19.125,19.601562,20.101562,20.421875,20.578125,20.570312,20.40625
12930,2021-09-26 20:30:00,3498,24.695312,23.242188,21.671875,21.632812,22.234375,25.609375,27.703125,28.476562,27.671875,21.507812,19.164062,19.59375,20.085938,20.40625,20.5625,20.5625,20.390625
12931,2021-09-26 20:45:00,3504,24.453125,22.726562,20.96875,21.273438,22.65625,26.242188,28.429688,29.34375,28.328125,21.796875,19.21875,19.59375,20.070312,20.398438,20.554688,20.554688,20.375
12932,2021-09-26 21:00:00,3504,24.367188,22.75,21.234375,21.59375,23.609375,26.3125,28.078125,29.039062,28.070312,21.992188,19.28125,19.59375,20.054688,20.382812,20.539062,20.539062,20.367188
12933,2021-09-26 21:15:00,3504,23.992188,22.007812,20.632812,21.25,23.539062,26.007812,27.578125,28.609375,27.617188,22.101562,19.351562,19.59375,20.046875,20.375,20.539062,20.523438,20.351562
12934,2021-09-26 21:30:00,3504,23.835938,21.46875,20.421875,21.359375,23.28125,25.992188,27.492188,27.875,27.421875,22.226562,19.421875,19.601562,20.039062,20.359375,20.523438,20.515625,20.34375
12935,2021-09-26 21:45:00,3504,23.679688,21.335938,20.921875,22.195312,24.601562,26.882812,28.054688,27.875,27.3125,22.265625,19.492188,19.601562,20.023438,20.351562,20.515625,20.507812,20.328125
12936,2021-09-26 22:00:00,3504,23.570312,20.554688,20.234375,21.632812,24.0,25.046875,26.335938,26.242188,25.96875,22.203125,19.5625,19.609375,20.015625,20.335938,20.5,20.492188,20.320312
12937,2021-09-26 22:15:00,3504,21.210938,18.773438,18.367188,18.90625,19.351562,20.476562,21.171875,21.890625,22.46875,21.6875,19.632812,19.617188,20.007812,20.320312,20.484375,20.484375,20.304688
12938,2021-09-26 22:30:00,3504,19.1875,17.15625,16.84375,17.210938,17.359375,18.382812,19.054688,19.960938,20.6875,21.179688,19.695312,19.625,20.0,20.3125,20.484375,20.46875,20.289062
12939,2021-09-26 22:45:00,3504,17.851562,16.492188,16.3125,16.5625,16.585938,17.273438,17.804688,18.53125,19.25,20.742188,19.757812,19.632812,19.984375,20.296875,20.46875,20.460938,20.289062
12940,2021-09-26 23:00:00,3510,16.71875,15.953125,15.78125,15.9375,15.8984375,16.328125,16.84375,17.5625,18.3125,20.335938,19.796875,19.65625,19.976562,20.289062,20.453125,20.445312,20.265625
12941,2021-09-26 23:15:00,3510,16.3125,15.8828125,15.765625,15.9453125,15.921875,16.320312,16.78125,17.40625,18.046875,20.125,19.835938,19.671875,19.96875,20.273438,20.445312,20.4375,20.257812
12942,2021-09-26 23:30:00,3510,16.742188,16.703125,16.632812,16.820312,17.015625,17.492188,18.101562,18.632812,18.96875,20.054688,19.84375,19.6875,19.96875,20.265625,20.429688,20.429688,20.242188
12943,2021-09-26 23:45:00,3510,16.9375,16.46875,16.375,16.53125,16.625,17.210938,17.695312,18.3125,18.804688,20.054688,19.851562,19.703125,19.960938,20.257812,20.421875,20.421875,20.234375
12944,2021-09-27 00:00:00,3510,16.820312,16.414062,16.296875,16.414062,16.554688,17.140625,17.695312,18.257812,18.695312,19.953125,19.851562,19.726562,19.960938,20.242188,20.40625,20.40625,20.21875
12945,2021-09-27 00:15:00,3510,16.210938,15.546875,15.3984375,15.4609375,15.4453125,16.0625,16.46875,17.140625,17.75,19.773438,19.84375,19.726562,19.953125,20.234375,20.398438,20.390625,20.203125
12946,2021-09-27 00:30:00,3504,15.578125,14.9375,14.8515625,14.8984375,14.8515625,15.3203125,15.7421875,16.476562,17.179688,19.570312,19.835938,19.742188,19.953125,20.226562,20.382812,20.382812,20.195312
12947,2021-09-27 00:45:00,3510,15.25,14.828125,14.78125,14.828125,14.8125,15.2109375,15.59375,16.242188,16.90625,19.421875,19.828125,19.757812,19.953125,20.210938,20.375,20.367188,20.1875
12948,2021-09-27 01:00:00,3510,14.9453125,14.6875,14.640625,14.671875,14.6328125,15.03125,15.3984375,15.9921875,16.5625,19.234375,19.804688,19.765625,19.953125,20.203125,20.359375,20.359375,20.171875
12949,2021-09-27 01:15:00,3510,14.59375,14.390625,14.3515625,14.3984375,14.3515625,14.6875,15.0625,15.6484375,16.234375,19.078125,19.796875,19.773438,19.945312,20.195312,20.351562,20.34375,20.164062
12950,2021-09-27 01:30:00,3504,13.984375,13.6328125,13.5703125,13.609375,13.4375,13.8046875,14.125,14.8203125,15.578125,18.914062,19.765625,19.773438,19.953125,20.179688,20.34375,20.335938,20.15625
12951,2021-09-27 01:45:00,3510,13.28125,12.9375,12.921875,12.9296875,12.6953125,12.984375,13.1796875,13.875,14.7734375,18.695312,19.742188,19.78125,19.953125,20.179688,20.328125,20.320312,20.140625
12952,2021-09-27 02:00:00,3510,12.5703125,12.328125,12.3125,12.3125,12.046875,12.3046875,12.515625,13.2734375,14.2265625,18.445312,19.710938,19.789062,19.945312,20.164062,20.3125,20.3125,20.125
12953,2021-09-27 02:15:00,3504,11.8984375,11.6171875,11.609375,11.609375,11.2734375,11.4765625,11.7578125,12.5234375,13.4921875,18.21875,19.6875,19.789062,19.945312,20.164062,20.304688,20.304688,20.117188
12954,2021-09-27 02:30:00,3510,11.3984375,11.2734375,11.2734375,11.2421875,10.875,11.03125,11.21875,12.015625,13.0546875,18.0,19.648438,19.789062,19.945312,20.148438,20.296875,20.289062,20.109375
12955,2021-09-27 02:45:00,3510,10.9609375,10.8203125,10.859375,10.8828125,10.5546875,10.8203125,11.1171875,11.7109375,12.5859375,17.828125,19.609375,19.789062,19.945312,20.148438,20.289062,20.28125,20.09375
12956,2021-09-27 03:00:00,3510,10.6171875,10.6484375,10.6640625,10.65625,10.34375,10.5703125,10.859375,11.5,12.40625,17.695312,19.570312,19.78125,19.9375,20.132812,20.28125,20.265625,20.085938
12957,2021-09-27 03:15:00,3510,10.3359375,10.375,10.4921875,10.5703125,10.265625,10.4921875,10.7421875,11.1640625,11.9296875,17.515625,19.523438,19.789062,19.945312,20.125,20.265625,20.257812,20.070312
12958,2021-09-27 03:30:00,3504,10.25,10.375,10.453125,10.4921875,10.1796875,10.4375,10.734375,11.2265625,12.0078125,17.414062,19.46875,19.773438,19.9375,20.132812,20.257812,20.25,20.0625
12959,2021-09-27 03:45:00,3510,10.3515625,10.8359375,10.890625,10.8828125,10.6796875,10.8203125,11.0703125,11.546875,12.328125,17.359375,19.421875,19.765625,19.9375,20.117188,20.242188,20.234375,20.054688
12960,2021-09-27 04:00:00,3504,10.9609375,11.4921875,11.5625,11.53125,11.328125,11.484375,11.640625,12.171875,13.0,17.382812,19.375,19.757812,19.9375,20.109375,20.242188,20.226562,20.046875
12961,2021-09-27 04:15:00,3504,11.421875,11.8828125,11.9296875,11.921875,11.78125,11.9296875,12.109375,12.6484375,13.359375,17.382812,19.320312,19.742188,19.929688,20.101562,20.226562,20.21875,20.03125
12962,2021-09-27 04:30:00,3504,11.5234375,11.6640625,11.703125,11.6953125,11.4765625,11.625,11.65625,12.3203125,13.1796875,17.367188,19.273438,19.734375,19.929688,20.101562,20.21875,20.203125,20.023438
12963,2021-09-27 04:45:00,3504,11.6171875,11.8984375,11.9296875,11.921875,11.8046875,11.9140625,12.109375,12.65625,13.3984375,17.328125,19.226562,19.71875,19.929688,20.078125,20.210938,20.195312,20.015625
12964,2021-09-27 05:00:00,3510,11.9453125,12.1484375,12.171875,12.15625,12.03125,12.1796875,12.3984375,13.0078125,13.7265625,17.367188,19.1875,19.703125,19.921875,20.078125,20.195312,20.1875,20.0
12965,2021-09-27 05:15:00,3504,12.171875,12.34375,12.375,12.3671875,12.2890625,12.4296875,12.6875,13.265625,13.9296875,17.375,19.148438,19.695312,19.921875,20.070312,20.1875,20.171875,19.992188
12966,2021-09-27 05:30:00,3498,12.4609375,12.5703125,12.59375,12.59375,12.546875,12.703125,12.984375,13.546875,14.1953125,17.421875,19.109375,19.679688,19.914062,20.0625,20.1875,20.164062,19.984375
12967,2021-09-27 05:45:00,3504,12.59375,12.6328125,12.65625,12.65625,12.6015625,12.75,13.0078125,13.5859375,14.2265625,17.414062,19.070312,19.65625,19.90625,20.0625,20.171875,20.15625,19.976562
12968,2021-09-27 06:00:00,3504,12.703125,12.6953125,12.71875,12.7265625,12.671875,12.828125,13.078125,13.625,14.265625,17.421875,19.039062,19.640625,19.90625,20.0625,20.164062,20.148438,19.960938
12969,2021-09-27 06:15:00,3504,12.8671875,12.8359375,12.859375,12.8671875,12.828125,12.9765625,13.234375,13.78125,14.3984375,17.4375,19.007812,19.625,19.898438,20.046875,20.15625,20.140625,19.960938
12970,2021-09-27 06:30:00,3498,12.9765625,12.953125,12.9765625,12.9765625,12.953125,13.0859375,13.296875,13.8046875,14.390625,17.421875,18.976562,19.601562,19.890625,20.046875,20.148438,20.125,19.953125
12971,2021-09-27 06:45:00,3498,13.1015625,13.1171875,13.1640625,13.1640625,13.125,13.3046875,13.546875,14.015625,14.5390625,17.421875,18.945312,19.585938,19.882812,20.039062,20.140625,20.117188,19.9375
12972,2021-09-27 07:00:00,3504,13.171875,13.125,13.171875,13.1796875,13.125,13.34375,13.578125,14.0546875,14.6015625,17.429688,18.929688,19.570312,19.867188,20.03125,20.132812,20.109375,19.929688
12973,2021-09-27 07:15:00,3504,13.1484375,13.03125,13.078125,13.078125,13.046875,13.2890625,13.5859375,14.0703125,14.6015625,17.429688,18.898438,19.546875,19.867188,20.023438,20.125,20.101562,19.921875
12974,2021-09-27 07:30:00,3498,13.109375,12.9609375,13.0,13.0,12.953125,13.1875,13.4296875,13.90625,14.4609375,17.40625,18.882812,19.539062,19.851562,20.023438,20.117188,20.078125,19.90625
12975,2021-09-27 07:45:00,3510,13.109375,13.0078125,13.0546875,13.0546875,13.015625,13.2578125,13.5234375,14.0,14.53125,17.390625,18.859375,19.523438,19.84375,20.015625,20.109375,20.078125,19.90625
12976,2021-09-27 08:00:00,3504,13.0859375,12.90625,12.9375,12.953125,12.90625,13.1484375,13.421875,13.9140625,14.5,17.390625,18.835938,19.5,19.84375,20.015625,20.101562,20.070312,19.890625
12977,2021-09-27 08:15:00,3504,13.015625,12.78125,12.796875,12.8046875,12.7734375,13.015625,13.3125,13.8515625,14.4609375,17.375,18.820312,19.484375,19.828125,20.0,20.09375,20.0625,19.882812
12978,2021-09-27 08:30:00,3498,13.0,12.8359375,12.84375,12.8515625,12.8515625,13.078125,13.4296875,13.96875,14.546875,17.367188,18.796875,19.46875,19.8125,19.992188,20.09375,20.054688,19.882812
12979,2021-09-27 08:45:00,3498,13.0078125,12.84375,12.859375,12.875,12.859375,13.09375,13.4453125,14.0,14.578125,17.367188,18.78125,19.453125,19.804688,19.984375,20.070312,20.039062,19.867188
12980,2021-09-27 09:00:00,3504,13.0625,12.96875,12.9921875,13.0078125,12.9765625,13.1875,13.515625,14.0390625,14.6015625,17.367188,18.757812,19.4375,19.796875,19.976562,20.0625,20.03125,19.859375
12981,2021-09-27 09:15:00,3504,13.0,12.859375,12.8828125,12.8984375,12.859375,13.0546875,13.359375,13.8984375,14.5078125,17.335938,18.734375,19.414062,19.789062,19.96875,20.0625,20.03125,19.851562
12982,2021-09-27 09:30:00,3498,13.0546875,12.9921875,13.03125,13.046875,13.015625,13.2421875,13.546875,14.0625,14.6171875,17.335938,18.71875,19.398438,19.773438,19.960938,20.054688,20.015625,19.84375
12983,2021-09-27 09:45:00,3498,13.171875,13.171875,13.21875,13.2265625,13.203125,13.4453125,13.765625,14.265625,14.7890625,17.34375,18.703125,19.382812,19.765625,19.953125,20.046875,20.007812,19.828125
12984,2021-09-27 10:00:00,3504,13.296875,13.359375,13.4140625,13.4296875,13.3828125,13.640625,13.9453125,14.421875,14.9453125,17.375,18.6875,19.359375,19.75,19.945312,20.039062,19.992188,19.828125
12985,2021-09-27 10:15:00,3498,13.4296875,13.515625,13.5625,13.5859375,13.5546875,13.8046875,14.1015625,14.546875,15.0390625,17.398438,18.671875,19.351562,19.742188,19.9375,20.023438,19.992188,19.820312
12986,2021-09-27 10:30:00,3498,13.3984375,13.484375,13.5703125,13.578125,13.53125,13.828125,14.1640625,14.6328125,15.1484375,17.429688,18.648438,19.335938,19.726562,19.929688,20.023438,19.976562,19.804688
12987,2021-09-27 10:45:00,3504,13.421875,13.578125,13.6796875,13.6875,13.640625,13.953125,14.2734375,14.7265625,15.2265625,17.453125,18.632812,19.320312,19.726562,19.921875,20.015625,19.96875,19.796875
12988,2021-09-27 11:00:00,3498,13.453125,13.5703125,13.6796875,13.703125,13.6484375,14.0078125,14.375,14.8515625,15.3359375,17.460938,18.625,19.304688,19.710938,19.914062,20.0,19.960938,19.789062
12989,2021-09-27 11:15:00,3498,13.484375,13.5859375,13.6875,13.7109375,13.671875,14.03125,14.4296875,14.90625,15.3828125,17.484375,18.609375,19.289062,19.695312,19.90625,19.992188,19.953125,19.773438
12990,2021-09-27 11:30:00,3504,13.484375,13.546875,13.640625,13.6640625,13.625,13.984375,14.3359375,14.828125,15.3203125,17.476562,18.601562,19.265625,19.679688,19.890625,19.992188,19.945312,19.765625
12991,2021-09-27 11:45:00,3504,13.5078125,13.5625,13.65625,13.671875,13.640625,13.9921875,14.359375,14.84375,15.3359375,17.484375,18.585938,19.257812,19.664062,19.882812,19.976562,19.9375,19.757812
12992,2021-09-27 12:00:00,3498,13.5625,13.640625,13.7265625,13.75,13.703125,14.0546875,14.3828125,14.859375,15.3515625,17.484375,18.578125,19.242188,19.65625,19.875,19.976562,19.929688,19.75
12993,2021-09-27 12:15:00,3498,13.5859375,13.625,13.7109375,13.7265625,13.6796875,14.03125,14.359375,14.8359375,15.3359375,17.484375,18.570312,19.226562,19.648438,19.867188,19.960938,19.914062,19.742188
12994,2021-09-27 12:30:00,3498,13.5703125,13.546875,13.625,13.640625,13.59375,13.953125,14.3046875,14.8046875,15.3046875,17.476562,18.5625,19.210938,19.632812,19.859375,19.960938,19.90625,19.734375
12995,2021-09-27 12:45:00,3498,13.5625,13.578125,13.6640625,13.6875,13.65625,14.015625,14.375,14.8515625,15.3515625,17.484375,18.554688,19.203125,19.625,19.84375,19.945312,19.90625,19.71875
12996,2021-09-27 13:00:00,3498,13.5390625,13.5859375,13.6796875,13.6953125,13.6640625,14.015625,14.3984375,14.8671875,15.3984375,17.492188,18.539062,19.1875,19.609375,19.835938,19.9375,19.890625,19.710938
12997,2021-09-27 13:15:00,3498,13.4921875,13.5390625,13.6328125,13.640625,13.609375,13.9609375,14.34375,14.796875,15.34375,17.492188,18.53125,19.171875,19.59375,19.828125,19.921875,19.875,19.703125
12998,2021-09-27 13:30:00,3492,13.515625,13.578125,13.6640625,13.6484375,13.59375,13.90625,14.171875,14.484375,15.03125,17.476562,18.523438,19.164062,19.585938,19.8125,19.921875,19.867188,19.695312
12999,2021-09-27 13:45:00,3492,13.578125,13.6875,13.7734375,13.75,13.6796875,14.0,14.28125,14.6015625,15.1171875,17.484375,18.515625,19.148438,19.570312,19.804688,19.90625,19.859375,19.679688
13000,2021-09-27 14:00:00,3498,13.6328125,13.71875,13.8203125,13.796875,13.734375,14.0703125,14.3828125,14.7265625,15.2265625,17.492188,18.5,19.132812,19.5625,19.796875,19.898438,19.851562,19.671875
13001,2021-09-27 14:15:00,3498,13.6796875,13.78125,13.890625,13.875,13.8203125,14.1640625,14.46875,14.796875,15.25,17.492188,18.492188,19.125,19.546875,19.78125,19.890625,19.84375,19.664062
13002,2021-09-27 14:30:00,3492,13.75,13.90625,14.0,13.9921875,13.9296875,14.28125,14.5703125,14.875,15.328125,17.515625,18.484375,19.109375,19.53125,19.773438,19.875,19.835938,19.648438
13003,2021-09-27 14:45:00,3498,13.90625,14.1640625,14.2734375,14.296875,14.2578125,14.609375,14.9140625,15.2421875,15.6484375,17.546875,18.46875,19.101562,19.523438,19.765625,19.867188,19.828125,19.640625
13004,2021-09-27 15:00:00,3504,14.0625,14.296875,14.40625,14.4453125,14.453125,14.8359375,15.1640625,15.484375,15.890625,17.59375,18.46875,19.085938,19.515625,19.75,19.859375,19.8125,19.632812
13005,2021-09-27 15:15:00,3498,14.1796875,14.3125,14.4375,14.453125,14.4375,14.9765625,15.359375,15.7421875,16.125,17.648438,18.460938,19.078125,19.5,19.742188,19.84375,19.804688,19.617188
13006,2021-09-27 15:30:00,3492,14.25,14.296875,14.4296875,14.4609375,14.4609375,15.046875,15.4375,15.875,16.28125,17.710938,18.453125,19.0625,19.484375,19.734375,19.84375,19.789062,19.617188
13007,2021-09-27 15:45:00,3498,14.6328125,15.015625,15.171875,15.2265625,15.3515625,15.9375,16.25,16.523438,16.796875,17.796875,18.453125,19.046875,19.476562,19.726562,19.828125,19.78125,19.59375
13008,2021-09-27 16:00:00,3492,14.765625,14.8671875,15.015625,15.078125,15.1484375,15.8515625,16.25,16.625,16.914062,17.875,18.445312,19.039062,19.460938,19.710938,19.8125,19.773438,19.59375
13009,2021-09-27 16:15:00,3498,14.875,15.09375,15.2109375,15.2109375,15.296875,15.921875,16.304688,16.679688,16.953125,17.90625,18.445312,19.023438,19.453125,19.695312,19.8125,19.757812,19.578125
13010,2021-09-27 16:30:00,3492,14.9375,15.0,15.1015625,15.1328125,15.21875,15.8125,16.296875,16.757812,17.0625,17.960938,18.445312,19.015625,19.4375,19.6875,19.804688,19.757812,19.570312
13011,2021-09-27 16:45:00,3492,15.0390625,15.0390625,15.1171875,15.140625,15.2734375,15.8359375,16.3125,16.796875,17.117188,18.0,18.453125,19.0,19.429688,19.679688,19.789062,19.75,19.5625
13012,2021-09-27 17:00:00,3498,15.3984375,15.515625,15.5859375,15.6328125,15.78125,16.390625,16.828125,17.273438,17.515625,18.085938,18.445312,18.992188,19.414062,19.671875,19.78125,19.726562,19.546875
13013,2021-09-27 17:15:00,3486,15.921875,16.023438,16.078125,16.09375,16.304688,16.976562,17.445312,17.828125,18.0,18.21875,18.453125,18.984375,19.398438,19.65625,19.765625,19.726562,19.539062
13014,2021-09-27 17:30:00,3498,16.265625,16.148438,16.117188,16.148438,16.390625,17.070312,17.554688,18.015625,18.21875,18.328125,18.453125,18.976562,19.382812,19.640625,19.757812,19.710938,19.53125
13015,2021-09-27 17:45:00,3498,16.617188,16.429688,16.390625,16.421875,16.78125,17.3125,17.828125,18.25,18.390625,18.421875,18.46875,18.960938,19.375,19.632812,19.742188,19.703125,19.515625
13016,2021-09-27 18:00:00,3498,17.210938,17.34375,17.226562,17.234375,17.703125,18.0625,18.5625,18.882812,18.898438,18.523438,18.460938,18.953125,19.367188,19.625,19.734375,19.695312,19.507812
13017,2021-09-27 18:15:00,3498,18.257812,18.5625,18.351562,18.304688,18.992188,19.164062,19.65625,19.96875,19.851562,18.757812,18.476562,18.945312,19.351562,19.617188,19.726562,19.6875,19.5
13018,2021-09-27 18:30:00,3486,19.289062,19.632812,19.476562,19.398438,20.148438,20.359375,20.9375,21.023438,20.671875,19.015625,18.492188,18.9375,19.34375,19.59375,19.710938,19.671875,19.484375
13019,2021-09-27 18:45:00,3498,19.695312,19.71875,19.601562,19.664062,20.039062,20.5625,20.828125,20.898438,20.59375,19.164062,18.507812,18.9375,19.328125,19.585938,19.703125,19.664062,19.484375
13020,2021-09-27 19:00:00,3498,19.640625,19.671875,19.546875,19.453125,19.789062,20.390625,20.898438,21.109375,20.820312,19.21875,18.53125,18.929688,19.320312,19.578125,19.703125,19.648438,19.46875
13021,2021-09-27 19:15:00,3498,20.40625,20.898438,20.773438,20.695312,21.085938,22.023438,22.484375,22.617188,22.171875,19.492188,18.554688,18.921875,19.304688,19.570312,19.679688,19.648438,19.453125
13022,2021-09-27 19:30:00,3498,20.148438,19.703125,19.695312,19.617188,19.828125,20.8125,21.351562,21.8125,21.78125,19.625,18.578125,18.914062,19.304688,19.554688,19.671875,19.625,19.453125
13023,2021-09-27 19:45:00,3486,20.726562,21.140625,21.078125,20.929688,21.351562,22.46875,23.210938,23.5,23.148438,19.8125,18.609375,18.914062,19.289062,19.539062,19.65625,19.625,19.4375
13024,2021-09-27 20:00:00,3504,20.835938,20.523438,20.445312,20.367188,20.703125,21.984375,22.726562,23.21875,23.109375,19.992188,18.640625,18.914062,19.273438,19.539062,19.648438,19.609375,19.421875
13025,2021-09-27 20:15:00,3498,20.96875,21.476562,21.367188,21.390625,21.960938,22.84375,23.375,23.617188,23.382812,20.085938,18.679688,18.914062,19.273438,19.523438,19.640625,19.601562,19.414062
13026,2021-09-27 20:30:00,3504,21.828125,21.992188,21.804688,21.695312,22.171875,23.382812,24.3125,24.828125,24.523438,20.382812,18.71875,18.914062,19.257812,19.507812,19.625,19.59375,19.398438
13027,2021-09-27 20:45:00,3498,22.820312,22.507812,22.304688,22.25,22.71875,24.046875,25.007812,25.75,25.5625,20.773438,18.757812,18.914062,19.25,19.5,19.617188,19.578125,19.390625
13028,2021-09-27 21:00:00,3504,22.234375,21.65625,21.523438,21.40625,21.757812,22.726562,23.554688,24.171875,24.203125,20.695312,18.804688,18.914062,19.242188,19.492188,19.601562,19.570312,19.375
13029,2021-09-27 21:15:00,3498,22.382812,21.6875,21.578125,21.5,21.835938,23.0,23.929688,24.640625,24.625,20.835938,18.851562,18.914062,19.226562,19.476562,19.601562,19.554688,19.375
13030,2021-09-27 21:30:00,3504,22.617188,22.289062,22.164062,22.117188,22.5625,23.71875,24.523438,24.882812,24.6875,20.882812,18.890625,18.921875,19.21875,19.46875,19.59375,19.546875,19.367188
13031,2021-09-27 21:45:00,3504,22.351562,21.023438,20.851562,20.757812,21.070312,22.15625,23.117188,24.039062,24.25,20.960938,18.9375,18.929688,19.210938,19.453125,19.578125,19.539062,19.351562
13032,2021-09-27 22:00:00,3504,21.3125,19.945312,19.835938,19.742188,19.90625,20.890625,21.570312,22.375,22.742188,20.773438,18.992188,18.929688,19.210938,19.445312,19.570312,19.53125,19.335938
13033,2021-09-27 22:15:00,3504,20.6875,19.859375,19.75,19.6875,19.890625,20.71875,21.421875,22.007812,22.21875,20.59375,19.039062,18.945312,19.203125,19.4375,19.554688,19.515625,19.328125
13034,2021-09-27 22:30:00,3504,20.421875,19.765625,19.6875,19.65625,19.890625,20.75,21.398438,21.984375,22.15625,20.523438,19.070312,18.945312,19.195312,19.421875,19.539062,19.507812,19.320312
13035,2021-09-27 22:45:00,3510,20.320312,20.023438,19.84375,19.804688,20.03125,20.8125,21.164062,21.546875,21.742188,20.445312,19.109375,18.960938,19.195312,19.40625,19.53125,19.5,19.3125
13036,2021-09-27 23:00:00,3504,20.132812,19.289062,19.234375,19.210938,19.335938,20.203125,20.75,21.398438,21.703125,20.4375,19.140625,18.96875,19.179688,19.398438,19.523438,19.484375,19.296875
13037,2021-09-27 23:15:00,3510,19.734375,19.007812,18.921875,18.890625,19.054688,19.851562,20.367188,20.9375,21.25,20.34375,19.171875,18.984375,19.179688,19.390625,19.515625,19.476562,19.289062
13038,2021-09-27 23:30:00,3510,19.265625,18.257812,18.203125,18.15625,18.195312,18.90625,19.382812,20.171875,20.664062,20.265625,19.195312,19.0,19.179688,19.382812,19.5,19.46875,19.28125
13039,2021-09-27 23:45:00,3522,18.359375,17.507812,17.453125,17.445312,17.460938,18.117188,18.609375,19.226562,19.695312,20.007812,19.21875,19.015625,19.171875,19.375,19.492188,19.453125,19.265625
13040,2021-09-28 00:00:00,3504,17.8125,17.179688,17.15625,17.164062,17.1875,17.78125,18.21875,18.75,19.203125,19.820312,19.234375,19.023438,19.171875,19.367188,19.484375,19.445312,19.257812
13041,2021-09-28 00:15:00,3504,17.28125,16.648438,16.625,16.625,16.585938,17.132812,17.570312,18.1875,18.703125,19.671875,19.242188,19.03125,19.164062,19.359375,19.46875,19.4375,19.242188
13042,2021-09-28 00:30:00,3504,16.9375,16.460938,16.453125,16.453125,16.429688,16.953125,17.382812,17.929688,18.40625,19.523438,19.257812,19.039062,19.164062,19.351562,19.460938,19.421875,19.242188
13043,2021-09-28 00:45:00,3498,16.554688,16.125,16.140625,16.140625,16.078125,16.625,17.03125,17.601562,18.117188,19.390625,19.25,19.054688,19.164062,19.335938,19.453125,19.414062,19.234375
13044,2021-09-28 01:00:00,3504,16.3125,15.9453125,15.9609375,15.9609375,15.8984375,16.429688,16.859375,17.414062,17.898438,19.28125,19.25,19.0625,19.164062,19.328125,19.4375,19.40625,19.21875
13045,2021-09-28 01:15:00,3510,16.070312,15.7734375,15.7890625,15.796875,15.7265625,16.21875,16.585938,17.09375,17.585938,19.164062,19.242188,19.078125,19.15625,19.320312,19.4375,19.390625,19.210938
13046,2021-09-28 01:30:00,3504,15.6953125,15.4921875,15.5703125,15.578125,15.4765625,15.890625,16.226562,16.671875,17.3125,19.085938,19.234375,19.085938,19.164062,19.3125,19.421875,19.382812,19.203125
13047,2021-09-28 01:45:00,3504,15.4609375,15.421875,15.4765625,15.484375,15.3984375,15.734375,15.9921875,16.460938,17.046875,19.0,19.21875,19.085938,19.15625,19.304688,19.40625,19.375,19.195312
13048,2021-09-28 02:00:00,3504,15.40625,15.3671875,15.421875,15.4375,15.3203125,15.6796875,15.8828125,16.398438,16.976562,18.929688,19.203125,19.09375,19.164062,19.304688,19.40625,19.359375,19.1875
13049,2021-09-28 02:15:00,3504,15.265625,15.2421875,15.296875,15.3046875,15.2265625,15.578125,15.8125,16.351562,16.890625,18.859375,19.1875,19.101562,19.164062,19.289062,19.390625,19.351562,19.179688
13050,2021-09-28 02:30:00,3504,15.2421875,15.2265625,15.2734375,15.296875,15.203125,15.578125,15.78125,16.320312,16.859375,18.773438,19.171875,19.109375,19.164062,19.289062,19.382812,19.34375,19.171875
13051,2021-09-28 02:45:00,3504,15.1640625,15.1484375,15.1875,15.2109375,15.140625,15.5078125,15.7421875,16.25,16.78125,18.71875,19.15625,19.109375,19.164062,19.289062,19.367188,19.335938,19.164062
13052,2021-09-28 03:00:00,3498,15.03125,14.9375,14.984375,14.984375,14.8984375,15.296875,15.515625,16.0625,16.617188,18.664062,19.140625,19.109375,19.164062,19.273438,19.359375,19.320312,19.15625
13053,2021-09-28 03:15:00,3504,15.046875,15.0546875,15.1015625,15.109375,15.0703125,15.453125,15.7265625,16.226562,16.703125,18.625,19.125,19.109375,19.164062,19.265625,19.351562,19.3125,19.148438
13054,2021-09-28 03:30:00,3504,15.0546875,15.0,15.046875,15.0546875,14.9765625,15.40625,15.6796875,16.203125,16.679688,18.585938,19.101562,19.109375,19.164062,19.265625,19.34375,19.304688,19.140625
13055,2021-09-28 03:45:00,3510,15.015625,14.9609375,15.015625,15.0234375,14.953125,15.3671875,15.65625,16.148438,16.609375,18.5625,19.085938,19.101562,19.164062,19.257812,19.34375,19.296875,19.132812
13056,2021-09-28 04:00:00,3504,15.0625,15.1015625,15.15625,15.171875,15.125,15.4765625,15.7109375,16.195312,16.640625,18.523438,19.070312,19.109375,19.164062,19.257812,19.328125,19.296875,19.125
13057,2021-09-28 04:15:00,3498,15.0,14.921875,14.9765625,14.9921875,14.9296875,15.3359375,15.6015625,16.101562,16.578125,18.492188,19.046875,19.109375,19.15625,19.25,19.320312,19.28125,19.117188
13058,2021-09-28 04:30:00,3504,14.90625,14.84375,14.890625,14.90625,14.84375,15.2421875,15.5390625,16.078125,16.546875,18.453125,19.03125,19.109375,19.164062,19.242188,19.3125,19.273438,19.109375
13059,2021-09-28 04:45:00,3504,14.6953125,14.5703125,14.6171875,14.625,14.5390625,14.8828125,15.09375,15.5546875,16.054688,18.390625,19.015625,19.101562,19.164062,19.242188,19.304688,19.265625,19.101562
13060,2021-09-28 05:00:00,3504,14.203125,13.859375,13.921875,13.9453125,13.8359375,14.1796875,14.359375,14.7734375,15.265625,18.203125,19.0,19.101562,19.164062,19.242188,19.296875,19.257812,19.101562
13061,2021-09-28 05:15:00,3498,13.90625,13.6171875,13.640625,13.65625,13.5625,13.8984375,14.0625,14.453125,14.9765625,18.085938,18.984375,19.09375,19.15625,19.234375,19.296875,19.25,19.085938
13062,2021-09-28 05:30:00,3504,13.265625,12.6796875,12.6796875,12.7578125,12.5234375,12.9375,13.0625,13.59375,14.2890625,17.945312,18.960938,19.09375,19.15625,19.226562,19.289062,19.242188,19.085938
13063,2021-09-28 05:45:00,3504,12.2265625,11.703125,11.7578125,11.8203125,11.6640625,11.9453125,12.203125,12.5390625,12.9921875,17.601562,18.9375,19.078125,19.15625,19.226562,19.28125,19.234375,19.078125
13064,2021-09-28 06:00:00,3504,11.5859375,11.296875,11.3984375,11.3671875,11.2890625,11.421875,11.5703125,11.9453125,12.5390625,17.375,18.914062,19.078125,19.15625,19.21875,19.28125,19.234375,19.070312
13065,2021-09-28 06:15:00,3498,11.1640625,11.0625,11.15625,11.171875,11.078125,11.1875,11.328125,11.59375,12.09375,17.171875,18.882812,19.070312,19.148438,19.21875,19.265625,19.21875,19.0625
13066,2021-09-28 06:30:00,3498,10.984375,11.03125,11.140625,11.125,11.078125,11.171875,11.3046875,11.5546875,12.0859375,17.03125,18.859375,19.070312,19.15625,19.21875,19.257812,19.210938,19.054688
13067,2021-09-28 06:45:00,3498,10.765625,10.7265625,10.8046875,10.8203125,10.6328125,10.859375,11.0703125,11.359375,11.84375,16.90625,18.8125,19.0625,19.148438,19.203125,19.257812,19.203125,19.054688
13068,2021-09-28 07:00:00,3504,10.4453125,10.4140625,10.484375,10.5,10.3359375,10.53125,10.6875,10.921875,11.40625,16.765625,18.78125,19.046875,19.148438,19.210938,19.25,19.195312,19.039062
13069,2021-09-28 07:15:00,3510,10.1484375,10.15625,10.2578125,10.25,10.1171875,10.25,10.4140625,10.6640625,11.1171875,16.609375,18.734375,19.046875,19.140625,19.203125,19.242188,19.195312,19.039062
13070,2021-09-28 07:30:00,3504,9.8671875,9.875,9.9921875,9.9921875,9.8515625,9.96875,10.125,10.40625,10.96875,16.5,18.6875,19.03125,19.140625,19.195312,19.234375,19.1875,19.03125
13071,2021-09-28 07:45:00,3498,9.6875,9.8671875,10.0390625,10.0234375,9.984375,10.03125,10.1796875,10.359375,10.796875,16.359375,18.640625,19.023438,19.140625,19.195312,19.226562,19.179688,19.023438
13072,2021-09-28 08:00:00,3498,9.4921875,9.53125,9.6640625,9.7265625,9.578125,9.65625,9.84375,10.15625,10.7890625,16.320312,18.59375,19.007812,19.132812,19.195312,19.226562,19.171875,19.023438
13073,2021-09-28 08:15:00,3498,9.328125,9.375,9.515625,9.546875,9.421875,9.546875,9.7734375,10.0703125,10.6796875,16.242188,18.546875,19.0,19.132812,19.1875,19.210938,19.171875,19.015625
13074,2021-09-28 08:30:00,3498,9.109375,9.1796875,9.296875,9.3125,9.15625,9.3125,9.5390625,9.8359375,10.40625,16.125,18.5,18.984375,19.117188,19.179688,19.210938,19.15625,19.015625
13075,2021-09-28 08:45:00,3504,9.015625,9.203125,9.3515625,9.3984375,9.2734375,9.3359375,9.5078125,9.78125,10.375,16.015625,18.445312,18.960938,19.125,19.179688,19.210938,19.15625,19.007812
13076,2021-09-28 09:00:00,3498,8.765625,8.8828125,8.9765625,8.984375,8.84375,8.9765625,9.15625,9.4453125,10.0234375,15.9140625,18.398438,18.945312,19.117188,19.171875,19.203125,19.148438,19.0
13077,2021-09-28 09:15:00,3504,8.5234375,8.6171875,8.765625,8.875,8.8046875,8.765625,9.03125,9.2890625,9.921875,15.8046875,18.351562,18.9375,19.117188,19.171875,19.195312,19.140625,18.992188
13078,2021-09-28 09:30:00,3492,8.46875,8.6328125,8.7421875,8.828125,8.6640625,8.7734375,9.0078125,9.2890625,9.875,15.734375,18.304688,18.90625,19.109375,19.164062,19.1875,19.132812,18.992188
13079,2021-09-28 09:45:00,3498,8.375,8.53125,8.6796875,8.671875,8.6015625,8.6328125,8.8125,9.0859375,9.6796875,15.65625,18.25,18.890625,19.101562,19.164062,19.1875,19.132812,18.984375
13080,2021-09-28 10:00:00,3504,8.265625,8.4296875,8.5625,8.6328125,8.4765625,8.5390625,8.7890625,9.15625,9.8359375,15.546875,18.203125,18.875,19.09375,19.15625,19.1875,19.125,18.984375
13081,2021-09-28 10:15:00,3498,8.234375,8.390625,8.5390625,8.625,8.484375,8.5546875,8.8359375,9.2109375,9.9453125,15.515625,18.148438,18.859375,19.085938,19.15625,19.179688,19.125,18.976562
13082,2021-09-28 10:30:00,3498,8.4765625,8.7265625,8.828125,8.8515625,8.7578125,8.8515625,9.078125,9.3984375,10.0703125,15.5,18.101562,18.835938,19.070312,19.148438,19.179688,19.117188,18.96875
13083,2021-09-28 10:45:00,3498,8.5234375,8.7109375,8.8203125,8.8671875,8.7890625,8.8515625,9.078125,9.4140625,10.0859375,15.484375,18.054688,18.8125,19.0625,19.140625,19.171875,19.101562,18.96875
13084,2021-09-28 11:00:00,3492,8.4765625,8.6015625,8.6640625,8.703125,8.5625,8.6875,8.953125,9.3671875,10.0546875,15.4140625,18.007812,18.789062,19.054688,19.140625,19.164062,19.101562,18.953125
13085,2021-09-28 11:15:00,3498,8.578125,8.796875,8.890625,8.953125,8.8515625,8.9375,9.1796875,9.53125,10.1015625,15.3828125,17.953125,18.757812,19.046875,19.140625,19.15625,19.101562,18.953125
13086,2021-09-28 11:30:00,3492,8.703125,8.875,8.9765625,9.0703125,8.9296875,9.1328125,9.390625,9.671875,10.203125,15.359375,17.914062,18.734375,19.039062,19.125,19.148438,19.09375,18.945312
13087,2021-09-28 11:45:00,3492,8.75,8.90625,8.9765625,9.0234375,8.921875,9.09375,9.375,9.7421875,10.34375,15.3671875,17.867188,18.710938,19.023438,19.125,19.140625,19.085938,18.945312
13088,2021-09-28 12:00:00,3492,8.734375,8.8203125,8.890625,8.9296875,8.8203125,8.96875,9.1796875,9.5234375,10.125,15.3359375,17.828125,18.6875,19.007812,19.117188,19.140625,19.078125,18.9375
13089,2021-09-28 12:15:00,3498,8.6875,8.71875,8.796875,8.8359375,8.703125,8.890625,9.21875,9.578125,10.1953125,15.3203125,17.789062,18.664062,19.0,19.109375,19.132812,19.070312,18.9375
13090,2021-09-28 12:30:00,3492,8.640625,8.75,8.8046875,8.875,8.71875,8.96875,9.375,9.8671875,10.59375,15.34375,17.742188,18.632812,18.992188,19.109375,19.132812,19.070312,18.929688
13091,2021-09-28 12:45:00,3492,8.75,9.0625,9.1171875,9.1484375,9.0703125,9.1953125,9.4296875,9.8046875,10.4296875,15.28125,17.695312,18.609375,18.976562,19.101562,19.125,19.0625,18.921875
13092,2021-09-28 13:00:00,3486,8.71875,8.71875,8.7734375,8.8515625,8.7421875,8.9609375,9.3046875,9.7890625,10.515625,15.296875,17.671875,18.585938,18.976562,19.09375,19.117188,19.054688,18.914062
13093,2021-09-28 13:15:00,3492,8.6875,8.6796875,8.734375,8.796875,8.671875,8.890625,9.3515625,9.984375,10.7734375,15.3125,17.625,18.554688,18.953125,19.085938,19.117188,19.046875,18.90625
13094,2021-09-28 13:30:00,3498,8.7421875,8.90625,8.9609375,9.03125,8.921875,9.078125,9.421875,9.8984375,10.59375,15.296875,17.59375,18.53125,18.9375,19.078125,19.109375,19.046875,18.90625
13095,2021-09-28 13:45:00,3498,8.4609375,8.375,8.453125,8.5234375,8.375,8.5859375,8.90625,9.3515625,10.0546875,15.1796875,17.554688,18.5,18.921875,19.070312,19.101562,19.039062,18.898438
13096,2021-09-28 14:00:00,3486,8.265625,8.25,8.3671875,8.34375,8.2578125,8.3828125,8.625,8.9765625,9.5703125,15.0234375,17.53125,18.476562,18.914062,19.0625,19.101562,19.039062,18.890625
13097,2021-09-28 14:15:00,3492,8.015625,8.09375,8.2265625,8.1875,8.078125,8.2109375,8.4921875,8.7734375,9.359375,14.9296875,17.492188,18.453125,18.898438,19.054688,19.085938,19.03125,18.890625
13098,2021-09-28 14:30:00,3486,7.765625,7.859375,7.96875,7.96875,7.8359375,8.0625,8.5703125,9.0078125,9.6328125,14.8984375,17.453125,18.421875,18.882812,19.039062,19.085938,19.023438,18.875
13099,2021-09-28 14:45:00,3486,8.0390625,8.6171875,8.6640625,8.65625,8.53125,8.7109375,9.0390625,9.4765625,10.1640625,14.9765625,17.414062,18.40625,18.867188,19.039062,19.078125,19.015625,18.875
13100,2021-09-28 15:00:00,3480,8.59375,9.5078125,9.5546875,9.515625,9.2265625,9.3671875,9.6640625,10.0234375,10.625,15.015625,17.382812,18.382812,18.851562,19.03125,19.078125,19.007812,18.867188
13101,2021-09-28 15:15:00,3498,9.5546875,10.8671875,11.03125,10.90625,10.4609375,10.46875,10.515625,10.6640625,11.1328125,15.0859375,17.34375,18.351562,18.828125,19.015625,19.0625,19.007812,18.867188
13102,2021-09-28 15:30:00,3492,10.7421875,11.8203125,11.859375,11.8984375,11.5078125,11.59375,11.59375,11.703125,12.03125,15.2109375,17.3125,18.320312,18.8125,19.007812,19.054688,19.0,18.851562
13103,2021-09-28 15:45:00,3486,11.5625,12.765625,12.75,12.390625,11.953125,12.125,12.2734375,12.46875,12.7734375,15.375,17.28125,18.296875,18.796875,19.0,19.046875,18.992188,18.851562
13104,2021-09-28 16:00:00,3486,12.4375,13.3125,13.515625,13.2734375,12.8984375,13.0234375,13.0234375,13.109375,13.3125,15.5234375,17.25,18.273438,18.78125,18.992188,19.046875,18.984375,18.835938
13105,2021-09-28 16:15:00,3480,13.875,15.578125,15.390625,14.6796875,13.9765625,14.140625,14.0078125,14.0390625,14.09375,15.7109375,17.226562,18.25,18.765625,18.976562,19.039062,18.976562,18.828125
13106,2021-09-28 16:30:00,3486,15.2421875,17.046875,16.515625,15.3203125,14.78125,14.71875,14.421875,14.46875,14.6015625,15.9140625,17.203125,18.226562,18.75,18.96875,19.03125,18.96875,18.828125
13107,2021-09-28 16:45:00,3486,16.375,18.289062,17.757812,15.9765625,16.164062,15.1328125,14.7109375,14.8984375,15.0703125,16.09375,17.1875,18.195312,18.726562,18.960938,19.023438,18.960938,18.8125
13108,2021-09-28 17:00:00,3486,17.71875,20.367188,19.5,16.664062,17.273438,16.023438,15.2890625,15.421875,15.640625,16.296875,17.179688,18.164062,18.710938,18.9375,19.007812,18.960938,18.804688
13109,2021-09-28 17:15:00,3492,18.757812,21.914062,21.921875,18.78125,19.976562,19.0,16.867188,16.539062,16.625,16.5625,17.179688,18.140625,18.695312,18.9375,19.007812,18.953125,18.804688
13110,2021-09-28 17:30:00,3492,20.03125,23.554688,22.773438,19.6875,21.070312,20.054688,17.421875,16.617188,16.3125,16.6875,17.1875,18.117188,18.671875,18.921875,18.992188,18.945312,18.789062
13111,2021-09-28 17:45:00,3480,20.890625,22.328125,22.460938,20.3125,21.226562,20.171875,18.296875,17.375,16.648438,16.71875,17.1875,18.101562,18.65625,18.914062,18.984375,18.9375,18.789062
13112,2021-09-28 18:00:00,3498,22.453125,25.53125,24.8125,23.804688,24.007812,22.375,20.554688,19.726562,18.984375,16.96875,17.203125,18.078125,18.640625,18.90625,18.976562,18.921875,18.78125
13113,2021-09-28 18:15:00,3492,23.117188,25.023438,24.171875,23.59375,22.632812,22.382812,21.03125,20.867188,20.28125,17.265625,17.21875,18.054688,18.625,18.890625,18.96875,18.921875,18.765625
13114,2021-09-28 18:30:00,3498,24.015625,25.703125,24.945312,23.90625,22.515625,22.703125,22.148438,22.640625,22.273438,17.703125,17.234375,18.039062,18.601562,18.875,18.960938,18.914062,18.757812
13115,2021-09-28 18:45:00,3498,24.96875,27.929688,26.671875,24.25,23.609375,23.9375,23.445312,24.03125,23.484375,18.039062,17.265625,18.023438,18.585938,18.867188,18.953125,18.898438,18.75
13116,2021-09-28 19:00:00,3498,26.367188,27.90625,26.71875,24.234375,23.976562,23.84375,24.570312,25.4375,24.914062,18.460938,17.289062,18.007812,18.570312,18.851562,18.945312,18.890625,18.734375
13117,2021-09-28 19:15:00,3504,27.164062,28.1875,25.351562,24.257812,23.554688,23.710938,25.179688,25.828125,25.40625,18.867188,17.320312,17.992188,18.546875,18.835938,18.929688,18.882812,18.726562
13118,2021-09-28 19:30:00,3504,26.789062,26.382812,24.554688,23.0,22.804688,22.953125,24.921875,25.414062,25.046875,19.023438,17.367188,17.976562,18.53125,18.828125,18.921875,18.875,18.71875
13119,2021-09-28 19:45:00,3504,27.664062,26.21875,24.257812,23.625,23.203125,24.554688,26.382812,27.039062,26.5625,19.40625,17.414062,17.96875,18.515625,18.8125,18.914062,18.875,18.710938
13120,2021-09-28 20:00:00,3510,28.726562,27.84375,24.84375,24.867188,24.164062,26.875,27.984375,28.140625,27.273438,19.8125,17.46875,17.960938,18.492188,18.804688,18.898438,18.859375,18.695312
13121,2021-09-28 20:15:00,3504,28.648438,27.28125,25.5625,25.429688,25.265625,28.703125,29.445312,29.390625,28.195312,20.132812,17.523438,17.953125,18.476562,18.789062,18.898438,18.851562,18.6875
13122,2021-09-28 20:30:00,3516,28.375,27.359375,24.976562,24.640625,25.554688,28.414062,28.554688,29.304688,28.046875,20.421875,17.585938,17.953125,18.460938,18.773438,18.882812,18.835938,18.671875
13123,2021-09-28 20:45:00,3510,28.84375,28.617188,26.742188,26.539062,27.9375,31.492188,32.554688,33.148438,30.75,20.960938,17.65625,17.953125,18.445312,18.757812,18.875,18.835938,18.671875
13124,2021-09-28 21:00:00,3516,28.828125,27.34375,25.921875,25.671875,28.3125,30.585938,31.859375,32.414062,30.21875,21.257812,17.734375,17.945312,18.4375,18.75,18.859375,18.828125,18.664062
13125,2021-09-28 21:15:00,3522,29.007812,27.890625,25.8125,25.960938,28.914062,31.351562,32.484375,32.65625,30.640625,21.539062,17.820312,17.953125,18.421875,18.726562,18.851562,18.8125,18.65625
13126,2021-09-28 21:30:00,3510,28.648438,26.46875,25.3125,25.945312,28.195312,30.867188,31.53125,31.664062,30.359375,21.75,17.90625,17.960938,18.40625,18.71875,18.84375,18.804688,18.640625
13127,2021-09-28 21:45:00,3522,28.210938,25.8125,25.289062,26.609375,28.914062,31.570312,31.890625,31.148438,30.179688,21.867188,17.992188,17.976562,18.390625,18.703125,18.835938,18.796875,18.632812
13128,2021-09-28 22:00:00,3522,27.890625,25.703125,25.570312,27.546875,30.257812,31.578125,31.523438,30.0625,28.898438,21.8125,18.085938,17.984375,18.382812,18.6875,18.820312,18.78125,18.632812
13129,2021-09-28 22:15:00,3528,24.492188,21.367188,20.929688,21.171875,21.132812,21.9375,21.820312,22.3125,22.875,21.015625,18.1875,18.0,18.375,18.679688,18.8125,18.773438,18.617188
13130,2021-09-28 22:30:00,3528,21.84375,19.976562,19.617188,19.71875,19.53125,19.757812,19.75,19.929688,20.265625,20.257812,18.273438,18.015625,18.367188,18.664062,18.796875,18.765625,18.609375
13131,2021-09-28 22:45:00,3528,20.585938,19.8125,19.570312,19.671875,19.4375,19.445312,19.367188,19.46875,19.726562,19.84375,18.351562,18.03125,18.351562,18.648438,18.78125,18.75,18.601562
13132,2021-09-28 23:00:00,3522,19.757812,19.195312,18.960938,19.046875,18.8125,18.773438,18.679688,18.789062,19.046875,19.546875,18.414062,18.054688,18.351562,18.640625,18.78125,18.734375,18.59375
13133,2021-09-28 23:15:00,3522,19.242188,19.007812,18.804688,18.929688,18.679688,18.539062,18.273438,18.226562,18.492188,19.296875,18.453125,18.085938,18.34375,18.625,18.765625,18.734375,18.585938
13134,2021-09-28 23:30:00,3522,18.835938,18.609375,18.375,18.460938,18.140625,17.976562,17.710938,17.78125,18.09375,19.085938,18.476562,18.101562,18.335938,18.609375,18.757812,18.726562,18.578125
13135,2021-09-28 23:45:00,3516,18.5625,18.601562,18.429688,18.546875,18.265625,18.054688,17.78125,17.617188,17.742188,18.875,18.492188,18.125,18.328125,18.601562,18.734375,18.710938,18.570312
13136,2021-09-29 00:00:00,3522,18.125,18.0625,17.859375,17.945312,17.625,17.367188,17.1875,17.140625,17.265625,18.664062,18.5,18.148438,18.328125,18.59375,18.726562,18.703125,18.5625
13137,2021-09-29 00:15:00,3522,17.890625,17.851562,17.710938,17.851562,17.539062,17.351562,17.234375,17.1875,17.257812,18.53125,18.492188,18.171875,18.335938,18.578125,18.71875,18.695312,18.554688
13138,2021-09-29 00:30:00,3516,17.5,17.476562,17.351562,17.554688,17.273438,17.09375,16.953125,16.9375,17.023438,18.398438,18.484375,18.195312,18.328125,18.570312,18.703125,18.6875,18.546875
13139,2021-09-29 00:45:00,3522,17.195312,17.171875,17.101562,17.34375,17.132812,17.0,16.984375,17.0,17.054688,18.28125,18.46875,18.21875,18.335938,18.5625,18.695312,18.671875,18.53125
13140,2021-09-29 01:00:00,3528,16.796875,16.703125,16.578125,16.765625,16.453125,16.445312,16.484375,16.523438,16.65625,18.1875,18.453125,18.226562,18.328125,18.554688,18.6875,18.664062,18.53125
13141,2021-09-29 01:15:00,3528,16.390625,16.21875,16.140625,16.328125,15.984375,16.039062,16.078125,16.1875,16.367188,18.101562,18.4375,18.25,18.335938,18.546875,18.679688,18.65625,18.53125
13142,2021-09-29 01:30:00,3522,15.6875,15.3359375,15.171875,15.4140625,15.140625,15.1953125,15.2890625,15.3984375,15.6328125,17.929688,18.414062,18.257812,18.328125,18.539062,18.664062,18.648438,18.53125
13143,2021-09-29 01:45:00,3522,15.03125,14.6953125,14.5703125,14.796875,14.5234375,14.53125,14.65625,14.7734375,15.0546875,17.75,18.398438,18.265625,18.34375,18.53125,18.65625,18.640625,18.515625
13144,2021-09-29 02:00:00,3510,14.40625,13.953125,13.8515625,14.046875,13.7265625,13.734375,13.84375,14.0234375,14.3984375,17.570312,18.367188,18.273438,18.335938,18.523438,18.648438,18.632812,18.507812
13145,2021-09-29 02:15:00,3522,13.9296875,13.5703125,13.5,13.7578125,13.4765625,13.4296875,13.5234375,13.640625,13.8984375,17.359375,18.351562,18.28125,18.34375,18.515625,18.640625,18.625,18.507812
13146,2021-09-29 02:30:00,3516,13.28125,12.7734375,12.625,12.8359375,12.4453125,12.4765625,12.625,12.84375,13.2265625,17.148438,18.3125,18.28125,18.34375,18.507812,18.632812,18.617188,18.492188
13147,2021-09-29 02:45:00,3522,12.875,12.640625,12.5859375,12.7265625,12.40625,12.390625,12.4765625,12.6484375,12.9609375,16.96875,18.28125,18.289062,18.351562,18.5,18.625,18.609375,18.492188
13148,2021-09-29 03:00:00,3516,12.4921875,12.3359375,12.3203125,12.578125,12.3359375,12.1875,12.328125,12.4296875,12.7265625,16.84375,18.25,18.296875,18.351562,18.5,18.609375,18.601562,18.492188
13149,2021-09-29 03:15:00,3522,12.25,12.15625,12.203125,12.359375,12.109375,12.078125,12.1640625,12.3046875,12.609375,16.75,18.210938,18.289062,18.351562,18.492188,18.609375,18.59375,18.484375
13150,2021-09-29 03:30:00,3522,11.9375,11.921875,11.9453125,12.078125,11.75,11.75,11.84375,12.03125,12.375,16.65625,18.171875,18.289062,18.359375,18.484375,18.601562,18.585938,18.484375
13151,2021-09-29 03:45:00,3522,11.6953125,11.671875,11.734375,11.8125,11.53125,11.5,11.6015625,11.7734375,12.09375,16.507812,18.125,18.289062,18.359375,18.484375,18.59375,18.578125,18.476562
13152,2021-09-29 04:00:00,3522,11.390625,11.2421875,11.234375,11.3359375,11.0234375,11.015625,11.171875,11.4140625,11.8203125,16.359375,18.09375,18.28125,18.359375,18.484375,18.585938,18.578125,18.46875
13153,2021-09-29 04:15:00,3522,11.078125,10.9921875,11.046875,11.1015625,10.796875,10.6484375,10.796875,11.046875,11.546875,16.242188,18.046875,18.28125,18.359375,18.476562,18.578125,18.570312,18.46875
13154,2021-09-29 04:30:00,3510,11.1171875,11.3828125,11.5,11.5859375,11.2890625,11.1796875,11.2734375,11.4453125,11.7890625,16.171875,18.007812,18.273438,18.359375,18.476562,18.578125,18.570312,18.46875
13155,2021-09-29 04:45:00,3522,11.1796875,11.4609375,11.484375,11.671875,11.375,11.2578125,11.3671875,11.5703125,11.9296875,16.117188,17.960938,18.265625,18.367188,18.46875,18.5625,18.554688,18.460938
13156,2021-09-29 05:00:00,3522,11.28125,11.578125,11.59375,11.7578125,11.421875,11.359375,11.4921875,11.734375,12.125,16.078125,17.921875,18.257812,18.375,18.46875,18.5625,18.554688,18.453125
13157,2021-09-29 05:15:00,3510,11.1640625,11.546875,11.7109375,11.9921875,11.734375,11.4609375,11.6015625,11.65625,11.921875,16.0,17.875,18.242188,18.367188,18.46875,18.5625,18.546875,18.460938
13158,2021-09-29 05:30:00,3516,11.1796875,11.453125,11.5703125,11.671875,11.4453125,11.3046875,11.3828125,11.5,11.8125,15.96875,17.828125,18.242188,18.367188,18.46875,18.554688,18.539062,18.460938
13159,2021-09-29 05:45:00,3504,10.7421875,10.75,10.90625,10.953125,10.7578125,10.6328125,10.8203125,10.9921875,11.390625,15.84375,17.789062,18.21875,18.367188,18.460938,18.546875,18.539062,18.453125
13160,2021-09-29 06:00:00,3510,10.765625,11.1171875,11.2578125,11.4140625,11.1953125,11.0703125,11.203125,11.328125,11.625,15.8046875,17.75,18.21875,18.359375,18.460938,18.539062,18.53125,18.453125
13161,2021-09-29 06:15:00,3510,10.8515625,11.3046875,11.46875,11.5078125,11.2734375,11.2265625,11.3203125,11.4765625,11.6953125,15.796875,17.710938,18.195312,18.359375,18.460938,18.53125,18.53125,18.453125
13162,2021-09-29 06:30:00,3510,10.765625,10.9921875,11.03125,11.1875,10.890625,10.9375,11.09375,11.296875,11.6171875,15.7265625,17.671875,18.1875,18.359375,18.460938,18.53125,18.523438,18.445312
13163,2021-09-29 06:45:00,3516,10.6328125,10.9140625,11.0546875,11.0546875,10.8828125,10.8046875,10.875,11.046875,11.40625,15.65625,17.625,18.164062,18.359375,18.453125,18.53125,18.523438,18.445312
13164,2021-09-29 07:00:00,3516,10.5078125,10.8046875,10.96875,11.09375,10.9453125,10.8359375,10.9609375,11.09375,11.3828125,15.59375,17.585938,18.148438,18.351562,18.453125,18.523438,18.515625,18.445312
13165,2021-09-29 07:15:00,3516,10.8203125,11.265625,11.4140625,11.484375,11.328125,11.2578125,11.3515625,11.484375,11.6875,15.578125,17.554688,18.132812,18.351562,18.445312,18.515625,18.515625,18.453125
13166,2021-09-29 07:30:00,3510,10.8828125,11.1953125,11.2890625,11.4140625,11.1796875,11.1796875,11.28125,11.421875,11.6875,15.5859375,17.515625,18.117188,18.34375,18.445312,18.515625,18.507812,18.4375
13167,2021-09-29 07:45:00,3522,10.6953125,10.9140625,10.9140625,11.0859375,10.8515625,10.96875,11.1015625,11.234375,11.53125,15.5390625,17.476562,18.101562,18.34375,18.445312,18.507812,18.507812,18.4375
13168,2021-09-29 08:00:00,3510,10.53125,10.7578125,10.7734375,10.8828125,10.6015625,10.78125,10.90625,11.0703125,11.4375,15.5546875,17.445312,18.085938,18.335938,18.445312,18.507812,18.5,18.4375
13169,2021-09-29 08:15:00,3510,10.4140625,10.8515625,10.9375,10.9921875,10.7734375,10.8125,10.90625,11.0390625,11.2890625,15.4921875,17.414062,18.0625,18.328125,18.445312,18.507812,18.5,18.4375
13170,2021-09-29 08:30:00,3510,10.5859375,10.984375,11.1171875,11.1640625,11.0078125,10.953125,11.015625,11.140625,11.3203125,15.390625,17.375,18.054688,18.328125,18.445312,18.5,18.5,18.4375
13171,2021-09-29 08:45:00,3516,10.453125,10.6171875,10.65625,10.7890625,10.5859375,10.5859375,10.703125,10.8671875,11.140625,15.359375,17.34375,18.03125,18.3125,18.4375,18.5,18.492188,18.429688
13172,2021-09-29 09:00:00,3510,10.53125,10.8203125,10.953125,11.015625,10.84375,10.796875,10.8984375,11.0546875,11.2578125,15.3125,17.3125,18.015625,18.3125,18.429688,18.5,18.492188,18.4375
13173,2021-09-29 09:15:00,3510,10.3125,10.578125,10.59375,10.6796875,10.4453125,10.453125,10.5859375,10.734375,10.9765625,15.234375,17.28125,18.0,18.304688,18.429688,18.492188,18.492188,18.429688
13174,2021-09-29 09:30:00,3504,10.1015625,10.1875,10.15625,10.3046875,10.03125,10.0859375,10.2421875,10.40625,10.75,15.1796875,17.25,17.976562,18.296875,18.429688,18.492188,18.484375,18.429688
13175,2021-09-29 09:45:00,3504,9.859375,10.046875,10.078125,10.2265625,9.9375,10.0234375,10.15625,10.3203125,10.6328125,15.1015625,17.21875,17.960938,18.289062,18.421875,18.492188,18.484375,18.429688
13176,2021-09-29 10:00:00,3510,10.09375,10.796875,10.8984375,10.984375,10.7421875,10.765625,10.8359375,10.9609375,11.109375,15.078125,17.1875,17.9375,18.273438,18.421875,18.484375,18.476562,18.429688
13177,2021-09-29 10:15:00,3504,10.15625,10.53125,10.5546875,10.6875,10.4375,10.5546875,10.6484375,10.7734375,10.96875,15.0390625,17.15625,17.921875,18.273438,18.414062,18.476562,18.476562,18.421875
13178,2021-09-29 10:30:00,3504,10.1015625,10.421875,10.4375,10.5625,10.3203125,10.4453125,10.5703125,10.703125,10.8984375,15.0078125,17.125,17.90625,18.257812,18.40625,18.484375,18.46875,18.421875
13179,2021-09-29 10:45:00,3510,9.875,10.203125,10.25,10.3984375,10.203125,10.21875,10.3671875,10.5078125,10.7734375,14.9765625,17.085938,17.890625,18.25,18.398438,18.476562,18.46875,18.421875
13180,2021-09-29 11:00:00,3510,9.96875,10.328125,10.3359375,10.484375,10.2109375,10.3046875,10.453125,10.6015625,10.875,14.9453125,17.054688,17.859375,18.242188,18.398438,18.46875,18.46875,18.421875
13181,2021-09-29 11:15:00,3504,9.8828125,10.3125,10.421875,10.515625,10.2890625,10.3203125,10.4453125,10.5859375,10.78125,14.9140625,17.03125,17.84375,18.234375,18.398438,18.46875,18.460938,18.421875
13182,2021-09-29 11:30:00,3504,9.953125,10.453125,10.484375,10.6171875,10.3671875,10.4609375,10.5703125,10.703125,10.859375,14.859375,16.992188,17.828125,18.226562,18.390625,18.46875,18.460938,18.414062
13183,2021-09-29 11:45:00,3504,9.90625,10.28125,10.3203125,10.4375,10.203125,10.2890625,10.4453125,10.5703125,10.78125,14.859375,16.96875,17.804688,18.210938,18.382812,18.460938,18.460938,18.414062
13184,2021-09-29 12:00:00,3504,9.8125,10.203125,10.2421875,10.3359375,10.1015625,10.1875,10.328125,10.453125,10.6484375,14.828125,16.9375,17.789062,18.203125,18.382812,18.453125,18.453125,18.40625
13185,2021-09-29 12:15:00,3504,9.9296875,10.453125,10.5234375,10.671875,10.4453125,10.4765625,10.578125,10.6796875,10.7734375,14.78125,16.90625,17.765625,18.195312,18.375,18.453125,18.460938,18.40625
13186,2021-09-29 12:30:00,3510,9.9296875,10.203125,10.21875,10.40625,10.1796875,10.265625,10.3671875,10.46875,10.6484375,14.7109375,16.875,17.75,18.171875,18.375,18.453125,18.453125,18.398438
13187,2021-09-29 12:45:00,3504,9.71875,9.9296875,9.9296875,10.0625,9.7890625,9.90625,10.0078125,10.125,10.4140625,14.71875,16.851562,17.726562,18.164062,18.367188,18.445312,18.445312,18.398438
13188,2021-09-29 13:00:00,3498,9.84375,10.359375,10.390625,10.5390625,10.328125,10.421875,10.5390625,10.6640625,10.828125,14.671875,16.820312,17.710938,18.148438,18.359375,18.445312,18.445312,18.398438
13189,2021-09-29 13:15:00,3498,9.7578125,10.1484375,10.203125,10.4140625,10.2265625,10.2265625,10.3515625,10.4609375,10.6484375,14.625,16.789062,17.6875,18.140625,18.351562,18.4375,18.445312,18.390625
13190,2021-09-29 13:30:00,3504,9.6171875,9.796875,9.8125,10.03125,9.828125,9.8359375,9.9765625,10.078125,10.3359375,14.578125,16.757812,17.664062,18.132812,18.34375,18.429688,18.4375,18.390625
13191,2021-09-29 13:45:00,3504,9.3671875,9.6640625,9.6171875,9.84375,9.609375,9.71875,9.859375,9.9921875,10.2890625,14.546875,16.742188,17.640625,18.117188,18.335938,18.429688,18.429688,18.382812
13192,2021-09-29 14:00:00,3504,9.015625,9.3125,9.3515625,9.5703125,9.3125,9.3671875,9.5546875,9.703125,10.078125,14.5078125,16.703125,17.625,18.101562,18.328125,18.421875,18.429688,18.382812
13193,2021-09-29 14:15:00,3504,8.84375,9.40625,9.515625,9.6171875,9.359375,9.3828125,9.578125,9.8046875,10.3203125,14.5546875,16.679688,17.59375,18.085938,18.328125,18.421875,18.429688,18.375
13194,2021-09-29 14:30:00,3504,8.90625,9.5390625,9.59375,9.703125,9.40625,9.6015625,9.8125,10.03125,10.46875,14.578125,16.65625,17.578125,18.078125,18.3125,18.40625,18.421875,18.375
13195,2021-09-29 14:45:00,3498,8.9296875,9.6796875,9.84375,9.96875,9.765625,9.7734375,9.96875,10.1796875,10.703125,14.59375,16.625,17.5625,18.0625,18.304688,18.40625,18.414062,18.367188
13196,2021-09-29 15:00:00,3498,9.8203125,11.4375,11.515625,11.5703125,11.1875,11.1796875,11.328125,11.3984375,11.703125,14.734375,16.601562,17.539062,18.054688,18.296875,18.40625,18.414062,18.367188
13197,2021-09-29 15:15:00,3498,11.25,12.9609375,13.171875,13.234375,12.5078125,12.4765625,12.4375,12.4609375,12.625,14.9453125,16.570312,17.523438,18.039062,18.289062,18.398438,18.40625,18.359375
13198,2021-09-29 15:30:00,3498,12.90625,14.78125,14.921875,14.96875,14.375,13.796875,13.609375,13.5,13.4453125,15.078125,16.546875,17.5,18.023438,18.273438,18.390625,18.40625,18.359375
13199,2021-09-29 15:45:00,3504,14.5859375,17.15625,17.460938,16.867188,15.9921875,15.3203125,14.9140625,14.6015625,14.3125,15.265625,16.53125,17.476562,18.007812,18.28125,18.382812,18.398438,18.351562
13200,2021-09-29 16:00:00,3498,15.7734375,17.726562,17.539062,17.179688,16.515625,16.351562,15.9375,15.5234375,15.140625,15.5078125,16.515625,17.460938,17.992188,18.273438,18.382812,18.398438,18.34375
13201,2021-09-29 16:15:00,3498,17.070312,20.101562,19.515625,18.695312,17.9375,17.898438,17.398438,16.8125,16.226562,15.7578125,16.5,17.429688,17.976562,18.25,18.375,18.390625,18.34375
13202,2021-09-29 16:30:00,3498,18.351562,20.867188,20.507812,19.34375,18.578125,18.84375,18.226562,17.578125,17.046875,16.046875,16.5,17.414062,17.960938,18.25,18.367188,18.390625,18.328125
13203,2021-09-29 16:45:00,3498,19.671875,22.523438,21.992188,20.46875,19.898438,20.476562,19.421875,18.734375,18.070312,16.335938,16.507812,17.398438,17.953125,18.234375,18.367188,18.375,18.328125
13204,2021-09-29 17:00:00,3504,20.921875,24.492188,23.023438,21.15625,20.625,21.507812,20.382812,19.8125,19.179688,16.617188,16.515625,17.382812,17.9375,18.226562,18.351562,18.375,18.320312
13205,2021-09-29 17:15:00,3498,21.734375,24.523438,23.484375,22.390625,22.539062,23.914062,21.554688,20.875,20.1875,16.945312,16.539062,17.359375,17.921875,18.21875,18.351562,18.367188,18.3125
13206,2021-09-29 17:30:00,3498,23.078125,25.96875,24.09375,23.070312,23.429688,24.703125,22.53125,22.234375,21.820312,17.367188,16.554688,17.34375,17.90625,18.210938,18.34375,18.367188,18.304688
13207,2021-09-29 17:45:00,3504,24.390625,25.984375,24.828125,23.992188,24.171875,24.609375,23.21875,23.296875,23.085938,17.820312,16.585938,17.335938,17.890625,18.195312,18.328125,18.351562,18.304688
13208,2021-09-29 18:00:00,3504,25.335938,26.664062,25.046875,24.882812,24.726562,24.664062,23.90625,24.320312,24.164062,18.21875,16.617188,17.320312,17.875,18.1875,18.328125,18.351562,18.296875
13209,2021-09-29 18:15:00,3504,25.960938,27.21875,25.640625,25.671875,25.507812,25.007812,24.484375,25.101562,25.054688,18.617188,16.664062,17.3125,17.859375,18.171875,18.320312,18.34375,18.289062
13210,2021-09-29 18:30:00,3504,26.632812,27.390625,25.671875,25.671875,24.53125,24.898438,25.101562,26.179688,26.15625,19.046875,16.726562,17.296875,17.84375,18.164062,18.304688,18.34375,18.28125
13211,2021-09-29 18:45:00,3510,27.46875,28.898438,26.695312,25.789062,24.804688,25.34375,25.921875,26.804688,26.679688,19.359375,16.78125,17.289062,17.835938,18.148438,18.304688,18.328125,18.273438
13212,2021-09-29 19:00:00,3504,28.484375,29.734375,26.976562,25.296875,25.21875,25.507812,26.523438,27.320312,27.078125,19.632812,16.84375,17.28125,17.820312,18.140625,18.296875,18.320312,18.273438
13213,2021-09-29 19:15:00,3516,28.875,29.445312,26.289062,25.28125,25.1875,25.742188,27.984375,29.226562,28.867188,20.171875,16.921875,17.289062,17.804688,18.125,18.289062,18.320312,18.265625
13214,2021-09-29 19:30:00,3516,29.210938,29.484375,27.28125,25.554688,25.664062,26.40625,29.273438,30.234375,29.671875,20.515625,16.992188,17.28125,17.789062,18.117188,18.28125,18.3125,18.257812
13215,2021-09-29 19:45:00,3516,29.328125,27.828125,26.710938,25.257812,25.179688,26.734375,29.765625,30.71875,30.15625,20.96875,17.085938,17.289062,17.773438,18.101562,18.265625,18.304688,18.242188
13216,2021-09-29 20:00:00,3510,30.171875,29.679688,27.0625,26.53125,26.148438,28.710938,31.523438,31.976562,31.0,21.257812,17.171875,17.289062,17.765625,18.09375,18.265625,18.296875,18.234375
13217,2021-09-29 20:15:00,3522,30.070312,28.890625,26.679688,26.0625,25.742188,29.734375,31.5,32.085938,30.828125,21.476562,17.273438,17.296875,17.757812,18.085938,18.257812,18.289062,18.226562
13218,2021-09-29 20:30:00,3522,29.4375,27.71875,25.960938,25.445312,25.78125,29.90625,31.492188,32.4375,31.046875,21.765625,17.367188,17.3125,17.75,18.070312,18.25,18.289062,18.21875
13219,2021-09-29 20:45:00,3522,29.4375,28.328125,25.71875,25.75,26.859375,30.554688,32.0625,33.320312,31.179688,21.929688,17.46875,17.328125,17.726562,18.0625,18.234375,18.28125,18.210938
13220,2021-09-29 21:00:00,3528,29.4375,28.3125,26.085938,26.195312,28.734375,31.382812,32.21875,32.75,30.84375,22.007812,17.578125,17.34375,17.726562,18.054688,18.226562,18.273438,18.203125
13221,2021-09-29 21:15:00,3528,29.203125,28.046875,25.96875,26.15625,29.242188,31.335938,32.023438,32.3125,30.6875,22.0625,17.679688,17.367188,17.726562,18.039062,18.21875,18.257812,18.195312
13222,2021-09-29 21:30:00,3522,28.546875,26.640625,25.28125,25.648438,27.835938,30.601562,31.429688,31.070312,30.03125,22.179688,17.78125,17.375,17.710938,18.03125,18.210938,18.257812,18.1875
13223,2021-09-29 21:45:00,3522,27.757812,25.546875,24.671875,25.65625,28.0,30.398438,30.992188,29.9375,28.984375,22.125,17.890625,17.414062,17.703125,18.023438,18.203125,18.25,18.179688
13224,2021-09-29 22:00:00,3522,26.335938,23.78125,23.328125,24.507812,26.953125,27.953125,28.679688,27.84375,26.9375,21.75,17.984375,17.4375,17.703125,18.007812,18.1875,18.234375,18.171875
13225,2021-09-29 22:15:00,3528,23.1875,20.59375,20.164062,20.3125,20.242188,20.710938,20.734375,21.09375,21.695312,20.984375,18.085938,17.460938,17.695312,18.0,18.179688,18.226562,18.164062
13226,2021-09-29 22:30:00,3522,20.6875,18.9375,18.570312,18.671875,18.476562,18.648438,18.664062,18.976562,19.46875,20.234375,18.164062,17.492188,17.695312,17.984375,18.171875,18.226562,18.164062
13227,2021-09-29 22:45:00,3528,19.570312,18.84375,18.609375,18.710938,18.492188,18.429688,18.351562,18.4375,18.78125,19.734375,18.234375,17.53125,17.695312,17.976562,18.15625,18.21875,18.15625
13228,2021-09-29 23:00:00,3534,19.046875,18.617188,18.390625,18.5,18.242188,18.226562,18.070312,18.164062,18.515625,19.476562,18.28125,17.5625,17.695312,17.96875,18.15625,18.203125,18.148438
13229,2021-09-29 23:15:00,3528,18.46875,18.046875,17.84375,17.953125,17.703125,17.671875,17.5625,17.609375,17.882812,19.171875,18.304688,17.59375,17.695312,17.960938,18.140625,18.195312,18.132812
13230,2021-09-29 23:30:00,3528,17.726562,17.164062,16.929688,17.039062,16.78125,16.742188,16.679688,16.828125,17.1875,18.875,18.320312,17.632812,17.703125,17.953125,18.132812,18.195312,18.132812
13231,2021-09-29 23:45:00,3534,17.367188,17.132812,16.960938,17.039062,16.789062,16.773438,16.664062,16.78125,17.117188,18.710938,18.328125,17.664062,17.710938,17.945312,18.125,18.179688,18.125
13232,2021-09-30 00:00:00,3528,16.90625,16.6875,16.484375,16.585938,16.304688,16.164062,16.03125,16.195312,16.640625,18.523438,18.320312,17.695312,17.710938,17.945312,18.117188,18.171875,18.125
13233,2021-09-30 00:15:00,3528,16.59375,16.3125,16.132812,16.226562,15.9140625,15.7734375,15.6484375,15.796875,16.234375,18.351562,18.304688,17.726562,17.71875,17.9375,18.109375,18.171875,18.117188
13234,2021-09-30 00:30:00,3528,16.234375,15.9453125,15.734375,15.796875,15.4453125,15.3125,15.2578125,15.46875,15.9140625,18.179688,18.289062,17.75,17.726562,17.929688,18.101562,18.15625,18.109375
13235,2021-09-30 00:45:00,3528,15.78125,15.4140625,15.28125,15.453125,15.1796875,15.046875,15.140625,15.234375,15.5234375,18.0,18.265625,17.773438,17.734375,17.921875,18.09375,18.148438,18.109375
13236,2021-09-30 01:00:00,3528,15.421875,15.1640625,15.09375,15.3671875,15.140625,14.9609375,15.0546875,15.09375,15.3046875,17.84375,18.242188,17.789062,17.742188,17.921875,18.085938,18.148438,18.101562
13237,2021-09-30 01:15:00,3528,15.15625,14.8828125,14.90625,15.171875,14.9453125,14.875,14.921875,14.9921875,15.15625,17.671875,18.210938,17.8125,17.75,17.914062,18.078125,18.140625,18.101562
13238,2021-09-30 01:30:00,3528,14.984375,14.859375,14.8828125,15.140625,14.8984375,14.8828125,14.953125,15.0078125,15.1328125,17.53125,18.179688,17.828125,17.765625,17.914062,18.070312,18.132812,18.085938
13239,2021-09-30 01:45:00,3522,14.734375,14.578125,14.59375,14.8203125,14.5859375,14.46875,14.5390625,14.609375,14.7109375,17.390625,18.140625,17.84375,17.773438,17.914062,18.070312,18.125,18.09375
13240,2021-09-30 02:00:00,3528,14.640625,14.5859375,14.5859375,14.8203125,14.5546875,14.46875,14.5546875,14.6171875,14.7265625,17.273438,18.117188,17.851562,17.78125,17.90625,18.0625,18.125,18.085938
13241,2021-09-30 02:15:00,3522,14.8203125,15.0859375,15.203125,15.515625,15.28125,15.1953125,15.296875,15.34375,15.3984375,17.1875,18.078125,17.859375,17.789062,17.90625,18.054688,18.117188,18.085938
13242,2021-09-30 02:30:00,3522,14.84375,15.0,15.0625,15.34375,15.125,15.125,15.203125,15.2734375,15.34375,17.148438,18.03125,17.867188,17.796875,17.90625,18.046875,18.109375,18.078125
13243,2021-09-30 02:45:00,3522,14.65625,14.78125,14.8046875,14.9765625,14.6953125,14.734375,14.8359375,14.9375,15.0078125,17.078125,18.0,17.875,17.804688,17.90625,18.046875,18.109375,18.070312
13244,2021-09-30 03:00:00,3522,14.9140625,15.5234375,15.671875,15.8125,15.578125,15.5,15.5859375,15.6796875,15.703125,17.109375,17.960938,17.875,17.820312,17.90625,18.046875,18.109375,18.070312
13245,2021-09-30 03:15:00,3528,14.890625,15.1484375,15.28125,15.4140625,15.140625,15.1484375,15.2265625,15.328125,15.3203125,17.078125,17.929688,17.875,17.828125,17.90625,18.039062,18.101562,18.078125
13246,2021-09-30 03:30:00,3522,15.03125,15.5,15.6484375,15.7578125,15.4921875,15.515625,15.5859375,15.703125,15.671875,17.070312,17.890625,17.875,17.835938,17.90625,18.03125,18.09375,18.070312
13247,2021-09-30 03:45:00,3528,14.9765625,15.1171875,15.140625,15.328125,15.0546875,15.140625,15.21875,15.2734375,15.3359375,17.0,17.859375,17.875,17.84375,17.914062,18.03125,18.085938,18.070312
13248,2021-09-30 04:00:00,3522,14.6953125,14.84375,14.890625,15.09375,14.8203125,14.875,14.9609375,15.0390625,15.1015625,16.90625,17.828125,17.875,17.851562,17.90625,18.03125,18.085938,18.0625
13249,2021-09-30 04:15:00,3528,14.875,15.359375,15.5234375,15.796875,15.59375,15.484375,15.578125,15.640625,15.65625,16.820312,17.796875,17.875,17.84375,17.90625,18.023438,18.078125,18.0625
13250,2021-09-30 04:30:00,3522,14.9765625,15.2578125,15.421875,15.75,15.5234375,15.3984375,15.484375,15.546875,15.609375,16.789062,17.773438,17.875,17.859375,17.90625,18.023438,18.078125,18.070312
13251,2021-09-30 04:45:00,3516,14.7421875,14.921875,15.0390625,15.3671875,15.1484375,15.0390625,15.140625,15.171875,15.25,16.734375,17.734375,17.867188,17.859375,17.90625,18.015625,18.078125,18.0625
13252,2021-09-30 05:00:00,3516,14.6875,14.9375,15.0390625,15.2734375,14.953125,15.0,15.078125,15.1171875,15.109375,16.695312,17.710938,17.859375,17.867188,17.914062,18.015625,18.070312,18.0625
13253,2021-09-30 05:15:00,3516,14.8828125,15.453125,15.5703125,15.859375,15.6171875,15.5625,15.6484375,15.6796875,15.671875,16.648438,17.679688,17.859375,17.867188,17.914062,18.007812,18.070312,18.0625
13254,2021-09-30 05:30:00,3522,15.2578125,15.78125,15.9140625,16.1875,15.9453125,15.953125,16.046875,16.070312,16.0625,16.703125,17.648438,17.84375,17.875,17.914062,18.007812,18.0625,18.0625
13255,2021-09-30 05:45:00,3522,15.3359375,15.796875,15.875,16.101562,15.84375,15.921875,16.007812,16.0625,16.03125,16.703125,17.617188,17.835938,17.875,17.921875,18.007812,18.0625,18.0625
13256,2021-09-30 06:00:00,3522,15.625,16.007812,16.109375,16.40625,16.1875,16.1875,16.257812,16.296875,16.320312,16.726562,17.59375,17.835938,17.875,17.921875,18.007812,18.0625,18.054688
13257,2021-09-30 06:15:00,3510,15.46875,15.6484375,15.6796875,15.8984375,15.6328125,15.734375,15.8125,15.84375,15.8125,16.695312,17.570312,17.828125,17.882812,17.929688,18.007812,18.0625,18.0625
13258,2021-09-30 06:30:00,3516,15.65625,16.0625,16.21875,16.570312,16.34375,16.21875,16.320312,16.320312,16.328125,16.695312,17.546875,17.820312,17.882812,17.921875,18.007812,18.0625,18.054688
13259,2021-09-30 06:45:00,3522,15.125,15.0,14.9453125,15.21875,14.921875,14.9453125,15.015625,15.0703125,15.203125,16.664062,17.523438,17.8125,17.882812,17.921875,18.007812,18.054688,18.054688
13260,2021-09-30 07:00:00,3516,14.9453125,15.0859375,15.15625,15.453125,15.25,15.234375,15.3203125,15.3671875,15.390625,16.5625,17.5,17.804688,17.882812,17.9375,18.0,18.054688,18.0625
13261,2021-09-30 07:15:00,3528,14.7421875,14.5390625,14.4921875,14.71875,14.3359375,14.4453125,14.515625,14.625,14.8125,16.5625,17.476562,17.789062,17.890625,17.929688,18.007812,18.054688,18.0625
13262,2021-09-30 07:30:00,3516,14.1484375,13.8828125,13.7890625,13.890625,13.4375,13.4453125,13.5234375,13.671875,13.96875,16.421875,17.453125,17.78125,17.882812,17.9375,18.0,18.054688,18.0625
13263,2021-09-30 07:45:00,3516,14.3203125,14.671875,14.796875,15.03125,14.734375,14.671875,14.734375,14.7890625,14.890625,16.40625,17.445312,17.773438,17.890625,17.9375,18.007812,18.054688,18.0625
13264,2021-09-30 08:00:00,3516,14.5078125,14.9453125,15.0,15.234375,14.96875,14.9765625,15.0546875,15.1171875,15.171875,16.453125,17.421875,17.765625,17.882812,17.9375,18.0,18.046875,18.070312
13265,2021-09-30 08:15:00,3516,14.484375,14.5390625,14.5390625,14.7578125,14.421875,14.546875,14.6953125,14.828125,14.953125,16.445312,17.398438,17.757812,17.882812,17.9375,18.007812,18.054688,18.0625
13266,2021-09-30 08:30:00,3510,14.40625,14.59375,14.7109375,15.0625,14.8515625,14.78125,14.8671875,14.90625,14.9765625,16.390625,17.382812,17.75,17.890625,17.9375,18.007812,18.046875,18.0625
13267,2021-09-30 08:45:00,3516,14.21875,14.3046875,14.453125,14.8125,14.6171875,14.578125,14.6484375,14.6875,14.7890625,16.351562,17.359375,17.742188,17.882812,17.9375,18.0,18.046875,18.0625
13268,2021-09-30 09:00:00,3510,13.984375,14.1171875,14.1796875,14.4609375,14.21875,14.1640625,14.2265625,14.2578125,14.3046875,16.296875,17.34375,17.734375,17.882812,17.945312,18.0,18.046875,18.0625
13269,2021-09-30 09:15:00,3516,14.0390625,14.296875,14.375,14.640625,14.359375,14.4140625,14.5,14.5703125,14.640625,16.28125,17.320312,17.71875,17.882812,17.945312,18.0,18.046875,18.0625
13270,2021-09-30 09:30:00,3510,14.3046875,14.734375,14.953125,15.296875,15.0703125,14.984375,15.0625,15.09375,15.1484375,16.320312,17.304688,17.710938,17.875,17.9375,18.0,18.046875,18.0625
13271,2021-09-30 09:45:00,3510,14.1796875,14.296875,14.421875,14.7109375,14.4296875,14.453125,14.5390625,14.59375,14.6640625,16.265625,17.28125,17.703125,17.875,17.945312,18.0,18.054688,18.0625
13272,2021-09-30 10:00:00,3516,14.1484375,14.4453125,14.6015625,14.9453125,14.7578125,14.6484375,14.7421875,14.7734375,14.8203125,16.242188,17.265625,17.6875,17.867188,17.945312,18.007812,18.046875,18.0625
13273,2021-09-30 10:15:00,3522,14.3515625,14.7109375,14.8046875,15.0703125,14.8515625,14.859375,14.9296875,14.9921875,15.015625,16.289062,17.242188,17.679688,17.867188,17.945312,18.0,18.046875,18.0625
13274,2021-09-30 10:30:00,3510,14.1171875,14.25,14.2578125,14.46875,14.1640625,14.1484375,14.265625,14.34375,14.4375,16.257812,17.234375,17.671875,17.867188,17.945312,18.0,18.046875,18.0625
13275,2021-09-30 10:45:00,3510,14.2578125,14.578125,14.7421875,15.109375,14.875,14.7734375,14.8359375,14.8515625,14.90625,16.242188,17.210938,17.664062,17.859375,17.945312,18.007812,18.046875,18.054688
13276,2021-09-30 11:00:00,3510,14.2890625,14.578125,14.7265625,15.0625,14.859375,14.8046875,14.8828125,14.90625,14.96875,16.234375,17.195312,17.640625,17.859375,17.945312,18.007812,18.046875,18.054688
13277,2021-09-30 11:15:00,3510,14.1328125,14.359375,14.4765625,14.7734375,14.5546875,14.5390625,14.6171875,14.6796875,14.7265625,16.203125,17.179688,17.632812,17.851562,17.9375,18.007812,18.046875,18.0625
13278,2021-09-30 11:30:00,3504,14.0703125,14.6015625,14.7578125,14.9140625,14.6796875,14.65625,14.734375,14.828125,14.8359375,16.179688,17.164062,17.625,17.851562,17.9375,18.0,18.046875,18.0625
13279,2021-09-30 11:45:00,3516,14.171875,15.0,15.2578125,15.3828125,15.2578125,14.9375,15.0,15.0,14.953125,16.164062,17.148438,17.609375,17.84375,17.9375,18.0,18.046875,18.054688
13280,2021-09-30 12:00:00,3510,14.2109375,14.5,14.5859375,14.84375,14.5546875,14.4921875,14.53125,14.5625,14.578125,16.15625,17.140625,17.601562,17.84375,17.9375,18.007812,18.046875,18.054688
13281,2021-09-30 12:15:00,3510,14.21875,14.4609375,14.546875,14.796875,14.53125,14.5859375,14.6484375,14.6875,14.6953125,16.109375,17.117188,17.59375,17.835938,17.9375,18.007812,18.046875,18.0625
13282,2021-09-30 12:30:00,3522,14.265625,14.671875,14.75,14.9921875,14.7421875,14.8046875,14.890625,14.9453125,14.9609375,16.101562,17.101562,17.578125,17.828125,17.9375,18.0,18.046875,18.054688
13283,2021-09-30 12:45:00,3522,14.109375,14.4375,14.5546875,14.7578125,14.5390625,14.5,14.5859375,14.6484375,14.671875,16.101562,17.085938,17.570312,17.828125,17.9375,18.007812,18.046875,18.054688
13284,2021-09-30 13:00:00,3510,13.9296875,13.96875,13.921875,14.1640625,13.8515625,13.8671875,14.078125,14.1640625,14.296875,16.070312,17.070312,17.5625,17.820312,17.929688,18.0,18.039062,18.054688
13285,2021-09-30 13:15:00,3510,13.5078125,13.3671875,13.328125,13.53125,13.1171875,13.1796875,13.3359375,13.4765625,13.6640625,15.96875,17.054688,17.546875,17.8125,17.921875,18.0,18.046875,18.054688
13286,2021-09-30 13:30:00,3510,13.765625,14.4453125,14.6796875,14.75,14.53125,14.4375,14.53125,14.6015625,14.5546875,15.9453125,17.039062,17.539062,17.8125,17.929688,18.0,18.039062,18.054688
13287,2021-09-30 13:45:00,3504,13.7734375,14.1953125,14.28125,14.4140625,14.109375,14.1640625,14.2578125,14.3125,14.2890625,15.9375,17.023438,17.53125,17.804688,17.921875,17.992188,18.039062,18.054688
13288,2021-09-30 14:00:00,3510,13.7890625,14.0703125,14.171875,14.3359375,14.015625,14.0390625,14.1328125,14.203125,14.2890625,15.9375,17.007812,17.515625,17.796875,17.921875,18.0,18.039062,18.046875
13289,2021-09-30 14:15:00,3510,13.8671875,14.453125,14.59375,14.8203125,14.59375,14.5234375,14.609375,14.65625,14.609375,15.9140625,16.984375,17.507812,17.789062,17.929688,18.0,18.039062,18.054688
13290,2021-09-30 14:30:00,3510,13.96875,14.3515625,14.5,14.6953125,14.484375,14.3828125,14.421875,14.4609375,14.515625,15.9296875,16.976562,17.5,17.78125,17.921875,17.992188,18.03125,18.046875
13291,2021-09-30 14:45:00,3504,13.71875,13.8828125,13.9765625,14.0859375,13.7578125,13.6953125,13.734375,13.8671875,14.1171875,15.921875,16.953125,17.484375,17.78125,17.921875,17.992188,18.03125,18.039062
13292,2021-09-30 15:00:00,3504,14.78125,16.476562,16.578125,16.648438,16.289062,15.90625,15.75,15.5859375,15.3828125,16.007812,16.945312,17.476562,17.773438,17.914062,17.992188,18.03125,18.046875
13293,2021-09-30 15:15:00,3510,16.210938,18.398438,18.554688,18.898438,17.835938,17.367188,17.023438,16.59375,16.085938,16.148438,16.929688,17.46875,17.765625,17.898438,17.992188,18.03125,18.039062
13294,2021-09-30 15:30:00,3504,17.304688,19.578125,19.632812,19.648438,18.804688,18.3125,17.929688,17.390625,16.742188,16.28125,16.90625,17.445312,17.757812,17.90625,17.992188,18.03125,18.039062
13295,2021-09-30 15:45:00,3510,18.742188,21.960938,22.289062,21.804688,20.398438,19.8125,19.226562,18.554688,17.765625,16.476562,16.898438,17.4375,17.742188,17.898438,17.984375,18.03125,18.039062
13296,2021-09-30 16:00:00,3504,20.0,22.8125,22.367188,22.171875,21.054688,20.859375,20.390625,19.695312,18.835938,16.742188,16.890625,17.429688,17.742188,17.898438,17.984375,18.023438,18.039062
13297,2021-09-30 16:15:00,3510,21.539062,26.125,24.960938,24.21875,22.984375,22.953125,22.351562,21.53125,20.4375,17.054688,16.890625,17.414062,17.734375,17.890625,17.984375,18.023438,18.03125
13298,2021-09-30 16:30:00,3504,23.375,27.679688,27.390625,26.171875,24.882812,24.820312,23.960938,22.820312,21.71875,17.460938,16.890625,17.398438,17.726562,17.890625,17.976562,18.03125,18.03125
13299,2021-09-30 16:45:00,3504,24.476562,27.023438,26.398438,25.085938,24.078125,24.804688,23.828125,23.109375,22.445312,17.859375,16.898438,17.390625,17.71875,17.882812,17.976562,18.023438,18.023438
13300,2021-09-30 17:00:00,3504,25.546875,28.890625,27.953125,25.765625,25.054688,26.179688,24.875,24.171875,23.382812,18.15625,16.914062,17.382812,17.710938,17.882812,17.976562,18.023438,18.03125
13301,2021-09-30 17:15:00,3510,26.617188,28.859375,28.507812,27.203125,27.203125,28.773438,26.390625,25.664062,24.828125,18.554688,16.9375,17.375,17.703125,17.875,17.96875,18.023438,18.023438
13302,2021-09-30 17:30:00,3510,28.0,31.84375,30.265625,29.046875,28.875,30.320312,27.5625,27.0,26.203125,19.007812,16.976562,17.367188,17.695312,17.875,17.96875,18.015625,18.023438
13303,2021-09-30 17:45:00,3522,29.445312,31.867188,31.296875,30.34375,30.101562,29.75,27.992188,27.742188,27.171875,19.429688,17.015625,17.351562,17.6875,17.867188,17.96875,18.007812,18.015625
13304,2021-09-30 18:00:00,3510,30.570312,33.554688,31.304688,31.359375,30.453125,29.921875,28.226562,28.296875,27.890625,19.835938,17.0625,17.359375,17.679688,17.867188,17.96875,18.015625,18.015625
13305,2021-09-30 18:15:00,3522,30.664062,32.882812,31.164062,31.359375,29.585938,29.6875,28.273438,28.515625,28.195312,20.101562,17.125,17.351562,17.679688,17.859375,17.960938,18.015625,18.015625
13306,2021-09-30 18:30:00,3522,31.757812,33.914062,31.609375,31.992188,29.710938,29.828125,29.6875,30.328125,30.09375,20.492188,17.179688,17.34375,17.664062,17.851562,17.960938,18.007812,18.007812
13307,2021-09-30 18:45:00,3522,32.382812,34.359375,32.125,30.078125,29.492188,29.523438,29.664062,30.390625,29.976562,20.726562,17.257812,17.351562,17.65625,17.851562,17.953125,18.007812,18.007812
13308,2021-09-30 17:30:00,3510,28.0,31.84375,30.265625,29.046875,28.875,30.320312,27.5625,27.0,26.203125,19.007812,16.976562,17.367188,17.695312,17.875,17.96875,18.015625,18.023438
13309,2021-09-30 17:45:00,3522,29.445312,31.867188,31.296875,30.34375,30.101562,29.75,27.992188,27.742188,27.171875,19.429688,17.015625,17.351562,17.6875,17.867188,17.96875,18.007812,18.015625
13310,2021-09-30 18:00:00,3510,30.570312,33.554688,31.304688,31.359375,30.453125,29.921875,28.226562,28.296875,27.890625,19.835938,17.0625,17.359375,17.679688,17.867188,17.96875,18.015625,18.015625
13311,2021-09-30 18:15:00,3522,30.664062,32.882812,31.164062,31.359375,29.585938,29.6875,28.273438,28.515625,28.195312,20.101562,17.125,17.351562,17.679688,17.859375,17.960938,18.015625,18.015625
13312,2021-09-30 18:30:00,3522,31.757812,33.914062,31.609375,31.992188,29.710938,29.828125,29.6875,30.328125,30.09375,20.492188,17.179688,17.34375,17.664062,17.851562,17.960938,18.007812,18.007812
13313,2021-09-30 18:45:00,3522,32.382812,34.359375,32.125,30.078125,29.492188,29.523438,29.664062,30.390625,29.976562,20.726562,17.257812,17.351562,17.65625,17.851562,17.953125,18.007812,18.007812
13314,2021-09-30 19:00:00,3522,33.414062,35.84375,32.9375,31.132812,30.5,30.710938,32.375,33.359375,32.578125,21.34375,17.335938,17.351562,17.648438,17.835938,17.953125,18.007812,18.0
13315,2021-09-30 19:15:00,3528,34.625,35.789062,32.757812,31.351562,30.828125,31.164062,33.234375,34.078125,33.484375,21.820312,17.40625,17.359375,17.640625,17.835938,17.953125,18.0,18.0
13316,2021-09-30 19:30:00,3534,34.664062,33.382812,31.296875,30.289062,30.15625,31.054688,32.898438,32.953125,32.195312,22.109375,17.5,17.367188,17.632812,17.835938,17.945312,17.992188,18.0
13317,2021-09-30 19:45:00,3528,35.265625,34.28125,31.507812,31.453125,31.007812,33.46875,35.617188,35.476562,34.59375,22.632812,17.59375,17.382812,17.625,17.828125,17.9375,17.992188,18.0
13318,2021-09-30 20:00:00,3528,35.46875,33.921875,31.945312,31.429688,30.890625,34.84375,35.351562,34.867188,33.671875,22.710938,17.703125,17.398438,17.632812,17.828125,17.9375,18.0,17.992188
13319,2021-09-30 20:15:00,3534,35.453125,34.367188,31.835938,31.664062,31.84375,36.671875,36.78125,36.8125,35.476562,23.28125,17.804688,17.414062,17.617188,17.8125,17.9375,17.984375,17.992188
13320,2021-09-30 20:30:00,3540,34.9375,33.71875,30.453125,30.679688,31.195312,35.398438,36.5625,38.234375,36.546875,23.726562,17.921875,17.4375,17.617188,17.8125,17.929688,17.984375,17.984375
13321,2021-09-30 20:45:00,3540,34.710938,33.648438,31.320312,31.25,32.789062,37.023438,36.960938,38.226562,35.820312,23.859375,18.023438,17.460938,17.617188,17.8125,17.921875,17.984375,17.984375
13322,2021-09-30 21:00:00,3540,34.578125,33.789062,31.5625,31.570312,33.625,37.03125,37.890625,39.0625,36.953125,24.21875,18.140625,17.476562,17.617188,17.796875,17.921875,17.976562,17.984375
13323,2021-09-30 21:15:00,3534,34.460938,33.351562,31.117188,31.773438,34.96875,37.1875,36.445312,36.554688,35.023438,24.265625,18.265625,17.507812,17.617188,17.796875,17.921875,17.976562,17.984375
13324,2021-09-30 21:30:00,3546,34.710938,33.125,31.921875,32.742188,35.0625,38.1875,37.765625,37.289062,35.882812,24.328125,18.390625,17.539062,17.617188,17.789062,17.90625,17.976562,17.976562
13325,2021-09-30 21:45:00,3546,32.164062,29.023438,28.25,28.9375,29.84375,31.375,31.570312,31.789062,31.632812,24.28125,18.515625,17.578125,17.617188,17.789062,17.90625,17.96875,17.976562
13326,2021-09-30 22:00:00,3546,30.085938,28.21875,28.210938,29.265625,31.507812,32.242188,33.023438,32.578125,31.40625,23.921875,18.632812,17.609375,17.625,17.78125,17.90625,17.96875,17.976562
13327,2021-09-30 22:15:00,3540,27.335938,25.195312,24.84375,24.984375,24.820312,25.125,24.953125,25.046875,25.335938,22.976562,18.742188,17.65625,17.625,17.78125,17.90625,17.96875,17.976562
13328,2021-09-30 22:30:00,3546,25.320312,24.203125,23.945312,24.023438,23.796875,23.765625,23.570312,23.484375,23.625,22.25,18.851562,17.703125,17.632812,17.78125,17.898438,17.96875,17.976562
13329,2021-09-30 22:45:00,3546,24.242188,23.679688,23.507812,23.570312,23.335938,23.226562,22.9375,22.71875,22.78125,21.78125,18.9375,17.742188,17.632812,17.773438,17.898438,17.960938,17.976562
13330,2021-09-30 23:00:00,3552,23.507812,23.039062,22.851562,22.984375,22.71875,22.554688,22.367188,22.226562,22.171875,21.398438,19.0,17.789062,17.648438,17.773438,17.890625,17.960938,17.976562
13331,2021-09-30 23:15:00,3546,23.09375,23.023438,22.914062,23.0,22.757812,22.570312,22.25,21.898438,21.828125,21.125,19.046875,17.835938,17.664062,17.765625,17.890625,17.953125,17.96875
13332,2021-09-30 23:30:00,3546,22.765625,22.789062,22.671875,22.742188,22.484375,22.3125,21.914062,21.53125,21.445312,20.90625,19.070312,17.882812,17.671875,17.773438,17.882812,17.953125,17.96875
13333,2021-09-30 23:45:00,3546,22.203125,21.890625,21.6875,21.78125,21.46875,21.320312,21.015625,20.78125,20.78125,20.65625,19.09375,17.914062,17.6875,17.765625,17.882812,17.953125,17.976562
13334,2021-10-01 00:00:00,3552,21.46875,21.078125,20.875,20.960938,20.617188,20.421875,20.09375,19.859375,19.945312,20.398438,19.101562,17.96875,17.703125,17.765625,17.882812,17.953125,17.976562
13335,2021-10-01 00:15:00,3540,20.664062,20.078125,19.8125,19.875,19.5,19.273438,19.03125,18.984375,19.203125,20.132812,19.09375,18.0,17.71875,17.773438,17.882812,17.953125,17.976562
13336,2021-10-01 00:30:00,3546,20.078125,19.773438,19.546875,19.539062,19.140625,18.765625,18.429688,18.257812,18.453125,19.835938,19.085938,18.039062,17.734375,17.773438,17.875,17.945312,17.976562
13337,2021-10-01 00:45:00,3546,19.210938,18.625,18.359375,18.445312,18.101562,17.726562,17.570312,17.523438,17.71875,19.554688,19.078125,18.078125,17.75,17.773438,17.875,17.945312,17.976562
13338,2021-10-01 01:00:00,3540,18.898438,18.640625,18.539062,18.8125,18.601562,18.453125,18.484375,18.40625,18.367188,19.460938,19.054688,18.109375,17.765625,17.78125,17.875,17.945312,17.976562
13339,2021-10-01 01:15:00,3546,18.710938,18.6875,18.679688,18.984375,18.859375,18.601562,18.671875,18.53125,18.460938,19.359375,19.03125,18.132812,17.78125,17.78125,17.875,17.945312,17.984375
13340,2021-10-01 01:30:00,3546,18.59375,18.484375,18.40625,18.640625,18.375,18.421875,18.460938,18.476562,18.492188,19.273438,19.0,18.164062,17.804688,17.78125,17.875,17.945312,17.984375
13341,2021-10-01 01:45:00,3540,18.289062,18.0625,18.0,18.273438,18.023438,18.023438,18.085938,18.148438,18.210938,19.15625,18.96875,18.195312,17.820312,17.789062,17.875,17.953125,17.992188
13342,2021-10-01 02:00:00,3540,17.898438,17.585938,17.476562,17.695312,17.382812,17.328125,17.351562,17.421875,17.5625,19.007812,18.945312,18.210938,17.835938,17.796875,17.882812,17.945312,18.0
13343,2021-10-01 02:15:00,3540,17.617188,17.539062,17.46875,17.648438,17.367188,17.34375,17.429688,17.46875,17.515625,18.867188,18.914062,18.234375,17.859375,17.796875,17.875,17.953125,18.0
13344,2021-10-01 02:30:00,3540,17.507812,17.554688,17.578125,17.8125,17.570312,17.492188,17.5625,17.617188,17.632812,18.757812,18.882812,18.242188,17.875,17.804688,17.875,17.945312,18.007812
13345,2021-10-01 02:45:00,3546,17.789062,18.242188,18.304688,18.601562,18.375,18.304688,18.367188,18.414062,18.367188,18.71875,18.851562,18.265625,17.890625,17.8125,17.882812,17.953125,18.007812
13346,2021-10-01 03:00:00,3540,17.992188,18.34375,18.359375,18.5625,18.289062,18.335938,18.40625,18.453125,18.429688,18.703125,18.820312,18.273438,17.914062,17.820312,17.882812,17.953125,18.015625
13347,2021-10-01 03:15:00,3540,17.867188,18.078125,18.054688,18.273438,17.984375,18.023438,18.109375,18.164062,18.148438,18.617188,18.78125,18.289062,17.929688,17.835938,17.882812,17.953125,18.023438
13348,2021-10-01 03:30:00,3540,17.914062,18.203125,18.203125,18.445312,18.179688,18.257812,18.328125,18.34375,18.296875,18.570312,18.75,18.296875,17.945312,17.835938,17.882812,17.960938,18.023438
13349,2021-10-01 03:45:00,3540,17.890625,18.125,18.125,18.304688,18.015625,18.109375,18.171875,18.171875,18.148438,18.53125,18.71875,18.296875,17.960938,17.851562,17.890625,17.953125,18.03125
13350,2021-10-01 04:00:00,3540,17.882812,18.265625,18.335938,18.585938,18.367188,18.367188,18.4375,18.484375,18.445312,18.476562,18.6875,18.304688,17.976562,17.851562,17.898438,17.960938,18.039062
13351,2021-10-01 04:15:00,3540,18.21875,18.734375,18.804688,19.078125,18.867188,18.90625,18.984375,19.023438,18.984375,18.523438,18.65625,18.3125,18.0,17.859375,17.898438,17.96875,18.046875
13352,2021-10-01 04:30:00,3546,17.984375,18.140625,18.117188,18.304688,18.03125,18.09375,18.171875,18.179688,18.140625,18.453125,18.625,18.320312,18.007812,17.882812,17.90625,17.96875,18.054688
13353,2021-10-01 04:45:00,3534,17.953125,18.234375,18.257812,18.5,18.273438,18.289062,18.359375,18.382812,18.367188,18.421875,18.601562,18.328125,18.023438,17.882812,17.914062,17.96875,18.0625
13354,2021-10-01 05:00:00,3534,18.03125,18.398438,18.445312,18.71875,18.484375,18.484375,18.546875,18.5625,18.546875,18.414062,18.585938,18.328125,18.039062,17.898438,17.90625,17.976562,18.070312
13355,2021-10-01 05:15:00,3534,18.179688,18.703125,18.875,19.242188,19.0625,18.90625,18.992188,18.992188,18.96875,18.421875,18.554688,18.328125,18.046875,17.90625,17.914062,17.984375,18.070312
13356,2021-10-01 05:30:00,3540,18.492188,19.039062,19.117188,19.390625,19.171875,19.210938,19.28125,19.296875,19.234375,18.484375,18.53125,18.328125,18.0625,17.921875,17.921875,17.992188,18.078125
13357,2021-10-01 05:45:00,3540,18.523438,18.882812,18.953125,19.25,19.054688,19.0625,19.125,19.125,19.078125,18.476562,18.515625,18.328125,18.078125,17.929688,17.929688,17.992188,18.085938
13358,2021-10-01 06:00:00,3528,18.539062,18.8125,18.804688,19.054688,18.835938,18.875,18.921875,18.9375,18.890625,18.460938,18.492188,18.335938,18.085938,17.9375,17.9375,18.0,18.101562
13359,2021-10-01 06:15:00,3540,18.515625,18.695312,18.695312,18.984375,18.757812,18.835938,18.890625,18.890625,18.859375,18.445312,18.476562,18.328125,18.09375,17.953125,17.945312,18.007812,18.109375
13360,2021-10-01 06:30:00,3534,18.28125,18.507812,18.5,18.632812,18.304688,18.40625,18.5,18.507812,18.382812,18.375,18.453125,18.328125,18.109375,17.953125,17.953125,18.007812,18.117188
13361,2021-10-01 06:45:00,3528,18.0,18.09375,18.109375,18.273438,17.929688,17.953125,17.992188,17.96875,17.90625,18.320312,18.445312,18.328125,18.125,17.960938,17.960938,18.015625,18.125
13362,2021-10-01 07:00:00,3528,18.007812,18.296875,18.421875,18.734375,18.46875,18.40625,18.476562,18.46875,18.476562,18.3125,18.429688,18.328125,18.125,17.984375,17.960938,18.03125,18.132812
13363,2021-10-01 07:15:00,3528,18.171875,18.664062,18.71875,19.039062,18.867188,18.828125,18.914062,18.929688,18.882812,18.296875,18.414062,18.335938,18.132812,17.992188,17.96875,18.03125,18.132812
13364,2021-10-01 07:30:00,3534,18.289062,18.640625,18.820312,19.179688,18.960938,18.8125,18.898438,18.882812,18.890625,18.328125,18.398438,18.328125,18.140625,18.0,17.976562,18.039062,18.148438
13365,2021-10-01 07:45:00,3540,18.445312,18.789062,18.890625,19.195312,18.945312,18.976562,19.046875,19.054688,19.03125,18.382812,18.382812,18.328125,18.15625,18.007812,17.992188,18.046875,18.15625
13366,2021-10-01 08:00:00,3528,18.265625,18.46875,18.492188,18.734375,18.476562,18.53125,18.578125,18.585938,18.515625,18.296875,18.375,18.328125,18.164062,18.023438,18.0,18.046875,18.164062
13367,2021-10-01 08:15:00,3540,18.210938,18.59375,18.75,19.125,18.945312,18.828125,18.890625,18.890625,18.875,18.289062,18.367188,18.328125,18.171875,18.03125,18.007812,18.054688,18.171875
13368,2021-10-01 08:30:00,3540,18.101562,18.3125,18.40625,18.695312,18.5,18.445312,18.5,18.507812,18.46875,18.25,18.351562,18.328125,18.179688,18.039062,18.007812,18.070312,18.1875
13369,2021-10-01 08:45:00,3540,17.882812,18.03125,18.101562,18.4375,18.25,18.179688,18.234375,18.257812,18.242188,18.195312,18.34375,18.320312,18.1875,18.054688,18.023438,18.070312,18.195312
13370,2021-10-01 09:00:00,3534,17.820312,17.984375,18.078125,18.40625,18.1875,18.179688,18.234375,18.234375,18.21875,18.171875,18.320312,18.320312,18.1875,18.054688,18.03125,18.085938,18.203125
13371,2021-10-01 09:15:00,3534,17.539062,17.71875,17.820312,18.085938,17.859375,17.828125,17.898438,17.921875,17.890625,18.09375,18.3125,18.320312,18.203125,18.070312,18.039062,18.085938,18.210938
13372,2021-10-01 09:30:00,3528,17.4375,17.640625,17.6875,17.945312,17.71875,17.734375,17.796875,17.78125,17.726562,18.0625,18.304688,18.3125,18.203125,18.070312,18.046875,18.09375,18.21875
13373,2021-10-01 09:45:00,3534,17.40625,17.820312,17.890625,18.140625,17.929688,17.921875,17.984375,18.007812,17.953125,18.03125,18.289062,18.320312,18.203125,18.085938,18.046875,18.101562,18.226562
13374,2021-10-01 10:00:00,3534,17.492188,17.773438,17.882812,18.140625,17.882812,17.867188,17.90625,17.921875,17.945312,18.0625,18.28125,18.3125,18.210938,18.101562,18.0625,18.109375,18.234375
13375,2021-10-01 10:15:00,3534,17.257812,17.59375,17.648438,17.882812,17.664062,17.539062,17.578125,17.585938,17.523438,17.96875,18.273438,18.3125,18.226562,18.101562,18.070312,18.117188,18.242188
13376,2021-10-01 10:30:00,3522,17.429688,17.929688,18.046875,18.273438,18.046875,17.945312,17.992188,18.0,17.914062,17.976562,18.257812,18.304688,18.226562,18.109375,18.078125,18.125,18.25
13377,2021-10-01 10:45:00,3534,17.695312,18.164062,18.164062,18.359375,18.03125,18.054688,18.109375,18.117188,18.039062,18.015625,18.242188,18.304688,18.226562,18.117188,18.085938,18.132812,18.25
13378,2021-10-01 11:00:00,3534,17.835938,18.296875,18.375,18.65625,18.453125,18.40625,18.492188,18.507812,18.4375,18.03125,18.234375,18.304688,18.242188,18.125,18.085938,18.140625,18.265625
13379,2021-10-01 11:15:00,3528,17.859375,18.109375,18.171875,18.46875,18.242188,18.257812,18.304688,18.320312,18.28125,18.054688,18.226562,18.296875,18.234375,18.140625,18.101562,18.148438,18.273438
13380,2021-10-01 11:30:00,3522,17.53125,17.4375,17.4375,17.625,17.320312,17.34375,17.382812,17.398438,17.460938,18.0,18.210938,18.296875,18.242188,18.140625,18.109375,18.15625,18.28125
13381,2021-10-01 11:45:00,3534,17.34375,17.609375,17.710938,17.96875,17.757812,17.6875,17.742188,17.75,17.75,17.914062,18.195312,18.289062,18.242188,18.148438,18.117188,18.171875,18.289062
13382,2021-10-01 12:00:00,3528,17.351562,17.554688,17.625,17.867188,17.625,17.617188,17.679688,17.695312,17.671875,17.929688,18.195312,18.28125,18.25,18.15625,18.125,18.179688,18.296875
13383,2021-10-01 12:15:00,3528,17.59375,18.203125,18.4375,18.84375,18.671875,18.476562,18.570312,18.53125,18.570312,17.976562,18.179688,18.289062,18.257812,18.164062,18.132812,18.1875,18.304688
13384,2021-10-01 12:30:00,3522,17.492188,17.695312,17.765625,18.054688,17.851562,17.796875,17.84375,17.84375,17.820312,17.945312,18.164062,18.28125,18.257812,18.164062,18.140625,18.195312,18.304688
13385,2021-10-01 12:45:00,3534,17.625,17.984375,18.078125,18.304688,18.09375,18.117188,18.179688,18.195312,18.140625,17.9375,18.15625,18.28125,18.265625,18.171875,18.148438,18.203125,18.320312
13386,2021-10-01 13:00:00,3522,17.46875,17.601562,17.617188,17.84375,17.601562,17.679688,17.734375,17.765625,17.726562,17.921875,18.148438,18.273438,18.257812,18.179688,18.15625,18.210938,18.328125
13387,2021-10-01 13:15:00,3528,17.5625,17.96875,18.007812,18.21875,17.953125,18.039062,18.101562,18.109375,18.0625,17.90625,18.132812,18.265625,18.265625,18.195312,18.164062,18.210938,18.328125
13388,2021-10-01 13:30:00,3522,17.703125,18.046875,18.109375,18.390625,18.179688,18.210938,18.28125,18.304688,18.273438,17.945312,18.132812,18.265625,18.265625,18.203125,18.171875,18.226562,18.34375
13389,2021-10-01 13:45:00,3528,17.539062,17.65625,17.65625,17.859375,17.609375,17.65625,17.6875,17.695312,17.679688,17.90625,18.117188,18.265625,18.265625,18.203125,18.171875,18.226562,18.34375
13390,2021-10-01 14:00:00,3528,17.21875,17.421875,17.460938,17.71875,17.507812,17.484375,17.554688,17.585938,17.5625,17.804688,18.109375,18.265625,18.265625,18.203125,18.179688,18.234375,18.351562
13391,2021-10-01 14:15:00,3522,17.390625,18.007812,18.203125,18.5625,18.382812,18.179688,18.289062,18.257812,18.226562,17.84375,18.101562,18.257812,18.273438,18.210938,18.195312,18.242188,18.359375
13392,2021-10-01 14:30:00,3528,17.640625,18.148438,18.242188,18.507812,18.3125,18.3125,18.359375,18.367188,18.328125,17.914062,18.09375,18.25,18.265625,18.21875,18.195312,18.257812,18.367188
13393,2021-10-01 14:45:00,3516,17.554688,17.992188,18.015625,18.195312,17.953125,17.984375,18.015625,18.0,17.929688,17.875,18.085938,18.25,18.273438,18.226562,18.210938,18.257812,18.375
13394,2021-10-01 15:00:00,3528,18.132812,19.554688,19.609375,19.6875,19.320312,18.890625,18.648438,18.390625,18.109375,17.914062,18.078125,18.234375,18.273438,18.226562,18.210938,18.265625,18.382812
13395,2021-10-01 15:15:00,3528,19.171875,21.101562,21.304688,21.609375,20.710938,20.101562,19.6875,19.179688,18.640625,17.984375,18.0625,18.234375,18.28125,18.234375,18.21875,18.273438,18.382812
13396,2021-10-01 15:30:00,3516,20.429688,22.851562,23.203125,22.882812,22.078125,21.59375,21.226562,20.578125,19.742188,18.140625,18.054688,18.234375,18.273438,18.242188,18.226562,18.28125,18.390625
13397,2021-10-01 15:45:00,3528,21.679688,24.90625,25.164062,24.632812,23.179688,22.882812,22.382812,21.84375,20.960938,18.375,18.054688,18.226562,18.273438,18.242188,18.234375,18.28125,18.398438
13398,2021-10-01 16:00:00,3516,23.234375,26.09375,25.726562,25.523438,24.632812,24.445312,24.09375,23.179688,21.9375,18.632812,18.054688,18.226562,18.273438,18.25,18.234375,18.289062,18.398438
13399,2021-10-01 16:15:00,3522,24.875,28.8125,28.320312,27.46875,26.320312,26.328125,25.796875,24.804688,23.484375,18.984375,18.054688,18.21875,18.273438,18.25,18.242188,18.304688,18.40625
13400,2021-10-01 16:30:00,3528,26.171875,29.515625,29.054688,28.078125,26.914062,27.15625,26.570312,25.640625,24.5625,19.375,18.0625,18.21875,18.28125,18.25,18.25,18.304688,18.40625
13401,2021-10-01 16:45:00,3516,27.125,30.507812,30.171875,28.578125,27.507812,28.078125,27.132812,26.148438,25.203125,19.71875,18.078125,18.210938,18.273438,18.257812,18.257812,18.3125,18.414062
13402,2021-10-01 17:00:00,3528,27.90625,30.054688,29.109375,27.429688,26.726562,27.84375,26.929688,26.625,26.1875,20.140625,18.09375,18.210938,18.273438,18.265625,18.265625,18.3125,18.421875
13403,2021-10-01 17:15:00,3522,27.71875,28.898438,28.085938,27.1875,27.101562,28.460938,26.59375,26.40625,26.210938,20.4375,18.125,18.203125,18.28125,18.265625,18.265625,18.328125,18.421875
13404,2021-10-01 17:30:00,3522,28.882812,32.304688,30.054688,29.507812,29.171875,30.132812,27.9375,27.796875,27.515625,20.75,18.164062,18.210938,18.273438,18.273438,18.273438,18.328125,18.429688
13405,2021-10-01 17:45:00,3528,30.546875,33.820312,31.875,32.304688,31.148438,30.867188,29.3125,29.046875,28.648438,21.132812,18.210938,18.203125,18.273438,18.273438,18.273438,18.335938,18.429688
13406,2021-10-01 18:00:00,3528,31.460938,33.101562,31.265625,31.671875,30.78125,30.28125,29.375,29.789062,29.632812,21.53125,18.273438,18.203125,18.273438,18.273438,18.28125,18.335938,18.4375
13407,2021-10-01 18:15:00,3534,31.289062,32.34375,31.007812,32.039062,30.03125,29.859375,29.46875,30.421875,30.46875,21.882812,18.320312,18.210938,18.273438,18.273438,18.289062,18.34375,18.445312
13408,2021-10-01 18:30:00,3528,32.03125,33.265625,31.710938,32.1875,30.070312,30.023438,30.359375,31.765625,31.859375,22.34375,18.390625,18.21875,18.273438,18.28125,18.289062,18.351562,18.453125
13409,2021-10-01 18:45:00,3528,32.992188,34.914062,33.171875,31.914062,30.804688,30.921875,31.757812,32.976562,32.726562,22.710938,18.46875,18.226562,18.273438,18.28125,18.296875,18.359375,18.453125
13410,2021-10-01 19:00:00,3528,33.929688,36.351562,33.5,31.828125,31.390625,31.601562,33.1875,34.453125,34.015625,23.179688,18.546875,18.234375,18.273438,18.28125,18.296875,18.359375,18.453125
13411,2021-10-01 19:15:00,3540,34.054688,35.117188,31.984375,31.117188,30.632812,31.046875,33.554688,35.492188,35.1875,23.773438,18.632812,18.242188,18.273438,18.28125,18.304688,18.359375,18.460938
13412,2021-10-01 19:30:00,3534,34.328125,33.953125,32.273438,30.5625,30.460938,30.65625,33.5,35.851562,35.59375,24.164062,18.726562,18.257812,18.28125,18.289062,18.3125,18.367188,18.460938
13413,2021-10-01 19:45:00,3546,34.476562,34.046875,32.648438,31.234375,31.0625,32.15625,35.1875,36.414062,35.882812,24.539062,18.828125,18.28125,18.273438,18.289062,18.3125,18.375,18.46875
13414,2021-10-01 20:00:00,3534,34.789062,34.070312,31.976562,31.507812,30.96875,32.929688,35.835938,37.539062,36.859375,24.921875,18.9375,18.296875,18.273438,18.296875,18.320312,18.382812,18.476562
13415,2021-10-01 20:15:00,3540,35.210938,34.539062,32.25,31.796875,31.335938,34.507812,36.773438,38.09375,37.046875,25.195312,19.054688,18.320312,18.28125,18.296875,18.320312,18.382812,18.476562
13416,2021-10-01 20:30:00,3546,35.109375,34.054688,31.742188,31.640625,32.210938,35.828125,37.273438,38.289062,36.859375,25.429688,19.171875,18.351562,18.28125,18.296875,18.328125,18.382812,18.484375
13417,2021-10-01 20:45:00,3540,35.289062,34.5,32.226562,31.664062,32.539062,36.382812,37.695312,39.382812,37.054688,25.578125,19.289062,18.375,18.289062,18.296875,18.328125,18.390625,18.484375
13418,2021-10-01 21:00:00,3546,35.3125,33.695312,32.34375,32.109375,33.679688,36.890625,38.171875,39.734375,37.710938,25.914062,19.429688,18.40625,18.296875,18.304688,18.335938,18.398438,18.492188
13419,2021-10-01 21:15:00,3546,34.9375,33.992188,31.914062,32.179688,34.648438,36.71875,37.984375,38.882812,37.164062,25.90625,19.546875,18.445312,18.304688,18.304688,18.335938,18.398438,18.492188
13420,2021-10-01 21:30:00,3546,34.625,32.8125,31.90625,32.34375,34.0625,36.6875,37.203125,36.921875,35.625,25.867188,19.679688,18.484375,18.320312,18.304688,18.335938,18.40625,18.5
13421,2021-10-01 21:45:00,3546,31.90625,29.570312,28.953125,29.304688,29.664062,30.734375,30.664062,30.679688,30.578125,25.164062,19.789062,18.523438,18.320312,18.3125,18.34375,18.414062,18.5
13422,2021-10-01 22:00:00,3552,30.40625,29.320312,29.34375,30.109375,31.609375,32.140625,32.546875,31.789062,30.757812,24.6875,19.90625,18.5625,18.335938,18.3125,18.351562,18.414062,18.507812
13423,2021-10-01 22:15:00,3546,28.570312,27.304688,27.015625,27.140625,26.96875,27.132812,26.867188,26.679688,26.703125,24.023438,20.015625,18.609375,18.34375,18.3125,18.351562,18.414062,18.515625
13424,2021-10-01 22:30:00,3552,27.421875,26.9375,26.726562,26.804688,26.59375,26.421875,26.117188,25.757812,25.554688,23.453125,20.101562,18.65625,18.351562,18.320312,18.359375,18.421875,18.523438
13425,2021-10-01 22:45:00,3552,26.828125,26.734375,26.601562,26.664062,26.40625,26.226562,25.773438,25.328125,25.015625,23.117188,20.164062,18.710938,18.367188,18.328125,18.359375,18.421875,18.53125
13426,2021-10-01 23:00:00,3546,26.296875,26.179688,26.023438,26.148438,25.90625,25.828125,25.421875,24.992188,24.71875,22.882812,20.21875,18.765625,18.390625,18.335938,18.359375,18.429688,18.539062
13427,2021-10-01 23:15:00,3552,25.546875,25.21875,25.015625,25.09375,24.78125,24.6875,24.226562,23.921875,23.882812,22.664062,20.257812,18.8125,18.40625,18.34375,18.367188,18.4375,18.539062
13428,2021-10-01 23:30:00,3546,24.726562,24.320312,24.054688,24.070312,23.6875,23.46875,23.03125,22.796875,22.859375,22.351562,20.28125,18.867188,18.421875,18.34375,18.367188,18.445312,18.539062
13429,2021-10-01 23:45:00,3546,23.664062,23.046875,22.703125,22.6875,22.304688,22.0,21.671875,21.5625,21.773438,22.023438,20.28125,18.898438,18.4375,18.351562,18.375,18.445312,18.554688
13430,2021-10-02 00:00:00,3546,22.703125,21.921875,21.609375,21.664062,21.273438,21.070312,20.859375,20.828125,21.015625,21.742188,20.296875,18.945312,18.46875,18.359375,18.382812,18.453125,18.5625
13431,2021-10-02 00:15:00,3546,21.953125,21.398438,21.117188,21.15625,20.804688,20.625,20.492188,20.460938,20.546875,21.476562,20.296875,18.992188,18.484375,18.359375,18.390625,18.460938,18.5625
13432,2021-10-02 00:30:00,3552,21.609375,21.148438,20.945312,21.054688,20.726562,20.625,20.53125,20.578125,20.695312,21.351562,20.28125,19.03125,18.507812,18.375,18.390625,18.460938,18.578125
13433,2021-10-02 00:45:00,3546,21.125,20.679688,20.476562,20.609375,20.25,20.101562,19.992188,19.945312,20.03125,21.148438,20.265625,19.070312,18.523438,18.382812,18.398438,18.46875,18.578125
13434,2021-10-02 01:00:00,3546,20.59375,20.25,20.117188,20.34375,20.195312,19.882812,19.828125,19.664062,19.679688,20.929688,20.25,19.101562,18.554688,18.390625,18.398438,18.476562,18.585938
13435,2021-10-02 01:15:00,3552,20.101562,19.523438,19.453125,19.726562,19.507812,19.257812,19.210938,19.109375,19.203125,20.742188,20.234375,19.125,18.578125,18.40625,18.40625,18.484375,18.601562
13436,2021-10-02 01:30:00,3546,19.21875,18.5,18.351562,18.554688,18.351562,18.015625,18.070312,17.992188,18.109375,20.429688,20.203125,19.15625,18.601562,18.414062,18.414062,18.492188,18.609375
13437,2021-10-02 01:45:00,3546,18.929688,18.507812,18.351562,18.375,17.929688,17.75,17.726562,17.804688,17.992188,20.296875,20.179688,19.179688,18.625,18.429688,18.429688,18.492188,18.625
13438,2021-10-02 02:00:00,3546,18.25,17.914062,17.726562,17.929688,17.632812,17.203125,17.195312,17.3125,17.40625,19.929688,20.148438,19.203125,18.648438,18.4375,18.4375,18.5,18.625
13439,2021-10-02 02:15:00,3546,19.328125,20.1875,20.414062,20.742188,20.601562,20.3125,20.367188,20.375,20.28125,20.0625,20.109375,19.226562,18.664062,18.453125,18.4375,18.507812,18.640625
13440,2021-10-02 02:30:00,3552,19.804688,20.296875,20.4375,20.742188,20.53125,20.40625,20.484375,20.476562,20.4375,20.140625,20.0625,19.25,18.6875,18.460938,18.445312,18.515625,18.648438
13441,2021-10-02 02:45:00,3540,19.820312,19.96875,20.0625,20.328125,20.125,20.039062,20.109375,20.109375,20.078125,20.101562,20.023438,19.265625,18.710938,18.476562,18.460938,18.523438,18.65625
13442,2021-10-02 03:00:00,3546,19.9375,20.226562,20.320312,20.625,20.390625,20.320312,20.382812,20.382812,20.351562,20.078125,19.984375,19.28125,18.734375,18.492188,18.460938,18.53125,18.679688
13443,2021-10-02 03:15:00,3546,19.882812,20.023438,20.0625,20.328125,20.101562,20.054688,20.148438,20.140625,20.09375,20.046875,19.945312,19.289062,18.765625,18.507812,18.476562,18.546875,18.679688
13444,2021-10-02 03:30:00,3540,19.671875,19.765625,19.867188,19.984375,19.765625,19.703125,19.757812,19.757812,19.710938,19.976562,19.921875,19.296875,18.78125,18.523438,18.484375,18.5625,18.695312
13445,2021-10-02 03:45:00,3546,19.476562,19.84375,20.054688,20.101562,19.890625,19.8125,19.867188,19.9375,19.875,19.921875,19.882812,19.3125,18.804688,18.53125,18.5,18.5625,18.703125
13446,2021-10-02 04:00:00,3546,19.289062,19.421875,19.554688,19.640625,19.429688,19.335938,19.359375,19.375,19.375,19.875,19.859375,19.320312,18.828125,18.554688,18.5,18.570312,18.71875
13447,2021-10-02 04:15:00,3546,18.945312,19.078125,19.257812,19.296875,19.078125,19.0,19.0625,19.164062,19.164062,19.820312,19.820312,19.328125,18.84375,18.5625,18.515625,18.578125,18.726562
13448,2021-10-02 04:30:00,3540,18.710938,18.835938,19.046875,19.046875,18.90625,18.710938,18.679688,18.6875,18.710938,19.703125,19.796875,19.328125,18.867188,18.578125,18.53125,18.59375,18.75
13449,2021-10-02 04:45:00,3546,18.84375,19.390625,19.65625,19.632812,19.507812,19.335938,19.367188,19.40625,19.34375,19.65625,19.773438,19.335938,18.882812,18.59375,18.539062,18.601562,18.757812
13450,2021-10-02 05:00:00,3546,19.085938,19.703125,20.007812,20.03125,19.890625,19.742188,19.796875,19.882812,19.757812,19.695312,19.742188,19.34375,18.898438,18.617188,18.546875,18.609375,18.773438
13451,2021-10-02 05:15:00,3546,19.21875,19.757812,20.046875,20.0625,19.921875,19.820312,19.867188,19.960938,19.835938,19.6875,19.71875,19.34375,18.921875,18.632812,18.5625,18.625,18.789062
13452,2021-10-02 05:30:00,3540,19.15625,19.476562,19.5625,19.71875,19.484375,19.523438,19.578125,19.585938,19.507812,19.648438,19.703125,19.34375,18.929688,18.640625,18.570312,18.632812,18.796875
13453,2021-10-02 05:45:00,3540,19.148438,19.695312,19.875,20.007812,19.796875,19.75,19.804688,19.828125,19.695312,19.585938,19.679688,19.351562,18.945312,18.65625,18.585938,18.648438,18.8125
13454,2021-10-02 06:00:00,3546,19.28125,19.734375,20.007812,20.046875,19.867188,19.78125,19.859375,19.929688,19.8125,19.609375,19.65625,19.351562,18.960938,18.679688,18.601562,18.664062,18.828125
13455,2021-10-02 06:15:00,3540,19.257812,19.820312,20.007812,20.109375,19.90625,19.867188,19.914062,19.945312,19.828125,19.5625,19.632812,19.351562,18.976562,18.695312,18.609375,18.664062,18.84375
13456,2021-10-02 06:30:00,3534,19.414062,19.984375,20.164062,20.296875,20.09375,20.109375,20.171875,20.210938,20.09375,19.5625,19.617188,19.351562,18.992188,18.703125,18.625,18.679688,18.859375
13457,2021-10-02 06:45:00,3540,19.507812,20.054688,20.234375,20.351562,20.132812,20.140625,20.1875,20.226562,20.101562,19.578125,19.59375,19.351562,19.0,18.726562,18.632812,18.695312,18.867188
13458,2021-10-02 07:00:00,3546,19.453125,20.0625,20.171875,20.335938,20.09375,20.1875,20.265625,20.304688,20.226562,19.515625,19.578125,19.351562,19.023438,18.742188,18.648438,18.703125,18.882812
13459,2021-10-02 07:15:00,3540,19.328125,19.453125,19.492188,19.65625,19.398438,19.445312,19.484375,19.507812,19.515625,19.507812,19.5625,19.351562,19.023438,18.757812,18.664062,18.71875,18.890625
13460,2021-10-02 07:30:00,3534,19.09375,19.335938,19.445312,19.75,19.570312,19.492188,19.554688,19.5625,19.539062,19.429688,19.539062,19.351562,19.046875,18.773438,18.671875,18.726562,18.90625
13461,2021-10-02 07:45:00,3534,18.757812,18.789062,18.820312,18.953125,18.71875,18.75,18.820312,18.828125,18.804688,19.335938,19.53125,19.351562,19.054688,18.789062,18.6875,18.75,18.921875
13462,2021-10-02 08:00:00,3540,18.46875,18.78125,18.882812,19.007812,18.789062,18.757812,18.8125,18.835938,18.773438,19.25,19.507812,19.351562,19.0625,18.796875,18.710938,18.765625,18.9375
13463,2021-10-02 08:15:00,3540,18.703125,19.25,19.335938,19.546875,19.320312,19.359375,19.445312,19.453125,19.382812,19.28125,19.492188,19.351562,19.070312,18.820312,18.710938,18.773438,18.945312
13464,2021-10-02 08:30:00,3540,18.71875,18.984375,18.992188,19.1875,18.9375,19.039062,19.109375,19.15625,19.140625,19.289062,19.46875,19.351562,19.078125,18.835938,18.734375,18.789062,18.953125
13465,2021-10-02 08:45:00,3540,18.546875,18.6875,18.726562,18.929688,18.671875,18.710938,18.78125,18.804688,18.820312,19.226562,19.460938,19.351562,19.101562,18.851562,18.75,18.804688,18.96875
13466,2021-10-02 09:00:00,3534,18.226562,18.414062,18.453125,18.65625,18.4375,18.414062,18.515625,18.546875,18.570312,19.132812,19.445312,19.34375,19.101562,18.859375,18.765625,18.8125,18.984375
13467,2021-10-02 09:15:00,3540,18.171875,18.351562,18.382812,18.570312,18.289062,18.296875,18.375,18.40625,18.445312,19.132812,19.421875,19.34375,19.117188,18.875,18.773438,18.828125,19.0
13468,2021-10-02 09:30:00,3546,17.664062,17.578125,17.53125,17.640625,17.335938,17.304688,17.335938,17.398438,17.570312,19.023438,19.398438,19.351562,19.117188,18.882812,18.789062,18.835938,19.007812
13469,2021-10-02 09:45:00,3534,17.8125,18.304688,18.429688,18.671875,18.453125,18.429688,18.507812,18.546875,18.539062,19.03125,19.390625,19.34375,19.125,18.898438,18.804688,18.851562,19.023438
13470,2021-10-02 10:00:00,3540,18.078125,18.507812,18.65625,18.96875,18.804688,18.71875,18.796875,18.820312,18.820312,19.085938,19.367188,19.34375,19.132812,18.914062,18.820312,18.867188,19.03125
13471,2021-10-02 10:15:00,3534,18.25,18.65625,18.820312,19.117188,18.945312,18.835938,18.890625,18.890625,18.882812,19.09375,19.351562,19.335938,19.140625,18.921875,18.828125,18.882812,19.054688
13472,2021-10-02 10:30:00,3528,18.4375,18.828125,19.0,19.328125,19.125,19.023438,19.101562,19.117188,19.140625,19.117188,19.335938,19.328125,19.15625,18.9375,18.84375,18.890625,19.0625
13473,2021-10-02 10:45:00,3534,18.617188,18.976562,19.140625,19.453125,19.21875,19.21875,19.273438,19.265625,19.289062,19.1875,19.320312,19.328125,19.164062,18.945312,18.859375,18.90625,19.070312
13474,2021-10-02 11:00:00,3534,18.4375,18.585938,18.65625,18.898438,18.65625,18.679688,18.71875,18.71875,18.734375,19.101562,19.3125,19.328125,19.164062,18.960938,18.867188,18.914062,19.085938
13475,2021-10-02 11:15:00,3528,18.273438,18.53125,18.65625,18.929688,18.671875,18.671875,18.75,18.757812,18.78125,19.070312,19.296875,19.320312,19.171875,18.976562,18.882812,18.929688,19.101562
13476,2021-10-02 11:30:00,3540,18.015625,18.289062,18.351562,18.585938,18.375,18.328125,18.40625,18.421875,18.390625,18.976562,19.289062,19.320312,19.179688,18.976562,18.890625,18.945312,19.109375
13477,2021-10-02 11:45:00,3534,18.195312,18.570312,18.75,19.085938,18.890625,18.734375,18.828125,18.820312,18.867188,19.0,19.273438,19.3125,19.1875,18.992188,18.90625,18.960938,19.125
13478,2021-10-02 12:00:00,3528,18.34375,18.6875,18.882812,19.234375,19.039062,18.90625,18.984375,18.96875,19.023438,19.03125,19.265625,19.320312,19.195312,19.0,18.921875,18.96875,19.132812
13479,2021-10-02 12:15:00,3540,18.257812,18.554688,18.71875,19.054688,18.898438,18.820312,18.882812,18.90625,18.9375,19.007812,19.25,19.304688,19.195312,19.015625,18.929688,18.976562,19.140625
13480,2021-10-02 12:30:00,3528,18.265625,18.476562,18.617188,18.929688,18.75,18.703125,18.773438,18.789062,18.835938,18.976562,19.242188,19.304688,19.195312,19.023438,18.9375,18.992188,19.15625
13481,2021-10-02 12:45:00,3528,18.007812,18.164062,18.273438,18.539062,18.335938,18.289062,18.367188,18.382812,18.398438,18.890625,19.234375,19.304688,19.203125,19.03125,18.953125,19.007812,19.164062
13482,2021-10-02 13:00:00,3534,17.976562,18.101562,18.203125,18.4375,18.21875,18.203125,18.265625,18.296875,18.304688,18.867188,19.21875,19.296875,19.210938,19.039062,18.96875,19.015625,19.179688
13483,2021-10-02 13:15:00,3528,17.804688,17.945312,17.976562,18.148438,17.914062,17.992188,18.0625,18.078125,18.070312,18.789062,19.210938,19.289062,19.210938,19.054688,18.976562,19.023438,19.1875
13484,2021-10-02 13:30:00,3528,17.3125,17.359375,17.398438,17.539062,17.28125,17.273438,17.351562,17.375,17.40625,18.664062,19.195312,19.289062,19.210938,19.070312,18.992188,19.039062,19.195312
13485,2021-10-02 13:45:00,3534,17.289062,17.53125,17.59375,17.804688,17.59375,17.609375,17.695312,17.75,17.773438,18.632812,19.179688,19.289062,19.210938,19.070312,18.992188,19.046875,19.203125
13486,2021-10-02 14:00:00,3528,17.140625,17.3125,17.304688,17.476562,17.226562,17.296875,17.375,17.4375,17.476562,18.609375,19.164062,19.28125,19.21875,19.078125,19.015625,19.0625,19.226562
13487,2021-10-02 14:15:00,3528,17.007812,17.328125,17.40625,17.625,17.414062,17.351562,17.445312,17.476562,17.5,18.578125,19.148438,19.273438,19.226562,19.085938,19.015625,19.070312,19.226562
13488,2021-10-02 14:30:00,3534,17.171875,17.625,17.6875,17.90625,17.695312,17.632812,17.695312,17.71875,17.726562,18.585938,19.132812,19.265625,19.226562,19.101562,19.03125,19.085938,19.234375
13489,2021-10-02 14:45:00,3534,17.609375,18.179688,18.25,18.453125,18.226562,18.257812,18.304688,18.328125,18.320312,18.65625,19.125,19.265625,19.226562,19.101562,19.039062,19.09375,19.25
13490,2021-10-02 15:00:00,3528,17.703125,18.875,18.90625,19.03125,18.71875,18.242188,18.039062,17.804688,17.695312,18.59375,19.101562,19.257812,19.226562,19.117188,19.046875,19.109375,19.25
13491,2021-10-02 15:15:00,3528,18.929688,20.992188,21.226562,21.359375,20.578125,20.03125,19.695312,19.25,18.757812,18.6875,19.085938,19.25,19.234375,19.125,19.0625,19.109375,19.265625
13492,2021-10-02 15:30:00,3528,21.0625,23.867188,24.117188,23.984375,23.453125,22.945312,22.804688,22.34375,21.671875,18.96875,19.070312,19.25,19.234375,19.125,19.070312,19.125,19.273438
13493,2021-10-02 15:45:00,3528,22.828125,25.648438,26.109375,25.554688,24.476562,24.195312,23.671875,22.890625,21.921875,19.328125,19.0625,19.242188,19.234375,19.132812,19.085938,19.132812,19.28125
13494,2021-10-02 16:00:00,3528,24.085938,27.039062,26.523438,26.148438,25.289062,25.148438,24.75,23.9375,22.8125,19.539062,19.046875,19.242188,19.234375,19.140625,19.09375,19.148438,19.289062
13495,2021-10-02 16:15:00,3522,25.0,28.578125,27.75,26.851562,25.796875,25.914062,25.445312,24.664062,23.640625,19.828125,19.046875,19.234375,19.242188,19.148438,19.101562,19.15625,19.304688
13496,2021-10-02 16:30:00,3522,26.3125,29.71875,29.070312,28.09375,26.882812,27.109375,26.632812,25.804688,24.765625,20.164062,19.054688,19.226562,19.242188,19.15625,19.109375,19.171875,19.304688
13497,2021-10-02 16:45:00,3534,27.445312,30.710938,30.023438,28.507812,27.421875,28.03125,27.265625,26.40625,25.507812,20.507812,19.070312,19.21875,19.242188,19.164062,19.117188,19.171875,19.3125
13498,2021-10-02 17:00:00,3528,28.570312,31.789062,30.679688,28.609375,27.71875,28.476562,27.671875,27.164062,26.46875,20.867188,19.085938,19.21875,19.242188,19.164062,19.132812,19.1875,19.320312
13499,2021-10-02 17:15:00,3528,29.484375,31.023438,30.265625,29.804688,29.554688,30.5625,28.671875,28.164062,27.578125,21.21875,19.109375,19.210938,19.242188,19.179688,19.132812,19.195312,19.328125
13500,2021-10-02 17:30:00,3534,30.515625,33.632812,31.515625,31.1875,30.476562,30.953125,29.351562,29.054688,28.632812,21.5625,19.148438,19.210938,19.25,19.179688,19.148438,19.203125,19.335938
13501,2021-10-02 17:45:00,3528,31.96875,34.898438,33.335938,33.539062,31.882812,31.632812,30.0,29.828125,29.484375,21.96875,19.195312,19.210938,19.242188,19.1875,19.15625,19.203125,19.34375
13502,2021-10-02 18:00:00,3528,32.890625,35.554688,33.507812,33.617188,32.015625,31.585938,30.1875,30.171875,29.796875,22.273438,19.242188,19.203125,19.242188,19.1875,19.164062,19.21875,19.351562
13503,2021-10-02 18:15:00,3534,31.945312,32.539062,31.65625,31.84375,30.070312,30.296875,29.539062,29.898438,29.765625,22.40625,19.296875,19.210938,19.242188,19.203125,19.164062,19.226562,19.359375
13504,2021-10-02 18:30:00,3534,33.539062,36.539062,34.804688,34.5625,31.726562,31.898438,31.648438,32.210938,31.976562,22.890625,19.359375,19.210938,19.242188,19.195312,19.171875,19.234375,19.359375
13505,2021-10-02 18:45:00,3528,34.710938,37.375,35.265625,33.171875,32.515625,32.40625,32.851562,33.710938,33.25,23.40625,19.429688,19.21875,19.242188,19.203125,19.1875,19.242188,19.375
13506,2021-10-02 19:00:00,3540,35.617188,37.796875,35.03125,33.179688,32.445312,32.476562,33.875,35.085938,34.546875,23.851562,19.5,19.226562,19.242188,19.210938,19.1875,19.25,19.375
13507,2021-10-02 19:15:00,3540,36.523438,38.765625,35.015625,33.445312,32.4375,32.929688,35.203125,36.46875,35.6875,24.359375,19.578125,19.234375,19.242188,19.210938,19.203125,19.257812,19.382812
13508,2021-10-02 19:30:00,3540,36.3125,35.890625,34.25,32.351562,32.148438,32.789062,34.859375,35.578125,34.898438,24.601562,19.664062,19.25,19.25,19.21875,19.203125,19.273438,19.390625
13509,2021-10-02 19:45:00,3540,37.265625,38.6875,35.601562,34.21875,33.5625,35.007812,36.796875,36.585938,35.585938,24.882812,19.765625,19.265625,19.25,19.21875,19.21875,19.273438,19.398438
13510,2021-10-02 20:00:00,3540,37.65625,37.679688,34.1875,34.296875,33.421875,36.796875,39.085938,38.65625,37.414062,25.429688,19.867188,19.28125,19.25,19.226562,19.21875,19.28125,19.398438
13511,2021-10-02 20:15:00,3546,37.867188,37.601562,34.421875,34.507812,34.453125,38.984375,39.789062,39.515625,38.085938,25.859375,19.96875,19.304688,19.257812,19.226562,19.21875,19.289062,19.40625
13512,2021-10-02 19:00:00,3540,35.617188,37.796875,35.03125,33.179688,32.445312,32.476562,33.875,35.085938,34.546875,23.851562,19.5,19.226562,19.242188,19.210938,19.1875,19.25,19.375
13513,2021-10-02 19:15:00,3540,36.523438,38.765625,35.015625,33.445312,32.4375,32.929688,35.203125,36.46875,35.6875,24.359375,19.578125,19.234375,19.242188,19.210938,19.203125,19.257812,19.382812
13514,2021-10-02 19:30:00,3540,36.3125,35.890625,34.25,32.351562,32.148438,32.789062,34.859375,35.578125,34.898438,24.601562,19.664062,19.25,19.25,19.21875,19.203125,19.273438,19.390625
13515,2021-10-02 19:45:00,3540,37.265625,38.6875,35.601562,34.21875,33.5625,35.007812,36.796875,36.585938,35.585938,24.882812,19.765625,19.265625,19.25,19.21875,19.21875,19.273438,19.398438
13516,2021-10-02 20:00:00,3540,37.65625,37.679688,34.1875,34.296875,33.421875,36.796875,39.085938,38.65625,37.414062,25.429688,19.867188,19.28125,19.25,19.226562,19.21875,19.28125,19.398438
13517,2021-10-02 20:15:00,3546,37.867188,37.601562,34.421875,34.507812,34.453125,38.984375,39.789062,39.515625,38.085938,25.859375,19.96875,19.304688,19.257812,19.226562,19.21875,19.289062,19.40625
13518,2021-10-02 20:30:00,3552,37.5625,36.28125,33.492188,33.40625,33.921875,38.28125,39.335938,39.539062,37.828125,26.226562,20.078125,19.328125,19.265625,19.234375,19.234375,19.304688,19.414062
13519,2021-10-02 20:45:00,3546,37.320312,35.328125,33.664062,33.390625,34.242188,38.460938,39.3125,40.523438,38.125,26.476562,20.203125,19.351562,19.265625,19.242188,19.242188,19.304688,19.421875
13520,2021-10-02 21:00:00,3552,36.945312,35.078125,33.757812,33.578125,35.21875,38.890625,40.421875,41.015625,38.65625,26.71875,20.320312,19.382812,19.273438,19.242188,19.242188,19.3125,19.429688
13521,2021-10-02 21:15:00,3564,36.4375,34.484375,32.726562,32.9375,35.15625,37.679688,39.359375,40.25,38.476562,26.96875,20.445312,19.421875,19.273438,19.242188,19.25,19.320312,19.4375
13522,2021-10-02 21:30:00,3552,35.328125,32.640625,31.578125,31.773438,32.5,34.382812,34.71875,34.9375,34.40625,26.703125,20.578125,19.460938,19.28125,19.25,19.257812,19.320312,19.445312
13523,2021-10-02 21:45:00,3552,32.132812,29.921875,29.507812,29.65625,29.617188,30.03125,29.929688,30.007812,30.15625,25.875,20.703125,19.492188,19.289062,19.257812,19.257812,19.335938,19.445312
13524,2021-10-02 22:00:00,3558,30.835938,30.0,29.859375,30.257812,30.71875,31.265625,31.382812,30.929688,30.320312,25.429688,20.828125,19.539062,19.304688,19.257812,19.273438,19.335938,19.453125
13525,2021-10-02 22:15:00,3552,29.578125,28.859375,28.632812,28.734375,28.554688,28.539062,28.125,27.757812,27.640625,24.867188,20.921875,19.578125,19.3125,19.257812,19.28125,19.34375,19.460938
13526,2021-10-02 22:30:00,3552,28.765625,28.421875,28.25,28.359375,28.140625,27.914062,27.632812,27.289062,27.039062,24.421875,21.007812,19.625,19.328125,19.265625,19.28125,19.351562,19.476562
13527,2021-10-02 22:45:00,3552,28.164062,27.890625,27.6875,27.835938,27.5625,27.320312,27.085938,26.773438,26.4375,24.101562,21.078125,19.671875,19.34375,19.273438,19.289062,19.359375,19.476562
13528,2021-10-02 23:00:00,3558,27.765625,27.679688,27.5625,27.765625,27.507812,27.328125,27.25,27.054688,26.78125,23.921875,21.125,19.726562,19.359375,19.28125,19.296875,19.367188,19.484375
13529,2021-10-02 23:15:00,3558,27.078125,26.632812,26.359375,26.507812,26.210938,26.078125,25.757812,25.515625,25.367188,23.6875,21.164062,19.773438,19.375,19.28125,19.296875,19.375,19.492188
13530,2021-10-02 23:30:00,3552,26.40625,26.195312,26.0,26.109375,25.796875,25.460938,25.15625,24.875,24.65625,23.429688,21.1875,19.820312,19.390625,19.296875,19.3125,19.375,19.5
13531,2021-10-02 23:45:00,3552,26.015625,25.789062,25.5625,25.75,25.476562,25.320312,25.1875,25.007812,24.742188,23.226562,21.203125,19.859375,19.40625,19.304688,19.3125,19.390625,19.515625
13532,2021-10-03 00:00:00,3558,25.539062,25.226562,25.007812,25.171875,24.9375,24.75,24.617188,24.390625,24.085938,23.023438,21.21875,19.898438,19.429688,19.3125,19.320312,19.398438,19.523438
13533,2021-10-03 00:15:00,3552,25.234375,25.039062,24.90625,25.15625,24.929688,24.851562,24.8125,24.726562,24.515625,22.929688,21.21875,19.945312,19.453125,19.320312,19.320312,19.40625,19.53125
13534,2021-10-03 00:30:00,3552,24.640625,24.273438,24.054688,24.234375,23.914062,23.84375,23.78125,23.664062,23.507812,22.71875,21.21875,19.984375,19.484375,19.328125,19.328125,19.414062,19.539062
13535,2021-10-03 00:45:00,3552,24.046875,23.585938,23.375,23.601562,23.265625,23.3125,23.335938,23.328125,23.3125,22.625,21.21875,20.023438,19.5,19.335938,19.34375,19.421875,19.539062
13536,2021-10-03 01:00:00,3552,23.570312,23.40625,23.273438,23.484375,23.203125,23.117188,23.15625,23.148438,23.03125,22.40625,21.210938,20.054688,19.523438,19.351562,19.351562,19.429688,19.554688
13537,2021-10-03 01:15:00,3552,23.226562,23.054688,23.0,23.148438,22.882812,22.8125,22.835938,22.820312,22.6875,22.226562,21.203125,20.09375,19.546875,19.367188,19.351562,19.445312,19.5625
13538,2021-10-03 01:30:00,3564,23.195312,23.289062,23.3125,23.59375,23.359375,23.273438,23.335938,23.320312,23.226562,22.109375,21.179688,20.117188,19.570312,19.367188,19.367188,19.445312,19.578125
13539,2021-10-03 01:45:00,3558,22.953125,22.992188,23.023438,23.40625,23.1875,23.03125,23.101562,23.070312,23.015625,21.984375,21.164062,20.148438,19.59375,19.382812,19.375,19.453125,19.59375
13540,2021-10-03 02:00:00,3552,22.820312,22.890625,22.914062,23.140625,22.890625,22.921875,22.976562,22.984375,22.9375,21.851562,21.148438,20.171875,19.609375,19.390625,19.375,19.460938,19.601562
13541,2021-10-03 02:15:00,3558,22.585938,22.65625,22.734375,22.992188,22.726562,22.710938,22.765625,22.78125,22.71875,21.742188,21.125,20.195312,19.640625,19.40625,19.390625,19.476562,19.609375
13542,2021-10-03 02:30:00,3552,22.351562,22.445312,22.5,22.789062,22.539062,22.507812,22.585938,22.609375,22.601562,21.65625,21.101562,20.21875,19.664062,19.429688,19.40625,19.484375,19.625
13543,2021-10-03 02:45:00,3552,22.015625,21.953125,21.984375,22.21875,21.90625,21.976562,22.03125,22.046875,22.0625,21.601562,21.078125,20.234375,19.6875,19.4375,19.40625,19.492188,19.632812
13544,2021-10-03 03:00:00,3552,21.765625,21.78125,21.851562,22.007812,21.695312,21.734375,21.796875,21.851562,21.835938,21.539062,21.046875,20.257812,19.710938,19.460938,19.421875,19.5,19.648438
13545,2021-10-03 03:15:00,3552,21.640625,22.0,22.195312,22.296875,22.03125,22.023438,22.09375,22.171875,22.085938,21.476562,21.023438,20.273438,19.726562,19.46875,19.4375,19.507812,19.664062
13546,2021-10-03 03:30:00,3546,21.507812,21.710938,21.835938,21.953125,21.6875,21.65625,21.71875,21.75,21.75,21.414062,20.992188,20.289062,19.75,19.484375,19.445312,19.523438,19.671875
13547,2021-10-03 03:45:00,3546,21.453125,21.703125,21.875,22.015625,21.757812,21.625,21.632812,21.59375,21.554688,21.34375,20.96875,20.304688,19.773438,19.5,19.453125,19.523438,19.679688
13548,2021-10-03 04:00:00,3552,21.0,21.085938,21.28125,21.296875,21.085938,20.960938,20.976562,21.039062,21.007812,21.234375,20.945312,20.3125,19.796875,19.515625,19.46875,19.539062,19.695312
13549,2021-10-03 04:15:00,3552,20.742188,20.90625,21.101562,21.148438,20.90625,20.765625,20.828125,20.867188,20.84375,21.179688,20.921875,20.320312,19.820312,19.53125,19.476562,19.554688,19.710938
13550,2021-10-03 04:30:00,3552,20.539062,20.679688,20.835938,20.953125,20.710938,20.453125,20.460938,20.4375,20.460938,21.085938,20.90625,20.328125,19.835938,19.546875,19.492188,19.570312,19.71875
13551,2021-10-03 04:45:00,3552,20.546875,21.0,21.1875,21.296875,21.125,20.882812,20.867188,20.804688,20.710938,20.984375,20.882812,20.34375,19.851562,19.5625,19.507812,19.578125,19.734375
13552,2021-10-03 05:00:00,3552,20.46875,20.890625,21.140625,21.1875,20.992188,20.789062,20.78125,20.75,20.703125,20.929688,20.859375,20.351562,19.875,19.585938,19.515625,19.59375,19.75
13553,2021-10-03 05:15:00,3546,20.5,20.867188,21.132812,21.15625,20.921875,20.734375,20.75,20.765625,20.6875,20.898438,20.84375,20.359375,19.898438,19.601562,19.53125,19.601562,19.773438
13554,2021-10-03 05:30:00,3552,20.257812,20.515625,20.734375,20.765625,20.539062,20.40625,20.46875,20.507812,20.46875,20.828125,20.8125,20.367188,19.914062,19.625,19.539062,19.617188,19.78125
13555,2021-10-03 05:45:00,3552,20.109375,20.570312,20.898438,20.867188,20.71875,20.453125,20.460938,20.46875,20.359375,20.71875,20.796875,20.367188,19.929688,19.632812,19.554688,19.625,19.796875
13556,2021-10-03 06:00:00,3546,20.304688,20.898438,21.179688,21.171875,20.96875,20.851562,20.890625,20.960938,20.859375,20.734375,20.773438,20.375,19.945312,19.648438,19.578125,19.640625,19.8125
13557,2021-10-03 06:15:00,3546,20.203125,20.585938,20.8125,20.875,20.625,20.570312,20.640625,20.710938,20.648438,20.6875,20.742188,20.382812,19.960938,19.671875,19.585938,19.648438,19.820312
13558,2021-10-03 06:30:00,3546,19.9375,20.132812,20.257812,20.382812,20.117188,20.0625,20.125,20.15625,20.132812,20.609375,20.71875,20.382812,19.976562,19.679688,19.59375,19.664062,19.84375
13559,2021-10-03 06:45:00,3540,19.726562,19.976562,20.101562,20.195312,19.898438,19.875,19.945312,19.984375,19.945312,20.523438,20.703125,20.382812,19.992188,19.703125,19.617188,19.679688,19.851562
13560,2021-10-03 07:00:00,3546,19.5625,19.789062,19.84375,20.039062,19.757812,19.726562,19.765625,19.765625,19.734375,20.453125,20.679688,20.390625,20.015625,19.710938,19.625,19.6875,19.867188
13561,2021-10-03 07:15:00,3546,19.460938,19.773438,19.890625,20.070312,19.84375,19.828125,19.898438,19.921875,19.851562,20.382812,20.664062,20.398438,20.023438,19.734375,19.640625,19.703125,19.882812
13562,2021-10-03 07:30:00,3546,19.296875,19.445312,19.460938,19.648438,19.320312,19.382812,19.46875,19.5,19.507812,20.320312,20.632812,20.398438,20.039062,19.75,19.65625,19.71875,19.898438
13563,2021-10-03 07:45:00,3546,19.195312,19.351562,19.398438,19.585938,19.320312,19.351562,19.429688,19.460938,19.46875,20.257812,20.617188,20.398438,20.054688,19.765625,19.664062,19.734375,19.914062
13564,2021-10-03 08:00:00,3546,19.203125,19.40625,19.492188,19.726562,19.460938,19.453125,19.515625,19.523438,19.5625,20.234375,20.585938,20.398438,20.0625,19.78125,19.679688,19.742188,19.921875
13565,2021-10-03 08:15:00,3540,19.164062,19.265625,19.382812,19.726562,19.523438,19.46875,19.53125,19.5625,19.625,20.21875,20.5625,20.398438,20.070312,19.796875,19.695312,19.757812,19.9375
13566,2021-10-03 08:30:00,3546,19.023438,19.195312,19.3125,19.601562,19.390625,19.351562,19.4375,19.460938,19.492188,20.164062,20.539062,20.398438,20.09375,19.8125,19.710938,19.773438,19.953125
13567,2021-10-03 08:45:00,3546,18.898438,19.125,19.210938,19.5,19.304688,19.242188,19.3125,19.335938,19.34375,20.101562,20.515625,20.390625,20.109375,19.828125,19.71875,19.789062,19.96875
13568,2021-10-03 09:00:00,3540,18.960938,19.28125,19.40625,19.734375,19.546875,19.484375,19.554688,19.570312,19.609375,20.117188,20.492188,20.398438,20.117188,19.84375,19.742188,19.804688,19.992188
13569,2021-10-03 09:15:00,3534,18.640625,18.929688,18.984375,19.148438,18.929688,18.945312,19.039062,19.101562,19.125,20.03125,20.476562,20.382812,20.125,19.859375,19.757812,19.828125,20.007812
13570,2021-10-03 09:30:00,3546,18.640625,18.929688,18.984375,19.195312,18.9375,18.96875,19.070312,19.09375,19.125,20.015625,20.453125,20.390625,20.132812,19.875,19.765625,19.828125,20.015625
13571,2021-10-03 09:45:00,3540,18.546875,18.960938,19.078125,19.40625,19.21875,19.078125,19.179688,19.203125,19.234375,19.960938,20.429688,20.390625,20.140625,19.890625,19.789062,19.84375,20.03125
13572,2021-10-03 10:00:00,3546,18.679688,18.90625,18.984375,19.195312,18.9375,18.984375,19.054688,19.070312,19.101562,19.984375,20.414062,20.382812,20.15625,19.90625,19.796875,19.859375,20.039062
13573,2021-10-03 10:15:00,3540,18.71875,18.984375,19.15625,19.476562,19.265625,19.1875,19.265625,19.28125,19.328125,19.960938,20.398438,20.375,20.164062,19.914062,19.8125,19.875,20.054688
13574,2021-10-03 10:30:00,3546,18.375,18.5625,18.625,18.757812,18.484375,18.5,18.601562,18.640625,18.640625,19.875,20.375,20.375,20.171875,19.921875,19.828125,19.882812,20.070312
13575,2021-10-03 10:45:00,3546,18.546875,18.859375,18.992188,19.3125,19.101562,19.03125,19.117188,19.164062,19.203125,19.875,20.351562,20.367188,20.179688,19.945312,19.851562,19.898438,20.078125
13576,2021-10-03 11:00:00,3540,18.679688,19.0,19.125,19.414062,19.203125,19.148438,19.210938,19.226562,19.234375,19.859375,20.335938,20.367188,20.1875,19.953125,19.859375,19.914062,20.101562
13577,2021-10-03 11:15:00,3534,18.742188,19.101562,19.28125,19.609375,19.40625,19.304688,19.382812,19.398438,19.429688,19.875,20.3125,20.367188,20.195312,19.96875,19.867188,19.929688,20.117188
13578,2021-10-03 11:30:00,3540,18.859375,19.164062,19.304688,19.601562,19.398438,19.382812,19.453125,19.476562,19.5,19.890625,20.296875,20.359375,20.203125,19.984375,19.882812,19.945312,20.125
13579,2021-10-03 11:45:00,3546,18.71875,18.984375,19.046875,19.203125,18.921875,19.015625,19.117188,19.148438,19.148438,19.835938,20.28125,20.351562,20.210938,19.992188,19.898438,19.953125,20.140625
13580,2021-10-03 12:00:00,3534,18.75,19.085938,19.171875,19.460938,19.257812,19.25,19.328125,19.351562,19.359375,19.835938,20.265625,20.34375,20.210938,20.0,19.914062,19.976562,20.148438
13581,2021-10-03 12:15:00,3546,18.757812,19.085938,19.257812,19.617188,19.398438,19.25,19.367188,19.375,19.421875,19.804688,20.257812,20.335938,20.21875,20.015625,19.921875,19.984375,20.164062
13582,2021-10-03 12:30:00,3540,18.421875,18.664062,18.703125,18.84375,18.5625,18.617188,18.726562,18.765625,18.710938,19.726562,20.234375,20.34375,20.21875,20.03125,19.9375,20.0,20.171875
13583,2021-10-03 12:45:00,3528,18.382812,18.757812,18.921875,19.242188,19.054688,18.875,18.96875,18.984375,18.992188,19.695312,20.21875,20.328125,20.226562,20.039062,19.953125,20.015625,20.179688
13584,2021-10-03 13:00:00,3546,18.515625,18.820312,18.914062,19.070312,18.820312,18.890625,18.953125,18.976562,18.960938,19.710938,20.203125,20.328125,20.234375,20.046875,19.96875,20.023438,20.203125
13585,2021-10-03 13:15:00,3534,18.664062,19.085938,19.179688,19.476562,19.28125,19.257812,19.335938,19.367188,19.367188,19.710938,20.1875,20.320312,20.234375,20.0625,19.976562,20.039062,20.210938
13586,2021-10-03 13:30:00,3540,18.757812,19.148438,19.359375,19.734375,19.53125,19.382812,19.5,19.5,19.53125,19.726562,20.179688,20.3125,20.234375,20.070312,19.992188,20.046875,20.226562
13587,2021-10-03 13:45:00,3534,18.75,18.90625,19.015625,19.289062,19.078125,19.0625,19.132812,19.164062,19.179688,19.703125,20.15625,20.304688,20.242188,20.078125,20.0,20.0625,20.234375
13588,2021-10-03 14:00:00,3540,18.546875,18.796875,18.882812,19.101562,18.882812,18.851562,18.914062,18.9375,18.945312,19.632812,20.140625,20.304688,20.25,20.09375,20.015625,20.070312,20.242188
13589,2021-10-03 14:15:00,3534,18.34375,18.703125,18.859375,19.085938,18.90625,18.789062,18.859375,18.882812,18.898438,19.585938,20.132812,20.296875,20.25,20.101562,20.03125,20.09375,20.257812
13590,2021-10-03 14:30:00,3540,18.28125,18.867188,18.914062,19.023438,18.734375,18.75,18.835938,18.859375,18.804688,19.554688,20.117188,20.289062,20.257812,20.109375,20.039062,20.101562,20.265625
13591,2021-10-03 14:45:00,3540,19.0,19.796875,19.898438,20.0625,19.8125,19.890625,19.945312,19.960938,19.9375,19.695312,20.101562,20.289062,20.257812,20.117188,20.046875,20.117188,20.273438
13592,2021-10-03 15:00:00,3534,19.625,20.96875,21.101562,21.125,20.914062,20.609375,20.53125,20.382812,20.179688,19.765625,20.085938,20.273438,20.257812,20.125,20.0625,20.125,20.28125
13593,2021-10-03 15:15:00,3540,20.609375,22.257812,22.296875,22.40625,21.757812,21.507812,21.203125,20.9375,20.632812,19.914062,20.070312,20.28125,20.257812,20.140625,20.078125,20.132812,20.296875
13594,2021-10-03 15:30:00,3534,21.609375,23.710938,23.796875,23.757812,22.9375,22.695312,22.53125,22.179688,21.617188,20.054688,20.054688,20.265625,20.265625,20.148438,20.078125,20.148438,20.304688
13595,2021-10-03 15:45:00,3534,22.695312,25.6875,25.929688,25.367188,24.171875,23.898438,23.46875,22.960938,22.265625,20.242188,20.054688,20.257812,20.257812,20.15625,20.09375,20.15625,20.3125
13596,2021-10-03 16:00:00,3540,24.070312,27.648438,27.125,26.703125,25.710938,25.484375,25.03125,24.335938,23.375,20.453125,20.054688,20.25,20.257812,20.164062,20.109375,20.171875,20.320312
13597,2021-10-03 16:15:00,3534,25.671875,29.28125,28.71875,27.921875,27.039062,27.078125,26.476562,25.492188,24.40625,20.734375,20.046875,20.242188,20.265625,20.171875,20.117188,20.1875,20.328125
13598,2021-10-03 16:30:00,3540,27.242188,30.546875,30.429688,29.125,28.210938,28.4375,27.578125,26.492188,25.492188,21.09375,20.046875,20.242188,20.265625,20.179688,20.132812,20.1875,20.34375
13599,2021-10-03 16:45:00,3528,28.390625,31.640625,30.921875,29.273438,28.46875,29.125,28.125,27.226562,26.414062,21.460938,20.0625,20.234375,20.265625,20.179688,20.140625,20.203125,20.351562
13600,2021-10-03 17:00:00,3534,29.15625,31.632812,30.453125,28.9375,28.210938,28.992188,28.367188,27.914062,27.320312,21.84375,20.085938,20.234375,20.265625,20.1875,20.148438,20.210938,20.359375
13601,2021-10-03 17:15:00,3528,29.90625,30.820312,30.203125,29.679688,29.390625,30.710938,29.140625,28.773438,28.273438,22.1875,20.109375,20.226562,20.265625,20.195312,20.15625,20.226562,20.367188
13602,2021-10-03 17:30:00,3534,30.992188,34.367188,32.648438,31.921875,31.507812,32.085938,30.296875,29.953125,29.429688,22.5625,20.140625,20.226562,20.265625,20.195312,20.171875,20.234375,20.367188
13603,2021-10-03 17:45:00,3540,32.835938,36.273438,34.304688,34.210938,32.898438,32.789062,31.34375,31.226562,30.773438,22.976562,20.179688,20.21875,20.265625,20.203125,20.171875,20.242188,20.375
13604,2021-10-03 18:00:00,3534,34.234375,36.601562,34.765625,34.765625,33.375,33.265625,31.976562,31.9375,31.421875,23.382812,20.234375,20.21875,20.265625,20.210938,20.179688,20.25,20.390625
13605,2021-10-03 18:15:00,3534,33.101562,33.179688,31.804688,31.898438,30.78125,31.28125,30.804688,31.203125,31.085938,23.554688,20.289062,20.21875,20.265625,20.210938,20.1875,20.265625,20.390625
13606,2021-10-03 18:30:00,3540,34.617188,37.320312,36.140625,36.007812,33.210938,33.335938,33.4375,34.046875,33.546875,24.023438,20.351562,20.226562,20.265625,20.226562,20.203125,20.265625,20.398438
13607,2021-10-03 18:45:00,3540,35.984375,38.695312,36.421875,34.109375,33.03125,33.46875,33.59375,34.453125,34.15625,24.554688,20.421875,20.226562,20.265625,20.226562,20.210938,20.273438,20.40625
13608,2021-10-03 19:00:00,3540,36.601562,38.765625,35.539062,33.5625,32.96875,33.335938,34.726562,35.796875,35.234375,25.0625,20.5,20.242188,20.273438,20.234375,20.21875,20.28125,20.414062
13609,2021-10-03 19:15:00,3546,37.226562,39.296875,35.523438,34.257812,33.726562,34.476562,36.945312,37.648438,36.898438,25.585938,20.578125,20.242188,20.265625,20.234375,20.21875,20.296875,20.421875
13610,2021-10-03 19:30:00,3540,37.414062,37.234375,35.828125,33.46875,33.414062,34.648438,37.632812,38.476562,37.664062,26.0625,20.671875,20.265625,20.273438,20.242188,20.234375,20.304688,20.429688
13611,2021-10-03 19:45:00,3552,36.84375,35.984375,32.882812,32.328125,32.054688,33.671875,35.140625,35.367188,34.875,25.914062,20.78125,20.28125,20.265625,20.242188,20.242188,20.304688,20.4375
13612,2021-10-03 20:00:00,3546,38.039062,38.914062,35.515625,35.25,34.726562,38.070312,38.953125,38.523438,37.367188,26.296875,20.882812,20.296875,20.273438,20.25,20.25,20.320312,20.4375
13613,2021-10-03 20:15:00,3546,38.164062,37.726562,34.820312,34.578125,34.289062,38.6875,40.109375,39.945312,38.515625,26.71875,21.0,20.320312,20.28125,20.25,20.257812,20.320312,20.445312
13614,2021-10-03 20:30:00,3546,37.679688,36.054688,33.765625,33.585938,34.117188,38.203125,40.289062,41.226562,39.5625,27.265625,21.101562,20.34375,20.28125,20.257812,20.265625,20.328125,20.453125
13615,2021-10-03 20:45:00,3552,36.96875,34.75,32.921875,32.703125,33.257812,36.929688,38.828125,40.695312,38.5,27.53125,21.210938,20.375,20.289062,20.265625,20.265625,20.34375,20.460938
13616,2021-10-03 21:00:00,3552,37.070312,36.054688,34.414062,34.273438,35.773438,39.015625,39.726562,40.390625,38.421875,27.5625,21.328125,20.40625,20.296875,20.257812,20.273438,20.34375,20.46875
13617,2021-10-03 21:15:00,3552,36.75,35.3125,33.5625,33.789062,35.664062,38.421875,40.21875,40.773438,38.921875,27.789062,21.453125,20.429688,20.296875,20.273438,20.28125,20.351562,20.46875
13618,2021-10-03 21:30:00,3552,35.140625,32.359375,31.476562,31.609375,32.117188,33.664062,33.851562,34.078125,33.921875,27.445312,21.578125,20.46875,20.3125,20.273438,20.289062,20.367188,20.476562
13619,2021-10-03 21:45:00,3564,32.070312,30.273438,29.945312,30.054688,29.945312,30.171875,29.976562,29.90625,30.007812,26.523438,21.703125,20.507812,20.320312,20.28125,20.289062,20.367188,20.484375
13620,2021-10-03 22:00:00,3564,30.75,30.054688,29.898438,30.125,30.34375,30.65625,30.492188,30.085938,29.695312,26.023438,21.804688,20.554688,20.328125,20.28125,20.296875,20.375,20.492188
13621,2021-10-03 22:15:00,3552,29.703125,29.242188,29.046875,29.15625,28.953125,28.84375,28.421875,28.078125,27.960938,25.539062,21.90625,20.59375,20.335938,20.289062,20.304688,20.375,20.5
13622,2021-10-03 22:30:00,3564,29.03125,28.765625,28.554688,28.65625,28.398438,28.226562,27.796875,27.40625,27.203125,25.132812,21.976562,20.632812,20.351562,20.296875,20.3125,20.390625,20.507812
13623,2021-10-03 22:45:00,3552,28.390625,28.03125,27.78125,27.867188,27.578125,27.382812,27.046875,26.75,26.585938,24.828125,22.039062,20.6875,20.367188,20.296875,20.3125,20.390625,20.515625
13624,2021-10-03 23:00:00,3564,27.828125,27.609375,27.460938,27.578125,27.335938,27.257812,26.851562,26.53125,26.382812,24.65625,22.078125,20.734375,20.382812,20.304688,20.328125,20.40625,20.523438
13625,2021-10-03 23:15:00,3564,27.085938,26.820312,26.554688,26.617188,26.28125,26.0625,25.625,25.382812,25.390625,24.398438,22.117188,20.78125,20.398438,20.3125,20.335938,20.40625,20.523438
13626,2021-10-03 23:30:00,3558,26.414062,26.046875,25.804688,25.898438,25.609375,25.445312,25.09375,24.835938,24.796875,24.15625,22.140625,20.828125,20.414062,20.320312,20.335938,20.421875,20.53125
13627,2021-10-03 23:45:00,3564,25.539062,24.90625,24.632812,24.789062,24.5,24.328125,24.101562,23.90625,23.9375,23.882812,22.148438,20.875,20.429688,20.328125,20.34375,20.429688,20.539062
13628,2021-10-04 00:00:00,3552,24.601562,23.78125,23.414062,23.523438,23.164062,23.046875,22.90625,22.875,22.953125,23.5625,22.148438,20.90625,20.453125,20.34375,20.351562,20.429688,20.554688
13629,2021-10-04 00:15:00,3558,24.195312,23.90625,23.695312,23.867188,23.632812,23.523438,23.484375,23.34375,23.257812,23.40625,22.148438,20.945312,20.46875,20.34375,20.359375,20.4375,20.554688
13630,2021-10-04 00:30:00,3558,23.765625,23.554688,23.398438,23.625,23.445312,23.257812,23.25,23.109375,23.046875,23.234375,22.148438,20.984375,20.492188,20.351562,20.367188,20.453125,20.5625
13631,2021-10-04 00:45:00,3558,23.507812,23.40625,23.296875,23.578125,23.4375,23.328125,23.382812,23.25,23.140625,23.179688,22.132812,21.015625,20.515625,20.367188,20.375,20.453125,20.578125
13632,2021-10-04 01:00:00,3558,23.101562,22.742188,22.5,22.625,22.304688,22.257812,22.273438,22.242188,22.289062,23.007812,22.117188,21.054688,20.539062,20.375,20.382812,20.460938,20.585938
13633,2021-10-04 01:15:00,3558,22.445312,22.0,21.867188,22.140625,22.015625,21.78125,21.78125,21.609375,21.671875,22.789062,22.101562,21.078125,20.5625,20.390625,20.390625,20.46875,20.59375
13634,2021-10-04 01:30:00,3564,21.804688,21.398438,21.242188,21.421875,21.148438,21.023438,21.015625,21.015625,21.085938,22.53125,22.078125,21.101562,20.585938,20.398438,20.398438,20.476562,20.609375
13635,2021-10-04 01:45:00,3552,21.742188,21.71875,21.65625,21.84375,21.632812,21.4375,21.492188,21.5,21.46875,22.421875,22.0625,21.125,20.609375,20.414062,20.398438,20.484375,20.617188
13636,2021-10-04 02:00:00,3564,21.953125,22.125,22.1875,22.453125,22.210938,22.085938,22.132812,22.109375,22.03125,22.289062,22.03125,21.148438,20.632812,20.421875,20.414062,20.492188,20.632812
13637,2021-10-04 02:15:00,3558,22.328125,22.921875,23.15625,23.320312,23.070312,23.0,23.046875,23.046875,22.859375,22.28125,22.007812,21.171875,20.65625,20.4375,20.421875,20.5,20.640625
13638,2021-10-04 02:30:00,3546,22.445312,22.703125,22.789062,23.007812,22.710938,22.742188,22.789062,22.78125,22.679688,22.273438,21.976562,21.195312,20.671875,20.453125,20.4375,20.515625,20.648438
13639,2021-10-04 02:45:00,3558,22.195312,22.382812,22.390625,22.578125,22.296875,22.296875,22.351562,22.367188,22.28125,22.140625,21.945312,21.210938,20.695312,20.460938,20.4375,20.523438,20.664062
13640,2021-10-04 03:00:00,3552,22.414062,23.0,23.28125,23.375,23.132812,23.0625,23.148438,23.210938,23.039062,22.171875,21.914062,21.226562,20.71875,20.476562,20.453125,20.53125,20.671875
13641,2021-10-04 03:15:00,3552,22.164062,22.359375,22.367188,22.539062,22.257812,22.289062,22.335938,22.359375,22.320312,22.109375,21.882812,21.234375,20.742188,20.492188,20.460938,20.546875,20.679688
13642,2021-10-04 03:30:00,3558,21.898438,21.984375,22.015625,22.171875,21.890625,21.945312,22.007812,22.015625,21.976562,22.015625,21.851562,21.25,20.765625,20.507812,20.476562,20.554688,20.695312
13643,2021-10-04 03:45:00,3546,21.65625,21.945312,22.132812,22.234375,21.9375,21.921875,22.0,22.078125,22.015625,21.984375,21.828125,21.257812,20.78125,20.523438,20.484375,20.570312,20.710938
13644,2021-10-04 04:00:00,3552,21.414062,21.578125,21.726562,21.835938,21.554688,21.5625,21.632812,21.6875,21.640625,21.890625,21.804688,21.265625,20.804688,20.539062,20.492188,20.578125,20.726562
13645,2021-10-04 04:15:00,3552,20.898438,20.976562,21.140625,21.203125,20.9375,20.867188,20.929688,20.992188,21.007812,21.765625,21.773438,21.273438,20.820312,20.554688,20.507812,20.585938,20.726562
13646,2021-10-04 04:30:00,3546,20.742188,21.101562,21.398438,21.398438,21.1875,21.007812,21.085938,21.164062,21.195312,21.71875,21.75,21.28125,20.835938,20.570312,20.515625,20.59375,20.742188
13647,2021-10-04 04:45:00,3552,20.640625,21.046875,21.304688,21.367188,21.117188,21.03125,21.132812,21.21875,21.234375,21.6875,21.71875,21.289062,20.859375,20.585938,20.53125,20.601562,20.765625
13648,2021-10-04 05:00:00,3552,20.460938,20.820312,21.078125,21.140625,20.96875,20.6875,20.765625,20.757812,20.765625,21.601562,21.703125,21.296875,20.875,20.601562,20.539062,20.617188,20.765625
13649,2021-10-04 05:15:00,3552,20.429688,20.945312,21.234375,21.242188,21.046875,20.882812,20.9375,20.96875,20.875,21.515625,21.679688,21.296875,20.890625,20.617188,20.554688,20.632812,20.789062
13650,2021-10-04 05:30:00,3552,20.359375,20.765625,21.070312,21.078125,20.875,20.71875,20.789062,20.84375,20.765625,21.445312,21.648438,21.304688,20.914062,20.632812,20.570312,20.648438,20.796875
13651,2021-10-04 05:45:00,3552,20.335938,20.695312,20.835938,20.96875,20.71875,20.703125,20.773438,20.8125,20.75,21.359375,21.632812,21.304688,20.921875,20.65625,20.578125,20.65625,20.8125
13652,2021-10-04 06:00:00,3552,19.9375,20.03125,20.132812,20.28125,20.007812,20.03125,20.117188,20.164062,20.148438,21.234375,21.609375,21.304688,20.9375,20.664062,20.59375,20.671875,20.835938
13653,2021-10-04 06:15:00,3552,19.765625,19.914062,19.953125,20.179688,19.9375,19.984375,20.046875,20.09375,20.109375,21.132812,21.578125,21.304688,20.960938,20.679688,20.609375,20.679688,20.851562
13654,2021-10-04 06:30:00,3546,19.742188,20.320312,20.601562,20.65625,20.445312,20.367188,20.476562,20.5625,20.515625,21.109375,21.554688,21.304688,20.96875,20.703125,20.625,20.6875,20.859375
13655,2021-10-04 06:45:00,3552,19.554688,19.859375,20.015625,20.117188,19.859375,19.804688,19.875,19.9375,19.953125,21.046875,21.53125,21.3125,20.984375,20.71875,20.640625,20.703125,20.875
13656,2021-10-04 07:00:00,3546,19.515625,19.976562,20.203125,20.296875,20.078125,20.039062,20.125,20.171875,20.140625,20.992188,21.5,21.3125,20.992188,20.726562,20.648438,20.71875,20.890625
13657,2021-10-04 07:15:00,3552,19.625,20.148438,20.375,20.484375,20.234375,20.21875,20.296875,20.351562,20.3125,20.992188,21.46875,21.3125,21.015625,20.742188,20.664062,20.734375,20.90625
13658,2021-10-04 07:30:00,3552,19.578125,20.125,20.34375,20.429688,20.1875,20.132812,20.226562,20.289062,20.203125,20.929688,21.4375,21.3125,21.023438,20.765625,20.679688,20.742188,20.914062
13659,2021-10-04 07:45:00,3552,19.6875,20.203125,20.414062,20.515625,20.257812,20.265625,20.351562,20.414062,20.351562,20.953125,21.414062,21.3125,21.03125,20.78125,20.6875,20.765625,20.929688
13660,2021-10-04 08:00:00,3546,19.8125,20.570312,20.867188,20.945312,20.71875,20.671875,20.75,20.820312,20.695312,20.9375,21.390625,21.3125,21.046875,20.796875,20.710938,20.773438,20.9375
13661,2021-10-04 08:15:00,3546,20.132812,20.820312,21.0625,21.125,20.875,20.867188,20.921875,20.984375,20.929688,20.984375,21.359375,21.304688,21.054688,20.8125,20.71875,20.789062,20.953125
13662,2021-10-04 08:30:00,3552,19.890625,20.257812,20.34375,20.554688,20.328125,20.351562,20.421875,20.4375,20.421875,20.882812,21.34375,21.304688,21.0625,20.820312,20.734375,20.804688,20.96875
13663,2021-10-04 08:45:00,3552,19.5,19.617188,19.632812,19.789062,19.515625,19.570312,19.648438,19.664062,19.679688,20.765625,21.320312,21.296875,21.078125,20.835938,20.75,20.8125,20.984375
13664,2021-10-04 09:00:00,3552,19.375,19.78125,19.90625,20.203125,19.992188,19.90625,20.0,20.0,19.984375,20.695312,21.296875,21.296875,21.085938,20.851562,20.765625,20.820312,20.992188
13665,2021-10-04 09:15:00,3552,19.351562,19.757812,19.890625,20.203125,19.984375,19.984375,20.0625,20.078125,20.109375,20.6875,21.273438,21.289062,21.09375,20.867188,20.773438,20.84375,21.007812
13666,2021-10-04 09:30:00,3540,19.109375,19.273438,19.3125,19.554688,19.328125,19.304688,19.414062,19.453125,19.46875,20.640625,21.257812,21.289062,21.101562,20.875,20.789062,20.859375,21.023438
13667,2021-10-04 09:45:00,3546,18.773438,18.898438,18.914062,19.085938,18.851562,18.882812,18.953125,18.992188,19.023438,20.539062,21.234375,21.289062,21.109375,20.890625,20.8125,20.867188,21.039062
13668,2021-10-04 10:00:00,3546,18.976562,19.460938,19.539062,19.78125,19.5625,19.578125,19.65625,19.710938,19.726562,20.53125,21.210938,21.273438,21.109375,20.90625,20.828125,20.890625,21.046875
13669,2021-10-04 10:15:00,3540,19.164062,19.664062,19.765625,19.976562,19.757812,19.765625,19.828125,19.859375,19.859375,20.507812,21.1875,21.273438,21.125,20.914062,20.835938,20.898438,21.0625
13670,2021-10-04 10:30:00,3546,19.4375,19.992188,20.117188,20.390625,20.164062,20.109375,20.203125,20.21875,20.21875,20.523438,21.164062,21.265625,21.125,20.929688,20.84375,20.90625,21.070312
13671,2021-10-04 10:45:00,3540,19.109375,19.164062,19.179688,19.40625,19.148438,19.210938,19.296875,19.328125,19.359375,20.484375,21.140625,21.265625,21.132812,20.945312,20.859375,20.921875,21.085938
13672,2021-10-04 11:00:00,3552,18.976562,19.304688,19.382812,19.648438,19.421875,19.398438,19.484375,19.523438,19.53125,20.40625,21.125,21.257812,21.140625,20.953125,20.875,20.9375,21.101562
13673,2021-10-04 11:15:00,3546,19.070312,19.59375,19.71875,19.90625,19.664062,19.6875,19.75,19.789062,19.757812,20.398438,21.09375,21.242188,21.148438,20.96875,20.882812,20.945312,21.109375
13674,2021-10-04 11:30:00,3534,19.25,19.828125,19.898438,20.09375,19.835938,19.898438,19.96875,19.984375,19.960938,20.414062,21.078125,21.242188,21.148438,20.976562,20.898438,20.960938,21.125
13675,2021-10-04 11:45:00,3546,19.179688,19.546875,19.585938,19.75,19.523438,19.570312,19.632812,19.648438,19.632812,20.375,21.054688,21.234375,21.15625,20.984375,20.914062,20.96875,21.132812
13676,2021-10-04 12:00:00,3540,19.289062,19.765625,19.820312,20.03125,19.765625,19.8125,19.875,19.898438,19.867188,20.375,21.039062,21.226562,21.15625,21.0,20.921875,20.984375,21.148438
13677,2021-10-04 12:15:00,3546,18.734375,18.929688,18.898438,19.039062,18.742188,18.804688,18.9375,18.992188,19.023438,20.257812,21.015625,21.210938,21.164062,21.007812,20.9375,21.0,21.15625
13678,2021-10-04 12:30:00,3546,18.796875,19.171875,19.195312,19.4375,19.210938,19.234375,19.34375,19.390625,19.398438,20.242188,21.0,21.210938,21.164062,21.015625,20.945312,21.015625,21.164062
13679,2021-10-04 12:45:00,3540,18.828125,19.203125,19.210938,19.429688,19.171875,19.265625,19.390625,19.445312,19.4375,20.210938,20.976562,21.203125,21.171875,21.023438,20.960938,21.023438,21.179688
13680,2021-10-04 13:00:00,3540,18.890625,19.265625,19.296875,19.523438,19.3125,19.351562,19.445312,19.5,19.507812,20.203125,20.960938,21.195312,21.171875,21.039062,20.976562,21.03125,21.1875
13681,2021-10-04 13:15:00,3552,18.617188,18.851562,18.890625,19.132812,18.898438,18.804688,18.929688,18.960938,18.984375,20.148438,20.9375,21.1875,21.179688,21.046875,20.984375,21.046875,21.195312
13682,2021-10-04 13:30:00,3540,18.328125,18.492188,18.5,18.703125,18.46875,18.523438,18.632812,18.679688,18.710938,20.070312,20.914062,21.179688,21.171875,21.054688,21.0,21.054688,21.210938
13683,2021-10-04 13:45:00,3540,18.195312,18.390625,18.359375,18.523438,18.195312,18.25,18.335938,18.414062,18.5,20.03125,20.90625,21.171875,21.1875,21.0625,21.007812,21.070312,21.21875
13684,2021-10-04 14:00:00,3546,18.054688,18.460938,18.453125,18.664062,18.414062,18.375,18.5,18.554688,18.601562,19.984375,20.882812,21.164062,21.179688,21.0625,21.015625,21.078125,21.226562
13685,2021-10-04 14:15:00,3540,18.28125,18.828125,18.953125,19.1875,19.0,18.929688,19.03125,19.054688,19.046875,19.96875,20.859375,21.15625,21.1875,21.078125,21.023438,21.085938,21.234375
13686,2021-10-04 14:30:00,3540,18.335938,19.007812,19.046875,19.234375,18.992188,18.960938,19.046875,19.101562,19.109375,19.976562,20.84375,21.148438,21.179688,21.085938,21.039062,21.101562,21.242188
13687,2021-10-04 14:45:00,3540,18.710938,19.390625,19.421875,19.546875,19.242188,19.265625,19.320312,19.351562,19.359375,20.078125,20.820312,21.140625,21.179688,21.101562,21.054688,21.109375,21.25
13688,2021-10-04 15:00:00,3540,18.765625,19.742188,19.78125,19.765625,19.429688,19.125,18.9375,18.804688,18.757812,20.0,20.804688,21.125,21.179688,21.101562,21.0625,21.117188,21.257812
13689,2021-10-04 15:15:00,3534,19.53125,21.304688,21.375,21.5625,20.882812,20.453125,20.085938,19.742188,19.421875,20.070312,20.78125,21.125,21.179688,21.101562,21.070312,21.132812,21.265625
13690,2021-10-04 15:30:00,3534,20.640625,23.140625,23.632812,23.21875,22.390625,21.9375,21.554688,21.132812,20.585938,20.226562,20.773438,21.109375,21.1875,21.109375,21.078125,21.140625,21.28125
13691,2021-10-04 15:45:00,3540,21.976562,25.28125,25.59375,25.101562,24.0625,23.507812,22.914062,22.304688,21.609375,20.421875,20.75,21.101562,21.179688,21.125,21.09375,21.15625,21.289062
13692,2021-10-04 16:00:00,3540,23.695312,27.046875,26.828125,26.289062,25.273438,25.09375,24.460938,23.828125,22.976562,20.679688,20.734375,21.09375,21.179688,21.132812,21.101562,21.164062,21.289062
13693,2021-10-04 16:15:00,3534,25.28125,28.9375,28.78125,28.25,27.210938,27.0625,26.351562,25.382812,24.320312,21.007812,20.726562,21.078125,21.179688,21.132812,21.109375,21.171875,21.304688
13694,2021-10-04 16:30:00,3540,26.5625,29.507812,29.65625,28.570312,27.601562,27.929688,27.1875,26.257812,25.257812,21.351562,20.726562,21.070312,21.179688,21.132812,21.109375,21.179688,21.304688
13695,2021-10-04 16:45:00,3540,27.578125,30.859375,30.492188,29.195312,28.34375,29.015625,27.867188,26.960938,26.109375,21.703125,20.726562,21.0625,21.171875,21.148438,21.125,21.1875,21.3125
13696,2021-10-04 17:00:00,3534,28.53125,31.195312,30.132812,28.828125,28.132812,28.914062,28.101562,27.625,27.0,22.101562,20.742188,21.054688,21.171875,21.148438,21.132812,21.195312,21.328125
13697,2021-10-04 17:15:00,3528,29.242188,30.710938,30.015625,29.757812,29.4375,30.53125,28.96875,28.515625,28.007812,22.476562,20.765625,21.046875,21.171875,21.15625,21.140625,21.203125,21.328125
13698,2021-10-04 17:30:00,3534,29.820312,31.992188,30.4375,29.820312,29.398438,30.40625,29.09375,29.085938,28.796875,22.890625,20.796875,21.046875,21.164062,21.15625,21.148438,21.210938,21.34375
13699,2021-10-04 17:45:00,3540,30.929688,33.375,31.632812,31.976562,30.71875,31.125,30.101562,30.023438,29.648438,23.242188,20.828125,21.03125,21.171875,21.164062,21.15625,21.21875,21.34375
13700,2021-10-04 18:00:00,3534,31.671875,33.242188,31.640625,31.523438,30.40625,30.671875,29.898438,30.078125,29.765625,23.554688,20.875,21.03125,21.164062,21.164062,21.15625,21.234375,21.351562
13701,2021-10-04 18:15:00,3540,30.59375,30.9375,29.804688,29.8125,28.773438,29.335938,29.070312,29.453125,29.367188,23.609375,20.921875,21.023438,21.164062,21.164062,21.171875,21.242188,21.351562
13702,2021-10-04 18:30:00,3546,31.570312,33.328125,31.679688,31.703125,29.757812,30.4375,30.796875,31.476562,31.273438,24.054688,20.992188,21.023438,21.164062,21.171875,21.179688,21.242188,21.359375
13703,2021-10-04 18:45:00,3540,32.992188,35.359375,33.296875,31.867188,31.21875,31.601562,32.046875,32.695312,32.265625,24.4375,21.046875,21.03125,21.15625,21.171875,21.179688,21.257812,21.367188
13704,2021-10-04 19:00:00,3546,33.515625,34.695312,32.390625,30.820312,30.25,30.757812,32.640625,34.109375,33.59375,24.890625,21.117188,21.039062,21.15625,21.179688,21.1875,21.257812,21.367188
13705,2021-10-04 19:15:00,3540,33.929688,35.140625,31.96875,30.976562,30.359375,31.1875,33.820312,35.015625,34.414062,25.390625,21.195312,21.039062,21.15625,21.179688,21.195312,21.265625,21.375
13706,2021-10-04 19:30:00,3540,34.289062,34.085938,33.101562,30.882812,30.726562,31.804688,35.210938,36.140625,35.257812,25.78125,21.273438,21.046875,21.15625,21.179688,21.203125,21.28125,21.382812
13707,2021-10-04 19:45:00,3546,34.984375,34.140625,33.117188,31.617188,31.421875,33.085938,35.9375,36.75,35.96875,26.179688,21.367188,21.0625,21.148438,21.179688,21.203125,21.28125,21.382812
13708,2021-10-04 20:00:00,3540,34.851562,33.859375,31.78125,31.570312,31.164062,33.921875,36.804688,37.234375,36.328125,26.507812,21.46875,21.078125,21.15625,21.1875,21.210938,21.289062,21.390625
13709,2021-10-04 20:15:00,3546,34.453125,33.679688,31.546875,31.601562,31.601562,35.210938,36.484375,36.820312,36.140625,26.71875,21.5625,21.09375,21.148438,21.195312,21.21875,21.296875,21.390625
13710,2021-10-04 20:30:00,3546,34.304688,33.015625,31.171875,31.140625,31.671875,35.617188,37.351562,38.039062,36.742188,26.96875,21.671875,21.117188,21.15625,21.195312,21.21875,21.296875,21.398438
13711,2021-10-04 20:45:00,3546,34.117188,32.578125,31.367188,31.078125,32.164062,36.132812,37.234375,38.171875,36.328125,27.09375,21.78125,21.140625,21.15625,21.195312,21.234375,21.304688,21.40625
13712,2021-10-04 21:00:00,3552,33.734375,32.0,30.859375,30.710938,32.015625,35.476562,37.257812,37.867188,36.140625,27.171875,21.882812,21.164062,21.15625,21.195312,21.234375,21.3125,21.40625
13713,2021-10-04 21:15:00,3546,33.226562,31.570312,29.929688,30.117188,32.109375,34.625,36.335938,36.96875,35.71875,27.226562,21.992188,21.195312,21.164062,21.195312,21.242188,21.3125,21.40625
13714,2021-10-04 21:30:00,3552,31.015625,28.070312,27.335938,27.429688,27.671875,28.953125,29.5,30.132812,30.398438,26.664062,22.085938,21.226562,21.171875,21.203125,21.242188,21.320312,21.414062
13715,2021-10-04 21:45:00,3546,28.132812,26.234375,25.828125,25.960938,25.890625,26.335938,26.546875,26.890625,27.265625,25.773438,22.203125,21.25,21.179688,21.203125,21.242188,21.328125,21.421875
13716,2021-10-04 22:00:00,3552,26.5625,25.34375,25.046875,25.203125,25.210938,25.609375,25.78125,26.0,26.242188,25.226562,22.289062,21.289062,21.1875,21.203125,21.257812,21.335938,21.429688
13717,2021-10-04 22:15:00,3552,25.703125,24.992188,24.742188,24.875,24.757812,24.976562,25.039062,25.171875,25.359375,24.796875,22.359375,21.328125,21.195312,21.210938,21.257812,21.335938,21.4375
13718,2021-10-04 22:30:00,3552,25.023438,24.5,24.28125,24.390625,24.257812,24.367188,24.328125,24.398438,24.585938,24.4375,22.414062,21.367188,21.203125,21.210938,21.257812,21.34375,21.445312
13719,2021-10-04 22:45:00,3546,24.648438,24.390625,24.148438,24.296875,24.117188,24.164062,24.09375,24.101562,24.1875,24.148438,22.445312,21.40625,21.210938,21.210938,21.265625,21.34375,21.453125
13720,2021-10-04 23:00:00,3552,24.625,24.726562,24.570312,24.710938,24.523438,24.421875,24.273438,24.125,24.085938,23.914062,22.46875,21.445312,21.21875,21.210938,21.265625,21.351562,21.445312
13721,2021-10-04 23:15:00,3552,24.632812,24.835938,24.648438,24.773438,24.53125,24.421875,24.164062,23.96875,23.953125,23.757812,22.484375,21.484375,21.242188,21.226562,21.273438,21.359375,21.460938
13722,2021-10-04 23:30:00,3552,24.570312,24.828125,24.648438,24.773438,24.523438,24.335938,24.078125,23.90625,23.867188,23.625,22.484375,21.523438,21.242188,21.226562,21.273438,21.367188,21.460938
13723,2021-10-04 23:45:00,3552,24.351562,24.335938,24.148438,24.265625,23.992188,23.867188,23.546875,23.429688,23.476562,23.484375,22.476562,21.554688,21.257812,21.226562,21.28125,21.367188,21.46875
13724,2021-10-05 00:00:00,3552,23.835938,23.648438,23.46875,23.578125,23.296875,23.164062,22.921875,22.8125,22.914062,23.304688,22.46875,21.585938,21.273438,21.242188,21.289062,21.375,21.476562
13725,2021-10-05 00:15:00,3564,23.179688,22.84375,22.625,22.703125,22.382812,22.171875,21.835938,21.851562,22.15625,23.085938,22.460938,21.617188,21.296875,21.242188,21.289062,21.382812,21.476562
13726,2021-10-05 00:30:00,3546,22.46875,22.109375,21.921875,22.03125,21.757812,21.648438,21.3125,21.328125,21.679688,22.898438,22.4375,21.640625,21.3125,21.25,21.289062,21.382812,21.484375
13727,2021-10-05 00:45:00,3546,21.492188,20.757812,20.476562,20.5625,20.21875,20.078125,19.984375,20.21875,20.648438,22.601562,22.421875,21.671875,21.335938,21.257812,21.296875,21.390625,21.492188
13728,2021-10-05 01:00:00,3552,20.609375,19.929688,19.726562,19.929688,19.710938,19.578125,19.648438,19.695312,19.90625,22.304688,22.398438,21.6875,21.34375,21.265625,21.3125,21.398438,21.5
13729,2021-10-05 01:15:00,3546,20.117188,19.726562,19.65625,19.875,19.6875,19.546875,19.570312,19.554688,19.664062,22.078125,22.375,21.710938,21.359375,21.273438,21.3125,21.40625,21.5
13730,2021-10-05 01:30:00,3552,19.703125,19.359375,19.273438,19.507812,19.3125,19.1875,19.265625,19.25,19.421875,21.914062,22.335938,21.71875,21.382812,21.28125,21.320312,21.40625,21.515625
13731,2021-10-05 01:45:00,3552,19.28125,18.890625,18.84375,19.09375,18.875,18.726562,18.804688,18.78125,18.914062,21.710938,22.304688,21.742188,21.40625,21.289062,21.320312,21.414062,21.523438
13732,2021-10-05 02:00:00,3552,18.789062,18.40625,18.335938,18.601562,18.367188,18.273438,18.390625,18.445312,18.625,21.539062,22.265625,21.757812,21.414062,21.304688,21.335938,21.421875,21.523438
13733,2021-10-05 02:15:00,3552,18.375,18.078125,18.03125,18.289062,18.046875,18.0,18.09375,18.179688,18.335938,21.34375,22.226562,21.765625,21.4375,21.3125,21.335938,21.429688,21.539062
13734,2021-10-05 02:30:00,3552,18.132812,17.9375,17.960938,18.242188,18.015625,17.921875,18.007812,18.078125,18.25,21.210938,22.179688,21.773438,21.453125,21.320312,21.34375,21.4375,21.546875
13735,2021-10-05 02:45:00,3552,17.921875,17.953125,18.0,18.28125,18.0625,17.96875,18.070312,18.148438,18.289062,21.085938,22.132812,21.78125,21.46875,21.328125,21.34375,21.445312,21.554688
13736,2021-10-05 03:00:00,3546,17.796875,17.804688,17.851562,18.140625,17.9375,17.875,17.976562,18.054688,18.210938,21.0,22.085938,21.789062,21.484375,21.335938,21.359375,21.453125,21.5625
13737,2021-10-05 03:15:00,3546,17.710938,17.820312,17.84375,18.125,17.921875,17.882812,17.976562,18.054688,18.179688,20.921875,22.039062,21.796875,21.5,21.351562,21.367188,21.460938,21.5625
13738,2021-10-05 03:30:00,3540,17.703125,17.945312,18.015625,18.265625,18.03125,18.007812,18.109375,18.195312,18.296875,20.851562,22.0,21.796875,21.515625,21.367188,21.382812,21.46875,21.578125
13739,2021-10-05 03:45:00,3546,17.75,17.914062,18.054688,18.289062,18.101562,17.992188,18.085938,18.171875,18.304688,20.835938,21.945312,21.804688,21.523438,21.375,21.382812,21.476562,21.59375
13740,2021-10-05 04:00:00,3546,17.710938,17.875,17.953125,18.195312,17.984375,17.929688,18.039062,18.109375,18.234375,20.75,21.90625,21.796875,21.539062,21.390625,21.390625,21.484375,21.59375
13741,2021-10-05 04:15:00,3546,17.648438,17.789062,17.84375,18.117188,17.890625,17.835938,17.953125,18.015625,18.140625,20.671875,21.859375,21.796875,21.546875,21.398438,21.398438,21.492188,21.601562
13742,2021-10-05 04:30:00,3546,17.554688,17.71875,17.804688,18.117188,17.929688,17.859375,17.984375,18.023438,18.132812,20.585938,21.820312,21.789062,21.570312,21.40625,21.40625,21.5,21.617188
13743,2021-10-05 04:45:00,3546,17.382812,17.539062,17.640625,17.976562,17.796875,17.703125,17.8125,17.867188,17.96875,20.484375,21.773438,21.789062,21.578125,21.421875,21.421875,21.507812,21.617188
13744,2021-10-05 05:00:00,3546,17.132812,17.023438,17.0,17.210938,16.9375,17.007812,17.117188,17.21875,17.390625,20.429688,21.734375,21.78125,21.585938,21.4375,21.429688,21.515625,21.625
13745,2021-10-05 05:15:00,3546,17.023438,17.210938,17.25,17.492188,17.28125,17.289062,17.398438,17.460938,17.570312,20.320312,21.695312,21.773438,21.601562,21.445312,21.445312,21.523438,21.632812
13746,2021-10-05 05:30:00,3546,17.085938,17.328125,17.492188,17.835938,17.640625,17.523438,17.640625,17.6875,17.820312,20.28125,21.65625,21.765625,21.609375,21.460938,21.453125,21.53125,21.648438
13747,2021-10-05 05:45:00,3540,17.148438,17.328125,17.4375,17.726562,17.523438,17.492188,17.585938,17.632812,17.765625,20.257812,21.625,21.757812,21.617188,21.46875,21.460938,21.539062,21.65625
13748,2021-10-05 06:00:00,3546,17.101562,17.273438,17.382812,17.710938,17.546875,17.460938,17.554688,17.59375,17.703125,20.210938,21.578125,21.757812,21.625,21.484375,21.476562,21.546875,21.664062
13749,2021-10-05 06:15:00,3546,16.859375,16.945312,17.085938,17.257812,17.0625,16.921875,17.023438,17.101562,17.28125,20.171875,21.539062,21.742188,21.632812,21.492188,21.476562,21.554688,21.671875
13750,2021-10-05 06:30:00,3546,16.96875,17.28125,17.390625,17.703125,17.5,17.453125,17.554688,17.609375,17.726562,20.125,21.5,21.734375,21.640625,21.507812,21.484375,21.570312,21.6875
13751,2021-10-05 06:45:00,3540,16.929688,17.179688,17.234375,17.445312,17.234375,17.273438,17.359375,17.421875,17.523438,20.078125,21.46875,21.71875,21.640625,21.523438,21.492188,21.578125,21.695312
13752,2021-10-05 07:00:00,3540,17.125,17.585938,17.757812,18.125,17.953125,17.789062,17.914062,17.945312,18.039062,20.070312,21.4375,21.710938,21.648438,21.523438,21.507812,21.585938,21.703125
13753,2021-10-05 07:15:00,3540,17.414062,17.875,18.007812,18.335938,18.15625,18.078125,18.179688,18.21875,18.28125,20.109375,21.398438,21.703125,21.648438,21.539062,21.515625,21.59375,21.710938
13754,2021-10-05 07:30:00,3540,17.398438,17.851562,17.976562,18.3125,18.1875,18.070312,18.195312,18.234375,18.28125,20.101562,21.367188,21.695312,21.65625,21.546875,21.523438,21.601562,21.710938
13755,2021-10-05 07:45:00,3534,17.328125,17.578125,17.71875,18.023438,17.898438,17.742188,17.867188,17.851562,17.945312,20.109375,21.335938,21.679688,21.664062,21.554688,21.539062,21.617188,21.726562
13756,2021-10-05 08:00:00,3534,16.023438,15.09375,14.90625,15.1328125,14.7265625,15.203125,15.3125,15.96875,16.632812,19.859375,21.304688,21.671875,21.664062,21.5625,21.546875,21.625,21.742188
13757,2021-10-05 08:15:00,3540,14.203125,13.1640625,12.921875,13.0625,12.625,13.4921875,14.5625,15.203125,15.7734375,19.710938,21.28125,21.664062,21.671875,21.570312,21.554688,21.625,21.742188
13758,2021-10-05 08:30:00,3540,12.984375,12.34375,12.1640625,12.3203125,11.953125,12.8359375,13.7578125,14.5546875,15.15625,19.476562,21.25,21.648438,21.671875,21.578125,21.5625,21.632812,21.75
13759,2021-10-05 08:45:00,3540,12.1328125,11.765625,11.640625,11.8203125,11.5546875,12.375,13.1328125,13.65625,14.1171875,19.195312,21.226562,21.632812,21.671875,21.59375,21.570312,21.640625,21.757812
13760,2021-10-05 09:00:00,3540,11.5234375,11.0703125,10.96875,11.0859375,10.8046875,11.890625,13.0859375,13.4921875,13.7890625,19.070312,21.195312,21.625,21.671875,21.601562,21.578125,21.65625,21.765625
13761,2021-10-05 09:15:00,3540,11.0546875,10.765625,10.71875,10.875,10.609375,11.4453125,12.5625,12.859375,13.0546875,18.90625,21.148438,21.609375,21.671875,21.609375,21.59375,21.664062,21.773438
13762,2021-10-05 09:30:00,3540,10.828125,10.6328125,10.6015625,10.75,10.5625,11.4140625,12.53125,12.9765625,13.2421875,18.757812,21.117188,21.59375,21.679688,21.617188,21.601562,21.671875,21.789062
13763,2021-10-05 09:45:00,3528,10.7578125,10.7734375,10.734375,10.8515625,10.5859375,11.3046875,12.5625,13.2265625,13.4375,18.617188,21.078125,21.578125,21.679688,21.625,21.601562,21.6875,21.789062
13764,2021-10-05 10:00:00,3528,10.5,10.2109375,10.1484375,10.2109375,9.8984375,11.0078125,12.4296875,12.5859375,12.4921875,18.5,21.03125,21.570312,21.671875,21.632812,21.617188,21.6875,21.796875
13765,2021-10-05 10:15:00,3534,10.59375,10.5859375,10.6015625,10.7421875,10.6171875,11.5859375,12.84375,13.203125,13.375,18.46875,20.984375,21.5625,21.679688,21.632812,21.625,21.695312,21.804688
13766,2021-10-05 10:30:00,3540,11.1015625,11.2265625,11.265625,11.390625,11.34375,12.3828125,13.546875,14.15625,14.5390625,18.632812,20.9375,21.546875,21.671875,21.640625,21.632812,21.703125,21.8125
13767,2021-10-05 10:45:00,3534,10.703125,9.984375,9.96875,10.1484375,10.03125,11.2265625,12.40625,12.8125,13.0546875,18.507812,20.890625,21.523438,21.671875,21.648438,21.640625,21.710938,21.820312
13768,2021-10-05 11:00:00,3528,10.1484375,9.6484375,9.609375,9.734375,9.5,10.1796875,11.3515625,11.7890625,12.0234375,18.273438,20.851562,21.507812,21.671875,21.65625,21.648438,21.71875,21.820312
13769,2021-10-05 11:15:00,3528,10.3515625,10.5546875,10.6015625,10.6875,10.5859375,11.1875,12.40625,13.1328125,13.5390625,18.296875,20.804688,21.492188,21.671875,21.65625,21.664062,21.726562,21.828125
13770,2021-10-05 11:30:00,3534,11.1171875,11.3125,11.34375,11.4375,11.390625,12.1796875,13.09375,13.875,14.4921875,18.445312,20.757812,21.476562,21.664062,21.664062,21.664062,21.734375,21.835938
13771,2021-10-05 11:45:00,3540,11.5234375,11.5,11.515625,11.578125,11.5390625,12.34375,13.2890625,14.109375,14.75,18.53125,20.710938,21.453125,21.664062,21.664062,21.671875,21.742188,21.84375
13772,2021-10-05 12:00:00,3528,11.7109375,11.6328125,11.640625,11.703125,11.65625,12.3984375,13.2578125,14.0546875,14.7890625,18.609375,20.671875,21.429688,21.65625,21.671875,21.679688,21.75,21.84375
13773,2021-10-05 12:15:00,3528,11.8515625,11.6171875,11.6015625,11.65625,11.609375,12.25,12.96875,13.8125,14.6015625,18.59375,20.632812,21.40625,21.65625,21.671875,21.6875,21.757812,21.851562
13774,2021-10-05 12:30:00,3534,12.0078125,11.8125,11.8046875,11.84375,11.8203125,12.453125,13.1875,14.03125,14.7890625,18.609375,20.601562,21.382812,21.648438,21.679688,21.695312,21.757812,21.859375
13775,2021-10-05 12:45:00,3528,12.0078125,11.6171875,11.5859375,11.609375,11.5625,12.140625,12.8515625,13.796875,14.609375,18.570312,20.570312,21.375,21.640625,21.6875,21.695312,21.765625,21.859375
13776,2021-10-05 13:00:00,3534,12.0703125,11.8125,11.796875,11.828125,11.796875,12.3515625,13.078125,13.9609375,14.71875,18.578125,20.539062,21.351562,21.632812,21.6875,21.703125,21.773438,21.867188
13777,2021-10-05 13:15:00,3528,12.15625,11.84375,11.828125,11.8515625,11.8359375,12.4140625,13.109375,13.921875,14.609375,18.539062,20.515625,21.328125,21.632812,21.6875,21.710938,21.78125,21.867188
13778,2021-10-05 13:30:00,3522,11.921875,11.3984375,11.359375,11.390625,11.359375,11.9140625,12.5859375,13.4296875,14.234375,18.476562,20.484375,21.304688,21.625,21.6875,21.71875,21.789062,21.867188
13779,2021-10-05 13:45:00,3522,11.734375,11.3359375,11.28125,11.3046875,11.28125,11.8203125,12.65625,13.5078125,14.28125,18.460938,20.46875,21.289062,21.617188,21.6875,21.726562,21.789062,21.882812
13780,2021-10-05 14:00:00,3528,11.671875,11.3515625,11.328125,11.3515625,11.3046875,11.8125,12.5546875,13.34375,14.171875,18.445312,20.4375,21.265625,21.609375,21.695312,21.726562,21.796875,21.882812
13781,2021-10-05 14:15:00,3534,11.2734375,10.8515625,10.8203125,10.84375,10.7578125,11.21875,12.015625,12.7578125,13.53125,18.375,20.414062,21.242188,21.601562,21.695312,21.734375,21.804688,21.882812
13782,2021-10-05 14:30:00,3528,11.015625,10.703125,10.6484375,10.7734375,10.640625,11.1484375,11.90625,12.6484375,13.46875,18.289062,20.382812,21.234375,21.59375,21.695312,21.734375,21.8125,21.890625
13783,2021-10-05 14:45:00,3528,10.8984375,10.8515625,10.8046875,10.90625,10.765625,11.1875,12.046875,12.78125,13.578125,18.242188,20.359375,21.210938,21.585938,21.695312,21.742188,21.820312,21.890625
13784,2021-10-05 15:00:00,3528,11.5546875,11.890625,11.84375,11.875,11.828125,12.359375,13.03125,13.859375,14.625,18.367188,20.335938,21.1875,21.578125,21.695312,21.742188,21.820312,21.890625
13785,2021-10-05 15:15:00,3522,12.4140625,12.359375,12.3125,12.3203125,12.3359375,12.875,13.5859375,14.4296875,15.09375,18.445312,20.304688,21.164062,21.5625,21.695312,21.75,21.820312,21.890625
13786,2021-10-05 15:30:00,3522,12.7578125,12.5546875,12.5,12.5078125,12.5625,13.0859375,13.765625,14.5546875,15.140625,18.476562,20.28125,21.148438,21.554688,21.6875,21.75,21.828125,21.890625
13787,2021-10-05 15:45:00,3528,13.1328125,12.921875,12.84375,12.8359375,12.9609375,13.484375,14.1328125,14.921875,15.484375,18.546875,20.257812,21.125,21.546875,21.6875,21.75,21.828125,21.890625
13788,2021-10-05 16:00:00,3516,13.9296875,13.96875,13.8515625,13.8203125,14.03125,14.6328125,15.484375,16.242188,16.554688,18.71875,20.234375,21.117188,21.53125,21.695312,21.75,21.835938,21.890625
13789,2021-10-05 16:15:00,3522,14.9375,14.9609375,14.8359375,14.7890625,15.109375,15.78125,16.734375,17.296875,17.429688,18.9375,20.21875,21.09375,21.53125,21.6875,21.765625,21.835938,21.890625
13790,2021-10-05 16:30:00,3528,15.1953125,14.9453125,14.78125,14.734375,14.9453125,15.625,16.476562,17.125,17.421875,19.039062,20.210938,21.070312,21.515625,21.6875,21.757812,21.835938,21.890625
13791,2021-10-05 16:45:00,3522,15.40625,14.875,14.7109375,14.6328125,14.7734375,15.4921875,16.40625,17.320312,17.773438,19.15625,20.195312,21.054688,21.507812,21.679688,21.765625,21.84375,21.890625
13792,2021-10-05 17:00:00,3522,15.5390625,15.203125,14.96875,14.8515625,14.96875,15.6875,16.632812,17.554688,17.976562,19.257812,20.195312,21.039062,21.492188,21.679688,21.765625,21.835938,21.898438
13793,2021-10-05 17:15:00,3522,16.15625,16.28125,16.007812,15.8203125,15.953125,16.804688,17.609375,18.3125,18.59375,19.40625,20.1875,21.015625,21.484375,21.679688,21.765625,21.84375,21.898438
13794,2021-10-05 17:30:00,3528,17.195312,18.4375,17.632812,17.289062,17.117188,17.890625,18.625,19.46875,19.609375,19.609375,20.1875,21.0,21.476562,21.671875,21.765625,21.84375,21.890625
13795,2021-10-05 17:45:00,3528,19.296875,21.40625,20.304688,20.476562,18.992188,19.382812,19.03125,19.648438,19.992188,19.84375,20.1875,20.992188,21.460938,21.671875,21.765625,21.84375,21.890625
13796,2021-10-05 18:00:00,3522,20.53125,22.664062,21.054688,21.0,19.59375,19.875,19.390625,19.820312,20.101562,19.953125,20.195312,20.976562,21.453125,21.664062,21.765625,21.84375,21.890625
13797,2021-10-05 18:15:00,3516,19.007812,18.34375,17.71875,17.601562,16.921875,17.390625,17.765625,18.757812,19.40625,19.929688,20.203125,20.953125,21.445312,21.65625,21.765625,21.84375,21.882812
13798,2021-10-05 18:30:00,3522,18.976562,19.726562,18.726562,18.929688,17.5625,18.179688,18.742188,19.679688,20.0625,20.054688,20.21875,20.945312,21.429688,21.65625,21.765625,21.851562,21.882812
13799,2021-10-05 18:45:00,3516,21.859375,23.757812,22.46875,21.742188,20.3125,20.976562,21.554688,22.648438,22.78125,20.460938,20.234375,20.929688,21.414062,21.65625,21.765625,21.851562,21.875
13800,2021-10-05 17:30:00,3528,17.195312,18.4375,17.632812,17.289062,17.117188,17.890625,18.625,19.46875,19.609375,19.609375,20.1875,21.0,21.476562,21.671875,21.765625,21.84375,21.890625
13801,2021-10-05 17:45:00,3528,19.296875,21.40625,20.304688,20.476562,18.992188,19.382812,19.03125,19.648438,19.992188,19.84375,20.1875,20.992188,21.460938,21.671875,21.765625,21.84375,21.890625
13802,2021-10-05 18:00:00,3522,20.53125,22.664062,21.054688,21.0,19.59375,19.875,19.390625,19.820312,20.101562,19.953125,20.195312,20.976562,21.453125,21.664062,21.765625,21.84375,21.890625
13803,2021-10-05 18:15:00,3516,19.007812,18.34375,17.71875,17.601562,16.921875,17.390625,17.765625,18.757812,19.40625,19.929688,20.203125,20.953125,21.445312,21.65625,21.765625,21.84375,21.882812
13804,2021-10-05 18:30:00,3522,18.976562,19.726562,18.726562,18.929688,17.5625,18.179688,18.742188,19.679688,20.0625,20.054688,20.21875,20.945312,21.429688,21.65625,21.765625,21.851562,21.882812
13805,2021-10-05 18:45:00,3516,21.859375,23.757812,22.46875,21.742188,20.3125,20.976562,21.554688,22.648438,22.78125,20.460938,20.234375,20.929688,21.414062,21.65625,21.765625,21.851562,21.875
13806,2021-10-05 19:00:00,3528,22.960938,22.695312,21.007812,20.0,19.507812,20.40625,21.890625,23.695312,24.085938,20.96875,20.25,20.921875,21.398438,21.648438,21.757812,21.84375,21.875
13807,2021-10-05 19:15:00,3528,23.742188,25.28125,22.351562,21.265625,20.984375,21.773438,24.046875,25.078125,25.070312,21.28125,20.28125,20.914062,21.398438,21.640625,21.757812,21.84375,21.875
13808,2021-10-05 19:30:00,3516,24.546875,25.414062,23.304688,21.28125,21.148438,21.8125,25.039062,26.265625,25.867188,21.640625,20.296875,20.90625,21.375,21.632812,21.757812,21.84375,21.867188
13809,2021-10-05 19:45:00,3528,25.75,25.78125,24.296875,22.734375,22.414062,24.164062,26.429688,26.851562,26.328125,21.898438,20.335938,20.890625,21.367188,21.625,21.757812,21.84375,21.859375
13810,2021-10-05 20:00:00,3522,26.53125,25.609375,23.789062,23.195312,23.109375,25.601562,28.0,28.523438,28.015625,22.320312,20.382812,20.890625,21.359375,21.617188,21.757812,21.835938,21.859375
13811,2021-10-05 20:15:00,3522,26.804688,26.265625,23.789062,23.507812,23.148438,27.195312,28.296875,28.179688,27.351562,22.46875,20.429688,20.890625,21.34375,21.617188,21.75,21.835938,21.859375
13812,2021-10-05 20:30:00,3522,28.101562,28.5,25.203125,25.171875,25.726562,30.4375,30.390625,30.34375,28.914062,22.898438,20.484375,20.882812,21.335938,21.609375,21.75,21.835938,21.84375
13813,2021-10-05 20:45:00,3522,27.78125,26.640625,24.164062,24.171875,25.046875,29.726562,30.8125,31.640625,29.914062,23.195312,20.539062,20.882812,21.328125,21.601562,21.742188,21.835938,21.835938
13814,2021-10-05 21:00:00,3528,25.796875,22.789062,21.578125,21.820312,22.34375,25.328125,26.75,27.757812,27.484375,23.234375,20.601562,20.882812,21.3125,21.601562,21.742188,21.828125,21.835938
13815,2021-10-05 21:15:00,3522,25.195312,24.773438,22.96875,23.289062,25.335938,28.164062,28.984375,29.257812,28.1875,23.101562,20.671875,20.890625,21.3125,21.585938,21.742188,21.828125,21.835938
13816,2021-10-05 21:30:00,3522,23.734375,20.8125,19.921875,20.007812,20.25,21.789062,22.25,23.070312,23.5625,22.78125,20.734375,20.890625,21.296875,21.585938,21.734375,21.828125,21.828125
13817,2021-10-05 21:45:00,3528,21.171875,18.90625,18.4375,18.484375,18.484375,19.289062,19.859375,20.695312,21.382812,22.164062,20.8125,20.890625,21.296875,21.578125,21.734375,21.820312,21.8125
13818,2021-10-05 22:00:00,3534,19.101562,17.257812,16.75,16.820312,16.742188,17.492188,18.320312,19.328125,20.09375,21.75,20.867188,20.914062,21.289062,21.570312,21.726562,21.820312,21.8125
13819,2021-10-05 22:15:00,3528,17.960938,16.53125,16.070312,16.132812,16.078125,16.84375,17.445312,18.3125,19.078125,21.4375,20.914062,20.921875,21.28125,21.5625,21.726562,21.8125,21.804688
13820,2021-10-05 22:30:00,3522,16.890625,15.984375,15.6640625,15.7734375,15.75,16.242188,16.679688,17.273438,17.984375,21.078125,20.953125,20.929688,21.273438,21.554688,21.71875,21.8125,21.804688
13821,2021-10-05 22:45:00,3522,17.148438,16.679688,16.476562,16.601562,16.71875,17.304688,17.835938,18.359375,18.796875,20.960938,20.976562,20.945312,21.265625,21.546875,21.71875,21.804688,21.789062
13822,2021-10-05 23:00:00,3528,17.484375,17.078125,16.875,16.96875,17.109375,17.882812,18.773438,19.46875,19.765625,20.976562,20.984375,20.960938,21.265625,21.539062,21.710938,21.804688,21.789062
13823,2021-10-05 23:15:00,3522,17.3125,16.617188,16.320312,16.382812,16.273438,16.804688,17.28125,18.09375,18.8125,20.90625,20.984375,20.96875,21.257812,21.53125,21.703125,21.796875,21.773438
13824,2021-10-05 23:30:00,3528,16.5,15.859375,15.625,15.7109375,15.59375,16.023438,16.40625,17.125,17.875,20.648438,20.976562,20.984375,21.257812,21.53125,21.703125,21.789062,21.765625
13825,2021-10-05 23:45:00,3522,15.890625,15.2578125,15.0234375,15.1328125,14.9609375,15.3671875,15.7578125,16.453125,17.242188,20.421875,20.976562,21.0,21.257812,21.523438,21.695312,21.789062,21.757812
13826,2021-10-06 00:00:00,3528,15.3359375,14.8203125,14.6171875,14.734375,14.5546875,14.9140625,15.28125,15.953125,16.734375,20.210938,20.96875,21.015625,21.257812,21.515625,21.6875,21.78125,21.757812
13827,2021-10-06 00:15:00,3522,14.6875,14.09375,13.9140625,14.0078125,13.8125,14.140625,14.421875,15.109375,16.0,19.992188,20.953125,21.015625,21.25,21.507812,21.6875,21.773438,21.742188
13828,2021-10-06 00:30:00,3528,14.1171875,13.6953125,13.5234375,13.640625,13.4453125,13.7421875,14.0,14.6796875,15.59375,19.796875,20.9375,21.023438,21.25,21.507812,21.679688,21.765625,21.742188
13829,2021-10-06 00:45:00,3522,13.6015625,13.1796875,13.0,13.125,12.8984375,13.21875,13.515625,14.34375,15.296875,19.609375,20.90625,21.03125,21.25,21.492188,21.671875,21.765625,21.734375
13830,2021-10-06 01:00:00,3522,13.15625,12.7109375,12.5,12.609375,12.3515625,12.6953125,13.3359375,14.09375,14.921875,19.46875,20.882812,21.03125,21.25,21.492188,21.671875,21.757812,21.726562
13831,2021-10-06 01:15:00,3528,12.875,12.515625,12.3359375,12.4609375,12.203125,12.4375,12.7734375,13.6796875,14.703125,19.289062,20.851562,21.039062,21.25,21.484375,21.664062,21.757812,21.710938
13832,2021-10-06 01:30:00,3522,12.5390625,12.1328125,11.9765625,12.1328125,11.8359375,12.203125,12.765625,13.6796875,14.6171875,19.15625,20.820312,21.039062,21.25,21.484375,21.664062,21.742188,21.703125
13833,2021-10-06 01:45:00,3528,11.984375,11.453125,11.2890625,11.3984375,11.1015625,11.4375,12.2890625,13.3046875,14.0703125,18.945312,20.78125,21.039062,21.25,21.476562,21.648438,21.742188,21.695312
13834,2021-10-06 02:00:00,3522,11.4609375,10.9609375,10.8046875,11.0625,10.828125,11.1953125,11.9140625,12.5390625,13.203125,18.671875,20.742188,21.039062,21.25,21.46875,21.648438,21.734375,21.695312
13835,2021-10-06 02:15:00,3522,11.203125,10.78125,10.6953125,10.921875,10.609375,10.9453125,11.671875,12.46875,13.328125,18.617188,20.695312,21.03125,21.25,21.46875,21.640625,21.726562,21.6875
13836,2021-10-06 02:30:00,3516,11.7578125,11.9921875,11.9921875,12.03125,11.9140625,12.234375,12.78125,13.5546875,14.3046875,18.59375,20.65625,21.03125,21.25,21.46875,21.632812,21.726562,21.671875
13837,2021-10-06 02:45:00,3522,12.40625,12.4296875,12.421875,12.4453125,12.3515625,12.703125,13.1796875,13.9609375,14.7265625,18.679688,20.609375,21.023438,21.25,21.460938,21.632812,21.710938,21.671875
13838,2021-10-06 03:00:00,3510,12.7265625,12.5859375,12.5625,12.578125,12.5,12.8359375,13.2890625,14.09375,14.828125,18.671875,20.5625,21.015625,21.242188,21.460938,21.617188,21.710938,21.65625
13839,2021-10-06 03:15:00,3522,12.890625,12.671875,12.625,12.65625,12.5859375,12.9296875,13.3671875,14.0703125,14.7890625,18.65625,20.515625,21.007812,21.25,21.453125,21.617188,21.703125,21.648438
13840,2021-10-06 03:30:00,3522,12.984375,12.75,12.7109375,12.7265625,12.6640625,13.0078125,13.4375,14.1796875,14.9296875,18.664062,20.476562,20.992188,21.242188,21.445312,21.617188,21.695312,21.640625
13841,2021-10-06 03:45:00,3522,13.0390625,12.78125,12.75,12.7734375,12.7109375,13.0703125,13.515625,14.2734375,14.984375,18.648438,20.4375,20.984375,21.242188,21.445312,21.609375,21.6875,21.640625
13842,2021-10-06 04:00:00,3516,13.0390625,12.7734375,12.75,12.765625,12.703125,13.0703125,13.5078125,14.2265625,14.9296875,18.625,20.40625,20.96875,21.234375,21.445312,21.601562,21.6875,21.632812
13843,2021-10-06 04:15:00,3516,13.0078125,12.7109375,12.6796875,12.6953125,12.6484375,12.9921875,13.453125,14.1875,14.8984375,18.601562,20.367188,20.953125,21.234375,21.4375,21.59375,21.679688,21.625
13844,2021-10-06 04:30:00,3522,12.9921875,12.65625,12.6171875,12.640625,12.59375,12.984375,13.484375,14.2421875,15.0078125,18.601562,20.335938,20.9375,21.234375,21.4375,21.59375,21.671875,21.617188
13845,2021-10-06 04:45:00,3522,12.96875,12.578125,12.546875,12.5546875,12.5234375,12.890625,13.3984375,14.203125,14.984375,18.609375,20.304688,20.929688,21.226562,21.421875,21.585938,21.664062,21.609375
13846,2021-10-06 05:00:00,3516,12.9453125,12.609375,12.578125,12.59375,12.5703125,12.90625,13.4375,14.2578125,15.0390625,18.578125,20.28125,20.914062,21.226562,21.421875,21.578125,21.65625,21.601562
13847,2021-10-06 05:15:00,3516,13.015625,12.765625,12.7421875,12.7578125,12.7265625,13.078125,13.6015625,14.375,15.1015625,18.570312,20.25,20.898438,21.21875,21.421875,21.585938,21.65625,21.59375
13848,2021-10-06 05:30:00,3522,13.0625,12.859375,12.8515625,12.859375,12.8359375,13.1640625,13.6484375,14.34375,15.0546875,18.53125,20.21875,20.882812,21.210938,21.414062,21.570312,21.648438,21.585938
13849,2021-10-06 05:45:00,3516,13.09375,12.8359375,12.8046875,12.828125,12.7890625,13.1171875,13.6328125,14.3671875,15.0859375,18.507812,20.195312,20.867188,21.210938,21.421875,21.570312,21.640625,21.578125
13850,2021-10-06 06:00:00,3516,13.1484375,12.9140625,12.90625,12.90625,12.890625,13.1796875,13.6875,14.453125,15.1328125,18.5,20.171875,20.851562,21.195312,21.40625,21.5625,21.632812,21.570312
13851,2021-10-06 06:15:00,3516,13.1953125,12.921875,12.8984375,12.9296875,12.8984375,13.2421875,13.7890625,14.546875,15.2109375,18.492188,20.148438,20.84375,21.195312,21.40625,21.554688,21.632812,21.5625
13852,2021-10-06 06:30:00,3510,13.1484375,12.859375,12.8359375,12.859375,12.828125,13.1796875,13.7265625,14.453125,15.1171875,18.484375,20.125,20.820312,21.1875,21.398438,21.554688,21.625,21.5625
13853,2021-10-06 06:45:00,3510,12.71875,12.2734375,12.1875,12.2734375,12.140625,12.5078125,13.046875,13.765625,14.546875,18.375,20.101562,20.8125,21.179688,21.390625,21.554688,21.617188,21.554688
13854,2021-10-06 07:00:00,3510,11.8515625,11.203125,11.0546875,11.2421875,11.0703125,11.3203125,12.15625,12.90625,13.6640625,18.210938,20.078125,20.789062,21.171875,21.390625,21.539062,21.609375,21.539062
13855,2021-10-06 07:15:00,3510,11.4765625,11.5078125,11.5078125,11.5703125,11.5,11.6015625,12.15625,12.7734375,13.5390625,18.054688,20.046875,20.773438,21.171875,21.390625,21.539062,21.601562,21.53125
13856,2021-10-06 07:30:00,3510,12.1328125,12.390625,12.4296875,12.4609375,12.390625,12.734375,13.25,13.9140625,14.6171875,18.164062,20.03125,20.765625,21.148438,21.375,21.539062,21.59375,21.53125
13857,2021-10-06 07:45:00,3516,12.4375,12.4140625,12.421875,12.4765625,12.421875,12.90625,13.6171875,14.328125,14.9453125,18.234375,20.0,20.742188,21.148438,21.375,21.53125,21.59375,21.515625
13858,2021-10-06 08:00:00,3510,12.515625,12.46875,12.4609375,12.5078125,12.4453125,12.8203125,13.4765625,14.265625,14.953125,18.257812,19.976562,20.726562,21.140625,21.375,21.523438,21.578125,21.507812
13859,2021-10-06 08:15:00,3510,12.609375,12.53125,12.53125,12.5703125,12.515625,12.8671875,13.453125,14.2265625,14.9375,18.25,19.953125,20.710938,21.125,21.367188,21.515625,21.578125,21.5
13860,2021-10-06 08:30:00,3510,12.7890625,12.6953125,12.703125,12.7265625,12.6875,13.0546875,13.6328125,14.390625,15.0859375,18.257812,19.921875,20.695312,21.125,21.359375,21.515625,21.570312,21.492188
13861,2021-10-06 08:45:00,3510,12.8671875,12.734375,12.734375,12.7578125,12.71875,13.0703125,13.6171875,14.34375,15.0078125,18.226562,19.90625,20.679688,21.109375,21.351562,21.515625,21.570312,21.492188
13862,2021-10-06 09:00:00,3510,12.921875,12.7421875,12.7421875,12.78125,12.734375,13.1328125,13.734375,14.484375,15.109375,18.234375,19.882812,20.664062,21.101562,21.34375,21.5,21.5625,21.476562
13863,2021-10-06 09:15:00,3510,12.9296875,12.78125,12.7890625,12.8125,12.796875,13.203125,13.84375,14.5625,15.140625,18.210938,19.867188,20.648438,21.09375,21.34375,21.492188,21.554688,21.46875
13864,2021-10-06 09:30:00,3510,12.984375,12.8125,12.8125,12.84375,12.8046875,13.1875,13.78125,14.5390625,15.1796875,18.242188,19.84375,20.632812,21.085938,21.335938,21.492188,21.546875,21.460938
13865,2021-10-06 09:45:00,3510,12.9921875,12.7578125,12.7578125,12.78125,12.7421875,13.1328125,13.7265625,14.4921875,15.140625,18.21875,19.828125,20.609375,21.070312,21.335938,21.484375,21.539062,21.453125
13866,2021-10-06 10:00:00,3510,12.9375,12.7109375,12.6953125,12.7265625,12.6875,13.046875,13.5859375,14.2890625,14.9140625,18.164062,19.804688,20.601562,21.0625,21.320312,21.476562,21.53125,21.445312
13867,2021-10-06 10:15:00,3510,12.796875,12.578125,12.5703125,12.59375,12.5546875,12.90625,13.453125,14.203125,14.859375,18.125,19.789062,20.585938,21.054688,21.3125,21.46875,21.53125,21.4375
13868,2021-10-06 10:30:00,3510,12.8359375,12.609375,12.6015625,12.625,12.5859375,12.921875,13.359375,14.0078125,14.6953125,18.109375,19.765625,20.570312,21.039062,21.304688,21.460938,21.515625,21.421875
13869,2021-10-06 10:45:00,3504,12.84375,12.65625,12.65625,12.671875,12.6328125,12.953125,13.40625,14.109375,14.7890625,18.0625,19.75,20.554688,21.03125,21.296875,21.460938,21.507812,21.414062
13870,2021-10-06 11:00:00,3504,12.921875,12.75,12.7421875,12.765625,12.75,13.1171875,13.6171875,14.3125,14.953125,18.09375,19.734375,20.539062,21.015625,21.289062,21.453125,21.5,21.40625
13871,2021-10-06 11:15:00,3504,12.9609375,12.7890625,12.78125,12.8125,12.78125,13.1171875,13.5625,14.265625,14.9296875,18.078125,19.71875,20.515625,21.007812,21.28125,21.445312,21.492188,21.390625
13872,2021-10-06 11:30:00,3510,12.953125,12.75,12.7421875,12.7734375,12.7265625,13.0703125,13.4921875,14.171875,14.828125,18.054688,19.695312,20.507812,20.992188,21.28125,21.4375,21.484375,21.382812
13873,2021-10-06 11:45:00,3510,12.9375,12.7890625,12.78125,12.8125,12.7734375,13.109375,13.5546875,14.2109375,14.84375,18.039062,19.679688,20.492188,20.984375,21.265625,21.4375,21.484375,21.375
13874,2021-10-06 12:00:00,3504,12.90625,12.7421875,12.734375,12.765625,12.734375,13.09375,13.5859375,14.25,14.875,18.023438,19.664062,20.476562,20.96875,21.257812,21.414062,21.46875,21.367188
13875,2021-10-06 12:15:00,3504,12.8671875,12.625,12.6171875,12.640625,12.609375,13.015625,13.59375,14.3125,14.9296875,18.03125,19.648438,20.460938,20.960938,21.25,21.414062,21.460938,21.359375
13876,2021-10-06 12:30:00,3504,12.7265625,12.453125,12.4296875,12.453125,12.421875,12.828125,13.3828125,14.109375,14.7421875,17.976562,19.632812,20.445312,20.945312,21.242188,21.40625,21.453125,21.34375
13877,2021-10-06 12:45:00,3498,12.6328125,12.3828125,12.3671875,12.390625,12.3671875,12.7578125,13.3359375,14.078125,14.7421875,17.96875,19.609375,20.421875,20.929688,21.234375,21.398438,21.445312,21.335938
13878,2021-10-06 13:00:00,3504,12.546875,12.21875,12.1953125,12.21875,12.1796875,12.578125,13.125,13.9296875,14.6484375,17.945312,19.59375,20.414062,20.921875,21.226562,21.390625,21.4375,21.328125
13879,2021-10-06 13:15:00,3504,12.4453125,12.109375,12.09375,12.109375,12.078125,12.4296875,12.9765625,13.7578125,14.4375,17.867188,19.570312,20.40625,20.914062,21.21875,21.382812,21.421875,21.3125
13880,2021-10-06 13:30:00,3510,12.3359375,12.0,11.9765625,11.9921875,11.96875,12.2890625,12.7578125,13.484375,14.1953125,17.796875,19.554688,20.382812,20.898438,21.210938,21.375,21.414062,21.296875
13881,2021-10-06 13:45:00,3504,12.1484375,11.765625,11.7421875,11.7734375,11.71875,11.9921875,12.3515625,13.078125,13.859375,17.703125,19.539062,20.367188,20.890625,21.195312,21.367188,21.40625,21.296875
13882,2021-10-06 14:00:00,3504,12.109375,11.859375,11.8515625,11.8515625,11.8359375,12.09375,12.5078125,13.1953125,13.90625,17.664062,19.523438,20.351562,20.875,21.1875,21.359375,21.398438,21.28125
13883,2021-10-06 14:15:00,3498,12.125,11.8203125,11.8046875,11.8203125,11.8125,12.09375,12.53125,13.21875,13.890625,17.617188,19.5,20.335938,20.859375,21.171875,21.351562,21.390625,21.273438
13884,2021-10-06 14:30:00,3510,12.125,11.796875,11.7890625,11.7890625,11.78125,12.0390625,12.4765625,13.1953125,13.859375,17.578125,19.476562,20.320312,20.851562,21.164062,21.335938,21.375,21.257812
13885,2021-10-06 14:45:00,3504,12.171875,11.875,11.859375,11.8671875,11.875,12.125,12.578125,13.2421875,13.8828125,17.539062,19.453125,20.304688,20.835938,21.15625,21.328125,21.367188,21.25
13886,2021-10-06 15:00:00,3504,12.25,12.0234375,12.015625,12.0078125,12.03125,12.296875,12.71875,13.3828125,13.984375,17.53125,19.4375,20.28125,20.820312,21.148438,21.328125,21.359375,21.242188
13887,2021-10-06 15:15:00,3504,12.3984375,12.140625,12.1171875,12.125,12.1484375,12.4609375,12.9609375,13.65625,14.265625,17.578125,19.40625,20.273438,20.8125,21.140625,21.3125,21.351562,21.234375
13888,2021-10-06 15:30:00,3504,12.640625,12.4921875,12.4921875,12.4609375,12.5234375,12.7734375,13.28125,13.9609375,14.53125,17.601562,19.382812,20.25,20.796875,21.117188,21.304688,21.34375,21.21875
13889,2021-10-06 15:45:00,3504,12.9296875,12.7578125,12.7421875,12.71875,12.8125,13.1171875,13.640625,14.296875,14.8046875,17.671875,19.367188,20.242188,20.789062,21.117188,21.289062,21.328125,21.203125
13890,2021-10-06 16:00:00,3504,13.015625,12.78125,12.7421875,12.75,12.8359375,13.1796875,13.7578125,14.421875,14.90625,17.703125,19.335938,20.226562,20.765625,21.101562,21.28125,21.320312,21.195312
13891,2021-10-06 16:15:00,3510,13.09375,12.859375,12.828125,12.8203125,12.8828125,13.25,13.8046875,14.484375,15.0234375,17.742188,19.320312,20.203125,20.75,21.09375,21.273438,21.3125,21.179688
13892,2021-10-06 16:30:00,3504,13.21875,12.984375,12.96875,12.9453125,13.0234375,13.3828125,13.953125,14.625,15.1171875,17.75,19.304688,20.1875,20.742188,21.085938,21.265625,21.304688,21.164062
13893,2021-10-06 16:45:00,3498,13.484375,13.296875,13.2578125,13.2421875,13.3359375,13.6640625,14.265625,14.9375,15.3984375,17.8125,19.289062,20.171875,20.726562,21.070312,21.257812,21.289062,21.164062
13894,2021-10-06 17:00:00,3504,13.5078125,13.3203125,13.28125,13.28125,13.3515625,13.75,14.3359375,15.0,15.46875,17.851562,19.273438,20.15625,20.710938,21.0625,21.242188,21.273438,21.140625
13895,2021-10-06 17:15:00,3504,13.5078125,13.2734375,13.2265625,13.2109375,13.28125,13.671875,14.2109375,14.8515625,15.34375,17.851562,19.265625,20.140625,20.703125,21.046875,21.234375,21.273438,21.132812
13896,2021-10-06 17:30:00,3498,13.6328125,13.40625,13.3671875,13.3359375,13.421875,13.8046875,14.3515625,15.015625,15.4765625,17.875,19.25,20.125,20.6875,21.039062,21.21875,21.257812,21.125
13897,2021-10-06 17:45:00,3498,13.75,13.5625,13.5234375,13.5,13.625,13.9921875,14.59375,15.2109375,15.625,17.890625,19.25,20.101562,20.671875,21.023438,21.210938,21.25,21.109375
13898,2021-10-06 18:00:00,3498,14.203125,13.921875,13.8671875,13.828125,13.984375,14.375,15.046875,15.7734375,16.15625,18.007812,19.234375,20.09375,20.65625,21.015625,21.210938,21.234375,21.101562
13899,2021-10-06 18:15:00,3504,15.0234375,14.953125,14.875,14.84375,15.140625,15.6171875,16.351562,16.914062,17.078125,18.1875,19.226562,20.070312,20.640625,21.0,21.195312,21.226562,21.078125
13900,2021-10-06 18:30:00,3498,15.609375,15.6328125,15.515625,15.4140625,15.6953125,16.195312,17.023438,17.570312,17.625,18.328125,19.21875,20.054688,20.625,20.992188,21.1875,21.21875,21.078125
13901,2021-10-06 18:45:00,3504,17.203125,18.203125,17.875,17.484375,17.507812,18.265625,19.125,19.640625,19.421875,18.664062,19.203125,20.039062,20.617188,20.976562,21.164062,21.210938,21.0625
13902,2021-10-06 19:00:00,3504,18.65625,19.46875,18.773438,18.234375,18.171875,19.03125,20.09375,20.859375,20.703125,19.039062,19.210938,20.015625,20.601562,20.960938,21.164062,21.195312,21.046875
13903,2021-10-06 19:15:00,3498,18.679688,19.601562,18.484375,17.960938,17.851562,18.546875,19.890625,20.765625,20.71875,19.164062,19.210938,20.0,20.585938,20.953125,21.15625,21.1875,21.039062
13904,2021-10-06 19:30:00,3504,20.945312,22.289062,20.929688,19.867188,20.164062,20.882812,23.132812,24.070312,23.625,19.726562,19.226562,20.0,20.570312,20.945312,21.132812,21.171875,21.03125
13905,2021-10-06 19:45:00,3504,21.023438,21.015625,20.507812,19.703125,19.875,21.0625,23.179688,24.101562,23.6875,19.96875,19.242188,19.976562,20.554688,20.929688,21.125,21.164062,21.007812
13906,2021-10-06 20:00:00,3498,23.015625,23.015625,21.90625,21.125,21.0,22.890625,26.046875,27.015625,26.289062,20.539062,19.265625,19.976562,20.539062,20.921875,21.117188,21.148438,21.0
13907,2021-10-06 20:15:00,3498,23.21875,22.203125,20.804688,20.554688,20.554688,22.945312,24.9375,25.75,25.4375,20.8125,19.296875,19.960938,20.53125,20.898438,21.101562,21.140625,20.984375
13908,2021-10-06 19:00:00,3504,18.65625,19.46875,18.773438,18.234375,18.171875,19.03125,20.09375,20.859375,20.703125,19.039062,19.210938,20.015625,20.601562,20.960938,21.164062,21.195312,21.046875
13909,2021-10-06 19:15:00,3498,18.679688,19.601562,18.484375,17.960938,17.851562,18.546875,19.890625,20.765625,20.71875,19.164062,19.210938,20.0,20.585938,20.953125,21.15625,21.1875,21.039062
13910,2021-10-06 19:30:00,3504,20.945312,22.289062,20.929688,19.867188,20.164062,20.882812,23.132812,24.070312,23.625,19.726562,19.226562,20.0,20.570312,20.945312,21.132812,21.171875,21.03125
13911,2021-10-06 19:45:00,3504,21.023438,21.015625,20.507812,19.703125,19.875,21.0625,23.179688,24.101562,23.6875,19.96875,19.242188,19.976562,20.554688,20.929688,21.125,21.164062,21.007812
13912,2021-10-06 20:00:00,3498,23.015625,23.015625,21.90625,21.125,21.0,22.890625,26.046875,27.015625,26.289062,20.539062,19.265625,19.976562,20.539062,20.921875,21.117188,21.148438,21.0
13913,2021-10-06 20:15:00,3498,23.21875,22.203125,20.804688,20.554688,20.554688,22.945312,24.9375,25.75,25.4375,20.8125,19.296875,19.960938,20.53125,20.898438,21.101562,21.140625,20.984375
13914,2021-10-06 20:30:00,3504,24.101562,24.289062,22.375,22.335938,22.695312,26.734375,28.09375,28.335938,27.203125,21.085938,19.335938,19.953125,20.515625,20.890625,21.09375,21.125,20.96875
13915,2021-10-06 20:45:00,3504,24.09375,23.671875,21.742188,21.71875,22.546875,26.25,28.09375,29.148438,27.5,21.335938,19.382812,19.9375,20.5,20.882812,21.078125,21.109375,20.960938
13916,2021-10-06 21:00:00,3504,23.140625,21.09375,19.867188,20.007812,20.640625,23.320312,25.25,26.460938,25.96875,21.476562,19.4375,19.9375,20.484375,20.867188,21.070312,21.101562,20.945312
13917,2021-10-06 21:15:00,3504,21.320312,19.640625,18.882812,18.945312,19.328125,20.75,22.210938,23.265625,23.421875,21.140625,19.492188,19.929688,20.476562,20.851562,21.054688,21.085938,20.929688
13918,2021-10-06 21:30:00,3510,20.46875,18.640625,18.140625,18.195312,18.390625,19.648438,20.875,22.03125,22.390625,20.960938,19.546875,19.929688,20.460938,20.84375,21.046875,21.078125,20.921875
13919,2021-10-06 21:45:00,3504,19.570312,18.359375,17.984375,18.0,18.234375,19.25,20.359375,21.304688,21.671875,20.726562,19.601562,19.929688,20.453125,20.828125,21.039062,21.0625,20.90625
13920,2021-10-06 22:00:00,3510,18.421875,17.203125,16.851562,17.015625,17.15625,17.828125,18.554688,19.304688,19.84375,20.414062,19.65625,19.929688,20.4375,20.8125,21.015625,21.054688,20.890625
13921,2021-10-06 22:15:00,3510,18.3125,17.9375,17.632812,17.710938,18.015625,18.8125,19.625,20.203125,20.40625,20.265625,19.695312,19.9375,20.429688,20.796875,21.007812,21.039062,20.875
13922,2021-10-06 22:30:00,3504,18.039062,17.234375,16.921875,17.101562,17.21875,17.984375,18.5625,19.15625,19.578125,20.164062,19.71875,19.9375,20.414062,20.789062,20.992188,21.023438,20.867188
13923,2021-10-06 22:45:00,3504,17.28125,16.351562,16.085938,16.304688,16.367188,16.976562,17.5625,18.1875,18.625,19.90625,19.742188,19.945312,20.398438,20.773438,20.984375,21.015625,20.859375
13924,2021-10-06 23:00:00,3510,16.984375,16.5625,16.382812,16.601562,16.648438,17.078125,17.671875,18.21875,18.59375,19.742188,19.757812,19.953125,20.390625,20.757812,20.96875,21.0,20.84375
13925,2021-10-06 23:15:00,3504,16.90625,16.492188,16.296875,16.453125,16.445312,16.875,17.335938,17.945312,18.359375,19.632812,19.773438,19.960938,20.382812,20.742188,20.960938,20.984375,20.828125
13926,2021-10-06 23:30:00,3504,16.34375,15.703125,15.5546875,15.6953125,15.6640625,16.023438,16.421875,17.015625,17.554688,19.445312,19.773438,19.96875,20.375,20.734375,20.945312,20.976562,20.804688
13927,2021-10-06 23:45:00,3504,16.148438,15.78125,15.6484375,15.734375,15.7578125,16.1875,16.679688,17.25,17.640625,19.320312,19.773438,19.96875,20.367188,20.71875,20.929688,20.960938,20.796875
13928,2021-10-07 00:00:00,3504,15.9609375,15.53125,15.3828125,15.40625,15.40625,15.78125,16.210938,16.867188,17.367188,19.210938,19.765625,19.976562,20.359375,20.703125,20.921875,20.953125,20.78125
13929,2021-10-07 00:15:00,3504,15.65625,15.1796875,15.03125,15.0859375,15.078125,15.6171875,16.164062,16.820312,17.28125,19.125,19.757812,19.984375,20.351562,20.703125,20.914062,20.9375,20.765625
13930,2021-10-07 00:30:00,3504,15.28125,14.7890625,14.609375,14.6953125,14.6640625,15.203125,15.75,16.4375,16.960938,19.039062,19.742188,19.984375,20.335938,20.6875,20.898438,20.921875,20.75
13931,2021-10-07 00:45:00,3510,14.8984375,14.390625,14.25,14.375,14.296875,14.65625,15.03125,15.703125,16.351562,18.90625,19.726562,19.984375,20.335938,20.671875,20.882812,20.914062,20.734375
13932,2021-10-07 01:00:00,3510,14.453125,13.9140625,13.7890625,13.875,13.78125,14.03125,14.3359375,14.953125,15.625,18.6875,19.710938,19.992188,20.335938,20.664062,20.867188,20.898438,20.71875
13933,2021-10-07 01:15:00,3504,14.0625,13.6171875,13.4921875,13.5859375,13.484375,13.7578125,14.1328125,14.828125,15.46875,18.523438,19.695312,19.984375,20.328125,20.648438,20.859375,20.890625,20.710938
13934,2021-10-07 01:30:00,3504,13.5,12.9765625,12.859375,12.9609375,12.8125,13.1171875,13.4296875,14.140625,14.8671875,18.382812,19.671875,19.984375,20.328125,20.640625,20.84375,20.867188,20.703125
13935,2021-10-07 01:45:00,3504,12.71875,12.0390625,11.875,12.0078125,11.75,12.0078125,12.2734375,13.1484375,14.1171875,18.1875,19.640625,19.984375,20.320312,20.625,20.835938,20.859375,20.6875
13936,2021-10-07 02:00:00,3510,12.21875,11.828125,11.6953125,11.8046875,11.5859375,11.796875,12.125,12.9296875,13.84375,17.992188,19.617188,19.984375,20.3125,20.617188,20.820312,20.851562,20.671875
13937,2021-10-07 02:15:00,3510,11.9765625,11.609375,11.53125,11.59375,11.3828125,11.5390625,11.78125,12.6328125,13.578125,17.84375,19.585938,19.96875,20.304688,20.609375,20.8125,20.835938,20.65625
13938,2021-10-07 02:30:00,3504,11.4453125,11.0859375,10.953125,11.078125,10.7890625,10.8359375,11.0078125,11.8984375,12.9453125,17.640625,19.546875,19.96875,20.304688,20.601562,20.796875,20.820312,20.640625
13939,2021-10-07 02:45:00,3504,10.9921875,10.5234375,10.3828125,10.4921875,10.1640625,10.328125,10.734375,11.5859375,12.5078125,17.460938,19.515625,19.96875,20.296875,20.585938,20.789062,20.8125,20.632812
13940,2021-10-07 03:00:00,3504,10.453125,10.140625,9.9609375,10.09375,9.796875,9.8125,10.2421875,11.203125,12.2109375,17.28125,19.476562,19.953125,20.289062,20.578125,20.773438,20.796875,20.617188
13941,2021-10-07 03:15:00,3510,10.3203125,10.328125,10.2265625,10.34375,10.046875,10.0390625,10.25,11.0078125,11.9375,17.140625,19.429688,19.945312,20.28125,20.5625,20.757812,20.78125,20.609375
13942,2021-10-07 03:30:00,3504,10.390625,10.5,10.453125,10.5859375,10.3046875,10.3984375,10.53125,11.125,11.9453125,17.039062,19.382812,19.9375,20.28125,20.554688,20.75,20.773438,20.59375
13943,2021-10-07 03:45:00,3504,10.5703125,10.7578125,10.703125,10.8125,10.5703125,10.703125,10.875,11.4921875,12.3046875,17.0,19.34375,19.921875,20.273438,20.546875,20.734375,20.757812,20.578125
13944,2021-10-07 04:00:00,3498,10.71875,10.7734375,10.734375,10.84375,10.6484375,10.78125,10.953125,11.6015625,12.40625,17.007812,19.296875,19.914062,20.257812,20.539062,20.71875,20.742188,20.570312
13945,2021-10-07 04:15:00,3504,10.8125,10.875,10.8203125,10.9375,10.7578125,10.84375,10.9765625,11.5703125,12.359375,16.960938,19.242188,19.890625,20.257812,20.53125,20.710938,20.726562,20.5625
13946,2021-10-07 04:30:00,3504,10.703125,10.59375,10.5078125,10.6328125,10.4140625,10.484375,10.6640625,11.3359375,12.171875,16.914062,19.195312,19.882812,20.25,20.523438,20.695312,20.71875,20.546875
13947,2021-10-07 04:45:00,3504,10.5703125,10.6171875,10.5546875,10.6953125,10.453125,10.546875,10.625,11.125,11.8984375,16.796875,19.15625,19.867188,20.234375,20.507812,20.6875,20.703125,20.539062
13948,2021-10-07 05:00:00,3504,10.265625,10.1796875,10.078125,10.2265625,9.9609375,10.0,10.1171875,10.6796875,11.609375,16.710938,19.109375,19.84375,20.234375,20.5,20.671875,20.695312,20.523438
13949,2021-10-07 05:15:00,3498,10.09375,10.1484375,10.046875,10.1875,9.9296875,9.9453125,10.125,10.7890625,11.71875,16.648438,19.070312,19.828125,20.21875,20.492188,20.664062,20.679688,20.507812
13950,2021-10-07 05:30:00,3498,9.9140625,9.9453125,9.8359375,9.96875,9.65625,9.7109375,9.9296875,10.65625,11.6015625,16.5625,19.023438,19.8125,20.210938,20.484375,20.65625,20.664062,20.5
13951,2021-10-07 05:45:00,3498,9.796875,9.9296875,9.859375,10.015625,9.7421875,9.78125,9.8515625,10.359375,11.296875,16.476562,18.984375,19.796875,20.210938,20.476562,20.648438,20.65625,20.492188
13952,2021-10-07 06:00:00,3504,9.875,10.0234375,9.984375,10.1171875,9.859375,9.9375,10.0078125,10.6328125,11.4765625,16.414062,18.9375,19.773438,20.195312,20.460938,20.640625,20.648438,20.476562
13953,2021-10-07 06:15:00,3498,9.625,9.765625,9.7109375,9.828125,9.5859375,9.5078125,9.6875,10.390625,11.2734375,16.3125,18.898438,19.757812,20.179688,20.460938,20.625,20.632812,20.46875
13954,2021-10-07 06:30:00,3498,9.8046875,10.1171875,10.1015625,10.203125,10.0078125,10.0703125,10.1640625,10.7421875,11.515625,16.304688,18.867188,19.734375,20.171875,20.453125,20.609375,20.625,20.453125
13955,2021-10-07 06:45:00,3498,9.984375,10.2265625,10.2265625,10.3203125,10.140625,10.2421875,10.3515625,10.875,11.6015625,16.296875,18.820312,19.710938,20.164062,20.4375,20.601562,20.609375,20.445312
13956,2021-10-07 07:00:00,3504,9.96875,10.1640625,10.15625,10.2421875,10.0859375,10.1875,10.265625,10.8046875,11.5546875,16.257812,18.773438,19.6875,20.148438,20.429688,20.59375,20.601562,20.4375
13957,2021-10-07 07:15:00,3498,9.984375,10.0,9.96875,10.0546875,9.84375,10.0546875,10.234375,10.8671875,11.6484375,16.25,18.734375,19.664062,20.140625,20.414062,20.585938,20.585938,20.414062
13958,2021-10-07 07:30:00,3498,10.0234375,10.140625,10.125,10.203125,10.046875,10.15625,10.40625,11.0078125,11.8203125,16.28125,18.695312,19.648438,20.125,20.414062,20.578125,20.570312,20.40625
13959,2021-10-07 07:45:00,3498,9.84375,9.7265625,9.65625,9.7890625,9.53125,9.640625,9.8984375,10.6953125,11.625,16.234375,18.65625,19.625,20.117188,20.398438,20.5625,20.570312,20.390625
13960,2021-10-07 08:00:00,3498,9.8125,10.0234375,10.0234375,10.09375,9.9296875,10.0078125,10.203125,10.7421875,11.53125,16.179688,18.625,19.601562,20.109375,20.390625,20.539062,20.554688,20.382812
13961,2021-10-07 08:15:00,3492,9.9765625,10.203125,10.21875,10.2890625,10.1484375,10.2890625,10.4765625,11.0390625,11.8125,16.203125,18.59375,19.570312,20.085938,20.382812,20.539062,20.546875,20.375
13962,2021-10-07 08:30:00,3498,10.109375,10.265625,10.2890625,10.34375,10.2109375,10.3671875,10.5859375,11.1953125,11.9375,16.1875,18.5625,19.554688,20.070312,20.359375,20.53125,20.539062,20.367188
13963,2021-10-07 08:45:00,3498,10.2421875,10.3046875,10.3125,10.3984375,10.2734375,10.46875,10.703125,11.2890625,12.015625,16.1875,18.53125,19.53125,20.054688,20.359375,20.515625,20.523438,20.351562
13964,2021-10-07 09:00:00,3498,9.96875,9.8515625,9.8203125,9.9296875,9.7734375,9.9140625,10.2578125,10.9765625,11.8671875,16.203125,18.5,19.507812,20.046875,20.34375,20.507812,20.507812,20.335938
13965,2021-10-07 09:15:00,3498,10.03125,10.1171875,10.140625,10.203125,10.09375,10.234375,10.5234375,11.1015625,11.8828125,16.171875,18.460938,19.476562,20.03125,20.335938,20.5,20.5,20.328125
13966,2021-10-07 09:30:00,3492,10.40625,10.46875,10.4921875,10.5390625,10.4609375,10.65625,10.953125,11.5625,12.234375,16.1875,18.429688,19.460938,20.015625,20.328125,20.484375,20.484375,20.3125
13967,2021-10-07 09:45:00,3498,10.671875,10.65625,10.6796875,10.703125,10.6484375,10.84375,11.109375,11.6953125,12.3125,16.179688,18.40625,19.4375,20.0,20.3125,20.476562,20.476562,20.304688
13968,2021-10-07 10:00:00,3498,10.53125,10.34375,10.3125,10.375,10.265625,10.40625,10.6171875,11.296875,12.0625,16.15625,18.382812,19.40625,19.984375,20.304688,20.460938,20.460938,20.296875
13969,2021-10-07 10:15:00,3498,10.5390625,10.453125,10.453125,10.4921875,10.421875,10.5625,10.8125,11.4140625,12.171875,16.171875,18.351562,19.390625,19.96875,20.289062,20.453125,20.460938,20.28125
13970,2021-10-07 10:30:00,3492,10.5703125,10.46875,10.4609375,10.5078125,10.4375,10.59375,10.859375,11.46875,12.234375,16.164062,18.335938,19.359375,19.953125,20.28125,20.445312,20.445312,20.273438
13971,2021-10-07 10:45:00,3492,10.5,10.375,10.375,10.421875,10.3515625,10.484375,10.734375,11.328125,12.109375,16.148438,18.304688,19.34375,19.9375,20.265625,20.429688,20.429688,20.257812
13972,2021-10-07 11:00:00,3492,10.609375,10.5078125,10.515625,10.5390625,10.4765625,10.6484375,10.9296875,11.515625,12.1875,16.117188,18.28125,19.320312,19.914062,20.25,20.421875,20.421875,20.242188
13973,2021-10-07 11:15:00,3498,10.609375,10.515625,10.515625,10.53125,10.4921875,10.6484375,10.9609375,11.53125,12.21875,16.109375,18.257812,19.296875,19.90625,20.242188,20.414062,20.414062,20.234375
13974,2021-10-07 11:30:00,3492,10.6875,10.5625,10.5703125,10.6015625,10.546875,10.7109375,11.0078125,11.640625,12.359375,16.15625,18.242188,19.273438,19.890625,20.234375,20.398438,20.398438,20.226562
13975,2021-10-07 11:45:00,3492,10.765625,10.625,10.625,10.65625,10.6171875,10.765625,11.078125,11.6796875,12.390625,16.132812,18.210938,19.257812,19.875,20.21875,20.382812,20.382812,20.210938
13976,2021-10-07 12:00:00,3486,10.796875,10.6484375,10.6484375,10.671875,10.6171875,10.765625,11.0546875,11.703125,12.3984375,16.125,18.1875,19.234375,19.851562,20.203125,20.375,20.375,20.195312
13977,2021-10-07 12:15:00,3492,10.8046875,10.609375,10.6171875,10.625,10.5859375,10.7109375,10.984375,11.6015625,12.28125,16.085938,18.164062,19.210938,19.835938,20.195312,20.367188,20.359375,20.1875
13978,2021-10-07 12:30:00,3498,10.7265625,10.5078125,10.5,10.5234375,10.4765625,10.5625,10.78125,11.3828125,12.109375,16.046875,18.140625,19.179688,19.8125,20.179688,20.351562,20.351562,20.171875
13979,2021-10-07 12:45:00,3492,10.6953125,10.5390625,10.53125,10.5546875,10.5078125,10.5859375,10.828125,11.390625,12.0625,15.984375,18.125,19.164062,19.804688,20.164062,20.34375,20.335938,20.15625
13980,2021-10-07 13:00:00,3492,10.7265625,10.546875,10.5390625,10.5625,10.5078125,10.6015625,10.8359375,11.40625,12.0703125,15.96875,18.101562,19.140625,19.78125,20.15625,20.328125,20.320312,20.148438
13981,2021-10-07 13:15:00,3498,10.6015625,10.4375,10.421875,10.453125,10.390625,10.4765625,10.7421875,11.34375,12.046875,15.9453125,18.078125,19.117188,19.773438,20.132812,20.320312,20.3125,20.132812
13982,2021-10-07 13:30:00,3480,10.640625,10.578125,10.59375,10.6015625,10.5546875,10.6328125,10.859375,11.3515625,12.0078125,15.921875,18.054688,19.101562,19.75,20.125,20.296875,20.304688,20.117188
13983,2021-10-07 13:45:00,3498,10.765625,10.65625,10.6640625,10.6796875,10.640625,10.7421875,11.0,11.515625,12.1328125,15.9140625,18.039062,19.078125,19.734375,20.109375,20.289062,20.289062,20.109375
13984,2021-10-07 14:00:00,3486,10.765625,10.625,10.640625,10.65625,10.6171875,10.7421875,11.046875,11.609375,12.2265625,15.9140625,18.007812,19.0625,19.710938,20.09375,20.273438,20.273438,20.09375
13985,2021-10-07 14:15:00,3480,10.8359375,10.703125,10.71875,10.7265625,10.6875,10.796875,11.0390625,11.5625,12.203125,15.9140625,17.992188,19.039062,19.695312,20.070312,20.265625,20.265625,20.078125
13986,2021-10-07 14:30:00,3486,10.859375,10.75,10.75,10.765625,10.734375,10.84375,11.1015625,11.6171875,12.21875,15.8984375,17.96875,19.015625,19.679688,20.054688,20.25,20.25,20.0625
13987,2021-10-07 14:45:00,3486,10.984375,10.8671875,10.875,10.875,10.859375,10.9765625,11.2578125,11.8203125,12.390625,15.8984375,17.945312,18.992188,19.65625,20.054688,20.234375,20.234375,20.046875
13988,2021-10-07 15:00:00,3492,11.0234375,10.921875,10.921875,10.9296875,10.9140625,11.0390625,11.328125,11.8671875,12.4140625,15.8984375,17.921875,18.96875,19.640625,20.039062,20.226562,20.226562,20.039062
13989,2021-10-07 15:15:00,3492,11.21875,11.15625,11.15625,11.1640625,11.171875,11.3359375,11.6796875,12.2421875,12.78125,15.953125,17.90625,18.960938,19.625,20.015625,20.210938,20.210938,20.023438
13990,2021-10-07 15:30:00,3486,11.4609375,11.5,11.484375,11.4609375,11.5078125,11.625,11.984375,12.53125,13.015625,16.0,17.882812,18.9375,19.601562,20.007812,20.195312,20.203125,20.007812
13991,2021-10-07 15:45:00,3486,11.96875,12.03125,12.015625,11.984375,12.0859375,12.2109375,12.625,13.1953125,13.6015625,16.125,17.867188,18.914062,19.585938,19.984375,20.1875,20.1875,19.992188
13992,2021-10-07 16:00:00,3492,12.4921875,12.53125,12.4921875,12.4375,12.5625,12.7265625,13.1328125,13.6875,14.0546875,16.234375,17.859375,18.898438,19.570312,19.976562,20.171875,20.171875,19.984375
13993,2021-10-07 16:15:00,3492,12.890625,12.9609375,12.8984375,12.84375,12.9765625,13.2578125,13.78125,14.2578125,14.515625,16.34375,17.835938,18.875,19.546875,19.960938,20.15625,20.164062,19.96875
13994,2021-10-07 16:30:00,3486,13.140625,13.015625,12.9453125,12.890625,12.96875,13.28125,13.7421875,14.3125,14.6640625,16.453125,17.820312,18.851562,19.53125,19.9375,20.140625,20.148438,19.945312
13995,2021-10-07 16:45:00,3486,13.171875,12.9765625,12.84375,12.84375,12.8515625,13.2578125,13.7109375,14.265625,14.640625,16.492188,17.8125,18.835938,19.515625,19.929688,20.132812,20.132812,19.9375
13996,2021-10-07 17:00:00,3486,13.3984375,13.671875,13.515625,13.4140625,13.4609375,13.8125,14.2265625,14.7421875,15.046875,16.554688,17.8125,18.820312,19.5,19.914062,20.117188,20.117188,19.921875
13997,2021-10-07 17:15:00,3480,13.75,13.9453125,13.8359375,13.71875,13.859375,14.3359375,14.90625,15.4140625,15.578125,16.648438,17.804688,18.796875,19.476562,19.890625,20.101562,20.101562,19.90625
13998,2021-10-07 17:30:00,3486,15.2578125,16.609375,16.09375,15.7578125,15.6875,16.210938,16.234375,16.648438,16.75,16.9375,17.796875,18.78125,19.453125,19.875,20.085938,20.09375,19.898438
13999,2021-10-07 17:45:00,3498,15.875,16.085938,15.7109375,15.53125,15.453125,16.070312,16.304688,16.804688,17.03125,17.125,17.789062,18.757812,19.445312,19.859375,20.070312,20.070312,19.875
14000,2021-10-07 18:00:00,3486,17.46875,18.28125,17.796875,17.507812,17.320312,17.726562,18.03125,18.484375,18.4375,17.382812,17.796875,18.742188,19.421875,19.84375,20.054688,20.0625,19.859375
14001,2021-10-07 18:15:00,3492,17.40625,17.59375,17.203125,17.007812,17.117188,17.8125,18.578125,19.1875,19.125,17.570312,17.804688,18.71875,19.398438,19.828125,20.046875,20.046875,19.851562
14002,2021-10-07 18:30:00,3480,17.734375,17.46875,16.859375,16.789062,16.59375,17.421875,18.21875,19.132812,19.351562,17.84375,17.820312,18.703125,19.382812,19.820312,20.023438,20.03125,19.828125
14003,2021-10-07 18:45:00,3486,18.195312,18.476562,17.835938,17.625,17.445312,18.257812,19.070312,19.9375,20.046875,18.03125,17.835938,18.6875,19.367188,19.796875,20.007812,20.015625,19.820312
14004,2021-10-07 19:00:00,3486,19.007812,19.84375,18.976562,18.53125,18.648438,19.351562,20.203125,20.8125,20.8125,18.3125,17.859375,18.671875,19.34375,19.78125,20.0,20.0,19.804688
14005,2021-10-07 19:15:00,3486,18.84375,18.679688,17.609375,17.023438,16.8125,17.453125,18.945312,20.507812,20.703125,18.460938,17.867188,18.664062,19.328125,19.765625,19.984375,19.984375,19.789062
14006,2021-10-07 19:30:00,3492,20.773438,21.6875,19.976562,19.210938,19.164062,19.992188,22.15625,23.570312,23.429688,18.984375,17.90625,18.65625,19.3125,19.75,19.96875,19.976562,19.773438
14007,2021-10-07 19:45:00,3498,21.1875,20.5625,19.390625,18.484375,18.453125,19.351562,21.703125,23.289062,23.15625,19.1875,17.9375,18.648438,19.296875,19.734375,19.953125,19.960938,19.757812
14008,2021-10-07 20:00:00,3492,20.382812,18.546875,17.640625,17.351562,17.273438,18.40625,19.875,21.054688,21.351562,19.265625,17.976562,18.632812,19.273438,19.71875,19.929688,19.9375,19.742188
14009,2021-10-07 20:15:00,3498,21.984375,21.539062,19.539062,18.984375,18.742188,20.828125,24.132812,25.78125,25.21875,19.726562,18.015625,18.625,19.257812,19.703125,19.921875,19.929688,19.726562
14010,2021-10-07 20:30:00,3498,22.070312,20.632812,19.242188,19.25,19.4375,22.007812,23.835938,25.0625,24.6875,19.984375,18.070312,18.617188,19.242188,19.6875,19.90625,19.914062,19.71875
14011,2021-10-07 20:45:00,3498,21.34375,19.265625,18.078125,18.078125,18.398438,20.53125,22.242188,23.898438,23.734375,20.046875,18.117188,18.617188,19.226562,19.671875,19.890625,19.898438,19.695312
14012,2021-10-07 21:00:00,3498,22.046875,20.609375,19.34375,19.28125,20.210938,23.351562,24.765625,25.90625,24.476562,20.164062,18.171875,18.609375,19.210938,19.648438,19.875,19.882812,19.679688
14013,2021-10-07 21:15:00,3504,21.4375,20.195312,18.820312,18.914062,20.3125,22.671875,24.039062,24.882812,24.21875,20.226562,18.226562,18.609375,19.195312,19.632812,19.859375,19.867188,19.671875
14014,2021-10-07 21:30:00,3504,19.65625,17.390625,16.765625,16.914062,17.109375,18.1875,19.101562,20.015625,20.476562,19.789062,18.289062,18.609375,19.179688,19.617188,19.84375,19.851562,19.65625
14015,2021-10-07 21:45:00,3504,18.289062,16.617188,16.164062,16.289062,16.414062,17.226562,18.09375,19.109375,19.625,19.46875,18.34375,18.617188,19.164062,19.601562,19.828125,19.84375,19.640625
14016,2021-10-07 22:00:00,3504,17.90625,16.960938,16.679688,16.804688,16.992188,17.671875,18.414062,19.125,19.46875,19.320312,18.390625,18.625,19.15625,19.585938,19.8125,19.820312,19.617188
14017,2021-10-07 22:15:00,3504,16.9375,15.7734375,15.5078125,15.6640625,15.734375,16.320312,16.929688,17.617188,18.0625,19.007812,18.429688,18.625,19.140625,19.570312,19.804688,19.804688,19.601562
14018,2021-10-07 22:30:00,3498,15.9765625,15.046875,14.8125,14.9921875,15.046875,15.5859375,16.195312,16.875,17.335938,18.703125,18.460938,18.632812,19.132812,19.554688,19.78125,19.796875,19.59375
14019,2021-10-07 22:45:00,3504,16.0625,15.7109375,15.5234375,15.609375,15.7109375,16.195312,16.742188,17.335938,17.703125,18.640625,18.484375,18.640625,19.117188,19.539062,19.765625,19.773438,19.570312
14020,2021-10-07 23:00:00,3504,15.90625,15.484375,15.2890625,15.375,15.375,15.859375,16.273438,16.90625,17.367188,18.546875,18.5,18.648438,19.109375,19.523438,19.757812,19.765625,19.554688
14021,2021-10-07 23:15:00,3504,15.1875,14.5703125,14.375,14.5390625,14.515625,14.9609375,15.4375,16.054688,16.570312,18.34375,18.507812,18.65625,19.101562,19.507812,19.742188,19.742188,19.546875
14022,2021-10-07 23:30:00,3498,14.9921875,14.6171875,14.4296875,14.5390625,14.6015625,15.0625,15.625,16.273438,16.71875,18.257812,18.507812,18.671875,19.09375,19.492188,19.71875,19.726562,19.515625
14023,2021-10-07 23:45:00,3504,14.953125,14.4453125,14.21875,14.3125,14.359375,14.96875,15.5625,16.257812,16.71875,18.226562,18.507812,18.671875,19.085938,19.476562,19.710938,19.71875,19.515625
14024,2021-10-08 00:00:00,3504,14.5625,13.8828125,13.640625,13.6953125,13.671875,14.2109375,14.7421875,15.5703125,16.171875,18.117188,18.5,18.679688,19.070312,19.46875,19.6875,19.703125,19.5
14025,2021-10-08 00:15:00,3504,14.3203125,13.8359375,13.671875,13.7265625,13.734375,14.21875,14.7421875,15.453125,16.015625,18.015625,18.492188,18.6875,19.070312,19.453125,19.671875,19.6875,19.484375
14026,2021-10-08 00:30:00,3498,13.84375,13.2890625,13.109375,13.1953125,13.1640625,13.6796875,14.296875,15.0625,15.6875,17.90625,18.484375,18.6875,19.0625,19.429688,19.664062,19.671875,19.46875
14027,2021-10-08 00:45:00,3498,13.375,12.7109375,12.5390625,12.609375,12.5703125,13.0625,13.5078125,14.28125,15.03125,17.765625,18.46875,18.6875,19.054688,19.421875,19.640625,19.65625,19.445312
14028,2021-10-08 01:00:00,3504,12.859375,12.3125,12.1796875,12.21875,12.1484375,12.5234375,12.90625,13.65625,14.46875,17.570312,18.460938,18.695312,19.046875,19.40625,19.632812,19.640625,19.429688
14029,2021-10-08 01:15:00,3504,12.5078125,11.9375,11.8125,11.890625,11.796875,12.171875,12.5703125,13.3203125,14.1015625,17.421875,18.4375,18.695312,19.039062,19.390625,19.609375,19.625,19.429688
14030,2021-10-08 01:30:00,3498,12.1015625,11.6171875,11.5234375,11.578125,11.4921875,11.78125,12.1171875,12.828125,13.609375,17.242188,18.421875,18.695312,19.03125,19.375,19.59375,19.609375,19.40625
14031,2021-10-08 01:45:00,3504,11.90625,11.453125,11.390625,11.4296875,11.34375,11.6171875,11.921875,12.6171875,13.3671875,17.09375,18.398438,18.695312,19.03125,19.367188,19.578125,19.59375,19.390625
14032,2021-10-08 02:00:00,3504,11.8125,11.4609375,11.3984375,11.4296875,11.3515625,11.5859375,11.953125,12.6328125,13.390625,16.984375,18.375,18.695312,19.023438,19.359375,19.5625,19.585938,19.382812
14033,2021-10-08 02:15:00,3498,11.7734375,11.4765625,11.4375,11.4453125,11.390625,11.625,11.9921875,12.6484375,13.3203125,16.898438,18.335938,18.6875,19.015625,19.335938,19.554688,19.5625,19.359375
14034,2021-10-08 02:30:00,3498,11.796875,11.46875,11.421875,11.4453125,11.3828125,11.6171875,11.9921875,12.6640625,13.375,16.84375,18.3125,18.6875,19.015625,19.328125,19.539062,19.554688,19.34375
14035,2021-10-08 02:45:00,3498,11.7578125,11.4609375,11.4296875,11.4375,11.390625,11.609375,11.9375,12.5546875,13.2265625,16.765625,18.28125,18.6875,19.007812,19.320312,19.53125,19.539062,19.335938
14036,2021-10-08 03:00:00,3498,11.734375,11.484375,11.4453125,11.4609375,11.40625,11.625,11.9296875,12.5078125,13.125,16.6875,18.257812,18.664062,19.0,19.304688,19.507812,19.515625,19.320312
14037,2021-10-08 03:15:00,3498,11.65625,11.359375,11.328125,11.3359375,11.296875,11.5078125,11.8125,12.40625,13.0703125,16.632812,18.21875,18.664062,18.992188,19.296875,19.5,19.507812,19.3125
14038,2021-10-08 03:30:00,3498,11.5,11.1875,11.1484375,11.171875,11.1015625,11.3046875,11.5546875,12.140625,12.859375,16.554688,18.1875,18.65625,18.992188,19.28125,19.484375,19.492188,19.296875
14039,2021-10-08 03:45:00,3498,11.4609375,11.25,11.21875,11.2421875,11.1953125,11.390625,11.6875,12.25,12.90625,16.492188,18.148438,18.648438,18.984375,19.273438,19.46875,19.476562,19.28125
14040,2021-10-08 04:00:00,3498,11.5,11.3125,11.2890625,11.3203125,11.2578125,11.4609375,11.7265625,12.2890625,12.9296875,16.460938,18.125,18.640625,18.976562,19.265625,19.453125,19.460938,19.265625
14041,2021-10-08 04:15:00,3498,11.390625,11.171875,11.140625,11.1640625,11.109375,11.296875,11.59375,12.171875,12.8515625,16.414062,18.085938,18.625,18.96875,19.25,19.445312,19.445312,19.25
14042,2021-10-08 04:30:00,3498,11.328125,11.1015625,11.09375,11.1015625,11.0546875,11.234375,11.5078125,12.1015625,12.7578125,16.359375,18.0625,18.609375,18.960938,19.242188,19.429688,19.4375,19.242188
14043,2021-10-08 04:45:00,3498,11.328125,11.09375,11.078125,11.09375,11.046875,11.2265625,11.5,12.0859375,12.7109375,16.296875,18.015625,18.601562,18.953125,19.234375,19.421875,19.421875,19.226562
14044,2021-10-08 05:00:00,3498,11.3125,11.0859375,11.0703125,11.0859375,11.046875,11.1953125,11.453125,11.984375,12.59375,16.21875,17.992188,18.585938,18.945312,19.226562,19.40625,19.40625,19.21875
14045,2021-10-08 05:15:00,3498,11.265625,11.0390625,11.0234375,11.03125,10.9921875,11.15625,11.421875,11.9765625,12.59375,16.1875,17.960938,18.578125,18.945312,19.210938,19.390625,19.398438,19.195312
14046,2021-10-08 05:30:00,3498,11.1796875,10.921875,10.9140625,10.9296875,10.8984375,11.0390625,11.34375,11.90625,12.4921875,16.125,17.929688,18.554688,18.929688,19.203125,19.375,19.375,19.195312
14047,2021-10-08 05:45:00,3492,11.1875,11.0234375,11.0078125,11.0234375,10.984375,11.1328125,11.3984375,11.921875,12.5234375,16.101562,17.898438,18.539062,18.921875,19.1875,19.367188,19.367188,19.179688
14048,2021-10-08 06:00:00,3498,11.15625,10.9453125,10.9375,10.9453125,10.90625,11.0625,11.328125,11.8671875,12.484375,16.054688,17.867188,18.53125,18.914062,19.179688,19.351562,19.351562,19.164062
14049,2021-10-08 06:15:00,3486,11.0859375,10.8359375,10.8203125,10.828125,10.7890625,10.9296875,11.1796875,11.71875,12.375,16.0,17.835938,18.515625,18.90625,19.171875,19.34375,19.34375,19.15625
14050,2021-10-08 06:30:00,3498,11.0390625,10.8515625,10.8359375,10.84375,10.8125,10.9453125,11.203125,11.7578125,12.390625,15.953125,17.804688,18.5,18.890625,19.164062,19.328125,19.328125,19.140625
14051,2021-10-08 06:45:00,3498,11.0,10.796875,10.796875,10.8046875,10.7578125,10.9140625,11.2109375,11.8125,12.421875,15.9140625,17.773438,18.476562,18.890625,19.148438,19.320312,19.320312,19.125
14052,2021-10-08 07:00:00,3498,10.953125,10.75,10.7421875,10.75,10.71875,10.859375,11.09375,11.5859375,12.1171875,15.796875,17.75,18.460938,18.875,19.140625,19.304688,19.304688,19.125
14053,2021-10-08 07:15:00,3498,10.8984375,10.6875,10.6796875,10.6953125,10.6484375,10.7890625,11.015625,11.515625,12.0859375,15.75,17.71875,18.445312,18.867188,19.132812,19.296875,19.289062,19.109375
14054,2021-10-08 07:30:00,3498,10.8984375,10.7421875,10.7421875,10.75,10.71875,10.859375,11.1171875,11.625,12.1796875,15.7265625,17.695312,18.429688,18.851562,19.125,19.289062,19.28125,19.09375
14055,2021-10-08 07:45:00,3492,10.9296875,10.7734375,10.765625,10.78125,10.7421875,10.8828125,11.1171875,11.640625,12.2265625,15.6953125,17.671875,18.414062,18.84375,19.109375,19.273438,19.265625,19.085938
14056,2021-10-08 08:00:00,3498,10.90625,10.7421875,10.7265625,10.75,10.703125,10.859375,11.1015625,11.609375,12.15625,15.6640625,17.632812,18.398438,18.828125,19.101562,19.265625,19.257812,19.070312
14057,2021-10-08 08:15:00,3498,10.84375,10.6484375,10.6328125,10.6484375,10.609375,10.78125,11.0390625,11.5546875,12.09375,15.6171875,17.601562,18.382812,18.828125,19.09375,19.25,19.242188,19.0625
14058,2021-10-08 08:30:00,3498,10.8046875,10.6171875,10.6171875,10.625,10.5859375,10.7265625,10.9453125,11.4296875,11.984375,15.5703125,17.578125,18.359375,18.8125,19.085938,19.234375,19.234375,19.046875
14059,2021-10-08 08:45:00,3486,10.75,10.5703125,10.5625,10.5859375,10.5234375,10.6875,10.921875,11.4296875,11.9921875,15.5390625,17.546875,18.34375,18.796875,19.078125,19.234375,19.21875,19.039062
14060,2021-10-08 09:00:00,3498,10.7265625,10.5390625,10.53125,10.546875,10.5078125,10.6484375,10.875,11.359375,11.8984375,15.4765625,17.523438,18.328125,18.789062,19.0625,19.210938,19.203125,19.023438
14061,2021-10-08 09:15:00,3486,10.6796875,10.5,10.4921875,10.5078125,10.4609375,10.6015625,10.8359375,11.34375,11.8984375,15.4453125,17.484375,18.3125,18.773438,19.046875,19.203125,19.195312,19.015625
14062,2021-10-08 09:30:00,3498,10.625,10.40625,10.3984375,10.4140625,10.3671875,10.515625,10.765625,11.25,11.796875,15.3984375,17.460938,18.289062,18.765625,19.039062,19.195312,19.1875,19.0
14063,2021-10-08 09:45:00,3486,10.578125,10.3984375,10.390625,10.3984375,10.359375,10.515625,10.765625,11.25,11.75,15.34375,17.4375,18.273438,18.75,19.03125,19.1875,19.171875,18.992188
14064,2021-10-08 10:00:00,3486,10.53125,10.34375,10.3359375,10.3515625,10.3125,10.4453125,10.65625,11.1015625,11.609375,15.296875,17.40625,18.25,18.734375,19.015625,19.171875,19.164062,18.976562
14065,2021-10-08 10:15:00,3480,10.4921875,10.3125,10.3046875,10.3125,10.2734375,10.390625,10.625,11.109375,11.640625,15.2578125,17.375,18.234375,18.71875,19.015625,19.164062,19.148438,18.96875
14066,2021-10-08 10:30:00,3486,10.4375,10.234375,10.234375,10.25,10.21875,10.34375,10.6015625,11.1171875,11.59375,15.21875,17.351562,18.210938,18.703125,19.0,19.148438,19.132812,18.953125
14067,2021-10-08 10:45:00,3492,10.4375,10.28125,10.2890625,10.296875,10.2578125,10.375,10.6171875,11.0859375,11.6015625,15.203125,17.320312,18.195312,18.6875,18.984375,19.140625,19.125,18.945312
14068,2021-10-08 11:00:00,3480,10.390625,10.2109375,10.1953125,10.21875,10.1796875,10.3046875,10.5,10.9453125,11.46875,15.1484375,17.296875,18.171875,18.679688,18.976562,19.125,19.117188,18.929688
14069,2021-10-08 11:15:00,3492,10.375,10.234375,10.2421875,10.25,10.2109375,10.3359375,10.5546875,11.0078125,11.546875,15.1328125,17.273438,18.15625,18.664062,18.96875,19.117188,19.101562,18.921875
14070,2021-10-08 11:30:00,3498,10.390625,10.2734375,10.2734375,10.2890625,10.2421875,10.390625,10.6328125,11.0859375,11.625,15.140625,17.242188,18.132812,18.648438,18.953125,19.101562,19.085938,18.90625
14071,2021-10-08 11:45:00,3492,10.421875,10.3203125,10.3203125,10.34375,10.296875,10.4609375,10.7265625,11.2109375,11.78125,15.1640625,17.21875,18.109375,18.640625,18.9375,19.09375,19.078125,18.890625
14072,2021-10-08 12:00:00,3492,10.390625,10.234375,10.234375,10.25,10.203125,10.3515625,10.6171875,11.1640625,11.78125,15.15625,17.1875,18.101562,18.625,18.929688,19.078125,19.0625,18.882812
14073,2021-10-08 12:15:00,3480,10.390625,10.25,10.25,10.2734375,10.21875,10.375,10.6328125,11.140625,11.7421875,15.1328125,17.15625,18.070312,18.601562,18.921875,19.0625,19.054688,18.875
14074,2021-10-08 12:30:00,3492,10.4765625,10.421875,10.4296875,10.453125,10.40625,10.5625,10.84375,11.34375,11.9140625,15.1484375,17.140625,18.0625,18.585938,18.90625,19.054688,19.046875,18.851562
14075,2021-10-08 12:45:00,3492,10.4765625,10.3046875,10.296875,10.3203125,10.2734375,10.46875,10.7734375,11.2890625,11.875,15.15625,17.109375,18.03125,18.578125,18.898438,19.046875,19.03125,18.84375
14076,2021-10-08 13:00:00,3492,10.453125,10.28125,10.2734375,10.2890625,10.2578125,10.4375,10.7734375,11.3671875,11.9453125,15.1484375,17.085938,18.015625,18.5625,18.882812,19.039062,19.015625,18.828125
14077,2021-10-08 13:15:00,3486,10.421875,10.25,10.25,10.2734375,10.234375,10.390625,10.7265625,11.328125,11.921875,15.1328125,17.054688,18.0,18.546875,18.875,19.023438,19.007812,18.820312
14078,2021-10-08 13:30:00,3486,10.4375,10.2578125,10.2578125,10.2734375,10.25,10.4375,10.8203125,11.4375,12.015625,15.15625,17.039062,17.96875,18.53125,18.859375,19.015625,18.992188,18.8125
14079,2021-10-08 13:45:00,3492,10.3046875,10.0859375,10.0390625,10.1015625,10.0078125,10.1953125,10.5,11.1015625,11.7890625,15.1171875,17.015625,17.960938,18.515625,18.84375,18.992188,18.984375,18.796875
14080,2021-10-08 14:00:00,3486,10.296875,10.125,10.1171875,10.140625,10.09375,10.2578125,10.59375,11.171875,11.7890625,15.0859375,17.0,17.929688,18.5,18.835938,18.992188,18.96875,18.78125
14081,2021-10-08 14:15:00,3486,10.2421875,10.0859375,10.0703125,10.1015625,10.0546875,10.2265625,10.6015625,11.1953125,11.8046875,15.0703125,16.976562,17.914062,18.484375,18.820312,18.976562,18.960938,18.773438
14082,2021-10-08 14:30:00,3480,10.1875,10.03125,10.0,10.0546875,9.984375,10.203125,10.625,11.28125,11.859375,15.0625,16.960938,17.898438,18.46875,18.8125,18.960938,18.9375,18.757812
14083,2021-10-08 14:45:00,3486,9.2890625,8.7109375,8.546875,8.7578125,8.5390625,8.734375,9.3203125,10.03125,10.7734375,14.8984375,16.9375,17.875,18.453125,18.796875,18.945312,18.9375,18.734375
14084,2021-10-08 15:00:00,3486,9.5078125,9.8828125,9.890625,9.9140625,9.8125,10.09375,10.4765625,10.9765625,11.53125,14.9453125,16.914062,17.859375,18.4375,18.773438,18.9375,18.921875,18.726562
14085,2021-10-08 15:15:00,3486,10.09375,10.3984375,10.3984375,10.4140625,10.4140625,10.5703125,10.890625,11.4375,12.0078125,15.0234375,16.898438,17.835938,18.421875,18.765625,18.929688,18.90625,18.710938
14086,2021-10-08 15:30:00,3480,10.1875,10.5234375,10.5859375,10.6015625,10.3359375,10.3046875,10.4609375,10.9921875,11.609375,14.9921875,16.875,17.8125,18.40625,18.757812,18.914062,18.898438,18.695312
14087,2021-10-08 15:45:00,3486,11.171875,12.4375,12.625,12.4453125,12.1953125,11.9765625,11.984375,12.171875,12.421875,15.03125,16.851562,17.796875,18.382812,18.734375,18.90625,18.882812,18.679688
14088,2021-10-08 16:00:00,3480,11.7578125,12.140625,12.015625,11.9453125,11.84375,12.0546875,12.15625,12.5078125,12.8125,15.15625,16.828125,17.78125,18.375,18.726562,18.890625,18.875,18.671875
14089,2021-10-08 16:15:00,3486,12.0703125,12.3203125,12.1796875,12.1328125,12.0546875,12.3359375,12.546875,12.9375,13.2109375,15.25,16.8125,17.757812,18.359375,18.710938,18.875,18.859375,18.664062
14090,2021-10-08 16:30:00,3480,12.1953125,12.90625,12.828125,12.5078125,12.3203125,12.5390625,12.65625,13.0546875,13.3359375,15.28125,16.796875,17.742188,18.335938,18.695312,18.859375,18.84375,18.648438
14091,2021-10-08 16:45:00,3486,13.9921875,15.0859375,14.875,14.4453125,13.921875,14.453125,14.3359375,14.4609375,14.515625,15.5390625,16.78125,17.71875,18.328125,18.679688,18.851562,18.828125,18.632812
14092,2021-10-08 17:00:00,3486,15.5234375,18.273438,17.460938,16.421875,16.015625,16.523438,16.28125,16.382812,16.234375,15.78125,16.765625,17.703125,18.304688,18.664062,18.835938,18.820312,18.617188
14093,2021-10-08 17:15:00,3480,16.867188,18.242188,17.445312,16.945312,16.8125,17.96875,16.71875,16.710938,16.773438,16.070312,16.765625,17.6875,18.289062,18.648438,18.828125,18.804688,18.609375
14094,2021-10-08 17:30:00,3486,17.671875,20.3125,18.820312,18.28125,17.859375,19.046875,17.390625,17.585938,17.757812,16.335938,16.757812,17.671875,18.273438,18.640625,18.820312,18.789062,18.59375
14095,2021-10-08 17:45:00,3480,19.578125,21.835938,20.40625,20.078125,19.28125,19.71875,18.382812,18.617188,18.804688,16.640625,16.757812,17.640625,18.257812,18.625,18.804688,18.773438,18.578125
14096,2021-10-08 18:00:00,3480,19.90625,19.617188,18.328125,18.148438,17.546875,17.632812,17.046875,17.351562,17.5625,16.734375,16.765625,17.625,18.234375,18.609375,18.789062,18.765625,18.570312
14097,2021-10-08 18:15:00,3492,17.6875,17.007812,16.640625,16.773438,16.421875,16.515625,16.789062,17.5,18.03125,16.757812,16.78125,17.609375,18.226562,18.59375,18.773438,18.75,18.546875
14098,2021-10-08 18:30:00,3492,19.375,21.046875,19.710938,19.960938,18.335938,18.34375,18.875,20.0625,20.523438,17.28125,16.796875,17.59375,18.210938,18.578125,18.757812,18.734375,18.53125
14099,2021-10-08 18:45:00,3486,20.835938,21.335938,19.890625,20.234375,18.382812,18.671875,19.4375,21.09375,21.601562,17.726562,16.820312,17.578125,18.195312,18.570312,18.742188,18.726562,18.523438
14100,2021-10-08 19:00:00,3492,21.578125,21.71875,20.5625,20.109375,18.96875,19.296875,20.421875,22.460938,22.828125,18.101562,16.84375,17.570312,18.164062,18.554688,18.726562,18.703125,18.507812
14101,2021-10-08 19:15:00,3498,22.085938,22.726562,20.835938,19.859375,19.273438,19.382812,21.390625,23.351562,23.546875,18.492188,16.867188,17.554688,18.15625,18.539062,18.710938,18.695312,18.5
14102,2021-10-08 19:30:00,3486,22.539062,21.632812,19.8125,18.890625,18.867188,19.140625,21.085938,22.4375,22.445312,18.453125,16.914062,17.546875,18.132812,18.523438,18.703125,18.679688,18.476562
14103,2021-10-08 19:45:00,3498,22.40625,20.570312,19.40625,18.375,18.414062,19.742188,22.96875,24.984375,24.8125,19.054688,16.960938,17.539062,18.117188,18.507812,18.6875,18.664062,18.46875
14104,2021-10-08 20:00:00,3504,22.757812,20.414062,19.820312,18.585938,18.664062,20.765625,23.46875,25.125,24.65625,19.320312,17.015625,17.53125,18.109375,18.492188,18.671875,18.65625,18.453125
14105,2021-10-08 20:15:00,3498,22.953125,21.554688,19.617188,19.101562,19.078125,21.625,24.367188,25.546875,25.039062,19.523438,17.070312,17.523438,18.09375,18.476562,18.65625,18.640625,18.4375
14106,2021-10-08 20:30:00,3498,22.828125,21.5,19.28125,19.289062,19.789062,22.5625,25.570312,26.210938,25.632812,19.742188,17.140625,17.523438,18.078125,18.460938,18.648438,18.632812,18.429688
14107,2021-10-08 20:45:00,3498,22.320312,20.109375,18.484375,18.414062,19.5625,21.609375,24.804688,25.765625,25.21875,19.90625,17.203125,17.515625,18.0625,18.445312,18.632812,18.617188,18.40625
14108,2021-10-08 21:00:00,3498,22.429688,19.867188,18.734375,18.65625,20.085938,22.640625,25.515625,25.929688,25.242188,20.03125,17.273438,17.523438,18.046875,18.429688,18.617188,18.601562,18.390625
14109,2021-10-08 21:15:00,3510,22.640625,20.078125,19.179688,19.078125,20.601562,23.046875,25.539062,25.882812,25.039062,20.117188,17.34375,17.523438,18.03125,18.421875,18.601562,18.59375,18.382812
14110,2021-10-08 21:30:00,3498,19.945312,16.703125,16.140625,16.296875,16.335938,17.289062,17.90625,18.523438,19.078125,19.234375,17.414062,17.539062,18.015625,18.398438,18.59375,18.578125,18.375
14111,2021-10-08 21:45:00,3504,17.132812,15.2109375,14.9375,15.0703125,14.953125,15.265625,15.5703125,16.09375,16.773438,18.507812,17.476562,17.539062,18.007812,18.382812,18.578125,18.554688,18.359375
14112,2021-10-08 22:00:00,3504,15.8359375,15.03125,14.8671875,15.0,14.828125,14.984375,15.125,15.4453125,15.9609375,18.078125,17.539062,17.546875,18.0,18.375,18.5625,18.539062,18.335938
14113,2021-10-08 22:15:00,3504,15.140625,14.59375,14.4453125,14.5859375,14.40625,14.5625,14.6328125,14.8984375,15.3828125,17.765625,17.578125,17.5625,17.984375,18.359375,18.546875,18.53125,18.328125
14114,2021-10-08 22:30:00,3498,14.7109375,14.3828125,14.234375,14.390625,14.1796875,14.3203125,14.375,14.609375,15.0546875,17.515625,17.601562,17.570312,17.976562,18.34375,18.539062,18.515625,18.3125
14115,2021-10-08 22:45:00,3498,14.484375,14.3203125,14.2109375,14.359375,14.1796875,14.28125,14.28125,14.4375,14.8515625,17.3125,17.617188,17.59375,17.96875,18.328125,18.523438,18.5,18.304688
14116,2021-10-08 23:00:00,3504,14.6015625,14.78125,14.6953125,14.828125,14.8125,14.9609375,15.1015625,15.28125,15.5078125,17.265625,17.617188,17.601562,17.960938,18.3125,18.507812,18.492188,18.289062
14117,2021-10-08 23:15:00,3498,14.8671875,14.6171875,14.4296875,14.5859375,14.5390625,14.984375,15.2578125,15.6171875,15.9453125,17.335938,17.617188,17.617188,17.953125,18.296875,18.492188,18.476562,18.273438
14118,2021-10-08 23:30:00,3504,14.625,14.296875,14.109375,14.2265625,14.2265625,14.6328125,14.953125,15.375,15.7265625,17.257812,17.601562,17.625,17.953125,18.289062,18.476562,18.460938,18.265625
14119,2021-10-08 23:45:00,3504,14.546875,14.28125,14.125,14.2265625,14.234375,14.609375,14.9375,15.375,15.71875,17.210938,17.585938,17.632812,17.945312,18.273438,18.460938,18.453125,18.25
14120,2021-10-09 00:00:00,3504,14.3359375,14.0390625,13.8671875,13.9765625,13.984375,14.3984375,14.703125,15.171875,15.5625,17.148438,17.570312,17.648438,17.9375,18.265625,18.453125,18.4375,18.234375
14121,2021-10-09 00:15:00,3504,14.0078125,13.65625,13.484375,13.59375,13.609375,13.9921875,14.3515625,14.84375,15.296875,17.070312,17.5625,17.65625,17.929688,18.25,18.429688,18.429688,18.226562
14122,2021-10-09 00:30:00,3504,13.7734375,13.328125,13.171875,13.25,13.2421875,13.6171875,13.9609375,14.5,15.0,16.984375,17.546875,17.648438,17.929688,18.242188,18.421875,18.40625,18.210938
14123,2021-10-09 00:45:00,3498,13.40625,12.96875,12.78125,12.8984375,12.828125,13.2109375,13.5390625,14.1171875,14.65625,16.882812,17.53125,17.664062,17.921875,18.226562,18.40625,18.390625,18.203125
14124,2021-10-09 01:00:00,3504,12.953125,12.5078125,12.3671875,12.4921875,12.3984375,12.7109375,13.0078125,13.546875,14.1171875,16.71875,17.515625,17.664062,17.921875,18.21875,18.398438,18.382812,18.1875
14125,2021-10-09 01:15:00,3498,12.171875,11.5,11.28125,11.46875,11.171875,11.46875,11.6796875,12.296875,13.109375,16.507812,17.5,17.671875,17.914062,18.203125,18.382812,18.367188,18.171875
14126,2021-10-09 01:30:00,3504,11.21875,10.7421875,10.5234375,10.703125,10.3671875,10.578125,10.828125,11.4296875,12.265625,16.210938,17.476562,17.671875,17.914062,18.195312,18.367188,18.351562,18.164062
14127,2021-10-09 01:45:00,3498,10.625,10.3359375,10.15625,10.328125,9.890625,10.0703125,10.3046875,10.9375,11.8359375,15.9921875,17.453125,17.664062,17.90625,18.179688,18.359375,18.34375,18.148438
14128,2021-10-09 02:00:00,3498,9.96875,9.515625,9.390625,9.5859375,9.2421875,9.53125,10.0625,10.4375,11.0859375,15.8359375,17.421875,17.664062,17.898438,18.171875,18.34375,18.328125,18.140625
14129,2021-10-09 02:15:00,3492,9.6328125,9.3515625,9.2578125,9.4375,9.171875,9.53125,10.2265625,10.59375,11.25,15.734375,17.390625,17.65625,17.90625,18.15625,18.328125,18.320312,18.125
14130,2021-10-09 02:30:00,3498,9.65625,9.5625,9.5,9.671875,9.40625,9.71875,10.1796875,10.5234375,11.1875,15.65625,17.359375,17.648438,17.898438,18.148438,18.3125,18.304688,18.117188
14131,2021-10-09 02:45:00,3498,10.28125,10.6875,10.734375,10.75,10.6328125,10.8046875,11.0703125,11.4140625,12.0,15.6796875,17.320312,17.640625,17.898438,18.140625,18.304688,18.296875,18.109375
14132,2021-10-09 03:00:00,3498,11.1484375,11.4453125,11.484375,11.515625,11.4375,11.6171875,11.8359375,12.2734375,12.8046875,15.7421875,17.28125,17.648438,17.890625,18.132812,18.296875,18.28125,18.09375
14133,2021-10-09 03:15:00,3498,11.5234375,11.5703125,11.578125,11.6171875,11.5546875,11.78125,12.046875,12.5390625,13.078125,15.796875,17.242188,17.640625,17.890625,18.125,18.28125,18.273438,18.078125
14134,2021-10-09 03:30:00,3498,11.1953125,10.7890625,10.6953125,10.8359375,10.6640625,10.921875,11.359375,11.8046875,12.4296875,15.7734375,17.210938,17.625,17.882812,18.117188,18.273438,18.257812,18.070312
14135,2021-10-09 03:45:00,3498,10.7890625,10.3984375,10.2578125,10.375,10.1015625,10.453125,11.2265625,11.7734375,12.328125,15.6953125,17.179688,17.617188,17.875,18.101562,18.257812,18.25,18.0625
14136,2021-10-09 04:00:00,3504,10.3828125,10.1015625,10.0546875,10.2109375,9.96875,10.3046875,10.8046875,11.1796875,11.828125,15.609375,17.148438,17.609375,17.882812,18.09375,18.25,18.234375,18.054688
14137,2021-10-09 04:15:00,3498,10.0859375,10.0078125,9.953125,10.1171875,9.9296875,10.21875,10.6171875,10.9609375,11.59375,15.5078125,17.125,17.59375,17.867188,18.09375,18.242188,18.21875,18.039062
14138,2021-10-09 04:30:00,3486,10.09375,10.140625,10.09375,10.265625,10.078125,10.3125,10.6484375,10.9375,11.46875,15.453125,17.085938,17.578125,17.859375,18.085938,18.226562,18.21875,18.03125
14139,2021-10-09 04:45:00,3498,10.0,9.90625,9.875,10.0390625,9.828125,10.0625,10.4765625,10.84375,11.4453125,15.3984375,17.054688,17.570312,17.859375,18.078125,18.21875,18.195312,18.023438
14140,2021-10-09 05:00:00,3498,9.9609375,9.9765625,9.953125,10.1171875,9.96875,10.171875,10.53125,10.7890625,11.390625,15.359375,17.03125,17.554688,17.859375,18.0625,18.203125,18.195312,18.007812
14141,2021-10-09 05:15:00,3480,10.109375,10.203125,10.2109375,10.3515625,10.203125,10.3828125,10.6796875,10.9765625,11.609375,15.3671875,16.992188,17.546875,17.84375,18.054688,18.195312,18.171875,18.007812
14142,2021-10-09 05:30:00,3498,10.171875,10.203125,10.1953125,10.359375,10.1875,10.4140625,10.796875,11.109375,11.6953125,15.359375,16.96875,17.53125,17.84375,18.054688,18.1875,18.164062,18.0
14143,2021-10-09 05:45:00,3498,10.2578125,10.3046875,10.2734375,10.4140625,10.234375,10.4609375,10.78125,11.1640625,11.8125,15.34375,16.9375,17.507812,17.835938,18.046875,18.171875,18.15625,17.984375
14144,2021-10-09 06:00:00,3498,10.46875,10.59375,10.59375,10.6796875,10.515625,10.7890625,11.203125,11.7109375,12.296875,15.3828125,16.914062,17.5,17.820312,18.03125,18.164062,18.148438,17.976562
14145,2021-10-09 06:15:00,3492,10.7421875,10.84375,10.8515625,10.9140625,10.7578125,11.0,11.2890625,11.828125,12.4921875,15.390625,16.882812,17.492188,17.820312,18.03125,18.148438,18.132812,17.960938
14146,2021-10-09 06:30:00,3492,10.828125,10.9453125,10.953125,10.984375,10.8515625,11.0546875,11.3359375,11.78125,12.4296875,15.3671875,16.859375,17.476562,17.8125,18.023438,18.140625,18.125,17.953125
14147,2021-10-09 06:45:00,3498,11.171875,11.2734375,11.2890625,11.3203125,11.2109375,11.4140625,11.6328125,12.09375,12.6640625,15.375,16.84375,17.460938,17.796875,18.007812,18.132812,18.117188,17.953125
14148,2021-10-09 07:00:00,3492,11.4296875,11.4296875,11.453125,11.484375,11.40625,11.5859375,11.8046875,12.265625,12.8359375,15.4140625,16.820312,17.445312,17.789062,18.007812,18.132812,18.101562,17.9375
14149,2021-10-09 07:15:00,3498,11.6171875,11.578125,11.6015625,11.625,11.5625,11.7421875,11.9921875,12.4765625,13.0390625,15.453125,16.796875,17.421875,17.78125,17.992188,18.117188,18.09375,17.929688
14150,2021-10-09 07:30:00,3492,11.734375,11.671875,11.6875,11.703125,11.65625,11.828125,12.09375,12.5703125,13.0859375,15.4609375,16.773438,17.414062,17.773438,17.984375,18.109375,18.085938,17.921875
14151,2021-10-09 07:45:00,3486,11.6484375,11.484375,11.4765625,11.5078125,11.4296875,11.578125,11.78125,12.2734375,12.8359375,15.4140625,16.757812,17.398438,17.765625,17.976562,18.09375,18.078125,17.914062
14152,2021-10-09 08:00:00,3498,11.5703125,11.4140625,11.390625,11.4296875,11.34375,11.4921875,11.7109375,12.21875,12.828125,15.421875,16.742188,17.382812,17.75,17.96875,18.085938,18.070312,17.898438
14153,2021-10-09 08:15:00,3498,10.9921875,10.59375,10.453125,10.515625,10.2890625,10.421875,10.8515625,11.5234375,12.171875,15.296875,16.726562,17.367188,17.742188,17.960938,18.078125,18.054688,17.890625
14154,2021-10-09 08:30:00,3498,10.046875,9.421875,9.2890625,9.4921875,9.203125,9.5546875,10.2421875,10.6796875,11.1953125,15.078125,16.710938,17.351562,17.734375,17.960938,18.070312,18.046875,17.882812
14155,2021-10-09 08:45:00,3486,9.4765625,9.4375,9.4453125,9.5078125,9.3671875,9.5,9.7734375,9.9765625,10.421875,14.9453125,16.695312,17.335938,17.726562,17.945312,18.0625,18.03125,17.867188
14156,2021-10-09 09:00:00,3498,9.109375,9.125,9.0703125,9.2578125,9.0078125,9.234375,9.4609375,9.6328125,10.09375,14.84375,16.671875,17.320312,17.71875,17.9375,18.054688,18.03125,17.867188
14157,2021-10-09 09:15:00,3492,8.9296875,9.03125,9.0,9.1953125,8.9765625,9.1796875,9.390625,9.5390625,9.9296875,14.703125,16.65625,17.3125,17.703125,17.929688,18.046875,18.015625,17.859375
14158,2021-10-09 09:30:00,3498,8.8984375,9.1484375,9.1015625,9.28125,9.09375,9.2734375,9.4765625,9.609375,9.96875,14.6328125,16.625,17.296875,17.6875,17.921875,18.03125,18.007812,17.851562
14159,2021-10-09 09:45:00,3492,9.03125,9.3515625,9.390625,9.59375,9.453125,9.515625,9.75,9.90625,10.34375,14.6484375,16.601562,17.289062,17.6875,17.914062,18.03125,18.0,17.84375
14160,2021-10-09 10:00:00,3492,9.2578125,9.5078125,9.5859375,9.6875,9.5703125,9.65625,9.8828125,10.1015625,10.6015625,14.6875,16.5625,17.265625,17.671875,17.898438,18.007812,17.984375,17.835938
14161,2021-10-09 10:15:00,3498,9.4609375,9.7578125,9.8203125,9.9765625,9.84375,9.9453125,10.203125,10.40625,10.890625,14.7109375,16.539062,17.257812,17.664062,17.890625,18.007812,17.984375,17.820312
14162,2021-10-09 10:30:00,3498,9.6875,9.9453125,9.9921875,10.1328125,9.9609375,10.1484375,10.40625,10.6328125,11.109375,14.7734375,16.507812,17.234375,17.640625,17.890625,18.0,17.976562,17.8125
14163,2021-10-09 10:45:00,3492,9.7109375,9.8203125,9.8515625,10.0078125,9.828125,10.015625,10.359375,10.6484375,11.2265625,14.7890625,16.484375,17.21875,17.640625,17.875,17.984375,17.96875,17.804688
14164,2021-10-09 11:00:00,3486,9.515625,9.5546875,9.515625,9.7890625,9.5546875,9.7734375,10.1171875,10.3671875,10.9296875,14.7421875,16.453125,17.203125,17.625,17.867188,17.976562,17.953125,17.804688
14165,2021-10-09 11:15:00,3486,9.140625,9.0859375,8.984375,9.2109375,8.953125,9.1640625,9.453125,9.6875,10.1953125,14.609375,16.429688,17.1875,17.609375,17.851562,17.960938,17.945312,17.789062
14166,2021-10-09 11:30:00,3480,9.4765625,9.921875,9.9921875,10.09375,10.015625,10.109375,10.3359375,10.5,10.9375,14.625,16.40625,17.171875,17.59375,17.84375,17.960938,17.929688,17.78125
14167,2021-10-09 11:45:00,3498,10.0703125,10.484375,10.5625,10.609375,10.515625,10.7109375,10.9375,11.1640625,11.6171875,14.7265625,16.382812,17.15625,17.585938,17.835938,17.953125,17.921875,17.773438
14168,2021-10-09 12:00:00,3486,10.328125,10.5,10.546875,10.6484375,10.5078125,10.8203125,11.1171875,11.4765625,12.015625,14.828125,16.359375,17.132812,17.578125,17.828125,17.9375,17.914062,17.757812
14169,2021-10-09 12:15:00,3486,9.65625,9.453125,9.3984375,9.625,9.4140625,9.640625,9.890625,10.0703125,10.5234375,14.6328125,16.335938,17.109375,17.5625,17.820312,17.9375,17.914062,17.75
14170,2021-10-09 12:30:00,3486,9.2421875,9.140625,9.0703125,9.2890625,9.0859375,9.265625,9.4921875,9.640625,10.0546875,14.4765625,16.320312,17.09375,17.546875,17.804688,17.929688,17.898438,17.742188
14171,2021-10-09 12:45:00,3480,8.9921875,9.078125,9.03125,9.265625,9.0703125,9.2421875,9.453125,9.5859375,9.9765625,14.3828125,16.304688,17.078125,17.53125,17.789062,17.914062,17.890625,17.734375
14172,2021-10-09 13:00:00,3480,8.8046875,9.0390625,9.03125,9.2890625,9.140625,9.2265625,9.4453125,9.5625,9.9609375,14.3359375,16.28125,17.0625,17.53125,17.789062,17.90625,17.875,17.71875
14173,2021-10-09 13:15:00,3492,8.765625,9.203125,9.3203125,9.3125,9.2734375,9.3046875,9.4609375,9.5703125,9.90625,14.2734375,16.257812,17.046875,17.515625,17.773438,17.890625,17.867188,17.71875
14174,2021-10-09 13:30:00,3486,8.78125,9.0625,9.109375,9.2578125,9.078125,9.234375,9.421875,9.546875,9.953125,14.2734375,16.226562,17.03125,17.5,17.765625,17.890625,17.859375,17.710938
14175,2021-10-09 13:45:00,3486,8.828125,9.2421875,9.234375,9.515625,9.3359375,9.421875,9.640625,9.7109375,10.0546875,14.234375,16.210938,17.007812,17.484375,17.75,17.875,17.84375,17.695312
14176,2021-10-09 14:00:00,3480,8.7890625,8.953125,8.921875,9.1640625,8.9375,9.1484375,9.34375,9.4609375,9.8203125,14.1796875,16.179688,16.992188,17.476562,17.742188,17.867188,17.84375,17.679688
14177,2021-10-09 14:15:00,3486,8.6796875,8.953125,8.9765625,9.1171875,8.921875,9.09375,9.2421875,9.3515625,9.703125,14.125,16.15625,16.976562,17.460938,17.726562,17.851562,17.828125,17.679688
14178,2021-10-09 14:30:00,3486,8.828125,9.265625,9.265625,9.4140625,9.2265625,9.359375,9.5,9.5859375,9.8984375,14.1328125,16.132812,16.953125,17.445312,17.726562,17.835938,17.820312,17.671875
14179,2021-10-09 14:45:00,3486,8.90625,9.3125,9.3203125,9.453125,9.265625,9.390625,9.53125,9.640625,9.9765625,14.140625,16.101562,16.9375,17.429688,17.710938,17.835938,17.8125,17.65625
14180,2021-10-09 15:00:00,3480,9.1171875,9.8515625,9.859375,9.9609375,9.7734375,9.7734375,9.8671875,9.96875,10.359375,14.1640625,16.078125,16.921875,17.414062,17.703125,17.828125,17.804688,17.648438
14181,2021-10-09 15:15:00,3480,10.03125,11.0625,10.9453125,11.1171875,10.71875,10.7890625,10.875,10.8828125,11.15625,14.3046875,16.054688,16.90625,17.40625,17.6875,17.820312,17.796875,17.632812
14182,2021-10-09 15:30:00,3474,11.15625,12.46875,12.6171875,12.6796875,12.15625,12.1171875,11.90625,11.6953125,11.78125,14.40625,16.03125,16.890625,17.382812,17.679688,17.804688,17.78125,17.625
14183,2021-10-09 15:45:00,3492,12.1953125,13.2265625,13.640625,13.3984375,12.8203125,12.6796875,12.6328125,12.5,12.4921875,14.5234375,16.007812,16.867188,17.367188,17.671875,17.789062,17.773438,17.617188
14184,2021-10-09 16:00:00,3486,13.265625,14.75,15.171875,14.609375,13.765625,13.328125,13.015625,13.03125,13.15625,14.7109375,15.984375,16.84375,17.359375,17.648438,17.789062,17.765625,17.601562
14185,2021-10-09 16:15:00,3486,14.140625,16.09375,16.085938,15.6796875,14.9765625,14.125,13.75,13.671875,13.6484375,14.84375,15.96875,16.828125,17.34375,17.640625,17.773438,17.757812,17.59375
14186,2021-10-09 16:30:00,3480,15.5625,18.304688,18.101562,17.523438,16.523438,15.6171875,14.7890625,14.5859375,14.4765625,15.078125,15.9609375,16.8125,17.328125,17.625,17.765625,17.742188,17.585938
14187,2021-10-09 16:45:00,3480,16.679688,19.125,18.695312,17.632812,16.898438,16.546875,15.421875,14.8984375,14.7109375,15.25,15.953125,16.796875,17.320312,17.609375,17.75,17.734375,17.578125
14188,2021-10-09 17:00:00,3486,17.046875,18.054688,17.28125,16.546875,15.890625,16.195312,15.2890625,14.8515625,14.6328125,15.3046875,15.953125,16.773438,17.304688,17.601562,17.742188,17.726562,17.5625
14189,2021-10-09 17:15:00,3486,17.6875,17.984375,16.898438,16.523438,16.210938,16.953125,15.7265625,15.3515625,15.1328125,15.375,15.953125,16.757812,17.296875,17.585938,17.726562,17.710938,17.554688
14190,2021-10-09 17:30:00,3486,19.007812,22.164062,20.898438,20.59375,19.9375,20.601562,18.476562,17.945312,17.367188,15.6953125,15.953125,16.734375,17.273438,17.578125,17.726562,17.703125,17.539062
14191,2021-10-09 17:45:00,3486,20.8125,22.289062,21.078125,20.960938,19.570312,20.367188,18.632812,18.359375,18.117188,16.054688,15.96875,16.71875,17.257812,17.5625,17.710938,17.6875,17.53125
14192,2021-10-09 18:00:00,3486,20.710938,21.109375,19.351562,19.484375,18.171875,18.210938,17.273438,17.125,17.03125,15.96875,15.9765625,16.710938,17.25,17.554688,17.695312,17.6875,17.523438
14193,2021-10-09 18:15:00,3486,18.859375,18.09375,17.359375,17.25,16.992188,16.890625,16.578125,16.445312,16.390625,15.890625,16.0,16.695312,17.234375,17.546875,17.6875,17.671875,17.515625
14194,2021-10-09 18:30:00,3498,19.023438,18.945312,18.351562,18.171875,18.117188,17.820312,17.46875,17.257812,16.945312,15.859375,16.015625,16.679688,17.21875,17.53125,17.679688,17.65625,17.5
14195,2021-10-09 18:45:00,3492,20.765625,21.640625,21.132812,20.859375,20.6875,20.226562,19.59375,19.203125,18.703125,16.179688,16.03125,16.671875,17.195312,17.515625,17.664062,17.65625,17.5
14196,2021-10-09 19:00:00,3486,21.15625,21.289062,20.742188,20.5625,20.375,20.054688,19.546875,19.265625,18.867188,16.320312,16.046875,16.65625,17.1875,17.5,17.648438,17.640625,17.476562
14197,2021-10-09 19:15:00,3486,21.367188,21.390625,20.734375,20.46875,20.234375,19.921875,19.59375,19.351562,19.054688,16.515625,16.0625,16.648438,17.171875,17.492188,17.640625,17.625,17.476562
14198,2021-10-09 19:30:00,3492,21.078125,21.546875,21.085938,20.921875,20.890625,20.523438,20.421875,20.421875,19.921875,16.648438,16.085938,16.640625,17.164062,17.476562,17.625,17.617188,17.460938
14199,2021-10-09 19:45:00,3504,21.859375,22.125,21.148438,20.601562,20.515625,20.726562,21.34375,21.625,21.148438,17.039062,16.109375,16.632812,17.140625,17.460938,17.617188,17.601562,17.453125
14200,2021-10-09 20:00:00,3498,23.375,26.125,23.640625,22.554688,22.515625,23.695312,25.382812,25.484375,24.335938,17.671875,16.140625,16.632812,17.132812,17.445312,17.609375,17.59375,17.4375
14201,2021-10-09 20:15:00,3504,24.726562,26.164062,23.492188,22.523438,22.859375,24.796875,25.53125,25.3125,24.507812,18.210938,16.171875,16.625,17.117188,17.4375,17.59375,17.585938,17.429688
14202,2021-10-09 20:30:00,3504,25.171875,26.039062,22.914062,22.171875,22.65625,24.648438,25.507812,25.265625,24.359375,18.320312,16.210938,16.617188,17.09375,17.429688,17.585938,17.578125,17.421875
14203,2021-10-09 20:45:00,3498,26.453125,27.34375,23.554688,23.078125,23.796875,25.929688,26.328125,26.078125,25.171875,18.617188,16.257812,16.617188,17.085938,17.414062,17.570312,17.5625,17.40625
14204,2021-10-09 21:00:00,3498,26.25,25.234375,22.625,22.492188,23.53125,25.679688,25.960938,25.820312,24.8125,18.835938,16.3125,16.609375,17.0625,17.398438,17.554688,17.546875,17.398438
14205,2021-10-09 21:15:00,3504,24.625,23.382812,21.960938,22.101562,22.8125,24.617188,24.234375,24.101562,23.4375,18.710938,16.375,16.609375,17.0625,17.390625,17.546875,17.539062,17.390625
14206,2021-10-09 21:30:00,3504,22.710938,20.164062,18.828125,18.601562,18.492188,18.921875,18.8125,18.84375,19.007812,18.078125,16.4375,16.617188,17.054688,17.375,17.53125,17.523438,17.375
14207,2021-10-09 21:45:00,3504,20.992188,19.09375,18.390625,18.328125,18.203125,18.273438,18.273438,18.273438,18.304688,17.625,16.5,16.617188,17.039062,17.359375,17.523438,17.515625,17.367188
14208,2021-10-09 22:00:00,3504,19.953125,18.546875,18.039062,18.046875,17.90625,17.90625,17.921875,17.890625,17.875,17.359375,16.554688,16.625,17.03125,17.351562,17.515625,17.507812,17.359375
14209,2021-10-09 22:15:00,3510,19.453125,18.46875,18.015625,17.992188,17.8125,17.796875,17.75,17.664062,17.59375,17.21875,16.601562,16.632812,17.015625,17.335938,17.5,17.492188,17.351562
14210,2021-10-09 22:30:00,3504,19.140625,18.429688,18.046875,18.085938,17.90625,17.867188,17.84375,17.71875,17.617188,17.140625,16.632812,16.648438,17.015625,17.320312,17.492188,17.484375,17.34375
14211,2021-10-09 22:45:00,3510,19.0625,18.484375,18.15625,18.171875,17.984375,17.929688,17.914062,17.804688,17.71875,17.078125,16.65625,16.648438,17.0,17.3125,17.484375,17.476562,17.328125
14212,2021-10-09 23:00:00,3504,18.984375,18.460938,18.0,17.929688,17.703125,17.609375,17.515625,17.375,17.289062,17.039062,16.671875,16.664062,16.992188,17.304688,17.46875,17.46875,17.328125
14213,2021-10-09 23:15:00,3504,18.835938,18.148438,17.765625,17.742188,17.453125,17.445312,17.289062,17.210938,17.257812,17.015625,16.679688,16.679688,16.984375,17.289062,17.453125,17.453125,17.3125
14214,2021-10-09 23:30:00,3510,18.476562,17.679688,17.25,17.203125,16.890625,16.851562,16.710938,16.664062,16.757812,16.921875,16.6875,16.6875,16.976562,17.273438,17.445312,17.445312,17.304688
14215,2021-10-09 23:45:00,3510,18.140625,17.296875,16.882812,16.828125,16.507812,16.421875,16.304688,16.25,16.335938,16.84375,16.6875,16.695312,16.976562,17.273438,17.429688,17.429688,17.296875
14216,2021-10-10 00:00:00,3510,17.757812,16.882812,16.453125,16.375,16.03125,15.9140625,15.7890625,15.75,15.921875,16.734375,16.6875,16.703125,16.976562,17.257812,17.421875,17.421875,17.289062
14217,2021-10-10 00:15:00,3504,17.382812,16.40625,15.890625,15.8125,15.40625,15.34375,15.1796875,15.1953125,15.5078125,16.65625,16.6875,16.710938,16.96875,17.242188,17.40625,17.414062,17.28125
14218,2021-10-10 00:30:00,3510,16.929688,15.9375,15.203125,15.125,14.8046875,14.8203125,14.84375,14.875,15.15625,16.523438,16.6875,16.71875,16.96875,17.234375,17.398438,17.398438,17.28125
14219,2021-10-10 00:45:00,3510,16.546875,15.5546875,14.78125,14.7109375,14.390625,14.4296875,14.53125,14.59375,14.859375,16.445312,16.6875,16.726562,16.96875,17.226562,17.390625,17.390625,17.265625
14220,2021-10-10 01:00:00,3510,16.132812,15.078125,14.3125,14.203125,13.875,13.953125,14.1171875,14.25,14.5546875,16.335938,16.679688,16.734375,16.960938,17.21875,17.375,17.382812,17.257812
14221,2021-10-10 01:15:00,3504,15.734375,14.7109375,14.046875,14.015625,13.765625,13.7890625,13.9296875,13.96875,14.2109375,16.234375,16.679688,16.734375,16.960938,17.210938,17.367188,17.375,17.25
14222,2021-10-10 01:30:00,3510,15.3515625,14.1796875,13.5390625,13.625,13.3828125,13.359375,13.484375,13.5,13.734375,16.125,16.664062,16.742188,16.953125,17.195312,17.359375,17.367188,17.25
14223,2021-10-10 01:45:00,3504,14.90625,13.6875,13.125,13.1953125,12.9296875,12.9921875,13.1328125,13.2265625,13.4921875,16.0,16.65625,16.75,16.953125,17.1875,17.34375,17.359375,17.242188
14224,2021-10-10 02:00:00,3510,14.5,13.3125,12.796875,12.8984375,12.6953125,12.7421875,12.8828125,12.9453125,13.1796875,15.8984375,16.640625,16.75,16.953125,17.179688,17.335938,17.351562,17.234375
14225,2021-10-10 02:15:00,3504,14.1953125,13.015625,12.59375,12.7578125,12.609375,12.6484375,12.7265625,12.7421875,12.890625,15.7734375,16.617188,16.75,16.953125,17.171875,17.328125,17.34375,17.226562
14226,2021-10-10 02:30:00,3510,13.8828125,12.9375,12.640625,12.8203125,12.65625,12.6640625,12.734375,12.78125,12.9375,15.65625,16.609375,16.75,16.945312,17.164062,17.320312,17.328125,17.21875
14227,2021-10-10 02:45:00,3504,13.7109375,12.7578125,12.4765625,12.6171875,12.3671875,12.4375,12.546875,12.6015625,12.7578125,15.59375,16.585938,16.75,16.945312,17.164062,17.3125,17.320312,17.210938
14228,2021-10-10 03:00:00,3504,13.546875,12.6328125,12.421875,12.609375,12.46875,12.546875,12.6171875,12.6328125,12.734375,15.53125,16.5625,16.757812,16.953125,17.15625,17.296875,17.3125,17.210938
14229,2021-10-10 03:15:00,3504,13.40625,12.5703125,12.4765625,12.6484375,12.5625,12.578125,12.640625,12.609375,12.671875,15.4453125,16.539062,16.757812,16.945312,17.148438,17.289062,17.3125,17.203125
14230,2021-10-10 03:30:00,3504,13.2734375,12.40625,12.2578125,12.4296875,12.2265625,12.296875,12.3828125,12.3828125,12.46875,15.375,16.515625,16.75,16.945312,17.140625,17.289062,17.296875,17.195312
14231,2021-10-10 03:45:00,3504,13.125,12.375,12.25,12.4453125,12.21875,12.2578125,12.34375,12.3984375,12.5078125,15.3046875,16.492188,16.75,16.945312,17.132812,17.28125,17.296875,17.195312
14232,2021-10-10 04:00:00,3510,12.9921875,12.171875,11.9921875,12.1796875,11.9609375,12.0234375,12.125,12.1640625,12.3046875,15.2421875,16.476562,16.742188,16.945312,17.132812,17.273438,17.28125,17.1875
14233,2021-10-10 04:15:00,3504,12.890625,12.21875,12.2265625,12.421875,12.3125,12.3515625,12.4140625,12.3828125,12.421875,15.1796875,16.445312,16.742188,16.945312,17.125,17.257812,17.28125,17.179688
14234,2021-10-10 04:30:00,3504,12.75,12.078125,12.0703125,12.2734375,12.09375,12.109375,12.1796875,12.1875,12.25,15.0703125,16.414062,16.734375,16.9375,17.125,17.257812,17.273438,17.179688
14235,2021-10-10 04:45:00,3504,12.6484375,12.03125,12.1484375,12.3359375,12.3046875,12.265625,12.3359375,12.296875,12.3125,14.9921875,16.390625,16.734375,16.9375,17.117188,17.25,17.265625,17.179688
14236,2021-10-10 05:00:00,3504,12.6796875,12.2265625,12.2421875,12.4296875,12.28125,12.34375,12.390625,12.390625,12.4375,14.953125,16.367188,16.734375,16.929688,17.109375,17.242188,17.257812,17.171875
14237,2021-10-10 05:15:00,3504,12.6015625,11.9921875,12.0078125,12.1875,12.078125,12.1171875,12.203125,12.1796875,12.2421875,14.9296875,16.34375,16.71875,16.929688,17.101562,17.234375,17.242188,17.164062
14238,2021-10-10 05:30:00,3504,12.484375,11.984375,11.96875,12.15625,11.9609375,12.0234375,12.1015625,12.140625,12.234375,14.8828125,16.320312,16.710938,16.929688,17.09375,17.226562,17.234375,17.164062
14239,2021-10-10 05:45:00,3510,12.40625,11.828125,11.7109375,11.8828125,11.671875,11.7421875,11.8359375,11.890625,12.0390625,14.859375,16.28125,16.703125,16.929688,17.101562,17.21875,17.234375,17.15625
14240,2021-10-10 06:00:00,3504,12.2578125,11.609375,11.6015625,11.7578125,11.5078125,11.5703125,11.6953125,11.75,11.9296875,14.828125,16.257812,16.695312,16.921875,17.085938,17.210938,17.234375,17.15625
14241,2021-10-10 06:15:00,3510,12.2109375,11.8359375,11.9765625,12.1328125,11.9609375,11.9921875,12.0859375,12.09375,12.15625,14.78125,16.226562,16.6875,16.921875,17.085938,17.203125,17.21875,17.15625
14242,2021-10-10 06:30:00,3504,12.5,12.34375,12.484375,12.6796875,12.4765625,12.5625,12.640625,12.6640625,12.703125,14.8203125,16.203125,16.671875,16.914062,17.085938,17.203125,17.21875,17.148438
14243,2021-10-10 06:45:00,3504,12.5390625,12.078125,12.140625,12.2890625,12.1015625,12.203125,12.3046875,12.296875,12.3359375,14.8125,16.179688,16.664062,16.914062,17.078125,17.1875,17.210938,17.140625
14244,2021-10-10 07:00:00,3504,12.4140625,12.015625,12.1875,12.375,12.0859375,12.1796875,12.296875,12.3046875,12.3046875,14.7890625,16.15625,16.65625,16.914062,17.070312,17.195312,17.203125,17.148438
14245,2021-10-10 07:15:00,3504,12.375,11.9140625,12.0703125,12.2421875,11.9609375,12.0390625,12.1484375,12.1640625,12.21875,14.7734375,16.132812,16.640625,16.90625,17.070312,17.1875,17.203125,17.140625
14246,2021-10-10 07:30:00,3504,12.3203125,11.90625,12.015625,12.1875,11.9765625,12.0078125,12.0859375,12.1171875,12.1875,14.7421875,16.109375,16.632812,16.898438,17.0625,17.179688,17.195312,17.132812
14247,2021-10-10 07:45:00,3504,12.203125,11.8125,12.015625,12.2578125,12.1015625,12.171875,12.2890625,12.2734375,12.2734375,14.6953125,16.085938,16.625,16.898438,17.0625,17.171875,17.195312,17.132812
14248,2021-10-10 08:00:00,3498,12.1015625,11.640625,11.796875,11.9765625,11.7265625,11.8125,11.921875,11.9296875,11.9921875,14.65625,16.070312,16.609375,16.890625,17.054688,17.164062,17.1875,17.125
14249,2021-10-10 08:15:00,3504,12.1796875,11.8671875,12.0390625,12.2265625,12.0390625,12.125,12.21875,12.21875,12.2421875,14.640625,16.046875,16.59375,16.882812,17.054688,17.164062,17.179688,17.125
14250,2021-10-10 08:30:00,3504,12.125,11.6796875,11.7109375,11.859375,11.640625,11.7109375,11.8046875,11.828125,11.921875,14.609375,16.015625,16.585938,16.875,17.046875,17.164062,17.171875,17.117188
14251,2021-10-10 08:45:00,3498,12.1015625,11.890625,12.0625,12.2578125,12.109375,12.15625,12.2421875,12.25,12.2890625,14.578125,15.9921875,16.5625,16.867188,17.039062,17.15625,17.179688,17.109375
14252,2021-10-10 09:00:00,3504,12.2109375,11.953125,12.0078125,12.1953125,11.9921875,12.046875,12.1015625,12.1484375,12.25,14.5859375,15.9765625,16.554688,16.859375,17.039062,17.148438,17.171875,17.109375
14253,2021-10-10 09:15:00,3498,12.09375,11.65625,11.6796875,11.8515625,11.609375,11.703125,11.8125,11.8359375,11.9140625,14.53125,15.9609375,16.539062,16.851562,17.023438,17.148438,17.164062,17.109375
14254,2021-10-10 09:30:00,3498,12.0078125,11.6015625,11.6640625,11.8515625,11.671875,11.765625,11.84375,11.875,11.9296875,14.5078125,15.9375,16.523438,16.859375,17.03125,17.140625,17.15625,17.101562
14255,2021-10-10 09:45:00,3504,11.9765625,11.5,11.5078125,11.671875,11.4453125,11.5625,11.6796875,11.71875,11.8515625,14.484375,15.921875,16.515625,16.84375,17.023438,17.132812,17.15625,17.101562
14256,2021-10-10 10:00:00,3504,11.90625,11.6171875,11.5625,11.765625,11.578125,11.6015625,11.6953125,11.75,11.90625,14.4609375,15.890625,16.507812,16.835938,17.015625,17.132812,17.148438,17.101562
14257,2021-10-10 10:15:00,3504,11.828125,11.4921875,11.4296875,11.6171875,11.4296875,11.46875,11.578125,11.609375,11.78125,14.453125,15.875,16.492188,16.835938,17.007812,17.125,17.148438,17.085938
14258,2021-10-10 10:30:00,3504,11.53125,10.7421875,10.7109375,10.859375,10.796875,10.8125,10.8984375,10.921875,11.125,14.40625,15.859375,16.476562,16.828125,17.007812,17.109375,17.140625,17.085938
14259,2021-10-10 10:45:00,3498,11.5234375,11.2578125,11.3359375,11.515625,11.3828125,11.375,11.4375,11.484375,11.578125,14.328125,15.84375,16.46875,16.8125,17.0,17.109375,17.132812,17.085938
14260,2021-10-10 11:00:00,3498,11.578125,11.3125,11.25,11.4375,11.2578125,11.28125,11.359375,11.4296875,11.59375,14.328125,15.8203125,16.453125,16.8125,16.992188,17.101562,17.132812,17.085938
14261,2021-10-10 11:15:00,3498,11.5,10.9921875,10.890625,11.0234375,10.78125,10.90625,11.0390625,11.078125,11.3046875,14.3359375,15.8046875,16.4375,16.796875,16.992188,17.101562,17.125,17.070312
14262,2021-10-10 11:30:00,3498,11.28125,10.6640625,10.6171875,10.7890625,10.53125,10.6171875,10.75,10.828125,11.0625,14.2890625,15.78125,16.421875,16.789062,16.984375,17.09375,17.117188,17.070312
14263,2021-10-10 11:45:00,3498,11.1796875,10.6171875,10.5546875,10.7421875,10.53125,10.5625,10.6640625,10.7421875,11.0,14.25,15.7578125,16.40625,16.78125,16.976562,17.09375,17.109375,17.070312
14264,2021-10-10 12:00:00,3492,11.1640625,10.7890625,10.859375,11.0703125,10.875,10.90625,10.984375,11.015625,11.109375,14.1875,15.734375,16.398438,16.773438,16.96875,17.085938,17.109375,17.070312
14265,2021-10-10 12:15:00,3492,11.40625,11.234375,11.2421875,11.4140625,11.234375,11.296875,11.3515625,11.421875,11.546875,14.203125,15.7265625,16.382812,16.765625,16.960938,17.078125,17.101562,17.0625
14266,2021-10-10 12:30:00,3492,11.3984375,11.0859375,11.0,11.1796875,11.0,11.0546875,11.1171875,11.171875,11.3359375,14.1875,15.6953125,16.367188,16.757812,16.960938,17.078125,17.101562,17.0625
14267,2021-10-10 12:45:00,3498,11.2265625,10.8203125,10.875,11.078125,10.890625,10.90625,10.9921875,11.0078125,11.078125,14.109375,15.6796875,16.359375,16.75,16.953125,17.070312,17.09375,17.0625
14268,2021-10-10 13:00:00,3498,11.3515625,11.109375,11.15625,11.3828125,11.1875,11.234375,11.3125,11.3671875,11.484375,14.1171875,15.6640625,16.34375,16.742188,16.953125,17.0625,17.085938,17.046875
14269,2021-10-10 13:15:00,3498,11.453125,11.296875,11.3125,11.5625,11.4375,11.34375,11.390625,11.421875,11.484375,14.09375,15.640625,16.328125,16.726562,16.945312,17.054688,17.09375,17.046875
14270,2021-10-10 13:30:00,3504,11.515625,11.21875,11.2578125,11.453125,11.2890625,11.3203125,11.3828125,11.40625,11.4921875,14.078125,15.625,16.320312,16.71875,16.9375,17.054688,17.085938,17.039062
14271,2021-10-10 13:45:00,3498,11.5546875,11.25,11.1171875,11.2578125,11.015625,11.0,11.0625,11.078125,11.2734375,14.09375,15.6015625,16.296875,16.710938,16.929688,17.046875,17.078125,17.03125
14272,2021-10-10 14:00:00,3498,11.375,10.9375,10.8125,10.9609375,10.7421875,10.84375,10.9765625,11.03125,11.2734375,14.078125,15.5859375,16.28125,16.695312,16.921875,17.039062,17.070312,17.023438
14273,2021-10-10 14:15:00,3492,11.0703125,10.4609375,10.328125,10.4453125,10.25,10.359375,10.484375,10.546875,10.765625,14.0234375,15.5703125,16.265625,16.6875,16.90625,17.03125,17.0625,17.023438
14274,2021-10-10 14:30:00,3492,10.6875,9.8515625,9.6953125,9.84375,9.515625,9.578125,9.78125,9.8984375,10.296875,13.9453125,15.546875,16.257812,16.671875,16.90625,17.03125,17.054688,17.023438
14275,2021-10-10 14:45:00,3486,10.6171875,10.265625,10.359375,10.578125,10.421875,10.4296875,10.484375,10.53125,10.703125,13.9140625,15.53125,16.25,16.671875,16.890625,17.023438,17.054688,17.015625
14276,2021-10-10 15:00:00,3498,10.734375,10.734375,10.71875,10.90625,10.7265625,10.5625,10.5546875,10.6015625,10.8984375,13.9296875,15.5078125,16.226562,16.65625,16.890625,17.015625,17.054688,17.007812
14277,2021-10-10 15:15:00,3486,11.7265625,12.78125,12.734375,12.875,12.6171875,12.21875,11.9609375,11.8203125,11.828125,14.0390625,15.484375,16.210938,16.640625,16.882812,17.007812,17.046875,17.0
14278,2021-10-10 15:30:00,3492,12.921875,14.5546875,14.7734375,14.84375,14.4453125,14.09375,13.65625,13.3125,13.0703125,14.21875,15.4609375,16.203125,16.632812,16.875,17.0,17.039062,16.992188
14279,2021-10-10 15:45:00,3486,14.03125,15.40625,15.546875,15.734375,15.34375,15.21875,14.8046875,14.4140625,14.125,14.4921875,15.4453125,16.179688,16.625,16.867188,16.992188,17.03125,16.992188
14280,2021-10-10 16:00:00,3492,15.15625,16.6875,16.84375,17.515625,16.59375,16.390625,15.78125,15.1640625,14.6953125,14.6875,15.4296875,16.164062,16.617188,16.851562,16.992188,17.03125,16.992188
14281,2021-10-10 16:15:00,3498,16.273438,17.828125,18.132812,18.898438,17.921875,17.875,17.203125,16.625,15.9140625,14.9453125,15.4296875,16.15625,16.601562,16.851562,16.984375,17.023438,16.976562
14282,2021-10-10 16:30:00,3492,17.265625,18.75,19.242188,19.96875,18.992188,18.90625,17.992188,17.265625,16.539062,15.1875,15.421875,16.140625,16.59375,16.84375,16.984375,17.015625,16.976562
14283,2021-10-10 16:45:00,3486,18.367188,19.859375,20.484375,20.9375,19.78125,19.851562,18.71875,18.007812,17.296875,15.4296875,15.421875,16.117188,16.570312,16.835938,16.976562,17.007812,16.96875
14284,2021-10-10 17:00:00,3492,19.601562,21.148438,22.25,22.117188,20.921875,21.101562,19.953125,19.328125,18.609375,15.734375,15.4296875,16.109375,16.5625,16.828125,16.960938,17.007812,16.960938
14285,2021-10-10 17:15:00,3492,20.710938,21.742188,21.804688,21.703125,21.148438,22.023438,20.671875,20.15625,19.546875,16.054688,15.4453125,16.09375,16.554688,16.820312,16.960938,17.0,16.960938
14286,2021-10-10 17:30:00,3498,21.5625,22.742188,24.03125,23.390625,22.460938,23.34375,21.726562,21.195312,20.640625,16.398438,15.4609375,16.078125,16.539062,16.804688,16.953125,16.992188,16.953125
14287,2021-10-10 17:45:00,3498,22.554688,23.914062,25.15625,23.882812,22.789062,24.03125,21.914062,21.476562,21.070312,16.671875,15.4921875,16.078125,16.53125,16.796875,16.945312,16.984375,16.945312
14288,2021-10-10 18:00:00,3498,23.132812,23.34375,23.070312,22.039062,21.515625,21.90625,20.78125,20.484375,20.179688,16.757812,15.53125,16.0625,16.523438,16.789062,16.9375,16.984375,16.9375
14289,2021-10-10 18:15:00,3498,22.25,21.40625,21.0625,20.5625,20.34375,20.429688,20.179688,20.210938,20.125,16.804688,15.5625,16.054688,16.507812,16.78125,16.929688,16.976562,16.9375
14290,2021-10-10 18:30:00,3504,23.101562,24.382812,24.601562,23.351562,22.789062,22.734375,22.445312,22.640625,22.34375,17.195312,15.609375,16.046875,16.5,16.765625,16.921875,16.976562,16.929688
14291,2021-10-10 18:45:00,3504,23.945312,24.65625,24.0625,23.484375,22.703125,23.210938,23.414062,23.898438,23.734375,17.664062,15.65625,16.03125,16.484375,16.765625,16.914062,16.960938,16.921875
14292,2021-10-10 19:00:00,3504,24.460938,25.640625,25.765625,24.820312,23.453125,23.632812,24.492188,24.84375,24.21875,17.929688,15.6953125,16.03125,16.476562,16.757812,16.914062,16.960938,16.90625
14293,2021-10-10 19:15:00,3504,25.46875,26.882812,26.8125,24.867188,24.125,24.71875,25.914062,26.320312,25.625,18.28125,15.7578125,16.03125,16.460938,16.742188,16.90625,16.945312,16.90625
14294,2021-10-10 19:30:00,3504,26.367188,27.640625,26.453125,24.890625,24.671875,25.703125,27.421875,27.765625,27.148438,18.859375,15.8125,16.039062,16.453125,16.734375,16.890625,16.945312,16.898438
14295,2021-10-10 19:45:00,3510,27.164062,28.203125,25.820312,25.15625,25.148438,26.546875,28.453125,28.796875,27.898438,19.273438,15.8828125,16.039062,16.445312,16.734375,16.890625,16.9375,16.898438
14296,2021-10-10 20:00:00,3510,28.148438,29.59375,27.226562,25.960938,26.25,28.164062,29.804688,29.976562,28.78125,19.664062,15.953125,16.046875,16.429688,16.71875,16.882812,16.929688,16.882812
14297,2021-10-10 20:15:00,3510,28.664062,29.742188,26.398438,25.78125,26.1875,28.445312,29.867188,29.625,28.679688,19.960938,16.03125,16.054688,16.421875,16.710938,16.867188,16.921875,16.875
14298,2021-10-10 20:30:00,3510,29.476562,31.148438,27.265625,27.039062,27.90625,30.4375,31.453125,31.023438,29.960938,20.273438,16.117188,16.0625,16.414062,16.703125,16.867188,16.90625,16.867188
14299,2021-10-10 20:45:00,3522,30.085938,30.625,27.5625,27.664062,28.921875,31.101562,31.679688,31.265625,30.351562,20.570312,16.210938,16.070312,16.40625,16.695312,16.859375,16.90625,16.867188
14300,2021-10-10 21:00:00,3510,30.359375,29.765625,26.90625,27.039062,28.140625,30.296875,30.875,30.445312,29.640625,20.773438,16.304688,16.085938,16.398438,16.679688,16.84375,16.898438,16.859375
14301,2021-10-10 21:15:00,3510,30.570312,30.023438,27.039062,27.101562,28.320312,30.1875,30.554688,29.921875,29.023438,20.851562,16.40625,16.09375,16.390625,16.671875,16.835938,16.890625,16.851562
14302,2021-10-10 21:30:00,3528,28.085938,24.539062,22.460938,22.21875,22.203125,22.804688,22.859375,22.882812,23.070312,20.054688,16.507812,16.117188,16.390625,16.664062,16.835938,16.882812,16.84375
14303,2021-10-10 21:45:00,3522,25.179688,22.148438,20.703125,20.570312,20.414062,20.59375,20.59375,20.632812,20.820312,19.367188,16.609375,16.132812,16.390625,16.65625,16.820312,16.875,16.835938
14304,2021-10-10 22:00:00,3516,23.5625,21.273438,20.046875,19.859375,19.648438,19.71875,19.671875,19.695312,19.828125,18.945312,16.695312,16.164062,16.382812,16.640625,16.8125,16.867188,16.835938
14305,2021-10-10 22:15:00,3528,22.25,20.148438,19.039062,18.90625,18.71875,18.804688,18.796875,18.835938,18.992188,18.617188,16.757812,16.1875,16.382812,16.640625,16.804688,16.867188,16.828125
14306,2021-10-10 22:30:00,3522,21.585938,20.179688,19.289062,19.140625,18.820312,18.710938,18.59375,18.539062,18.625,18.375,16.8125,16.21875,16.375,16.632812,16.796875,16.859375,16.820312
14307,2021-10-10 22:45:00,3522,21.140625,19.851562,19.109375,19.023438,18.789062,18.671875,18.570312,18.46875,18.453125,18.203125,16.851562,16.242188,16.382812,16.625,16.796875,16.851562,16.8125
14308,2021-10-10 23:00:00,3528,20.75,19.46875,18.609375,18.484375,18.109375,18.023438,17.828125,17.726562,17.835938,18.023438,16.882812,16.273438,16.375,16.617188,16.78125,16.84375,16.8125
14309,2021-10-10 23:15:00,3522,20.023438,18.390625,17.515625,17.390625,17.109375,17.132812,17.023438,17.023438,17.226562,17.835938,16.898438,16.296875,16.382812,16.609375,16.78125,16.84375,16.804688
14310,2021-10-10 23:30:00,3528,19.367188,17.84375,17.046875,16.992188,16.710938,16.734375,16.640625,16.679688,16.890625,17.664062,16.90625,16.328125,16.382812,16.609375,16.765625,16.828125,16.796875
14311,2021-10-10 23:45:00,3522,18.789062,17.398438,16.609375,16.53125,16.242188,16.242188,16.179688,16.226562,16.46875,17.5,16.914062,16.359375,16.382812,16.601562,16.757812,16.828125,16.796875
14312,2021-10-11 00:00:00,3528,18.234375,16.835938,16.085938,15.9921875,15.6640625,15.5546875,15.484375,15.5390625,15.8203125,17.304688,16.914062,16.375,16.390625,16.59375,16.75,16.8125,16.789062
14313,2021-10-11 00:15:00,3522,17.625,16.09375,15.171875,15.046875,14.71875,14.875,14.8984375,15.0625,15.4765625,17.148438,16.914062,16.398438,16.40625,16.585938,16.75,16.8125,16.789062
14314,2021-10-11 00:30:00,3522,17.015625,15.4296875,14.2578125,14.046875,13.6953125,13.8515625,14.0234375,14.21875,14.671875,16.9375,16.898438,16.421875,16.40625,16.570312,16.742188,16.804688,16.78125
14315,2021-10-11 00:45:00,3516,16.492188,15.09375,13.8203125,13.5546875,13.1796875,13.2265625,13.359375,13.6015625,14.109375,16.71875,16.882812,16.4375,16.40625,16.570312,16.734375,16.804688,16.78125
14316,2021-10-11 01:00:00,3522,16.070312,14.703125,13.4609375,13.25,12.9140625,12.8984375,13.0234375,13.1875,13.6484375,16.523438,16.867188,16.460938,16.421875,16.570312,16.726562,16.796875,16.773438
14317,2021-10-11 01:15:00,3522,15.6796875,14.4296875,13.640625,13.7578125,13.5390625,13.4140625,13.453125,13.4765625,13.640625,16.335938,16.84375,16.476562,16.429688,16.5625,16.726562,16.789062,16.765625
14318,2021-10-11 01:30:00,3528,15.4375,14.1796875,13.4765625,13.5859375,13.3359375,13.2734375,13.2734375,13.3125,13.4609375,16.203125,16.820312,16.484375,16.429688,16.570312,16.71875,16.78125,16.765625
14319,2021-10-11 01:45:00,3522,15.1484375,14.0546875,13.421875,13.5546875,13.2890625,13.3203125,13.3984375,13.4375,13.609375,16.101562,16.796875,16.492188,16.4375,16.5625,16.710938,16.78125,16.765625
14320,2021-10-11 02:00:00,3528,14.8046875,13.5390625,12.953125,13.0703125,12.8359375,12.8046875,12.859375,12.9140625,13.1171875,15.96875,16.765625,16.507812,16.445312,16.554688,16.710938,16.773438,16.757812
14321,2021-10-11 02:15:00,3522,14.515625,13.265625,12.8359375,12.9609375,12.8671875,12.7578125,12.7890625,12.8125,12.984375,15.8671875,16.734375,16.515625,16.460938,16.5625,16.703125,16.765625,16.757812
14322,2021-10-11 02:30:00,3522,14.421875,13.7265625,13.5390625,13.8046875,13.65625,13.4296875,13.46875,13.453125,13.5234375,15.8046875,16.703125,16.53125,16.46875,16.554688,16.695312,16.765625,16.757812
14323,2021-10-11 02:45:00,3522,14.28125,13.1953125,12.828125,12.8671875,12.7265625,12.5625,12.578125,12.5546875,12.71875,15.703125,16.664062,16.53125,16.476562,16.554688,16.695312,16.757812,16.757812
14324,2021-10-11 03:00:00,3522,14.046875,13.2109375,12.9609375,13.2109375,13.0234375,12.8984375,12.9375,12.9375,13.03125,15.625,16.632812,16.539062,16.476562,16.554688,16.695312,16.757812,16.757812
14325,2021-10-11 03:15:00,3516,13.96875,12.9921875,12.453125,12.53125,12.2109375,12.3203125,12.46875,12.5234375,12.796875,15.6015625,16.601562,16.53125,16.484375,16.554688,16.6875,16.757812,16.757812
14326,2021-10-11 03:30:00,3522,13.46875,12.125,11.5859375,11.6875,11.34375,11.3828125,11.53125,11.5859375,11.8359375,15.390625,16.554688,16.53125,16.492188,16.554688,16.679688,16.742188,16.75
14327,2021-10-11 03:45:00,3516,13.40625,12.7578125,12.6875,12.9296875,12.734375,12.7421875,12.8203125,12.8359375,12.921875,15.40625,16.53125,16.53125,16.5,16.5625,16.679688,16.742188,16.742188
14328,2021-10-11 04:00:00,3516,13.4765625,12.9453125,12.640625,12.7578125,12.4609375,12.546875,12.671875,12.7734375,13.015625,15.4453125,16.492188,16.53125,16.507812,16.554688,16.679688,16.742188,16.75
14329,2021-10-11 04:15:00,3522,13.2734375,12.5703125,12.2109375,12.265625,11.9609375,12.0859375,12.234375,12.28125,12.5703125,15.359375,16.460938,16.53125,16.507812,16.5625,16.671875,16.742188,16.75
14330,2021-10-11 04:30:00,3522,13.0078125,12.203125,12.03125,12.109375,11.9296875,11.9921875,12.1171875,12.1640625,12.40625,15.3203125,16.429688,16.523438,16.515625,16.554688,16.671875,16.734375,16.75
14331,2021-10-11 04:45:00,3522,12.859375,12.1875,12.03125,12.1875,11.953125,12.0859375,12.21875,12.2734375,12.4765625,15.296875,16.390625,16.523438,16.523438,16.5625,16.664062,16.734375,16.75
14332,2021-10-11 05:00:00,3516,12.6796875,11.96875,11.84375,11.96875,11.8125,11.890625,12.0078125,12.0390625,12.234375,15.2421875,16.367188,16.515625,16.523438,16.5625,16.671875,16.734375,16.75
14333,2021-10-11 05:15:00,3516,12.4609375,11.640625,11.3671875,11.4453125,11.1640625,11.328125,11.5,11.578125,11.8671875,15.15625,16.335938,16.507812,16.53125,16.570312,16.664062,16.726562,16.742188
14334,2021-10-11 05:30:00,3510,12.1484375,11.046875,10.703125,10.796875,10.515625,10.6484375,10.8515625,10.890625,11.1875,15.03125,16.304688,16.5,16.53125,16.570312,16.664062,16.734375,16.75
14335,2021-10-11 05:45:00,3516,11.796875,10.7109375,10.2578125,10.3515625,10.0390625,10.1328125,10.3671875,10.484375,10.84375,14.890625,16.28125,16.5,16.539062,16.570312,16.664062,16.726562,16.75
14336,2021-10-11 06:00:00,3510,11.4609375,10.3125,9.84375,9.9609375,9.671875,9.71875,9.9609375,10.0234375,10.3828125,14.734375,16.257812,16.492188,16.53125,16.570312,16.664062,16.726562,16.75
14337,2021-10-11 06:15:00,3522,11.171875,10.046875,9.5859375,9.7109375,9.453125,9.5390625,9.7421875,9.8203125,10.171875,14.6328125,16.226562,16.476562,16.539062,16.585938,16.664062,16.726562,16.742188
14338,2021-10-11 06:30:00,3510,10.8671875,9.75,9.3203125,9.4296875,9.2265625,9.2734375,9.453125,9.5,9.875,14.5234375,16.195312,16.46875,16.539062,16.578125,16.664062,16.71875,16.75
14339,2021-10-11 06:45:00,3522,10.6015625,9.4765625,8.9921875,9.1171875,8.875,8.96875,9.171875,9.203125,9.4609375,14.328125,16.15625,16.46875,16.539062,16.585938,16.65625,16.71875,16.742188
14340,2021-10-11 07:00:00,3510,10.328125,9.1796875,8.6640625,8.7890625,8.5390625,8.5390625,8.640625,8.71875,9.0390625,14.1640625,16.125,16.460938,16.539062,16.578125,16.65625,16.71875,16.75
14341,2021-10-11 07:15:00,3510,10.0625,8.84375,8.3359375,8.453125,8.1953125,8.1953125,8.3203125,8.3984375,8.8359375,14.0859375,16.09375,16.4375,16.539062,16.585938,16.65625,16.71875,16.75
14342,2021-10-11 07:30:00,3516,9.796875,8.671875,8.140625,8.2421875,7.9765625,7.921875,8.0234375,8.1015625,8.5234375,13.9375,16.054688,16.429688,16.539062,16.585938,16.65625,16.71875,16.75
14343,2021-10-11 07:45:00,3510,9.6015625,8.625,8.1875,8.28125,8.0078125,7.890625,7.9453125,8.0625,8.4765625,13.8125,16.007812,16.421875,16.539062,16.585938,16.65625,16.71875,16.75
14344,2021-10-11 08:00:00,3510,9.5078125,8.75,8.4140625,8.5078125,8.234375,7.953125,7.9453125,8.0703125,8.5625,13.734375,15.96875,16.40625,16.539062,16.585938,16.65625,16.71875,16.75
14345,2021-10-11 08:15:00,3528,9.4765625,8.7421875,8.40625,8.5859375,8.28125,8.0390625,8.0703125,8.1484375,8.5078125,13.6640625,15.921875,16.398438,16.539062,16.585938,16.65625,16.71875,16.757812
14346,2021-10-11 08:30:00,3510,9.4765625,8.9375,8.6796875,8.796875,8.5,8.2421875,8.2265625,8.2421875,8.6484375,13.59375,15.8828125,16.382812,16.53125,16.59375,16.65625,16.71875,16.75
14347,2021-10-11 08:45:00,3510,9.765625,9.328125,9.078125,9.1484375,8.78125,8.5859375,8.5546875,8.625,8.9765625,13.625,15.8359375,16.367188,16.539062,16.59375,16.664062,16.71875,16.757812
14348,2021-10-11 09:00:00,3504,9.9453125,9.84375,9.796875,9.875,9.515625,9.28125,9.2265625,9.1640625,9.3671875,13.5859375,15.796875,16.351562,16.53125,16.585938,16.65625,16.71875,16.75
14349,2021-10-11 09:15:00,3510,10.109375,9.84375,9.7734375,9.8359375,9.3984375,9.3203125,9.2890625,9.3046875,9.6015625,13.59375,15.7421875,16.335938,16.53125,16.59375,16.65625,16.71875,16.75
14350,2021-10-11 09:30:00,3510,10.0234375,9.3671875,9.09375,9.1640625,8.6875,8.609375,8.59375,8.6875,9.1328125,13.546875,15.703125,16.320312,16.523438,16.585938,16.65625,16.710938,16.757812
14351,2021-10-11 09:45:00,3504,9.9296875,9.609375,9.5625,9.640625,9.1953125,9.15625,9.1796875,9.2734375,9.578125,13.4765625,15.671875,16.304688,16.523438,16.59375,16.664062,16.71875,16.757812
14352,2021-10-11 10:00:00,3504,9.9453125,9.8515625,9.8046875,9.859375,9.4296875,9.375,9.375,9.3125,9.578125,13.4296875,15.625,16.289062,16.507812,16.59375,16.664062,16.710938,16.757812
14353,2021-10-11 10:15:00,3504,9.875,9.4296875,9.2890625,9.390625,8.984375,8.9765625,8.9609375,8.984375,9.296875,13.3828125,15.5859375,16.265625,16.507812,16.59375,16.65625,16.71875,16.75
14354,2021-10-11 10:30:00,3504,9.7421875,9.2109375,9.0625,9.1640625,8.6875,8.6953125,8.7265625,8.78125,9.1953125,13.3203125,15.5546875,16.25,16.5,16.59375,16.65625,16.710938,16.75
14355,2021-10-11 10:45:00,3504,9.46875,8.8046875,8.6171875,8.75,8.3984375,8.3046875,8.3515625,8.3671875,8.7265625,13.2109375,15.515625,16.234375,16.492188,16.59375,16.664062,16.710938,16.75
14356,2021-10-11 11:00:00,3504,9.203125,8.3125,7.8671875,7.8984375,7.3828125,7.3828125,7.4296875,7.6484375,8.28125,13.1015625,15.4765625,16.210938,16.492188,16.59375,16.65625,16.71875,16.75
14357,2021-10-11 11:15:00,3504,9.0078125,8.1796875,7.890625,8.0625,7.7421875,7.71875,7.859375,7.9375,8.3515625,13.0234375,15.4375,16.195312,16.476562,16.585938,16.664062,16.71875,16.75
14358,2021-10-11 11:30:00,3504,8.7734375,8.046875,7.8203125,7.9140625,7.5078125,7.4765625,7.5078125,7.5859375,8.0703125,12.9453125,15.3984375,16.171875,16.476562,16.585938,16.65625,16.710938,16.75
14359,2021-10-11 11:45:00,3510,8.703125,8.28125,8.21875,8.3046875,7.984375,7.8828125,7.9375,8.0078125,8.3671875,12.890625,15.3515625,16.148438,16.46875,16.585938,16.65625,16.71875,16.75
14360,2021-10-11 12:00:00,3510,8.8125,8.546875,8.3984375,8.484375,8.0625,8.1015625,8.21875,8.28125,8.671875,12.859375,15.3203125,16.140625,16.460938,16.585938,16.65625,16.710938,16.75
14361,2021-10-11 12:15:00,3510,8.75,8.3046875,8.0390625,8.140625,7.75,7.734375,7.84375,7.9140625,8.3828125,12.828125,15.28125,16.117188,16.453125,16.570312,16.65625,16.710938,16.75
14362,2021-10-11 12:30:00,3504,8.7265625,8.21875,7.8203125,7.9140625,7.4453125,7.4453125,7.5390625,7.5859375,8.1171875,12.8203125,15.2421875,16.085938,16.4375,16.570312,16.65625,16.710938,16.742188
14363,2021-10-11 12:45:00,3504,8.6171875,8.25,8.0703125,8.140625,7.7578125,7.6796875,7.78125,7.8359375,8.2578125,12.7421875,15.203125,16.070312,16.429688,16.570312,16.65625,16.710938,16.742188
14364,2021-10-11 13:00:00,3498,8.3359375,7.359375,6.96875,7.03125,6.6015625,6.65625,6.8203125,6.9140625,7.359375,12.6171875,15.1640625,16.046875,16.421875,16.570312,16.65625,16.703125,16.742188
14365,2021-10-11 13:15:00,3504,8.0390625,7.25,6.8984375,7.0078125,6.5625,6.484375,6.609375,6.765625,7.359375,12.53125,15.125,16.023438,16.40625,16.5625,16.648438,16.703125,16.734375
14366,2021-10-11 13:30:00,3504,7.71875,6.6640625,6.3046875,6.421875,6.0390625,6.078125,6.28125,6.40625,6.9296875,12.3984375,15.0859375,16.0,16.398438,16.5625,16.648438,16.710938,16.742188
14367,2021-10-11 13:45:00,3504,7.609375,7.28125,7.15625,7.296875,6.8984375,6.8515625,7.0078125,7.109375,7.546875,12.328125,15.046875,15.9765625,16.390625,16.554688,16.640625,16.703125,16.734375
14368,2021-10-11 14:00:00,3498,7.78125,7.4609375,7.28125,7.375,6.9453125,6.9296875,7.03125,7.15625,7.7109375,12.40625,15.0078125,15.953125,16.382812,16.546875,16.648438,16.703125,16.734375
14369,2021-10-11 14:15:00,3498,7.6953125,7.140625,6.8359375,6.8984375,6.46875,6.5,6.6171875,6.8046875,7.4140625,12.3515625,14.9609375,15.9296875,16.367188,16.546875,16.640625,16.695312,16.734375
14370,2021-10-11 14:30:00,3498,7.7734375,7.546875,7.4296875,7.5078125,7.0625,7.1015625,7.25,7.4140625,7.890625,12.3359375,14.9140625,15.90625,16.359375,16.539062,16.648438,16.703125,16.726562
14371,2021-10-11 14:45:00,3504,7.8984375,7.5625,7.4296875,7.546875,7.1640625,7.21875,7.3203125,7.40625,7.90625,12.375,14.875,15.8828125,16.34375,16.53125,16.640625,16.703125,16.726562
14372,2021-10-11 15:00:00,3504,8.1484375,8.359375,8.3203125,8.4453125,8.0546875,7.984375,8.03125,8.109375,8.546875,12.4296875,14.84375,15.859375,16.335938,16.53125,16.632812,16.695312,16.71875
14373,2021-10-11 15:15:00,3498,9.0703125,9.96875,10.046875,10.109375,9.7578125,9.53125,9.34375,9.234375,9.3671875,12.5234375,14.8046875,15.8359375,16.320312,16.53125,16.632812,16.695312,16.71875
14374,2021-10-11 15:30:00,3498,10.125,11.2578125,11.3515625,11.4296875,11.0703125,10.90625,10.578125,10.296875,10.234375,12.671875,14.7734375,15.8125,16.304688,16.515625,16.632812,16.6875,16.710938
14375,2021-10-11 15:45:00,3492,11.1328125,12.2890625,12.46875,12.640625,12.25,12.1015625,11.7578125,11.3671875,11.09375,12.8359375,14.75,15.78125,16.296875,16.515625,16.625,16.679688,16.710938
14376,2021-10-11 16:00:00,3498,12.0703125,13.125,13.3984375,14.3515625,13.2734375,13.234375,12.7109375,12.2890625,11.953125,13.0546875,14.71875,15.7578125,16.28125,16.515625,16.625,16.6875,16.710938
14377,2021-10-11 16:15:00,3498,13.109375,14.4140625,14.734375,15.53125,14.5703125,14.546875,14.0,13.5625,13.0234375,13.28125,14.6953125,15.7421875,16.265625,16.5,16.625,16.679688,16.703125
14378,2021-10-11 16:30:00,3498,14.1484375,15.15625,15.53125,16.320312,15.2890625,15.3125,14.65625,14.21875,13.7890625,13.5390625,14.6796875,15.71875,16.242188,16.492188,16.617188,16.679688,16.695312
14379,2021-10-11 16:45:00,3498,15.2109375,16.539062,17.070312,17.601562,16.476562,16.445312,15.6015625,15.15625,14.6796875,13.765625,14.6640625,15.6953125,16.234375,16.484375,16.617188,16.679688,16.695312
14380,2021-10-11 17:00:00,3504,16.46875,17.835938,19.0,19.109375,17.867188,18.023438,16.90625,16.359375,15.8828125,14.078125,14.6640625,15.671875,16.21875,16.476562,16.609375,16.671875,16.6875
14381,2021-10-11 17:15:00,3498,17.382812,18.460938,18.929688,18.921875,18.414062,19.015625,17.648438,17.164062,16.703125,14.359375,14.6640625,15.640625,16.203125,16.46875,16.601562,16.671875,16.679688
14382,2021-10-11 17:30:00,3498,17.804688,18.507812,19.828125,19.351562,18.539062,19.070312,17.625,17.242188,16.945312,14.5546875,14.6640625,15.625,16.1875,16.460938,16.59375,16.664062,16.679688
14383,2021-10-11 17:45:00,3498,18.257812,19.078125,20.742188,19.71875,18.921875,19.4375,17.960938,17.617188,17.3125,14.7578125,14.6875,15.6015625,16.171875,16.453125,16.59375,16.65625,16.679688
14384,2021-10-11 18:00:00,3498,17.960938,17.351562,17.359375,16.632812,16.3125,16.5,15.828125,15.7109375,15.703125,14.7109375,14.703125,15.5859375,16.164062,16.445312,16.585938,16.664062,16.671875
14385,2021-10-11 18:15:00,3498,17.140625,16.796875,16.984375,16.507812,16.351562,16.328125,16.0625,16.023438,15.890625,14.6171875,14.71875,15.5703125,16.148438,16.4375,16.585938,16.65625,16.65625
14386,2021-10-11 18:30:00,3498,17.890625,18.632812,19.296875,18.328125,18.140625,17.984375,17.625,17.710938,17.460938,14.9375,14.7421875,15.546875,16.125,16.429688,16.578125,16.640625,16.65625
14387,2021-10-11 18:45:00,3498,18.59375,20.59375,22.484375,20.242188,19.664062,19.351562,19.28125,19.390625,18.742188,15.1796875,14.765625,15.5390625,16.109375,16.414062,16.570312,16.640625,16.648438
14388,2021-10-11 17:30:00,3498,17.804688,18.507812,19.828125,19.351562,18.539062,19.070312,17.625,17.242188,16.945312,14.5546875,14.6640625,15.625,16.1875,16.460938,16.59375,16.664062,16.679688
14389,2021-10-11 17:45:00,3498,18.257812,19.078125,20.742188,19.71875,18.921875,19.4375,17.960938,17.617188,17.3125,14.7578125,14.6875,15.6015625,16.171875,16.453125,16.59375,16.65625,16.679688
14390,2021-10-11 18:00:00,3498,17.960938,17.351562,17.359375,16.632812,16.3125,16.5,15.828125,15.7109375,15.703125,14.7109375,14.703125,15.5859375,16.164062,16.445312,16.585938,16.664062,16.671875
14391,2021-10-11 18:15:00,3498,17.140625,16.796875,16.984375,16.507812,16.351562,16.328125,16.0625,16.023438,15.890625,14.6171875,14.71875,15.5703125,16.148438,16.4375,16.585938,16.65625,16.65625
14392,2021-10-11 18:30:00,3498,17.890625,18.632812,19.296875,18.328125,18.140625,17.984375,17.625,17.710938,17.460938,14.9375,14.7421875,15.546875,16.125,16.429688,16.578125,16.640625,16.65625
14393,2021-10-11 18:45:00,3498,18.59375,20.59375,22.484375,20.242188,19.664062,19.351562,19.28125,19.390625,18.742188,15.1796875,14.765625,15.5390625,16.109375,16.414062,16.570312,16.640625,16.648438
14394,2021-10-11 19:00:00,3504,18.671875,18.859375,19.328125,18.523438,17.9375,17.984375,18.289062,18.460938,18.023438,15.3125,14.7890625,15.515625,16.09375,16.40625,16.5625,16.640625,16.648438
14395,2021-10-11 19:15:00,3504,19.203125,20.40625,21.15625,19.789062,19.21875,19.328125,19.992188,20.273438,19.796875,15.6015625,14.8203125,15.5078125,16.085938,16.390625,16.554688,16.640625,16.632812
14396,2021-10-11 19:30:00,3498,20.171875,21.125,21.289062,19.710938,19.554688,19.90625,20.789062,21.09375,20.617188,16.0625,14.84375,15.5,16.070312,16.390625,16.554688,16.632812,16.632812
14397,2021-10-11 19:45:00,3498,21.804688,23.265625,22.148438,20.929688,20.945312,21.585938,22.75,23.179688,22.539062,16.492188,14.8828125,15.4921875,16.054688,16.375,16.546875,16.625,16.625
14398,2021-10-11 20:00:00,3504,22.273438,23.09375,21.859375,21.046875,21.328125,22.09375,23.257812,23.351562,22.53125,16.703125,14.9296875,15.484375,16.03125,16.367188,16.539062,16.617188,16.617188
14399,2021-10-11 20:15:00,3498,23.3125,23.992188,23.195312,22.203125,22.5625,23.796875,24.867188,24.960938,23.796875,17.039062,14.9765625,15.4765625,16.023438,16.359375,16.53125,16.609375,16.617188
14400,2021-10-11 20:30:00,3504,23.742188,24.40625,22.296875,21.929688,22.570312,23.859375,24.648438,24.757812,23.789062,17.25,15.03125,15.46875,16.007812,16.34375,16.523438,16.609375,16.601562
14401,2021-10-11 20:45:00,3504,23.984375,24.179688,22.007812,22.0625,22.851562,24.226562,24.914062,24.695312,23.71875,17.453125,15.0859375,15.46875,15.9921875,16.328125,16.515625,16.601562,16.59375
14402,2021-10-11 21:00:00,3510,24.078125,23.03125,21.171875,21.257812,22.085938,23.242188,23.820312,23.648438,23.023438,17.585938,15.1484375,15.46875,15.9765625,16.320312,16.507812,16.585938,16.59375
14403,2021-10-11 21:15:00,3510,23.3125,22.367188,20.75,20.601562,20.960938,21.757812,22.054688,21.820312,21.390625,17.4375,15.21875,15.4765625,15.96875,16.3125,16.5,16.585938,16.578125
14404,2021-10-11 21:30:00,3510,21.210938,18.90625,18.023438,17.953125,17.84375,17.976562,17.960938,17.90625,18.0,16.765625,15.2734375,15.4765625,15.9609375,16.304688,16.492188,16.585938,16.570312
14405,2021-10-11 21:45:00,3510,19.757812,18.226562,17.65625,17.625,17.460938,17.492188,17.429688,17.335938,17.25,16.398438,15.34375,15.4921875,15.9453125,16.289062,16.484375,16.5625,16.570312
14406,2021-10-11 22:00:00,3516,19.25,18.367188,18.015625,17.742188,17.53125,17.445312,17.289062,17.195312,17.109375,16.25,15.3984375,15.5,15.9375,16.28125,16.484375,16.5625,16.554688
14407,2021-10-11 22:15:00,3510,19.015625,18.257812,17.976562,17.570312,17.3125,17.203125,17.03125,16.960938,16.90625,16.15625,15.4296875,15.5078125,15.9296875,16.273438,16.46875,16.554688,16.546875
14408,2021-10-11 22:30:00,3510,18.773438,17.984375,17.65625,17.203125,16.9375,16.84375,16.679688,16.632812,16.609375,16.0625,15.4609375,15.5234375,15.921875,16.257812,16.460938,16.546875,16.539062
14409,2021-10-11 22:45:00,3504,18.476562,17.710938,17.382812,16.960938,16.703125,16.601562,16.429688,16.359375,16.3125,15.9609375,15.484375,15.53125,15.9140625,16.25,16.453125,16.539062,16.539062
14410,2021-10-11 23:00:00,3510,18.171875,17.398438,17.023438,16.546875,16.3125,16.226562,16.09375,16.046875,16.0625,15.8671875,15.5078125,15.5390625,15.9140625,16.242188,16.445312,16.53125,16.53125
14411,2021-10-11 23:15:00,3504,17.90625,17.1875,16.820312,16.375,16.148438,16.054688,15.890625,15.8671875,15.890625,15.7890625,15.515625,15.5546875,15.8984375,16.234375,16.4375,16.523438,16.523438
14412,2021-10-11 23:30:00,3504,17.632812,16.960938,16.640625,16.242188,16.015625,15.90625,15.734375,15.671875,15.65625,15.6953125,15.53125,15.5703125,15.8984375,16.21875,16.429688,16.523438,16.507812
14413,2021-10-11 23:45:00,3510,17.429688,16.828125,16.53125,16.078125,15.7734375,15.6484375,15.4765625,15.4375,15.46875,15.625,15.53125,15.578125,15.890625,16.210938,16.414062,16.507812,16.507812
14414,2021-10-12 00:00:00,3510,17.171875,16.46875,16.140625,15.7265625,15.4765625,15.390625,15.2265625,15.171875,15.21875,15.5234375,15.53125,15.59375,15.8828125,16.203125,16.414062,16.5,16.5
14415,2021-10-12 00:15:00,3510,16.945312,16.328125,16.03125,15.6015625,15.296875,15.21875,15.09375,15.078125,15.140625,15.46875,15.53125,15.59375,15.890625,16.1875,16.398438,16.5,16.492188
14416,2021-10-12 00:30:00,3510,16.679688,16.015625,15.703125,15.3125,15.03125,14.921875,14.8046875,14.8203125,14.90625,15.3984375,15.53125,15.609375,15.8828125,16.1875,16.390625,16.492188,16.492188
14417,2021-10-12 00:45:00,3510,16.445312,15.7421875,15.4453125,15.0390625,14.8203125,14.7421875,14.6484375,14.6953125,14.796875,15.328125,15.53125,15.609375,15.8828125,16.179688,16.382812,16.484375,16.484375
14418,2021-10-12 01:00:00,3510,16.210938,15.5703125,15.265625,14.8671875,14.6171875,14.578125,14.5,14.53125,14.6328125,15.2578125,15.515625,15.6171875,15.875,16.164062,16.382812,16.476562,16.476562
14419,2021-10-12 01:15:00,3510,15.9453125,15.1796875,14.8203125,14.375,14.109375,14.046875,13.953125,14.0,14.1953125,15.1640625,15.515625,15.625,15.875,16.15625,16.375,16.46875,16.46875
14420,2021-10-12 01:30:00,3504,15.6484375,14.875,14.5,14.0703125,13.765625,13.6875,13.5625,13.65625,13.90625,15.0703125,15.5078125,15.6328125,15.875,16.15625,16.367188,16.46875,16.46875
14421,2021-10-12 01:45:00,3504,15.421875,14.6484375,14.234375,13.6875,13.390625,13.3671875,13.34375,13.515625,13.78125,14.984375,15.4921875,15.6328125,15.875,16.148438,16.351562,16.460938,16.460938
14422,2021-10-12 02:00:00,3504,15.171875,14.3828125,13.9609375,13.3671875,13.1015625,13.0703125,13.015625,13.15625,13.4921875,14.90625,15.4765625,15.6328125,15.875,16.140625,16.34375,16.445312,16.453125
14423,2021-10-12 02:15:00,3510,14.921875,14.15625,13.6875,13.1171875,12.8671875,12.8515625,12.7890625,12.953125,13.3046875,14.8203125,15.46875,15.640625,15.875,16.132812,16.34375,16.445312,16.453125
14424,2021-10-12 02:30:00,3510,14.6328125,13.6796875,13.140625,12.5625,12.328125,12.40625,12.53125,12.8359375,13.1015625,14.6875,15.4453125,15.640625,15.875,16.132812,16.335938,16.4375,16.445312
14425,2021-10-12 02:45:00,3498,14.359375,13.5546875,13.125,12.609375,12.3828125,12.359375,12.3203125,12.4921875,12.8828125,14.6328125,15.4296875,15.640625,15.8671875,16.117188,16.320312,16.429688,16.445312
14426,2021-10-12 03:00:00,3510,14.2109375,13.578125,13.2265625,12.7578125,12.4609375,12.4296875,12.4609375,12.6640625,12.9765625,14.6015625,15.40625,15.6328125,15.875,16.117188,16.320312,16.429688,16.429688
14427,2021-10-12 03:15:00,3510,14.078125,13.421875,13.109375,12.6328125,12.3359375,12.3046875,12.3125,12.546875,12.9296875,14.5625,15.390625,15.640625,15.875,16.117188,16.3125,16.414062,16.429688
14428,2021-10-12 03:30:00,3510,13.9453125,13.296875,13.0,12.4375,12.171875,12.140625,12.1171875,12.3984375,12.8984375,14.5390625,15.375,15.640625,15.8671875,16.109375,16.304688,16.414062,16.421875
14429,2021-10-12 03:45:00,3504,13.671875,12.609375,12.296875,11.9296875,11.7109375,11.875,12.0078125,12.1171875,12.375,14.4453125,15.3515625,15.640625,15.8671875,16.101562,16.304688,16.40625,16.421875
14430,2021-10-12 04:00:00,3510,13.2109375,11.8984375,11.5625,11.34375,11.2109375,11.421875,11.640625,11.71875,11.921875,14.2734375,15.328125,15.6328125,15.8671875,16.101562,16.296875,16.398438,16.421875
14431,2021-10-12 04:15:00,3504,12.75,11.359375,10.921875,10.625,10.546875,10.8984375,11.1875,11.2890625,11.46875,14.109375,15.3046875,15.6328125,15.8671875,16.09375,16.289062,16.398438,16.414062
14432,2021-10-12 04:30:00,3504,12.2265625,10.78125,10.296875,9.9609375,9.84375,10.125,10.375,10.46875,10.71875,13.921875,15.2890625,15.625,15.8671875,16.09375,16.28125,16.398438,16.40625
14433,2021-10-12 04:45:00,3504,11.875,10.53125,10.1484375,9.9140625,9.828125,10.125,10.4453125,10.546875,10.7890625,13.9140625,15.265625,15.6171875,15.8671875,16.085938,16.273438,16.382812,16.40625
14434,2021-10-12 05:00:00,3504,11.6484375,10.375,10.0859375,9.9375,9.90625,10.1796875,10.453125,10.484375,10.625,13.8125,15.2421875,15.6171875,15.8671875,16.085938,16.273438,16.382812,16.40625
14435,2021-10-12 05:15:00,3504,11.3828125,9.9765625,9.578125,9.3515625,9.2890625,9.5859375,9.8515625,9.84375,10.1015625,13.7109375,15.2109375,15.609375,15.859375,16.078125,16.273438,16.375,16.398438
14436,2021-10-12 05:30:00,3504,11.0703125,9.5859375,9.046875,8.796875,8.78125,9.2734375,9.859375,10.0625,10.3046875,13.6015625,15.1796875,15.6015625,15.859375,16.078125,16.257812,16.367188,16.398438
14437,2021-10-12 05:45:00,3504,10.7890625,9.34375,8.828125,8.5625,8.5546875,9.078125,9.6484375,9.828125,10.1171875,13.5078125,15.1484375,15.59375,15.859375,16.070312,16.257812,16.367188,16.390625
14438,2021-10-12 06:00:00,3504,10.6015625,9.203125,8.75,8.5234375,8.5234375,8.8984375,9.3671875,9.53125,9.84375,13.453125,15.1171875,15.5859375,15.859375,16.070312,16.25,16.359375,16.390625
14439,2021-10-12 06:15:00,3504,10.4375,9.078125,8.640625,8.484375,8.4921875,8.859375,9.375,9.578125,9.8671875,13.4140625,15.0859375,15.578125,15.859375,16.070312,16.25,16.359375,16.382812
14440,2021-10-12 06:30:00,3504,10.2890625,9.0078125,8.484375,8.2734375,8.3359375,8.859375,9.3828125,9.578125,9.8828125,13.2890625,15.0625,15.5703125,15.8515625,16.0625,16.242188,16.351562,16.382812
14441,2021-10-12 06:45:00,3504,10.125,9.0,8.5859375,8.4296875,8.4609375,8.875,9.4140625,9.6015625,9.7421875,13.1640625,15.0234375,15.5625,15.84375,16.070312,16.242188,16.351562,16.382812
14442,2021-10-12 07:00:00,3510,10.046875,9.078125,8.7734375,8.65625,8.6328125,8.953125,9.3046875,9.484375,9.7109375,13.109375,14.9921875,15.5546875,15.8515625,16.0625,16.234375,16.34375,16.382812
14443,2021-10-12 07:15:00,3498,10.0546875,9.484375,9.359375,9.078125,8.8046875,8.8671875,8.984375,9.171875,9.625,13.078125,14.953125,15.5390625,15.8359375,16.054688,16.226562,16.34375,16.375
14444,2021-10-12 07:30:00,3504,10.3046875,10.0546875,9.9921875,9.8203125,9.609375,9.5390625,9.546875,9.6328125,9.9921875,13.1171875,14.9140625,15.5234375,15.8359375,16.046875,16.226562,16.335938,16.375
14445,2021-10-12 07:45:00,3498,10.3671875,9.9296875,9.7578125,9.46875,9.25,9.234375,9.2890625,9.4765625,9.8203125,13.015625,14.8828125,15.515625,15.8359375,16.054688,16.21875,16.335938,16.375
14446,2021-10-12 08:00:00,3504,10.3359375,9.8125,9.671875,9.4296875,9.1953125,9.171875,9.1328125,9.28125,9.7265625,12.984375,14.8515625,15.4921875,15.828125,16.046875,16.210938,16.328125,16.367188
14447,2021-10-12 08:15:00,3504,10.3515625,9.9296875,9.828125,9.578125,9.328125,9.265625,9.2734375,9.4453125,9.890625,12.9921875,14.8125,15.4765625,15.8203125,16.039062,16.210938,16.328125,16.359375
14448,2021-10-12 08:30:00,3498,10.328125,9.9140625,9.8828125,9.7421875,9.5,9.453125,9.4453125,9.59375,10.0078125,13.0078125,14.7890625,15.4609375,15.8203125,16.03125,16.210938,16.328125,16.359375
14449,2021-10-12 08:45:00,3486,10.3828125,10.078125,10.0,9.765625,9.53125,9.5234375,9.5390625,9.703125,10.1328125,13.03125,14.75,15.4453125,15.8125,16.03125,16.210938,16.320312,16.359375
14450,2021-10-12 09:00:00,3504,10.3359375,9.875,9.78125,9.5,9.3046875,9.3203125,9.3671875,9.5546875,10.0546875,12.9921875,14.7265625,15.4375,15.8046875,16.03125,16.203125,16.320312,16.359375
14451,2021-10-12 09:15:00,3498,10.1640625,9.484375,9.3125,9.1328125,8.9921875,9.140625,9.359375,9.5,9.8359375,12.90625,14.6953125,15.421875,15.796875,16.023438,16.203125,16.3125,16.351562
14452,2021-10-12 09:30:00,3492,9.9296875,8.953125,8.671875,8.5625,8.53125,8.90625,9.3671875,9.5234375,9.7578125,12.84375,14.6640625,15.40625,15.7890625,16.015625,16.195312,16.304688,16.351562
14453,2021-10-12 09:45:00,3504,9.65625,8.6171875,8.2734375,8.140625,8.109375,8.484375,8.9375,9.140625,9.296875,12.7265625,14.640625,15.3828125,15.78125,16.015625,16.195312,16.304688,16.34375
14454,2021-10-12 10:00:00,3498,9.390625,8.1953125,7.703125,7.375,7.328125,7.8046875,8.40625,8.65625,8.9765625,12.6796875,14.6171875,15.375,15.7734375,16.007812,16.1875,16.304688,16.34375
14455,2021-10-12 10:15:00,3498,9.125,7.859375,7.359375,7.125,7.125,7.640625,8.2265625,8.4453125,8.71875,12.5703125,14.5859375,15.359375,15.765625,16.0,16.1875,16.296875,16.34375
14456,2021-10-12 10:30:00,3504,8.8984375,7.625,7.203125,7.0625,7.046875,7.4765625,8.0625,8.3671875,8.703125,12.5,14.5625,15.34375,15.7578125,16.007812,16.179688,16.296875,16.335938
14457,2021-10-12 10:45:00,3492,8.71875,7.3984375,6.921875,6.609375,6.6015625,7.0703125,7.7578125,8.1484375,8.5234375,12.421875,14.53125,15.328125,15.7578125,16.0,16.179688,16.296875,16.335938
14458,2021-10-12 11:00:00,3498,8.5703125,7.234375,6.6640625,6.3203125,6.3125,6.78125,7.4921875,7.8125,8.3125,12.3671875,14.5,15.3046875,15.7421875,15.9921875,16.171875,16.289062,16.328125
14459,2021-10-12 11:15:00,3504,8.390625,7.1015625,6.4765625,6.1953125,6.1328125,6.6171875,7.4140625,7.890625,8.359375,12.3125,14.4609375,15.2890625,15.734375,15.984375,16.171875,16.28125,16.328125
14460,2021-10-12 11:30:00,3486,8.25,6.9375,6.421875,6.25,6.2578125,6.7109375,7.4296875,7.84375,8.296875,12.25,14.421875,15.2734375,15.71875,15.9921875,16.164062,16.273438,16.320312
14461,2021-10-12 11:45:00,3498,8.109375,6.8203125,6.4453125,6.375,6.390625,6.7421875,7.34375,7.7109375,8.125,12.234375,14.390625,15.2578125,15.7109375,15.984375,16.164062,16.273438,16.3125
14462,2021-10-12 12:00:00,3492,7.984375,6.7578125,6.390625,6.3046875,6.3203125,6.671875,7.28125,7.65625,8.0,12.1640625,14.3515625,15.2421875,15.703125,15.9765625,16.15625,16.273438,16.3125
14463,2021-10-12 12:15:00,3498,7.890625,6.765625,6.4140625,6.3515625,6.40625,6.8359375,7.484375,7.6953125,7.953125,12.046875,14.328125,15.21875,15.6953125,15.96875,16.148438,16.265625,16.304688
14464,2021-10-12 12:30:00,3498,7.78125,6.6171875,6.25,6.1953125,6.2421875,6.6640625,7.25,7.4609375,7.8359375,12.046875,14.28125,15.1953125,15.6796875,15.9609375,16.148438,16.265625,16.296875
14465,2021-10-12 12:45:00,3492,7.6640625,6.6015625,6.3046875,6.3203125,6.34375,6.8203125,7.421875,7.609375,7.84375,12.0,14.2578125,15.1875,15.671875,15.953125,16.148438,16.257812,16.296875
14466,2021-10-12 13:00:00,3492,7.734375,7.15625,6.9921875,6.984375,6.984375,7.4375,8.015625,8.1875,8.375,11.9765625,14.21875,15.1640625,15.6640625,15.953125,16.140625,16.25,16.304688
14467,2021-10-12 13:15:00,3480,7.7265625,6.8671875,6.4921875,6.40625,6.4609375,7.0234375,7.7109375,8.0234375,8.3671875,11.96875,14.1875,15.140625,15.6484375,15.9453125,16.132812,16.25,16.289062
14468,2021-10-12 13:30:00,3498,7.6640625,7.125,6.9765625,6.8515625,6.796875,7.1875,7.5390625,7.7109375,7.9921875,11.828125,14.1484375,15.1171875,15.640625,15.9375,16.125,16.25,16.289062
14469,2021-10-12 13:45:00,3492,7.625,7.1171875,7.1796875,7.2109375,6.984375,7.140625,7.2734375,7.421875,7.8515625,11.78125,14.125,15.1015625,15.6328125,15.9296875,16.125,16.242188,16.28125
14470,2021-10-12 14:00:00,3486,7.71875,7.5625,7.625,7.4921875,7.2421875,7.2734375,7.375,7.5625,7.9921875,11.78125,14.0859375,15.078125,15.6171875,15.921875,16.117188,16.234375,16.28125
14471,2021-10-12 14:15:00,3492,7.7265625,7.390625,7.4609375,7.3046875,7.15625,7.390625,7.640625,7.796875,8.1171875,11.7734375,14.046875,15.0546875,15.6015625,15.9140625,16.117188,16.234375,16.265625
14472,2021-10-12 14:30:00,3492,7.71875,7.5546875,7.7421875,7.7265625,7.5390625,7.6171875,7.734375,7.859375,8.2421875,11.78125,14.0234375,15.0390625,15.59375,15.90625,16.109375,16.226562,16.265625
14473,2021-10-12 14:45:00,3492,7.8203125,7.703125,7.8671875,7.96875,7.7421875,7.78125,7.796875,7.8984375,8.296875,11.8046875,13.984375,15.015625,15.578125,15.8984375,16.101562,16.21875,16.257812
14474,2021-10-12 15:00:00,3492,8.1015625,8.421875,8.6953125,8.8828125,8.7109375,8.65625,8.65625,8.7578125,8.9609375,11.8828125,13.9609375,14.9921875,15.5625,15.890625,16.09375,16.21875,16.25
14475,2021-10-12 15:15:00,3492,8.8046875,10.078125,10.46875,10.5078125,10.3828125,10.2734375,9.96875,9.765625,9.5546875,11.9296875,13.9296875,14.96875,15.5546875,15.8828125,16.085938,16.210938,16.242188
14476,2021-10-12 15:30:00,3486,9.6875,11.265625,11.5390625,11.59375,11.5078125,11.3828125,11.0078125,10.7109375,10.375,12.0703125,13.90625,14.9375,15.5390625,15.875,16.085938,16.203125,16.242188
14477,2021-10-12 15:45:00,3486,10.578125,12.2578125,12.515625,12.5234375,12.4609375,12.375,12.0,11.7265625,11.3828125,12.2890625,13.8671875,14.921875,15.5234375,15.875,16.078125,16.203125,16.234375
14478,2021-10-12 16:00:00,3486,11.5234375,13.4296875,13.5390625,13.4921875,13.4296875,13.3125,12.890625,12.5625,12.1796875,12.4921875,13.8515625,14.8984375,15.515625,15.859375,16.078125,16.195312,16.226562
14479,2021-10-12 16:15:00,3486,12.4296875,14.0,14.0625,14.0390625,13.9765625,13.875,13.5,13.2109375,12.8828125,12.703125,13.8359375,14.8828125,15.5,15.8515625,16.0625,16.179688,16.21875
14480,2021-10-12 16:30:00,3492,13.2890625,15.0703125,15.09375,15.015625,14.953125,14.8515625,14.3671875,14.015625,13.625,12.9296875,13.828125,14.859375,15.4765625,15.84375,16.0625,16.179688,16.210938
14481,2021-10-12 16:45:00,3492,14.171875,16.195312,16.242188,16.171875,16.023438,15.875,15.375,15.0078125,14.5390625,13.1484375,13.8203125,14.8359375,15.46875,15.828125,16.046875,16.171875,16.210938
14482,2021-10-12 17:00:00,3486,15.1171875,17.34375,17.4375,17.351562,17.234375,17.085938,16.585938,16.226562,15.6484375,13.4140625,13.8203125,14.8125,15.453125,15.8203125,16.046875,16.171875,16.203125
14483,2021-10-12 17:15:00,3498,16.265625,18.507812,18.65625,18.53125,18.460938,18.34375,17.835938,17.445312,16.765625,13.734375,13.828125,14.796875,15.4375,15.8125,16.03125,16.164062,16.1875
14484,2021-10-12 17:30:00,3486,16.90625,18.625,18.703125,18.65625,18.648438,18.539062,18.023438,17.617188,16.953125,13.953125,13.8359375,14.78125,15.4140625,15.8046875,16.03125,16.15625,16.1875
14485,2021-10-12 17:45:00,3486,17.734375,19.929688,20.164062,20.148438,20.210938,20.132812,19.5625,19.0625,18.179688,14.2421875,13.8515625,14.7578125,15.3984375,15.796875,16.023438,16.148438,16.171875
14486,2021-10-12 18:00:00,3492,18.242188,19.5,19.265625,18.851562,18.835938,18.8125,18.265625,17.820312,17.28125,14.3515625,13.875,14.7421875,15.390625,15.78125,16.015625,16.140625,16.171875
14487,2021-10-12 18:15:00,3486,17.914062,18.125,17.820312,17.5,17.445312,17.429688,17.140625,16.882812,16.5,14.296875,13.8984375,14.7265625,15.375,15.7734375,16.007812,16.132812,16.164062
14488,2021-10-12 18:30:00,3498,17.851562,18.539062,18.4375,18.296875,18.398438,18.484375,18.15625,17.828125,17.171875,14.4375,13.9296875,14.7109375,15.359375,15.7578125,16.0,16.125,16.148438
14489,2021-10-12 18:45:00,3486,18.046875,19.007812,18.929688,18.671875,18.914062,19.109375,18.601562,18.0625,17.265625,14.546875,13.96875,14.703125,15.34375,15.75,15.9921875,16.125,16.140625
14490,2021-10-12 17:30:00,3486,16.90625,18.625,18.703125,18.65625,18.648438,18.539062,18.023438,17.617188,16.953125,13.953125,13.8359375,14.78125,15.4140625,15.8046875,16.03125,16.15625,16.1875
14491,2021-10-12 17:45:00,3486,17.734375,19.929688,20.164062,20.148438,20.210938,20.132812,19.5625,19.0625,18.179688,14.2421875,13.8515625,14.7578125,15.3984375,15.796875,16.023438,16.148438,16.171875
14492,2021-10-12 18:00:00,3492,18.242188,19.5,19.265625,18.851562,18.835938,18.8125,18.265625,17.820312,17.28125,14.3515625,13.875,14.7421875,15.390625,15.78125,16.015625,16.140625,16.171875
14493,2021-10-12 18:15:00,3486,17.914062,18.125,17.820312,17.5,17.445312,17.429688,17.140625,16.882812,16.5,14.296875,13.8984375,14.7265625,15.375,15.7734375,16.007812,16.132812,16.164062
14494,2021-10-12 18:30:00,3498,17.851562,18.539062,18.4375,18.296875,18.398438,18.484375,18.15625,17.828125,17.171875,14.4375,13.9296875,14.7109375,15.359375,15.7578125,16.0,16.125,16.148438
14495,2021-10-12 18:45:00,3486,18.046875,19.007812,18.929688,18.671875,18.914062,19.109375,18.601562,18.0625,17.265625,14.546875,13.96875,14.703125,15.34375,15.75,15.9921875,16.125,16.140625
14496,2021-10-12 19:00:00,3498,18.351562,19.34375,19.429688,19.234375,19.476562,19.710938,19.234375,18.671875,17.835938,14.71875,13.9921875,14.6953125,15.328125,15.7421875,15.9765625,16.117188,16.132812
14497,2021-10-12 19:15:00,3486,18.59375,20.039062,20.179688,20.234375,20.617188,20.84375,20.34375,19.710938,18.6875,14.921875,14.03125,14.6875,15.3125,15.734375,15.9765625,16.109375,16.125
14498,2021-10-12 19:30:00,3492,19.5,22.179688,22.734375,23.039062,23.460938,23.484375,22.828125,22.046875,20.671875,15.2734375,14.0625,14.6796875,15.3046875,15.71875,15.9609375,16.101562,16.117188
14499,2021-10-12 19:45:00,3498,20.820312,23.875,24.46875,24.695312,25.015625,24.96875,24.28125,23.445312,21.960938,15.6796875,14.1015625,14.6640625,15.2890625,15.703125,15.953125,16.09375,16.109375
14500,2021-10-12 20:00:00,3498,22.132812,24.828125,25.398438,25.5,25.742188,25.742188,24.867188,23.898438,22.414062,16.015625,14.140625,14.671875,15.2734375,15.6953125,15.9453125,16.085938,16.101562
14501,2021-10-12 20:15:00,3498,22.734375,24.875,25.242188,25.3125,25.546875,25.585938,24.828125,23.929688,22.453125,16.1875,14.1875,14.6640625,15.2578125,15.6796875,15.9375,16.078125,16.085938
14502,2021-10-12 20:30:00,3498,22.976562,25.304688,25.789062,26.0,26.351562,26.273438,25.578125,24.71875,23.15625,16.320312,14.234375,14.6640625,15.25,15.671875,15.9296875,16.0625,16.078125
14503,2021-10-12 20:45:00,3498,23.703125,25.90625,26.382812,26.5625,26.898438,26.875,26.03125,25.023438,23.421875,16.578125,14.296875,14.671875,15.234375,15.65625,15.921875,16.046875,16.070312
14504,2021-10-12 21:00:00,3498,24.375,26.484375,26.882812,26.9375,27.242188,27.210938,26.398438,25.40625,23.828125,16.8125,14.3515625,14.6640625,15.21875,15.6484375,15.9140625,16.046875,16.0625
14505,2021-10-12 21:15:00,3498,24.46875,25.984375,26.257812,26.195312,26.421875,26.34375,25.484375,24.539062,23.226562,16.898438,14.4140625,14.6796875,15.2109375,15.6328125,15.8984375,16.039062,16.046875
14506,2021-10-12 21:30:00,3498,23.0625,21.789062,20.9375,20.148438,19.96875,19.992188,19.640625,19.328125,19.101562,16.390625,14.4765625,14.6796875,15.203125,15.6171875,15.890625,16.03125,16.046875
14507,2021-10-12 21:45:00,3504,21.140625,19.476562,18.570312,17.8125,17.578125,17.609375,17.414062,17.351562,17.351562,15.953125,14.5390625,14.6875,15.1875,15.6171875,15.8828125,16.023438,16.03125
14508,2021-10-12 22:00:00,3504,19.90625,18.523438,17.710938,17.0625,16.851562,16.804688,16.632812,16.585938,16.59375,15.7109375,14.59375,14.6953125,15.1796875,15.6015625,15.8671875,16.015625,16.015625
14509,2021-10-12 22:15:00,3498,19.109375,17.96875,17.328125,16.835938,16.664062,16.601562,16.421875,16.367188,16.3125,15.5390625,14.6328125,14.703125,15.171875,15.5859375,15.859375,16.0,16.007812
14510,2021-10-12 22:30:00,3510,18.507812,17.53125,16.953125,16.445312,16.296875,16.265625,16.101562,16.046875,16.03125,15.421875,14.671875,14.71875,15.171875,15.5859375,15.8515625,15.9921875,16.0
14511,2021-10-12 22:45:00,3504,18.007812,17.046875,16.492188,16.078125,15.9375,15.9140625,15.765625,15.7265625,15.7421875,15.328125,14.703125,14.7265625,15.15625,15.5703125,15.84375,15.984375,15.9921875
14512,2021-10-12 23:00:00,3504,17.59375,16.601562,16.0625,15.671875,15.5234375,15.484375,15.3515625,15.3046875,15.34375,15.2109375,14.71875,14.7421875,15.1484375,15.5546875,15.828125,15.9765625,15.984375
14513,2021-10-12 23:15:00,3504,17.210938,16.265625,15.734375,15.3125,15.1640625,15.1484375,15.0234375,15.0234375,15.09375,15.1171875,14.7265625,14.75,15.1484375,15.546875,15.8203125,15.96875,15.9765625
14514,2021-10-12 23:30:00,3510,16.898438,15.953125,15.4453125,15.0078125,14.8359375,14.8359375,14.734375,14.7578125,14.8515625,15.03125,14.7421875,14.7734375,15.1484375,15.5390625,15.8125,15.953125,15.9609375
14515,2021-10-12 23:45:00,3504,16.5625,15.59375,15.203125,14.8984375,14.7734375,14.7734375,14.6796875,14.671875,14.734375,14.9609375,14.75,14.78125,15.140625,15.5234375,15.8046875,15.9453125,15.9609375
14516,2021-10-13 00:00:00,3504,16.25,15.203125,14.8046875,14.5078125,14.359375,14.3671875,14.296875,14.296875,14.390625,14.8828125,14.75,14.7890625,15.1328125,15.515625,15.7890625,15.9375,15.953125
14517,2021-10-13 00:15:00,3504,15.96875,15.0078125,14.71875,14.5234375,14.390625,14.40625,14.3359375,14.3046875,14.34375,14.828125,14.7578125,14.796875,15.1328125,15.5078125,15.7890625,15.9296875,15.9453125
14518,2021-10-13 00:30:00,3504,15.7265625,14.7265625,14.421875,14.2265625,14.09375,14.1015625,14.046875,14.0078125,14.0625,14.7421875,14.7578125,14.8125,15.1328125,15.4921875,15.765625,15.921875,15.9375
14519,2021-10-13 00:45:00,3504,15.4140625,14.296875,13.8828125,13.5859375,13.4140625,13.4453125,13.4296875,13.4140625,13.5859375,14.6484375,14.7578125,14.8203125,15.1328125,15.484375,15.765625,15.9140625,15.9296875
14520,2021-10-13 01:00:00,3504,15.0390625,13.828125,13.3828125,13.09375,12.9296875,12.9375,12.90625,12.90625,13.078125,14.5078125,14.75,14.828125,15.125,15.4765625,15.7578125,15.90625,15.9140625
14521,2021-10-13 01:15:00,3504,14.6484375,13.3828125,12.9296875,12.6328125,12.4609375,12.53125,12.5703125,12.5625,12.7109375,14.375,14.7421875,14.8359375,15.125,15.46875,15.75,15.890625,15.9140625
14522,2021-10-13 01:30:00,3504,14.265625,12.921875,12.4765625,12.1640625,11.96875,12.078125,12.1328125,12.1328125,12.2890625,14.25,14.734375,14.84375,15.125,15.4609375,15.734375,15.8828125,15.90625
14523,2021-10-13 01:45:00,3504,13.8203125,12.3515625,11.8984375,11.703125,11.578125,11.65625,11.7109375,11.71875,11.890625,14.125,14.71875,14.84375,15.1171875,15.453125,15.71875,15.875,15.8984375
14524,2021-10-13 02:00:00,3504,13.4609375,11.953125,11.5078125,11.296875,11.1796875,11.2421875,11.2890625,11.28125,11.4921875,14.0078125,14.7109375,14.8515625,15.125,15.4453125,15.71875,15.8671875,15.890625
14525,2021-10-13 02:15:00,3510,13.078125,11.515625,11.21875,11.1875,11.140625,11.2421875,11.2578125,11.234375,11.3515625,13.84375,14.6953125,14.8515625,15.1171875,15.4453125,15.7109375,15.859375,15.890625
14526,2021-10-13 02:30:00,3504,12.84375,11.578125,11.46875,11.5078125,11.5,11.578125,11.578125,11.546875,11.625,13.75,14.671875,14.8515625,15.1171875,15.4296875,15.703125,15.8515625,15.8828125
14527,2021-10-13 02:45:00,3504,12.71875,11.6796875,11.5625,11.5703125,11.5546875,11.640625,11.6484375,11.6171875,11.7109375,13.7265625,14.6484375,14.8515625,15.125,15.4296875,15.6953125,15.84375,15.875
14528,2021-10-13 03:00:00,3504,12.6171875,11.5234375,11.3671875,11.3515625,11.3359375,11.4296875,11.4453125,11.3984375,11.515625,13.6953125,14.6328125,14.859375,15.1171875,15.421875,15.6796875,15.8359375,15.8671875
14529,2021-10-13 03:15:00,3510,12.4765625,11.34375,11.0625,11.0078125,10.984375,11.109375,11.1796875,11.1328125,11.3125,13.640625,14.609375,14.859375,15.125,15.4140625,15.6796875,15.828125,15.859375
14530,2021-10-13 03:30:00,3498,12.25,11.078125,10.8984375,10.890625,10.8515625,10.9453125,10.9765625,10.9609375,11.109375,13.5390625,14.578125,14.859375,15.125,15.40625,15.671875,15.828125,15.8515625
14531,2021-10-13 03:45:00,3504,12.0703125,10.9296875,10.7265625,10.6953125,10.640625,10.734375,10.7734375,10.7734375,10.9375,13.5,14.5546875,14.8515625,15.1171875,15.40625,15.6640625,15.8125,15.8515625
14532,2021-10-13 04:00:00,3498,11.90625,10.8046875,10.625,10.609375,10.5625,10.6484375,10.703125,10.71875,10.859375,13.4296875,14.53125,14.8515625,15.125,15.3984375,15.6484375,15.8046875,15.84375
14533,2021-10-13 04:15:00,3504,11.796875,10.7890625,10.5546875,10.4765625,10.4453125,10.546875,10.6171875,10.6328125,10.8046875,13.4140625,14.515625,14.84375,15.1171875,15.390625,15.6484375,15.8046875,15.84375
14534,2021-10-13 04:30:00,3504,11.640625,10.6953125,10.46875,10.375,10.296875,10.390625,10.4453125,10.4375,10.6484375,13.390625,14.484375,14.84375,15.1171875,15.390625,15.6328125,15.796875,15.8359375
14535,2021-10-13 04:45:00,3510,11.46875,10.453125,10.1484375,10.03125,9.9765625,10.1328125,10.2421875,10.25,10.4921875,13.34375,14.4609375,14.8359375,15.1171875,15.390625,15.6328125,15.7890625,15.828125
14536,2021-10-13 05:00:00,3504,11.3203125,10.234375,10.046875,10.0390625,10.0234375,10.1484375,10.234375,10.265625,10.421875,13.265625,14.4375,14.8359375,15.1171875,15.3828125,15.6328125,15.78125,15.828125
14537,2021-10-13 05:15:00,3504,11.1953125,10.2265625,10.0234375,9.984375,9.9375,10.0546875,10.140625,10.171875,10.3828125,13.2421875,14.4140625,14.828125,15.109375,15.375,15.625,15.78125,15.8203125
14538,2021-10-13 05:30:00,3504,11.078125,9.9609375,9.671875,9.5859375,9.5546875,9.7421875,9.9140625,9.90625,10.15625,13.1875,14.390625,14.8203125,15.109375,15.375,15.6171875,15.7734375,15.8203125
14539,2021-10-13 05:45:00,3504,10.8984375,9.8671875,9.6328125,9.6796875,9.703125,9.90625,10.09375,10.0703125,10.2578125,13.1328125,14.3671875,14.8125,15.109375,15.375,15.609375,15.765625,15.8125
14540,2021-10-13 06:00:00,3504,10.84375,10.0234375,9.9296875,10.0,10.0078125,10.1484375,10.25,10.265625,10.4296875,13.1171875,14.34375,14.8046875,15.109375,15.3671875,15.6015625,15.7578125,15.8125
14541,2021-10-13 06:15:00,3504,10.7734375,9.953125,9.640625,9.640625,9.6796875,9.9296875,10.15625,10.125,10.3359375,13.09375,14.3203125,14.796875,15.1015625,15.359375,15.59375,15.75,15.8125
14542,2021-10-13 06:30:00,3504,10.6796875,9.9296875,9.6796875,9.5859375,9.5703125,9.8125,10.0546875,10.125,10.34375,13.09375,14.296875,14.78125,15.1015625,15.359375,15.59375,15.75,15.8046875
14543,2021-10-13 06:45:00,3492,10.6015625,9.9140625,9.828125,9.84375,9.8359375,9.953125,10.0703125,10.125,10.3046875,13.0390625,14.28125,14.78125,15.1015625,15.359375,15.5859375,15.7421875,15.796875
14544,2021-10-13 07:00:00,3498,10.5625,9.953125,9.84375,9.8046875,9.7578125,9.875,10.03125,10.078125,10.265625,13.0390625,14.2578125,14.7734375,15.09375,15.3515625,15.5859375,15.7421875,15.796875
14545,2021-10-13 07:15:00,3498,10.5234375,9.9375,9.8984375,9.90625,9.8828125,9.984375,10.0546875,10.09375,10.234375,12.984375,14.234375,14.7578125,15.09375,15.3515625,15.578125,15.734375,15.7890625
14546,2021-10-13 07:30:00,3498,10.46875,9.8359375,9.734375,9.71875,9.6875,9.796875,9.8984375,9.9375,10.1328125,12.984375,14.2109375,14.7578125,15.09375,15.3515625,15.578125,15.7265625,15.7890625
14547,2021-10-13 07:45:00,3504,10.359375,9.671875,9.5,9.484375,9.46875,9.6328125,9.7890625,9.828125,10.0703125,12.9609375,14.1953125,14.7421875,15.078125,15.34375,15.5703125,15.7265625,15.78125
14548,2021-10-13 08:00:00,3498,10.3203125,9.734375,9.609375,9.625,9.625,9.8203125,9.984375,9.96875,10.1953125,12.9453125,14.1796875,14.734375,15.078125,15.34375,15.5625,15.71875,15.78125
14549,2021-10-13 08:15:00,3498,10.1875,9.4609375,9.1484375,9.09375,9.109375,9.3671875,9.609375,9.609375,9.8671875,12.8984375,14.1640625,14.71875,15.078125,15.3359375,15.5625,15.71875,15.78125
14550,2021-10-13 08:30:00,3498,10.125,9.5078125,9.4140625,9.4296875,9.421875,9.546875,9.6796875,9.75,9.9296875,12.875,14.140625,14.7109375,15.0625,15.3359375,15.5546875,15.7109375,15.7734375
14551,2021-10-13 08:45:00,3498,10.0546875,9.46875,9.34375,9.3359375,9.2890625,9.4765625,9.7265625,9.734375,9.953125,12.84375,14.125,14.703125,15.0625,15.3203125,15.5546875,15.703125,15.765625
14552,2021-10-13 09:00:00,3504,9.9609375,9.5703125,9.6640625,9.5546875,9.4453125,9.6484375,9.8828125,9.96875,10.2265625,12.796875,14.109375,14.6875,15.0625,15.328125,15.546875,15.703125,15.765625
14553,2021-10-13 09:15:00,3498,9.921875,9.6171875,9.7421875,9.5546875,9.4140625,9.6015625,9.796875,9.859375,10.0390625,12.703125,14.0859375,14.6796875,15.0625,15.3203125,15.546875,15.703125,15.765625
14554,2021-10-13 09:30:00,3498,9.8984375,9.5234375,9.390625,9.078125,8.890625,9.0234375,9.296875,9.609375,9.875,12.6015625,14.0703125,14.671875,15.0546875,15.3203125,15.5390625,15.6953125,15.7578125
14555,2021-10-13 09:45:00,3498,9.859375,9.5,9.4609375,9.28125,9.15625,9.2578125,9.515625,9.7109375,9.921875,12.5703125,14.046875,14.65625,15.046875,15.3203125,15.5390625,15.6875,15.75
14556,2021-10-13 10:00:00,3498,9.875,9.53125,9.3984375,9.1015625,8.9453125,9.1015625,9.3203125,9.65625,9.8984375,12.53125,14.03125,14.640625,15.0390625,15.3125,15.53125,15.6875,15.75
14557,2021-10-13 10:15:00,3498,9.8125,9.40625,9.375,9.171875,9.15625,9.3984375,9.6796875,9.7421875,9.90625,12.5390625,14.0078125,14.640625,15.03125,15.3046875,15.5234375,15.6875,15.7421875
14558,2021-10-13 10:30:00,3498,9.6484375,9.0859375,8.9921875,8.828125,8.7421875,9.09375,9.3671875,9.4296875,9.6875,12.5859375,13.9921875,14.625,15.03125,15.3046875,15.5234375,15.6796875,15.75
14559,2021-10-13 10:45:00,3492,9.5390625,9.0078125,8.9375,8.8125,8.828125,9.234375,9.640625,9.6484375,9.7265625,12.515625,13.9609375,14.6171875,15.015625,15.296875,15.5234375,15.6796875,15.734375
14560,2021-10-13 11:00:00,3492,9.484375,8.8046875,8.5859375,8.5078125,8.546875,8.9140625,9.375,9.53125,9.7421875,12.5625,13.9453125,14.6015625,15.015625,15.2890625,15.5078125,15.6640625,15.734375
14561,2021-10-13 11:15:00,3498,9.4140625,8.734375,8.3671875,8.1328125,8.1328125,8.5859375,9.15625,9.390625,9.6015625,12.4453125,13.9296875,14.5859375,15.0078125,15.2890625,15.5,15.65625,15.734375
14562,2021-10-13 11:30:00,3498,9.3984375,8.984375,8.8125,8.5234375,8.421875,8.6640625,9.0234375,9.328125,9.53125,12.359375,13.9140625,14.578125,15.0078125,15.28125,15.5078125,15.65625,15.7265625
14563,2021-10-13 11:45:00,3492,9.3671875,8.9453125,8.90625,8.6953125,8.7109375,9.0859375,9.4140625,9.46875,9.5390625,12.3515625,13.890625,14.5703125,14.9921875,15.28125,15.5078125,15.65625,15.71875
14564,2021-10-13 12:00:00,3498,9.2890625,8.90625,8.8359375,8.6640625,8.6875,8.9765625,9.265625,9.3671875,9.4140625,12.2578125,13.859375,14.5546875,14.984375,15.265625,15.4921875,15.6484375,15.71875
14565,2021-10-13 12:15:00,3498,9.3125,9.046875,9.0859375,9.0234375,9.0703125,9.328125,9.6328125,9.6953125,9.703125,12.2890625,13.84375,14.546875,14.9765625,15.2734375,15.484375,15.6484375,15.7109375
14566,2021-10-13 12:30:00,3492,9.375,9.0,8.9296875,8.8984375,8.921875,9.2578125,9.640625,9.7578125,9.84375,12.4140625,13.828125,14.53125,14.9765625,15.265625,15.484375,15.640625,15.703125
14567,2021-10-13 12:45:00,3486,9.390625,9.0390625,8.9375,9.0,9.0703125,9.3984375,9.921875,10.15625,10.3125,12.46875,13.8125,14.515625,14.953125,15.2578125,15.4765625,15.6328125,15.6953125
14568,2021-10-13 13:00:00,3492,9.4765625,9.328125,9.3359375,9.453125,9.5625,9.9453125,10.421875,10.53125,10.5703125,12.5078125,13.796875,14.5,14.9453125,15.2578125,15.4765625,15.6328125,15.6953125
14569,2021-10-13 13:15:00,3492,9.6171875,9.609375,9.7109375,9.8671875,9.9609375,10.328125,10.7421875,10.796875,10.8125,12.5703125,13.7734375,14.4921875,14.9453125,15.2421875,15.46875,15.6328125,15.6953125
14570,2021-10-13 13:30:00,3486,9.75,9.8125,9.9609375,10.15625,10.2109375,10.5234375,10.8515625,10.9140625,10.96875,12.625,13.7578125,14.4765625,14.9296875,15.2421875,15.4609375,15.625,15.6796875
14571,2021-10-13 13:45:00,3492,9.859375,9.9375,10.1015625,10.2890625,10.3125,10.578125,10.890625,10.96875,11.0234375,12.65625,13.75,14.46875,14.921875,15.234375,15.4609375,15.625,15.6796875
14572,2021-10-13 14:00:00,3492,9.9140625,9.953125,10.09375,10.25,10.28125,10.6015625,10.9765625,11.0625,11.09375,12.6875,13.7265625,14.453125,14.9140625,15.234375,15.453125,15.6171875,15.671875
14573,2021-10-13 14:15:00,3486,9.96875,10.0,10.15625,10.3046875,10.34375,10.6328125,10.9921875,11.1171875,11.171875,12.7109375,13.7265625,14.4375,14.90625,15.2265625,15.4453125,15.6015625,15.6640625
14574,2021-10-13 14:30:00,3492,10.046875,10.140625,10.28125,10.4453125,10.53125,10.8515625,11.1796875,11.3203125,11.375,12.7734375,13.71875,14.421875,14.8984375,15.21875,15.4453125,15.6015625,15.6640625
14575,2021-10-13 14:45:00,3492,10.1640625,10.28125,10.4375,10.609375,10.6328125,10.9296875,11.265625,11.3984375,11.4765625,12.8203125,13.71875,14.4140625,14.890625,15.203125,15.4375,15.59375,15.65625
14576,2021-10-13 15:00:00,3486,10.1953125,10.234375,10.375,10.3671875,10.296875,10.5,10.78125,11.0390625,11.2109375,12.7890625,13.7109375,14.3984375,14.8828125,15.203125,15.421875,15.59375,15.6484375
14577,2021-10-13 15:15:00,3492,10.4140625,10.859375,11.109375,11.2421875,11.171875,11.25,11.28125,11.3515625,11.421875,12.8125,13.7109375,14.3828125,14.875,15.1953125,15.421875,15.5859375,15.640625
14578,2021-10-13 15:30:00,3486,10.8515625,11.9375,12.28125,12.421875,12.4375,12.5234375,12.40625,12.28125,12.1328125,12.9140625,13.703125,14.375,14.8671875,15.1953125,15.421875,15.578125,15.640625
14579,2021-10-13 15:45:00,3486,11.9375,14.0390625,14.578125,14.7890625,14.84375,14.8125,14.5390625,14.28125,13.84375,13.203125,13.703125,14.3671875,14.8515625,15.1796875,15.4140625,15.578125,15.6328125
14580,2021-10-13 16:00:00,3480,12.75,14.28125,14.7421875,14.875,14.921875,14.9140625,14.7109375,14.5078125,14.1796875,13.421875,13.703125,14.3515625,14.84375,15.171875,15.40625,15.5625,15.625
14581,2021-10-13 16:15:00,3480,13.234375,14.6328125,15.03125,15.1640625,15.21875,15.203125,15.015625,14.8359375,14.5078125,13.5625,13.703125,14.34375,14.8359375,15.171875,15.40625,15.5625,15.6171875
14582,2021-10-13 16:30:00,3480,13.6171875,14.7734375,15.1640625,15.296875,15.359375,15.3671875,15.1640625,14.984375,14.65625,13.6796875,13.703125,14.328125,14.8203125,15.1640625,15.3984375,15.5546875,15.609375
14583,2021-10-13 16:45:00,3486,13.9765625,15.1640625,15.5390625,15.6796875,15.7578125,15.765625,15.5546875,15.34375,14.984375,13.796875,13.71875,14.3203125,14.8125,15.1484375,15.390625,15.546875,15.6015625
14584,2021-10-13 17:00:00,3486,14.71875,16.929688,17.46875,17.742188,17.890625,17.820312,17.429688,17.023438,16.296875,14.0078125,13.7265625,14.3125,14.8046875,15.1484375,15.390625,15.546875,15.59375
14585,2021-10-13 17:15:00,3486,16.046875,19.0625,19.664062,19.945312,20.0625,19.960938,19.398438,18.859375,17.875,14.3515625,13.75,14.3046875,14.796875,15.140625,15.375,15.5390625,15.5859375
14586,2021-10-13 17:30:00,3492,17.585938,20.5625,21.171875,21.34375,21.4375,21.3125,20.703125,20.117188,19.125,14.7578125,13.765625,14.296875,14.78125,15.1328125,15.375,15.5390625,15.5859375
14587,2021-10-13 17:45:00,3492,18.296875,21.007812,21.609375,21.835938,21.976562,21.882812,21.257812,20.65625,19.585938,14.9609375,13.796875,14.296875,14.78125,15.125,15.3671875,15.5234375,15.5703125
14588,2021-10-13 18:00:00,3498,18.867188,20.757812,21.164062,21.234375,21.351562,21.28125,20.742188,20.179688,19.3125,15.1328125,13.828125,14.2890625,14.765625,15.1171875,15.359375,15.5234375,15.5703125
14589,2021-10-13 18:15:00,3492,19.132812,20.773438,21.117188,21.179688,21.257812,21.203125,20.71875,20.25,19.4375,15.25,13.859375,14.28125,14.7578125,15.109375,15.34375,15.5078125,15.5546875
14590,2021-10-13 18:30:00,3498,19.421875,20.882812,21.234375,21.3125,21.445312,21.367188,20.8125,20.242188,19.375,15.359375,13.90625,14.28125,14.75,15.09375,15.34375,15.5078125,15.546875
14591,2021-10-13 18:45:00,3498,19.859375,21.460938,21.8125,21.898438,22.070312,22.015625,21.445312,20.859375,19.921875,15.53125,13.953125,14.28125,14.7421875,15.0859375,15.328125,15.5,15.5390625
14592,2021-10-13 17:30:00,3492,17.585938,20.5625,21.171875,21.34375,21.4375,21.3125,20.703125,20.117188,19.125,14.7578125,13.765625,14.296875,14.78125,15.1328125,15.375,15.5390625,15.5859375
14593,2021-10-13 17:45:00,3492,18.296875,21.007812,21.609375,21.835938,21.976562,21.882812,21.257812,20.65625,19.585938,14.9609375,13.796875,14.296875,14.78125,15.125,15.3671875,15.5234375,15.5703125
14594,2021-10-13 18:00:00,3498,18.867188,20.757812,21.164062,21.234375,21.351562,21.28125,20.742188,20.179688,19.3125,15.1328125,13.828125,14.2890625,14.765625,15.1171875,15.359375,15.5234375,15.5703125
14595,2021-10-13 18:15:00,3492,19.132812,20.773438,21.117188,21.179688,21.257812,21.203125,20.71875,20.25,19.4375,15.25,13.859375,14.28125,14.7578125,15.109375,15.34375,15.5078125,15.5546875
14596,2021-10-13 18:30:00,3498,19.421875,20.882812,21.234375,21.3125,21.445312,21.367188,20.8125,20.242188,19.375,15.359375,13.90625,14.28125,14.75,15.09375,15.34375,15.5078125,15.546875
14597,2021-10-13 18:45:00,3498,19.859375,21.460938,21.8125,21.898438,22.070312,22.015625,21.445312,20.859375,19.921875,15.53125,13.953125,14.28125,14.7421875,15.0859375,15.328125,15.5,15.5390625
14598,2021-10-13 19:00:00,3492,20.09375,21.320312,21.539062,21.523438,21.5625,21.554688,21.109375,20.632812,19.84375,15.6171875,13.984375,14.2734375,14.7265625,15.0859375,15.328125,15.484375,15.53125
14599,2021-10-13 19:15:00,3486,20.242188,21.257812,21.375,21.34375,21.453125,21.414062,21.03125,20.554688,19.828125,15.71875,14.0390625,14.28125,14.7265625,15.078125,15.3203125,15.4765625,15.5234375
14600,2021-10-13 19:30:00,3504,20.71875,22.695312,23.09375,23.28125,23.546875,23.5,22.9375,22.320312,21.195312,15.9765625,14.078125,14.28125,14.7109375,15.0703125,15.3125,15.46875,15.515625
14601,2021-10-13 19:45:00,3492,21.390625,23.09375,23.476562,23.515625,23.648438,23.570312,22.960938,22.328125,21.359375,16.203125,14.1328125,14.2890625,14.703125,15.0625,15.3125,15.46875,15.5
14602,2021-10-13 20:00:00,3498,21.554688,22.867188,23.203125,23.273438,23.4375,23.351562,22.734375,22.070312,21.085938,16.257812,14.1796875,14.296875,14.703125,15.0546875,15.296875,15.4609375,15.4921875
14603,2021-10-13 20:15:00,3504,21.960938,23.429688,23.671875,23.664062,23.726562,23.640625,23.117188,22.492188,21.523438,16.429688,14.2265625,14.3046875,14.6953125,15.0390625,15.296875,15.453125,15.4921875
14604,2021-10-13 20:30:00,3504,22.132812,23.226562,23.460938,23.390625,23.453125,23.367188,22.796875,22.195312,21.289062,16.515625,14.28125,14.3046875,14.6875,15.0390625,15.28125,15.4453125,15.4765625
14605,2021-10-13 20:45:00,3498,21.859375,22.242188,22.335938,22.1875,22.195312,22.132812,21.632812,21.109375,20.375,16.453125,14.3359375,14.3203125,14.6796875,15.0234375,15.28125,15.4375,15.46875
14606,2021-10-13 21:00:00,3498,21.382812,21.351562,21.335938,21.15625,21.117188,21.09375,20.679688,20.242188,19.640625,16.359375,14.3828125,14.328125,14.6875,15.015625,15.2734375,15.421875,15.4609375
14607,2021-10-13 21:15:00,3498,20.828125,20.476562,20.382812,20.179688,20.109375,20.0625,19.757812,19.4375,18.96875,16.242188,14.4375,14.34375,14.671875,15.015625,15.265625,15.421875,15.453125
14608,2021-10-13 21:30:00,3498,20.367188,19.929688,19.773438,19.523438,19.453125,19.40625,19.125,18.835938,18.414062,16.148438,14.4921875,14.359375,14.671875,15.0,15.25,15.4140625,15.4453125
14609,2021-10-13 21:45:00,3504,20.148438,20.242188,20.226562,20.117188,20.132812,20.0625,19.742188,19.390625,18.804688,16.148438,14.53125,14.3671875,14.671875,14.9921875,15.25,15.40625,15.4453125
14610,2021-10-13 22:00:00,3504,20.195312,20.773438,20.898438,20.921875,21.03125,20.953125,20.546875,20.101562,19.34375,16.234375,14.5703125,14.3828125,14.6640625,14.9921875,15.2421875,15.3984375,15.4296875
14611,2021-10-13 22:15:00,3504,20.617188,21.585938,21.820312,21.875,22.015625,21.953125,21.46875,20.921875,20.03125,16.367188,14.609375,14.3984375,14.6640625,14.9765625,15.234375,15.390625,15.421875
14612,2021-10-13 22:30:00,3504,20.695312,21.195312,21.273438,21.171875,21.203125,21.179688,20.765625,20.296875,19.625,16.398438,14.640625,14.4140625,14.6640625,14.9765625,15.2265625,15.3828125,15.4140625
14613,2021-10-13 22:45:00,3504,20.3125,20.179688,20.085938,19.882812,19.84375,19.8125,19.53125,19.234375,18.8125,16.3125,14.6796875,14.4375,14.65625,14.9609375,15.21875,15.375,15.40625
14614,2021-10-13 23:00:00,3504,19.546875,18.414062,18.007812,17.484375,17.40625,17.578125,17.476562,17.40625,17.265625,16.09375,14.7109375,14.453125,14.6640625,14.9609375,15.2109375,15.3671875,15.40625
14615,2021-10-13 23:15:00,3498,18.4375,16.90625,16.382812,15.8984375,15.7890625,15.9921875,16.054688,16.085938,16.085938,15.8203125,14.734375,14.46875,14.6640625,14.9453125,15.203125,15.359375,15.390625
14616,2021-10-13 23:30:00,3510,17.601562,16.15625,15.6171875,15.1484375,15.046875,15.2109375,15.328125,15.4453125,15.4921875,15.6171875,14.765625,14.484375,14.6640625,14.9375,15.1953125,15.3515625,15.390625
14617,2021-10-13 23:45:00,3504,16.96875,15.625,15.1171875,14.6484375,14.5703125,14.71875,14.828125,14.9765625,15.0546875,15.4609375,14.7890625,14.5,14.65625,14.9375,15.1875,15.34375,15.375
14618,2021-10-14 00:00:00,3504,16.429688,15.1171875,14.59375,14.1328125,14.0234375,14.1875,14.3046875,14.4375,14.578125,15.3046875,14.8046875,14.515625,14.6640625,14.9296875,15.1875,15.3359375,15.3671875
14619,2021-10-14 00:15:00,3504,15.9921875,14.75,14.171875,13.6640625,13.5234375,13.6484375,13.7734375,14.046875,14.2421875,15.15625,14.8125,14.53125,14.671875,14.9296875,15.1796875,15.328125,15.3671875
14620,2021-10-14 00:30:00,3498,15.6171875,14.3125,13.78125,13.328125,13.1875,13.359375,13.5390625,13.6953125,13.84375,15.0078125,14.8203125,14.5546875,14.671875,14.921875,15.171875,15.328125,15.359375
14621,2021-10-14 00:45:00,3504,15.265625,14.015625,13.5078125,13.0859375,12.9296875,13.0546875,13.203125,13.4296875,13.625,14.875,14.8125,14.5703125,14.671875,14.9140625,15.15625,15.3125,15.34375
14622,2021-10-14 01:00:00,3504,14.9609375,13.71875,13.203125,12.75,12.578125,12.703125,12.8359375,13.0703125,13.296875,14.7578125,14.8046875,14.5859375,14.6796875,14.9140625,15.15625,15.3046875,15.34375
14623,2021-10-14 01:15:00,3504,14.6796875,13.5234375,13.171875,12.859375,12.6953125,12.8125,12.9765625,13.015625,13.171875,14.6640625,14.8046875,14.5859375,14.6875,14.90625,15.1484375,15.3046875,15.3359375
14624,2021-10-14 01:30:00,3498,14.3828125,13.21875,12.8984375,12.5625,12.3828125,12.5625,12.7109375,12.7265625,12.90625,14.6015625,14.796875,14.59375,14.6875,14.90625,15.140625,15.296875,15.328125
14625,2021-10-14 01:45:00,3504,14.0546875,12.765625,12.3359375,11.9140625,11.71875,11.90625,12.0859375,12.109375,12.390625,14.4921875,14.78125,14.609375,14.6875,14.90625,15.1328125,15.2890625,15.328125
14626,2021-10-14 02:00:00,3504,13.71875,12.4609375,12.0390625,11.578125,11.3828125,11.5859375,11.8671875,11.953125,12.2578125,14.390625,14.7734375,14.625,14.6953125,14.90625,15.1328125,15.28125,15.3203125
14627,2021-10-14 02:15:00,3504,13.4375,12.1640625,11.796875,11.421875,11.25,11.4296875,11.6484375,11.7578125,12.0078125,14.3046875,14.75,14.6328125,14.703125,14.8984375,15.125,15.2734375,15.3125
14628,2021-10-14 02:30:00,3504,13.125,11.7734375,11.34375,10.9921875,10.90625,11.1328125,11.3984375,11.4609375,11.734375,14.21875,14.7265625,14.640625,14.7109375,14.8984375,15.1171875,15.2734375,15.3046875
14629,2021-10-14 02:45:00,3504,12.9375,11.921875,11.5390625,11.125,10.953125,11.140625,11.4296875,11.546875,11.8359375,14.1328125,14.7109375,14.640625,14.7109375,14.8984375,15.1171875,15.265625,15.3046875
14630,2021-10-14 03:00:00,3504,12.75,11.6640625,11.3671875,11.0,10.859375,11.0703125,11.2890625,11.3046875,11.515625,14.0546875,14.6953125,14.6484375,14.71875,14.8984375,15.109375,15.2578125,15.3046875
14631,2021-10-14 03:15:00,3498,12.5625,11.4609375,11.1171875,10.7265625,10.6015625,10.796875,10.9609375,10.984375,11.359375,14.0078125,14.671875,14.65625,14.71875,14.890625,15.109375,15.2578125,15.2890625
14632,2021-10-14 03:30:00,3504,12.3515625,11.2265625,10.8984375,10.6015625,10.484375,10.6875,10.8984375,10.953125,11.265625,13.9296875,14.6484375,14.65625,14.71875,14.890625,15.09375,15.25,15.2890625
14633,2021-10-14 03:45:00,3498,12.2109375,11.15625,10.765625,10.3828125,10.2578125,10.5546875,10.875,10.9765625,11.296875,13.8515625,14.625,14.65625,14.7265625,14.890625,15.09375,15.25,15.2734375
14634,2021-10-14 04:00:00,3504,11.875,10.6015625,10.1875,9.9140625,9.8515625,10.1640625,10.515625,10.6328125,10.9296875,13.71875,14.609375,14.65625,14.734375,14.890625,15.09375,15.234375,15.2734375
14635,2021-10-14 04:15:00,3504,11.75,10.84375,10.7421875,10.65625,10.6171875,10.8203125,11.046875,11.1171875,11.375,13.734375,14.578125,14.65625,14.734375,14.890625,15.0859375,15.234375,15.2734375
14636,2021-10-14 04:30:00,3504,11.7890625,10.8984375,10.6484375,10.359375,10.265625,10.53125,10.765625,10.8515625,11.171875,13.734375,14.546875,14.65625,14.7421875,14.890625,15.078125,15.2265625,15.265625
14637,2021-10-14 04:45:00,3498,11.703125,10.9609375,10.7421875,10.53125,10.4609375,10.6875,10.953125,11.0546875,11.3046875,13.7109375,14.53125,14.65625,14.7421875,14.890625,15.078125,15.2265625,15.265625
14638,2021-10-14 05:00:00,3504,11.6484375,10.9140625,10.7265625,10.5859375,10.546875,10.75,10.9765625,11.03125,11.296875,13.6953125,14.5,14.65625,14.7421875,14.8828125,15.0703125,15.21875,15.2578125
14639,2021-10-14 05:15:00,3498,11.625,10.9765625,10.8359375,10.7265625,10.6953125,10.8515625,11.0078125,11.0390625,11.25,13.6796875,14.484375,14.6484375,14.75,14.8828125,15.0703125,15.2109375,15.2578125
14640,2021-10-14 05:30:00,3504,11.6015625,10.875,10.5390625,10.1953125,10.0546875,10.3046875,10.546875,10.6171875,11.03125,13.640625,14.4609375,14.640625,14.75,14.890625,15.0703125,15.2109375,15.25
14641,2021-10-14 05:45:00,3504,11.390625,10.5703125,10.40625,10.2890625,10.234375,10.3984375,10.578125,10.6171875,10.8671875,13.53125,14.4375,14.640625,14.75,14.890625,15.0703125,15.203125,15.25
14642,2021-10-14 06:00:00,3498,11.3515625,10.625,10.4140625,10.3203125,10.296875,10.5,10.6953125,10.765625,11.03125,13.5390625,14.4140625,14.640625,14.7578125,14.890625,15.0625,15.203125,15.2421875
14643,2021-10-14 06:15:00,3498,11.3203125,10.7265625,10.65625,10.6171875,10.6015625,10.75,10.875,10.8984375,11.078125,13.5234375,14.3984375,14.6328125,14.7578125,14.890625,15.0625,15.1953125,15.2421875
14644,2021-10-14 06:30:00,3498,11.3828125,10.9140625,10.8984375,10.859375,10.8515625,10.96875,11.0234375,11.0390625,11.1484375,13.5,14.3671875,14.625,14.7578125,14.890625,15.0625,15.1953125,15.234375
14645,2021-10-14 06:45:00,3504,11.453125,11.015625,11.0390625,11.0546875,11.0390625,11.140625,11.1875,11.1875,11.2890625,13.484375,14.3515625,14.6171875,14.7578125,14.890625,15.046875,15.1875,15.2421875
14646,2021-10-14 07:00:00,3498,11.53125,11.1953125,11.2578125,11.296875,11.296875,11.3984375,11.421875,11.421875,11.4921875,13.515625,14.3359375,14.609375,14.75,14.890625,15.0546875,15.1875,15.234375
14647,2021-10-14 07:15:00,3498,11.6328125,11.3984375,11.4921875,11.5546875,11.5625,11.6640625,11.6875,11.6796875,11.765625,13.5390625,14.3203125,14.609375,14.7578125,14.890625,15.0546875,15.1796875,15.2265625
14648,2021-10-14 07:30:00,3498,11.5,10.875,10.71875,10.59375,10.5546875,10.78125,10.9453125,11.0078125,11.1796875,13.484375,14.3046875,14.6015625,14.7578125,14.890625,15.0546875,15.1796875,15.2265625
14649,2021-10-14 07:45:00,3498,11.1484375,10.09375,9.8046875,9.734375,9.640625,9.8203125,10.015625,10.09375,10.34375,13.2890625,14.2890625,14.59375,14.7578125,14.8828125,15.046875,15.171875,15.21875
14650,2021-10-14 08:00:00,3504,11.0,10.1875,9.921875,9.90625,9.8828125,10.1484375,10.5546875,10.6796875,10.8828125,13.3046875,14.2734375,14.5859375,14.75,14.8828125,15.046875,15.171875,15.2109375
14651,2021-10-14 08:15:00,3492,10.8125,9.8203125,9.5234375,9.4609375,9.4296875,9.6875,10.0234375,10.09375,10.359375,13.2109375,14.2578125,14.578125,14.7578125,14.8828125,15.0390625,15.171875,15.2109375
14652,2021-10-14 08:30:00,3498,10.7109375,9.984375,9.921875,9.9921875,10.03125,10.28125,10.59375,10.6484375,10.8359375,13.2109375,14.2421875,14.5703125,14.75,14.890625,15.0390625,15.171875,15.2109375
14653,2021-10-14 08:45:00,3498,10.9296875,10.8515625,11.0,11.078125,11.1171875,11.2578125,11.3359375,11.3515625,11.4453125,13.328125,14.21875,14.5625,14.75,14.8828125,15.0390625,15.1640625,15.2109375
14654,2021-10-14 09:00:00,3498,11.0625,10.828125,10.9296875,11.0078125,11.0625,11.2734375,11.3984375,11.3828125,11.53125,13.3671875,14.203125,14.5546875,14.75,14.8828125,15.0390625,15.15625,15.203125
14655,2021-10-14 09:15:00,3498,10.84375,9.9296875,9.7109375,9.65625,9.609375,9.7890625,9.984375,10.015625,10.2890625,13.1796875,14.1875,14.5546875,14.7421875,14.8828125,15.0390625,15.15625,15.203125
14656,2021-10-14 09:30:00,3504,10.6484375,9.8125,9.671875,9.703125,9.703125,9.9375,10.2265625,10.265625,10.46875,13.1328125,14.171875,14.5390625,14.75,14.8828125,15.0390625,15.1484375,15.203125
14657,2021-10-14 09:45:00,3486,10.703125,10.390625,10.546875,10.65625,10.6796875,10.8515625,10.984375,11.015625,11.15625,13.203125,14.15625,14.53125,14.7421875,14.8828125,15.03125,15.15625,15.1953125
14658,2021-10-14 10:00:00,3486,10.828125,10.703125,10.84375,10.9375,10.9765625,11.1171875,11.1796875,11.2109375,11.3125,13.25,14.140625,14.5234375,14.7421875,14.875,15.03125,15.1484375,15.1953125
14659,2021-10-14 10:15:00,3498,10.8828125,10.578125,10.6796875,10.7890625,10.8046875,10.953125,11.03125,11.0390625,11.1640625,13.2421875,14.125,14.515625,14.734375,14.8828125,15.03125,15.140625,15.1875
14660,2021-10-14 10:30:00,3498,10.875,10.5625,10.671875,10.7890625,10.8125,10.9296875,10.9921875,11.0078125,11.1171875,13.2265625,14.109375,14.5078125,14.734375,14.875,15.0234375,15.140625,15.1875
14661,2021-10-14 10:45:00,3486,10.9140625,10.734375,10.8828125,11.046875,11.078125,11.1875,11.234375,11.25,11.3515625,13.21875,14.1015625,14.4921875,14.7265625,14.875,15.0234375,15.1328125,15.1796875
14662,2021-10-14 11:00:00,3492,11.015625,10.8359375,10.9140625,11.015625,11.0234375,11.15625,11.25,11.3125,11.4609375,13.2578125,14.0859375,14.4921875,14.7265625,14.8828125,15.0234375,15.140625,15.1796875
14663,2021-10-14 11:15:00,3492,10.9375,10.5390625,10.5703125,10.703125,10.71875,10.875,11.015625,11.0625,11.21875,13.2265625,14.0703125,14.4765625,14.7265625,14.8671875,15.015625,15.1328125,15.171875
14664,2021-10-14 11:30:00,3498,10.7890625,10.25,10.171875,10.2734375,10.3046875,10.5390625,10.7734375,10.7734375,10.9296875,13.1640625,14.0625,14.46875,14.71875,14.875,15.0234375,15.1328125,15.171875
14665,2021-10-14 11:45:00,3492,10.7421875,10.34375,10.3359375,10.4375,10.421875,10.5703125,10.6953125,10.703125,10.90625,13.1171875,14.046875,14.4609375,14.7109375,14.8671875,15.0234375,15.125,15.1640625
14666,2021-10-14 12:00:00,3498,10.6328125,10.0,9.8203125,9.875,9.875,10.046875,10.2421875,10.34375,10.5546875,13.0703125,14.0390625,14.453125,14.7109375,14.8671875,15.015625,15.125,15.15625
14667,2021-10-14 12:15:00,3492,10.453125,9.71875,9.53125,9.65625,9.671875,9.796875,9.8984375,9.9375,10.203125,12.984375,14.0234375,14.4453125,14.703125,14.8671875,15.0078125,15.1171875,15.15625
14668,2021-10-14 12:30:00,3492,10.359375,9.671875,9.4609375,9.5859375,9.6484375,9.8125,9.9296875,9.9609375,10.140625,12.8984375,14.015625,14.4375,14.703125,14.859375,15.0078125,15.109375,15.15625
14669,2021-10-14 12:45:00,3486,10.2578125,9.5390625,9.328125,9.515625,9.5,9.625,9.8125,9.921875,10.1796875,12.859375,14.0,14.4296875,14.6953125,14.859375,15.0078125,15.1171875,15.1484375
14670,2021-10-14 13:00:00,3486,10.203125,9.5,9.2890625,9.375,9.359375,9.546875,9.765625,9.828125,10.0234375,12.8046875,13.9765625,14.4140625,14.6875,14.859375,15.0,15.1015625,15.1484375
14671,2021-10-14 13:15:00,3492,10.171875,9.4609375,9.328125,9.5625,9.5703125,9.671875,9.8203125,9.9375,10.140625,12.7734375,13.9609375,14.40625,14.6796875,14.859375,15.0,15.109375,15.140625
14672,2021-10-14 13:30:00,3486,10.15625,9.3671875,9.1640625,9.2890625,9.328125,9.609375,9.953125,10.03125,10.140625,12.703125,13.9453125,14.3984375,14.6796875,14.8515625,14.9921875,15.109375,15.1328125
14673,2021-10-14 13:45:00,3486,10.0859375,9.3046875,9.09375,9.1796875,9.171875,9.421875,9.6953125,9.7421875,9.8984375,12.6640625,13.9296875,14.390625,14.671875,14.8515625,14.9921875,15.1015625,15.1328125
14674,2021-10-14 14:00:00,3486,10.0234375,9.2265625,9.03125,9.1484375,9.171875,9.3671875,9.53125,9.5546875,9.765625,12.6015625,13.90625,14.375,14.671875,14.84375,14.9921875,15.09375,15.125
14675,2021-10-14 14:15:00,3486,9.9609375,9.2890625,9.2578125,9.296875,9.203125,9.234375,9.1796875,9.1796875,9.484375,12.5078125,13.875,14.3671875,14.6640625,14.8359375,14.9921875,15.09375,15.125
14676,2021-10-14 14:30:00,3492,9.921875,9.375,9.3046875,9.4453125,9.4453125,9.5703125,9.6328125,9.6015625,9.7265625,12.4921875,13.859375,14.359375,14.65625,14.8359375,14.984375,15.09375,15.125
14677,2021-10-14 14:45:00,3486,9.953125,9.6484375,9.828125,9.8125,9.640625,9.6015625,9.5546875,9.5078125,9.703125,12.4765625,13.8359375,14.34375,14.65625,14.8359375,14.984375,15.0859375,15.109375
14678,2021-10-14 15:00:00,3480,10.03125,9.9375,10.1640625,10.1875,10.0390625,9.984375,9.84375,9.7890625,9.9140625,12.453125,13.8125,14.34375,14.640625,14.828125,14.9765625,15.0859375,15.109375
14679,2021-10-14 15:15:00,3486,10.53125,11.390625,11.765625,11.875,11.78125,11.6796875,11.390625,11.2109375,10.9609375,12.53125,13.796875,14.328125,14.640625,14.828125,14.96875,15.0859375,15.1015625
14680,2021-10-14 15:30:00,3486,11.3203125,12.6875,13.0546875,13.1328125,13.0703125,12.921875,12.515625,12.2265625,11.8046875,12.65625,13.765625,14.3125,14.6328125,14.8203125,14.9765625,15.078125,15.1015625
14681,2021-10-14 15:45:00,3480,12.140625,13.7421875,14.109375,14.1875,14.1015625,13.96875,13.5,13.15625,12.65625,12.828125,13.7421875,14.3046875,14.625,14.8203125,14.9609375,15.078125,15.09375
14682,2021-10-14 16:00:00,3486,12.9765625,14.8203125,15.25,15.3515625,15.34375,15.1796875,14.609375,14.1953125,13.6171875,13.0546875,13.7265625,14.2890625,14.6171875,14.8125,14.953125,15.0625,15.0859375
14683,2021-10-14 16:15:00,3486,13.875,15.921875,16.359375,16.46875,16.414062,16.234375,15.59375,15.125,14.453125,13.265625,13.71875,14.28125,14.609375,14.8046875,14.953125,15.0625,15.0859375
14684,2021-10-14 16:30:00,3486,14.921875,17.242188,17.648438,17.734375,17.71875,17.507812,16.78125,16.234375,15.453125,13.546875,13.703125,14.265625,14.6015625,14.8046875,14.953125,15.0625,15.0859375
14685,2021-10-14 16:45:00,3480,16.03125,18.523438,18.953125,19.015625,18.992188,18.78125,18.03125,17.460938,16.578125,13.84375,13.703125,14.25,14.59375,14.796875,14.9453125,15.0546875,15.078125
14686,2021-10-14 17:00:00,3486,17.0625,19.382812,19.726562,19.78125,19.78125,19.5625,18.828125,18.25,17.390625,14.1640625,13.7109375,14.2421875,14.5859375,14.796875,14.9453125,15.046875,15.0703125
14687,2021-10-14 17:15:00,3492,17.96875,20.203125,20.453125,20.367188,20.28125,20.0625,19.40625,18.898438,18.023438,14.4375,13.71875,14.2265625,14.5859375,14.7890625,14.9375,15.046875,15.0625
14688,2021-10-14 17:30:00,3486,18.78125,20.835938,20.90625,20.84375,20.734375,20.515625,19.890625,19.382812,18.46875,14.609375,13.734375,14.21875,14.578125,14.78125,14.9375,15.0390625,15.0625
14689,2021-10-14 17:45:00,3492,19.484375,21.53125,21.664062,21.648438,21.6875,21.5,20.765625,20.15625,19.109375,14.78125,13.7578125,14.2109375,14.5703125,14.7734375,14.9296875,15.03125,15.0546875
14690,2021-10-14 18:00:00,3486,19.851562,20.671875,20.070312,19.59375,19.523438,19.4375,18.851562,18.3125,17.585938,14.734375,13.7890625,14.203125,14.5546875,14.7734375,14.9296875,15.03125,15.046875
14691,2021-10-14 18:15:00,3492,19.375,19.3125,18.828125,18.476562,18.445312,18.382812,18.0,17.640625,17.039062,14.6484375,13.8203125,14.1953125,14.546875,14.765625,14.921875,15.03125,15.046875
14692,2021-10-14 18:30:00,3498,19.226562,19.601562,19.195312,18.90625,19.015625,19.039062,18.570312,18.09375,17.28125,14.6796875,13.859375,14.1875,14.5390625,14.765625,14.9140625,15.0234375,15.0390625
14693,2021-10-14 18:45:00,3492,19.226562,19.609375,19.164062,18.8125,18.976562,19.078125,18.578125,18.101562,17.382812,14.75,13.890625,14.1875,14.53125,14.7578125,14.9140625,15.015625,15.03125
14694,2021-10-14 19:00:00,3498,19.304688,19.953125,19.757812,19.617188,19.890625,20.046875,19.515625,18.9375,17.9375,14.8046875,13.921875,14.1796875,14.5234375,14.75,14.9140625,15.0078125,15.03125
14695,2021-10-14 19:15:00,3486,19.5625,20.398438,20.25,20.09375,20.414062,20.632812,20.125,19.507812,18.460938,14.96875,13.9453125,14.1796875,14.515625,14.7421875,14.90625,15.0078125,15.015625
14696,2021-10-14 19:30:00,3498,20.132812,22.15625,22.609375,22.992188,23.554688,23.679688,23.070312,22.304688,20.726562,15.3046875,13.9765625,14.1796875,14.515625,14.7421875,14.8984375,15.0,15.015625
14697,2021-10-14 19:45:00,3492,21.617188,24.765625,25.5,25.914062,26.421875,26.382812,25.5625,24.59375,22.765625,15.828125,14.0,14.1796875,14.5078125,14.734375,14.890625,14.9921875,15.0078125
14698,2021-10-14 20:00:00,3504,23.054688,26.671875,27.5625,27.945312,28.375,28.226562,27.296875,26.289062,24.320312,16.226562,14.03125,14.1796875,14.5,14.734375,14.890625,14.9921875,15.0078125
14699,2021-10-14 20:15:00,3498,24.546875,28.0,28.789062,29.023438,29.429688,29.273438,28.289062,27.210938,25.34375,16.6875,14.0703125,14.1796875,14.4921875,14.71875,14.890625,14.984375,15.0
14700,2021-10-14 19:00:00,3498,19.304688,19.953125,19.757812,19.617188,19.890625,20.046875,19.515625,18.9375,17.9375,14.8046875,13.921875,14.1796875,14.5234375,14.75,14.9140625,15.0078125,15.03125
14701,2021-10-14 19:15:00,3486,19.5625,20.398438,20.25,20.09375,20.414062,20.632812,20.125,19.507812,18.460938,14.96875,13.9453125,14.1796875,14.515625,14.7421875,14.90625,15.0078125,15.015625
14702,2021-10-14 19:30:00,3498,20.132812,22.15625,22.609375,22.992188,23.554688,23.679688,23.070312,22.304688,20.726562,15.3046875,13.9765625,14.1796875,14.515625,14.7421875,14.8984375,15.0,15.015625
14703,2021-10-14 19:45:00,3492,21.617188,24.765625,25.5,25.914062,26.421875,26.382812,25.5625,24.59375,22.765625,15.828125,14.0,14.1796875,14.5078125,14.734375,14.890625,14.9921875,15.0078125
14704,2021-10-14 20:00:00,3504,23.054688,26.671875,27.5625,27.945312,28.375,28.226562,27.296875,26.289062,24.320312,16.226562,14.03125,14.1796875,14.5,14.734375,14.890625,14.9921875,15.0078125
14705,2021-10-14 20:15:00,3498,24.546875,28.0,28.789062,29.023438,29.429688,29.273438,28.289062,27.210938,25.34375,16.6875,14.0703125,14.1796875,14.4921875,14.71875,14.890625,14.984375,15.0
14706,2021-10-14 20:30:00,3498,25.398438,28.023438,28.6875,28.929688,29.375,29.296875,28.265625,27.140625,25.273438,16.960938,14.125,14.1875,14.484375,14.7109375,14.8828125,14.984375,14.9921875
14707,2021-10-14 20:45:00,3504,25.804688,28.242188,28.859375,29.03125,29.453125,29.289062,28.390625,27.375,25.523438,17.078125,14.1796875,14.1953125,14.484375,14.7109375,14.875,14.9765625,14.9921875
14708,2021-10-14 21:00:00,3504,26.4375,28.90625,29.625,29.820312,30.25,30.132812,29.242188,28.242188,26.320312,17.382812,14.234375,14.203125,14.4765625,14.703125,14.8671875,14.96875,14.9765625
14709,2021-10-14 21:15:00,3510,26.828125,28.945312,29.570312,29.648438,30.039062,29.929688,28.90625,27.804688,25.984375,17.5625,14.296875,14.203125,14.46875,14.703125,14.859375,14.9609375,14.9765625
14710,2021-10-14 21:30:00,3510,25.507812,24.65625,23.984375,23.304688,23.242188,23.242188,22.71875,22.304688,21.84375,17.117188,14.3671875,14.21875,14.4609375,14.6875,14.859375,14.953125,14.9765625
14711,2021-10-14 21:45:00,3510,23.625,22.0625,21.21875,20.585938,20.46875,20.5,20.21875,20.0625,19.898438,16.75,14.4375,14.2265625,14.4609375,14.6875,14.859375,14.953125,14.96875
14712,2021-10-14 22:00:00,3516,22.210938,20.71875,19.890625,19.328125,19.203125,19.171875,18.960938,18.867188,18.757812,16.460938,14.5078125,14.234375,14.4609375,14.6796875,14.8515625,14.9453125,14.9609375
14713,2021-10-14 22:15:00,3516,21.148438,19.78125,19.007812,18.484375,18.34375,18.304688,18.085938,17.992188,17.90625,16.226562,14.5546875,14.25,14.4609375,14.671875,14.84375,14.9453125,14.9609375
14714,2021-10-14 22:30:00,3504,20.304688,18.914062,18.296875,17.898438,17.78125,17.757812,17.59375,17.523438,17.453125,16.046875,14.6015625,14.265625,14.453125,14.671875,14.8359375,14.9375,14.953125
14715,2021-10-14 22:45:00,3510,19.6875,18.5,17.898438,17.492188,17.367188,17.328125,17.148438,17.0625,16.976562,15.875,14.6484375,14.2890625,14.453125,14.6640625,14.8359375,14.9375,14.953125
14716,2021-10-14 23:00:00,3522,19.226562,18.03125,17.492188,17.132812,17.007812,16.945312,16.757812,16.648438,16.554688,15.734375,14.671875,14.3125,14.453125,14.65625,14.828125,14.9296875,14.9453125
14717,2021-10-14 23:15:00,3510,18.820312,17.695312,17.203125,16.875,16.75,16.710938,16.53125,16.429688,16.335938,15.6328125,14.6875,14.328125,14.453125,14.65625,14.8203125,14.921875,14.9375
14718,2021-10-14 23:30:00,3510,18.398438,17.21875,16.617188,16.203125,16.039062,16.0,15.8203125,15.75,15.7734375,15.4765625,14.703125,14.34375,14.453125,14.6484375,14.8203125,14.921875,14.9375
14719,2021-10-14 23:45:00,3510,17.9375,16.625,15.9609375,15.53125,15.3515625,15.3125,15.1640625,15.1171875,15.1953125,15.3125,14.71875,14.359375,14.453125,14.6484375,14.8125,14.9140625,14.9296875
14720,2021-10-15 00:00:00,3504,16.835938,15.1015625,15.1484375,15.203125,15.015625,14.8359375,14.625,14.4609375,14.5546875,15.1484375,14.71875,14.3828125,14.4609375,14.6484375,14.8046875,14.90625,14.9296875
14721,2021-10-15 00:15:00,3504,15.7421875,14.1953125,14.4296875,14.71875,14.625,14.5625,14.4453125,14.2890625,14.296875,15.0234375,14.7265625,14.3984375,14.4609375,14.640625,14.8046875,14.90625,14.9296875
14722,2021-10-15 00:30:00,3510,14.796875,13.359375,13.6171875,13.7734375,13.59375,13.46875,13.265625,13.1953125,13.4609375,14.8203125,14.71875,14.4140625,14.4609375,14.6328125,14.796875,14.8984375,14.921875
14723,2021-10-15 00:45:00,3510,14.578125,14.1484375,14.3671875,14.75,14.640625,14.578125,14.59375,14.4765625,14.3515625,14.7734375,14.71875,14.4296875,14.46875,14.6328125,14.796875,14.890625,14.921875
14724,2021-10-15 00:45:20,3504,14.6015625,14.1796875,14.3828125,14.7421875,14.640625,14.578125,14.578125,14.4609375,14.34375,14.78125,14.7109375,14.4296875,14.4765625,14.6328125,14.7890625,14.8984375,14.921875
14725,2021-10-15 01:00:00,3504,14.5703125,14.125,14.4140625,14.7265625,14.6015625,14.5390625,14.5546875,14.328125,14.21875,14.734375,14.7109375,14.4453125,14.4765625,14.6328125,14.7890625,14.890625,14.921875
14726,2021-10-15 01:15:00,3504,13.921875,13.1328125,13.234375,13.421875,13.234375,13.25,13.1484375,12.9765625,13.015625,14.5390625,14.6953125,14.453125,14.484375,14.625,14.78125,14.8828125,14.921875
14727,2021-10-15 01:30:00,3504,13.7109375,13.140625,13.3828125,13.703125,13.5546875,13.5625,13.5859375,13.3984375,13.3203125,14.5078125,14.671875,14.4609375,14.484375,14.625,14.78125,14.8828125,14.921875
14728,2021-10-15 01:45:00,3480,13.6640625,14.0234375,13.8984375,14.25,14.2421875,14.3203125,14.1015625,14.171875,14.765625,14.4296875,14.65625,14.46875,14.4921875,14.625,14.78125,14.8828125,14.9140625
14729,2021-10-15 02:00:00,3480,13.6953125,14.0703125,14.3984375,14.46875,14.390625,14.25,14.0859375,14.0625,13.90625,14.34375,14.6484375,14.4765625,14.5,14.6171875,14.7734375,14.875,14.90625
14730,2021-10-15 02:15:00,3486,14.1953125,15.21875,15.53125,15.578125,15.390625,15.171875,15.171875,15.03125,14.75,14.421875,14.6328125,14.4921875,14.5,14.6171875,14.7734375,14.8828125,14.9140625
14731,2021-10-15 02:30:00,3474,14.703125,15.7734375,15.9765625,16.007812,15.8125,15.5703125,15.5234375,15.375,15.328125,14.515625,14.609375,14.5,14.5078125,14.6171875,14.7734375,14.875,14.9140625
14732,2021-10-15 02:45:00,3480,15.03125,16.054688,16.273438,16.296875,16.070312,15.7890625,15.703125,15.625,15.5390625,14.625,14.59375,14.5,14.515625,14.6171875,14.765625,14.875,14.9140625
14733,2021-10-15 03:00:00,3480,14.578125,14.421875,14.65625,14.703125,14.484375,14.375,14.359375,14.4375,14.5390625,14.5703125,14.578125,14.5,14.515625,14.6171875,14.765625,14.875,14.9140625
14734,2021-10-15 03:15:00,3492,14.203125,14.8828125,15.1484375,15.1796875,14.9921875,14.84375,14.734375,14.7265625,14.53125,14.4140625,14.5703125,14.5078125,14.5234375,14.6171875,14.765625,14.8671875,14.9140625
14735,2021-10-15 03:30:00,3486,14.3671875,15.09375,15.34375,15.3515625,15.171875,14.953125,14.84375,14.8515625,14.65625,14.40625,14.5546875,14.5078125,14.5234375,14.6171875,14.765625,14.8671875,14.9140625
14736,2021-10-15 03:45:00,3480,14.3515625,14.8828125,15.1484375,15.1875,15.0,14.7890625,14.7109375,14.6953125,14.6171875,14.4453125,14.546875,14.515625,14.53125,14.6171875,14.7578125,14.8671875,14.921875
14737,2021-10-15 04:00:00,3480,14.328125,15.296875,15.515625,15.5,15.3125,15.0703125,14.9140625,14.8984375,14.65625,14.390625,14.53125,14.515625,14.5390625,14.6171875,14.7578125,14.859375,14.921875
14738,2021-10-15 04:15:00,3480,14.453125,15.3125,15.5546875,15.578125,15.3984375,15.171875,15.1171875,15.046875,14.875,14.4375,14.5234375,14.515625,14.5390625,14.625,14.7578125,14.8671875,14.921875
14739,2021-10-15 04:30:00,3480,14.4921875,15.1171875,15.3515625,15.359375,15.1796875,15.0078125,14.9296875,14.953125,14.8359375,14.4375,14.515625,14.515625,14.546875,14.6328125,14.7578125,14.8671875,14.921875
14740,2021-10-15 04:45:00,3486,14.5234375,15.40625,15.640625,15.6484375,15.3984375,15.078125,14.9609375,14.8828125,14.859375,14.4375,14.5,14.515625,14.5546875,14.625,14.7578125,14.8671875,14.921875
14741,2021-10-15 05:00:00,3480,14.34375,14.8203125,15.046875,15.0546875,14.84375,14.59375,14.5078125,14.515625,14.46875,14.4296875,14.5,14.515625,14.5546875,14.625,14.75,14.859375,14.921875
14742,2021-10-15 05:15:00,3480,14.21875,14.6875,14.984375,15.015625,14.8671875,14.765625,14.671875,14.7265625,14.65625,14.375,14.4921875,14.515625,14.5625,14.625,14.75,14.859375,14.9296875
14743,2021-10-15 05:30:00,3474,13.2890625,12.921875,13.1953125,13.1953125,13.0,12.734375,12.4921875,12.5390625,12.7421875,14.21875,14.484375,14.515625,14.5703125,14.6328125,14.75,14.859375,14.921875
14744,2021-10-15 05:45:00,3480,13.6484375,14.703125,15.0859375,15.1015625,15.015625,14.765625,14.546875,14.4375,14.1484375,14.140625,14.4765625,14.515625,14.5703125,14.6328125,14.7578125,14.859375,14.9296875
14745,2021-10-15 06:00:00,3480,13.828125,14.453125,14.7265625,14.75,14.578125,14.3515625,14.203125,14.203125,14.0078125,14.1796875,14.46875,14.515625,14.5703125,14.640625,14.7578125,14.859375,14.9375
14746,2021-10-15 06:15:00,3474,13.25,13.2421875,13.578125,13.5859375,13.421875,13.1328125,12.8046875,12.7109375,12.734375,14.0390625,14.453125,14.5234375,14.5703125,14.640625,14.75,14.859375,14.9375
14747,2021-10-15 06:30:00,3486,12.8671875,13.171875,13.6015625,13.703125,13.6875,13.40625,13.078125,12.921875,12.71875,13.90625,14.453125,14.515625,14.578125,14.640625,14.75,14.859375,14.9375
14748,2021-10-15 06:45:00,3474,12.90625,13.609375,13.953125,14.0078125,13.8984375,13.7265625,13.5546875,13.5234375,13.296875,13.8515625,14.4375,14.515625,14.578125,14.6484375,14.7578125,14.8671875,14.9453125
14749,2021-10-15 07:00:00,3480,12.96875,13.8984375,14.15625,14.1484375,13.9453125,13.75,13.625,13.59375,13.34375,13.796875,14.4140625,14.515625,14.5859375,14.6484375,14.7578125,14.8671875,14.9453125
14750,2021-10-15 07:15:00,3480,13.1171875,13.5390625,13.7734375,13.7734375,13.53125,13.390625,13.2890625,13.328125,13.25,13.8359375,14.40625,14.5234375,14.5859375,14.65625,14.7578125,14.8671875,14.953125
14751,2021-10-15 07:30:00,3480,12.90625,13.4453125,13.71875,13.7578125,13.625,13.375,13.125,12.96875,12.6640625,13.7109375,14.390625,14.515625,14.5859375,14.6484375,14.7578125,14.8671875,14.953125
14752,2021-10-15 07:45:00,3474,12.796875,13.4140625,13.7578125,13.8046875,13.703125,13.546875,13.328125,13.2890625,13.1171875,13.703125,14.375,14.515625,14.5859375,14.65625,14.7578125,14.8671875,14.953125
14753,2021-10-15 08:00:00,3474,12.84375,13.6640625,13.96875,14.0234375,13.8984375,13.703125,13.5390625,13.46875,13.21875,13.6875,14.3515625,14.5078125,14.59375,14.65625,14.7578125,14.8671875,14.953125
14754,2021-10-15 08:15:00,3480,13.140625,14.0,14.546875,14.625,14.625,14.4140625,14.1640625,14.109375,13.9765625,13.7734375,14.3359375,14.5078125,14.59375,14.65625,14.765625,14.8671875,14.953125
14755,2021-10-15 08:30:00,3474,13.234375,13.765625,14.09375,14.125,13.984375,13.8359375,13.6875,13.7109375,13.6640625,13.7890625,14.3203125,14.5078125,14.59375,14.6640625,14.765625,14.875,14.9609375
14756,2021-10-15 08:45:00,3480,13.0,13.4921875,13.9140625,14.015625,14.015625,13.7890625,13.5625,13.5,13.3984375,13.78125,14.3046875,14.5,14.59375,14.671875,14.765625,14.875,14.96875
14757,2021-10-15 09:00:00,3480,12.921875,13.1953125,13.4609375,13.53125,13.4140625,13.3359375,13.2578125,13.265625,13.1484375,13.7109375,14.2890625,14.4921875,14.6015625,14.6640625,14.765625,14.875,14.9765625
14758,2021-10-15 09:15:00,3480,12.6953125,12.96875,13.2265625,13.1875,12.9296875,12.8046875,12.6796875,12.6875,12.625,13.640625,14.28125,14.4921875,14.6015625,14.671875,14.765625,14.875,14.9765625
14759,2021-10-15 09:30:00,3468,12.75,13.2421875,13.6171875,13.671875,13.6171875,13.4765625,13.3125,13.296875,13.15625,13.6171875,14.265625,14.4921875,14.6015625,14.671875,14.7734375,14.8828125,14.9765625
14760,2021-10-15 09:45:00,3480,12.953125,13.515625,13.7265625,13.78125,13.6171875,13.5625,13.5078125,13.5390625,13.4140625,13.640625,14.265625,14.484375,14.6015625,14.671875,14.7734375,14.8828125,14.9765625
14761,2021-10-15 10:00:00,3480,13.046875,13.4375,13.7109375,13.7890625,13.6796875,13.640625,13.6015625,13.6640625,13.6328125,13.7109375,14.25,14.484375,14.6015625,14.671875,14.78125,14.8828125,14.9765625
14762,2021-10-15 10:15:00,3480,12.7578125,13.171875,13.3984375,13.4140625,13.25,13.25,13.1875,13.234375,13.1640625,13.65625,14.234375,14.4765625,14.6015625,14.6796875,14.7734375,14.8828125,14.984375
14763,2021-10-15 10:30:00,3474,12.8671875,13.3515625,13.8359375,13.8828125,13.8359375,13.6796875,13.53125,13.6328125,13.6875,13.7109375,14.21875,14.4765625,14.609375,14.6796875,14.78125,14.8984375,14.984375
14764,2021-10-15 10:45:00,3474,12.984375,13.3359375,13.75,13.8203125,13.7421875,13.6640625,13.5546875,13.640625,13.6328125,13.75,14.203125,14.46875,14.609375,14.6796875,14.7734375,14.890625,14.9921875
14765,2021-10-15 11:00:00,3480,13.0546875,13.625,13.9609375,14.0078125,13.8828125,13.8359375,13.734375,13.78125,13.7421875,13.7578125,14.1953125,14.4609375,14.609375,14.6875,14.78125,14.890625,14.9921875
14766,2021-10-15 11:15:00,3468,13.171875,13.53125,13.8515625,13.9140625,13.8046875,13.765625,13.703125,13.78125,13.7734375,13.7734375,14.1875,14.4609375,14.609375,14.6875,14.78125,14.8984375,14.9921875
14767,2021-10-15 11:30:00,3474,13.1015625,13.515625,13.7890625,13.8359375,13.6953125,13.6328125,13.5703125,13.6171875,13.5859375,13.7421875,14.171875,14.453125,14.6015625,14.6796875,14.7890625,14.8984375,15.0
14768,2021-10-15 11:45:00,3480,13.078125,13.5,13.828125,13.8828125,13.7578125,13.6875,13.6015625,13.6484375,13.59375,13.71875,14.171875,14.4453125,14.6015625,14.6875,14.7890625,14.8984375,15.0
14769,2021-10-15 12:00:00,3468,13.03125,13.3203125,13.6328125,13.6875,13.546875,13.5,13.421875,13.4921875,13.421875,13.6796875,14.15625,14.4375,14.6015625,14.6875,14.7890625,14.8984375,15.0078125
14770,2021-10-15 12:15:00,3480,12.9765625,13.6875,13.9375,13.9375,13.7109375,13.6015625,13.5078125,13.484375,13.265625,13.6171875,14.15625,14.4375,14.6015625,14.6875,14.7890625,14.90625,15.0
14771,2021-10-15 12:30:00,3480,13.0625,13.7890625,14.109375,14.109375,13.9453125,13.7734375,13.625,13.59375,13.3671875,13.5859375,14.140625,14.421875,14.6015625,14.6953125,14.7890625,14.90625,15.0078125
14772,2021-10-15 12:45:00,3474,12.84375,13.359375,13.7109375,13.75,13.640625,13.40625,13.203125,13.1328125,12.9296875,13.5546875,14.1328125,14.4140625,14.6015625,14.6953125,14.796875,14.90625,15.0
14773,2021-10-15 13:00:00,3474,12.8125,13.4296875,13.765625,13.78125,13.59375,13.4453125,13.3125,13.28125,13.09375,13.5234375,14.1171875,14.4140625,14.6015625,14.6953125,14.796875,14.90625,15.015625
14774,2021-10-15 13:15:00,3468,13.0859375,13.9140625,14.3984375,14.4765625,14.421875,14.2265625,14.03125,14.0,13.8515625,13.6015625,14.109375,14.40625,14.59375,14.6953125,14.796875,14.9140625,15.015625
14775,2021-10-15 13:30:00,3468,13.2265625,13.453125,13.75,13.78125,13.625,13.4765625,13.34375,13.359375,13.34375,13.6640625,14.1015625,14.40625,14.59375,14.6953125,14.8046875,14.9140625,15.015625
14776,2021-10-15 13:45:00,3474,12.7421875,13.15625,13.453125,13.4765625,13.3359375,13.0703125,12.8203125,12.7265625,12.5703125,13.5,14.09375,14.3984375,14.59375,14.703125,14.8046875,14.90625,15.015625
14777,2021-10-15 14:00:00,3474,12.734375,12.8828125,13.21875,13.2421875,13.078125,13.0,12.8828125,12.9453125,12.953125,13.5078125,14.0859375,14.390625,14.5859375,14.6953125,14.8046875,14.90625,15.0234375
14778,2021-10-15 14:15:00,3468,12.5546875,12.8359375,13.1484375,13.1796875,13.0078125,12.890625,12.8046875,12.8671875,12.828125,13.46875,14.078125,14.3828125,14.59375,14.6953125,14.8046875,14.9140625,15.0234375
14779,2021-10-15 14:30:00,3468,12.6875,13.546875,14.0,14.1015625,14.078125,13.9140625,13.640625,13.546875,13.328125,13.4765625,14.0703125,14.375,14.5859375,14.6953125,14.8046875,14.921875,15.0234375
14780,2021-10-15 14:45:00,3468,13.0546875,13.9765625,14.296875,14.3515625,14.2578125,14.0859375,13.921875,13.8828125,13.6953125,13.5234375,14.0546875,14.375,14.578125,14.6953125,14.8046875,14.9140625,15.0234375
14781,2021-10-15 15:00:00,3474,13.0390625,13.609375,13.90625,13.921875,13.71875,13.5234375,13.265625,13.1640625,13.109375,13.546875,14.046875,14.3671875,14.5859375,14.6875,14.8046875,14.921875,15.0234375
14782,2021-10-15 15:15:00,3474,13.734375,15.0703125,15.5703125,15.671875,15.484375,14.9765625,14.2890625,13.765625,13.453125,13.6171875,14.03125,14.359375,14.578125,14.6953125,14.8046875,14.921875,15.0234375
14783,2021-10-15 15:30:00,3474,15.125,16.960938,17.554688,17.757812,17.34375,16.914062,16.21875,15.4921875,14.71875,13.78125,14.0234375,14.3515625,14.5703125,14.6953125,14.8125,14.921875,15.03125
14784,2021-10-15 15:45:00,3474,16.632812,18.523438,19.296875,19.460938,18.976562,18.890625,18.039062,17.140625,16.171875,14.0390625,14.015625,14.34375,14.5703125,14.6953125,14.8046875,14.921875,15.03125
14785,2021-10-15 16:00:00,3468,18.414062,20.476562,21.265625,21.359375,20.476562,20.382812,20.109375,19.015625,17.78125,14.3515625,14.015625,14.3359375,14.5625,14.6953125,14.8125,14.9296875,15.0234375
14786,2021-10-15 16:15:00,3480,19.90625,21.703125,22.210938,22.179688,21.40625,21.140625,20.828125,20.179688,19.148438,14.6953125,14.015625,14.3359375,14.5625,14.6953125,14.8125,14.9296875,15.0234375
14787,2021-10-15 16:30:00,3468,21.664062,24.25,23.976562,24.578125,22.929688,22.625,22.335938,21.789062,20.875,15.1015625,14.0234375,14.328125,14.5625,14.6875,14.8125,14.9296875,15.03125
14788,2021-10-15 16:45:00,3474,23.078125,24.828125,24.882812,25.046875,23.265625,23.054688,22.796875,22.40625,21.648438,15.4453125,14.03125,14.3203125,14.5546875,14.6953125,14.8125,14.9296875,15.03125
14789,2021-10-15 17:00:00,3468,23.882812,24.390625,24.117188,23.890625,22.828125,22.804688,22.726562,22.640625,22.273438,15.796875,14.046875,14.3203125,14.5546875,14.6953125,14.8125,14.9296875,15.03125
14790,2021-10-15 17:15:00,3468,24.484375,25.007812,23.789062,23.75,22.984375,22.9375,22.96875,23.023438,22.648438,16.09375,14.0703125,14.3203125,14.546875,14.6875,14.8125,14.9375,15.03125
14791,2021-10-15 17:30:00,3480,24.804688,25.65625,25.65625,24.765625,23.835938,23.726562,23.914062,23.84375,23.46875,16.382812,14.109375,14.3125,14.546875,14.6875,14.8125,14.9375,15.03125
14792,2021-10-15 17:45:00,3480,25.75,26.09375,25.453125,24.367188,23.53125,23.625,23.65625,23.6875,23.40625,16.632812,14.1484375,14.3046875,14.5390625,14.6875,14.8125,14.9375,15.03125
14793,2021-10-15 18:00:00,3480,24.507812,23.28125,22.9375,22.59375,22.109375,21.8125,21.578125,21.421875,21.125,16.445312,14.1875,14.3046875,14.5390625,14.6875,14.8125,14.9375,15.03125
14794,2021-10-15 18:15:00,3480,22.6875,21.789062,21.703125,21.476562,21.257812,21.0625,20.796875,20.625,20.289062,16.242188,14.234375,14.3046875,14.53125,14.6875,14.8125,14.9296875,15.03125
14795,2021-10-15 18:30:00,3480,21.78125,20.695312,20.75,20.734375,20.546875,20.523438,20.515625,20.546875,20.4375,16.335938,14.2890625,14.3125,14.53125,14.6875,14.8046875,14.9296875,15.03125
14796,2021-10-15 18:45:00,3480,21.046875,20.476562,20.617188,20.578125,20.351562,20.304688,20.289062,20.320312,20.210938,16.335938,14.3359375,14.3125,14.53125,14.6796875,14.8125,14.9296875,15.03125
14797,2021-10-15 19:00:00,3480,20.8125,20.679688,20.851562,20.898438,20.546875,20.390625,20.164062,20.03125,19.828125,16.234375,14.3828125,14.3203125,14.5234375,14.6796875,14.8046875,14.9296875,15.03125
14798,2021-10-15 19:15:00,3492,21.15625,21.328125,21.570312,21.65625,21.3125,21.234375,21.09375,20.96875,20.695312,16.414062,14.421875,14.3203125,14.5234375,14.6796875,14.8125,14.9375,15.03125
14799,2021-10-15 19:30:00,3480,22.304688,25.359375,24.117188,24.109375,23.742188,24.296875,25.242188,25.09375,24.1875,16.820312,14.4609375,14.3359375,14.5234375,14.671875,14.8046875,14.9375,15.03125
14800,2021-10-15 19:45:00,3480,25.851562,28.078125,25.75,25.789062,25.21875,26.164062,27.023438,26.84375,26.25,17.539062,14.5,14.34375,14.5234375,14.671875,14.8046875,14.9296875,15.03125
14801,2021-10-15 20:00:00,3486,28.335938,28.5,26.445312,26.390625,26.164062,26.945312,27.6875,27.53125,27.03125,18.070312,14.546875,14.3515625,14.5234375,14.671875,14.8125,14.9375,15.03125
14802,2021-10-15 20:15:00,3498,30.03125,29.929688,27.773438,27.976562,27.632812,28.71875,29.828125,29.265625,28.304688,18.46875,14.59375,14.3671875,14.5234375,14.6640625,14.8046875,14.9375,15.03125
14803,2021-10-15 20:30:00,3498,31.546875,31.023438,28.820312,28.945312,29.1875,30.070312,30.9375,29.882812,28.882812,18.890625,14.6484375,14.3828125,14.5234375,14.671875,14.8046875,14.9375,15.03125
14804,2021-10-15 20:45:00,3492,32.664062,30.1875,29.03125,29.015625,29.546875,30.523438,30.59375,30.023438,29.335938,19.273438,14.71875,14.390625,14.515625,14.6640625,14.8046875,14.9375,15.03125
14805,2021-10-15 21:00:00,3504,33.273438,30.59375,29.609375,29.835938,30.09375,31.460938,31.03125,30.523438,29.632812,19.5625,14.796875,14.40625,14.515625,14.6640625,14.8046875,14.9375,15.03125
14806,2021-10-15 21:15:00,3498,33.359375,29.570312,29.0,29.375,30.125,31.570312,31.195312,30.625,29.523438,19.710938,14.8828125,14.421875,14.5234375,14.6640625,14.8046875,14.9375,15.0390625
14807,2021-10-15 21:30:00,3498,28.796875,24.734375,24.570312,24.484375,24.164062,24.085938,23.984375,24.085938,24.148438,19.054688,14.9765625,14.4453125,14.5234375,14.6640625,14.8046875,14.9296875,15.0390625
14808,2021-10-15 21:45:00,3510,25.875,23.851562,23.726562,23.601562,23.179688,22.914062,22.523438,22.421875,22.335938,18.546875,15.0625,14.46875,14.5234375,14.6640625,14.8046875,14.9375,15.0390625
14809,2021-10-15 22:00:00,3504,24.570312,23.53125,23.539062,23.429688,23.023438,22.804688,22.359375,22.109375,21.851562,18.25,15.15625,14.4921875,14.53125,14.65625,14.8046875,14.9375,15.0390625
14810,2021-10-15 22:15:00,3510,23.898438,23.679688,23.664062,23.539062,23.085938,22.71875,22.0625,21.679688,21.390625,18.039062,15.2265625,14.5078125,14.53125,14.65625,14.8046875,14.9375,15.0390625
14811,2021-10-15 22:30:00,3504,23.351562,22.953125,23.0,22.96875,22.585938,22.390625,21.953125,21.695312,21.335938,17.914062,15.2890625,14.5390625,14.5390625,14.6640625,14.8046875,14.9375,15.0390625
14812,2021-10-15 22:45:00,3504,22.953125,22.570312,22.53125,22.414062,21.960938,21.664062,21.132812,20.851562,20.546875,17.757812,15.34375,14.5703125,14.5390625,14.6640625,14.8046875,14.9375,15.046875
14813,2021-10-15 23:00:00,3504,22.492188,22.054688,22.132812,22.140625,21.8125,21.578125,21.046875,20.773438,20.320312,17.601562,15.390625,14.6015625,14.546875,14.6640625,14.8046875,14.9375,15.046875
14814,2021-10-15 23:15:00,3510,22.023438,21.726562,21.789062,21.773438,21.40625,21.132812,20.632812,20.351562,19.90625,17.476562,15.421875,14.6328125,14.5625,14.6640625,14.796875,14.9375,15.046875
14815,2021-10-15 23:30:00,3504,21.8125,21.640625,21.898438,22.015625,21.695312,21.5,21.164062,20.976562,20.484375,17.453125,15.453125,14.6640625,14.5625,14.6640625,14.8046875,14.9375,15.0546875
14816,2021-10-15 23:45:00,3510,21.265625,20.867188,20.890625,20.914062,20.59375,20.492188,20.21875,20.078125,19.726562,17.367188,15.4765625,14.6875,14.578125,14.6640625,14.8046875,14.9375,15.0546875
14817,2021-10-16 00:00:00,3504,21.0,20.96875,21.09375,21.1875,20.875,20.765625,20.4375,20.296875,19.804688,17.226562,15.5,14.7109375,14.5859375,14.671875,14.8046875,14.9453125,15.0625
14818,2021-10-16 00:15:00,3504,20.515625,20.171875,20.25,20.3125,19.992188,19.9375,19.695312,19.632812,19.257812,17.140625,15.515625,14.7421875,14.6015625,14.6640625,14.8046875,14.9453125,15.0625
14819,2021-10-16 00:30:00,3504,20.054688,19.757812,19.820312,19.84375,19.5,19.492188,19.3125,19.289062,18.992188,17.03125,15.5390625,14.7734375,14.609375,14.671875,14.8046875,14.9453125,15.0625
14820,2021-10-16 00:45:00,3504,19.625,19.476562,19.585938,19.617188,19.265625,19.195312,19.015625,19.039062,18.773438,16.960938,15.546875,14.796875,14.625,14.671875,14.8125,14.9453125,15.0703125
14821,2021-10-16 01:00:00,3504,19.390625,19.390625,19.59375,19.773438,19.515625,19.515625,19.367188,19.4375,19.257812,16.960938,15.5546875,14.828125,14.6328125,14.6796875,14.8125,14.953125,15.078125
14822,2021-10-16 01:15:00,3504,19.078125,19.265625,19.492188,19.570312,19.25,19.140625,18.9375,18.96875,18.71875,16.84375,15.5625,14.859375,14.6484375,14.6875,14.8046875,14.9453125,15.0859375
14823,2021-10-16 01:30:00,3510,18.96875,19.085938,19.226562,19.351562,19.039062,19.03125,18.859375,18.90625,18.679688,16.804688,15.5703125,14.8671875,14.6640625,14.6875,14.8125,14.953125,15.078125
14824,2021-10-16 01:45:00,3504,18.578125,18.585938,18.804688,18.820312,18.421875,18.367188,18.21875,18.289062,18.101562,16.671875,15.578125,14.8984375,14.6796875,14.703125,14.8125,14.953125,15.0859375
14825,2021-10-16 02:00:00,3498,18.140625,18.3125,18.5,18.546875,18.179688,18.125,17.992188,18.085938,17.898438,16.539062,15.578125,14.921875,14.6953125,14.6953125,14.8125,14.9609375,15.09375
14826,2021-10-16 02:15:00,3504,18.164062,18.59375,18.773438,18.90625,18.601562,18.601562,18.46875,18.515625,18.328125,16.546875,15.5859375,14.9453125,14.703125,14.703125,14.8203125,14.9609375,15.1015625
14827,2021-10-16 02:30:00,3504,18.164062,18.359375,18.53125,18.601562,18.265625,18.304688,18.195312,18.273438,18.148438,16.5625,15.578125,14.953125,14.71875,14.7109375,14.828125,14.9765625,15.1015625
14828,2021-10-16 02:45:00,3504,17.539062,17.453125,17.671875,17.703125,17.335938,17.234375,17.09375,17.1875,17.023438,16.359375,15.578125,14.984375,14.7421875,14.7265625,14.828125,14.96875,15.109375
14829,2021-10-16 03:00:00,3498,17.046875,17.257812,17.539062,17.59375,17.242188,17.09375,16.890625,16.9375,16.695312,16.164062,15.578125,15.0,14.75,14.7265625,14.828125,14.984375,15.1171875
14830,2021-10-16 03:15:00,3498,16.96875,17.460938,17.710938,17.757812,17.398438,17.328125,17.148438,17.210938,17.0,16.125,15.5703125,15.015625,14.765625,14.734375,14.8359375,14.9765625,15.125
14831,2021-10-16 03:30:00,3504,17.171875,17.640625,17.851562,17.945312,17.609375,17.585938,17.46875,17.546875,17.40625,16.195312,15.5625,15.03125,14.78125,14.7421875,14.8359375,14.9921875,15.140625
14832,2021-10-16 03:45:00,3504,17.171875,17.648438,17.867188,17.945312,17.625,17.617188,17.5,17.59375,17.429688,16.179688,15.5546875,15.0546875,14.796875,14.75,14.84375,14.9921875,15.1484375
14833,2021-10-16 04:00:00,3498,17.007812,17.265625,17.523438,17.625,17.28125,17.203125,17.046875,17.164062,17.046875,16.140625,15.546875,15.0625,14.8125,14.7578125,14.8515625,14.9921875,15.15625
14834,2021-10-16 04:15:00,3498,16.835938,17.476562,17.757812,17.8125,17.4375,17.304688,17.125,17.179688,16.96875,16.039062,15.5390625,15.078125,14.828125,14.7734375,14.859375,15.0078125,15.15625
14835,2021-10-16 04:30:00,3504,17.085938,17.84375,18.0625,18.171875,17.859375,17.773438,17.617188,17.640625,17.4375,16.078125,15.53125,15.0859375,14.84375,14.7734375,14.8671875,15.0078125,15.1640625
14836,2021-10-16 04:45:00,3498,17.5625,18.46875,18.773438,18.890625,18.507812,18.328125,18.109375,18.085938,17.71875,16.125,15.5234375,15.1015625,14.8515625,14.7890625,14.875,15.015625,15.171875
14837,2021-10-16 05:00:00,3504,17.109375,17.273438,17.515625,17.578125,17.21875,17.054688,16.8125,16.8125,16.5625,16.0,15.515625,15.1171875,14.8671875,14.8046875,14.875,15.0234375,15.1796875
14838,2021-10-16 05:15:00,3504,17.046875,17.617188,17.914062,18.09375,17.796875,17.648438,17.320312,17.242188,16.875,15.9375,15.515625,15.1171875,14.890625,14.8125,14.8828125,15.03125,15.1953125
14839,2021-10-16 05:30:00,3504,17.148438,17.734375,18.078125,18.242188,17.992188,17.9375,17.726562,17.773438,17.59375,15.9921875,15.515625,15.140625,14.90625,14.8203125,14.890625,15.03125,15.203125
14840,2021-10-16 05:45:00,3498,17.390625,18.140625,18.5,18.648438,18.367188,18.265625,18.0625,18.109375,17.9375,16.054688,15.5,15.140625,14.9140625,14.828125,14.8984375,15.0390625,15.2109375
14841,2021-10-16 06:00:00,3492,17.632812,18.109375,18.4375,18.625,18.359375,18.34375,18.148438,18.21875,18.101562,16.148438,15.4921875,15.1484375,14.9375,14.84375,14.90625,15.0546875,15.21875
14842,2021-10-16 06:15:00,3498,17.40625,17.578125,17.8125,17.929688,17.585938,17.585938,17.5,17.609375,17.492188,16.125,15.484375,15.1640625,14.9453125,14.8515625,14.9140625,15.0546875,15.2265625
14843,2021-10-16 06:30:00,3498,17.21875,17.601562,17.921875,18.070312,17.789062,17.75,17.578125,17.6875,17.59375,16.070312,15.484375,15.171875,14.953125,14.8671875,14.921875,15.0625,15.2421875
14844,2021-10-16 06:45:00,3504,17.304688,17.539062,17.921875,18.078125,17.8125,17.757812,17.5625,17.671875,17.632812,16.109375,15.4765625,15.1796875,14.9765625,14.875,14.9296875,15.078125,15.25
14845,2021-10-16 07:00:00,3498,17.039062,17.320312,17.546875,17.664062,17.34375,17.320312,17.1875,17.273438,17.132812,16.015625,15.484375,15.1953125,14.984375,14.8828125,14.9375,15.078125,15.2578125
14846,2021-10-16 07:15:00,3498,16.851562,17.203125,17.40625,17.5,17.203125,17.164062,17.023438,17.101562,16.96875,15.9375,15.4765625,15.1953125,15.0078125,14.8984375,14.9453125,15.0859375,15.2734375
14847,2021-10-16 07:30:00,3498,16.804688,17.15625,17.515625,17.671875,17.421875,17.414062,17.257812,17.382812,17.359375,16.0,15.4765625,15.203125,15.0078125,14.9140625,14.9609375,15.1015625,15.28125
14848,2021-10-16 07:45:00,3498,16.507812,16.570312,16.875,17.015625,16.765625,16.75,16.617188,16.757812,16.765625,15.9296875,15.4765625,15.2109375,15.0234375,14.921875,14.96875,15.1015625,15.2890625
14849,2021-10-16 08:00:00,3498,16.195312,16.09375,16.375,16.554688,16.3125,16.28125,16.171875,16.296875,16.34375,15.890625,15.4765625,15.21875,15.0390625,14.9296875,14.9765625,15.1171875,15.296875
14850,2021-10-16 08:15:00,3498,16.164062,16.648438,16.867188,16.960938,16.640625,16.65625,16.570312,16.695312,16.664062,15.8671875,15.46875,15.234375,15.0546875,14.953125,14.984375,15.125,15.3125
14851,2021-10-16 08:30:00,3504,16.0625,16.375,16.59375,16.695312,16.375,16.375,16.257812,16.335938,16.257812,15.8203125,15.46875,15.234375,15.0625,14.953125,15.0,15.1328125,15.328125
14852,2021-10-16 08:45:00,3498,15.9609375,16.40625,16.617188,16.742188,16.445312,16.445312,16.320312,16.4375,16.367188,15.7578125,15.46875,15.2421875,15.078125,14.96875,15.0,15.140625,15.328125
14853,2021-10-16 09:00:00,3498,15.953125,16.539062,16.789062,16.882812,16.5625,16.539062,16.421875,16.507812,16.367188,15.7109375,15.4609375,15.25,15.0859375,14.984375,15.015625,15.1484375,15.3359375
14854,2021-10-16 09:15:00,3498,16.070312,16.351562,16.625,16.726562,16.421875,16.398438,16.304688,16.414062,16.382812,15.765625,15.4609375,15.2578125,15.09375,14.9921875,15.03125,15.1640625,15.3515625
14855,2021-10-16 09:30:00,3492,16.007812,16.421875,16.648438,16.726562,16.390625,16.421875,16.335938,16.445312,16.375,15.71875,15.453125,15.2578125,15.109375,15.0078125,15.03125,15.171875,15.359375
14856,2021-10-16 09:45:00,3492,15.828125,16.015625,16.25,16.414062,16.148438,16.15625,16.054688,16.179688,16.148438,15.6953125,15.453125,15.265625,15.109375,15.015625,15.0390625,15.171875,15.3828125
14857,2021-10-16 10:00:00,3498,15.671875,16.15625,16.304688,16.34375,15.9921875,16.023438,15.953125,16.0625,15.9375,15.6015625,15.4453125,15.2734375,15.1328125,15.03125,15.0546875,15.1953125,15.375
14858,2021-10-16 10:15:00,3492,15.625,15.9140625,16.179688,16.296875,15.9765625,15.9765625,15.84375,15.9453125,15.90625,15.6328125,15.4375,15.28125,15.1328125,15.0390625,15.0703125,15.1953125,15.3984375
14859,2021-10-16 10:30:00,3498,15.2421875,15.3984375,15.6328125,15.6953125,15.3671875,15.34375,15.2109375,15.328125,15.2890625,15.5078125,15.4375,15.28125,15.1484375,15.046875,15.078125,15.2109375,15.3984375
14860,2021-10-16 10:45:00,3504,15.1796875,15.5703125,15.8515625,15.953125,15.65625,15.6328125,15.4765625,15.5703125,15.5234375,15.484375,15.4296875,15.2890625,15.15625,15.0625,15.0859375,15.21875,15.4140625
14861,2021-10-16 11:00:00,3498,14.9296875,15.703125,15.984375,16.023438,15.65625,15.5859375,15.3984375,15.4609375,15.3203125,15.375,15.421875,15.296875,15.1640625,15.0703125,15.09375,15.2265625,15.421875
14862,2021-10-16 11:15:00,3504,15.359375,15.84375,16.078125,16.179688,15.8515625,15.875,15.8125,15.9375,15.921875,15.4921875,15.421875,15.296875,15.171875,15.078125,15.1015625,15.2421875,15.4296875
14863,2021-10-16 11:30:00,3492,15.1875,15.625,15.859375,16.0,15.7421875,15.71875,15.5859375,15.6875,15.625,15.421875,15.40625,15.296875,15.1796875,15.09375,15.109375,15.2421875,15.4453125
14864,2021-10-16 11:45:00,3498,15.1484375,15.40625,15.7109375,15.859375,15.5703125,15.5546875,15.4140625,15.5546875,15.5859375,15.4453125,15.40625,15.3046875,15.1953125,15.1015625,15.125,15.2578125,15.4453125
14865,2021-10-16 12:00:00,3486,14.90625,15.09375,15.328125,15.4609375,15.1640625,15.140625,15.0234375,15.1484375,15.15625,15.3828125,15.3984375,15.3046875,15.203125,15.109375,15.1328125,15.265625,15.4609375
14866,2021-10-16 12:15:00,3498,14.8359375,15.0859375,15.3515625,15.5390625,15.21875,15.1640625,14.9921875,15.046875,14.9765625,15.34375,15.390625,15.3125,15.2109375,15.125,15.1484375,15.265625,15.46875
14867,2021-10-16 12:30:00,3486,15.046875,15.46875,15.8046875,15.9765625,15.734375,15.671875,15.5234375,15.6328125,15.6328125,15.3671875,15.3828125,15.3046875,15.21875,15.1328125,15.1484375,15.28125,15.4765625
14868,2021-10-16 12:45:00,3504,15.1328125,15.375,15.6640625,15.8046875,15.53125,15.5078125,15.3984375,15.515625,15.53125,15.390625,15.375,15.3125,15.21875,15.140625,15.1640625,15.2890625,15.4921875
14869,2021-10-16 13:00:00,3486,15.25,15.7265625,16.085938,16.304688,16.070312,15.9921875,15.8125,15.890625,15.859375,15.4140625,15.3671875,15.3203125,15.2265625,15.1484375,15.171875,15.296875,15.5
14870,2021-10-16 13:15:00,3492,15.3359375,15.8984375,16.234375,16.398438,16.15625,16.078125,15.84375,15.8828125,15.734375,15.390625,15.359375,15.3203125,15.234375,15.15625,15.1796875,15.3125,15.5078125
14871,2021-10-16 13:30:00,3492,15.546875,16.460938,16.8125,17.070312,16.945312,16.90625,16.585938,16.609375,16.460938,15.4375,15.3515625,15.3203125,15.25,15.171875,15.1953125,15.3203125,15.515625
14872,2021-10-16 13:45:00,3498,15.6015625,15.7734375,16.046875,16.101562,15.7421875,15.7421875,15.671875,15.7890625,15.7890625,15.4921875,15.3515625,15.3203125,15.25,15.1796875,15.203125,15.328125,15.5234375
14873,2021-10-16 14:00:00,3486,15.25,15.7109375,15.9453125,16.125,15.84375,15.8125,15.625,15.7265625,15.6484375,15.359375,15.34375,15.3203125,15.2578125,15.1875,15.2109375,15.3359375,15.53125
14874,2021-10-16 14:15:00,3492,15.78125,16.640625,17.085938,17.320312,17.148438,17.117188,16.867188,16.929688,16.867188,15.5234375,15.34375,15.3203125,15.265625,15.1953125,15.21875,15.34375,15.546875
14875,2021-10-16 14:30:00,3486,15.8515625,16.648438,16.898438,16.992188,16.726562,16.632812,16.398438,16.414062,16.257812,15.4921875,15.3359375,15.328125,15.2734375,15.203125,15.234375,15.359375,15.5625
14876,2021-10-16 14:45:00,3498,16.117188,17.273438,17.445312,17.414062,16.992188,16.710938,16.296875,16.148438,15.8984375,15.4609375,15.3359375,15.3203125,15.2734375,15.2109375,15.2421875,15.3671875,15.5625
14877,2021-10-16 15:00:00,3498,16.882812,18.492188,18.65625,18.570312,18.234375,17.960938,17.453125,17.132812,16.75,15.5390625,15.328125,15.3203125,15.28125,15.21875,15.25,15.3828125,15.5703125
14878,2021-10-16 15:15:00,3492,18.507812,20.304688,20.476562,20.421875,19.984375,19.640625,19.125,18.679688,18.195312,15.7578125,15.328125,15.328125,15.28125,15.2265625,15.2578125,15.3828125,15.5703125
14879,2021-10-16 15:30:00,3486,19.757812,21.3125,21.9375,21.554688,20.921875,20.476562,19.976562,19.609375,19.0625,16.0,15.328125,15.328125,15.296875,15.2421875,15.2734375,15.3984375,15.5859375
14880,2021-10-16 15:45:00,3492,20.421875,21.710938,22.773438,21.890625,21.125,20.78125,20.4375,19.984375,19.46875,16.21875,15.328125,15.3203125,15.296875,15.25,15.2734375,15.3984375,15.59375
14881,2021-10-16 16:00:00,3492,21.257812,22.773438,23.71875,22.882812,21.875,21.453125,21.046875,20.515625,19.710938,16.34375,15.3359375,15.328125,15.296875,15.2578125,15.28125,15.4140625,15.6015625
14882,2021-10-16 16:15:00,3480,22.125,23.085938,23.515625,23.007812,22.351562,21.90625,21.554688,21.179688,20.53125,16.515625,15.3515625,15.328125,15.3046875,15.265625,15.2890625,15.421875,15.609375
14883,2021-10-16 16:30:00,3486,23.195312,24.28125,24.421875,23.679688,22.898438,22.6875,22.53125,22.25,21.78125,16.875,15.3671875,15.328125,15.3046875,15.2578125,15.296875,15.4296875,15.6171875
14884,2021-10-16 16:45:00,3480,24.195312,24.359375,24.984375,23.90625,23.140625,22.9375,22.789062,22.554688,22.203125,17.125,15.3828125,15.3359375,15.3125,15.2734375,15.3046875,15.4296875,15.6171875
14885,2021-10-16 17:00:00,3498,24.507812,24.046875,24.359375,23.6875,22.976562,22.851562,22.828125,22.8125,22.625,17.382812,15.40625,15.328125,15.3203125,15.28125,15.3203125,15.4453125,15.625
14886,2021-10-16 17:15:00,3486,25.132812,25.421875,25.242188,24.625,24.015625,23.921875,24.078125,23.9375,23.585938,17.640625,15.4296875,15.3359375,15.328125,15.2890625,15.3203125,15.453125,15.640625
14887,2021-10-16 17:30:00,3486,26.039062,26.921875,27.859375,26.757812,25.4375,25.460938,25.382812,25.375,24.992188,18.023438,15.4609375,15.34375,15.328125,15.296875,15.328125,15.4609375,15.6484375
14888,2021-10-16 17:45:00,3492,26.953125,27.539062,27.820312,26.289062,24.90625,24.539062,24.851562,25.0,24.75,18.25,15.5078125,15.34375,15.328125,15.3046875,15.3359375,15.46875,15.65625
14889,2021-10-16 18:00:00,3498,25.53125,23.898438,24.109375,23.273438,22.6875,22.445312,22.421875,22.445312,22.335938,18.070312,15.5546875,15.34375,15.3359375,15.3046875,15.3515625,15.4765625,15.65625
14890,2021-10-16 18:15:00,3498,24.257812,23.664062,23.8125,23.3125,22.773438,22.539062,22.289062,22.148438,21.875,17.929688,15.6015625,15.359375,15.34375,15.3125,15.3515625,15.4765625,15.6640625
14891,2021-10-16 18:30:00,3498,23.265625,22.65625,22.90625,22.734375,22.390625,22.203125,21.90625,21.71875,21.382812,17.875,15.65625,15.3671875,15.34375,15.328125,15.359375,15.4921875,15.671875
14892,2021-10-16 18:45:00,3504,23.007812,22.679688,22.945312,22.859375,22.570312,22.421875,22.0625,21.804688,21.4375,17.851562,15.703125,15.375,15.3515625,15.328125,15.3671875,15.4921875,15.671875
14893,2021-10-16 19:00:00,3492,22.632812,22.484375,22.710938,22.648438,22.359375,22.117188,21.601562,21.25,20.875,17.804688,15.75,15.390625,15.3515625,15.328125,15.3828125,15.5078125,15.6875
14894,2021-10-16 19:15:00,3492,23.335938,24.171875,24.507812,24.484375,24.210938,24.078125,23.710938,23.273438,22.4375,17.867188,15.7890625,15.40625,15.359375,15.328125,15.3828125,15.515625,15.6875
14895,2021-10-16 19:30:00,3498,24.429688,26.445312,27.085938,26.929688,26.710938,27.125,27.210938,26.671875,25.375,18.242188,15.828125,15.4140625,15.359375,15.34375,15.390625,15.5234375,15.6953125
14896,2021-10-16 19:45:00,3492,28.492188,31.078125,30.203125,29.757812,29.539062,30.226562,30.679688,30.0625,28.992188,19.101562,15.859375,15.4296875,15.3671875,15.34375,15.3984375,15.53125,15.703125
14897,2021-10-16 20:00:00,3498,31.390625,31.125,29.523438,29.226562,28.804688,29.46875,30.09375,30.015625,29.804688,19.867188,15.90625,15.4453125,15.3671875,15.359375,15.3984375,15.5390625,15.703125
14898,2021-10-16 20:15:00,3504,32.984375,31.671875,29.929688,29.765625,29.421875,30.460938,31.09375,30.757812,30.0625,20.257812,15.953125,15.4609375,15.375,15.359375,15.4140625,15.546875,15.7109375
14899,2021-10-16 20:30:00,3498,33.851562,32.65625,31.265625,31.367188,31.546875,32.859375,33.640625,32.835938,31.765625,20.695312,16.007812,15.484375,15.390625,15.359375,15.4140625,15.546875,15.7109375
14900,2021-10-16 20:45:00,3504,34.203125,32.179688,30.789062,30.929688,31.429688,32.851562,32.96875,32.226562,31.515625,20.960938,16.085938,15.4921875,15.390625,15.375,15.421875,15.5625,15.7265625
14901,2021-10-16 21:00:00,3504,34.335938,31.226562,30.65625,31.085938,31.953125,33.734375,33.929688,33.335938,32.375,21.273438,16.164062,15.515625,15.3984375,15.375,15.4296875,15.5625,15.734375
14902,2021-10-16 21:15:00,3510,34.164062,30.484375,30.203125,30.398438,31.15625,32.40625,32.375,31.867188,31.117188,21.4375,16.25,15.5390625,15.40625,15.3828125,15.4375,15.5625,15.7421875
14903,2021-10-16 21:30:00,3510,29.679688,25.554688,25.445312,25.273438,25.015625,24.984375,24.921875,25.101562,25.273438,20.578125,16.351562,15.5625,15.421875,15.390625,15.4375,15.578125,15.7421875
14904,2021-10-16 21:45:00,3504,26.898438,24.726562,24.757812,24.625,24.304688,24.171875,23.867188,23.804688,23.757812,20.09375,16.4375,15.5859375,15.4296875,15.3984375,15.453125,15.578125,15.75
14905,2021-10-16 22:00:00,3510,25.484375,24.476562,24.492188,24.328125,23.976562,23.789062,23.375,23.203125,23.09375,19.789062,16.53125,15.6171875,15.4375,15.3984375,15.453125,15.5859375,15.7578125
14906,2021-10-16 22:15:00,3510,24.632812,23.984375,23.976562,23.8125,23.421875,23.171875,22.640625,22.46875,22.40625,19.546875,16.601562,15.640625,15.4375,15.40625,15.4609375,15.59375,15.7734375
14907,2021-10-16 22:30:00,3510,23.992188,23.460938,23.484375,23.320312,22.960938,22.703125,22.28125,22.078125,21.84375,19.304688,16.664062,15.6796875,15.453125,15.4140625,15.46875,15.6015625,15.7734375
14908,2021-10-16 22:45:00,3510,23.578125,23.375,23.351562,23.148438,22.742188,22.453125,21.804688,21.476562,21.234375,19.085938,16.71875,15.7109375,15.46875,15.421875,15.4765625,15.609375,15.7890625
14909,2021-10-16 23:00:00,3516,23.109375,22.820312,22.945312,22.898438,22.625,22.453125,21.96875,21.757812,21.304688,18.90625,16.757812,15.7421875,15.484375,15.4296875,15.484375,15.609375,15.7890625
14910,2021-10-16 23:15:00,3510,22.648438,22.226562,22.320312,22.265625,21.96875,21.75,21.273438,21.09375,20.75,18.789062,16.789062,15.7734375,15.4921875,15.4375,15.4921875,15.6171875,15.8046875
14911,2021-10-16 23:30:00,3510,22.257812,21.851562,21.9375,21.976562,21.71875,21.570312,21.171875,21.015625,20.632812,18.671875,16.804688,15.8125,15.5078125,15.4453125,15.5,15.625,15.8046875
14912,2021-10-16 23:45:00,3516,21.828125,21.242188,21.304688,21.320312,21.078125,20.984375,20.5625,20.40625,20.054688,18.507812,16.820312,15.8359375,15.53125,15.453125,15.5078125,15.6328125,15.8203125
14913,2021-10-17 00:00:00,3516,21.117188,20.414062,20.398438,20.328125,20.0625,19.867188,19.421875,19.265625,19.0625,18.296875,16.835938,15.875,15.5390625,15.4609375,15.515625,15.640625,15.8203125
14914,2021-10-17 00:15:00,3516,20.414062,19.53125,19.515625,19.46875,19.265625,19.078125,18.617188,18.601562,18.601562,18.164062,16.851562,15.8984375,15.5625,15.46875,15.515625,15.6484375,15.8359375
14915,2021-10-17 00:30:00,3510,19.773438,19.070312,19.148438,19.132812,18.921875,18.820312,18.492188,18.460938,18.359375,18.023438,16.851562,15.9296875,15.578125,15.4765625,15.53125,15.65625,15.84375
14916,2021-10-17 00:45:00,3510,19.359375,18.929688,19.101562,19.1875,19.03125,18.960938,18.640625,18.585938,18.414062,17.914062,16.851562,15.9609375,15.59375,15.4921875,15.53125,15.671875,15.8515625
14917,2021-10-17 01:00:00,3510,18.859375,18.351562,18.4375,18.40625,18.109375,17.992188,17.757812,17.765625,17.640625,17.75,16.851562,15.984375,15.609375,15.4921875,15.546875,15.6796875,15.859375
14918,2021-10-17 01:15:00,3510,18.242188,17.679688,17.78125,17.875,17.71875,17.609375,17.1875,17.09375,16.953125,17.507812,16.84375,16.007812,15.6328125,15.5078125,15.5546875,15.6796875,15.8671875
14919,2021-10-17 01:30:00,3510,17.625,17.21875,17.390625,17.515625,17.375,17.273438,16.90625,16.84375,16.679688,17.273438,16.84375,16.03125,15.6484375,15.515625,15.5625,15.6875,15.875
14920,2021-10-17 01:45:00,3510,17.453125,17.382812,17.421875,17.546875,17.3125,17.351562,17.195312,17.265625,17.195312,17.25,16.828125,16.054688,15.671875,15.53125,15.5703125,15.6953125,15.890625
14921,2021-10-17 02:00:00,3510,17.140625,16.929688,17.09375,17.179688,16.9375,16.9375,16.828125,16.945312,16.945312,17.164062,16.8125,16.078125,15.6875,15.546875,15.578125,15.703125,15.8984375
14922,2021-10-17 02:15:00,3516,16.820312,16.71875,16.804688,16.835938,16.5625,16.570312,16.429688,16.523438,16.476562,17.023438,16.789062,16.101562,15.703125,15.5625,15.5859375,15.71875,15.9140625
14923,2021-10-17 02:30:00,3510,16.515625,16.367188,16.5625,16.695312,16.5,16.523438,16.367188,16.453125,16.484375,16.960938,16.78125,16.117188,15.71875,15.5703125,15.59375,15.7265625,15.921875
14924,2021-10-17 02:45:00,3510,16.226562,16.085938,16.304688,16.46875,16.28125,16.265625,16.078125,16.179688,16.210938,16.84375,16.765625,16.132812,15.734375,15.578125,15.6015625,15.734375,15.9375
14925,2021-10-17 03:00:00,3504,16.007812,15.9609375,16.242188,16.375,16.15625,16.101562,15.90625,16.0,16.023438,16.742188,16.734375,16.15625,15.7578125,15.59375,15.6171875,15.7421875,15.9453125
14926,2021-10-17 03:15:00,3504,15.7734375,15.7890625,16.015625,16.078125,15.8203125,15.765625,15.578125,15.671875,15.609375,16.632812,16.710938,16.164062,15.78125,15.609375,15.625,15.7578125,15.9609375
14927,2021-10-17 03:30:00,3504,15.6875,15.9296875,16.132812,16.210938,15.9609375,15.921875,15.75,15.8125,15.7421875,16.546875,16.695312,16.179688,15.8046875,15.625,15.640625,15.765625,15.96875
14928,2021-10-17 03:45:00,3510,15.7890625,16.15625,16.351562,16.414062,16.203125,16.171875,15.9921875,16.070312,15.9609375,16.5,16.671875,16.1875,15.8203125,15.6328125,15.6484375,15.78125,15.984375
14929,2021-10-17 04:00:00,3510,15.78125,16.132812,16.3125,16.390625,16.15625,16.117188,15.953125,16.023438,15.9453125,16.445312,16.648438,16.195312,15.84375,15.6484375,15.65625,15.7890625,15.9921875
14930,2021-10-17 04:15:00,3504,15.7421875,16.109375,16.296875,16.382812,16.171875,16.140625,15.9453125,16.046875,15.984375,16.398438,16.617188,16.210938,15.8515625,15.6640625,15.6640625,15.796875,16.007812
14931,2021-10-17 04:30:00,3504,15.765625,16.179688,16.398438,16.46875,16.257812,16.21875,16.085938,16.171875,16.109375,16.351562,16.601562,16.21875,15.8671875,15.6796875,15.6875,15.8046875,16.023438
14932,2021-10-17 04:45:00,3504,16.007812,16.328125,16.617188,16.757812,16.554688,16.515625,16.335938,16.445312,16.46875,16.414062,16.570312,16.226562,15.890625,15.6953125,15.6953125,15.8203125,16.03125
14933,2021-10-17 05:00:00,3510,16.054688,16.492188,16.703125,16.703125,16.429688,16.398438,16.25,16.359375,16.296875,16.390625,16.546875,16.234375,15.90625,15.7109375,15.703125,15.8359375,16.054688
14934,2021-10-17 05:15:00,3510,15.9296875,16.195312,16.390625,16.4375,16.195312,16.1875,16.007812,16.109375,16.023438,16.304688,16.523438,16.242188,15.921875,15.7265625,15.71875,15.84375,16.0625
14935,2021-10-17 05:30:00,3510,15.859375,15.9921875,16.234375,16.3125,16.101562,16.101562,15.9296875,16.015625,15.984375,16.296875,16.5,16.242188,15.9375,15.7421875,15.734375,15.859375,16.078125
14936,2021-10-17 05:45:00,3504,15.7734375,15.8046875,16.007812,16.078125,15.859375,15.875,15.734375,15.8359375,15.8125,16.265625,16.484375,16.25,15.9453125,15.7578125,15.7421875,15.8671875,16.09375
14937,2021-10-17 06:00:00,3504,15.484375,15.484375,15.6953125,15.8203125,15.6171875,15.6171875,15.46875,15.625,15.6796875,16.195312,16.46875,16.25,15.96875,15.765625,15.7578125,15.875,16.109375
14938,2021-10-17 06:15:00,3510,15.375,15.6171875,15.796875,15.9296875,15.71875,15.7578125,15.6015625,15.7109375,15.7265625,16.164062,16.453125,16.257812,15.984375,15.78125,15.765625,15.8984375,16.125
14939,2021-10-17 06:30:00,3504,15.078125,14.9375,15.15625,15.2578125,15.0390625,15.0625,14.9140625,15.046875,15.1171875,16.085938,16.429688,16.257812,15.9921875,15.8046875,15.78125,15.9140625,16.132812
14940,2021-10-17 06:45:00,3510,13.9921875,13.1953125,13.3828125,13.4453125,13.171875,13.0390625,12.9765625,13.2578125,13.4921875,15.859375,16.414062,16.257812,16.007812,15.8203125,15.796875,15.921875,16.148438
14941,2021-10-17 07:00:00,3504,13.5703125,13.5625,13.7421875,13.875,13.6953125,13.6484375,13.453125,13.5859375,13.6875,15.703125,16.398438,16.257812,16.015625,15.828125,15.8125,15.9375,16.164062
14942,2021-10-17 07:15:00,3498,13.6796875,13.8515625,14.1015625,14.25,14.109375,14.1484375,13.8984375,13.96875,14.0390625,15.703125,16.382812,16.265625,16.03125,15.8515625,15.8203125,15.9453125,16.171875
14943,2021-10-17 07:30:00,3504,13.6328125,14.0703125,14.3359375,14.4140625,14.171875,14.125,13.90625,13.9921875,13.9609375,15.6171875,16.359375,16.257812,16.046875,15.8515625,15.8359375,15.9609375,16.1875
14944,2021-10-17 07:45:00,3504,13.8359375,14.2890625,14.4765625,14.625,14.453125,14.421875,14.234375,14.3203125,14.3203125,15.6015625,16.335938,16.265625,16.0625,15.8671875,15.8515625,15.96875,16.203125
14945,2021-10-17 08:00:00,3498,13.828125,14.1640625,14.328125,14.2734375,13.9921875,13.9921875,13.890625,14.046875,14.09375,15.5625,16.3125,16.265625,16.070312,15.890625,15.8671875,15.9921875,16.21875
14946,2021-10-17 08:15:00,3504,13.8828125,14.3671875,14.4453125,14.515625,14.2890625,14.3046875,14.171875,14.28125,14.296875,15.5390625,16.289062,16.265625,16.085938,15.8984375,15.875,16.0,16.234375
14947,2021-10-17 08:30:00,3498,13.8203125,13.9296875,14.0546875,14.1328125,13.921875,13.9765625,13.8828125,14.03125,14.09375,15.5078125,16.265625,16.265625,16.09375,15.9140625,15.890625,16.015625,16.242188
14948,2021-10-17 08:45:00,3504,13.515625,13.4296875,13.6171875,13.6875,13.4765625,13.5,13.390625,13.5390625,13.65625,15.421875,16.242188,16.265625,16.101562,15.9296875,15.90625,16.023438,16.257812
14949,2021-10-17 09:00:00,3504,13.28125,13.3515625,13.5234375,13.6640625,13.4921875,13.5234375,13.3828125,13.515625,13.6171875,15.375,16.21875,16.265625,16.117188,15.9453125,15.921875,16.046875,16.273438
14950,2021-10-17 09:15:00,3504,13.078125,13.1484375,13.3046875,13.34375,13.09375,13.078125,12.8984375,13.046875,13.1875,15.3046875,16.203125,16.257812,16.125,15.9609375,15.9375,16.054688,16.289062
14951,2021-10-17 09:30:00,3504,12.9765625,13.265625,13.4140625,13.46875,13.2265625,13.1953125,13.0625,13.1796875,13.1953125,15.2109375,16.179688,16.257812,16.132812,15.96875,15.9453125,16.070312,16.304688
14952,2021-10-17 09:45:00,3504,12.828125,13.0,13.109375,13.0078125,12.640625,12.53125,12.421875,12.6484375,12.8046875,15.15625,16.15625,16.257812,16.140625,15.984375,15.9609375,16.085938,16.3125
14953,2021-10-17 10:00:00,3504,12.65625,13.015625,13.0859375,13.0078125,12.6640625,12.6171875,12.4609375,12.671875,12.8359375,15.09375,16.132812,16.25,16.148438,15.9921875,15.9765625,16.101562,16.328125
14954,2021-10-17 10:15:00,3498,12.796875,13.3359375,13.4453125,13.5234375,13.3125,13.3359375,13.1953125,13.3046875,13.3203125,15.078125,16.117188,16.25,16.15625,16.007812,15.984375,16.109375,16.34375
14955,2021-10-17 10:30:00,3498,12.9453125,13.3203125,13.3984375,13.46875,13.234375,13.28125,13.15625,13.296875,13.4453125,15.1328125,16.085938,16.242188,16.164062,16.023438,16.0,16.125,16.351562
14956,2021-10-17 10:45:00,3504,12.7421875,12.6875,12.765625,12.703125,12.4296875,12.421875,12.3046875,12.484375,12.765625,15.09375,16.0625,16.25,16.171875,16.03125,16.015625,16.132812,16.367188
14957,2021-10-17 11:00:00,3492,12.7109375,13.015625,13.234375,13.421875,13.28125,13.2890625,13.015625,13.078125,13.15625,15.0234375,16.046875,16.242188,16.179688,16.046875,16.023438,16.148438,16.375
14958,2021-10-17 11:15:00,3492,12.6953125,12.734375,12.9921875,13.171875,12.9453125,12.78125,12.59375,12.734375,12.828125,15.03125,16.023438,16.226562,16.1875,16.0625,16.039062,16.15625,16.382812
14959,2021-10-17 11:30:00,3492,12.6015625,13.015625,13.1484375,13.3125,13.140625,13.0234375,12.6640625,12.7109375,12.734375,14.9296875,16.0,16.226562,16.1875,16.078125,16.054688,16.171875,16.40625
14960,2021-10-17 11:45:00,3498,12.2734375,12.1640625,12.3203125,12.390625,12.15625,12.0234375,11.7734375,11.96875,12.1875,14.8671875,15.9765625,16.21875,16.195312,16.085938,16.070312,16.179688,16.414062
14961,2021-10-17 12:00:00,3492,12.375,12.9765625,13.125,13.2734375,13.109375,13.0703125,12.75,12.7421875,12.703125,14.8125,15.9609375,16.21875,16.195312,16.09375,16.078125,16.203125,16.421875
14962,2021-10-17 12:15:00,3498,11.5390625,10.9296875,10.9765625,10.875,10.5078125,10.296875,10.125,10.46875,10.90625,14.6484375,15.9375,16.203125,16.210938,16.109375,16.09375,16.203125,16.429688
14963,2021-10-17 12:30:00,3498,11.21875,11.4921875,11.53125,11.5546875,11.3046875,11.296875,11.1328125,11.2578125,11.359375,14.484375,15.9140625,16.195312,16.210938,16.117188,16.101562,16.226562,16.445312
14964,2021-10-17 12:45:00,3498,11.0859375,11.25,11.421875,11.53125,11.328125,11.1875,10.8359375,10.96875,11.2734375,14.5,15.890625,16.195312,16.210938,16.125,16.117188,16.234375,16.460938
14965,2021-10-17 13:00:00,3492,11.515625,12.5,12.7421875,13.03125,13.015625,12.90625,12.375,12.234375,12.109375,14.4765625,15.8671875,16.1875,16.21875,16.132812,16.132812,16.25,16.46875
14966,2021-10-17 13:15:00,3486,11.515625,11.5625,11.9140625,11.953125,11.703125,11.6796875,11.7109375,12.0390625,12.4140625,14.609375,15.84375,16.179688,16.21875,16.140625,16.140625,16.257812,16.476562
14967,2021-10-17 13:30:00,3486,10.859375,10.46875,10.7265625,10.796875,10.59375,10.59375,10.625,11.1015625,11.6875,14.625,15.8203125,16.171875,16.21875,16.15625,16.148438,16.273438,16.484375
14968,2021-10-17 13:45:00,3498,10.25,9.78125,9.828125,9.8828125,9.671875,9.5,9.5078125,9.859375,10.3046875,14.3828125,15.7890625,16.164062,16.226562,16.15625,16.164062,16.28125,16.492188
14969,2021-10-17 14:00:00,3486,10.296875,10.4140625,10.59375,10.625,10.4609375,10.421875,10.5234375,10.8984375,11.3984375,14.4609375,15.7734375,16.148438,16.226562,16.171875,16.171875,16.289062,16.5
14970,2021-10-17 14:15:00,3498,10.0,9.765625,9.9921875,10.0234375,9.8203125,9.765625,9.9453125,10.46875,11.09375,14.4765625,15.75,16.140625,16.226562,16.179688,16.1875,16.304688,16.507812
14971,2021-10-17 14:30:00,3498,9.5390625,9.34375,9.515625,9.5859375,9.4375,9.390625,9.5625,10.0703125,10.6875,14.3671875,15.734375,16.132812,16.226562,16.195312,16.195312,16.320312,16.523438
14972,2021-10-17 14:45:00,3498,9.5546875,9.7421875,10.0234375,10.0625,9.8828125,9.8359375,9.9453125,10.4140625,10.96875,14.3828125,15.703125,16.125,16.234375,16.195312,16.203125,16.328125,16.53125
14973,2021-10-17 15:00:00,3498,9.71875,10.0625,10.234375,10.1796875,9.953125,9.859375,10.0703125,10.8671875,11.5390625,14.421875,15.6875,16.117188,16.234375,16.203125,16.21875,16.335938,16.546875
14974,2021-10-17 15:15:00,3492,9.9609375,10.3359375,10.640625,10.546875,10.3671875,10.3359375,10.7109375,11.2734375,11.9765625,14.546875,15.6640625,16.101562,16.234375,16.210938,16.226562,16.351562,16.546875
14975,2021-10-17 15:30:00,3492,10.4765625,11.1875,11.59375,11.46875,11.296875,11.1796875,11.28125,11.90625,12.4765625,14.6796875,15.6484375,16.09375,16.234375,16.210938,16.234375,16.351562,16.5625
14976,2021-10-17 15:45:00,3492,12.2578125,13.9375,14.3359375,14.125,13.8984375,13.7890625,13.921875,14.078125,14.15625,14.890625,15.6328125,16.085938,16.234375,16.226562,16.242188,16.367188,16.5625
14977,2021-10-17 16:00:00,3498,13.265625,13.453125,13.6953125,13.71875,13.765625,14.0234375,14.5234375,14.8359375,15.15625,15.2421875,15.6171875,16.078125,16.226562,16.234375,16.25,16.382812,16.570312
14978,2021-10-17 16:15:00,3492,13.5859375,13.390625,13.6328125,13.671875,13.828125,14.171875,14.7265625,15.0390625,15.234375,15.375,15.609375,16.070312,16.226562,16.234375,16.265625,16.390625,16.578125
14979,2021-10-17 16:30:00,3498,14.2734375,14.171875,14.375,14.3984375,14.578125,14.921875,15.5703125,15.75,15.9453125,15.6015625,15.6015625,16.054688,16.234375,16.242188,16.265625,16.398438,16.59375
14980,2021-10-17 16:45:00,3486,15.2421875,16.25,17.0,16.320312,16.132812,16.1875,16.65625,16.757812,16.765625,15.7734375,15.609375,16.046875,16.226562,16.25,16.28125,16.398438,16.59375
14981,2021-10-17 17:00:00,3480,16.765625,16.40625,16.914062,16.460938,16.4375,16.648438,17.28125,17.523438,17.59375,16.132812,15.625,16.03125,16.226562,16.257812,16.289062,16.414062,16.601562
14982,2021-10-17 17:15:00,3492,17.367188,16.789062,17.023438,16.976562,17.359375,17.867188,18.765625,18.875,18.671875,16.398438,15.6328125,16.023438,16.21875,16.257812,16.296875,16.421875,16.609375
14983,2021-10-17 17:30:00,3492,18.242188,18.757812,19.046875,18.96875,19.414062,19.96875,20.84375,20.671875,20.289062,16.703125,15.6484375,16.015625,16.226562,16.257812,16.3125,16.421875,16.609375
14984,2021-10-17 17:45:00,3492,17.367188,16.375,16.5625,16.351562,16.359375,16.664062,17.617188,18.09375,18.304688,16.679688,15.671875,16.007812,16.21875,16.265625,16.3125,16.429688,16.617188
14985,2021-10-17 18:00:00,3486,17.53125,17.398438,17.578125,17.40625,17.476562,17.648438,18.367188,18.539062,18.453125,16.695312,15.7109375,16.007812,16.21875,16.265625,16.320312,16.445312,16.632812
14986,2021-10-17 18:15:00,3492,17.554688,16.9375,17.085938,16.9375,17.054688,17.3125,18.03125,18.265625,18.429688,16.796875,15.734375,16.0,16.210938,16.265625,16.328125,16.453125,16.632812
14987,2021-10-17 18:30:00,3480,18.03125,17.6875,17.835938,17.789062,18.03125,18.382812,19.125,19.210938,19.140625,16.929688,15.7734375,16.0,16.210938,16.273438,16.328125,16.460938,16.632812
14988,2021-10-17 18:45:00,3486,18.53125,18.1875,18.421875,18.226562,18.335938,18.648438,19.367188,19.40625,19.242188,17.054688,15.8046875,15.9921875,16.210938,16.273438,16.335938,16.46875,16.640625
14989,2021-10-17 19:00:00,3486,19.046875,18.820312,19.015625,18.945312,19.070312,19.328125,19.84375,19.765625,19.65625,17.140625,15.84375,16.0,16.203125,16.28125,16.34375,16.46875,16.648438
14990,2021-10-17 19:15:00,3486,19.382812,18.59375,18.71875,18.789062,19.132812,19.5625,20.351562,20.390625,20.203125,17.3125,15.875,16.0,16.210938,16.28125,16.351562,16.476562,16.648438
14991,2021-10-17 19:30:00,3486,19.21875,18.148438,18.421875,18.484375,18.78125,19.40625,20.460938,20.640625,20.554688,17.46875,15.90625,16.0,16.195312,16.289062,16.359375,16.484375,16.648438
14992,2021-10-17 19:45:00,3486,20.140625,19.242188,19.195312,19.40625,20.054688,21.007812,22.601562,22.664062,22.265625,17.828125,15.953125,16.0,16.195312,16.289062,16.359375,16.492188,16.65625
14993,2021-10-17 20:00:00,3498,19.820312,17.679688,17.835938,18.070312,18.632812,19.34375,20.601562,21.039062,21.109375,17.960938,15.984375,16.015625,16.195312,16.289062,16.367188,16.5,16.664062
14994,2021-10-17 20:15:00,3492,19.179688,18.164062,18.117188,18.289062,18.851562,19.5,20.578125,20.632812,20.507812,17.851562,16.023438,16.015625,16.203125,16.289062,16.375,16.507812,16.664062
14995,2021-10-17 20:30:00,3486,19.6875,17.851562,17.835938,18.0625,18.71875,19.539062,20.867188,21.109375,20.9375,17.992188,16.078125,16.023438,16.195312,16.289062,16.375,16.507812,16.664062
14996,2021-10-17 20:45:00,3486,21.445312,20.15625,19.40625,19.71875,20.765625,22.078125,23.210938,23.140625,22.6875,18.242188,16.125,16.039062,16.195312,16.296875,16.382812,16.515625,16.671875
14997,2021-10-17 21:00:00,3498,22.695312,20.640625,20.25,20.671875,21.460938,22.875,23.53125,23.367188,23.078125,18.46875,16.171875,16.054688,16.203125,16.304688,16.382812,16.523438,16.671875
14998,2021-10-17 21:15:00,3486,22.960938,19.617188,19.453125,19.875,20.820312,22.15625,22.953125,22.875,22.585938,18.617188,16.21875,16.054688,16.203125,16.304688,16.390625,16.523438,16.671875
14999,2021-10-17 21:30:00,3492,20.0,16.695312,16.679688,16.78125,17.117188,17.609375,18.5,19.0,19.296875,18.140625,16.265625,16.070312,16.195312,16.296875,16.398438,16.523438,16.679688
15000,2021-10-17 21:45:00,3486,18.359375,15.8984375,15.953125,16.015625,16.296875,16.8125,17.632812,18.148438,18.390625,17.898438,16.3125,16.078125,16.195312,16.296875,16.398438,16.53125,16.679688
15001,2021-10-17 22:00:00,3498,17.3125,15.8515625,15.8125,15.953125,16.3125,16.765625,17.5,17.851562,17.960938,17.695312,16.359375,16.09375,16.203125,16.304688,16.398438,16.53125,16.679688
15002,2021-10-17 22:15:00,3492,16.953125,15.875,15.921875,15.9921875,16.234375,16.609375,17.265625,17.601562,17.757812,17.554688,16.398438,16.109375,16.203125,16.304688,16.40625,16.539062,16.6875
15003,2021-10-17 22:30:00,3492,16.992188,15.78125,15.8203125,15.9921875,16.34375,16.796875,17.484375,17.726562,17.828125,17.53125,16.429688,16.132812,16.210938,16.304688,16.40625,16.539062,16.6875
15004,2021-10-17 22:45:00,3498,16.296875,14.7578125,14.8671875,14.9296875,15.0859375,15.421875,15.984375,16.445312,16.804688,17.351562,16.453125,16.140625,16.210938,16.3125,16.414062,16.546875,16.6875
15005,2021-10-17 23:00:00,3498,16.1875,15.53125,15.5390625,15.6171875,15.8359375,16.140625,16.703125,16.953125,17.070312,17.257812,16.476562,16.164062,16.210938,16.304688,16.414062,16.546875,16.6875
15006,2021-10-17 23:15:00,3486,16.515625,15.3828125,15.4375,15.5546875,15.78125,16.203125,16.96875,17.40625,17.585938,17.328125,16.492188,16.179688,16.21875,16.3125,16.414062,16.554688,16.6875
15007,2021-10-17 23:30:00,3492,16.421875,15.5234375,15.546875,15.6640625,15.890625,16.304688,17.03125,17.429688,17.648438,17.320312,16.5,16.195312,16.21875,16.320312,16.421875,16.5625,16.695312
15008,2021-10-17 23:45:00,3480,15.453125,14.0390625,14.0546875,14.09375,14.171875,14.484375,15.109375,15.6953125,16.148438,17.109375,16.515625,16.210938,16.226562,16.320312,16.421875,16.5625,16.695312
15009,2021-10-18 00:00:00,3498,14.71875,13.6953125,13.6875,13.671875,13.6875,13.921875,14.40625,14.9765625,15.421875,16.875,16.523438,16.226562,16.234375,16.3125,16.429688,16.5625,16.695312
15010,2021-10-18 00:15:00,3486,14.078125,13.109375,13.1171875,13.1171875,13.1328125,13.375,13.8359375,14.390625,14.8203125,16.671875,16.53125,16.242188,16.234375,16.320312,16.429688,16.570312,16.695312
15011,2021-10-18 00:30:00,3480,13.59375,12.7578125,12.7890625,12.7890625,12.8046875,13.015625,13.4453125,14.015625,14.453125,16.515625,16.523438,16.257812,16.242188,16.328125,16.4375,16.5625,16.695312
15012,2021-10-18 00:45:00,3480,13.3359375,12.7421875,12.765625,12.765625,12.765625,12.984375,13.359375,13.828125,14.2421875,16.382812,16.53125,16.265625,16.257812,16.328125,16.4375,16.570312,16.695312
15013,2021-10-18 01:00:00,3486,13.109375,12.46875,12.4921875,12.5,12.5078125,12.7265625,13.109375,13.6015625,14.015625,16.289062,16.523438,16.28125,16.25,16.328125,16.4375,16.570312,16.703125
15014,2021-10-18 01:15:00,3492,12.84375,12.2421875,12.265625,12.3515625,12.2109375,12.453125,12.8984375,13.4765625,13.9140625,16.195312,16.515625,16.289062,16.265625,16.328125,16.445312,16.578125,16.703125
15015,2021-10-18 01:30:00,3480,12.4609375,11.7265625,11.8828125,11.9375,11.78125,11.9609375,12.171875,12.9453125,13.578125,16.101562,16.5,16.296875,16.28125,16.328125,16.445312,16.585938,16.703125
15016,2021-10-18 01:45:00,3480,11.8046875,10.7109375,10.90625,10.8984375,10.7265625,10.8671875,11.1796875,12.1015625,12.8828125,15.984375,16.484375,16.3125,16.28125,16.335938,16.445312,16.585938,16.703125
15017,2021-10-18 02:00:00,3492,11.171875,10.5,10.6484375,10.6484375,10.5546875,10.703125,11.0859375,11.8125,12.6015625,15.8359375,16.46875,16.320312,16.289062,16.335938,16.453125,16.585938,16.703125
15018,2021-10-18 02:15:00,3486,10.5546875,9.671875,9.8046875,9.7734375,9.609375,9.71875,9.921875,10.625,11.609375,15.6953125,16.453125,16.328125,16.296875,16.351562,16.453125,16.585938,16.703125
15019,2021-10-18 02:30:00,3480,10.1796875,9.6015625,9.640625,9.59375,9.46875,9.59375,10.0,10.609375,11.546875,15.515625,16.429688,16.335938,16.304688,16.351562,16.460938,16.585938,16.703125
15020,2021-10-18 02:45:00,3480,10.296875,10.1484375,10.234375,10.2265625,10.1875,10.3203125,10.578125,11.0546875,11.6953125,15.4453125,16.414062,16.335938,16.3125,16.351562,16.460938,16.59375,16.710938
15021,2021-10-18 03:00:00,3486,10.3828125,10.140625,10.2421875,10.2578125,10.2109375,10.375,10.65625,11.1171875,11.7109375,15.3203125,16.390625,16.34375,16.320312,16.359375,16.460938,16.59375,16.710938
15022,2021-10-18 03:15:00,3480,10.34375,10.0703125,10.1484375,10.140625,10.0859375,10.203125,10.4296875,10.875,11.5,15.2578125,16.367188,16.34375,16.328125,16.359375,16.460938,16.601562,16.710938
15023,2021-10-18 03:30:00,3486,10.2578125,9.90625,9.9765625,9.9765625,9.9140625,10.0703125,10.421875,10.921875,11.5625,15.1953125,16.335938,16.359375,16.328125,16.367188,16.46875,16.601562,16.710938
15024,2021-10-18 03:45:00,3480,10.1171875,9.7421875,9.8203125,9.859375,9.8515625,10.125,10.6953125,11.0703125,11.5625,15.140625,16.3125,16.351562,16.335938,16.367188,16.46875,16.609375,16.710938
15025,2021-10-18 04:00:00,3480,9.703125,8.953125,9.0625,9.0703125,8.9140625,8.96875,9.1484375,9.7109375,10.5859375,15.015625,16.296875,16.351562,16.34375,16.375,16.476562,16.609375,16.710938
15026,2021-10-18 04:15:00,3468,9.53125,9.1640625,9.234375,9.2109375,9.1171875,9.171875,9.28125,9.71875,10.3671875,14.8203125,16.265625,16.351562,16.351562,16.382812,16.476562,16.601562,16.710938
15027,2021-10-18 04:30:00,3486,9.2109375,8.734375,8.8046875,8.828125,8.6796875,8.703125,8.90625,9.4375,10.1484375,14.7109375,16.234375,16.351562,16.359375,16.390625,16.484375,16.617188,16.71875
15028,2021-10-18 04:45:00,3480,8.7109375,8.109375,8.2265625,8.265625,8.09375,8.1015625,8.2109375,8.734375,9.4765625,14.5703125,16.210938,16.351562,16.359375,16.390625,16.484375,16.617188,16.710938
15029,2021-10-18 05:00:00,3480,7.96875,7.3046875,7.4609375,7.5546875,7.3828125,7.3515625,7.3203125,7.8671875,8.65625,14.265625,16.1875,16.34375,16.367188,16.390625,16.484375,16.609375,16.710938
15030,2021-10-18 05:15:00,3474,7.46875,7.109375,7.2890625,7.3515625,7.140625,7.109375,7.0625,7.4140625,8.09375,14.0546875,16.15625,16.34375,16.375,16.398438,16.492188,16.617188,16.71875
15031,2021-10-18 05:30:00,3480,7.09375,6.765625,6.9296875,6.984375,6.7890625,6.7109375,6.6796875,6.96875,7.5078125,13.78125,16.117188,16.335938,16.375,16.40625,16.492188,16.617188,16.71875
15032,2021-10-18 05:45:00,3474,6.8671875,6.7109375,6.8671875,6.859375,6.6640625,6.6015625,6.5546875,6.84375,7.203125,13.6015625,16.085938,16.328125,16.375,16.40625,16.5,16.625,16.71875
15033,2021-10-18 06:00:00,3480,6.9765625,7.3046875,7.40625,7.4453125,7.2890625,7.2578125,7.1875,7.3359375,7.578125,13.515625,16.03125,16.320312,16.382812,16.414062,16.5,16.632812,16.71875
15034,2021-10-18 06:15:00,3474,7.5625,7.8203125,7.90625,7.953125,7.8828125,7.9140625,7.890625,8.15625,8.546875,13.6328125,15.9921875,16.320312,16.390625,16.421875,16.507812,16.632812,16.726562
15035,2021-10-18 06:30:00,3468,7.59375,7.5,7.59375,7.6953125,7.625,7.6328125,7.5703125,7.8828125,8.4921875,13.6171875,15.9453125,16.3125,16.390625,16.421875,16.507812,16.632812,16.71875
15036,2021-10-18 06:45:00,3480,7.59375,7.609375,7.6796875,7.71875,7.6328125,7.6328125,7.6171875,7.8515625,8.375,13.5859375,15.890625,16.304688,16.390625,16.421875,16.515625,16.632812,16.726562
15037,2021-10-18 07:00:00,3480,7.515625,7.109375,7.203125,7.2265625,7.0859375,7.1171875,7.171875,7.625,8.2890625,13.59375,15.859375,16.289062,16.398438,16.429688,16.515625,16.632812,16.71875
15038,2021-10-18 07:15:00,3480,6.921875,6.4609375,6.6328125,6.765625,6.640625,6.625,6.5390625,6.9296875,7.5859375,13.3828125,15.8125,16.289062,16.398438,16.4375,16.515625,16.640625,16.726562
15039,2021-10-18 07:30:00,3474,6.53125,6.2421875,6.421875,6.578125,6.4765625,6.46875,6.359375,6.6953125,7.2734375,13.203125,15.7734375,16.265625,16.398438,16.4375,16.523438,16.640625,16.726562
15040,2021-10-18 07:45:00,3480,6.3515625,6.2109375,6.3984375,6.484375,6.3515625,6.3203125,6.28125,6.671875,7.2421875,13.09375,15.734375,16.257812,16.398438,16.445312,16.53125,16.640625,16.71875
15041,2021-10-18 08:00:00,3480,6.5390625,6.8359375,6.9453125,7.03125,6.9375,6.921875,6.828125,7.015625,7.3828125,13.0703125,15.703125,16.242188,16.390625,16.445312,16.53125,16.648438,16.726562
15042,2021-10-18 08:15:00,3474,7.40625,8.0,8.0703125,8.0859375,8.046875,8.0859375,8.0859375,8.265625,8.6484375,13.2265625,15.65625,16.234375,16.398438,16.445312,16.53125,16.648438,16.726562
15043,2021-10-18 08:30:00,3474,8.078125,8.4453125,8.5234375,8.53125,8.4765625,8.53125,8.5546875,8.765625,9.2109375,13.390625,15.6171875,16.210938,16.398438,16.453125,16.539062,16.648438,16.726562
15044,2021-10-18 08:45:00,3474,8.265625,8.234375,8.359375,8.3359375,8.203125,8.2421875,8.3515625,8.796875,9.3828125,13.4765625,15.578125,16.203125,16.398438,16.460938,16.546875,16.648438,16.726562
15045,2021-10-18 09:00:00,3474,8.3359375,8.28125,8.375,8.3828125,8.296875,8.328125,8.3515625,8.640625,9.140625,13.4375,15.5390625,16.1875,16.390625,16.460938,16.539062,16.65625,16.726562
15046,2021-10-18 09:15:00,3468,8.140625,7.875,7.96875,7.96875,7.8671875,7.8984375,7.9296875,8.328125,8.90625,13.421875,15.5078125,16.164062,16.390625,16.460938,16.546875,16.648438,16.71875
15047,2021-10-18 09:30:00,3468,7.96875,7.6875,7.8046875,7.8125,7.6484375,7.6796875,7.7265625,8.1328125,8.75,13.34375,15.4765625,16.148438,16.390625,16.460938,16.546875,16.65625,16.726562
15048,2021-10-18 09:45:00,3474,7.8515625,7.796875,7.8671875,7.890625,7.8203125,7.84375,7.84375,8.09375,8.6015625,13.25,15.4453125,16.132812,16.382812,16.46875,16.546875,16.65625,16.726562
15049,2021-10-18 10:00:00,3480,8.0625,8.0390625,8.109375,8.109375,8.0234375,8.09375,8.1796875,8.5234375,9.1484375,13.3359375,15.421875,16.117188,16.375,16.46875,16.554688,16.65625,16.71875
15050,2021-10-18 10:15:00,3468,8.109375,7.9140625,8.015625,8.0078125,7.8828125,7.953125,8.0234375,8.421875,9.1015625,13.3359375,15.3984375,16.101562,16.375,16.46875,16.5625,16.65625,16.71875
15051,2021-10-18 10:30:00,3468,8.0,7.84375,7.90625,7.921875,7.828125,7.8671875,7.890625,8.234375,8.8515625,13.28125,15.3671875,16.085938,16.367188,16.476562,16.5625,16.664062,16.710938
15052,2021-10-18 10:45:00,3480,7.9609375,7.7890625,7.8828125,7.9765625,7.828125,7.8515625,7.8671875,8.2265625,8.8125,13.265625,15.3515625,16.070312,16.367188,16.46875,16.5625,16.664062,16.71875
15053,2021-10-18 11:00:00,3468,7.6640625,7.40625,7.4921875,7.5859375,7.5,7.5,7.4765625,7.90625,8.6015625,13.1953125,15.328125,16.054688,16.359375,16.46875,16.5625,16.664062,16.71875
15054,2021-10-18 11:15:00,3468,7.1484375,6.671875,6.828125,6.890625,6.71875,6.7109375,6.7265625,7.1484375,7.7734375,13.0078125,15.296875,16.03125,16.351562,16.476562,16.570312,16.664062,16.710938
15055,2021-10-18 11:30:00,3468,6.84375,6.609375,6.8203125,6.8203125,6.59375,6.546875,6.515625,6.8671875,7.3515625,12.859375,15.2734375,16.015625,16.34375,16.476562,16.570312,16.664062,16.703125
15056,2021-10-18 11:45:00,3474,6.5703125,6.5625,6.7421875,6.734375,6.5234375,6.453125,6.421875,6.703125,7.0859375,12.7421875,15.25,16.0,16.335938,16.46875,16.570312,16.664062,16.710938
15057,2021-10-18 12:00:00,3468,6.703125,6.7421875,6.8828125,6.8984375,6.78125,6.7890625,6.8359375,7.203125,7.671875,12.7265625,15.2265625,15.984375,16.328125,16.46875,16.570312,16.664062,16.710938
15058,2021-10-18 12:15:00,3468,6.4921875,6.375,6.5078125,6.5234375,6.34375,6.3046875,6.3203125,6.6640625,7.1875,12.6640625,15.1953125,15.96875,16.328125,16.476562,16.570312,16.664062,16.710938
15059,2021-10-18 12:30:00,3462,6.4609375,6.3515625,6.4921875,6.578125,6.484375,6.46875,6.4296875,6.9375,7.4609375,12.6328125,15.1640625,15.9453125,16.3125,16.46875,16.570312,16.664062,16.703125
15060,2021-10-18 12:45:00,3468,6.5234375,6.5078125,6.65625,6.7109375,6.6015625,6.5546875,6.5234375,6.8671875,7.421875,12.609375,15.1328125,15.9296875,16.3125,16.46875,16.570312,16.664062,16.703125
15061,2021-10-18 13:00:00,3468,6.3671875,6.21875,6.359375,6.484375,6.390625,6.375,6.2890625,6.625,7.234375,12.5625,15.09375,15.9140625,16.304688,16.46875,16.578125,16.664062,16.703125
15062,2021-10-18 13:15:00,3468,6.5234375,6.7109375,6.8671875,6.859375,6.7109375,6.6953125,6.6640625,6.8828125,7.3046875,12.5234375,15.0703125,15.8984375,16.289062,16.46875,16.578125,16.664062,16.695312
15063,2021-10-18 13:30:00,3462,6.3515625,6.21875,6.3984375,6.390625,6.234375,6.203125,6.171875,6.46875,7.0,12.4453125,15.0390625,15.875,16.28125,16.460938,16.578125,16.664062,16.6875
15064,2021-10-18 13:45:00,3462,6.125,5.890625,6.0859375,6.1015625,5.9296875,5.859375,5.7890625,6.1015625,6.6015625,12.3515625,15.0078125,15.859375,16.28125,16.460938,16.578125,16.664062,16.6875
15065,2021-10-18 14:00:00,3468,5.6484375,5.2734375,5.4296875,5.4765625,5.2734375,5.21875,5.1953125,5.546875,6.109375,12.1875,14.96875,15.84375,16.265625,16.460938,16.578125,16.65625,16.6875
15066,2021-10-18 14:15:00,3468,5.390625,5.3125,5.5,5.5,5.296875,5.1953125,5.125,5.421875,5.8828125,12.046875,14.9375,15.828125,16.257812,16.453125,16.570312,16.65625,16.679688
15067,2021-10-18 14:30:00,3462,5.625,5.8984375,6.109375,6.0859375,5.8515625,5.8125,5.7578125,5.953125,6.296875,12.078125,14.90625,15.8046875,16.25,16.453125,16.570312,16.65625,16.679688
15068,2021-10-18 14:45:00,3462,5.8515625,6.1171875,6.3515625,6.3359375,6.140625,6.0859375,6.0859375,6.2890625,6.609375,12.09375,14.8671875,15.7890625,16.234375,16.445312,16.570312,16.65625,16.679688
15069,2021-10-18 15:00:00,3462,6.0703125,6.34375,6.5390625,6.546875,6.484375,6.453125,6.421875,6.6953125,7.109375,12.15625,14.828125,15.765625,16.226562,16.445312,16.570312,16.65625,16.671875
15070,2021-10-18 15:15:00,3456,6.8125,7.5078125,7.7421875,7.671875,7.5234375,7.5234375,7.765625,8.1484375,8.4375,12.3671875,14.796875,15.75,16.21875,16.4375,16.5625,16.648438,16.664062
15071,2021-10-18 15:30:00,3456,7.328125,7.4609375,7.8203125,7.671875,7.3984375,7.4140625,7.625,8.203125,8.6484375,12.5703125,14.765625,15.7265625,16.203125,16.429688,16.5625,16.648438,16.664062
15072,2021-10-18 15:45:00,3462,7.515625,7.8984375,8.4453125,8.109375,7.8671875,7.84375,7.921875,8.2578125,8.6171875,12.5625,14.734375,15.7109375,16.195312,16.429688,16.5625,16.648438,16.65625
15073,2021-10-18 16:00:00,3468,8.265625,8.5390625,8.7734375,8.7265625,8.703125,8.8046875,9.0234375,9.3828125,9.7578125,12.765625,14.703125,15.6953125,16.1875,16.421875,16.5625,16.640625,16.648438
15074,2021-10-18 16:15:00,3462,9.7265625,10.3828125,10.9765625,10.65625,10.4921875,10.53125,10.8046875,11.0859375,11.328125,13.1171875,14.6875,15.671875,16.171875,16.421875,16.554688,16.648438,16.648438
15075,2021-10-18 16:30:00,3462,10.9609375,11.953125,12.6953125,11.8046875,11.4375,11.2109375,11.1484375,11.453125,11.75,13.3125,14.671875,15.640625,16.15625,16.414062,16.554688,16.640625,16.648438
15076,2021-10-18 16:45:00,3462,12.25,12.1796875,12.5625,12.2421875,11.765625,11.6328125,11.8203125,12.46875,12.75,13.6015625,14.65625,15.625,16.148438,16.40625,16.554688,16.640625,16.632812
15077,2021-10-18 17:00:00,3468,12.0546875,11.5625,11.6171875,11.703125,11.3046875,11.1953125,11.4375,12.0234375,12.390625,13.65625,14.6484375,15.6015625,16.140625,16.40625,16.546875,16.632812,16.632812
15078,2021-10-18 17:15:00,3468,12.3359375,11.375,11.4296875,11.8515625,11.2578125,11.1640625,11.453125,11.9453125,12.375,13.8125,14.6484375,15.5859375,16.125,16.398438,16.546875,16.632812,16.625
15079,2021-10-18 17:30:00,3462,12.140625,11.1875,11.328125,11.8125,11.1015625,11.0078125,11.296875,11.90625,12.3515625,13.8203125,14.65625,15.5625,16.117188,16.390625,16.539062,16.625,16.617188
15080,2021-10-18 17:45:00,3462,13.8203125,13.6015625,13.9609375,14.09375,12.921875,12.46875,12.28125,12.65625,12.859375,13.984375,14.6640625,15.5546875,16.101562,16.375,16.539062,16.617188,16.609375
15081,2021-10-18 18:00:00,3468,13.515625,11.8671875,12.75,12.578125,11.671875,11.359375,11.296875,11.625,11.921875,13.90625,14.6796875,15.5234375,16.085938,16.367188,16.53125,16.617188,16.609375
15082,2021-10-18 18:15:00,3468,12.609375,11.578125,12.3671875,12.21875,11.5,11.25,11.171875,11.5546875,11.859375,13.8203125,14.6875,15.515625,16.078125,16.367188,16.523438,16.617188,16.601562
15083,2021-10-18 18:30:00,3462,12.8828125,12.578125,13.3984375,13.296875,12.8359375,12.7734375,12.6875,12.734375,12.765625,13.9140625,14.6953125,15.4921875,16.054688,16.351562,16.523438,16.609375,16.59375
15084,2021-10-18 17:15:00,3468,12.3359375,11.375,11.4296875,11.8515625,11.2578125,11.1640625,11.453125,11.9453125,12.375,13.8125,14.6484375,15.5859375,16.125,16.398438,16.546875,16.632812,16.625
15085,2021-10-18 17:30:00,3462,12.140625,11.1875,11.328125,11.8125,11.1015625,11.0078125,11.296875,11.90625,12.3515625,13.8203125,14.65625,15.5625,16.117188,16.390625,16.539062,16.625,16.617188
15086,2021-10-18 17:45:00,3462,13.8203125,13.6015625,13.9609375,14.09375,12.921875,12.46875,12.28125,12.65625,12.859375,13.984375,14.6640625,15.5546875,16.101562,16.375,16.539062,16.617188,16.609375
15087,2021-10-18 18:00:00,3468,13.515625,11.8671875,12.75,12.578125,11.671875,11.359375,11.296875,11.625,11.921875,13.90625,14.6796875,15.5234375,16.085938,16.367188,16.53125,16.617188,16.609375
15088,2021-10-18 18:15:00,3468,12.609375,11.578125,12.3671875,12.21875,11.5,11.25,11.171875,11.5546875,11.859375,13.8203125,14.6875,15.515625,16.078125,16.367188,16.523438,16.617188,16.601562
15089,2021-10-18 18:30:00,3462,12.8828125,12.578125,13.3984375,13.296875,12.8359375,12.7734375,12.6875,12.734375,12.765625,13.9140625,14.6953125,15.4921875,16.054688,16.351562,16.523438,16.609375,16.59375
15090,2021-10-18 18:45:00,3462,13.609375,13.0546875,14.03125,13.921875,13.359375,13.3203125,13.3984375,13.5078125,13.53125,14.140625,14.703125,15.484375,16.046875,16.351562,16.515625,16.601562,16.585938
15091,2021-10-18 19:00:00,3462,13.6171875,13.015625,13.875,13.8828125,13.484375,13.5546875,13.625,13.5390625,13.4453125,14.1640625,14.71875,15.46875,16.03125,16.335938,16.507812,16.601562,16.570312
15092,2021-10-18 19:15:00,3468,14.0,13.3125,13.9921875,13.9609375,13.5625,14.0078125,13.765625,13.625,13.625,14.2734375,14.7265625,15.4609375,16.015625,16.335938,16.507812,16.59375,16.570312
15093,2021-10-18 19:30:00,3462,14.3359375,14.0625,14.7109375,14.6953125,14.40625,14.9296875,14.75,14.453125,14.234375,14.359375,14.734375,15.4453125,16.0,16.320312,16.5,16.585938,16.5625
15094,2021-10-18 19:45:00,3462,15.5703125,15.375,16.320312,16.257812,15.8828125,16.59375,16.609375,16.210938,15.796875,14.6640625,14.7421875,15.4375,15.984375,16.320312,16.492188,16.578125,16.554688
15095,2021-10-18 20:00:00,3462,15.7265625,14.5625,15.359375,15.4375,15.65625,15.9609375,15.953125,15.640625,15.390625,14.7578125,14.7734375,15.4375,15.9765625,16.3125,16.492188,16.570312,16.546875
15096,2021-10-18 20:15:00,3462,16.109375,15.5390625,15.7421875,15.8046875,16.117188,16.773438,16.601562,16.070312,15.6953125,14.8515625,14.78125,15.421875,15.9609375,16.304688,16.484375,16.570312,16.539062
15097,2021-10-18 20:30:00,3462,16.726562,15.4765625,15.9609375,15.9375,16.351562,16.875,16.828125,16.4375,16.101562,14.953125,14.796875,15.4140625,15.9453125,16.289062,16.476562,16.5625,16.53125
15098,2021-10-18 20:45:00,3468,18.914062,18.726562,19.023438,19.21875,20.625,21.546875,21.296875,20.210938,18.929688,15.3203125,14.8203125,15.4140625,15.9375,16.28125,16.46875,16.554688,16.53125
15099,2021-10-18 21:00:00,3462,20.304688,18.585938,19.085938,19.195312,20.210938,21.726562,21.984375,21.382812,20.195312,15.796875,14.8515625,15.40625,15.9296875,16.273438,16.46875,16.546875,16.515625
15100,2021-10-18 21:15:00,3468,21.804688,19.234375,19.773438,19.9375,20.960938,22.71875,22.328125,21.335938,20.210938,16.054688,14.875,15.3984375,15.921875,16.257812,16.453125,16.539062,16.507812
15101,2021-10-18 21:30:00,3462,19.007812,15.421875,15.46875,15.3671875,15.5546875,16.09375,16.601562,17.0625,17.273438,15.8046875,14.90625,15.3984375,15.8984375,16.25,16.445312,16.53125,16.5
15102,2021-10-18 21:45:00,3480,17.648438,15.8671875,15.9765625,15.9375,16.117188,16.546875,17.0,17.257812,17.265625,15.703125,14.953125,15.390625,15.8984375,16.242188,16.445312,16.53125,16.492188
15103,2021-10-18 22:00:00,3468,16.960938,16.15625,16.296875,16.1875,16.242188,16.601562,17.0,17.132812,17.085938,15.6640625,14.9921875,15.390625,15.8828125,16.234375,16.4375,16.515625,16.484375
15104,2021-10-18 22:15:00,3474,16.320312,15.4921875,15.5625,15.484375,15.609375,15.9921875,16.390625,16.554688,16.578125,15.59375,15.0234375,15.390625,15.875,16.226562,16.429688,16.515625,16.476562
15105,2021-10-18 22:30:00,3462,16.109375,15.2265625,15.3203125,15.25,15.3203125,15.7109375,16.210938,16.460938,16.453125,15.578125,15.0703125,15.390625,15.8671875,16.210938,16.421875,16.515625,16.46875
15106,2021-10-18 22:45:00,3468,16.109375,15.5703125,15.7421875,15.6484375,15.6484375,15.984375,16.40625,16.625,16.59375,15.578125,15.1015625,15.3984375,15.859375,16.210938,16.40625,16.5,16.460938
15107,2021-10-18 23:00:00,3468,15.375,13.9140625,14.09375,13.96875,13.8828125,14.1640625,14.671875,15.2265625,15.59375,15.53125,15.1171875,15.3984375,15.8515625,16.195312,16.40625,16.492188,16.453125
15108,2021-10-18 23:15:00,3468,14.8671875,13.8671875,13.9609375,13.8125,13.84375,14.09375,14.46875,14.921875,15.1796875,15.4140625,15.140625,15.3984375,15.84375,16.1875,16.390625,16.484375,16.4375
15109,2021-10-18 23:30:00,3468,14.921875,14.2578125,14.390625,14.3359375,14.3046875,14.5703125,14.953125,15.328125,15.5078125,15.40625,15.1640625,15.40625,15.828125,16.179688,16.390625,16.476562,16.4375
15110,2021-10-18 23:45:00,3468,14.6640625,14.203125,14.265625,14.2578125,14.3515625,14.640625,15.03125,15.3125,15.46875,15.3671875,15.1796875,15.40625,15.828125,16.171875,16.375,16.46875,16.429688
15111,2021-10-19 00:00:00,3468,14.3671875,13.359375,13.46875,13.3671875,13.421875,13.765625,14.2265625,14.7109375,15.0,15.34375,15.1953125,15.421875,15.8203125,16.164062,16.367188,16.460938,16.414062
15112,2021-10-19 00:15:00,3468,13.3203125,11.921875,12.0078125,11.84375,11.6484375,11.765625,12.2265625,12.9765625,13.6171875,15.1640625,15.2109375,15.421875,15.8125,16.148438,16.359375,16.460938,16.40625
15113,2021-10-19 00:30:00,3462,12.59375,11.53125,11.65625,11.5546875,11.4375,11.609375,12.03125,12.6953125,13.21875,14.984375,15.21875,15.4296875,15.8046875,16.140625,16.359375,16.445312,16.398438
15114,2021-10-19 00:45:00,3468,11.3828125,10.1953125,10.3046875,10.109375,9.875,9.84375,10.34375,11.265625,12.0078125,14.734375,15.2265625,15.4375,15.8046875,16.132812,16.34375,16.4375,16.398438
15115,2021-10-19 01:00:00,3468,10.765625,10.0625,10.109375,9.9375,9.7109375,9.6015625,9.9375,10.8515625,11.59375,14.5390625,15.234375,15.4375,15.796875,16.117188,16.335938,16.429688,16.390625
15116,2021-10-19 01:15:00,3468,10.6171875,9.9140625,10.03125,9.8671875,9.609375,9.578125,9.890625,10.7421875,11.53125,14.453125,15.234375,15.4453125,15.796875,16.117188,16.335938,16.421875,16.382812
15117,2021-10-19 01:30:00,3480,9.765625,8.6796875,8.84375,8.859375,8.6171875,8.59375,8.9296875,9.8828125,10.6484375,14.234375,15.2265625,15.4453125,15.796875,16.109375,16.320312,16.421875,16.375
15118,2021-10-19 01:45:00,3468,9.046875,8.125,8.21875,8.109375,7.90625,7.9140625,8.1015625,8.8125,9.484375,13.953125,15.2109375,15.4453125,15.7890625,16.101562,16.320312,16.40625,16.367188
15119,2021-10-19 02:00:00,3468,8.59375,8.0703125,8.25,8.265625,8.125,8.1640625,8.171875,8.796875,9.546875,13.765625,15.1953125,15.453125,15.78125,16.101562,16.3125,16.40625,16.351562
15120,2021-10-19 02:15:00,3468,8.296875,7.9453125,8.1015625,8.046875,7.8984375,7.859375,7.9296875,8.46875,9.1015625,13.625,15.1796875,15.4609375,15.78125,16.085938,16.304688,16.398438,16.351562
15121,2021-10-19 02:30:00,3468,8.3828125,8.1875,8.390625,8.3828125,8.2421875,8.2421875,8.28125,8.828125,9.4140625,13.5703125,15.15625,15.4609375,15.7734375,16.078125,16.296875,16.382812,16.34375
15122,2021-10-19 02:45:00,3468,8.1953125,7.8125,8.0234375,8.046875,7.8828125,7.8828125,7.8984375,8.4609375,9.0859375,13.4765625,15.125,15.4609375,15.7734375,16.070312,16.289062,16.382812,16.335938
15123,2021-10-19 03:00:00,3468,7.8828125,7.5625,7.78125,7.78125,7.625,7.65625,7.6171875,8.15625,8.8046875,13.34375,15.09375,15.4609375,15.7734375,16.0625,16.273438,16.375,16.328125
15124,2021-10-19 03:15:00,3468,7.765625,7.703125,7.921875,7.859375,7.65625,7.6484375,7.6875,8.171875,8.7109375,13.265625,15.0625,15.453125,15.765625,16.054688,16.273438,16.367188,16.320312
15125,2021-10-19 03:30:00,3468,7.640625,7.8203125,8.0703125,7.921875,7.6171875,7.6015625,7.5859375,7.9609375,8.421875,13.1796875,15.0390625,15.453125,15.7734375,16.046875,16.257812,16.351562,16.320312
15126,2021-10-19 03:45:00,3462,7.4609375,7.3046875,7.5546875,7.515625,7.2578125,7.25,7.2578125,7.6875,8.21875,13.078125,15.0078125,15.4453125,15.765625,16.046875,16.257812,16.351562,16.304688
15127,2021-10-19 04:00:00,3468,7.2265625,7.2578125,7.4375,7.328125,7.1328125,7.1328125,7.140625,7.53125,7.953125,12.953125,14.9765625,15.4375,15.7578125,16.03125,16.242188,16.34375,16.304688
15128,2021-10-19 04:15:00,3468,7.109375,7.078125,7.2734375,7.2109375,7.03125,7.0390625,7.078125,7.484375,7.9609375,12.8671875,14.9375,15.4296875,15.7578125,16.03125,16.234375,16.335938,16.296875
15129,2021-10-19 04:30:00,3468,7.09375,7.3515625,7.59375,7.4609375,7.1796875,7.1875,7.1875,7.5234375,7.890625,12.8046875,14.90625,15.421875,15.7578125,16.023438,16.234375,16.328125,16.289062
15130,2021-10-19 04:45:00,3456,7.0546875,7.2265625,7.484375,7.3359375,7.0078125,6.953125,6.953125,7.3203125,7.859375,12.7890625,14.8671875,15.4140625,15.7578125,16.023438,16.226562,16.320312,16.28125
15131,2021-10-19 05:00:00,3456,7.0234375,7.2421875,7.4453125,7.3828125,7.2109375,7.1953125,7.203125,7.515625,7.953125,12.7421875,14.8359375,15.40625,15.75,16.015625,16.21875,16.3125,16.273438
15132,2021-10-19 05:15:00,3462,7.6015625,8.0546875,8.2265625,8.171875,8.0625,8.046875,8.0703125,8.359375,8.7890625,12.8359375,14.796875,15.3984375,15.7421875,16.007812,16.210938,16.3125,16.265625
15133,2021-10-19 05:30:00,3462,8.140625,8.5625,8.6953125,8.6796875,8.609375,8.6328125,8.7265625,9.125,9.6015625,12.9765625,14.765625,15.3828125,15.7421875,16.007812,16.210938,16.296875,16.265625
15134,2021-10-19 05:45:00,3462,8.5078125,8.7265625,8.9140625,8.9140625,8.765625,8.796875,8.8671875,9.3125,9.875,13.078125,14.734375,15.375,15.734375,16.0,16.203125,16.296875,16.257812
15135,2021-10-19 06:00:00,3468,8.703125,8.828125,8.9453125,8.9296875,8.8203125,8.875,9.0859375,9.5546875,10.078125,13.125,14.7109375,15.359375,15.734375,16.0,16.195312,16.289062,16.25
15136,2021-10-19 06:15:00,3468,8.8671875,8.8828125,9.015625,8.9921875,8.796875,8.8515625,9.25,9.84375,10.359375,13.1953125,14.6796875,15.3515625,15.7265625,15.9921875,16.195312,16.28125,16.242188
15137,2021-10-19 06:30:00,3462,8.75,8.5546875,8.671875,8.640625,8.4375,8.4765625,9.0234375,9.734375,10.2890625,13.203125,14.65625,15.3359375,15.71875,15.984375,16.1875,16.273438,16.242188
15138,2021-10-19 06:45:00,3462,8.6875,8.734375,8.7890625,8.765625,8.671875,8.7265625,9.0625,9.640625,10.2265625,13.1953125,14.640625,15.328125,15.71875,15.9765625,16.179688,16.273438,16.234375
15139,2021-10-19 07:00:00,3462,8.8828125,9.015625,9.109375,9.0859375,8.9765625,9.0078125,9.390625,9.9921875,10.5390625,13.234375,14.625,15.3125,15.7109375,15.9765625,16.171875,16.257812,16.226562
15140,2021-10-19 07:15:00,3462,8.8515625,8.7578125,8.8203125,8.8046875,8.6953125,8.765625,9.2109375,9.84375,10.4375,13.2421875,14.609375,15.296875,15.703125,15.96875,16.171875,16.257812,16.21875
15141,2021-10-19 07:30:00,3462,8.2421875,7.6328125,7.75,7.71875,7.5,7.4609375,7.703125,8.34375,8.984375,13.0625,14.59375,15.28125,15.6953125,15.9609375,16.164062,16.257812,16.21875
15142,2021-10-19 07:45:00,3456,7.546875,7.25,7.421875,7.328125,7.0625,7.09375,7.1484375,7.5234375,7.875,12.75,14.578125,15.265625,15.6875,15.9609375,16.15625,16.25,16.210938
15143,2021-10-19 08:00:00,3462,7.1015625,6.84375,7.046875,6.984375,6.7421875,6.6953125,6.7265625,7.09375,7.5625,12.6015625,14.5625,15.2578125,15.6796875,15.953125,16.15625,16.234375,16.210938
15144,2021-10-19 08:15:00,3456,6.8125,6.9453125,7.1796875,7.046875,6.75,6.7578125,6.765625,7.0703125,7.359375,12.4609375,14.5390625,15.2421875,15.671875,15.9453125,16.140625,16.234375,16.195312
15145,2021-10-19 08:30:00,3462,6.625,6.7109375,6.9765625,6.859375,6.4765625,6.40625,6.4375,6.796875,7.265625,12.390625,14.515625,15.234375,15.6640625,15.9375,16.140625,16.226562,16.195312
15146,2021-10-19 08:45:00,3462,6.546875,6.875,7.109375,7.0390625,6.625,6.5234375,6.5546875,6.859375,7.1875,12.296875,14.5,15.21875,15.65625,15.9375,16.132812,16.21875,16.1875
15147,2021-10-19 09:00:00,3450,6.515625,6.65625,6.8125,6.7265625,6.40625,6.2265625,6.421875,6.7421875,6.96875,12.1484375,14.4765625,15.203125,15.6484375,15.9296875,16.132812,16.21875,16.179688
15148,2021-10-19 09:15:00,3462,6.4296875,6.5390625,6.7421875,7.0,6.7890625,6.6796875,6.546875,6.8203125,7.2109375,12.078125,14.4375,15.1953125,15.6484375,15.9296875,16.125,16.203125,16.171875
15149,2021-10-19 09:30:00,3456,6.2578125,6.53125,6.6875,6.625,6.3515625,6.28125,6.234375,6.5078125,6.7890625,11.9921875,14.40625,15.171875,15.6328125,15.921875,16.117188,16.203125,16.171875
15150,2021-10-19 09:45:00,3462,6.1953125,6.515625,6.71875,6.65625,6.3125,6.1640625,6.1484375,6.3984375,6.6875,11.953125,14.3671875,15.1640625,15.625,15.9140625,16.109375,16.195312,16.164062
15151,2021-10-19 10:00:00,3450,6.046875,6.171875,6.3125,6.3046875,6.046875,5.9140625,5.890625,6.1875,6.5078125,11.8671875,14.34375,15.1484375,15.6171875,15.9140625,16.109375,16.195312,16.15625
15152,2021-10-19 10:15:00,3462,6.3203125,6.7890625,7.015625,7.1640625,6.9375,6.765625,6.6171875,6.8359375,7.125,11.8203125,14.3125,15.1328125,15.609375,15.8984375,16.101562,16.179688,16.15625
15153,2021-10-19 10:30:00,3450,6.4453125,6.96875,7.1796875,7.1328125,6.875,6.75,6.703125,6.921875,7.0859375,11.8203125,14.2734375,15.1171875,15.59375,15.8984375,16.09375,16.179688,16.148438
15154,2021-10-19 10:45:00,3462,6.609375,7.09375,7.2265625,7.296875,7.09375,6.9921875,6.90625,7.0703125,7.2421875,11.8125,14.234375,15.109375,15.5859375,15.890625,16.085938,16.164062,16.140625
15155,2021-10-19 11:00:00,3450,6.46875,6.6171875,6.7109375,6.765625,6.59375,6.515625,6.4609375,6.71875,7.03125,11.7734375,14.2109375,15.0859375,15.5859375,15.8828125,16.078125,16.164062,16.132812
15156,2021-10-19 11:15:00,3450,6.3515625,6.5078125,6.7265625,6.9609375,6.8359375,6.7109375,6.46875,6.7109375,7.078125,11.7578125,14.171875,15.0703125,15.5703125,15.8828125,16.078125,16.164062,16.117188
15157,2021-10-19 11:30:00,3456,6.1796875,6.3359375,6.5078125,6.5390625,6.2890625,6.15625,6.078125,6.3046875,6.6328125,11.6953125,14.1484375,15.0546875,15.5625,15.875,16.070312,16.15625,16.117188
15158,2021-10-19 11:45:00,3462,6.2109375,6.4609375,6.640625,6.78125,6.6328125,6.5234375,6.34375,6.6171875,7.0234375,11.6484375,14.109375,15.03125,15.546875,15.859375,16.0625,16.148438,16.109375
15159,2021-10-19 12:00:00,3450,6.109375,6.6875,6.75,6.8671875,6.6953125,6.421875,6.2421875,6.4453125,6.796875,11.640625,14.078125,15.015625,15.5390625,15.859375,16.054688,16.140625,16.101562
15160,2021-10-19 12:15:00,3456,6.3046875,6.828125,6.96875,7.109375,6.9921875,6.8671875,6.6875,6.8515625,7.109375,11.6328125,14.046875,15.0,15.53125,15.84375,16.046875,16.132812,16.09375
15161,2021-10-19 12:30:00,3450,6.1953125,6.4375,6.546875,6.5078125,6.3515625,6.25,6.1953125,6.4296875,6.6484375,11.5703125,14.0234375,14.984375,15.515625,15.8359375,16.03125,16.132812,16.085938
15162,2021-10-19 12:45:00,3450,5.9296875,6.1875,6.2890625,6.2734375,6.09375,5.9296875,5.8203125,6.0546875,6.2890625,11.453125,14.0,14.953125,15.5078125,15.8359375,16.03125,16.125,16.078125
15163,2021-10-19 13:00:00,3456,5.8515625,6.1953125,6.2578125,6.09375,5.921875,5.8125,5.796875,6.1015625,6.4140625,11.4296875,13.96875,14.9375,15.4921875,15.8203125,16.023438,16.117188,16.078125
15164,2021-10-19 13:15:00,3450,5.8203125,6.2421875,6.359375,6.3515625,6.2109375,6.125,6.0703125,6.3125,6.5703125,11.390625,13.9375,14.921875,15.4765625,15.8125,16.023438,16.109375,16.070312
15165,2021-10-19 13:30:00,3450,5.75,6.1015625,6.2578125,6.3046875,6.1796875,6.125,6.0546875,6.3046875,6.59375,11.359375,13.90625,14.8984375,15.46875,15.8125,16.015625,16.101562,16.0625
15166,2021-10-19 13:45:00,3456,5.9140625,6.421875,6.5703125,6.515625,6.34375,6.296875,6.3125,6.5390625,6.703125,11.328125,13.875,14.8828125,15.453125,15.796875,16.0,16.085938,16.054688
15167,2021-10-19 14:00:00,3450,5.890625,6.203125,6.421875,6.3828125,6.09375,5.9453125,5.9140625,6.21875,6.6015625,11.3828125,13.84375,14.859375,15.4453125,15.7890625,15.9921875,16.085938,16.046875
15168,2021-10-19 14:15:00,3450,6.1640625,7.0546875,7.0859375,7.125,6.9453125,6.65625,6.40625,6.6640625,7.0234375,11.421875,13.8203125,14.84375,15.4296875,15.78125,15.9921875,16.085938,16.03125
15169,2021-10-19 14:30:00,3450,6.8203125,7.953125,7.9921875,7.9921875,7.6875,7.3125,6.9140625,7.0703125,7.4296875,11.515625,13.7890625,14.8203125,15.4140625,15.7734375,15.9765625,16.078125,16.023438
15170,2021-10-19 14:45:00,3444,7.1796875,8.234375,8.234375,8.140625,7.8046875,7.453125,7.125,7.2890625,7.640625,11.5859375,13.7578125,14.796875,15.40625,15.765625,15.9765625,16.0625,16.015625
15171,2021-10-19 15:00:00,3450,7.3359375,8.3046875,8.3203125,8.1796875,7.875,7.421875,6.9765625,7.2265625,7.71875,11.6015625,13.7421875,14.78125,15.3828125,15.75,15.96875,16.054688,16.007812
15172,2021-10-19 15:15:00,3444,8.1875,9.4921875,9.6953125,9.6640625,9.359375,8.8203125,8.265625,8.234375,8.421875,11.703125,13.7109375,14.7578125,15.3828125,15.7421875,15.953125,16.046875,16.0
15173,2021-10-19 15:30:00,3450,9.375,11.21875,11.8125,11.2890625,10.8125,10.265625,9.4921875,9.2265625,9.2578125,11.84375,13.6953125,14.7421875,15.3671875,15.734375,15.953125,16.039062,15.9921875
15174,2021-10-19 15:45:00,3450,10.6796875,12.5234375,13.4375,12.609375,12.0234375,11.5703125,10.65625,10.1953125,10.0546875,12.0234375,13.6796875,14.71875,15.3515625,15.7265625,15.9453125,16.03125,15.9765625
15175,2021-10-19 16:00:00,3450,11.90625,13.5546875,14.5390625,13.7109375,13.15625,12.7265625,12.0546875,11.5703125,11.2265625,12.25,13.65625,14.6953125,15.3359375,15.7109375,15.9296875,16.023438,15.9765625
15176,2021-10-19 16:15:00,3456,13.4453125,14.640625,15.3671875,14.6640625,14.265625,13.9765625,13.40625,12.8984375,12.4296875,12.5703125,13.6484375,14.6796875,15.3203125,15.703125,15.9296875,16.015625,15.96875
15177,2021-10-19 16:30:00,3450,13.9375,13.7109375,14.234375,13.59375,13.1796875,13.0703125,12.8828125,12.65625,12.484375,12.78125,13.6328125,14.65625,15.3046875,15.6953125,15.9140625,16.007812,15.953125
15178,2021-10-19 16:45:00,3450,12.703125,12.1796875,12.484375,11.921875,11.5625,11.3828125,11.234375,11.234375,11.296875,12.6796875,13.640625,14.640625,15.2890625,15.6875,15.90625,16.0,15.9453125
15179,2021-10-19 17:00:00,3450,13.8671875,15.765625,16.273438,15.0234375,14.8671875,14.453125,14.109375,13.8203125,13.3125,12.8515625,13.640625,14.625,15.28125,15.671875,15.8984375,15.9921875,15.9296875
15180,2021-10-19 17:15:00,3456,15.25,15.2890625,15.6796875,14.7265625,14.3046875,14.3046875,14.359375,14.421875,14.203125,13.234375,13.6484375,14.6015625,15.2578125,15.6640625,15.890625,15.9765625,15.921875
15181,2021-10-19 17:30:00,3456,14.765625,14.1015625,14.3515625,13.765625,13.265625,13.2109375,13.2890625,13.4765625,13.4765625,13.2890625,13.65625,14.5859375,15.2421875,15.6484375,15.8828125,15.9765625,15.921875
15182,2021-10-19 17:45:00,3450,17.359375,19.015625,19.023438,18.101562,17.234375,17.164062,17.015625,16.742188,15.9765625,13.6171875,13.671875,14.5703125,15.2265625,15.640625,15.8671875,15.9609375,15.8984375
15183,2021-10-19 18:00:00,3456,16.578125,16.21875,16.421875,15.953125,15.5546875,15.5546875,15.6875,15.65625,15.3203125,13.6796875,13.6875,14.5625,15.2109375,15.625,15.859375,15.953125,15.8984375
15184,2021-10-19 18:15:00,3450,15.9921875,15.40625,15.609375,15.3203125,15.1171875,15.1171875,15.09375,15.015625,14.8046875,13.6875,13.7109375,14.5390625,15.1953125,15.6171875,15.8515625,15.9375,15.890625
15185,2021-10-19 18:30:00,3450,15.2421875,14.7109375,14.875,14.6796875,14.4921875,14.4375,14.3671875,14.3828125,14.296875,13.6484375,13.734375,14.5390625,15.1796875,15.6015625,15.84375,15.9296875,15.8828125
15186,2021-10-19 18:45:00,3456,15.1640625,15.015625,15.21875,15.0078125,14.796875,14.71875,14.5234375,14.46875,14.2734375,13.640625,13.7578125,14.5234375,15.171875,15.59375,15.828125,15.921875,15.875
15187,2021-10-19 19:00:00,3462,15.171875,15.3671875,15.515625,15.421875,15.2265625,15.109375,14.8515625,14.671875,14.4453125,13.640625,13.78125,14.515625,15.15625,15.5859375,15.8203125,15.9140625,15.859375
15188,2021-10-19 19:15:00,3462,15.59375,16.335938,16.554688,16.34375,16.054688,15.8515625,15.453125,15.1328125,14.7890625,13.6875,13.8046875,14.5,15.140625,15.5703125,15.8125,15.90625,15.84375
15189,2021-10-19 19:30:00,3456,16.0,16.46875,16.734375,16.625,16.429688,16.320312,16.03125,15.859375,15.609375,13.84375,13.8203125,14.4921875,15.125,15.5546875,15.796875,15.8984375,15.84375
15190,2021-10-19 19:45:00,3456,16.921875,18.460938,18.296875,18.164062,18.039062,18.5,19.304688,18.789062,17.898438,14.2109375,13.8359375,14.484375,15.1171875,15.546875,15.7890625,15.890625,15.828125
15191,2021-10-19 20:00:00,3450,21.125,22.117188,21.203125,20.992188,21.359375,22.960938,23.578125,22.9375,21.867188,15.03125,13.8515625,14.484375,15.1015625,15.5234375,15.78125,15.875,15.8203125
15192,2021-10-19 20:15:00,3450,22.953125,21.8125,21.195312,21.070312,21.289062,22.929688,23.664062,23.578125,22.9375,15.6875,13.8828125,14.4765625,15.0859375,15.515625,15.7734375,15.859375,15.8046875
15193,2021-10-19 20:30:00,3468,22.578125,20.203125,19.90625,19.9375,20.382812,21.375,21.953125,22.007812,21.703125,15.84375,13.9140625,14.4765625,15.0703125,15.5078125,15.7578125,15.859375,15.796875
15194,2021-10-19 20:45:00,3468,22.539062,21.210938,20.796875,20.875,21.554688,22.921875,23.421875,23.140625,22.429688,15.984375,13.9609375,14.4765625,15.0546875,15.484375,15.75,15.84375,15.78125
15195,2021-10-19 21:00:00,3468,21.546875,19.390625,19.320312,19.382812,19.828125,20.5625,21.101562,21.164062,20.820312,15.9765625,14.015625,14.46875,15.0546875,15.4765625,15.7421875,15.8359375,15.7734375
15196,2021-10-19 21:15:00,3468,22.539062,21.414062,21.523438,21.484375,22.070312,23.5625,23.75,23.179688,22.132812,16.179688,14.0703125,14.46875,15.0390625,15.4609375,15.7265625,15.8203125,15.7578125
15197,2021-10-19 21:30:00,3468,20.875,18.921875,19.0,18.984375,19.140625,19.578125,19.914062,19.976562,19.765625,15.96875,14.125,14.4609375,15.0234375,15.453125,15.7109375,15.8125,15.75
15198,2021-10-19 21:45:00,3468,20.0625,18.96875,19.070312,19.054688,19.179688,19.617188,19.984375,20.023438,19.742188,15.953125,14.1875,14.46875,15.015625,15.4296875,15.703125,15.8046875,15.734375
15199,2021-10-19 22:00:00,3468,19.804688,18.921875,19.117188,18.898438,18.953125,19.507812,20.132812,20.242188,19.929688,16.0,14.234375,14.4765625,15.0078125,15.421875,15.6875,15.7890625,15.7265625
15200,2021-10-19 22:15:00,3474,18.914062,17.617188,17.765625,17.539062,17.515625,17.984375,18.554688,18.875,18.882812,15.9609375,14.296875,14.4765625,14.9921875,15.4140625,15.6796875,15.7890625,15.71875
15201,2021-10-19 22:30:00,3474,18.320312,17.335938,17.445312,17.257812,17.242188,17.570312,17.898438,18.195312,18.296875,15.875,14.3359375,14.4921875,14.984375,15.40625,15.671875,15.765625,15.7109375
15202,2021-10-19 22:45:00,3468,17.554688,16.492188,16.609375,16.46875,16.398438,16.617188,16.90625,17.296875,17.445312,15.734375,14.390625,14.4921875,14.9765625,15.390625,15.65625,15.765625,15.6953125
15203,2021-10-19 23:00:00,3474,16.992188,16.007812,16.140625,16.109375,16.070312,16.304688,16.5625,16.929688,17.039062,15.6328125,14.4375,14.5078125,14.96875,15.3828125,15.6484375,15.75,15.6953125
15204,2021-10-19 23:15:00,3468,16.28125,15.1484375,15.2734375,15.21875,15.15625,15.390625,15.7109375,16.132812,16.34375,15.515625,14.4765625,14.5234375,14.9609375,15.3671875,15.640625,15.7421875,15.6796875
15205,2021-10-19 23:30:00,3480,15.6953125,14.8046875,14.8828125,14.78125,14.6953125,14.84375,15.0234375,15.359375,15.59375,15.3359375,14.5078125,14.53125,14.953125,15.359375,15.625,15.7265625,15.671875
15206,2021-10-19 23:45:00,3480,15.765625,15.3515625,15.484375,15.3828125,15.265625,15.4765625,15.75,16.007812,16.101562,15.328125,14.53125,14.546875,14.9453125,15.3515625,15.609375,15.71875,15.6640625
15207,2021-10-20 00:00:00,3480,15.765625,15.2421875,15.3828125,15.21875,15.078125,15.2734375,15.625,15.96875,16.09375,15.328125,14.5546875,14.5546875,14.9453125,15.328125,15.609375,15.71875,15.65625
15208,2021-10-20 00:15:00,3468,15.4296875,14.8828125,14.9453125,14.8515625,14.7421875,14.8515625,15.078125,15.40625,15.5859375,15.2421875,14.578125,14.5703125,14.9453125,15.328125,15.59375,15.703125,15.6484375
15209,2021-10-20 00:30:00,3468,14.9375,14.0859375,14.171875,14.0390625,13.8046875,13.890625,14.1875,14.6640625,14.9921875,15.140625,14.59375,14.5859375,14.9375,15.3125,15.578125,15.6953125,15.640625
15210,2021-10-20 00:45:00,3480,14.15625,13.4453125,13.4453125,13.3203125,13.0703125,12.9921875,13.0625,13.5625,14.0,14.9296875,14.609375,14.59375,14.9296875,15.3046875,15.578125,15.6796875,15.6328125
15211,2021-10-20 01:00:00,3468,13.5625,13.0078125,12.9765625,12.859375,12.65625,12.5078125,12.4609375,12.859375,13.28125,14.734375,14.625,14.6015625,14.9375,15.296875,15.5703125,15.671875,15.625
15212,2021-10-20 01:15:00,3474,13.265625,12.8515625,12.8125,12.6953125,12.453125,12.3046875,12.234375,12.6015625,13.0,14.5859375,14.6328125,14.6171875,14.9296875,15.2890625,15.546875,15.6640625,15.6171875
15213,2021-10-20 01:30:00,3474,12.9140625,12.421875,12.390625,12.2734375,12.0625,11.8828125,11.71875,12.015625,12.4921875,14.4375,14.640625,14.625,14.9296875,15.28125,15.5390625,15.6484375,15.6015625
15214,2021-10-20 01:45:00,3474,12.59375,12.3203125,12.2890625,12.2109375,12.0,11.796875,11.5546875,11.796875,12.1953125,14.28125,14.6328125,14.640625,14.921875,15.265625,15.53125,15.640625,15.59375
15215,2021-10-20 02:00:00,3474,12.578125,12.515625,12.53125,12.421875,12.203125,12.0546875,11.8671875,12.0078125,12.265625,14.1796875,14.6328125,14.65625,14.921875,15.2578125,15.5234375,15.6328125,15.59375
15216,2021-10-20 02:15:00,3468,12.515625,12.4609375,12.453125,12.390625,12.1875,12.0234375,11.78125,11.9375,12.234375,14.1171875,14.6171875,14.6640625,14.921875,15.25,15.515625,15.625,15.578125
15217,2021-10-20 02:30:00,3474,12.34375,12.3125,12.2734375,12.21875,12.03125,11.859375,11.6875,11.859375,12.1328125,14.0390625,14.609375,14.671875,14.921875,15.2421875,15.5078125,15.6171875,15.578125
15218,2021-10-20 02:45:00,3468,12.7734375,13.171875,13.15625,13.1171875,12.96875,12.8359375,12.6171875,12.578125,12.6328125,13.984375,14.6015625,14.671875,14.921875,15.2421875,15.4921875,15.609375,15.5703125
15219,2021-10-20 03:00:00,3468,12.703125,10.828125,11.453125,11.359375,11.0,11.171875,10.8203125,11.6328125,11.765625,13.9453125,14.578125,14.6796875,14.921875,15.2265625,15.484375,15.6015625,15.5546875
15220,2021-10-20 03:15:00,3474,9.96875,8.359375,8.3828125,8.40625,8.265625,8.328125,8.390625,8.546875,8.765625,13.21875,14.5625,14.6875,14.921875,15.2265625,15.46875,15.59375,15.5546875
15221,2021-10-20 03:30:00,3468,9.3203125,8.8046875,8.796875,8.8125,8.7734375,8.7890625,8.7578125,8.8984375,9.15625,13.140625,14.546875,14.6953125,14.9296875,15.21875,15.46875,15.5859375,15.546875
15222,2021-10-20 03:45:00,3462,9.28125,9.03125,9.0234375,9.0078125,8.9296875,8.984375,9.0078125,9.203125,9.5625,13.1640625,14.53125,14.6953125,14.9296875,15.2109375,15.453125,15.5703125,15.5390625
15223,2021-10-20 04:00:00,3468,9.2421875,9.0703125,8.90625,8.8359375,8.75,8.921875,8.96875,9.3671875,9.78125,13.109375,14.515625,14.6953125,14.9296875,15.2109375,15.4453125,15.5703125,15.5390625
15224,2021-10-20 04:15:00,3474,9.4609375,9.296875,9.1171875,9.0078125,8.9375,9.125,9.140625,9.484375,9.8515625,13.09375,14.484375,14.703125,14.9296875,15.2109375,15.4453125,15.5625,15.5390625
15225,2021-10-20 04:30:00,3480,9.796875,9.5390625,9.40625,9.25,9.3125,9.296875,9.2265625,9.546875,9.90625,13.0703125,14.4609375,14.703125,14.9296875,15.203125,15.4296875,15.546875,15.5234375
15226,2021-10-20 04:45:00,3468,10.1328125,9.9453125,9.828125,9.6875,9.96875,9.6171875,9.5546875,9.828125,10.1875,13.078125,14.4375,14.6953125,14.9296875,15.1953125,15.4296875,15.546875,15.515625
15227,2021-10-20 05:00:00,3462,10.1640625,9.46875,9.40625,9.5546875,9.78125,9.21875,9.1171875,9.421875,9.953125,13.1015625,14.4140625,14.6953125,14.9296875,15.1875,15.421875,15.5390625,15.5234375
15228,2021-10-20 05:15:00,3462,10.015625,9.5,9.421875,9.75,9.8984375,9.203125,9.0703125,9.3515625,9.828125,13.0703125,14.390625,14.6953125,14.9296875,15.1875,15.4140625,15.53125,15.5078125
15229,2021-10-20 05:30:00,3468,10.203125,10.09375,10.3125,10.9140625,10.6171875,9.7734375,9.3359375,9.34375,9.484375,12.921875,14.3671875,14.6953125,14.9375,15.1875,15.40625,15.5234375,15.5078125
15230,2021-10-20 05:45:00,3468,10.375,10.0546875,10.2734375,10.953125,10.828125,10.296875,9.359375,9.2734375,9.453125,12.9296875,14.3515625,14.6953125,14.9375,15.1875,15.3984375,15.515625,15.5
15231,2021-10-20 06:00:00,3468,10.546875,10.4375,10.71875,11.203125,10.875,10.7421875,9.7265625,9.625,9.765625,12.9140625,14.328125,14.6875,14.9375,15.1796875,15.3984375,15.5078125,15.4921875
15232,2021-10-20 06:15:00,3468,9.828125,8.859375,8.9765625,9.1328125,8.8984375,8.9609375,8.875,9.2109375,9.5859375,12.9140625,14.3046875,14.6796875,14.9375,15.1796875,15.3828125,15.5078125,15.4921875
15233,2021-10-20 06:30:00,3468,9.1796875,8.5234375,8.59375,8.5625,8.4375,8.53125,8.5390625,8.765625,9.1875,12.84375,14.2890625,14.671875,14.9296875,15.171875,15.3828125,15.4921875,15.484375
15234,2021-10-20 06:45:00,3468,8.8828125,8.5546875,8.6015625,8.6015625,8.5390625,8.6328125,8.7578125,9.1015625,9.5390625,12.7421875,14.265625,14.671875,14.9296875,15.171875,15.375,15.4921875,15.4765625
15235,2021-10-20 07:00:00,3474,8.703125,8.3984375,8.453125,8.4609375,8.3984375,8.5,8.65625,9.0078125,9.453125,12.7890625,14.2421875,14.6640625,14.9296875,15.1640625,15.3671875,15.484375,15.4765625
15236,2021-10-20 07:15:00,3462,8.5859375,8.2578125,8.3203125,8.3203125,8.2421875,8.3203125,8.4375,8.78125,9.2578125,12.7421875,14.2265625,14.65625,14.9296875,15.1640625,15.359375,15.4765625,15.46875
15237,2021-10-20 07:30:00,3462,8.4609375,8.1953125,8.265625,8.25,8.171875,8.265625,8.390625,8.7265625,9.25,12.7265625,14.2109375,14.6484375,14.9296875,15.1640625,15.359375,15.46875,15.46875
15238,2021-10-20 07:45:00,3462,8.5078125,8.3984375,8.5546875,8.453125,8.390625,8.421875,8.5625,8.875,9.25,12.578125,14.1875,14.640625,14.9296875,15.15625,15.359375,15.46875,15.46875
15239,2021-10-20 08:00:00,3462,8.6484375,8.5,8.6171875,8.6171875,8.59375,8.6484375,8.78125,9.109375,9.4921875,12.5546875,14.171875,14.640625,14.9296875,15.15625,15.3515625,15.4609375,15.4609375
15240,2021-10-20 08:15:00,3462,8.734375,8.5234375,8.6171875,8.6015625,8.6484375,8.6171875,8.671875,8.984375,9.3984375,12.5390625,14.1484375,14.6328125,14.921875,15.1484375,15.3515625,15.46875,15.4609375
15241,2021-10-20 08:30:00,3462,8.8125,8.6328125,8.734375,8.7734375,8.921875,8.7265625,8.6015625,8.828125,9.2890625,12.53125,14.125,14.625,14.921875,15.1484375,15.34375,15.453125,15.453125
15242,2021-10-20 08:45:00,3462,9.234375,9.28125,9.4609375,9.6171875,9.8671875,9.4921875,9.2578125,9.359375,9.734375,12.4921875,14.109375,14.609375,14.9140625,15.1484375,15.3359375,15.4609375,15.453125
15243,2021-10-20 09:00:00,3468,9.65625,9.671875,9.8984375,10.0703125,10.125,9.9296875,9.7421875,9.75,10.109375,12.5390625,14.0859375,14.609375,14.9140625,15.1484375,15.328125,15.4453125,15.4453125
15244,2021-10-20 09:15:00,3462,9.828125,9.78125,10.0,10.171875,10.1953125,9.9765625,9.8671875,9.96875,10.359375,12.609375,14.0703125,14.6015625,14.90625,15.140625,15.3359375,15.4453125,15.4453125
15245,2021-10-20 09:30:00,3468,9.890625,9.6796875,9.890625,9.9453125,9.8984375,9.8828125,9.90625,10.125,10.5546875,12.6796875,14.0546875,14.5859375,14.9140625,15.140625,15.328125,15.4296875,15.4453125
15246,2021-10-20 09:45:00,3468,9.609375,9.2109375,9.375,9.34375,9.3359375,9.390625,9.5,9.828125,10.3125,12.6640625,14.0390625,14.578125,14.90625,15.140625,15.3203125,15.4296875,15.4375
15247,2021-10-20 10:00:00,3462,9.234375,8.8515625,8.9453125,8.9296875,8.9140625,9.0078125,9.109375,9.4375,9.890625,12.6015625,14.0234375,14.5703125,14.8984375,15.1328125,15.3203125,15.4296875,15.4375
15248,2021-10-20 10:15:00,3468,9.1640625,9.0390625,9.1015625,9.0859375,9.0703125,9.1484375,9.234375,9.4921875,9.875,12.5234375,14.015625,14.5625,14.8984375,15.1328125,15.3125,15.4296875,15.4296875
15249,2021-10-20 10:30:00,3462,9.25,9.28125,9.328125,9.3203125,9.296875,9.359375,9.4375,9.671875,10.0390625,12.53125,13.9921875,14.546875,14.890625,15.125,15.3125,15.421875,15.421875
15250,2021-10-20 10:45:00,3462,9.3359375,9.2421875,9.28125,9.2734375,9.25,9.3359375,9.4375,9.6796875,10.015625,12.5234375,13.984375,14.546875,14.8828125,15.125,15.3046875,15.4140625,15.421875
15251,2021-10-20 11:00:00,3462,9.25,9.046875,9.078125,9.0859375,9.0625,9.1640625,9.3203125,9.640625,10.015625,12.5390625,13.96875,14.53125,14.8828125,15.1171875,15.3046875,15.4140625,15.4140625
15252,2021-10-20 11:15:00,3462,9.1953125,9.0625,9.09375,9.09375,9.09375,9.1796875,9.28125,9.5,9.8203125,12.46875,13.9609375,14.5234375,14.875,15.1171875,15.3046875,15.40625,15.4140625
15253,2021-10-20 11:30:00,3462,9.140625,9.0078125,9.03125,9.03125,9.015625,9.09375,9.1953125,9.40625,9.7421875,12.4375,13.9453125,14.515625,14.8671875,15.109375,15.296875,15.3984375,15.40625
15254,2021-10-20 11:45:00,3462,9.1875,9.1484375,9.171875,9.171875,9.15625,9.21875,9.3125,9.4921875,9.765625,12.4375,13.9296875,14.5,14.8671875,15.109375,15.2890625,15.3984375,15.40625
15255,2021-10-20 12:00:00,3468,9.2734375,9.203125,9.234375,9.2265625,9.2109375,9.2890625,9.3828125,9.6015625,9.875,12.375,13.9140625,14.4921875,14.8671875,15.109375,15.28125,15.390625,15.40625
15256,2021-10-20 12:15:00,3462,9.328125,9.3046875,9.3359375,9.3359375,9.328125,9.3984375,9.4765625,9.6640625,9.8984375,12.40625,13.90625,14.484375,14.859375,15.109375,15.28125,15.390625,15.3984375
15257,2021-10-20 12:30:00,3462,9.4921875,9.5703125,9.59375,9.6015625,9.578125,9.65625,9.71875,9.875,10.109375,12.3828125,13.875,14.4765625,14.84375,15.09375,15.28125,15.390625,15.390625
15258,2021-10-20 12:45:00,3462,9.6640625,9.640625,9.6796875,9.6875,9.6875,9.78125,9.890625,10.1015625,10.3359375,12.453125,13.8671875,14.46875,14.84375,15.09375,15.2734375,15.3828125,15.3828125
15259,2021-10-20 13:00:00,3456,9.671875,9.640625,9.6640625,9.6640625,9.6484375,9.71875,9.796875,9.9609375,10.1796875,12.421875,13.8515625,14.453125,14.8359375,15.09375,15.2734375,15.3828125,15.3828125
15260,2021-10-20 13:15:00,3456,9.828125,9.953125,9.96875,9.9765625,9.96875,10.03125,10.078125,10.1953125,10.3671875,12.4609375,13.8359375,14.4453125,14.8359375,15.0859375,15.265625,15.375,15.3828125
15261,2021-10-20 13:30:00,3462,9.921875,9.78125,9.8203125,9.8203125,9.828125,9.9375,10.0703125,10.2890625,10.4765625,12.4921875,13.8203125,14.4296875,14.8359375,15.078125,15.265625,15.3671875,15.375
15262,2021-10-20 13:45:00,3462,9.8515625,9.7421875,9.765625,9.7734375,9.765625,9.8515625,9.9609375,10.171875,10.390625,12.5078125,13.796875,14.421875,14.8203125,15.0703125,15.2578125,15.359375,15.375
15263,2021-10-20 14:00:00,3462,9.921875,9.9296875,9.9609375,9.9609375,9.9453125,10.015625,10.078125,10.2265625,10.4296875,12.5,13.78125,14.4140625,14.8125,15.0703125,15.25,15.359375,15.3671875
15264,2021-10-20 14:15:00,3450,10.0703125,10.078125,10.1171875,10.109375,10.1015625,10.1640625,10.21875,10.3671875,10.5703125,12.5390625,13.78125,14.3984375,14.8046875,15.0625,15.2421875,15.3515625,15.3671875
15265,2021-10-20 14:30:00,3462,10.1796875,10.1953125,10.21875,10.21875,10.2109375,10.2890625,10.3671875,10.5078125,10.6953125,12.5703125,13.765625,14.390625,14.796875,15.0625,15.2421875,15.3515625,15.359375
15266,2021-10-20 14:45:00,3456,10.34375,10.4296875,10.46875,10.4609375,10.4453125,10.5078125,10.5625,10.6796875,10.828125,12.5703125,13.75,14.3828125,14.7890625,15.0625,15.234375,15.3515625,15.3515625
15267,2021-10-20 15:00:00,3462,10.6171875,10.75,10.7890625,10.78125,10.7734375,10.8359375,10.8671875,10.9609375,11.09375,12.6015625,13.7421875,14.3671875,14.7890625,15.0546875,15.2421875,15.34375,15.3515625
15268,2021-10-20 15:15:00,3456,10.828125,10.8359375,10.8828125,10.875,10.8828125,10.9765625,11.0625,11.1953125,11.34375,12.671875,13.734375,14.3515625,14.78125,15.046875,15.2265625,15.3359375,15.34375
15269,2021-10-20 15:30:00,3456,10.921875,10.9296875,10.953125,10.9296875,10.9453125,11.046875,11.125,11.2578125,11.375,12.6953125,13.7265625,14.3515625,14.765625,15.0390625,15.2265625,15.328125,15.34375
15270,2021-10-20 15:45:00,3456,11.140625,11.2109375,11.2421875,11.234375,11.2734375,11.40625,11.53125,11.65625,11.7265625,12.7421875,13.7109375,14.34375,14.765625,15.03125,15.21875,15.328125,15.328125
15271,2021-10-20 16:00:00,3456,11.078125,10.765625,10.7734375,10.71875,10.703125,10.828125,10.9765625,11.1953125,11.421875,12.7890625,13.7109375,14.328125,14.75,15.03125,15.21875,15.328125,15.328125
15272,2021-10-20 16:15:00,3456,11.0546875,10.9140625,10.9296875,10.90625,10.96875,11.15625,11.3359375,11.515625,11.6015625,12.8125,13.703125,14.3203125,14.7421875,15.0234375,15.21875,15.3203125,15.3203125
15273,2021-10-20 16:30:00,3456,11.109375,10.9609375,10.984375,10.9921875,11.1015625,11.3125,11.5703125,11.8125,11.875,12.84375,13.703125,14.3125,14.7421875,15.015625,15.2109375,15.3125,15.3203125
15274,2021-10-20 16:45:00,3462,11.3359375,11.40625,11.421875,11.3671875,11.390625,11.5234375,11.640625,11.78125,11.8984375,12.8828125,13.6953125,14.296875,14.734375,15.015625,15.203125,15.3046875,15.3125
15275,2021-10-20 17:00:00,3450,11.59375,11.6640625,11.671875,11.6328125,11.6875,11.828125,11.953125,12.09375,12.1953125,12.9609375,13.703125,14.2890625,14.71875,15.0078125,15.1953125,15.3125,15.3046875
15276,2021-10-20 17:15:00,3462,11.84375,11.875,11.90625,11.90625,11.9609375,12.1015625,12.2265625,12.375,12.40625,13.015625,13.6953125,14.2890625,14.71875,15.0078125,15.1875,15.296875,15.3046875
15277,2021-10-20 17:30:00,3456,12.4375,12.6484375,12.6796875,12.640625,12.71875,12.9453125,13.1484375,13.296875,13.1796875,13.1171875,13.6953125,14.2734375,14.7109375,14.9921875,15.1875,15.296875,15.296875
15278,2021-10-20 17:45:00,3450,12.7265625,12.7890625,12.8359375,12.765625,12.8359375,13.0546875,13.296875,13.4765625,13.4375,13.2265625,13.6953125,14.2578125,14.703125,14.9921875,15.1796875,15.2890625,15.2890625
15279,2021-10-20 18:00:00,3462,12.890625,12.6640625,12.6171875,12.421875,12.390625,12.5859375,12.8671875,13.234375,13.4453125,13.34375,13.703125,14.2578125,14.6953125,14.984375,15.1796875,15.28125,15.28125
15280,2021-10-20 18:15:00,3456,12.703125,12.5078125,12.4375,12.3828125,12.4375,12.6875,12.84375,13.0859375,13.2578125,13.390625,13.703125,14.25,14.6875,14.9765625,15.171875,15.28125,15.2734375
15281,2021-10-20 18:30:00,3462,13.078125,13.109375,13.078125,12.9921875,13.0546875,13.375,13.6796875,14.0234375,14.0390625,13.4921875,13.7109375,14.2421875,14.6796875,14.9609375,15.1640625,15.2734375,15.2734375
15282,2021-10-20 17:15:00,3462,11.84375,11.875,11.90625,11.90625,11.9609375,12.1015625,12.2265625,12.375,12.40625,13.015625,13.6953125,14.2890625,14.71875,15.0078125,15.1875,15.296875,15.3046875
15283,2021-10-20 17:30:00,3456,12.4375,12.6484375,12.6796875,12.640625,12.71875,12.9453125,13.1484375,13.296875,13.1796875,13.1171875,13.6953125,14.2734375,14.7109375,14.9921875,15.1875,15.296875,15.296875
15284,2021-10-20 17:45:00,3450,12.7265625,12.7890625,12.8359375,12.765625,12.8359375,13.0546875,13.296875,13.4765625,13.4375,13.2265625,13.6953125,14.2578125,14.703125,14.9921875,15.1796875,15.2890625,15.2890625
15285,2021-10-20 18:00:00,3462,12.890625,12.6640625,12.6171875,12.421875,12.390625,12.5859375,12.8671875,13.234375,13.4453125,13.34375,13.703125,14.2578125,14.6953125,14.984375,15.1796875,15.28125,15.28125
15286,2021-10-20 18:15:00,3456,12.703125,12.5078125,12.4375,12.3828125,12.4375,12.6875,12.84375,13.0859375,13.2578125,13.390625,13.703125,14.25,14.6875,14.9765625,15.171875,15.28125,15.2734375
15287,2021-10-20 18:30:00,3462,13.078125,13.109375,13.078125,12.9921875,13.0546875,13.375,13.6796875,14.0234375,14.0390625,13.4921875,13.7109375,14.2421875,14.6796875,14.9609375,15.1640625,15.2734375,15.2734375
15288,2021-10-20 18:45:00,3462,13.2890625,13.4453125,13.34375,13.2890625,13.4453125,13.8359375,14.109375,14.28125,14.203125,13.5703125,13.7265625,14.234375,14.671875,14.9609375,15.15625,15.265625,15.265625
15289,2021-10-20 19:00:00,3456,13.75,13.8125,13.65625,13.3671875,13.296875,13.75,14.140625,14.578125,14.5625,13.6796875,13.734375,14.234375,14.65625,14.953125,15.15625,15.265625,15.2578125
15290,2021-10-20 19:15:00,3462,13.9140625,13.6484375,13.40625,13.4921875,13.84375,14.3984375,14.7734375,14.9375,14.7578125,13.75,13.75,14.2265625,14.6484375,14.9453125,15.1484375,15.2578125,15.2578125
15291,2021-10-20 19:30:00,3456,13.7734375,13.375,13.1171875,13.1875,13.4609375,13.9296875,14.1953125,14.421875,14.40625,13.8046875,13.7734375,14.21875,14.6484375,14.9453125,15.140625,15.25,15.25
15292,2021-10-20 19:45:00,3462,13.9609375,13.6953125,13.5703125,13.609375,13.8984375,14.2734375,14.6015625,14.7578125,14.6484375,13.8515625,13.7890625,14.21875,14.6328125,14.9296875,15.140625,15.25,15.2421875
15293,2021-10-20 20:00:00,3450,13.9296875,13.453125,13.1796875,13.265625,13.609375,13.9765625,14.3125,14.484375,14.5390625,13.90625,13.8046875,14.203125,14.625,14.921875,15.1328125,15.234375,15.234375
15294,2021-10-20 20:15:00,3462,14.1484375,13.8984375,13.671875,13.7734375,14.1328125,14.5625,14.9140625,14.953125,14.7421875,13.9453125,13.8359375,14.2109375,14.625,14.921875,15.125,15.234375,15.2265625
15295,2021-10-20 20:30:00,3462,14.421875,14.1015625,13.828125,13.8515625,14.1875,14.6015625,15.0703125,15.1328125,15.0078125,14.0078125,13.8515625,14.203125,14.6171875,14.9140625,15.125,15.2265625,15.21875
15296,2021-10-20 20:45:00,3462,14.453125,14.078125,13.75,13.84375,14.203125,14.5703125,14.8359375,14.890625,14.859375,14.0390625,13.8671875,14.203125,14.609375,14.90625,15.109375,15.21875,15.21875
15297,2021-10-20 21:00:00,3462,14.5703125,14.203125,13.8203125,14.0546875,14.5,14.8984375,15.234375,15.2109375,14.984375,14.0859375,13.8828125,14.203125,14.59375,14.8984375,15.109375,15.2109375,15.203125
15298,2021-10-20 21:15:00,3462,14.875,14.609375,14.1953125,14.3359375,14.7734375,15.125,15.4453125,15.515625,15.34375,14.1484375,13.9140625,14.203125,14.59375,14.8984375,15.1015625,15.2109375,15.1953125
15299,2021-10-20 21:30:00,3462,15.3828125,15.1796875,14.8125,14.953125,15.3828125,15.7578125,16.078125,16.085938,15.8203125,14.25,13.9375,14.2109375,14.5859375,14.8828125,15.1015625,15.203125,15.1875
15300,2021-10-20 21:45:00,3456,15.84375,15.4765625,15.0546875,15.2734375,15.7421875,16.164062,16.445312,16.460938,16.242188,14.3671875,13.953125,14.2109375,14.578125,14.875,15.0859375,15.1953125,15.1796875
15301,2021-10-20 22:00:00,3468,15.5859375,15.140625,14.84375,14.921875,15.25,15.5234375,15.8046875,15.8828125,15.7734375,14.390625,13.9765625,14.203125,14.578125,14.8671875,15.0859375,15.1875,15.1796875
15302,2021-10-20 22:15:00,3468,15.625,15.2109375,14.921875,15.03125,15.359375,15.609375,15.7578125,15.7890625,15.734375,14.4375,14.0,14.21875,14.5703125,14.8671875,15.0703125,15.1875,15.171875
15303,2021-10-20 22:30:00,3456,15.5078125,15.09375,14.8671875,14.9609375,15.2265625,15.4609375,15.7109375,15.796875,15.6484375,14.453125,14.0234375,14.2109375,14.5703125,14.859375,15.0703125,15.1796875,15.1640625
15304,2021-10-20 22:45:00,3462,15.390625,15.0390625,14.75,14.7890625,15.078125,15.2578125,15.40625,15.515625,15.484375,14.4765625,14.046875,14.21875,14.5625,14.8515625,15.0625,15.171875,15.15625
15305,2021-10-20 23:00:00,3456,14.984375,14.4140625,14.3984375,14.3828125,14.4375,14.59375,14.6953125,14.890625,15.0234375,14.4765625,14.078125,14.2265625,14.5625,14.84375,15.0546875,15.171875,15.1484375
15306,2021-10-20 23:15:00,3468,14.765625,14.390625,14.3984375,14.3984375,14.4453125,14.6640625,14.8828125,15.09375,15.0859375,14.46875,14.1015625,14.2265625,14.5546875,14.8359375,15.0546875,15.15625,15.140625
15307,2021-10-20 23:30:00,3462,14.828125,14.8046875,14.8359375,14.78125,14.7578125,14.9296875,15.140625,15.2734375,15.1875,14.4765625,14.1171875,14.234375,14.5546875,14.828125,15.03125,15.15625,15.1328125
15308,2021-10-20 23:45:00,3462,14.796875,14.46875,14.3984375,14.515625,14.46875,14.5703125,14.6796875,14.90625,15.03125,14.4921875,14.1484375,14.234375,14.546875,14.8203125,15.0390625,15.1484375,15.125
15309,2021-10-21 00:00:00,3468,14.625,14.34375,14.296875,14.375,14.3671875,14.3984375,14.4609375,14.6328125,14.75,14.4765625,14.1640625,14.25,14.546875,14.8203125,15.0234375,15.140625,15.1171875
15310,2021-10-21 00:15:00,3468,14.5078125,14.2109375,14.2265625,14.1796875,14.1640625,14.265625,14.4609375,14.6875,14.765625,14.46875,14.1796875,14.25,14.5390625,14.8125,15.0234375,15.1328125,15.1171875
15311,2021-10-21 00:30:00,3468,14.328125,14.09375,14.1171875,14.046875,14.03125,14.1796875,14.375,14.5703125,14.6484375,14.4609375,14.1953125,14.2578125,14.5390625,14.8046875,15.015625,15.125,15.1015625
15312,2021-10-21 00:45:00,3456,14.234375,14.0,14.0078125,13.9375,13.90625,13.9921875,14.140625,14.3359375,14.484375,14.453125,14.2109375,14.2578125,14.5390625,14.796875,15.0078125,15.1171875,15.1015625
15313,2021-10-21 01:00:00,3462,14.140625,13.9921875,14.0234375,14.0,13.9765625,14.046875,14.09375,14.203125,14.3203125,14.4296875,14.2265625,14.2734375,14.53125,14.7890625,15.0,15.109375,15.09375
15314,2021-10-21 01:15:00,3468,14.125,13.9296875,13.9609375,13.9140625,13.875,13.9453125,14.0390625,14.21875,14.3359375,14.421875,14.2421875,14.28125,14.53125,14.7890625,15.0,15.109375,15.0859375
15315,2021-10-21 01:30:00,3468,14.0078125,13.78125,13.7890625,13.765625,13.734375,13.78125,13.84375,14.0078125,14.1796875,14.40625,14.25,14.28125,14.5234375,14.78125,14.9921875,15.1015625,15.078125
15316,2021-10-21 01:45:00,3462,13.8671875,13.7109375,13.734375,13.7265625,13.703125,13.7421875,13.7734375,13.90625,14.0234375,14.390625,14.2578125,14.2890625,14.53125,14.7734375,14.984375,15.09375,15.0703125
15317,2021-10-21 02:00:00,3468,13.8203125,13.734375,13.765625,13.765625,13.7421875,13.7890625,13.8046875,13.890625,13.9765625,14.359375,14.265625,14.3046875,14.53125,14.765625,14.9765625,15.0859375,15.0625
15318,2021-10-21 02:15:00,3468,13.828125,13.78125,13.8125,13.796875,13.7734375,13.8203125,13.84375,13.9296875,13.9921875,14.34375,14.28125,14.3046875,14.5234375,14.765625,14.96875,15.078125,15.0625
15319,2021-10-21 02:30:00,3462,13.796875,13.71875,13.75,13.7421875,13.7109375,13.7578125,13.7734375,13.84375,13.8828125,14.28125,14.28125,14.3046875,14.515625,14.7578125,14.953125,15.0625,15.046875
15320,2021-10-21 02:45:00,3462,13.84375,13.8359375,13.8671875,13.8671875,13.8359375,13.8828125,13.8984375,13.953125,13.9921875,14.3046875,14.2890625,14.3046875,14.515625,14.75,14.9453125,15.0625,15.0390625
15321,2021-10-21 03:00:00,3468,13.9609375,14.03125,14.0546875,14.0625,14.0390625,14.078125,14.078125,14.1015625,14.1015625,14.3046875,14.296875,14.3125,14.515625,14.7421875,14.9375,15.0625,15.046875
15322,2021-10-21 03:15:00,3462,14.0859375,14.15625,14.1875,14.1875,14.1640625,14.203125,14.1953125,14.21875,14.21875,14.3515625,14.296875,14.3203125,14.515625,14.7265625,14.9296875,15.046875,15.03125
15323,2021-10-21 03:30:00,3468,14.21875,14.2890625,14.3203125,14.328125,14.3046875,14.34375,14.3359375,14.359375,14.3515625,14.375,14.296875,14.328125,14.515625,14.7265625,14.921875,15.0390625,15.03125
15324,2021-10-21 03:45:00,3462,14.3046875,14.328125,14.359375,14.3671875,14.34375,14.390625,14.390625,14.421875,14.4140625,14.3984375,14.3046875,14.3359375,14.515625,14.7265625,14.9140625,15.03125,15.0234375
15325,2021-10-21 04:00:00,3468,14.390625,14.4765625,14.5078125,14.515625,14.5,14.5390625,14.5234375,14.53125,14.5078125,14.4296875,14.3046875,14.34375,14.515625,14.71875,14.90625,15.0234375,15.015625
15326,2021-10-21 04:15:00,3462,14.5546875,14.6171875,14.65625,14.6640625,14.640625,14.6875,14.671875,14.6796875,14.6484375,14.4609375,14.3125,14.34375,14.515625,14.7109375,14.90625,15.0234375,15.0
15327,2021-10-21 04:30:00,3462,14.609375,14.625,14.6640625,14.6640625,14.640625,14.6875,14.6875,14.6953125,14.6796875,14.4921875,14.328125,14.34375,14.5234375,14.703125,14.8984375,15.0234375,15.0
15328,2021-10-21 04:45:00,3468,14.65625,14.671875,14.703125,14.7109375,14.6875,14.7265625,14.7265625,14.7421875,14.734375,14.515625,14.3359375,14.3515625,14.515625,14.703125,14.8984375,15.015625,14.9921875
15329,2021-10-21 05:00:00,3468,14.6875,14.703125,14.734375,14.7421875,14.71875,14.7578125,14.765625,14.78125,14.7578125,14.546875,14.34375,14.3515625,14.515625,14.703125,14.890625,15.0,14.9921875
15330,2021-10-21 05:15:00,3462,14.7265625,14.734375,14.765625,14.7734375,14.7421875,14.7890625,14.7890625,14.8046875,14.7890625,14.5625,14.3515625,14.3671875,14.515625,14.703125,14.890625,15.0,14.984375
15331,2021-10-21 05:30:00,3468,14.7421875,14.75,14.7890625,14.7890625,14.7734375,14.8125,14.8046875,14.828125,14.8046875,14.578125,14.359375,14.3671875,14.515625,14.703125,14.8828125,14.984375,14.9765625
15332,2021-10-21 05:45:00,3468,14.7890625,14.7890625,14.828125,14.8359375,14.8125,14.8515625,14.84375,14.8671875,14.8515625,14.59375,14.375,14.375,14.5234375,14.6953125,14.8828125,14.984375,14.9765625
15333,2021-10-21 06:00:00,3468,14.796875,14.7890625,14.8203125,14.828125,14.8046875,14.8515625,14.8359375,14.859375,14.8515625,14.609375,14.3828125,14.3828125,14.5234375,14.6953125,14.8671875,14.984375,14.9609375
15334,2021-10-21 06:15:00,3462,14.8203125,14.8359375,14.8671875,14.875,14.8515625,14.890625,14.8828125,14.8984375,14.8828125,14.6328125,14.390625,14.3828125,14.5234375,14.6953125,14.875,14.9765625,14.953125
15335,2021-10-21 06:30:00,3462,14.8515625,14.84375,14.875,14.8828125,14.859375,14.8984375,14.890625,14.921875,14.90625,14.6484375,14.40625,14.390625,14.5234375,14.6953125,14.859375,14.9765625,14.953125
15336,2021-10-21 06:45:00,3468,14.8671875,14.875,14.90625,14.9140625,14.890625,14.9296875,14.921875,14.9375,14.9140625,14.6640625,14.4140625,14.40625,14.5234375,14.6953125,14.8671875,14.9609375,14.9453125
15337,2021-10-21 07:00:00,3468,14.875,14.8671875,14.8828125,14.8984375,14.875,14.9140625,14.9140625,14.9296875,14.921875,14.671875,14.421875,14.40625,14.5234375,14.6875,14.859375,14.9609375,14.9453125
15338,2021-10-21 07:15:00,3462,14.84375,14.8515625,14.859375,14.875,14.8359375,14.8828125,14.8828125,14.90625,14.9140625,14.6796875,14.4453125,14.40625,14.53125,14.6796875,14.8515625,14.953125,14.9375
15339,2021-10-21 07:30:00,3468,14.8515625,14.8671875,14.8671875,14.890625,14.8515625,14.8828125,14.890625,14.9140625,14.90625,14.6953125,14.453125,14.4140625,14.5234375,14.6875,14.84375,14.9453125,14.9375
15340,2021-10-21 07:45:00,3468,14.859375,14.859375,14.8671875,14.8828125,14.84375,14.8984375,14.890625,14.921875,14.921875,14.703125,14.46875,14.4140625,14.53125,14.671875,14.84375,14.9453125,14.9296875
15341,2021-10-21 08:00:00,3462,14.8515625,14.8359375,14.8515625,14.875,14.828125,14.890625,14.875,14.8984375,14.90625,14.7109375,14.4765625,14.421875,14.53125,14.671875,14.8359375,14.9453125,14.921875
15342,2021-10-21 08:15:00,3468,14.8203125,14.796875,14.8125,14.828125,14.796875,14.84375,14.8359375,14.875,14.8828125,14.71875,14.4921875,14.4375,14.5390625,14.671875,14.8359375,14.9296875,14.921875
15343,2021-10-21 08:30:00,3462,14.8203125,14.78125,14.8046875,14.8203125,14.7890625,14.84375,14.84375,14.875,14.8828125,14.7265625,14.5,14.4375,14.546875,14.671875,14.828125,14.9296875,14.9140625
15344,2021-10-21 08:45:00,3462,14.796875,14.765625,14.796875,14.8046875,14.7734375,14.828125,14.8203125,14.859375,14.8671875,14.7265625,14.5078125,14.4453125,14.546875,14.671875,14.828125,14.921875,14.9140625
15345,2021-10-21 09:00:00,3468,14.796875,14.7734375,14.8046875,14.8046875,14.78125,14.828125,14.828125,14.8671875,14.875,14.7421875,14.515625,14.453125,14.5390625,14.671875,14.828125,14.9140625,14.90625
15346,2021-10-21 09:15:00,3468,14.7890625,14.765625,14.7890625,14.8046875,14.7734375,14.8203125,14.828125,14.859375,14.8671875,14.7421875,14.5234375,14.4609375,14.546875,14.6640625,14.8203125,14.90625,14.90625
15347,2021-10-21 09:30:00,3468,14.78125,14.75,14.78125,14.7890625,14.7578125,14.8046875,14.8125,14.84375,14.859375,14.75,14.53125,14.4609375,14.546875,14.671875,14.8203125,14.90625,14.8984375
15348,2021-10-21 09:45:00,3468,14.7890625,14.7578125,14.7890625,14.7890625,14.765625,14.8125,14.8125,14.84375,14.859375,14.7578125,14.5390625,14.46875,14.546875,14.671875,14.8125,14.8984375,14.890625
15349,2021-10-21 10:00:00,3462,14.8046875,14.7890625,14.8203125,14.8203125,14.796875,14.84375,14.84375,14.875,14.8828125,14.765625,14.546875,14.4765625,14.5546875,14.671875,14.8125,14.8984375,14.890625
15350,2021-10-21 10:15:00,3468,14.8046875,14.796875,14.828125,14.828125,14.8125,14.8515625,14.8515625,14.8828125,14.8828125,14.7734375,14.5625,14.4765625,14.5546875,14.6640625,14.8046875,14.890625,14.890625
15351,2021-10-21 10:30:00,3468,14.8359375,14.828125,14.8671875,14.8671875,14.84375,14.890625,14.890625,14.921875,14.921875,14.78125,14.5625,14.4921875,14.5546875,14.6640625,14.8046875,14.890625,14.8828125
15352,2021-10-21 10:45:00,3468,14.859375,14.84375,14.875,14.875,14.8515625,14.8984375,14.8984375,14.9375,14.9453125,14.7890625,14.5703125,14.4921875,14.5625,14.6640625,14.8046875,14.8828125,14.875
15353,2021-10-21 11:00:00,3462,14.828125,14.78125,14.8125,14.8125,14.78125,14.8359375,14.8359375,14.8828125,14.890625,14.8046875,14.578125,14.5,14.5625,14.65625,14.796875,14.8828125,14.875
15354,2021-10-21 11:15:00,3468,14.828125,14.8046875,14.8359375,14.8359375,14.8125,14.859375,14.859375,14.8984375,14.90625,14.8046875,14.5859375,14.5078125,14.5625,14.65625,14.796875,14.8828125,14.875
15355,2021-10-21 11:30:00,3468,14.84375,14.8203125,14.8515625,14.8515625,14.828125,14.875,14.8828125,14.9140625,14.921875,14.8125,14.59375,14.5078125,14.5625,14.65625,14.7890625,14.875,14.8671875
15356,2021-10-21 11:45:00,3468,14.859375,14.8203125,14.8515625,14.859375,14.8359375,14.890625,14.8828125,14.9140625,14.9140625,14.828125,14.59375,14.5078125,14.5625,14.6484375,14.7890625,14.8671875,14.8671875
15357,2021-10-21 12:00:00,3462,14.8671875,14.8515625,14.890625,14.890625,14.8671875,14.9140625,14.9140625,14.9453125,14.9453125,14.828125,14.609375,14.515625,14.5625,14.640625,14.78125,14.8671875,14.859375
15358,2021-10-21 12:15:00,3468,14.890625,14.875,14.90625,14.90625,14.890625,14.9296875,14.9375,14.96875,14.9609375,14.84375,14.609375,14.5234375,14.5703125,14.640625,14.78125,14.8671875,14.8515625
15359,2021-10-21 12:30:00,3462,14.890625,14.8671875,14.8984375,14.9140625,14.890625,14.9375,14.9375,14.9609375,14.9609375,14.84375,14.625,14.53125,14.5703125,14.6484375,14.78125,14.859375,14.859375
15360,2021-10-21 12:45:00,3462,14.8984375,14.8671875,14.890625,14.8984375,14.8828125,14.9296875,14.9375,14.9765625,14.96875,14.859375,14.6328125,14.53125,14.578125,14.640625,14.78125,14.859375,14.8515625
15361,2021-10-21 13:00:00,3468,14.8984375,14.875,14.90625,14.90625,14.8828125,14.9296875,14.9375,14.9765625,14.984375,14.859375,14.640625,14.5390625,14.578125,14.6484375,14.7734375,14.8515625,14.8515625
15362,2021-10-21 13:15:00,3468,14.890625,14.8671875,14.890625,14.8984375,14.875,14.921875,14.921875,14.9609375,14.96875,14.8671875,14.640625,14.546875,14.578125,14.6484375,14.7734375,14.8515625,14.84375
15363,2021-10-21 13:30:00,3462,14.890625,14.859375,14.8984375,14.8984375,14.8828125,14.9296875,14.9375,14.96875,14.9765625,14.875,14.65625,14.546875,14.578125,14.6484375,14.7734375,14.8515625,14.84375
15364,2021-10-21 13:45:00,3468,14.90625,14.8828125,14.9140625,14.921875,14.8984375,14.9375,14.9453125,14.984375,14.9921875,14.8828125,14.6640625,14.5625,14.5859375,14.6484375,14.7734375,14.84375,14.8359375
15365,2021-10-21 14:00:00,3468,14.921875,14.890625,14.921875,14.921875,14.8984375,14.9453125,14.9453125,14.984375,14.9921875,14.890625,14.671875,14.5546875,14.5859375,14.6484375,14.765625,14.84375,14.8359375
15366,2021-10-21 14:15:00,3462,14.90625,14.875,14.90625,14.9140625,14.890625,14.9375,14.9375,14.984375,14.984375,14.8984375,14.671875,14.5625,14.5859375,14.6484375,14.7734375,14.8359375,14.828125
15367,2021-10-21 14:30:00,3474,14.90625,14.8828125,14.90625,14.90625,14.8828125,14.9375,14.9453125,14.984375,15.0,14.90625,14.6875,14.5625,14.59375,14.6484375,14.765625,14.8359375,14.8359375
15368,2021-10-21 14:45:00,3468,14.8828125,14.8203125,14.859375,14.8515625,14.8359375,14.8828125,14.90625,14.953125,14.9609375,14.9140625,14.6875,14.578125,14.5859375,14.6484375,14.765625,14.8359375,14.8203125
15369,2021-10-21 15:00:00,3474,14.8828125,14.828125,14.859375,14.859375,14.84375,14.890625,14.9140625,14.96875,14.984375,14.921875,14.6953125,14.578125,14.59375,14.6484375,14.7578125,14.828125,14.828125
15370,2021-10-21 15:15:00,3468,14.921875,14.8984375,14.9453125,14.9296875,14.9140625,14.9765625,15.0,15.0390625,15.0390625,14.9296875,14.703125,14.5859375,14.59375,14.65625,14.7578125,14.828125,14.8203125
15371,2021-10-21 15:30:00,3468,14.9921875,14.9375,14.9609375,14.953125,14.9375,15.0078125,15.03125,15.1015625,15.109375,14.953125,14.7109375,14.5859375,14.59375,14.6484375,14.7578125,14.8203125,14.8203125
15372,2021-10-21 15:45:00,3468,15.0859375,15.1015625,15.1484375,15.125,15.1171875,15.1875,15.2265625,15.2578125,15.234375,14.984375,14.7265625,14.5859375,14.6015625,14.6328125,14.75,14.8203125,14.828125
15373,2021-10-21 16:00:00,3474,15.1484375,15.0546875,15.09375,15.0703125,15.0546875,15.125,15.1953125,15.296875,15.328125,15.015625,14.734375,14.6015625,14.6015625,14.640625,14.75,14.8203125,14.8125
15374,2021-10-21 16:15:00,3468,15.09375,14.984375,15.0234375,15.0234375,15.015625,15.109375,15.171875,15.2578125,15.25,15.015625,14.7421875,14.6015625,14.609375,14.640625,14.75,14.8125,14.8125
15375,2021-10-21 16:30:00,3474,15.3125,15.3359375,15.4140625,15.359375,15.3828125,15.5234375,15.609375,15.6484375,15.5390625,15.0390625,14.75,14.6015625,14.609375,14.640625,14.7421875,14.8125,14.8125
15376,2021-10-21 16:45:00,3474,15.453125,15.40625,15.484375,15.4453125,15.5,15.6328125,15.7265625,15.78125,15.7265625,15.078125,14.765625,14.609375,14.6171875,14.6484375,14.7421875,14.8125,14.8125
15377,2021-10-21 17:00:00,3468,15.625,15.53125,15.640625,15.5859375,15.609375,15.75,15.8359375,15.921875,15.8984375,15.109375,14.7734375,14.625,14.6171875,14.640625,14.7421875,14.8125,14.8125
15378,2021-10-21 17:15:00,3474,15.765625,15.6328125,15.703125,15.609375,15.640625,15.7890625,15.8984375,16.007812,16.0,15.1640625,14.78125,14.625,14.6171875,14.6484375,14.734375,14.8046875,14.8046875
15379,2021-10-21 17:30:00,3468,15.9921875,16.0,16.117188,16.0,16.0625,16.257812,16.398438,16.460938,16.328125,15.203125,14.8046875,14.6328125,14.625,14.6484375,14.734375,14.8046875,14.8046875
15380,2021-10-21 17:45:00,3480,16.273438,16.203125,16.34375,16.179688,16.195312,16.367188,16.585938,16.742188,16.703125,15.28125,14.8203125,14.6484375,14.625,14.6484375,14.7421875,14.8046875,14.8046875
15381,2021-10-21 18:00:00,3468,16.640625,16.679688,16.820312,16.65625,16.78125,17.125,17.3125,17.289062,17.0,15.328125,14.828125,14.6484375,14.625,14.6484375,14.7421875,14.8046875,14.8046875
15382,2021-10-21 18:15:00,3474,17.632812,17.851562,17.976562,17.679688,17.796875,18.257812,18.65625,18.8125,18.359375,15.46875,14.8515625,14.65625,14.640625,14.6484375,14.7421875,14.796875,14.796875
15383,2021-10-21 18:30:00,3468,18.710938,18.898438,19.09375,18.695312,18.71875,19.234375,19.625,19.898438,19.554688,15.671875,14.8671875,14.65625,14.6328125,14.65625,14.7421875,14.796875,14.7890625
15384,2021-10-21 17:15:00,3474,15.765625,15.6328125,15.703125,15.609375,15.640625,15.7890625,15.8984375,16.007812,16.0,15.1640625,14.78125,14.625,14.6171875,14.6484375,14.734375,14.8046875,14.8046875
15385,2021-10-21 17:30:00,3468,15.9921875,16.0,16.117188,16.0,16.0625,16.257812,16.398438,16.460938,16.328125,15.203125,14.8046875,14.6328125,14.625,14.6484375,14.734375,14.8046875,14.8046875
15386,2021-10-21 17:45:00,3480,16.273438,16.203125,16.34375,16.179688,16.195312,16.367188,16.585938,16.742188,16.703125,15.28125,14.8203125,14.6484375,14.625,14.6484375,14.7421875,14.8046875,14.8046875
15387,2021-10-21 18:00:00,3468,16.640625,16.679688,16.820312,16.65625,16.78125,17.125,17.3125,17.289062,17.0,15.328125,14.828125,14.6484375,14.625,14.6484375,14.7421875,14.8046875,14.8046875
15388,2021-10-21 18:15:00,3474,17.632812,17.851562,17.976562,17.679688,17.796875,18.257812,18.65625,18.8125,18.359375,15.46875,14.8515625,14.65625,14.640625,14.6484375,14.7421875,14.796875,14.796875
15389,2021-10-21 18:30:00,3468,18.710938,18.898438,19.09375,18.695312,18.71875,19.234375,19.625,19.898438,19.554688,15.671875,14.8671875,14.65625,14.6328125,14.65625,14.7421875,14.796875,14.7890625
15390,2021-10-21 18:45:00,3468,18.96875,18.484375,18.546875,18.4375,18.25,18.921875,19.125,19.398438,19.226562,15.8203125,14.8984375,14.671875,14.640625,14.65625,14.7421875,14.7890625,14.796875
15391,2021-10-21 19:00:00,3480,19.867188,19.726562,19.820312,19.664062,19.640625,20.367188,20.796875,20.898438,20.328125,15.9375,14.921875,14.6796875,14.640625,14.65625,14.734375,14.7890625,14.796875
15392,2021-10-21 19:15:00,3480,19.601562,18.71875,18.820312,18.859375,18.835938,19.328125,19.703125,19.757812,19.492188,16.03125,14.953125,14.6796875,14.6484375,14.65625,14.734375,14.796875,14.7890625
15393,2021-10-21 19:30:00,3480,18.976562,18.078125,18.117188,18.148438,18.085938,18.429688,18.695312,18.71875,18.570312,16.007812,14.9921875,14.6953125,14.6484375,14.65625,14.734375,14.796875,14.7890625
15394,2021-10-21 19:45:00,3468,18.679688,17.929688,17.898438,18.0,17.976562,18.328125,18.632812,18.71875,18.476562,16.0,15.046875,14.6953125,14.65625,14.6640625,14.734375,14.7890625,14.7890625
15395,2021-10-21 20:00:00,3474,18.257812,17.53125,17.46875,17.59375,17.554688,17.835938,18.03125,18.054688,17.898438,15.9921875,15.0859375,14.7109375,14.6640625,14.6640625,14.734375,14.7890625,14.78125
15396,2021-10-21 20:15:00,3468,18.015625,17.398438,17.3125,17.445312,17.398438,17.640625,17.828125,17.867188,17.703125,15.96875,15.1171875,14.71875,14.6640625,14.6640625,14.734375,14.7890625,14.7890625
15397,2021-10-21 20:30:00,3474,17.789062,17.257812,17.210938,17.328125,17.28125,17.453125,17.570312,17.59375,17.484375,15.953125,15.15625,14.734375,14.671875,14.6640625,14.734375,14.7890625,14.78125
15398,2021-10-21 20:45:00,3480,17.757812,17.351562,17.304688,17.398438,17.398438,17.609375,17.75,17.726562,17.492188,15.9453125,15.1875,14.75,14.671875,14.6640625,14.7265625,14.78125,14.7890625
15399,2021-10-21 21:00:00,3474,17.734375,17.3125,17.296875,17.359375,17.359375,17.539062,17.703125,17.765625,17.59375,15.953125,15.21875,14.7734375,14.6796875,14.6640625,14.734375,14.78125,14.78125
15400,2021-10-21 21:15:00,3480,17.664062,17.117188,17.0625,17.179688,17.171875,17.398438,17.671875,17.789062,17.585938,15.96875,15.2421875,14.78125,14.6796875,14.6640625,14.7265625,14.7734375,14.78125
15401,2021-10-21 21:30:00,3480,17.359375,16.804688,16.757812,16.84375,16.828125,17.0,17.1875,17.296875,17.195312,15.9609375,15.265625,14.796875,14.6875,14.6640625,14.734375,14.78125,14.78125
15402,2021-10-21 21:45:00,3480,17.203125,16.8125,16.851562,16.890625,16.890625,17.03125,17.171875,17.210938,17.078125,15.9453125,15.2890625,14.8125,14.6953125,14.6640625,14.734375,14.7734375,14.78125
15403,2021-10-21 22:00:00,3480,17.085938,16.757812,16.84375,16.828125,16.851562,17.0,17.164062,17.273438,17.140625,15.953125,15.3125,14.828125,14.703125,14.6796875,14.7265625,14.7734375,14.78125
15404,2021-10-21 22:15:00,3474,16.84375,16.515625,16.601562,16.59375,16.625,16.765625,16.914062,17.023438,16.953125,15.953125,15.328125,14.84375,14.7109375,14.6796875,14.734375,14.78125,14.7734375
15405,2021-10-21 22:30:00,3480,16.742188,16.515625,16.578125,16.570312,16.601562,16.703125,16.820312,16.929688,16.875,15.953125,15.34375,14.859375,14.71875,14.6796875,14.7265625,14.7734375,14.78125
15406,2021-10-21 22:45:00,3480,16.609375,16.382812,16.421875,16.421875,16.429688,16.53125,16.640625,16.765625,16.71875,15.953125,15.3671875,14.875,14.71875,14.6796875,14.734375,14.7734375,14.78125
15407,2021-10-21 23:00:00,3480,16.523438,16.304688,16.375,16.367188,16.382812,16.507812,16.601562,16.679688,16.625,15.9375,15.375,14.890625,14.7265625,14.6796875,14.734375,14.78125,14.7734375
15408,2021-10-21 23:15:00,3468,16.53125,16.4375,16.492188,16.46875,16.515625,16.648438,16.765625,16.8125,16.6875,15.9375,15.3984375,14.90625,14.734375,14.6875,14.7265625,14.7734375,14.7734375
15409,2021-10-21 23:30:00,3480,16.609375,16.492188,16.554688,16.515625,16.546875,16.703125,16.820312,16.882812,16.78125,15.9609375,15.40625,14.921875,14.7421875,14.6875,14.734375,14.7734375,14.78125
15410,2021-10-21 23:45:00,3480,16.789062,16.625,16.695312,16.640625,16.6875,16.851562,16.96875,17.085938,16.984375,15.9921875,15.421875,14.9296875,14.75,14.6875,14.7265625,14.7734375,14.7734375
